ID,Prompt,PhraseA,PhraseB,Test 2
5,"Task: decide if Proposition B contradicts Assumption A.

Steps:
1. A defends a claim (strip ""no_evident_not_"" / ""have_evident_"" to see it).
2. B states a fact.
3. Does B disprove A's claim? Same specific issue only, not just same topic.

Output pattern (always use this exact shape):
A: <phrase>
B: <phrase>
Answer: Yes/No

Examples:

A: no_evident_not_easy_check-in
B: customer_wait_10_minute_for_greet
Answer: Yes

A: no_evident_not_easy_check-in
B: no_one_give_key_on_late_check-in
Answer: No

A: no_evident_not_great_quality
B: shampoo_seem_cheap_considering_hotel_cost
Answer: Yes

A: no_evident_not_great_quality
B: expensive_hotel
Answer: No

Now answer for this pair. Output ONLY the final line ""Answer: Yes"" or ""Answer: No"" — no other text.

A: no_evident_not_helpful_staff
B: staff_need_improve_collaboration
Answer:
",no_evident_not_helpful_staff,staff_need_improve_collaboration,Yes
18,"Task: decide if Proposition B contradicts Assumption A.

Steps:
1. A defends a claim (strip ""no_evident_not_"" / ""have_evident_"" to see it).
2. B states a fact.
3. Does B disprove A's claim? Same specific issue only, not just same topic.

Output pattern (always use this exact shape):
A: <phrase>
B: <phrase>
Answer: Yes/No

Examples:

A: no_evident_not_easy_check-in
B: customer_wait_10_minute_for_greet
Answer: Yes

A: no_evident_not_easy_check-in
B: no_one_give_key_on_late_check-in
Answer: No

A: no_evident_not_great_quality
B: shampoo_seem_cheap_considering_hotel_cost
Answer: Yes

A: no_evident_not_great_quality
B: expensive_hotel
Answer: No

Now answer for this pair. Output ONLY the final line ""Answer: Yes"" or ""Answer: No"" — no other text.

A: no_evident_not_helpful_staff
B: staff_has_unaceptable_manner
Answer:
",no_evident_not_helpful_staff,staff_has_unaceptable_manner,Yes
27,"Task: decide if Proposition B contradicts Assumption A.

Steps:
1. A defends a claim (strip ""no_evident_not_"" / ""have_evident_"" to see it).
2. B states a fact.
3. Does B disprove A's claim? Same specific issue only, not just same topic.

Output pattern (always use this exact shape):
A: <phrase>
B: <phrase>
Answer: Yes/No

Examples:

A: no_evident_not_easy_check-in
B: customer_wait_10_minute_for_greet
Answer: Yes

A: no_evident_not_easy_check-in
B: no_one_give_key_on_late_check-in
Answer: No

A: no_evident_not_great_quality
B: shampoo_seem_cheap_considering_hotel_cost
Answer: Yes

A: no_evident_not_great_quality
B: expensive_hotel
Answer: No

Now answer for this pair. Output ONLY the final line ""Answer: Yes"" or ""Answer: No"" — no other text.

A: no_evident_not_easy_to_communicate_with
B: staff_need_improve_organization
Answer:
",no_evident_not_easy_to_communicate_with,staff_need_improve_organization,Yes
30,"Task: decide if Proposition B contradicts Assumption A.

Steps:
1. A defends a claim (strip ""no_evident_not_"" / ""have_evident_"" to see it).
2. B states a fact.
3. Does B disprove A's claim? Same specific issue only, not just same topic.

Output pattern (always use this exact shape):
A: <phrase>
B: <phrase>
Answer: Yes/No

Examples:

A: no_evident_not_easy_check-in
B: customer_wait_10_minute_for_greet
Answer: Yes

A: no_evident_not_easy_check-in
B: no_one_give_key_on_late_check-in
Answer: No

A: no_evident_not_great_quality
B: shampoo_seem_cheap_considering_hotel_cost
Answer: Yes

A: no_evident_not_great_quality
B: expensive_hotel
Answer: No

Now answer for this pair. Output ONLY the final line ""Answer: Yes"" or ""Answer: No"" — no other text.

A: no_evident_not_easy_to_communicate_with
B: not_kind_staff
Answer:
",no_evident_not_easy_to_communicate_with,not_kind_staff,Yes
54,"Task: decide if Proposition B contradicts Assumption A.

Steps:
1. A defends a claim (strip ""no_evident_not_"" / ""have_evident_"" to see it).
2. B states a fact.
3. Does B disprove A's claim? Same specific issue only, not just same topic.

Output pattern (always use this exact shape):
A: <phrase>
B: <phrase>
Answer: Yes/No

Examples:

A: no_evident_not_easy_check-in
B: customer_wait_10_minute_for_greet
Answer: Yes

A: no_evident_not_easy_check-in
B: no_one_give_key_on_late_check-in
Answer: No

A: no_evident_not_great_quality
B: shampoo_seem_cheap_considering_hotel_cost
Answer: Yes

A: no_evident_not_great_quality
B: expensive_hotel
Answer: No

Now answer for this pair. Output ONLY the final line ""Answer: Yes"" or ""Answer: No"" — no other text.

A: no_evident_not_nice_staff
B: no_empathy_staff
Answer:
",no_evident_not_nice_staff,no_empathy_staff,Yes
59,"Task: decide if Proposition B contradicts Assumption A.

Steps:
1. A defends a claim (strip ""no_evident_not_"" / ""have_evident_"" to see it).
2. B states a fact.
3. Does B disprove A's claim? Same specific issue only, not just same topic.

Output pattern (always use this exact shape):
A: <phrase>
B: <phrase>
Answer: Yes/No

Examples:

A: no_evident_not_easy_check-in
B: customer_wait_10_minute_for_greet
Answer: Yes

A: no_evident_not_easy_check-in
B: no_one_give_key_on_late_check-in
Answer: No

A: no_evident_not_great_quality
B: shampoo_seem_cheap_considering_hotel_cost
Answer: Yes

A: no_evident_not_great_quality
B: expensive_hotel
Answer: No

Now answer for this pair. Output ONLY the final line ""Answer: Yes"" or ""Answer: No"" — no other text.

A: no_evident_not_nice_staff
B: staff_not_justify_booking_issue
Answer:
",no_evident_not_nice_staff,staff_not_justify_booking_issue,Yes
65,"Task: decide if Proposition B contradicts Assumption A.

Steps:
1. A defends a claim (strip ""no_evident_not_"" / ""have_evident_"" to see it).
2. B states a fact.
3. Does B disprove A's claim? Same specific issue only, not just same topic.

Output pattern (always use this exact shape):
A: <phrase>
B: <phrase>
Answer: Yes/No

Examples:

A: no_evident_not_easy_check-in
B: customer_wait_10_minute_for_greet
Answer: Yes

A: no_evident_not_easy_check-in
B: no_one_give_key_on_late_check-in
Answer: No

A: no_evident_not_great_quality
B: shampoo_seem_cheap_considering_hotel_cost
Answer: Yes

A: no_evident_not_great_quality
B: expensive_hotel
Answer: No

Now answer for this pair. Output ONLY the final line ""Answer: Yes"" or ""Answer: No"" — no other text.

A: no_evident_not_nice_staff
B: staff_not_speak_Cypriot_language
Answer:
",no_evident_not_nice_staff,staff_not_speak_Cypriot_language,Yes
77,"Task: decide if Proposition B contradicts Assumption A.

Steps:
1. A defends a claim (strip ""no_evident_not_"" / ""have_evident_"" to see it).
2. B states a fact.
3. Does B disprove A's claim? Same specific issue only, not just same topic.

Output pattern (always use this exact shape):
A: <phrase>
B: <phrase>
Answer: Yes/No

Examples:

A: no_evident_not_easy_check-in
B: customer_wait_10_minute_for_greet
Answer: Yes

A: no_evident_not_easy_check-in
B: no_one_give_key_on_late_check-in
Answer: No

A: no_evident_not_great_quality
B: shampoo_seem_cheap_considering_hotel_cost
Answer: Yes

A: no_evident_not_great_quality
B: expensive_hotel
Answer: No

Now answer for this pair. Output ONLY the final line ""Answer: Yes"" or ""Answer: No"" — no other text.

A: no_evident_not_great_staff
B: no_empathy_staff
Answer:
",no_evident_not_great_staff,no_empathy_staff,Yes
80,"Task: decide if Proposition B contradicts Assumption A.

Steps:
1. A defends a claim (strip ""no_evident_not_"" / ""have_evident_"" to see it).
2. B states a fact.
3. Does B disprove A's claim? Same specific issue only, not just same topic.

Output pattern (always use this exact shape):
A: <phrase>
B: <phrase>
Answer: Yes/No

Examples:

A: no_evident_not_easy_check-in
B: customer_wait_10_minute_for_greet
Answer: Yes

A: no_evident_not_easy_check-in
B: no_one_give_key_on_late_check-in
Answer: No

A: no_evident_not_great_quality
B: shampoo_seem_cheap_considering_hotel_cost
Answer: Yes

A: no_evident_not_great_quality
B: expensive_hotel
Answer: No

Now answer for this pair. Output ONLY the final line ""Answer: Yes"" or ""Answer: No"" — no other text.

A: no_evident_not_great_staff
B: staff_cannot_provide_double_bed
Answer:
",no_evident_not_great_staff,staff_cannot_provide_double_bed,Yes
95,"Task: decide if Proposition B contradicts Assumption A.

Steps:
1. A defends a claim (strip ""no_evident_not_"" / ""have_evident_"" to see it).
2. B states a fact.
3. Does B disprove A's claim? Same specific issue only, not just same topic.

Output pattern (always use this exact shape):
A: <phrase>
B: <phrase>
Answer: Yes/No

Examples:

A: no_evident_not_easy_check-in
B: customer_wait_10_minute_for_greet
Answer: Yes

A: no_evident_not_easy_check-in
B: no_one_give_key_on_late_check-in
Answer: No

A: no_evident_not_great_quality
B: shampoo_seem_cheap_considering_hotel_cost
Answer: Yes

A: no_evident_not_great_quality
B: expensive_hotel
Answer: No

Now answer for this pair. Output ONLY the final line ""Answer: Yes"" or ""Answer: No"" — no other text.

A: no_evident_not_lovely_staff
B: staff_should_learn_better_English
Answer:
",no_evident_not_lovely_staff,staff_should_learn_better_English,Yes
121,"Task: decide if Proposition B contradicts Assumption A.

Steps:
1. A defends a claim (strip ""no_evident_not_"" / ""have_evident_"" to see it).
2. B states a fact.
3. Does B disprove A's claim? Same specific issue only, not just same topic.

Output pattern (always use this exact shape):
A: <phrase>
B: <phrase>
Answer: Yes/No

Examples:

A: no_evident_not_easy_check-in
B: customer_wait_10_minute_for_greet
Answer: Yes

A: no_evident_not_easy_check-in
B: no_one_give_key_on_late_check-in
Answer: No

A: no_evident_not_great_quality
B: shampoo_seem_cheap_considering_hotel_cost
Answer: Yes

A: no_evident_not_great_quality
B: expensive_hotel
Answer: No

Now answer for this pair. Output ONLY the final line ""Answer: Yes"" or ""Answer: No"" — no other text.

A: no_evident_not_staff_show_how_nearby_bus_take_to_town_center
B: staff_need_keep_update
Answer:
",no_evident_not_staff_show_how_nearby_bus_take_to_town_center,staff_need_keep_update,Yes
160,"Task: decide if Proposition B contradicts Assumption A.

Steps:
1. A defends a claim (strip ""no_evident_not_"" / ""have_evident_"" to see it).
2. B states a fact.
3. Does B disprove A's claim? Same specific issue only, not just same topic.

Output pattern (always use this exact shape):
A: <phrase>
B: <phrase>
Answer: Yes/No

Examples:

A: no_evident_not_easy_check-in
B: customer_wait_10_minute_for_greet
Answer: Yes

A: no_evident_not_easy_check-in
B: no_one_give_key_on_late_check-in
Answer: No

A: no_evident_not_great_quality
B: shampoo_seem_cheap_considering_hotel_cost
Answer: Yes

A: no_evident_not_great_quality
B: expensive_hotel
Answer: No

Now answer for this pair. Output ONLY the final line ""Answer: Yes"" or ""Answer: No"" — no other text.

A: no_evident_not_staff_show_how_nearby_bus_take_to_airport
B: staff_cannot_give_bus_to_airport_information
Answer:
",no_evident_not_staff_show_how_nearby_bus_take_to_airport,staff_cannot_give_bus_to_airport_information,Yes
173,"Task: decide if Proposition B contradicts Assumption A.

Steps:
1. A defends a claim (strip ""no_evident_not_"" / ""have_evident_"" to see it).
2. B states a fact.
3. Does B disprove A's claim? Same specific issue only, not just same topic.

Output pattern (always use this exact shape):
A: <phrase>
B: <phrase>
Answer: Yes/No

Examples:

A: no_evident_not_easy_check-in
B: customer_wait_10_minute_for_greet
Answer: Yes

A: no_evident_not_easy_check-in
B: no_one_give_key_on_late_check-in
Answer: No

A: no_evident_not_great_quality
B: shampoo_seem_cheap_considering_hotel_cost
Answer: Yes

A: no_evident_not_great_quality
B: expensive_hotel
Answer: No

Now answer for this pair. Output ONLY the final line ""Answer: Yes"" or ""Answer: No"" — no other text.

A: no_evident_not_amazing_staff
B: offended_staff
Answer:
",no_evident_not_amazing_staff,offended_staff,Yes
204,"Task: decide if Proposition B contradicts Assumption A.

Steps:
1. A defends a claim (strip ""no_evident_not_"" / ""have_evident_"" to see it).
2. B states a fact.
3. Does B disprove A's claim? Same specific issue only, not just same topic.

Output pattern (always use this exact shape):
A: <phrase>
B: <phrase>
Answer: Yes/No

Examples:

A: no_evident_not_easy_check-in
B: customer_wait_10_minute_for_greet
Answer: Yes

A: no_evident_not_easy_check-in
B: no_one_give_key_on_late_check-in
Answer: No

A: no_evident_not_great_quality
B: shampoo_seem_cheap_considering_hotel_cost
Answer: Yes

A: no_evident_not_great_quality
B: expensive_hotel
Answer: No

Now answer for this pair. Output ONLY the final line ""Answer: Yes"" or ""Answer: No"" — no other text.

A: no_evident_not_beyond_expectation
B: no_staff_at_night
Answer:
",no_evident_not_beyond_expectation,no_staff_at_night,Yes
205,"Task: decide if Proposition B contradicts Assumption A.

Steps:
1. A defends a claim (strip ""no_evident_not_"" / ""have_evident_"" to see it).
2. B states a fact.
3. Does B disprove A's claim? Same specific issue only, not just same topic.

Output pattern (always use this exact shape):
A: <phrase>
B: <phrase>
Answer: Yes/No

Examples:

A: no_evident_not_easy_check-in
B: customer_wait_10_minute_for_greet
Answer: Yes

A: no_evident_not_easy_check-in
B: no_one_give_key_on_late_check-in
Answer: No

A: no_evident_not_great_quality
B: shampoo_seem_cheap_considering_hotel_cost
Answer: Yes

A: no_evident_not_great_quality
B: expensive_hotel
Answer: No

Now answer for this pair. Output ONLY the final line ""Answer: Yes"" or ""Answer: No"" — no other text.

A: no_evident_not_beyond_expectation
B: staff_not_understand_English_well
Answer:
",no_evident_not_beyond_expectation,staff_not_understand_English_well,Yes
218,"Task: decide if Proposition B contradicts Assumption A.

Steps:
1. A defends a claim (strip ""no_evident_not_"" / ""have_evident_"" to see it).
2. B states a fact.
3. Does B disprove A's claim? Same specific issue only, not just same topic.

Output pattern (always use this exact shape):
A: <phrase>
B: <phrase>
Answer: Yes/No

Examples:

A: no_evident_not_easy_check-in
B: customer_wait_10_minute_for_greet
Answer: Yes

A: no_evident_not_easy_check-in
B: no_one_give_key_on_late_check-in
Answer: No

A: no_evident_not_great_quality
B: shampoo_seem_cheap_considering_hotel_cost
Answer: Yes

A: no_evident_not_great_quality
B: expensive_hotel
Answer: No

Now answer for this pair. Output ONLY the final line ""Answer: Yes"" or ""Answer: No"" — no other text.

A: no_evident_not_staff_take_time_to_explain
B: staff_cannot_provide_double_bed
Answer:
",no_evident_not_staff_take_time_to_explain,staff_cannot_provide_double_bed,Yes
245,"Task: decide if Proposition B contradicts Assumption A.

Steps:
1. A defends a claim (strip ""no_evident_not_"" / ""have_evident_"" to see it).
2. B states a fact.
3. Does B disprove A's claim? Same specific issue only, not just same topic.

Output pattern (always use this exact shape):
A: <phrase>
B: <phrase>
Answer: Yes/No

Examples:

A: no_evident_not_easy_check-in
B: customer_wait_10_minute_for_greet
Answer: Yes

A: no_evident_not_easy_check-in
B: no_one_give_key_on_late_check-in
Answer: No

A: no_evident_not_great_quality
B: shampoo_seem_cheap_considering_hotel_cost
Answer: Yes

A: no_evident_not_great_quality
B: expensive_hotel
Answer: No

Now answer for this pair. Output ONLY the final line ""Answer: Yes"" or ""Answer: No"" — no other text.

A: no_evident_not_friendliest_staff
B: staff_enforce_cancellation_charge
Answer:
",no_evident_not_friendliest_staff,staff_enforce_cancellation_charge,Yes
258,"Task: decide if Proposition B contradicts Assumption A.

Steps:
1. A defends a claim (strip ""no_evident_not_"" / ""have_evident_"" to see it).
2. B states a fact.
3. Does B disprove A's claim? Same specific issue only, not just same topic.

Output pattern (always use this exact shape):
A: <phrase>
B: <phrase>
Answer: Yes/No

Examples:

A: no_evident_not_easy_check-in
B: customer_wait_10_minute_for_greet
Answer: Yes

A: no_evident_not_easy_check-in
B: no_one_give_key_on_late_check-in
Answer: No

A: no_evident_not_great_quality
B: shampoo_seem_cheap_considering_hotel_cost
Answer: Yes

A: no_evident_not_great_quality
B: expensive_hotel
Answer: No

Now answer for this pair. Output ONLY the final line ""Answer: Yes"" or ""Answer: No"" — no other text.

A: no_evident_not_friendly_staff
B: staff_need_improve_collaboration
Answer:
",no_evident_not_friendly_staff,staff_need_improve_collaboration,No
261,"Task: decide if Proposition B contradicts Assumption A.

Steps:
1. A defends a claim (strip ""no_evident_not_"" / ""have_evident_"" to see it).
2. B states a fact.
3. Does B disprove A's claim? Same specific issue only, not just same topic.

Output pattern (always use this exact shape):
A: <phrase>
B: <phrase>
Answer: Yes/No

Examples:

A: no_evident_not_easy_check-in
B: customer_wait_10_minute_for_greet
Answer: Yes

A: no_evident_not_easy_check-in
B: no_one_give_key_on_late_check-in
Answer: No

A: no_evident_not_great_quality
B: shampoo_seem_cheap_considering_hotel_cost
Answer: Yes

A: no_evident_not_great_quality
B: expensive_hotel
Answer: No

Now answer for this pair. Output ONLY the final line ""Answer: Yes"" or ""Answer: No"" — no other text.

A: no_evident_not_friendly_staff
B: no_empathy_staff
Answer:
",no_evident_not_friendly_staff,no_empathy_staff,Yes
263,"Task: decide if Proposition B contradicts Assumption A.

Steps:
1. A defends a claim (strip ""no_evident_not_"" / ""have_evident_"" to see it).
2. B states a fact.
3. Does B disprove A's claim? Same specific issue only, not just same topic.

Output pattern (always use this exact shape):
A: <phrase>
B: <phrase>
Answer: Yes/No

Examples:

A: no_evident_not_easy_check-in
B: customer_wait_10_minute_for_greet
Answer: Yes

A: no_evident_not_easy_check-in
B: no_one_give_key_on_late_check-in
Answer: No

A: no_evident_not_great_quality
B: shampoo_seem_cheap_considering_hotel_cost
Answer: Yes

A: no_evident_not_great_quality
B: expensive_hotel
Answer: No

Now answer for this pair. Output ONLY the final line ""Answer: Yes"" or ""Answer: No"" — no other text.

A: no_evident_not_friendly_staff
B: staff_fail_to_guest_request
Answer:
",no_evident_not_friendly_staff,staff_fail_to_guest_request,Yes
296,"Task: decide if Proposition B contradicts Assumption A.

Steps:
1. A defends a claim (strip ""no_evident_not_"" / ""have_evident_"" to see it).
2. B states a fact.
3. Does B disprove A's claim? Same specific issue only, not just same topic.

Output pattern (always use this exact shape):
A: <phrase>
B: <phrase>
Answer: Yes/No

Examples:

A: no_evident_not_easy_check-in
B: customer_wait_10_minute_for_greet
Answer: Yes

A: no_evident_not_easy_check-in
B: no_one_give_key_on_late_check-in
Answer: No

A: no_evident_not_great_quality
B: shampoo_seem_cheap_considering_hotel_cost
Answer: Yes

A: no_evident_not_great_quality
B: expensive_hotel
Answer: No

Now answer for this pair. Output ONLY the final line ""Answer: Yes"" or ""Answer: No"" — no other text.

A: no_evident_not_nice_to_talk_to
B: no_staff_at_night
Answer:
",no_evident_not_nice_to_talk_to,no_staff_at_night,Yes
318,"Task: decide if Proposition B contradicts Assumption A.

Steps:
1. A defends a claim (strip ""no_evident_not_"" / ""have_evident_"" to see it).
2. B states a fact.
3. Does B disprove A's claim? Same specific issue only, not just same topic.

Output pattern (always use this exact shape):
A: <phrase>
B: <phrase>
Answer: Yes/No

Examples:

A: no_evident_not_easy_check-in
B: customer_wait_10_minute_for_greet
Answer: Yes

A: no_evident_not_easy_check-in
B: no_one_give_key_on_late_check-in
Answer: No

A: no_evident_not_great_quality
B: shampoo_seem_cheap_considering_hotel_cost
Answer: Yes

A: no_evident_not_great_quality
B: expensive_hotel
Answer: No

Now answer for this pair. Output ONLY the final line ""Answer: Yes"" or ""Answer: No"" — no other text.

A: no_evident_not_exceptional_staff
B: staff_not_speak_Cypriot_language
Answer:
",no_evident_not_exceptional_staff,staff_not_speak_Cypriot_language,Yes
326,"Task: decide if Proposition B contradicts Assumption A.

Steps:
1. A defends a claim (strip ""no_evident_not_"" / ""have_evident_"" to see it).
2. B states a fact.
3. Does B disprove A's claim? Same specific issue only, not just same topic.

Output pattern (always use this exact shape):
A: <phrase>
B: <phrase>
Answer: Yes/No

Examples:

A: no_evident_not_easy_check-in
B: customer_wait_10_minute_for_greet
Answer: Yes

A: no_evident_not_easy_check-in
B: no_one_give_key_on_late_check-in
Answer: No

A: no_evident_not_great_quality
B: shampoo_seem_cheap_considering_hotel_cost
Answer: Yes

A: no_evident_not_great_quality
B: expensive_hotel
Answer: No

Now answer for this pair. Output ONLY the final line ""Answer: Yes"" or ""Answer: No"" — no other text.

A: no_evident_not_staff_go_out_of_their_way_for_us
B: staff_need_improve_organization
Answer:
",no_evident_not_staff_go_out_of_their_way_for_us,staff_need_improve_organization,Yes
327,"Task: decide if Proposition B contradicts Assumption A.

Steps:
1. A defends a claim (strip ""no_evident_not_"" / ""have_evident_"" to see it).
2. B states a fact.
3. Does B disprove A's claim? Same specific issue only, not just same topic.

Output pattern (always use this exact shape):
A: <phrase>
B: <phrase>
Answer: Yes/No

Examples:

A: no_evident_not_easy_check-in
B: customer_wait_10_minute_for_greet
Answer: Yes

A: no_evident_not_easy_check-in
B: no_one_give_key_on_late_check-in
Answer: No

A: no_evident_not_great_quality
B: shampoo_seem_cheap_considering_hotel_cost
Answer: Yes

A: no_evident_not_great_quality
B: expensive_hotel
Answer: No

Now answer for this pair. Output ONLY the final line ""Answer: Yes"" or ""Answer: No"" — no other text.

A: no_evident_not_staff_go_out_of_their_way_for_us
B: staff_need_improve_collaboration
Answer:
",no_evident_not_staff_go_out_of_their_way_for_us,staff_need_improve_collaboration,Yes
343,"Task: decide if Proposition B contradicts Assumption A.

Steps:
1. A defends a claim (strip ""no_evident_not_"" / ""have_evident_"" to see it).
2. B states a fact.
3. Does B disprove A's claim? Same specific issue only, not just same topic.

Output pattern (always use this exact shape):
A: <phrase>
B: <phrase>
Answer: Yes/No

Examples:

A: no_evident_not_easy_check-in
B: customer_wait_10_minute_for_greet
Answer: Yes

A: no_evident_not_easy_check-in
B: no_one_give_key_on_late_check-in
Answer: No

A: no_evident_not_great_quality
B: shampoo_seem_cheap_considering_hotel_cost
Answer: Yes

A: no_evident_not_great_quality
B: expensive_hotel
Answer: No

Now answer for this pair. Output ONLY the final line ""Answer: Yes"" or ""Answer: No"" — no other text.

A: no_evident_not_staff_go_out_of_their_way_for_us
B: staff_not_understand_English_well
Answer:
",no_evident_not_staff_go_out_of_their_way_for_us,staff_not_understand_English_well,Yes
356,"Task: decide if Proposition B contradicts Assumption A.

Steps:
1. A defends a claim (strip ""no_evident_not_"" / ""have_evident_"" to see it).
2. B states a fact.
3. Does B disprove A's claim? Same specific issue only, not just same topic.

Output pattern (always use this exact shape):
A: <phrase>
B: <phrase>
Answer: Yes/No

Examples:

A: no_evident_not_easy_check-in
B: customer_wait_10_minute_for_greet
Answer: Yes

A: no_evident_not_easy_check-in
B: no_one_give_key_on_late_check-in
Answer: No

A: no_evident_not_great_quality
B: shampoo_seem_cheap_considering_hotel_cost
Answer: Yes

A: no_evident_not_great_quality
B: expensive_hotel
Answer: No

Now answer for this pair. Output ONLY the final line ""Answer: Yes"" or ""Answer: No"" — no other text.

A: no_evident_not_welcoming_staff
B: staff_cannot_provide_double_bed
Answer:
",no_evident_not_welcoming_staff,staff_cannot_provide_double_bed,Yes
362,"Task: decide if Proposition B contradicts Assumption A.

Steps:
1. A defends a claim (strip ""no_evident_not_"" / ""have_evident_"" to see it).
2. B states a fact.
3. Does B disprove A's claim? Same specific issue only, not just same topic.

Output pattern (always use this exact shape):
A: <phrase>
B: <phrase>
Answer: Yes/No

Examples:

A: no_evident_not_easy_check-in
B: customer_wait_10_minute_for_greet
Answer: Yes

A: no_evident_not_easy_check-in
B: no_one_give_key_on_late_check-in
Answer: No

A: no_evident_not_great_quality
B: shampoo_seem_cheap_considering_hotel_cost
Answer: Yes

A: no_evident_not_great_quality
B: expensive_hotel
Answer: No

Now answer for this pair. Output ONLY the final line ""Answer: Yes"" or ""Answer: No"" — no other text.

A: no_evident_not_welcoming_staff
B: staff_not_provide_good_solution
Answer:
",no_evident_not_welcoming_staff,staff_not_provide_good_solution,Yes
376,"Task: decide if Proposition B contradicts Assumption A.

Steps:
1. A defends a claim (strip ""no_evident_not_"" / ""have_evident_"" to see it).
2. B states a fact.
3. Does B disprove A's claim? Same specific issue only, not just same topic.

Output pattern (always use this exact shape):
A: <phrase>
B: <phrase>
Answer: Yes/No

Examples:

A: no_evident_not_easy_check-in
B: customer_wait_10_minute_for_greet
Answer: Yes

A: no_evident_not_easy_check-in
B: no_one_give_key_on_late_check-in
Answer: No

A: no_evident_not_great_quality
B: shampoo_seem_cheap_considering_hotel_cost
Answer: Yes

A: no_evident_not_great_quality
B: expensive_hotel
Answer: No

Now answer for this pair. Output ONLY the final line ""Answer: Yes"" or ""Answer: No"" — no other text.

A: no_evident_not_staff_make_like_staying_with_family
B: no_empathy_staff
Answer:
",no_evident_not_staff_make_like_staying_with_family,no_empathy_staff,Yes
386,"Task: decide if Proposition B contradicts Assumption A.

Steps:
1. A defends a claim (strip ""no_evident_not_"" / ""have_evident_"" to see it).
2. B states a fact.
3. Does B disprove A's claim? Same specific issue only, not just same topic.

Output pattern (always use this exact shape):
A: <phrase>
B: <phrase>
Answer: Yes/No

Examples:

A: no_evident_not_easy_check-in
B: customer_wait_10_minute_for_greet
Answer: Yes

A: no_evident_not_easy_check-in
B: no_one_give_key_on_late_check-in
Answer: No

A: no_evident_not_great_quality
B: shampoo_seem_cheap_considering_hotel_cost
Answer: Yes

A: no_evident_not_great_quality
B: expensive_hotel
Answer: No

Now answer for this pair. Output ONLY the final line ""Answer: Yes"" or ""Answer: No"" — no other text.

A: no_evident_not_staff_make_like_staying_with_family
B: staff_has_unaceptable_manner
Answer:
",no_evident_not_staff_make_like_staying_with_family,staff_has_unaceptable_manner,Yes
411,"Task: decide if Proposition B contradicts Assumption A.

Steps:
1. A defends a claim (strip ""no_evident_not_"" / ""have_evident_"" to see it).
2. B states a fact.
3. Does B disprove A's claim? Same specific issue only, not just same topic.

Output pattern (always use this exact shape):
A: <phrase>
B: <phrase>
Answer: Yes/No

Examples:

A: no_evident_not_easy_check-in
B: customer_wait_10_minute_for_greet
Answer: Yes

A: no_evident_not_easy_check-in
B: no_one_give_key_on_late_check-in
Answer: No

A: no_evident_not_great_quality
B: shampoo_seem_cheap_considering_hotel_cost
Answer: Yes

A: no_evident_not_great_quality
B: expensive_hotel
Answer: No

Now answer for this pair. Output ONLY the final line ""Answer: Yes"" or ""Answer: No"" — no other text.

A: no_evident_not_staff_make_it
B: no_staff_at_night
Answer:
",no_evident_not_staff_make_it,no_staff_at_night,Yes
415,"Task: decide if Proposition B contradicts Assumption A.

Steps:
1. A defends a claim (strip ""no_evident_not_"" / ""have_evident_"" to see it).
2. B states a fact.
3. Does B disprove A's claim? Same specific issue only, not just same topic.

Output pattern (always use this exact shape):
A: <phrase>
B: <phrase>
Answer: Yes/No

Examples:

A: no_evident_not_easy_check-in
B: customer_wait_10_minute_for_greet
Answer: Yes

A: no_evident_not_easy_check-in
B: no_one_give_key_on_late_check-in
Answer: No

A: no_evident_not_great_quality
B: shampoo_seem_cheap_considering_hotel_cost
Answer: Yes

A: no_evident_not_great_quality
B: expensive_hotel
Answer: No

Now answer for this pair. Output ONLY the final line ""Answer: Yes"" or ""Answer: No"" — no other text.

A: no_evident_not_supportive_staff
B: staff_not_speak_English_properly
Answer:
",no_evident_not_supportive_staff,staff_not_speak_English_properly,Yes
417,"Task: decide if Proposition B contradicts Assumption A.

Steps:
1. A defends a claim (strip ""no_evident_not_"" / ""have_evident_"" to see it).
2. B states a fact.
3. Does B disprove A's claim? Same specific issue only, not just same topic.

Output pattern (always use this exact shape):
A: <phrase>
B: <phrase>
Answer: Yes/No

Examples:

A: no_evident_not_easy_check-in
B: customer_wait_10_minute_for_greet
Answer: Yes

A: no_evident_not_easy_check-in
B: no_one_give_key_on_late_check-in
Answer: No

A: no_evident_not_great_quality
B: shampoo_seem_cheap_considering_hotel_cost
Answer: Yes

A: no_evident_not_great_quality
B: expensive_hotel
Answer: No

Now answer for this pair. Output ONLY the final line ""Answer: Yes"" or ""Answer: No"" — no other text.

A: no_evident_not_supportive_staff
B: staff_should_learn_better_English
Answer:
",no_evident_not_supportive_staff,staff_should_learn_better_English,Yes
444,"Task: decide if Proposition B contradicts Assumption A.

Steps:
1. A defends a claim (strip ""no_evident_not_"" / ""have_evident_"" to see it).
2. B states a fact.
3. Does B disprove A's claim? Same specific issue only, not just same topic.

Output pattern (always use this exact shape):
A: <phrase>
B: <phrase>
Answer: Yes/No

Examples:

A: no_evident_not_easy_check-in
B: customer_wait_10_minute_for_greet
Answer: Yes

A: no_evident_not_easy_check-in
B: no_one_give_key_on_late_check-in
Answer: No

A: no_evident_not_great_quality
B: shampoo_seem_cheap_considering_hotel_cost
Answer: Yes

A: no_evident_not_great_quality
B: expensive_hotel
Answer: No

Now answer for this pair. Output ONLY the final line ""Answer: Yes"" or ""Answer: No"" — no other text.

A: no_evident_not_staff_help_with_all_our_wish
B: not_kind_staff
Answer:
",no_evident_not_staff_help_with_all_our_wish,not_kind_staff,Yes
459,"Task: decide if Proposition B contradicts Assumption A.

Steps:
1. A defends a claim (strip ""no_evident_not_"" / ""have_evident_"" to see it).
2. B states a fact.
3. Does B disprove A's claim? Same specific issue only, not just same topic.

Output pattern (always use this exact shape):
A: <phrase>
B: <phrase>
Answer: Yes/No

Examples:

A: no_evident_not_easy_check-in
B: customer_wait_10_minute_for_greet
Answer: Yes

A: no_evident_not_easy_check-in
B: no_one_give_key_on_late_check-in
Answer: No

A: no_evident_not_great_quality
B: shampoo_seem_cheap_considering_hotel_cost
Answer: Yes

A: no_evident_not_great_quality
B: expensive_hotel
Answer: No

Now answer for this pair. Output ONLY the final line ""Answer: Yes"" or ""Answer: No"" — no other text.

A: no_evident_not_staff_help_with_all_our_wish
B: staff_cannot_give_bus_to_airport_information
Answer:
",no_evident_not_staff_help_with_all_our_wish,staff_cannot_give_bus_to_airport_information,Yes
466,"Task: decide if Proposition B contradicts Assumption A.

Steps:
1. A defends a claim (strip ""no_evident_not_"" / ""have_evident_"" to see it).
2. B states a fact.
3. Does B disprove A's claim? Same specific issue only, not just same topic.

Output pattern (always use this exact shape):
A: <phrase>
B: <phrase>
Answer: Yes/No

Examples:

A: no_evident_not_easy_check-in
B: customer_wait_10_minute_for_greet
Answer: Yes

A: no_evident_not_easy_check-in
B: no_one_give_key_on_late_check-in
Answer: No

A: no_evident_not_great_quality
B: shampoo_seem_cheap_considering_hotel_cost
Answer: Yes

A: no_evident_not_great_quality
B: expensive_hotel
Answer: No

Now answer for this pair. Output ONLY the final line ""Answer: Yes"" or ""Answer: No"" — no other text.

A: no_evident_not_staff_bring_back
B: staff_need_keep_update
Answer:
",no_evident_not_staff_bring_back,staff_need_keep_update,No
469,"Task: decide if Proposition B contradicts Assumption A.

Steps:
1. A defends a claim (strip ""no_evident_not_"" / ""have_evident_"" to see it).
2. B states a fact.
3. Does B disprove A's claim? Same specific issue only, not just same topic.

Output pattern (always use this exact shape):
A: <phrase>
B: <phrase>
Answer: Yes/No

Examples:

A: no_evident_not_easy_check-in
B: customer_wait_10_minute_for_greet
Answer: Yes

A: no_evident_not_easy_check-in
B: no_one_give_key_on_late_check-in
Answer: No

A: no_evident_not_great_quality
B: shampoo_seem_cheap_considering_hotel_cost
Answer: Yes

A: no_evident_not_great_quality
B: expensive_hotel
Answer: No

Now answer for this pair. Output ONLY the final line ""Answer: Yes"" or ""Answer: No"" — no other text.

A: no_evident_not_staff_bring_back
B: staff_fail_to_communicate_with_taxi
Answer:
",no_evident_not_staff_bring_back,staff_fail_to_communicate_with_taxi,Yes
475,"Task: decide if Proposition B contradicts Assumption A.

Steps:
1. A defends a claim (strip ""no_evident_not_"" / ""have_evident_"" to see it).
2. B states a fact.
3. Does B disprove A's claim? Same specific issue only, not just same topic.

Output pattern (always use this exact shape):
A: <phrase>
B: <phrase>
Answer: Yes/No

Examples:

A: no_evident_not_easy_check-in
B: customer_wait_10_minute_for_greet
Answer: Yes

A: no_evident_not_easy_check-in
B: no_one_give_key_on_late_check-in
Answer: No

A: no_evident_not_great_quality
B: shampoo_seem_cheap_considering_hotel_cost
Answer: Yes

A: no_evident_not_great_quality
B: expensive_hotel
Answer: No

Now answer for this pair. Output ONLY the final line ""Answer: Yes"" or ""Answer: No"" — no other text.

A: no_evident_not_staff_bring_back
B: staff_enforce_cancellation_charge
Answer:
",no_evident_not_staff_bring_back,staff_enforce_cancellation_charge,Yes
480,"Task: decide if Proposition B contradicts Assumption A.

Steps:
1. A defends a claim (strip ""no_evident_not_"" / ""have_evident_"" to see it).
2. B states a fact.
3. Does B disprove A's claim? Same specific issue only, not just same topic.

Output pattern (always use this exact shape):
A: <phrase>
B: <phrase>
Answer: Yes/No

Examples:

A: no_evident_not_easy_check-in
B: customer_wait_10_minute_for_greet
Answer: Yes

A: no_evident_not_easy_check-in
B: no_one_give_key_on_late_check-in
Answer: No

A: no_evident_not_great_quality
B: shampoo_seem_cheap_considering_hotel_cost
Answer: Yes

A: no_evident_not_great_quality
B: expensive_hotel
Answer: No

Now answer for this pair. Output ONLY the final line ""Answer: Yes"" or ""Answer: No"" — no other text.

A: no_evident_not_staff_bring_back
B: no_staff_at_night
Answer:
",no_evident_not_staff_bring_back,no_staff_at_night,Yes
481,"Task: decide if Proposition B contradicts Assumption A.

Steps:
1. A defends a claim (strip ""no_evident_not_"" / ""have_evident_"" to see it).
2. B states a fact.
3. Does B disprove A's claim? Same specific issue only, not just same topic.

Output pattern (always use this exact shape):
A: <phrase>
B: <phrase>
Answer: Yes/No

Examples:

A: no_evident_not_easy_check-in
B: customer_wait_10_minute_for_greet
Answer: Yes

A: no_evident_not_easy_check-in
B: no_one_give_key_on_late_check-in
Answer: No

A: no_evident_not_great_quality
B: shampoo_seem_cheap_considering_hotel_cost
Answer: Yes

A: no_evident_not_great_quality
B: expensive_hotel
Answer: No

Now answer for this pair. Output ONLY the final line ""Answer: Yes"" or ""Answer: No"" — no other text.

A: no_evident_not_staff_bring_back
B: staff_not_understand_English_well
Answer:
",no_evident_not_staff_bring_back,staff_not_understand_English_well,Yes
483,"Task: decide if Proposition B contradicts Assumption A.

Steps:
1. A defends a claim (strip ""no_evident_not_"" / ""have_evident_"" to see it).
2. B states a fact.
3. Does B disprove A's claim? Same specific issue only, not just same topic.

Output pattern (always use this exact shape):
A: <phrase>
B: <phrase>
Answer: Yes/No

Examples:

A: no_evident_not_easy_check-in
B: customer_wait_10_minute_for_greet
Answer: Yes

A: no_evident_not_easy_check-in
B: no_one_give_key_on_late_check-in
Answer: No

A: no_evident_not_great_quality
B: shampoo_seem_cheap_considering_hotel_cost
Answer: Yes

A: no_evident_not_great_quality
B: expensive_hotel
Answer: No

Now answer for this pair. Output ONLY the final line ""Answer: Yes"" or ""Answer: No"" — no other text.

A: no_evident_not_staff_bring_back
B: only_one_staff_wear_mask
Answer:
",no_evident_not_staff_bring_back,only_one_staff_wear_mask,Yes
497,"Task: decide if Proposition B contradicts Assumption A.

Steps:
1. A defends a claim (strip ""no_evident_not_"" / ""have_evident_"" to see it).
2. B states a fact.
3. Does B disprove A's claim? Same specific issue only, not just same topic.

Output pattern (always use this exact shape):
A: <phrase>
B: <phrase>
Answer: Yes/No

Examples:

A: no_evident_not_easy_check-in
B: customer_wait_10_minute_for_greet
Answer: Yes

A: no_evident_not_easy_check-in
B: no_one_give_key_on_late_check-in
Answer: No

A: no_evident_not_great_quality
B: shampoo_seem_cheap_considering_hotel_cost
Answer: Yes

A: no_evident_not_great_quality
B: expensive_hotel
Answer: No

Now answer for this pair. Output ONLY the final line ""Answer: Yes"" or ""Answer: No"" — no other text.

A: no_evident_not_staff_buy_fresh_food
B: staff_charge_for_cancellation_while_no_cancellation_charge_in_Booking.com
Answer:
",no_evident_not_staff_buy_fresh_food,staff_charge_for_cancellation_while_no_cancellation_charge_in_Booking.com,Yes
500,"Task: decide if Proposition B contradicts Assumption A.

Steps:
1. A defends a claim (strip ""no_evident_not_"" / ""have_evident_"" to see it).
2. B states a fact.
3. Does B disprove A's claim? Same specific issue only, not just same topic.

Output pattern (always use this exact shape):
A: <phrase>
B: <phrase>
Answer: Yes/No

Examples:

A: no_evident_not_easy_check-in
B: customer_wait_10_minute_for_greet
Answer: Yes

A: no_evident_not_easy_check-in
B: no_one_give_key_on_late_check-in
Answer: No

A: no_evident_not_great_quality
B: shampoo_seem_cheap_considering_hotel_cost
Answer: Yes

A: no_evident_not_great_quality
B: expensive_hotel
Answer: No

Now answer for this pair. Output ONLY the final line ""Answer: Yes"" or ""Answer: No"" — no other text.

A: no_evident_not_staff_buy_fresh_food
B: staff_not_provide_good_solution
Answer:
",no_evident_not_staff_buy_fresh_food,staff_not_provide_good_solution,Yes
521,"Task: decide if Proposition B contradicts Assumption A.

Steps:
1. A defends a claim (strip ""no_evident_not_"" / ""have_evident_"" to see it).
2. B states a fact.
3. Does B disprove A's claim? Same specific issue only, not just same topic.

Output pattern (always use this exact shape):
A: <phrase>
B: <phrase>
Answer: Yes/No

Examples:

A: no_evident_not_easy_check-in
B: customer_wait_10_minute_for_greet
Answer: Yes

A: no_evident_not_easy_check-in
B: no_one_give_key_on_late_check-in
Answer: No

A: no_evident_not_great_quality
B: shampoo_seem_cheap_considering_hotel_cost
Answer: Yes

A: no_evident_not_great_quality
B: expensive_hotel
Answer: No

Now answer for this pair. Output ONLY the final line ""Answer: Yes"" or ""Answer: No"" — no other text.

A: no_evident_not_kind_staff
B: staff_enforce_cancellation_charge
Answer:
",no_evident_not_kind_staff,staff_enforce_cancellation_charge,Yes
525,"Task: decide if Proposition B contradicts Assumption A.

Steps:
1. A defends a claim (strip ""no_evident_not_"" / ""have_evident_"" to see it).
2. B states a fact.
3. Does B disprove A's claim? Same specific issue only, not just same topic.

Output pattern (always use this exact shape):
A: <phrase>
B: <phrase>
Answer: Yes/No

Examples:

A: no_evident_not_easy_check-in
B: customer_wait_10_minute_for_greet
Answer: Yes

A: no_evident_not_easy_check-in
B: no_one_give_key_on_late_check-in
Answer: No

A: no_evident_not_great_quality
B: shampoo_seem_cheap_considering_hotel_cost
Answer: Yes

A: no_evident_not_great_quality
B: expensive_hotel
Answer: No

Now answer for this pair. Output ONLY the final line ""Answer: Yes"" or ""Answer: No"" — no other text.

A: no_evident_not_kind_staff
B: staff_not_speak_Cypriot_language
Answer:
",no_evident_not_kind_staff,staff_not_speak_Cypriot_language,Yes
543,"Task: decide if Proposition B contradicts Assumption A.

Steps:
1. A defends a claim (strip ""no_evident_not_"" / ""have_evident_"" to see it).
2. B states a fact.
3. Does B disprove A's claim? Same specific issue only, not just same topic.

Output pattern (always use this exact shape):
A: <phrase>
B: <phrase>
Answer: Yes/No

Examples:

A: no_evident_not_easy_check-in
B: customer_wait_10_minute_for_greet
Answer: Yes

A: no_evident_not_easy_check-in
B: no_one_give_key_on_late_check-in
Answer: No

A: no_evident_not_great_quality
B: shampoo_seem_cheap_considering_hotel_cost
Answer: Yes

A: no_evident_not_great_quality
B: expensive_hotel
Answer: No

Now answer for this pair. Output ONLY the final line ""Answer: Yes"" or ""Answer: No"" — no other text.

A: no_evident_not_accommodating_staff
B: staff_charge_for_cancellation_while_no_cancellation_charge_in_Booking.com
Answer:
",no_evident_not_accommodating_staff,staff_charge_for_cancellation_while_no_cancellation_charge_in_Booking.com,Yes
553,"Task: decide if Proposition B contradicts Assumption A.

Steps:
1. A defends a claim (strip ""no_evident_not_"" / ""have_evident_"" to see it).
2. B states a fact.
3. Does B disprove A's claim? Same specific issue only, not just same topic.

Output pattern (always use this exact shape):
A: <phrase>
B: <phrase>
Answer: Yes/No

Examples:

A: no_evident_not_easy_check-in
B: customer_wait_10_minute_for_greet
Answer: Yes

A: no_evident_not_easy_check-in
B: no_one_give_key_on_late_check-in
Answer: No

A: no_evident_not_great_quality
B: shampoo_seem_cheap_considering_hotel_cost
Answer: Yes

A: no_evident_not_great_quality
B: expensive_hotel
Answer: No

Now answer for this pair. Output ONLY the final line ""Answer: Yes"" or ""Answer: No"" — no other text.

A: no_evident_not_wonderful_staff
B: staff_not_speak_English_properly
Answer:
",no_evident_not_wonderful_staff,staff_not_speak_English_properly,Yes
557,"Task: decide if Proposition B contradicts Assumption A.

Steps:
1. A defends a claim (strip ""no_evident_not_"" / ""have_evident_"" to see it).
2. B states a fact.
3. Does B disprove A's claim? Same specific issue only, not just same topic.

Output pattern (always use this exact shape):
A: <phrase>
B: <phrase>
Answer: Yes/No

Examples:

A: no_evident_not_easy_check-in
B: customer_wait_10_minute_for_greet
Answer: Yes

A: no_evident_not_easy_check-in
B: no_one_give_key_on_late_check-in
Answer: No

A: no_evident_not_great_quality
B: shampoo_seem_cheap_considering_hotel_cost
Answer: Yes

A: no_evident_not_great_quality
B: expensive_hotel
Answer: No

Now answer for this pair. Output ONLY the final line ""Answer: Yes"" or ""Answer: No"" — no other text.

A: no_evident_not_wonderful_staff
B: staff_need_improve_collaboration
Answer:
",no_evident_not_wonderful_staff,staff_need_improve_collaboration,Yes
562,"Task: decide if Proposition B contradicts Assumption A.

Steps:
1. A defends a claim (strip ""no_evident_not_"" / ""have_evident_"" to see it).
2. B states a fact.
3. Does B disprove A's claim? Same specific issue only, not just same topic.

Output pattern (always use this exact shape):
A: <phrase>
B: <phrase>
Answer: Yes/No

Examples:

A: no_evident_not_easy_check-in
B: customer_wait_10_minute_for_greet
Answer: Yes

A: no_evident_not_easy_check-in
B: no_one_give_key_on_late_check-in
Answer: No

A: no_evident_not_great_quality
B: shampoo_seem_cheap_considering_hotel_cost
Answer: Yes

A: no_evident_not_great_quality
B: expensive_hotel
Answer: No

Now answer for this pair. Output ONLY the final line ""Answer: Yes"" or ""Answer: No"" — no other text.

A: no_evident_not_wonderful_staff
B: staff_fail_to_guest_request
Answer:
",no_evident_not_wonderful_staff,staff_fail_to_guest_request,Yes
564,"Task: decide if Proposition B contradicts Assumption A.

Steps:
1. A defends a claim (strip ""no_evident_not_"" / ""have_evident_"" to see it).
2. B states a fact.
3. Does B disprove A's claim? Same specific issue only, not just same topic.

Output pattern (always use this exact shape):
A: <phrase>
B: <phrase>
Answer: Yes/No

Examples:

A: no_evident_not_easy_check-in
B: customer_wait_10_minute_for_greet
Answer: Yes

A: no_evident_not_easy_check-in
B: no_one_give_key_on_late_check-in
Answer: No

A: no_evident_not_great_quality
B: shampoo_seem_cheap_considering_hotel_cost
Answer: Yes

A: no_evident_not_great_quality
B: expensive_hotel
Answer: No

Now answer for this pair. Output ONLY the final line ""Answer: Yes"" or ""Answer: No"" — no other text.

A: no_evident_not_wonderful_staff
B: offended_staff
Answer:
",no_evident_not_wonderful_staff,offended_staff,Yes
567,"Task: decide if Proposition B contradicts Assumption A.

Steps:
1. A defends a claim (strip ""no_evident_not_"" / ""have_evident_"" to see it).
2. B states a fact.
3. Does B disprove A's claim? Same specific issue only, not just same topic.

Output pattern (always use this exact shape):
A: <phrase>
B: <phrase>
Answer: Yes/No

Examples:

A: no_evident_not_easy_check-in
B: customer_wait_10_minute_for_greet
Answer: Yes

A: no_evident_not_easy_check-in
B: no_one_give_key_on_late_check-in
Answer: No

A: no_evident_not_great_quality
B: shampoo_seem_cheap_considering_hotel_cost
Answer: Yes

A: no_evident_not_great_quality
B: expensive_hotel
Answer: No

Now answer for this pair. Output ONLY the final line ""Answer: Yes"" or ""Answer: No"" — no other text.

A: no_evident_not_wonderful_staff
B: staff_enforce_cancellation_charge
Answer:
",no_evident_not_wonderful_staff,staff_enforce_cancellation_charge,Yes
570,"Task: decide if Proposition B contradicts Assumption A.

Steps:
1. A defends a claim (strip ""no_evident_not_"" / ""have_evident_"" to see it).
2. B states a fact.
3. Does B disprove A's claim? Same specific issue only, not just same topic.

Output pattern (always use this exact shape):
A: <phrase>
B: <phrase>
Answer: Yes/No

Examples:

A: no_evident_not_easy_check-in
B: customer_wait_10_minute_for_greet
Answer: Yes

A: no_evident_not_easy_check-in
B: no_one_give_key_on_late_check-in
Answer: No

A: no_evident_not_great_quality
B: shampoo_seem_cheap_considering_hotel_cost
Answer: Yes

A: no_evident_not_great_quality
B: expensive_hotel
Answer: No

Now answer for this pair. Output ONLY the final line ""Answer: Yes"" or ""Answer: No"" — no other text.

A: no_evident_not_wonderful_staff
B: staff_has_unaceptable_manner
Answer:
",no_evident_not_wonderful_staff,staff_has_unaceptable_manner,Yes
581,"Task: decide if Proposition B contradicts Assumption A.

Steps:
1. A defends a claim (strip ""no_evident_not_"" / ""have_evident_"" to see it).
2. B states a fact.
3. Does B disprove A's claim? Same specific issue only, not just same topic.

Output pattern (always use this exact shape):
A: <phrase>
B: <phrase>
Answer: Yes/No

Examples:

A: no_evident_not_easy_check-in
B: customer_wait_10_minute_for_greet
Answer: Yes

A: no_evident_not_easy_check-in
B: no_one_give_key_on_late_check-in
Answer: No

A: no_evident_not_great_quality
B: shampoo_seem_cheap_considering_hotel_cost
Answer: Yes

A: no_evident_not_great_quality
B: expensive_hotel
Answer: No

Now answer for this pair. Output ONLY the final line ""Answer: Yes"" or ""Answer: No"" — no other text.

A: no_evident_not_polite_staff
B: staff_need_keep_update
Answer:
",no_evident_not_polite_staff,staff_need_keep_update,No
582,"Task: decide if Proposition B contradicts Assumption A.

Steps:
1. A defends a claim (strip ""no_evident_not_"" / ""have_evident_"" to see it).
2. B states a fact.
3. Does B disprove A's claim? Same specific issue only, not just same topic.

Output pattern (always use this exact shape):
A: <phrase>
B: <phrase>
Answer: Yes/No

Examples:

A: no_evident_not_easy_check-in
B: customer_wait_10_minute_for_greet
Answer: Yes

A: no_evident_not_easy_check-in
B: no_one_give_key_on_late_check-in
Answer: No

A: no_evident_not_great_quality
B: shampoo_seem_cheap_considering_hotel_cost
Answer: Yes

A: no_evident_not_great_quality
B: expensive_hotel
Answer: No

Now answer for this pair. Output ONLY the final line ""Answer: Yes"" or ""Answer: No"" — no other text.

A: no_evident_not_polite_staff
B: not_kind_staff
Answer:
",no_evident_not_polite_staff,not_kind_staff,Yes
585,"Task: decide if Proposition B contradicts Assumption A.

Steps:
1. A defends a claim (strip ""no_evident_not_"" / ""have_evident_"" to see it).
2. B states a fact.
3. Does B disprove A's claim? Same specific issue only, not just same topic.

Output pattern (always use this exact shape):
A: <phrase>
B: <phrase>
Answer: Yes/No

Examples:

A: no_evident_not_easy_check-in
B: customer_wait_10_minute_for_greet
Answer: Yes

A: no_evident_not_easy_check-in
B: no_one_give_key_on_late_check-in
Answer: No

A: no_evident_not_great_quality
B: shampoo_seem_cheap_considering_hotel_cost
Answer: Yes

A: no_evident_not_great_quality
B: expensive_hotel
Answer: No

Now answer for this pair. Output ONLY the final line ""Answer: Yes"" or ""Answer: No"" — no other text.

A: no_evident_not_polite_staff
B: staff_fail_to_guest_request
Answer:
",no_evident_not_polite_staff,staff_fail_to_guest_request,Yes
595,"Task: decide if Proposition B contradicts Assumption A.

Steps:
1. A defends a claim (strip ""no_evident_not_"" / ""have_evident_"" to see it).
2. B states a fact.
3. Does B disprove A's claim? Same specific issue only, not just same topic.

Output pattern (always use this exact shape):
A: <phrase>
B: <phrase>
Answer: Yes/No

Examples:

A: no_evident_not_easy_check-in
B: customer_wait_10_minute_for_greet
Answer: Yes

A: no_evident_not_easy_check-in
B: no_one_give_key_on_late_check-in
Answer: No

A: no_evident_not_great_quality
B: shampoo_seem_cheap_considering_hotel_cost
Answer: Yes

A: no_evident_not_great_quality
B: expensive_hotel
Answer: No

Now answer for this pair. Output ONLY the final line ""Answer: Yes"" or ""Answer: No"" — no other text.

A: no_evident_not_polite_staff
B: no_staff_at_night
Answer:
",no_evident_not_polite_staff,no_staff_at_night,Yes
601,"Task: decide if Proposition B contradicts Assumption A.

Steps:
1. A defends a claim (strip ""no_evident_not_"" / ""have_evident_"" to see it).
2. B states a fact.
3. Does B disprove A's claim? Same specific issue only, not just same topic.

Output pattern (always use this exact shape):
A: <phrase>
B: <phrase>
Answer: Yes/No

Examples:

A: no_evident_not_easy_check-in
B: customer_wait_10_minute_for_greet
Answer: Yes

A: no_evident_not_easy_check-in
B: no_one_give_key_on_late_check-in
Answer: No

A: no_evident_not_great_quality
B: shampoo_seem_cheap_considering_hotel_cost
Answer: Yes

A: no_evident_not_great_quality
B: expensive_hotel
Answer: No

Now answer for this pair. Output ONLY the final line ""Answer: Yes"" or ""Answer: No"" — no other text.

A: no_evident_not_caring_staff
B: staff_should_learn_better_English
Answer:
",no_evident_not_caring_staff,staff_should_learn_better_English,Yes
617,"Task: decide if Proposition B contradicts Assumption A.

Steps:
1. A defends a claim (strip ""no_evident_not_"" / ""have_evident_"" to see it).
2. B states a fact.
3. Does B disprove A's claim? Same specific issue only, not just same topic.

Output pattern (always use this exact shape):
A: <phrase>
B: <phrase>
Answer: Yes/No

Examples:

A: no_evident_not_easy_check-in
B: customer_wait_10_minute_for_greet
Answer: Yes

A: no_evident_not_easy_check-in
B: no_one_give_key_on_late_check-in
Answer: No

A: no_evident_not_great_quality
B: shampoo_seem_cheap_considering_hotel_cost
Answer: Yes

A: no_evident_not_great_quality
B: expensive_hotel
Answer: No

Now answer for this pair. Output ONLY the final line ""Answer: Yes"" or ""Answer: No"" — no other text.

A: no_evident_not_caring_staff
B: staff_not_speak_Cypriot_language
Answer:
",no_evident_not_caring_staff,staff_not_speak_Cypriot_language,Yes
618,"Task: decide if Proposition B contradicts Assumption A.

Steps:
1. A defends a claim (strip ""no_evident_not_"" / ""have_evident_"" to see it).
2. B states a fact.
3. Does B disprove A's claim? Same specific issue only, not just same topic.

Output pattern (always use this exact shape):
A: <phrase>
B: <phrase>
Answer: Yes/No

Examples:

A: no_evident_not_easy_check-in
B: customer_wait_10_minute_for_greet
Answer: Yes

A: no_evident_not_easy_check-in
B: no_one_give_key_on_late_check-in
Answer: No

A: no_evident_not_great_quality
B: shampoo_seem_cheap_considering_hotel_cost
Answer: Yes

A: no_evident_not_great_quality
B: expensive_hotel
Answer: No

Now answer for this pair. Output ONLY the final line ""Answer: Yes"" or ""Answer: No"" — no other text.

A: no_evident_not_caring_staff
B: no_staff_at_night
Answer:
",no_evident_not_caring_staff,no_staff_at_night,Yes
646,"Task: decide if Proposition B contradicts Assumption A.

Steps:
1. A defends a claim (strip ""no_evident_not_"" / ""have_evident_"" to see it).
2. B states a fact.
3. Does B disprove A's claim? Same specific issue only, not just same topic.

Output pattern (always use this exact shape):
A: <phrase>
B: <phrase>
Answer: Yes/No

Examples:

A: no_evident_not_easy_check-in
B: customer_wait_10_minute_for_greet
Answer: Yes

A: no_evident_not_easy_check-in
B: no_one_give_key_on_late_check-in
Answer: No

A: no_evident_not_great_quality
B: shampoo_seem_cheap_considering_hotel_cost
Answer: Yes

A: no_evident_not_great_quality
B: expensive_hotel
Answer: No

Now answer for this pair. Output ONLY the final line ""Answer: Yes"" or ""Answer: No"" — no other text.

A: no_evident_not_staff_explain_information_clearly
B: staff_clean_after_complaint
Answer:
",no_evident_not_staff_explain_information_clearly,staff_clean_after_complaint,No
654,"Task: decide if Proposition B contradicts Assumption A.

Steps:
1. A defends a claim (strip ""no_evident_not_"" / ""have_evident_"" to see it).
2. B states a fact.
3. Does B disprove A's claim? Same specific issue only, not just same topic.

Output pattern (always use this exact shape):
A: <phrase>
B: <phrase>
Answer: Yes/No

Examples:

A: no_evident_not_easy_check-in
B: customer_wait_10_minute_for_greet
Answer: Yes

A: no_evident_not_easy_check-in
B: no_one_give_key_on_late_check-in
Answer: No

A: no_evident_not_great_quality
B: shampoo_seem_cheap_considering_hotel_cost
Answer: Yes

A: no_evident_not_great_quality
B: expensive_hotel
Answer: No

Now answer for this pair. Output ONLY the final line ""Answer: Yes"" or ""Answer: No"" — no other text.

A: no_evident_not_staff_explain_information_clearly
B: staff_fail_to_guest_request
Answer:
",no_evident_not_staff_explain_information_clearly,staff_fail_to_guest_request,Yes
657,"Task: decide if Proposition B contradicts Assumption A.

Steps:
1. A defends a claim (strip ""no_evident_not_"" / ""have_evident_"" to see it).
2. B states a fact.
3. Does B disprove A's claim? Same specific issue only, not just same topic.

Output pattern (always use this exact shape):
A: <phrase>
B: <phrase>
Answer: Yes/No

Examples:

A: no_evident_not_easy_check-in
B: customer_wait_10_minute_for_greet
Answer: Yes

A: no_evident_not_easy_check-in
B: no_one_give_key_on_late_check-in
Answer: No

A: no_evident_not_great_quality
B: shampoo_seem_cheap_considering_hotel_cost
Answer: Yes

A: no_evident_not_great_quality
B: expensive_hotel
Answer: No

Now answer for this pair. Output ONLY the final line ""Answer: Yes"" or ""Answer: No"" — no other text.

A: no_evident_not_staff_explain_information_clearly
B: staff_not_justify_booking_issue
Answer:
",no_evident_not_staff_explain_information_clearly,staff_not_justify_booking_issue,Yes
672,"Task: decide if Proposition B contradicts Assumption A.

Steps:
1. A defends a claim (strip ""no_evident_not_"" / ""have_evident_"" to see it).
2. B states a fact.
3. Does B disprove A's claim? Same specific issue only, not just same topic.

Output pattern (always use this exact shape):
A: <phrase>
B: <phrase>
Answer: Yes/No

Examples:

A: no_evident_not_easy_check-in
B: customer_wait_10_minute_for_greet
Answer: Yes

A: no_evident_not_easy_check-in
B: no_one_give_key_on_late_check-in
Answer: No

A: no_evident_not_great_quality
B: shampoo_seem_cheap_considering_hotel_cost
Answer: Yes

A: no_evident_not_great_quality
B: expensive_hotel
Answer: No

Now answer for this pair. Output ONLY the final line ""Answer: Yes"" or ""Answer: No"" — no other text.

A: no_evident_not_hospitality_staff
B: staff_need_improve_collaboration
Answer:
",no_evident_not_hospitality_staff,staff_need_improve_collaboration,Yes
702,"Task: decide if Proposition B contradicts Assumption A.

Steps:
1. A defends a claim (strip ""no_evident_not_"" / ""have_evident_"" to see it).
2. B states a fact.
3. Does B disprove A's claim? Same specific issue only, not just same topic.

Output pattern (always use this exact shape):
A: <phrase>
B: <phrase>
Answer: Yes/No

Examples:

A: no_evident_not_easy_check-in
B: customer_wait_10_minute_for_greet
Answer: Yes

A: no_evident_not_easy_check-in
B: no_one_give_key_on_late_check-in
Answer: No

A: no_evident_not_great_quality
B: shampoo_seem_cheap_considering_hotel_cost
Answer: Yes

A: no_evident_not_great_quality
B: expensive_hotel
Answer: No

Now answer for this pair. Output ONLY the final line ""Answer: Yes"" or ""Answer: No"" — no other text.

A: no_evident_not_warm_welcome_staff
B: offended_staff
Answer:
",no_evident_not_warm_welcome_staff,offended_staff,Yes
713,"Task: decide if Proposition B contradicts Assumption A.

Steps:
1. A defends a claim (strip ""no_evident_not_"" / ""have_evident_"" to see it).
2. B states a fact.
3. Does B disprove A's claim? Same specific issue only, not just same topic.

Output pattern (always use this exact shape):
A: <phrase>
B: <phrase>
Answer: Yes/No

Examples:

A: no_evident_not_easy_check-in
B: customer_wait_10_minute_for_greet
Answer: Yes

A: no_evident_not_easy_check-in
B: no_one_give_key_on_late_check-in
Answer: No

A: no_evident_not_great_quality
B: shampoo_seem_cheap_considering_hotel_cost
Answer: Yes

A: no_evident_not_great_quality
B: expensive_hotel
Answer: No

Now answer for this pair. Output ONLY the final line ""Answer: Yes"" or ""Answer: No"" — no other text.

A: no_evident_not_warm_welcome_staff
B: only_one_staff_wear_mask
Answer:
",no_evident_not_warm_welcome_staff,only_one_staff_wear_mask,Yes
745,"Task: decide if Proposition B contradicts Assumption A.

Steps:
1. A defends a claim (strip ""no_evident_not_"" / ""have_evident_"" to see it).
2. B states a fact.
3. Does B disprove A's claim? Same specific issue only, not just same topic.

Output pattern (always use this exact shape):
A: <phrase>
B: <phrase>
Answer: Yes/No

Examples:

A: no_evident_not_easy_check-in
B: customer_wait_10_minute_for_greet
Answer: Yes

A: no_evident_not_easy_check-in
B: no_one_give_key_on_late_check-in
Answer: No

A: no_evident_not_great_quality
B: shampoo_seem_cheap_considering_hotel_cost
Answer: Yes

A: no_evident_not_great_quality
B: expensive_hotel
Answer: No

Now answer for this pair. Output ONLY the final line ""Answer: Yes"" or ""Answer: No"" — no other text.

A: no_evident_not_staff_order_taxi_for_us
B: staff_fail_to_communicate_with_taxi
Answer:
",no_evident_not_staff_order_taxi_for_us,staff_fail_to_communicate_with_taxi,Yes
757,"Task: decide if Proposition B contradicts Assumption A.

Steps:
1. A defends a claim (strip ""no_evident_not_"" / ""have_evident_"" to see it).
2. B states a fact.
3. Does B disprove A's claim? Same specific issue only, not just same topic.

Output pattern (always use this exact shape):
A: <phrase>
B: <phrase>
Answer: Yes/No

Examples:

A: no_evident_not_easy_check-in
B: customer_wait_10_minute_for_greet
Answer: Yes

A: no_evident_not_easy_check-in
B: no_one_give_key_on_late_check-in
Answer: No

A: no_evident_not_great_quality
B: shampoo_seem_cheap_considering_hotel_cost
Answer: Yes

A: no_evident_not_great_quality
B: expensive_hotel
Answer: No

Now answer for this pair. Output ONLY the final line ""Answer: Yes"" or ""Answer: No"" — no other text.

A: no_evident_not_staff_order_taxi_for_us
B: staff_not_understand_English_well
Answer:
",no_evident_not_staff_order_taxi_for_us,staff_not_understand_English_well,Yes
760,"Task: decide if Proposition B contradicts Assumption A.

Steps:
1. A defends a claim (strip ""no_evident_not_"" / ""have_evident_"" to see it).
2. B states a fact.
3. Does B disprove A's claim? Same specific issue only, not just same topic.

Output pattern (always use this exact shape):
A: <phrase>
B: <phrase>
Answer: Yes/No

Examples:

A: no_evident_not_easy_check-in
B: customer_wait_10_minute_for_greet
Answer: Yes

A: no_evident_not_easy_check-in
B: no_one_give_key_on_late_check-in
Answer: No

A: no_evident_not_great_quality
B: shampoo_seem_cheap_considering_hotel_cost
Answer: Yes

A: no_evident_not_great_quality
B: expensive_hotel
Answer: No

Now answer for this pair. Output ONLY the final line ""Answer: Yes"" or ""Answer: No"" — no other text.

A: no_evident_not_good_service
B: staff_not_speak_English_properly
Answer:
",no_evident_not_good_service,staff_not_speak_English_properly,Yes
765,"Task: decide if Proposition B contradicts Assumption A.

Steps:
1. A defends a claim (strip ""no_evident_not_"" / ""have_evident_"" to see it).
2. B states a fact.
3. Does B disprove A's claim? Same specific issue only, not just same topic.

Output pattern (always use this exact shape):
A: <phrase>
B: <phrase>
Answer: Yes/No

Examples:

A: no_evident_not_easy_check-in
B: customer_wait_10_minute_for_greet
Answer: Yes

A: no_evident_not_easy_check-in
B: no_one_give_key_on_late_check-in
Answer: No

A: no_evident_not_great_quality
B: shampoo_seem_cheap_considering_hotel_cost
Answer: Yes

A: no_evident_not_great_quality
B: expensive_hotel
Answer: No

Now answer for this pair. Output ONLY the final line ""Answer: Yes"" or ""Answer: No"" — no other text.

A: no_evident_not_good_service
B: staff_need_keep_update
Answer:
",no_evident_not_good_service,staff_need_keep_update,No
768,"Task: decide if Proposition B contradicts Assumption A.

Steps:
1. A defends a claim (strip ""no_evident_not_"" / ""have_evident_"" to see it).
2. B states a fact.
3. Does B disprove A's claim? Same specific issue only, not just same topic.

Output pattern (always use this exact shape):
A: <phrase>
B: <phrase>
Answer: Yes/No

Examples:

A: no_evident_not_easy_check-in
B: customer_wait_10_minute_for_greet
Answer: Yes

A: no_evident_not_easy_check-in
B: no_one_give_key_on_late_check-in
Answer: No

A: no_evident_not_great_quality
B: shampoo_seem_cheap_considering_hotel_cost
Answer: Yes

A: no_evident_not_great_quality
B: expensive_hotel
Answer: No

Now answer for this pair. Output ONLY the final line ""Answer: Yes"" or ""Answer: No"" — no other text.

A: no_evident_not_good_service
B: staff_fail_to_communicate_with_taxi
Answer:
",no_evident_not_good_service,staff_fail_to_communicate_with_taxi,Yes
773,"Task: decide if Proposition B contradicts Assumption A.

Steps:
1. A defends a claim (strip ""no_evident_not_"" / ""have_evident_"" to see it).
2. B states a fact.
3. Does B disprove A's claim? Same specific issue only, not just same topic.

Output pattern (always use this exact shape):
A: <phrase>
B: <phrase>
Answer: Yes/No

Examples:

A: no_evident_not_easy_check-in
B: customer_wait_10_minute_for_greet
Answer: Yes

A: no_evident_not_easy_check-in
B: no_one_give_key_on_late_check-in
Answer: No

A: no_evident_not_great_quality
B: shampoo_seem_cheap_considering_hotel_cost
Answer: Yes

A: no_evident_not_great_quality
B: expensive_hotel
Answer: No

Now answer for this pair. Output ONLY the final line ""Answer: Yes"" or ""Answer: No"" — no other text.

A: no_evident_not_good_service
B: staff_charge_for_cancellation_while_no_cancellation_charge_in_Booking.com
Answer:
",no_evident_not_good_service,staff_charge_for_cancellation_while_no_cancellation_charge_in_Booking.com,Yes
793,"Task: decide if Proposition B contradicts Assumption A.

Steps:
1. A defends a claim (strip ""no_evident_not_"" / ""have_evident_"" to see it).
2. B states a fact.
3. Does B disprove A's claim? Same specific issue only, not just same topic.

Output pattern (always use this exact shape):
A: <phrase>
B: <phrase>
Answer: Yes/No

Examples:

A: no_evident_not_easy_check-in
B: customer_wait_10_minute_for_greet
Answer: Yes

A: no_evident_not_easy_check-in
B: no_one_give_key_on_late_check-in
Answer: No

A: no_evident_not_great_quality
B: shampoo_seem_cheap_considering_hotel_cost
Answer: Yes

A: no_evident_not_great_quality
B: expensive_hotel
Answer: No

Now answer for this pair. Output ONLY the final line ""Answer: Yes"" or ""Answer: No"" — no other text.

A: no_evident_not_staff_reach_out_when_reception_close
B: staff_cannot_provide_double_bed
Answer:
",no_evident_not_staff_reach_out_when_reception_close,staff_cannot_provide_double_bed,Yes
795,"Task: decide if Proposition B contradicts Assumption A.

Steps:
1. A defends a claim (strip ""no_evident_not_"" / ""have_evident_"" to see it).
2. B states a fact.
3. Does B disprove A's claim? Same specific issue only, not just same topic.

Output pattern (always use this exact shape):
A: <phrase>
B: <phrase>
Answer: Yes/No

Examples:

A: no_evident_not_easy_check-in
B: customer_wait_10_minute_for_greet
Answer: Yes

A: no_evident_not_easy_check-in
B: no_one_give_key_on_late_check-in
Answer: No

A: no_evident_not_great_quality
B: shampoo_seem_cheap_considering_hotel_cost
Answer: Yes

A: no_evident_not_great_quality
B: expensive_hotel
Answer: No

Now answer for this pair. Output ONLY the final line ""Answer: Yes"" or ""Answer: No"" — no other text.

A: no_evident_not_staff_reach_out_when_reception_close
B: staff_not_justify_booking_issue
Answer:
",no_evident_not_staff_reach_out_when_reception_close,staff_not_justify_booking_issue,Yes
803,"Task: decide if Proposition B contradicts Assumption A.

Steps:
1. A defends a claim (strip ""no_evident_not_"" / ""have_evident_"" to see it).
2. B states a fact.
3. Does B disprove A's claim? Same specific issue only, not just same topic.

Output pattern (always use this exact shape):
A: <phrase>
B: <phrase>
Answer: Yes/No

Examples:

A: no_evident_not_easy_check-in
B: customer_wait_10_minute_for_greet
Answer: Yes

A: no_evident_not_easy_check-in
B: no_one_give_key_on_late_check-in
Answer: No

A: no_evident_not_great_quality
B: shampoo_seem_cheap_considering_hotel_cost
Answer: Yes

A: no_evident_not_great_quality
B: expensive_hotel
Answer: No

Now answer for this pair. Output ONLY the final line ""Answer: Yes"" or ""Answer: No"" — no other text.

A: no_evident_not_staff_reach_out_when_reception_close
B: staff_not_understand_English_well
Answer:
",no_evident_not_staff_reach_out_when_reception_close,staff_not_understand_English_well,Yes
807,"Task: decide if Proposition B contradicts Assumption A.

Steps:
1. A defends a claim (strip ""no_evident_not_"" / ""have_evident_"" to see it).
2. B states a fact.
3. Does B disprove A's claim? Same specific issue only, not just same topic.

Output pattern (always use this exact shape):
A: <phrase>
B: <phrase>
Answer: Yes/No

Examples:

A: no_evident_not_easy_check-in
B: customer_wait_10_minute_for_greet
Answer: Yes

A: no_evident_not_easy_check-in
B: no_one_give_key_on_late_check-in
Answer: No

A: no_evident_not_great_quality
B: shampoo_seem_cheap_considering_hotel_cost
Answer: Yes

A: no_evident_not_great_quality
B: expensive_hotel
Answer: No

Now answer for this pair. Output ONLY the final line ""Answer: Yes"" or ""Answer: No"" — no other text.

A: no_evident_not_lovely_smiling_staff
B: staff_clean_after_complaint
Answer:
",no_evident_not_lovely_smiling_staff,staff_clean_after_complaint,No
820,"Task: decide if Proposition B contradicts Assumption A.

Steps:
1. A defends a claim (strip ""no_evident_not_"" / ""have_evident_"" to see it).
2. B states a fact.
3. Does B disprove A's claim? Same specific issue only, not just same topic.

Output pattern (always use this exact shape):
A: <phrase>
B: <phrase>
Answer: Yes/No

Examples:

A: no_evident_not_easy_check-in
B: customer_wait_10_minute_for_greet
Answer: Yes

A: no_evident_not_easy_check-in
B: no_one_give_key_on_late_check-in
Answer: No

A: no_evident_not_great_quality
B: shampoo_seem_cheap_considering_hotel_cost
Answer: Yes

A: no_evident_not_great_quality
B: expensive_hotel
Answer: No

Now answer for this pair. Output ONLY the final line ""Answer: Yes"" or ""Answer: No"" — no other text.

A: no_evident_not_lovely_smiling_staff
B: staff_enforce_cancellation_charge
Answer:
",no_evident_not_lovely_smiling_staff,staff_enforce_cancellation_charge,Yes
828,"Task: decide if Proposition B contradicts Assumption A.

Steps:
1. A defends a claim (strip ""no_evident_not_"" / ""have_evident_"" to see it).
2. B states a fact.
3. Does B disprove A's claim? Same specific issue only, not just same topic.

Output pattern (always use this exact shape):
A: <phrase>
B: <phrase>
Answer: Yes/No

Examples:

A: no_evident_not_easy_check-in
B: customer_wait_10_minute_for_greet
Answer: Yes

A: no_evident_not_easy_check-in
B: no_one_give_key_on_late_check-in
Answer: No

A: no_evident_not_great_quality
B: shampoo_seem_cheap_considering_hotel_cost
Answer: Yes

A: no_evident_not_great_quality
B: expensive_hotel
Answer: No

Now answer for this pair. Output ONLY the final line ""Answer: Yes"" or ""Answer: No"" — no other text.

A: no_evident_not_lovely_smiling_staff
B: only_one_staff_wear_mask
Answer:
",no_evident_not_lovely_smiling_staff,only_one_staff_wear_mask,Yes
838,"Task: decide if Proposition B contradicts Assumption A.

Steps:
1. A defends a claim (strip ""no_evident_not_"" / ""have_evident_"" to see it).
2. B states a fact.
3. Does B disprove A's claim? Same specific issue only, not just same topic.

Output pattern (always use this exact shape):
A: <phrase>
B: <phrase>
Answer: Yes/No

Examples:

A: no_evident_not_easy_check-in
B: customer_wait_10_minute_for_greet
Answer: Yes

A: no_evident_not_easy_check-in
B: no_one_give_key_on_late_check-in
Answer: No

A: no_evident_not_great_quality
B: shampoo_seem_cheap_considering_hotel_cost
Answer: Yes

A: no_evident_not_great_quality
B: expensive_hotel
Answer: No

Now answer for this pair. Output ONLY the final line ""Answer: Yes"" or ""Answer: No"" — no other text.

A: no_evident_not_staff_alway_assist
B: staff_fail_to_guest_request
Answer:
",no_evident_not_staff_alway_assist,staff_fail_to_guest_request,Yes
840,"Task: decide if Proposition B contradicts Assumption A.

Steps:
1. A defends a claim (strip ""no_evident_not_"" / ""have_evident_"" to see it).
2. B states a fact.
3. Does B disprove A's claim? Same specific issue only, not just same topic.

Output pattern (always use this exact shape):
A: <phrase>
B: <phrase>
Answer: Yes/No

Examples:

A: no_evident_not_easy_check-in
B: customer_wait_10_minute_for_greet
Answer: Yes

A: no_evident_not_easy_check-in
B: no_one_give_key_on_late_check-in
Answer: No

A: no_evident_not_great_quality
B: shampoo_seem_cheap_considering_hotel_cost
Answer: Yes

A: no_evident_not_great_quality
B: expensive_hotel
Answer: No

Now answer for this pair. Output ONLY the final line ""Answer: Yes"" or ""Answer: No"" — no other text.

A: no_evident_not_staff_alway_assist
B: offended_staff
Answer:
",no_evident_not_staff_alway_assist,offended_staff,Yes
843,"Task: decide if Proposition B contradicts Assumption A.

Steps:
1. A defends a claim (strip ""no_evident_not_"" / ""have_evident_"" to see it).
2. B states a fact.
3. Does B disprove A's claim? Same specific issue only, not just same topic.

Output pattern (always use this exact shape):
A: <phrase>
B: <phrase>
Answer: Yes/No

Examples:

A: no_evident_not_easy_check-in
B: customer_wait_10_minute_for_greet
Answer: Yes

A: no_evident_not_easy_check-in
B: no_one_give_key_on_late_check-in
Answer: No

A: no_evident_not_great_quality
B: shampoo_seem_cheap_considering_hotel_cost
Answer: Yes

A: no_evident_not_great_quality
B: expensive_hotel
Answer: No

Now answer for this pair. Output ONLY the final line ""Answer: Yes"" or ""Answer: No"" — no other text.

A: no_evident_not_staff_alway_assist
B: staff_enforce_cancellation_charge
Answer:
",no_evident_not_staff_alway_assist,staff_enforce_cancellation_charge,Yes
849,"Task: decide if Proposition B contradicts Assumption A.

Steps:
1. A defends a claim (strip ""no_evident_not_"" / ""have_evident_"" to see it).
2. B states a fact.
3. Does B disprove A's claim? Same specific issue only, not just same topic.

Output pattern (always use this exact shape):
A: <phrase>
B: <phrase>
Answer: Yes/No

Examples:

A: no_evident_not_easy_check-in
B: customer_wait_10_minute_for_greet
Answer: Yes

A: no_evident_not_easy_check-in
B: no_one_give_key_on_late_check-in
Answer: No

A: no_evident_not_great_quality
B: shampoo_seem_cheap_considering_hotel_cost
Answer: Yes

A: no_evident_not_great_quality
B: expensive_hotel
Answer: No

Now answer for this pair. Output ONLY the final line ""Answer: Yes"" or ""Answer: No"" — no other text.

A: no_evident_not_staff_alway_assist
B: staff_not_understand_English_well
Answer:
",no_evident_not_staff_alway_assist,staff_not_understand_English_well,Yes
872,"Task: decide if Proposition B contradicts Assumption A.

Steps:
1. A defends a claim (strip ""no_evident_not_"" / ""have_evident_"" to see it).
2. B states a fact.
3. Does B disprove A's claim? Same specific issue only, not just same topic.

Output pattern (always use this exact shape):
A: <phrase>
B: <phrase>
Answer: Yes/No

Examples:

A: no_evident_not_easy_check-in
B: customer_wait_10_minute_for_greet
Answer: Yes

A: no_evident_not_easy_check-in
B: no_one_give_key_on_late_check-in
Answer: No

A: no_evident_not_great_quality
B: shampoo_seem_cheap_considering_hotel_cost
Answer: Yes

A: no_evident_not_great_quality
B: expensive_hotel
Answer: No

Now answer for this pair. Output ONLY the final line ""Answer: Yes"" or ""Answer: No"" — no other text.

A: no_evident_not_eager_to_assist
B: staff_not_understand_English_well
Answer:
",no_evident_not_eager_to_assist,staff_not_understand_English_well,Yes
877,"Task: decide if Proposition B contradicts Assumption A.

Steps:
1. A defends a claim (strip ""no_evident_not_"" / ""have_evident_"" to see it).
2. B states a fact.
3. Does B disprove A's claim? Same specific issue only, not just same topic.

Output pattern (always use this exact shape):
A: <phrase>
B: <phrase>
Answer: Yes/No

Examples:

A: no_evident_not_easy_check-in
B: customer_wait_10_minute_for_greet
Answer: Yes

A: no_evident_not_easy_check-in
B: no_one_give_key_on_late_check-in
Answer: No

A: no_evident_not_great_quality
B: shampoo_seem_cheap_considering_hotel_cost
Answer: Yes

A: no_evident_not_great_quality
B: expensive_hotel
Answer: No

Now answer for this pair. Output ONLY the final line ""Answer: Yes"" or ""Answer: No"" — no other text.

A: no_evident_not_can_not_do_enough_for_guest
B: staff_should_learn_better_English
Answer:
",no_evident_not_can_not_do_enough_for_guest,staff_should_learn_better_English,Yes
886,"Task: decide if Proposition B contradicts Assumption A.

Steps:
1. A defends a claim (strip ""no_evident_not_"" / ""have_evident_"" to see it).
2. B states a fact.
3. Does B disprove A's claim? Same specific issue only, not just same topic.

Output pattern (always use this exact shape):
A: <phrase>
B: <phrase>
Answer: Yes/No

Examples:

A: no_evident_not_easy_check-in
B: customer_wait_10_minute_for_greet
Answer: Yes

A: no_evident_not_easy_check-in
B: no_one_give_key_on_late_check-in
Answer: No

A: no_evident_not_great_quality
B: shampoo_seem_cheap_considering_hotel_cost
Answer: Yes

A: no_evident_not_great_quality
B: expensive_hotel
Answer: No

Now answer for this pair. Output ONLY the final line ""Answer: Yes"" or ""Answer: No"" — no other text.

A: no_evident_not_can_not_do_enough_for_guest
B: offended_staff
Answer:
",no_evident_not_can_not_do_enough_for_guest,offended_staff,Yes
896,"Task: decide if Proposition B contradicts Assumption A.

Steps:
1. A defends a claim (strip ""no_evident_not_"" / ""have_evident_"" to see it).
2. B states a fact.
3. Does B disprove A's claim? Same specific issue only, not just same topic.

Output pattern (always use this exact shape):
A: <phrase>
B: <phrase>
Answer: Yes/No

Examples:

A: no_evident_not_easy_check-in
B: customer_wait_10_minute_for_greet
Answer: Yes

A: no_evident_not_easy_check-in
B: no_one_give_key_on_late_check-in
Answer: No

A: no_evident_not_great_quality
B: shampoo_seem_cheap_considering_hotel_cost
Answer: Yes

A: no_evident_not_great_quality
B: expensive_hotel
Answer: No

Now answer for this pair. Output ONLY the final line ""Answer: Yes"" or ""Answer: No"" — no other text.

A: no_evident_not_can_not_do_enough_for_guest
B: staff_cannot_give_bus_to_airport_information
Answer:
",no_evident_not_can_not_do_enough_for_guest,staff_cannot_give_bus_to_airport_information,Yes
899,"Task: decide if Proposition B contradicts Assumption A.

Steps:
1. A defends a claim (strip ""no_evident_not_"" / ""have_evident_"" to see it).
2. B states a fact.
3. Does B disprove A's claim? Same specific issue only, not just same topic.

Output pattern (always use this exact shape):
A: <phrase>
B: <phrase>
Answer: Yes/No

Examples:

A: no_evident_not_easy_check-in
B: customer_wait_10_minute_for_greet
Answer: Yes

A: no_evident_not_easy_check-in
B: no_one_give_key_on_late_check-in
Answer: No

A: no_evident_not_great_quality
B: shampoo_seem_cheap_considering_hotel_cost
Answer: Yes

A: no_evident_not_great_quality
B: expensive_hotel
Answer: No

Now answer for this pair. Output ONLY the final line ""Answer: Yes"" or ""Answer: No"" — no other text.

A: no_evident_not_friendly_personal_staff
B: staff_clean_after_complaint
Answer:
",no_evident_not_friendly_personal_staff,staff_clean_after_complaint,No
913,"Task: decide if Proposition B contradicts Assumption A.

Steps:
1. A defends a claim (strip ""no_evident_not_"" / ""have_evident_"" to see it).
2. B states a fact.
3. Does B disprove A's claim? Same specific issue only, not just same topic.

Output pattern (always use this exact shape):
A: <phrase>
B: <phrase>
Answer: Yes/No

Examples:

A: no_evident_not_easy_check-in
B: customer_wait_10_minute_for_greet
Answer: Yes

A: no_evident_not_easy_check-in
B: no_one_give_key_on_late_check-in
Answer: No

A: no_evident_not_great_quality
B: shampoo_seem_cheap_considering_hotel_cost
Answer: Yes

A: no_evident_not_great_quality
B: expensive_hotel
Answer: No

Now answer for this pair. Output ONLY the final line ""Answer: Yes"" or ""Answer: No"" — no other text.

A: no_evident_not_friendly_personal_staff
B: staff_mistakenly_throw_valuable_item_during_cleaning_service
Answer:
",no_evident_not_friendly_personal_staff,staff_mistakenly_throw_valuable_item_during_cleaning_service,Yes
914,"Task: decide if Proposition B contradicts Assumption A.

Steps:
1. A defends a claim (strip ""no_evident_not_"" / ""have_evident_"" to see it).
2. B states a fact.
3. Does B disprove A's claim? Same specific issue only, not just same topic.

Output pattern (always use this exact shape):
A: <phrase>
B: <phrase>
Answer: Yes/No

Examples:

A: no_evident_not_easy_check-in
B: customer_wait_10_minute_for_greet
Answer: Yes

A: no_evident_not_easy_check-in
B: no_one_give_key_on_late_check-in
Answer: No

A: no_evident_not_great_quality
B: shampoo_seem_cheap_considering_hotel_cost
Answer: Yes

A: no_evident_not_great_quality
B: expensive_hotel
Answer: No

Now answer for this pair. Output ONLY the final line ""Answer: Yes"" or ""Answer: No"" — no other text.

A: no_evident_not_friendly_personal_staff
B: staff_not_provide_good_solution
Answer:
",no_evident_not_friendly_personal_staff,staff_not_provide_good_solution,Yes
917,"Task: decide if Proposition B contradicts Assumption A.

Steps:
1. A defends a claim (strip ""no_evident_not_"" / ""have_evident_"" to see it).
2. B states a fact.
3. Does B disprove A's claim? Same specific issue only, not just same topic.

Output pattern (always use this exact shape):
A: <phrase>
B: <phrase>
Answer: Yes/No

Examples:

A: no_evident_not_easy_check-in
B: customer_wait_10_minute_for_greet
Answer: Yes

A: no_evident_not_easy_check-in
B: no_one_give_key_on_late_check-in
Answer: No

A: no_evident_not_great_quality
B: shampoo_seem_cheap_considering_hotel_cost
Answer: Yes

A: no_evident_not_great_quality
B: expensive_hotel
Answer: No

Now answer for this pair. Output ONLY the final line ""Answer: Yes"" or ""Answer: No"" — no other text.

A: no_evident_not_friendly_personal_staff
B: no_staff_at_night
Answer:
",no_evident_not_friendly_personal_staff,no_staff_at_night,Yes
939,"Task: decide if Proposition B contradicts Assumption A.

Steps:
1. A defends a claim (strip ""no_evident_not_"" / ""have_evident_"" to see it).
2. B states a fact.
3. Does B disprove A's claim? Same specific issue only, not just same topic.

Output pattern (always use this exact shape):
A: <phrase>
B: <phrase>
Answer: Yes/No

Examples:

A: no_evident_not_easy_check-in
B: customer_wait_10_minute_for_greet
Answer: Yes

A: no_evident_not_easy_check-in
B: no_one_give_key_on_late_check-in
Answer: No

A: no_evident_not_great_quality
B: shampoo_seem_cheap_considering_hotel_cost
Answer: Yes

A: no_evident_not_great_quality
B: expensive_hotel
Answer: No

Now answer for this pair. Output ONLY the final line ""Answer: Yes"" or ""Answer: No"" — no other text.

A: no_evident_not_excellent_service
B: staff_not_speak_Cypriot_language
Answer:
",no_evident_not_excellent_service,staff_not_speak_Cypriot_language,Yes
946,"Task: decide if Proposition B contradicts Assumption A.

Steps:
1. A defends a claim (strip ""no_evident_not_"" / ""have_evident_"" to see it).
2. B states a fact.
3. Does B disprove A's claim? Same specific issue only, not just same topic.

Output pattern (always use this exact shape):
A: <phrase>
B: <phrase>
Answer: Yes/No

Examples:

A: no_evident_not_easy_check-in
B: customer_wait_10_minute_for_greet
Answer: Yes

A: no_evident_not_easy_check-in
B: no_one_give_key_on_late_check-in
Answer: No

A: no_evident_not_great_quality
B: shampoo_seem_cheap_considering_hotel_cost
Answer: Yes

A: no_evident_not_great_quality
B: expensive_hotel
Answer: No

Now answer for this pair. Output ONLY the final line ""Answer: Yes"" or ""Answer: No"" — no other text.

A: no_evident_not_hospitable_staff
B: staff_should_learn_better_English
Answer:
",no_evident_not_hospitable_staff,staff_should_learn_better_English,Yes
983,"Task: decide if Proposition B contradicts Assumption A.

Steps:
1. A defends a claim (strip ""no_evident_not_"" / ""have_evident_"" to see it).
2. B states a fact.
3. Does B disprove A's claim? Same specific issue only, not just same topic.

Output pattern (always use this exact shape):
A: <phrase>
B: <phrase>
Answer: Yes/No

Examples:

A: no_evident_not_easy_check-in
B: customer_wait_10_minute_for_greet
Answer: Yes

A: no_evident_not_easy_check-in
B: no_one_give_key_on_late_check-in
Answer: No

A: no_evident_not_great_quality
B: shampoo_seem_cheap_considering_hotel_cost
Answer: Yes

A: no_evident_not_great_quality
B: expensive_hotel
Answer: No

Now answer for this pair. Output ONLY the final line ""Answer: Yes"" or ""Answer: No"" — no other text.

A: no_evident_not_excellent_staff
B: staff_not_provide_good_solution
Answer:
",no_evident_not_excellent_staff,staff_not_provide_good_solution,Yes
992,"Task: decide if Proposition B contradicts Assumption A.

Steps:
1. A defends a claim (strip ""no_evident_not_"" / ""have_evident_"" to see it).
2. B states a fact.
3. Does B disprove A's claim? Same specific issue only, not just same topic.

Output pattern (always use this exact shape):
A: <phrase>
B: <phrase>
Answer: Yes/No

Examples:

A: no_evident_not_easy_check-in
B: customer_wait_10_minute_for_greet
Answer: Yes

A: no_evident_not_easy_check-in
B: no_one_give_key_on_late_check-in
Answer: No

A: no_evident_not_great_quality
B: shampoo_seem_cheap_considering_hotel_cost
Answer: Yes

A: no_evident_not_great_quality
B: expensive_hotel
Answer: No

Now answer for this pair. Output ONLY the final line ""Answer: Yes"" or ""Answer: No"" — no other text.

A: no_evident_not_impressed_staff
B: staff_should_learn_better_English
Answer:
",no_evident_not_impressed_staff,staff_should_learn_better_English,Yes
1023,"Task: decide if Proposition B contradicts Assumption A.

Steps:
1. A defends a claim (strip ""no_evident_not_"" / ""have_evident_"" to see it).
2. B states a fact.
3. Does B disprove A's claim? Same specific issue only, not just same topic.

Output pattern (always use this exact shape):
A: <phrase>
B: <phrase>
Answer: Yes/No

Examples:

A: no_evident_not_easy_check-in
B: customer_wait_10_minute_for_greet
Answer: Yes

A: no_evident_not_easy_check-in
B: no_one_give_key_on_late_check-in
Answer: No

A: no_evident_not_great_quality
B: shampoo_seem_cheap_considering_hotel_cost
Answer: Yes

A: no_evident_not_great_quality
B: expensive_hotel
Answer: No

Now answer for this pair. Output ONLY the final line ""Answer: Yes"" or ""Answer: No"" — no other text.

A: no_evident_not_staff_email_to_ask_arriving_time
B: staff_cannot_provide_double_bed
Answer:
",no_evident_not_staff_email_to_ask_arriving_time,staff_cannot_provide_double_bed,Yes
1031,"Task: decide if Proposition B contradicts Assumption A.

Steps:
1. A defends a claim (strip ""no_evident_not_"" / ""have_evident_"" to see it).
2. B states a fact.
3. Does B disprove A's claim? Same specific issue only, not just same topic.

Output pattern (always use this exact shape):
A: <phrase>
B: <phrase>
Answer: Yes/No

Examples:

A: no_evident_not_easy_check-in
B: customer_wait_10_minute_for_greet
Answer: Yes

A: no_evident_not_easy_check-in
B: no_one_give_key_on_late_check-in
Answer: No

A: no_evident_not_great_quality
B: shampoo_seem_cheap_considering_hotel_cost
Answer: Yes

A: no_evident_not_great_quality
B: expensive_hotel
Answer: No

Now answer for this pair. Output ONLY the final line ""Answer: Yes"" or ""Answer: No"" — no other text.

A: no_evident_not_staff_email_to_ask_arriving_time
B: staff_not_speak_Cypriot_language
Answer:
",no_evident_not_staff_email_to_ask_arriving_time,staff_not_speak_Cypriot_language,Yes
1045,"Task: decide if Proposition B contradicts Assumption A.

Steps:
1. A defends a claim (strip ""no_evident_not_"" / ""have_evident_"" to see it).
2. B states a fact.
3. Does B disprove A's claim? Same specific issue only, not just same topic.

Output pattern (always use this exact shape):
A: <phrase>
B: <phrase>
Answer: Yes/No

Examples:

A: no_evident_not_easy_check-in
B: customer_wait_10_minute_for_greet
Answer: Yes

A: no_evident_not_easy_check-in
B: no_one_give_key_on_late_check-in
Answer: No

A: no_evident_not_great_quality
B: shampoo_seem_cheap_considering_hotel_cost
Answer: Yes

A: no_evident_not_great_quality
B: expensive_hotel
Answer: No

Now answer for this pair. Output ONLY the final line ""Answer: Yes"" or ""Answer: No"" — no other text.

A: no_evident_not_perfect_staff
B: staff_fail_to_guest_request
Answer:
",no_evident_not_perfect_staff,staff_fail_to_guest_request,Yes
1052,"Task: decide if Proposition B contradicts Assumption A.

Steps:
1. A defends a claim (strip ""no_evident_not_"" / ""have_evident_"" to see it).
2. B states a fact.
3. Does B disprove A's claim? Same specific issue only, not just same topic.

Output pattern (always use this exact shape):
A: <phrase>
B: <phrase>
Answer: Yes/No

Examples:

A: no_evident_not_easy_check-in
B: customer_wait_10_minute_for_greet
Answer: Yes

A: no_evident_not_easy_check-in
B: no_one_give_key_on_late_check-in
Answer: No

A: no_evident_not_great_quality
B: shampoo_seem_cheap_considering_hotel_cost
Answer: Yes

A: no_evident_not_great_quality
B: expensive_hotel
Answer: No

Now answer for this pair. Output ONLY the final line ""Answer: Yes"" or ""Answer: No"" — no other text.

A: no_evident_not_perfect_staff
B: staff_not_provide_good_solution
Answer:
",no_evident_not_perfect_staff,staff_not_provide_good_solution,Yes
1072,"Task: decide if Proposition B contradicts Assumption A.

Steps:
1. A defends a claim (strip ""no_evident_not_"" / ""have_evident_"" to see it).
2. B states a fact.
3. Does B disprove A's claim? Same specific issue only, not just same topic.

Output pattern (always use this exact shape):
A: <phrase>
B: <phrase>
Answer: Yes/No

Examples:

A: no_evident_not_easy_check-in
B: customer_wait_10_minute_for_greet
Answer: Yes

A: no_evident_not_easy_check-in
B: no_one_give_key_on_late_check-in
Answer: No

A: no_evident_not_great_quality
B: shampoo_seem_cheap_considering_hotel_cost
Answer: Yes

A: no_evident_not_great_quality
B: expensive_hotel
Answer: No

Now answer for this pair. Output ONLY the final line ""Answer: Yes"" or ""Answer: No"" — no other text.

A: no_evident_not_fantastic_service
B: staff_charge_for_cancellation_while_no_cancellation_charge_in_Booking.com
Answer:
",no_evident_not_fantastic_service,staff_charge_for_cancellation_while_no_cancellation_charge_in_Booking.com,Yes
1073,"Task: decide if Proposition B contradicts Assumption A.

Steps:
1. A defends a claim (strip ""no_evident_not_"" / ""have_evident_"" to see it).
2. B states a fact.
3. Does B disprove A's claim? Same specific issue only, not just same topic.

Output pattern (always use this exact shape):
A: <phrase>
B: <phrase>
Answer: Yes/No

Examples:

A: no_evident_not_easy_check-in
B: customer_wait_10_minute_for_greet
Answer: Yes

A: no_evident_not_easy_check-in
B: no_one_give_key_on_late_check-in
Answer: No

A: no_evident_not_great_quality
B: shampoo_seem_cheap_considering_hotel_cost
Answer: Yes

A: no_evident_not_great_quality
B: expensive_hotel
Answer: No

Now answer for this pair. Output ONLY the final line ""Answer: Yes"" or ""Answer: No"" — no other text.

A: no_evident_not_fantastic_service
B: staff_enforce_cancellation_charge
Answer:
",no_evident_not_fantastic_service,staff_enforce_cancellation_charge,Yes
1084,"Task: decide if Proposition B contradicts Assumption A.

Steps:
1. A defends a claim (strip ""no_evident_not_"" / ""have_evident_"" to see it).
2. B states a fact.
3. Does B disprove A's claim? Same specific issue only, not just same topic.

Output pattern (always use this exact shape):
A: <phrase>
B: <phrase>
Answer: Yes/No

Examples:

A: no_evident_not_easy_check-in
B: customer_wait_10_minute_for_greet
Answer: Yes

A: no_evident_not_easy_check-in
B: no_one_give_key_on_late_check-in
Answer: No

A: no_evident_not_great_quality
B: shampoo_seem_cheap_considering_hotel_cost
Answer: Yes

A: no_evident_not_great_quality
B: expensive_hotel
Answer: No

Now answer for this pair. Output ONLY the final line ""Answer: Yes"" or ""Answer: No"" — no other text.

A: no_evident_not_kindest_staff
B: staff_should_learn_better_English
Answer:
",no_evident_not_kindest_staff,staff_should_learn_better_English,Yes
1086,"Task: decide if Proposition B contradicts Assumption A.

Steps:
1. A defends a claim (strip ""no_evident_not_"" / ""have_evident_"" to see it).
2. B states a fact.
3. Does B disprove A's claim? Same specific issue only, not just same topic.

Output pattern (always use this exact shape):
A: <phrase>
B: <phrase>
Answer: Yes/No

Examples:

A: no_evident_not_easy_check-in
B: customer_wait_10_minute_for_greet
Answer: Yes

A: no_evident_not_easy_check-in
B: no_one_give_key_on_late_check-in
Answer: No

A: no_evident_not_great_quality
B: shampoo_seem_cheap_considering_hotel_cost
Answer: Yes

A: no_evident_not_great_quality
B: expensive_hotel
Answer: No

Now answer for this pair. Output ONLY the final line ""Answer: Yes"" or ""Answer: No"" — no other text.

A: no_evident_not_kindest_staff
B: staff_need_improve_collaboration
Answer:
",no_evident_not_kindest_staff,staff_need_improve_collaboration,Yes
1101,"Task: decide if Proposition B contradicts Assumption A.

Steps:
1. A defends a claim (strip ""no_evident_not_"" / ""have_evident_"" to see it).
2. B states a fact.
3. Does B disprove A's claim? Same specific issue only, not just same topic.

Output pattern (always use this exact shape):
A: <phrase>
B: <phrase>
Answer: Yes/No

Examples:

A: no_evident_not_easy_check-in
B: customer_wait_10_minute_for_greet
Answer: Yes

A: no_evident_not_easy_check-in
B: no_one_give_key_on_late_check-in
Answer: No

A: no_evident_not_great_quality
B: shampoo_seem_cheap_considering_hotel_cost
Answer: Yes

A: no_evident_not_great_quality
B: expensive_hotel
Answer: No

Now answer for this pair. Output ONLY the final line ""Answer: Yes"" or ""Answer: No"" — no other text.

A: no_evident_not_kindest_staff
B: no_staff_at_night
Answer:
",no_evident_not_kindest_staff,no_staff_at_night,Yes
1134,"Task: decide if Proposition B contradicts Assumption A.

Steps:
1. A defends a claim (strip ""no_evident_not_"" / ""have_evident_"" to see it).
2. B states a fact.
3. Does B disprove A's claim? Same specific issue only, not just same topic.

Output pattern (always use this exact shape):
A: <phrase>
B: <phrase>
Answer: Yes/No

Examples:

A: no_evident_not_easy_check-in
B: customer_wait_10_minute_for_greet
Answer: Yes

A: no_evident_not_easy_check-in
B: no_one_give_key_on_late_check-in
Answer: No

A: no_evident_not_great_quality
B: shampoo_seem_cheap_considering_hotel_cost
Answer: Yes

A: no_evident_not_great_quality
B: expensive_hotel
Answer: No

Now answer for this pair. Output ONLY the final line ""Answer: Yes"" or ""Answer: No"" — no other text.

A: no_evident_not_impeccable_service
B: not_kind_staff
Answer:
",no_evident_not_impeccable_service,not_kind_staff,Yes
1144,"Task: decide if Proposition B contradicts Assumption A.

Steps:
1. A defends a claim (strip ""no_evident_not_"" / ""have_evident_"" to see it).
2. B states a fact.
3. Does B disprove A's claim? Same specific issue only, not just same topic.

Output pattern (always use this exact shape):
A: <phrase>
B: <phrase>
Answer: Yes/No

Examples:

A: no_evident_not_easy_check-in
B: customer_wait_10_minute_for_greet
Answer: Yes

A: no_evident_not_easy_check-in
B: no_one_give_key_on_late_check-in
Answer: No

A: no_evident_not_great_quality
B: shampoo_seem_cheap_considering_hotel_cost
Answer: Yes

A: no_evident_not_great_quality
B: expensive_hotel
Answer: No

Now answer for this pair. Output ONLY the final line ""Answer: Yes"" or ""Answer: No"" — no other text.

A: no_evident_not_impeccable_service
B: staff_not_provide_good_solution
Answer:
",no_evident_not_impeccable_service,staff_not_provide_good_solution,Yes
1149,"Task: decide if Proposition B contradicts Assumption A.

Steps:
1. A defends a claim (strip ""no_evident_not_"" / ""have_evident_"" to see it).
2. B states a fact.
3. Does B disprove A's claim? Same specific issue only, not just same topic.

Output pattern (always use this exact shape):
A: <phrase>
B: <phrase>
Answer: Yes/No

Examples:

A: no_evident_not_easy_check-in
B: customer_wait_10_minute_for_greet
Answer: Yes

A: no_evident_not_easy_check-in
B: no_one_give_key_on_late_check-in
Answer: No

A: no_evident_not_great_quality
B: shampoo_seem_cheap_considering_hotel_cost
Answer: Yes

A: no_evident_not_great_quality
B: expensive_hotel
Answer: No

Now answer for this pair. Output ONLY the final line ""Answer: Yes"" or ""Answer: No"" — no other text.

A: no_evident_not_impeccable_service
B: staff_cannot_give_bus_to_airport_information
Answer:
",no_evident_not_impeccable_service,staff_cannot_give_bus_to_airport_information,Yes
1171,"Task: decide if Proposition B contradicts Assumption A.

Steps:
1. A defends a claim (strip ""no_evident_not_"" / ""have_evident_"" to see it).
2. B states a fact.
3. Does B disprove A's claim? Same specific issue only, not just same topic.

Output pattern (always use this exact shape):
A: <phrase>
B: <phrase>
Answer: Yes/No

Examples:

A: no_evident_not_easy_check-in
B: customer_wait_10_minute_for_greet
Answer: Yes

A: no_evident_not_easy_check-in
B: no_one_give_key_on_late_check-in
Answer: No

A: no_evident_not_great_quality
B: shampoo_seem_cheap_considering_hotel_cost
Answer: Yes

A: no_evident_not_great_quality
B: expensive_hotel
Answer: No

Now answer for this pair. Output ONLY the final line ""Answer: Yes"" or ""Answer: No"" — no other text.

A: no_evident_not_kind_personal_staff
B: staff_not_understand_English_well
Answer:
",no_evident_not_kind_personal_staff,staff_not_understand_English_well,Yes
1214,"Task: decide if Proposition B contradicts Assumption A.

Steps:
1. A defends a claim (strip ""no_evident_not_"" / ""have_evident_"" to see it).
2. B states a fact.
3. Does B disprove A's claim? Same specific issue only, not just same topic.

Output pattern (always use this exact shape):
A: <phrase>
B: <phrase>
Answer: Yes/No

Examples:

A: no_evident_not_easy_check-in
B: customer_wait_10_minute_for_greet
Answer: Yes

A: no_evident_not_easy_check-in
B: no_one_give_key_on_late_check-in
Answer: No

A: no_evident_not_great_quality
B: shampoo_seem_cheap_considering_hotel_cost
Answer: Yes

A: no_evident_not_great_quality
B: expensive_hotel
Answer: No

Now answer for this pair. Output ONLY the final line ""Answer: Yes"" or ""Answer: No"" — no other text.

A: no_evident_not_staff_make_everything_possible
B: staff_has_unaceptable_manner
Answer:
",no_evident_not_staff_make_everything_possible,staff_has_unaceptable_manner,Yes
1222,"Task: decide if Proposition B contradicts Assumption A.

Steps:
1. A defends a claim (strip ""no_evident_not_"" / ""have_evident_"" to see it).
2. B states a fact.
3. Does B disprove A's claim? Same specific issue only, not just same topic.

Output pattern (always use this exact shape):
A: <phrase>
B: <phrase>
Answer: Yes/No

Examples:

A: no_evident_not_easy_check-in
B: customer_wait_10_minute_for_greet
Answer: Yes

A: no_evident_not_easy_check-in
B: no_one_give_key_on_late_check-in
Answer: No

A: no_evident_not_great_quality
B: shampoo_seem_cheap_considering_hotel_cost
Answer: Yes

A: no_evident_not_great_quality
B: expensive_hotel
Answer: No

Now answer for this pair. Output ONLY the final line ""Answer: Yes"" or ""Answer: No"" — no other text.

A: no_evident_not_staff_let_us_into_room_soon
B: staff_should_learn_better_English
Answer:
",no_evident_not_staff_let_us_into_room_soon,staff_should_learn_better_English,Yes
1253,"Task: decide if Proposition B contradicts Assumption A.

Steps:
1. A defends a claim (strip ""no_evident_not_"" / ""have_evident_"" to see it).
2. B states a fact.
3. Does B disprove A's claim? Same specific issue only, not just same topic.

Output pattern (always use this exact shape):
A: <phrase>
B: <phrase>
Answer: Yes/No

Examples:

A: no_evident_not_easy_check-in
B: customer_wait_10_minute_for_greet
Answer: Yes

A: no_evident_not_easy_check-in
B: no_one_give_key_on_late_check-in
Answer: No

A: no_evident_not_great_quality
B: shampoo_seem_cheap_considering_hotel_cost
Answer: Yes

A: no_evident_not_great_quality
B: expensive_hotel
Answer: No

Now answer for this pair. Output ONLY the final line ""Answer: Yes"" or ""Answer: No"" — no other text.

A: no_evident_not_staff_arrange_airport_taxi
B: staff_cannot_provide_double_bed
Answer:
",no_evident_not_staff_arrange_airport_taxi,staff_cannot_provide_double_bed,Yes
1267,"Task: decide if Proposition B contradicts Assumption A.

Steps:
1. A defends a claim (strip ""no_evident_not_"" / ""have_evident_"" to see it).
2. B states a fact.
3. Does B disprove A's claim? Same specific issue only, not just same topic.

Output pattern (always use this exact shape):
A: <phrase>
B: <phrase>
Answer: Yes/No

Examples:

A: no_evident_not_easy_check-in
B: customer_wait_10_minute_for_greet
Answer: Yes

A: no_evident_not_easy_check-in
B: no_one_give_key_on_late_check-in
Answer: No

A: no_evident_not_great_quality
B: shampoo_seem_cheap_considering_hotel_cost
Answer: Yes

A: no_evident_not_great_quality
B: expensive_hotel
Answer: No

Now answer for this pair. Output ONLY the final line ""Answer: Yes"" or ""Answer: No"" — no other text.

A: no_evident_not_staff_quick_check-in
B: staff_clean_after_complaint
Answer:
",no_evident_not_staff_quick_check-in,staff_clean_after_complaint,No
1269,"Task: decide if Proposition B contradicts Assumption A.

Steps:
1. A defends a claim (strip ""no_evident_not_"" / ""have_evident_"" to see it).
2. B states a fact.
3. Does B disprove A's claim? Same specific issue only, not just same topic.

Output pattern (always use this exact shape):
A: <phrase>
B: <phrase>
Answer: Yes/No

Examples:

A: no_evident_not_easy_check-in
B: customer_wait_10_minute_for_greet
Answer: Yes

A: no_evident_not_easy_check-in
B: no_one_give_key_on_late_check-in
Answer: No

A: no_evident_not_great_quality
B: shampoo_seem_cheap_considering_hotel_cost
Answer: Yes

A: no_evident_not_great_quality
B: expensive_hotel
Answer: No

Now answer for this pair. Output ONLY the final line ""Answer: Yes"" or ""Answer: No"" — no other text.

A: no_evident_not_staff_quick_check-in
B: staff_need_improve_organization
Answer:
",no_evident_not_staff_quick_check-in,staff_need_improve_organization,Yes
1274,"Task: decide if Proposition B contradicts Assumption A.

Steps:
1. A defends a claim (strip ""no_evident_not_"" / ""have_evident_"" to see it).
2. B states a fact.
3. Does B disprove A's claim? Same specific issue only, not just same topic.

Output pattern (always use this exact shape):
A: <phrase>
B: <phrase>
Answer: Yes/No

Examples:

A: no_evident_not_easy_check-in
B: customer_wait_10_minute_for_greet
Answer: Yes

A: no_evident_not_easy_check-in
B: no_one_give_key_on_late_check-in
Answer: No

A: no_evident_not_great_quality
B: shampoo_seem_cheap_considering_hotel_cost
Answer: Yes

A: no_evident_not_great_quality
B: expensive_hotel
Answer: No

Now answer for this pair. Output ONLY the final line ""Answer: Yes"" or ""Answer: No"" — no other text.

A: no_evident_not_staff_quick_check-in
B: staff_fail_to_communicate_with_taxi
Answer:
",no_evident_not_staff_quick_check-in,staff_fail_to_communicate_with_taxi,Yes
1290,"Task: decide if Proposition B contradicts Assumption A.

Steps:
1. A defends a claim (strip ""no_evident_not_"" / ""have_evident_"" to see it).
2. B states a fact.
3. Does B disprove A's claim? Same specific issue only, not just same topic.

Output pattern (always use this exact shape):
A: <phrase>
B: <phrase>
Answer: Yes/No

Examples:

A: no_evident_not_easy_check-in
B: customer_wait_10_minute_for_greet
Answer: Yes

A: no_evident_not_easy_check-in
B: no_one_give_key_on_late_check-in
Answer: No

A: no_evident_not_great_quality
B: shampoo_seem_cheap_considering_hotel_cost
Answer: Yes

A: no_evident_not_great_quality
B: expensive_hotel
Answer: No

Now answer for this pair. Output ONLY the final line ""Answer: Yes"" or ""Answer: No"" — no other text.

A: no_evident_not_stored_luggage_for_us
B: staff_clean_after_complaint
Answer:
",no_evident_not_stored_luggage_for_us,staff_clean_after_complaint,No
1293,"Task: decide if Proposition B contradicts Assumption A.

Steps:
1. A defends a claim (strip ""no_evident_not_"" / ""have_evident_"" to see it).
2. B states a fact.
3. Does B disprove A's claim? Same specific issue only, not just same topic.

Output pattern (always use this exact shape):
A: <phrase>
B: <phrase>
Answer: Yes/No

Examples:

A: no_evident_not_easy_check-in
B: customer_wait_10_minute_for_greet
Answer: Yes

A: no_evident_not_easy_check-in
B: no_one_give_key_on_late_check-in
Answer: No

A: no_evident_not_great_quality
B: shampoo_seem_cheap_considering_hotel_cost
Answer: Yes

A: no_evident_not_great_quality
B: expensive_hotel
Answer: No

Now answer for this pair. Output ONLY the final line ""Answer: Yes"" or ""Answer: No"" — no other text.

A: no_evident_not_stored_luggage_for_us
B: staff_need_improve_collaboration
Answer:
",no_evident_not_stored_luggage_for_us,staff_need_improve_collaboration,No
1296,"Task: decide if Proposition B contradicts Assumption A.

Steps:
1. A defends a claim (strip ""no_evident_not_"" / ""have_evident_"" to see it).
2. B states a fact.
3. Does B disprove A's claim? Same specific issue only, not just same topic.

Output pattern (always use this exact shape):
A: <phrase>
B: <phrase>
Answer: Yes/No

Examples:

A: no_evident_not_easy_check-in
B: customer_wait_10_minute_for_greet
Answer: Yes

A: no_evident_not_easy_check-in
B: no_one_give_key_on_late_check-in
Answer: No

A: no_evident_not_great_quality
B: shampoo_seem_cheap_considering_hotel_cost
Answer: Yes

A: no_evident_not_great_quality
B: expensive_hotel
Answer: No

Now answer for this pair. Output ONLY the final line ""Answer: Yes"" or ""Answer: No"" — no other text.

A: no_evident_not_stored_luggage_for_us
B: no_empathy_staff
Answer:
",no_evident_not_stored_luggage_for_us,no_empathy_staff,Yes
1305,"Task: decide if Proposition B contradicts Assumption A.

Steps:
1. A defends a claim (strip ""no_evident_not_"" / ""have_evident_"" to see it).
2. B states a fact.
3. Does B disprove A's claim? Same specific issue only, not just same topic.

Output pattern (always use this exact shape):
A: <phrase>
B: <phrase>
Answer: Yes/No

Examples:

A: no_evident_not_easy_check-in
B: customer_wait_10_minute_for_greet
Answer: Yes

A: no_evident_not_easy_check-in
B: no_one_give_key_on_late_check-in
Answer: No

A: no_evident_not_great_quality
B: shampoo_seem_cheap_considering_hotel_cost
Answer: Yes

A: no_evident_not_great_quality
B: expensive_hotel
Answer: No

Now answer for this pair. Output ONLY the final line ""Answer: Yes"" or ""Answer: No"" — no other text.

A: no_evident_not_stored_luggage_for_us
B: staff_not_provide_good_solution
Answer:
",no_evident_not_stored_luggage_for_us,staff_not_provide_good_solution,Yes
1308,"Task: decide if Proposition B contradicts Assumption A.

Steps:
1. A defends a claim (strip ""no_evident_not_"" / ""have_evident_"" to see it).
2. B states a fact.
3. Does B disprove A's claim? Same specific issue only, not just same topic.

Output pattern (always use this exact shape):
A: <phrase>
B: <phrase>
Answer: Yes/No

Examples:

A: no_evident_not_easy_check-in
B: customer_wait_10_minute_for_greet
Answer: Yes

A: no_evident_not_easy_check-in
B: no_one_give_key_on_late_check-in
Answer: No

A: no_evident_not_great_quality
B: shampoo_seem_cheap_considering_hotel_cost
Answer: Yes

A: no_evident_not_great_quality
B: expensive_hotel
Answer: No

Now answer for this pair. Output ONLY the final line ""Answer: Yes"" or ""Answer: No"" — no other text.

A: no_evident_not_stored_luggage_for_us
B: no_staff_at_night
Answer:
",no_evident_not_stored_luggage_for_us,no_staff_at_night,Yes
1311,"Task: decide if Proposition B contradicts Assumption A.

Steps:
1. A defends a claim (strip ""no_evident_not_"" / ""have_evident_"" to see it).
2. B states a fact.
3. Does B disprove A's claim? Same specific issue only, not just same topic.

Output pattern (always use this exact shape):
A: <phrase>
B: <phrase>
Answer: Yes/No

Examples:

A: no_evident_not_easy_check-in
B: customer_wait_10_minute_for_greet
Answer: Yes

A: no_evident_not_easy_check-in
B: no_one_give_key_on_late_check-in
Answer: No

A: no_evident_not_great_quality
B: shampoo_seem_cheap_considering_hotel_cost
Answer: Yes

A: no_evident_not_great_quality
B: expensive_hotel
Answer: No

Now answer for this pair. Output ONLY the final line ""Answer: Yes"" or ""Answer: No"" — no other text.

A: no_evident_not_stored_luggage_for_us
B: only_one_staff_wear_mask
Answer:
",no_evident_not_stored_luggage_for_us,only_one_staff_wear_mask,Yes
1324,"Task: decide if Proposition B contradicts Assumption A.

Steps:
1. A defends a claim (strip ""no_evident_not_"" / ""have_evident_"" to see it).
2. B states a fact.
3. Does B disprove A's claim? Same specific issue only, not just same topic.

Output pattern (always use this exact shape):
A: <phrase>
B: <phrase>
Answer: Yes/No

Examples:

A: no_evident_not_easy_check-in
B: customer_wait_10_minute_for_greet
Answer: Yes

A: no_evident_not_easy_check-in
B: no_one_give_key_on_late_check-in
Answer: No

A: no_evident_not_great_quality
B: shampoo_seem_cheap_considering_hotel_cost
Answer: Yes

A: no_evident_not_great_quality
B: expensive_hotel
Answer: No

Now answer for this pair. Output ONLY the final line ""Answer: Yes"" or ""Answer: No"" — no other text.

A: no_evident_not_staff_call_taxi_for_us
B: staff_not_justify_booking_issue
Answer:
",no_evident_not_staff_call_taxi_for_us,staff_not_justify_booking_issue,Yes
1332,"Task: decide if Proposition B contradicts Assumption A.

Steps:
1. A defends a claim (strip ""no_evident_not_"" / ""have_evident_"" to see it).
2. B states a fact.
3. Does B disprove A's claim? Same specific issue only, not just same topic.

Output pattern (always use this exact shape):
A: <phrase>
B: <phrase>
Answer: Yes/No

Examples:

A: no_evident_not_easy_check-in
B: customer_wait_10_minute_for_greet
Answer: Yes

A: no_evident_not_easy_check-in
B: no_one_give_key_on_late_check-in
Answer: No

A: no_evident_not_great_quality
B: shampoo_seem_cheap_considering_hotel_cost
Answer: Yes

A: no_evident_not_great_quality
B: expensive_hotel
Answer: No

Now answer for this pair. Output ONLY the final line ""Answer: Yes"" or ""Answer: No"" — no other text.

A: no_evident_not_staff_call_taxi_for_us
B: staff_not_understand_English_well
Answer:
",no_evident_not_staff_call_taxi_for_us,staff_not_understand_English_well,Yes
1333,"Task: decide if Proposition B contradicts Assumption A.

Steps:
1. A defends a claim (strip ""no_evident_not_"" / ""have_evident_"" to see it).
2. B states a fact.
3. Does B disprove A's claim? Same specific issue only, not just same topic.

Output pattern (always use this exact shape):
A: <phrase>
B: <phrase>
Answer: Yes/No

Examples:

A: no_evident_not_easy_check-in
B: customer_wait_10_minute_for_greet
Answer: Yes

A: no_evident_not_easy_check-in
B: no_one_give_key_on_late_check-in
Answer: No

A: no_evident_not_great_quality
B: shampoo_seem_cheap_considering_hotel_cost
Answer: Yes

A: no_evident_not_great_quality
B: expensive_hotel
Answer: No

Now answer for this pair. Output ONLY the final line ""Answer: Yes"" or ""Answer: No"" — no other text.

A: no_evident_not_staff_call_taxi_for_us
B: staff_cannot_give_bus_to_airport_information
Answer:
",no_evident_not_staff_call_taxi_for_us,staff_cannot_give_bus_to_airport_information,Yes
1339,"Task: decide if Proposition B contradicts Assumption A.

Steps:
1. A defends a claim (strip ""no_evident_not_"" / ""have_evident_"" to see it).
2. B states a fact.
3. Does B disprove A's claim? Same specific issue only, not just same topic.

Output pattern (always use this exact shape):
A: <phrase>
B: <phrase>
Answer: Yes/No

Examples:

A: no_evident_not_easy_check-in
B: customer_wait_10_minute_for_greet
Answer: Yes

A: no_evident_not_easy_check-in
B: no_one_give_key_on_late_check-in
Answer: No

A: no_evident_not_great_quality
B: shampoo_seem_cheap_considering_hotel_cost
Answer: Yes

A: no_evident_not_great_quality
B: expensive_hotel
Answer: No

Now answer for this pair. Output ONLY the final line ""Answer: Yes"" or ""Answer: No"" — no other text.

A: no_evident_not_staff_agile_to_respond
B: staff_need_improve_collaboration
Answer:
",no_evident_not_staff_agile_to_respond,staff_need_improve_collaboration,Yes
1349,"Task: decide if Proposition B contradicts Assumption A.

Steps:
1. A defends a claim (strip ""no_evident_not_"" / ""have_evident_"" to see it).
2. B states a fact.
3. Does B disprove A's claim? Same specific issue only, not just same topic.

Output pattern (always use this exact shape):
A: <phrase>
B: <phrase>
Answer: Yes/No

Examples:

A: no_evident_not_easy_check-in
B: customer_wait_10_minute_for_greet
Answer: Yes

A: no_evident_not_easy_check-in
B: no_one_give_key_on_late_check-in
Answer: No

A: no_evident_not_great_quality
B: shampoo_seem_cheap_considering_hotel_cost
Answer: Yes

A: no_evident_not_great_quality
B: expensive_hotel
Answer: No

Now answer for this pair. Output ONLY the final line ""Answer: Yes"" or ""Answer: No"" — no other text.

A: no_evident_not_staff_agile_to_respond
B: staff_enforce_cancellation_charge
Answer:
",no_evident_not_staff_agile_to_respond,staff_enforce_cancellation_charge,Yes
1353,"Task: decide if Proposition B contradicts Assumption A.

Steps:
1. A defends a claim (strip ""no_evident_not_"" / ""have_evident_"" to see it).
2. B states a fact.
3. Does B disprove A's claim? Same specific issue only, not just same topic.

Output pattern (always use this exact shape):
A: <phrase>
B: <phrase>
Answer: Yes/No

Examples:

A: no_evident_not_easy_check-in
B: customer_wait_10_minute_for_greet
Answer: Yes

A: no_evident_not_easy_check-in
B: no_one_give_key_on_late_check-in
Answer: No

A: no_evident_not_great_quality
B: shampoo_seem_cheap_considering_hotel_cost
Answer: Yes

A: no_evident_not_great_quality
B: expensive_hotel
Answer: No

Now answer for this pair. Output ONLY the final line ""Answer: Yes"" or ""Answer: No"" — no other text.

A: no_evident_not_staff_agile_to_respond
B: staff_not_speak_Cypriot_language
Answer:
",no_evident_not_staff_agile_to_respond,staff_not_speak_Cypriot_language,Yes
1363,"Task: decide if Proposition B contradicts Assumption A.

Steps:
1. A defends a claim (strip ""no_evident_not_"" / ""have_evident_"" to see it).
2. B states a fact.
3. Does B disprove A's claim? Same specific issue only, not just same topic.

Output pattern (always use this exact shape):
A: <phrase>
B: <phrase>
Answer: Yes/No

Examples:

A: no_evident_not_easy_check-in
B: customer_wait_10_minute_for_greet
Answer: Yes

A: no_evident_not_easy_check-in
B: no_one_give_key_on_late_check-in
Answer: No

A: no_evident_not_great_quality
B: shampoo_seem_cheap_considering_hotel_cost
Answer: Yes

A: no_evident_not_great_quality
B: expensive_hotel
Answer: No

Now answer for this pair. Output ONLY the final line ""Answer: Yes"" or ""Answer: No"" — no other text.

A: no_evident_not_congenial_staff
B: staff_need_keep_update
Answer:
",no_evident_not_congenial_staff,staff_need_keep_update,No
1402,"Task: decide if Proposition B contradicts Assumption A.

Steps:
1. A defends a claim (strip ""no_evident_not_"" / ""have_evident_"" to see it).
2. B states a fact.
3. Does B disprove A's claim? Same specific issue only, not just same topic.

Output pattern (always use this exact shape):
A: <phrase>
B: <phrase>
Answer: Yes/No

Examples:

A: no_evident_not_easy_check-in
B: customer_wait_10_minute_for_greet
Answer: Yes

A: no_evident_not_easy_check-in
B: no_one_give_key_on_late_check-in
Answer: No

A: no_evident_not_great_quality
B: shampoo_seem_cheap_considering_hotel_cost
Answer: Yes

A: no_evident_not_great_quality
B: expensive_hotel
Answer: No

Now answer for this pair. Output ONLY the final line ""Answer: Yes"" or ""Answer: No"" — no other text.

A: no_evident_not_relative-like_staff
B: staff_cannot_give_bus_to_airport_information
Answer:
",no_evident_not_relative-like_staff,staff_cannot_give_bus_to_airport_information,Yes
1451,"Task: decide if Proposition B contradicts Assumption A.

Steps:
1. A defends a claim (strip ""no_evident_not_"" / ""have_evident_"" to see it).
2. B states a fact.
3. Does B disprove A's claim? Same specific issue only, not just same topic.

Output pattern (always use this exact shape):
A: <phrase>
B: <phrase>
Answer: Yes/No

Examples:

A: no_evident_not_easy_check-in
B: customer_wait_10_minute_for_greet
Answer: Yes

A: no_evident_not_easy_check-in
B: no_one_give_key_on_late_check-in
Answer: No

A: no_evident_not_great_quality
B: shampoo_seem_cheap_considering_hotel_cost
Answer: Yes

A: no_evident_not_great_quality
B: expensive_hotel
Answer: No

Now answer for this pair. Output ONLY the final line ""Answer: Yes"" or ""Answer: No"" — no other text.

A: no_evident_not_staff_make_difference
B: staff_clean_after_complaint
Answer:
",no_evident_not_staff_make_difference,staff_clean_after_complaint,No
1464,"Task: decide if Proposition B contradicts Assumption A.

Steps:
1. A defends a claim (strip ""no_evident_not_"" / ""have_evident_"" to see it).
2. B states a fact.
3. Does B disprove A's claim? Same specific issue only, not just same topic.

Output pattern (always use this exact shape):
A: <phrase>
B: <phrase>
Answer: Yes/No

Examples:

A: no_evident_not_easy_check-in
B: customer_wait_10_minute_for_greet
Answer: Yes

A: no_evident_not_easy_check-in
B: no_one_give_key_on_late_check-in
Answer: No

A: no_evident_not_great_quality
B: shampoo_seem_cheap_considering_hotel_cost
Answer: Yes

A: no_evident_not_great_quality
B: expensive_hotel
Answer: No

Now answer for this pair. Output ONLY the final line ""Answer: Yes"" or ""Answer: No"" — no other text.

A: no_evident_not_staff_make_difference
B: staff_enforce_cancellation_charge
Answer:
",no_evident_not_staff_make_difference,staff_enforce_cancellation_charge,Yes
1470,"Task: decide if Proposition B contradicts Assumption A.

Steps:
1. A defends a claim (strip ""no_evident_not_"" / ""have_evident_"" to see it).
2. B states a fact.
3. Does B disprove A's claim? Same specific issue only, not just same topic.

Output pattern (always use this exact shape):
A: <phrase>
B: <phrase>
Answer: Yes/No

Examples:

A: no_evident_not_easy_check-in
B: customer_wait_10_minute_for_greet
Answer: Yes

A: no_evident_not_easy_check-in
B: no_one_give_key_on_late_check-in
Answer: No

A: no_evident_not_great_quality
B: shampoo_seem_cheap_considering_hotel_cost
Answer: Yes

A: no_evident_not_great_quality
B: expensive_hotel
Answer: No

Now answer for this pair. Output ONLY the final line ""Answer: Yes"" or ""Answer: No"" — no other text.

A: no_evident_not_staff_make_difference
B: staff_not_understand_English_well
Answer:
",no_evident_not_staff_make_difference,staff_not_understand_English_well,Yes
1504,"Task: decide if Proposition B contradicts Assumption A.

Steps:
1. A defends a claim (strip ""no_evident_not_"" / ""have_evident_"" to see it).
2. B states a fact.
3. Does B disprove A's claim? Same specific issue only, not just same topic.

Output pattern (always use this exact shape):
A: <phrase>
B: <phrase>
Answer: Yes/No

Examples:

A: no_evident_not_easy_check-in
B: customer_wait_10_minute_for_greet
Answer: Yes

A: no_evident_not_easy_check-in
B: no_one_give_key_on_late_check-in
Answer: No

A: no_evident_not_great_quality
B: shampoo_seem_cheap_considering_hotel_cost
Answer: Yes

A: no_evident_not_great_quality
B: expensive_hotel
Answer: No

Now answer for this pair. Output ONLY the final line ""Answer: Yes"" or ""Answer: No"" — no other text.

A: no_evident_not_staff_aware_late_arraival
B: staff_fail_to_communicate_with_taxi
Answer:
",no_evident_not_staff_aware_late_arraival,staff_fail_to_communicate_with_taxi,Yes
1523,"Task: decide if Proposition B contradicts Assumption A.

Steps:
1. A defends a claim (strip ""no_evident_not_"" / ""have_evident_"" to see it).
2. B states a fact.
3. Does B disprove A's claim? Same specific issue only, not just same topic.

Output pattern (always use this exact shape):
A: <phrase>
B: <phrase>
Answer: Yes/No

Examples:

A: no_evident_not_easy_check-in
B: customer_wait_10_minute_for_greet
Answer: Yes

A: no_evident_not_easy_check-in
B: no_one_give_key_on_late_check-in
Answer: No

A: no_evident_not_great_quality
B: shampoo_seem_cheap_considering_hotel_cost
Answer: Yes

A: no_evident_not_great_quality
B: expensive_hotel
Answer: No

Now answer for this pair. Output ONLY the final line ""Answer: Yes"" or ""Answer: No"" — no other text.

A: no_evident_not_staff_track_flight
B: staff_need_improve_collaboration
Answer:
",no_evident_not_staff_track_flight,staff_need_improve_collaboration,Yes
1556,"Task: decide if Proposition B contradicts Assumption A.

Steps:
1. A defends a claim (strip ""no_evident_not_"" / ""have_evident_"" to see it).
2. B states a fact.
3. Does B disprove A's claim? Same specific issue only, not just same topic.

Output pattern (always use this exact shape):
A: <phrase>
B: <phrase>
Answer: Yes/No

Examples:

A: no_evident_not_easy_check-in
B: customer_wait_10_minute_for_greet
Answer: Yes

A: no_evident_not_easy_check-in
B: no_one_give_key_on_late_check-in
Answer: No

A: no_evident_not_great_quality
B: shampoo_seem_cheap_considering_hotel_cost
Answer: Yes

A: no_evident_not_great_quality
B: expensive_hotel
Answer: No

Now answer for this pair. Output ONLY the final line ""Answer: Yes"" or ""Answer: No"" — no other text.

A: no_evident_not_staff_offer_food
B: staff_enforce_cancellation_charge
Answer:
",no_evident_not_staff_offer_food,staff_enforce_cancellation_charge,Yes
1559,"Task: decide if Proposition B contradicts Assumption A.

Steps:
1. A defends a claim (strip ""no_evident_not_"" / ""have_evident_"" to see it).
2. B states a fact.
3. Does B disprove A's claim? Same specific issue only, not just same topic.

Output pattern (always use this exact shape):
A: <phrase>
B: <phrase>
Answer: Yes/No

Examples:

A: no_evident_not_easy_check-in
B: customer_wait_10_minute_for_greet
Answer: Yes

A: no_evident_not_easy_check-in
B: no_one_give_key_on_late_check-in
Answer: No

A: no_evident_not_great_quality
B: shampoo_seem_cheap_considering_hotel_cost
Answer: Yes

A: no_evident_not_great_quality
B: expensive_hotel
Answer: No

Now answer for this pair. Output ONLY the final line ""Answer: Yes"" or ""Answer: No"" — no other text.

A: no_evident_not_staff_offer_food
B: staff_has_unaceptable_manner
Answer:
",no_evident_not_staff_offer_food,staff_has_unaceptable_manner,Yes
1560,"Task: decide if Proposition B contradicts Assumption A.

Steps:
1. A defends a claim (strip ""no_evident_not_"" / ""have_evident_"" to see it).
2. B states a fact.
3. Does B disprove A's claim? Same specific issue only, not just same topic.

Output pattern (always use this exact shape):
A: <phrase>
B: <phrase>
Answer: Yes/No

Examples:

A: no_evident_not_easy_check-in
B: customer_wait_10_minute_for_greet
Answer: Yes

A: no_evident_not_easy_check-in
B: no_one_give_key_on_late_check-in
Answer: No

A: no_evident_not_great_quality
B: shampoo_seem_cheap_considering_hotel_cost
Answer: Yes

A: no_evident_not_great_quality
B: expensive_hotel
Answer: No

Now answer for this pair. Output ONLY the final line ""Answer: Yes"" or ""Answer: No"" — no other text.

A: no_evident_not_staff_offer_food
B: staff_not_speak_Cypriot_language
Answer:
",no_evident_not_staff_offer_food,staff_not_speak_Cypriot_language,Yes
1570,"Task: decide if Proposition B contradicts Assumption A.

Steps:
1. A defends a claim (strip ""no_evident_not_"" / ""have_evident_"" to see it).
2. B states a fact.
3. Does B disprove A's claim? Same specific issue only, not just same topic.

Output pattern (always use this exact shape):
A: <phrase>
B: <phrase>
Answer: Yes/No

Examples:

A: no_evident_not_easy_check-in
B: customer_wait_10_minute_for_greet
Answer: Yes

A: no_evident_not_easy_check-in
B: no_one_give_key_on_late_check-in
Answer: No

A: no_evident_not_great_quality
B: shampoo_seem_cheap_considering_hotel_cost
Answer: Yes

A: no_evident_not_great_quality
B: expensive_hotel
Answer: No

Now answer for this pair. Output ONLY the final line ""Answer: Yes"" or ""Answer: No"" — no other text.

A: no_evident_not_staff_offer_drink
B: staff_need_keep_update
Answer:
",no_evident_not_staff_offer_drink,staff_need_keep_update,No
1576,"Task: decide if Proposition B contradicts Assumption A.

Steps:
1. A defends a claim (strip ""no_evident_not_"" / ""have_evident_"" to see it).
2. B states a fact.
3. Does B disprove A's claim? Same specific issue only, not just same topic.

Output pattern (always use this exact shape):
A: <phrase>
B: <phrase>
Answer: Yes/No

Examples:

A: no_evident_not_easy_check-in
B: customer_wait_10_minute_for_greet
Answer: Yes

A: no_evident_not_easy_check-in
B: no_one_give_key_on_late_check-in
Answer: No

A: no_evident_not_great_quality
B: shampoo_seem_cheap_considering_hotel_cost
Answer: Yes

A: no_evident_not_great_quality
B: expensive_hotel
Answer: No

Now answer for this pair. Output ONLY the final line ""Answer: Yes"" or ""Answer: No"" — no other text.

A: no_evident_not_staff_offer_drink
B: offended_staff
Answer:
",no_evident_not_staff_offer_drink,offended_staff,Yes
1629,"Task: decide if Proposition B contradicts Assumption A.

Steps:
1. A defends a claim (strip ""no_evident_not_"" / ""have_evident_"" to see it).
2. B states a fact.
3. Does B disprove A's claim? Same specific issue only, not just same topic.

Output pattern (always use this exact shape):
A: <phrase>
B: <phrase>
Answer: Yes/No

Examples:

A: no_evident_not_easy_check-in
B: customer_wait_10_minute_for_greet
Answer: Yes

A: no_evident_not_easy_check-in
B: no_one_give_key_on_late_check-in
Answer: No

A: no_evident_not_great_quality
B: shampoo_seem_cheap_considering_hotel_cost
Answer: Yes

A: no_evident_not_great_quality
B: expensive_hotel
Answer: No

Now answer for this pair. Output ONLY the final line ""Answer: Yes"" or ""Answer: No"" — no other text.

A: no_evident_not_pleasant_staff
B: staff_not_speak_Cypriot_language
Answer:
",no_evident_not_pleasant_staff,staff_not_speak_Cypriot_language,Yes
1630,"Task: decide if Proposition B contradicts Assumption A.

Steps:
1. A defends a claim (strip ""no_evident_not_"" / ""have_evident_"" to see it).
2. B states a fact.
3. Does B disprove A's claim? Same specific issue only, not just same topic.

Output pattern (always use this exact shape):
A: <phrase>
B: <phrase>
Answer: Yes/No

Examples:

A: no_evident_not_easy_check-in
B: customer_wait_10_minute_for_greet
Answer: Yes

A: no_evident_not_easy_check-in
B: no_one_give_key_on_late_check-in
Answer: No

A: no_evident_not_great_quality
B: shampoo_seem_cheap_considering_hotel_cost
Answer: Yes

A: no_evident_not_great_quality
B: expensive_hotel
Answer: No

Now answer for this pair. Output ONLY the final line ""Answer: Yes"" or ""Answer: No"" — no other text.

A: no_evident_not_pleasant_staff
B: no_staff_at_night
Answer:
",no_evident_not_pleasant_staff,no_staff_at_night,Yes
1635,"Task: decide if Proposition B contradicts Assumption A.

Steps:
1. A defends a claim (strip ""no_evident_not_"" / ""have_evident_"" to see it).
2. B states a fact.
3. Does B disprove A's claim? Same specific issue only, not just same topic.

Output pattern (always use this exact shape):
A: <phrase>
B: <phrase>
Answer: Yes/No

Examples:

A: no_evident_not_easy_check-in
B: customer_wait_10_minute_for_greet
Answer: Yes

A: no_evident_not_easy_check-in
B: no_one_give_key_on_late_check-in
Answer: No

A: no_evident_not_great_quality
B: shampoo_seem_cheap_considering_hotel_cost
Answer: Yes

A: no_evident_not_great_quality
B: expensive_hotel
Answer: No

Now answer for this pair. Output ONLY the final line ""Answer: Yes"" or ""Answer: No"" — no other text.

A: no_evident_not_can_speak_perfect_English
B: staff_clean_after_complaint
Answer:
",no_evident_not_can_speak_perfect_English,staff_clean_after_complaint,No
1648,"Task: decide if Proposition B contradicts Assumption A.

Steps:
1. A defends a claim (strip ""no_evident_not_"" / ""have_evident_"" to see it).
2. B states a fact.
3. Does B disprove A's claim? Same specific issue only, not just same topic.

Output pattern (always use this exact shape):
A: <phrase>
B: <phrase>
Answer: Yes/No

Examples:

A: no_evident_not_easy_check-in
B: customer_wait_10_minute_for_greet
Answer: Yes

A: no_evident_not_easy_check-in
B: no_one_give_key_on_late_check-in
Answer: No

A: no_evident_not_great_quality
B: shampoo_seem_cheap_considering_hotel_cost
Answer: Yes

A: no_evident_not_great_quality
B: expensive_hotel
Answer: No

Now answer for this pair. Output ONLY the final line ""Answer: Yes"" or ""Answer: No"" — no other text.

A: no_evident_not_can_speak_perfect_English
B: staff_enforce_cancellation_charge
Answer:
",no_evident_not_can_speak_perfect_English,staff_enforce_cancellation_charge,Yes
1668,"Task: decide if Proposition B contradicts Assumption A.

Steps:
1. A defends a claim (strip ""no_evident_not_"" / ""have_evident_"" to see it).
2. B states a fact.
3. Does B disprove A's claim? Same specific issue only, not just same topic.

Output pattern (always use this exact shape):
A: <phrase>
B: <phrase>
Answer: Yes/No

Examples:

A: no_evident_not_easy_check-in
B: customer_wait_10_minute_for_greet
Answer: Yes

A: no_evident_not_easy_check-in
B: no_one_give_key_on_late_check-in
Answer: No

A: no_evident_not_great_quality
B: shampoo_seem_cheap_considering_hotel_cost
Answer: Yes

A: no_evident_not_great_quality
B: expensive_hotel
Answer: No

Now answer for this pair. Output ONLY the final line ""Answer: Yes"" or ""Answer: No"" — no other text.

A: no_evident_not_staff_make_late_check-in_simple
B: offended_staff
Answer:
",no_evident_not_staff_make_late_check-in_simple,offended_staff,Yes
1674,"Task: decide if Proposition B contradicts Assumption A.

Steps:
1. A defends a claim (strip ""no_evident_not_"" / ""have_evident_"" to see it).
2. B states a fact.
3. Does B disprove A's claim? Same specific issue only, not just same topic.

Output pattern (always use this exact shape):
A: <phrase>
B: <phrase>
Answer: Yes/No

Examples:

A: no_evident_not_easy_check-in
B: customer_wait_10_minute_for_greet
Answer: Yes

A: no_evident_not_easy_check-in
B: no_one_give_key_on_late_check-in
Answer: No

A: no_evident_not_great_quality
B: shampoo_seem_cheap_considering_hotel_cost
Answer: Yes

A: no_evident_not_great_quality
B: expensive_hotel
Answer: No

Now answer for this pair. Output ONLY the final line ""Answer: Yes"" or ""Answer: No"" — no other text.

A: no_evident_not_staff_make_late_check-in_simple
B: staff_has_unaceptable_manner
Answer:
",no_evident_not_staff_make_late_check-in_simple,staff_has_unaceptable_manner,Yes
1717,"Task: decide if Proposition B contradicts Assumption A.

Steps:
1. A defends a claim (strip ""no_evident_not_"" / ""have_evident_"" to see it).
2. B states a fact.
3. Does B disprove A's claim? Same specific issue only, not just same topic.

Output pattern (always use this exact shape):
A: <phrase>
B: <phrase>
Answer: Yes/No

Examples:

A: no_evident_not_easy_check-in
B: customer_wait_10_minute_for_greet
Answer: Yes

A: no_evident_not_easy_check-in
B: no_one_give_key_on_late_check-in
Answer: No

A: no_evident_not_great_quality
B: shampoo_seem_cheap_considering_hotel_cost
Answer: Yes

A: no_evident_not_great_quality
B: expensive_hotel
Answer: No

Now answer for this pair. Output ONLY the final line ""Answer: Yes"" or ""Answer: No"" — no other text.

A: no_evident_not_big_smile
B: staff_enforce_cancellation_charge
Answer:
",no_evident_not_big_smile,staff_enforce_cancellation_charge,Yes
1721,"Task: decide if Proposition B contradicts Assumption A.

Steps:
1. A defends a claim (strip ""no_evident_not_"" / ""have_evident_"" to see it).
2. B states a fact.
3. Does B disprove A's claim? Same specific issue only, not just same topic.

Output pattern (always use this exact shape):
A: <phrase>
B: <phrase>
Answer: Yes/No

Examples:

A: no_evident_not_easy_check-in
B: customer_wait_10_minute_for_greet
Answer: Yes

A: no_evident_not_easy_check-in
B: no_one_give_key_on_late_check-in
Answer: No

A: no_evident_not_great_quality
B: shampoo_seem_cheap_considering_hotel_cost
Answer: Yes

A: no_evident_not_great_quality
B: expensive_hotel
Answer: No

Now answer for this pair. Output ONLY the final line ""Answer: Yes"" or ""Answer: No"" — no other text.

A: no_evident_not_big_smile
B: staff_not_speak_Cypriot_language
Answer:
",no_evident_not_big_smile,staff_not_speak_Cypriot_language,Yes
1726,"Task: decide if Proposition B contradicts Assumption A.

Steps:
1. A defends a claim (strip ""no_evident_not_"" / ""have_evident_"" to see it).
2. B states a fact.
3. Does B disprove A's claim? Same specific issue only, not just same topic.

Output pattern (always use this exact shape):
A: <phrase>
B: <phrase>
Answer: Yes/No

Examples:

A: no_evident_not_easy_check-in
B: customer_wait_10_minute_for_greet
Answer: Yes

A: no_evident_not_easy_check-in
B: no_one_give_key_on_late_check-in
Answer: No

A: no_evident_not_great_quality
B: shampoo_seem_cheap_considering_hotel_cost
Answer: Yes

A: no_evident_not_great_quality
B: expensive_hotel
Answer: No

Now answer for this pair. Output ONLY the final line ""Answer: Yes"" or ""Answer: No"" — no other text.

A: no_evident_not_friendly_service
B: staff_not_speak_English_properly
Answer:
",no_evident_not_friendly_service,staff_not_speak_English_properly,Yes
1729,"Task: decide if Proposition B contradicts Assumption A.

Steps:
1. A defends a claim (strip ""no_evident_not_"" / ""have_evident_"" to see it).
2. B states a fact.
3. Does B disprove A's claim? Same specific issue only, not just same topic.

Output pattern (always use this exact shape):
A: <phrase>
B: <phrase>
Answer: Yes/No

Examples:

A: no_evident_not_easy_check-in
B: customer_wait_10_minute_for_greet
Answer: Yes

A: no_evident_not_easy_check-in
B: no_one_give_key_on_late_check-in
Answer: No

A: no_evident_not_great_quality
B: shampoo_seem_cheap_considering_hotel_cost
Answer: Yes

A: no_evident_not_great_quality
B: expensive_hotel
Answer: No

Now answer for this pair. Output ONLY the final line ""Answer: Yes"" or ""Answer: No"" — no other text.

A: no_evident_not_friendly_service
B: staff_need_improve_organization
Answer:
",no_evident_not_friendly_service,staff_need_improve_organization,Yes
1736,"Task: decide if Proposition B contradicts Assumption A.

Steps:
1. A defends a claim (strip ""no_evident_not_"" / ""have_evident_"" to see it).
2. B states a fact.
3. Does B disprove A's claim? Same specific issue only, not just same topic.

Output pattern (always use this exact shape):
A: <phrase>
B: <phrase>
Answer: Yes/No

Examples:

A: no_evident_not_easy_check-in
B: customer_wait_10_minute_for_greet
Answer: Yes

A: no_evident_not_easy_check-in
B: no_one_give_key_on_late_check-in
Answer: No

A: no_evident_not_great_quality
B: shampoo_seem_cheap_considering_hotel_cost
Answer: Yes

A: no_evident_not_great_quality
B: expensive_hotel
Answer: No

Now answer for this pair. Output ONLY the final line ""Answer: Yes"" or ""Answer: No"" — no other text.

A: no_evident_not_friendly_service
B: staff_cannot_provide_double_bed
Answer:
",no_evident_not_friendly_service,staff_cannot_provide_double_bed,Yes
1742,"Task: decide if Proposition B contradicts Assumption A.

Steps:
1. A defends a claim (strip ""no_evident_not_"" / ""have_evident_"" to see it).
2. B states a fact.
3. Does B disprove A's claim? Same specific issue only, not just same topic.

Output pattern (always use this exact shape):
A: <phrase>
B: <phrase>
Answer: Yes/No

Examples:

A: no_evident_not_easy_check-in
B: customer_wait_10_minute_for_greet
Answer: Yes

A: no_evident_not_easy_check-in
B: no_one_give_key_on_late_check-in
Answer: No

A: no_evident_not_great_quality
B: shampoo_seem_cheap_considering_hotel_cost
Answer: Yes

A: no_evident_not_great_quality
B: expensive_hotel
Answer: No

Now answer for this pair. Output ONLY the final line ""Answer: Yes"" or ""Answer: No"" — no other text.

A: no_evident_not_friendly_service
B: staff_not_provide_good_solution
Answer:
",no_evident_not_friendly_service,staff_not_provide_good_solution,Yes
1747,"Task: decide if Proposition B contradicts Assumption A.

Steps:
1. A defends a claim (strip ""no_evident_not_"" / ""have_evident_"" to see it).
2. B states a fact.
3. Does B disprove A's claim? Same specific issue only, not just same topic.

Output pattern (always use this exact shape):
A: <phrase>
B: <phrase>
Answer: Yes/No

Examples:

A: no_evident_not_easy_check-in
B: customer_wait_10_minute_for_greet
Answer: Yes

A: no_evident_not_easy_check-in
B: no_one_give_key_on_late_check-in
Answer: No

A: no_evident_not_great_quality
B: shampoo_seem_cheap_considering_hotel_cost
Answer: Yes

A: no_evident_not_great_quality
B: expensive_hotel
Answer: No

Now answer for this pair. Output ONLY the final line ""Answer: Yes"" or ""Answer: No"" — no other text.

A: no_evident_not_friendly_service
B: staff_cannot_give_bus_to_airport_information
Answer:
",no_evident_not_friendly_service,staff_cannot_give_bus_to_airport_information,Yes
1752,"Task: decide if Proposition B contradicts Assumption A.

Steps:
1. A defends a claim (strip ""no_evident_not_"" / ""have_evident_"" to see it).
2. B states a fact.
3. Does B disprove A's claim? Same specific issue only, not just same topic.

Output pattern (always use this exact shape):
A: <phrase>
B: <phrase>
Answer: Yes/No

Examples:

A: no_evident_not_easy_check-in
B: customer_wait_10_minute_for_greet
Answer: Yes

A: no_evident_not_easy_check-in
B: no_one_give_key_on_late_check-in
Answer: No

A: no_evident_not_great_quality
B: shampoo_seem_cheap_considering_hotel_cost
Answer: Yes

A: no_evident_not_great_quality
B: expensive_hotel
Answer: No

Now answer for this pair. Output ONLY the final line ""Answer: Yes"" or ""Answer: No"" — no other text.

A: no_evident_not_attentive_staff
B: staff_need_improve_organization
Answer:
",no_evident_not_attentive_staff,staff_need_improve_organization,No
1756,"Task: decide if Proposition B contradicts Assumption A.

Steps:
1. A defends a claim (strip ""no_evident_not_"" / ""have_evident_"" to see it).
2. B states a fact.
3. Does B disprove A's claim? Same specific issue only, not just same topic.

Output pattern (always use this exact shape):
A: <phrase>
B: <phrase>
Answer: Yes/No

Examples:

A: no_evident_not_easy_check-in
B: customer_wait_10_minute_for_greet
Answer: Yes

A: no_evident_not_easy_check-in
B: no_one_give_key_on_late_check-in
Answer: No

A: no_evident_not_great_quality
B: shampoo_seem_cheap_considering_hotel_cost
Answer: Yes

A: no_evident_not_great_quality
B: expensive_hotel
Answer: No

Now answer for this pair. Output ONLY the final line ""Answer: Yes"" or ""Answer: No"" — no other text.

A: no_evident_not_attentive_staff
B: no_empathy_staff
Answer:
",no_evident_not_attentive_staff,no_empathy_staff,Yes
1764,"Task: decide if Proposition B contradicts Assumption A.

Steps:
1. A defends a claim (strip ""no_evident_not_"" / ""have_evident_"" to see it).
2. B states a fact.
3. Does B disprove A's claim? Same specific issue only, not just same topic.

Output pattern (always use this exact shape):
A: <phrase>
B: <phrase>
Answer: Yes/No

Examples:

A: no_evident_not_easy_check-in
B: customer_wait_10_minute_for_greet
Answer: Yes

A: no_evident_not_easy_check-in
B: no_one_give_key_on_late_check-in
Answer: No

A: no_evident_not_great_quality
B: shampoo_seem_cheap_considering_hotel_cost
Answer: Yes

A: no_evident_not_great_quality
B: expensive_hotel
Answer: No

Now answer for this pair. Output ONLY the final line ""Answer: Yes"" or ""Answer: No"" — no other text.

A: no_evident_not_attentive_staff
B: staff_mistakenly_throw_valuable_item_during_cleaning_service
Answer:
",no_evident_not_attentive_staff,staff_mistakenly_throw_valuable_item_during_cleaning_service,Yes
1784,"Task: decide if Proposition B contradicts Assumption A.

Steps:
1. A defends a claim (strip ""no_evident_not_"" / ""have_evident_"" to see it).
2. B states a fact.
3. Does B disprove A's claim? Same specific issue only, not just same topic.

Output pattern (always use this exact shape):
A: <phrase>
B: <phrase>
Answer: Yes/No

Examples:

A: no_evident_not_easy_check-in
B: customer_wait_10_minute_for_greet
Answer: Yes

A: no_evident_not_easy_check-in
B: no_one_give_key_on_late_check-in
Answer: No

A: no_evident_not_great_quality
B: shampoo_seem_cheap_considering_hotel_cost
Answer: Yes

A: no_evident_not_great_quality
B: expensive_hotel
Answer: No

Now answer for this pair. Output ONLY the final line ""Answer: Yes"" or ""Answer: No"" — no other text.

A: no_evident_not_superb_service
B: staff_not_justify_booking_issue
Answer:
",no_evident_not_superb_service,staff_not_justify_booking_issue,Yes
1792,"Task: decide if Proposition B contradicts Assumption A.

Steps:
1. A defends a claim (strip ""no_evident_not_"" / ""have_evident_"" to see it).
2. B states a fact.
3. Does B disprove A's claim? Same specific issue only, not just same topic.

Output pattern (always use this exact shape):
A: <phrase>
B: <phrase>
Answer: Yes/No

Examples:

A: no_evident_not_easy_check-in
B: customer_wait_10_minute_for_greet
Answer: Yes

A: no_evident_not_easy_check-in
B: no_one_give_key_on_late_check-in
Answer: No

A: no_evident_not_great_quality
B: shampoo_seem_cheap_considering_hotel_cost
Answer: Yes

A: no_evident_not_great_quality
B: expensive_hotel
Answer: No

Now answer for this pair. Output ONLY the final line ""Answer: Yes"" or ""Answer: No"" — no other text.

A: no_evident_not_superb_service
B: staff_not_understand_English_well
Answer:
",no_evident_not_superb_service,staff_not_understand_English_well,Yes
1797,"Task: decide if Proposition B contradicts Assumption A.

Steps:
1. A defends a claim (strip ""no_evident_not_"" / ""have_evident_"" to see it).
2. B states a fact.
3. Does B disprove A's claim? Same specific issue only, not just same topic.

Output pattern (always use this exact shape):
A: <phrase>
B: <phrase>
Answer: Yes/No

Examples:

A: no_evident_not_easy_check-in
B: customer_wait_10_minute_for_greet
Answer: Yes

A: no_evident_not_easy_check-in
B: no_one_give_key_on_late_check-in
Answer: No

A: no_evident_not_great_quality
B: shampoo_seem_cheap_considering_hotel_cost
Answer: Yes

A: no_evident_not_great_quality
B: expensive_hotel
Answer: No

Now answer for this pair. Output ONLY the final line ""Answer: Yes"" or ""Answer: No"" — no other text.

A: no_evident_not_reachable_staff
B: staff_should_learn_better_English
Answer:
",no_evident_not_reachable_staff,staff_should_learn_better_English,Yes
1800,"Task: decide if Proposition B contradicts Assumption A.

Steps:
1. A defends a claim (strip ""no_evident_not_"" / ""have_evident_"" to see it).
2. B states a fact.
3. Does B disprove A's claim? Same specific issue only, not just same topic.

Output pattern (always use this exact shape):
A: <phrase>
B: <phrase>
Answer: Yes/No

Examples:

A: no_evident_not_easy_check-in
B: customer_wait_10_minute_for_greet
Answer: Yes

A: no_evident_not_easy_check-in
B: no_one_give_key_on_late_check-in
Answer: No

A: no_evident_not_great_quality
B: shampoo_seem_cheap_considering_hotel_cost
Answer: Yes

A: no_evident_not_great_quality
B: expensive_hotel
Answer: No

Now answer for this pair. Output ONLY the final line ""Answer: Yes"" or ""Answer: No"" — no other text.

A: no_evident_not_reachable_staff
B: staff_need_keep_update
Answer:
",no_evident_not_reachable_staff,staff_need_keep_update,No
1805,"Task: decide if Proposition B contradicts Assumption A.

Steps:
1. A defends a claim (strip ""no_evident_not_"" / ""have_evident_"" to see it).
2. B states a fact.
3. Does B disprove A's claim? Same specific issue only, not just same topic.

Output pattern (always use this exact shape):
A: <phrase>
B: <phrase>
Answer: Yes/No

Examples:

A: no_evident_not_easy_check-in
B: customer_wait_10_minute_for_greet
Answer: Yes

A: no_evident_not_easy_check-in
B: no_one_give_key_on_late_check-in
Answer: No

A: no_evident_not_great_quality
B: shampoo_seem_cheap_considering_hotel_cost
Answer: Yes

A: no_evident_not_great_quality
B: expensive_hotel
Answer: No

Now answer for this pair. Output ONLY the final line ""Answer: Yes"" or ""Answer: No"" — no other text.

A: no_evident_not_reachable_staff
B: staff_cannot_provide_double_bed
Answer:
",no_evident_not_reachable_staff,staff_cannot_provide_double_bed,Yes
1806,"Task: decide if Proposition B contradicts Assumption A.

Steps:
1. A defends a claim (strip ""no_evident_not_"" / ""have_evident_"" to see it).
2. B states a fact.
3. Does B disprove A's claim? Same specific issue only, not just same topic.

Output pattern (always use this exact shape):
A: <phrase>
B: <phrase>
Answer: Yes/No

Examples:

A: no_evident_not_easy_check-in
B: customer_wait_10_minute_for_greet
Answer: Yes

A: no_evident_not_easy_check-in
B: no_one_give_key_on_late_check-in
Answer: No

A: no_evident_not_great_quality
B: shampoo_seem_cheap_considering_hotel_cost
Answer: Yes

A: no_evident_not_great_quality
B: expensive_hotel
Answer: No

Now answer for this pair. Output ONLY the final line ""Answer: Yes"" or ""Answer: No"" — no other text.

A: no_evident_not_reachable_staff
B: offended_staff
Answer:
",no_evident_not_reachable_staff,offended_staff,Yes
1823,"Task: decide if Proposition B contradicts Assumption A.

Steps:
1. A defends a claim (strip ""no_evident_not_"" / ""have_evident_"" to see it).
2. B states a fact.
3. Does B disprove A's claim? Same specific issue only, not just same topic.

Output pattern (always use this exact shape):
A: <phrase>
B: <phrase>
Answer: Yes/No

Examples:

A: no_evident_not_easy_check-in
B: customer_wait_10_minute_for_greet
Answer: Yes

A: no_evident_not_easy_check-in
B: no_one_give_key_on_late_check-in
Answer: No

A: no_evident_not_great_quality
B: shampoo_seem_cheap_considering_hotel_cost
Answer: Yes

A: no_evident_not_great_quality
B: expensive_hotel
Answer: No

Now answer for this pair. Output ONLY the final line ""Answer: Yes"" or ""Answer: No"" — no other text.

A: no_evident_not_informative
B: staff_need_keep_update
Answer:
",no_evident_not_informative,staff_need_keep_update,No
1829,"Task: decide if Proposition B contradicts Assumption A.

Steps:
1. A defends a claim (strip ""no_evident_not_"" / ""have_evident_"" to see it).
2. B states a fact.
3. Does B disprove A's claim? Same specific issue only, not just same topic.

Output pattern (always use this exact shape):
A: <phrase>
B: <phrase>
Answer: Yes/No

Examples:

A: no_evident_not_easy_check-in
B: customer_wait_10_minute_for_greet
Answer: Yes

A: no_evident_not_easy_check-in
B: no_one_give_key_on_late_check-in
Answer: No

A: no_evident_not_great_quality
B: shampoo_seem_cheap_considering_hotel_cost
Answer: Yes

A: no_evident_not_great_quality
B: expensive_hotel
Answer: No

Now answer for this pair. Output ONLY the final line ""Answer: Yes"" or ""Answer: No"" — no other text.

A: no_evident_not_informative
B: offended_staff
Answer:
",no_evident_not_informative,offended_staff,Yes
1841,"Task: decide if Proposition B contradicts Assumption A.

Steps:
1. A defends a claim (strip ""no_evident_not_"" / ""have_evident_"" to see it).
2. B states a fact.
3. Does B disprove A's claim? Same specific issue only, not just same topic.

Output pattern (always use this exact shape):
A: <phrase>
B: <phrase>
Answer: Yes/No

Examples:

A: no_evident_not_easy_check-in
B: customer_wait_10_minute_for_greet
Answer: Yes

A: no_evident_not_easy_check-in
B: no_one_give_key_on_late_check-in
Answer: No

A: no_evident_not_great_quality
B: shampoo_seem_cheap_considering_hotel_cost
Answer: Yes

A: no_evident_not_great_quality
B: expensive_hotel
Answer: No

Now answer for this pair. Output ONLY the final line ""Answer: Yes"" or ""Answer: No"" — no other text.

A: no_evident_not_reassuring_service
B: staff_not_speak_English_properly
Answer:
",no_evident_not_reassuring_service,staff_not_speak_English_properly,Yes
1865,"Task: decide if Proposition B contradicts Assumption A.

Steps:
1. A defends a claim (strip ""no_evident_not_"" / ""have_evident_"" to see it).
2. B states a fact.
3. Does B disprove A's claim? Same specific issue only, not just same topic.

Output pattern (always use this exact shape):
A: <phrase>
B: <phrase>
Answer: Yes/No

Examples:

A: no_evident_not_easy_check-in
B: customer_wait_10_minute_for_greet
Answer: Yes

A: no_evident_not_easy_check-in
B: no_one_give_key_on_late_check-in
Answer: No

A: no_evident_not_great_quality
B: shampoo_seem_cheap_considering_hotel_cost
Answer: Yes

A: no_evident_not_great_quality
B: expensive_hotel
Answer: No

Now answer for this pair. Output ONLY the final line ""Answer: Yes"" or ""Answer: No"" — no other text.

A: no_evident_not_5_star_service
B: staff_clean_after_complaint
Answer:
",no_evident_not_5_star_service,staff_clean_after_complaint,No
1867,"Task: decide if Proposition B contradicts Assumption A.

Steps:
1. A defends a claim (strip ""no_evident_not_"" / ""have_evident_"" to see it).
2. B states a fact.
3. Does B disprove A's claim? Same specific issue only, not just same topic.

Output pattern (always use this exact shape):
A: <phrase>
B: <phrase>
Answer: Yes/No

Examples:

A: no_evident_not_easy_check-in
B: customer_wait_10_minute_for_greet
Answer: Yes

A: no_evident_not_easy_check-in
B: no_one_give_key_on_late_check-in
Answer: No

A: no_evident_not_great_quality
B: shampoo_seem_cheap_considering_hotel_cost
Answer: Yes

A: no_evident_not_great_quality
B: expensive_hotel
Answer: No

Now answer for this pair. Output ONLY the final line ""Answer: Yes"" or ""Answer: No"" — no other text.

A: no_evident_not_5_star_service
B: staff_need_improve_organization
Answer:
",no_evident_not_5_star_service,staff_need_improve_organization,Yes
1876,"Task: decide if Proposition B contradicts Assumption A.

Steps:
1. A defends a claim (strip ""no_evident_not_"" / ""have_evident_"" to see it).
2. B states a fact.
3. Does B disprove A's claim? Same specific issue only, not just same topic.

Output pattern (always use this exact shape):
A: <phrase>
B: <phrase>
Answer: Yes/No

Examples:

A: no_evident_not_easy_check-in
B: customer_wait_10_minute_for_greet
Answer: Yes

A: no_evident_not_easy_check-in
B: no_one_give_key_on_late_check-in
Answer: No

A: no_evident_not_great_quality
B: shampoo_seem_cheap_considering_hotel_cost
Answer: Yes

A: no_evident_not_great_quality
B: expensive_hotel
Answer: No

Now answer for this pair. Output ONLY the final line ""Answer: Yes"" or ""Answer: No"" — no other text.

A: no_evident_not_5_star_service
B: staff_not_justify_booking_issue
Answer:
",no_evident_not_5_star_service,staff_not_justify_booking_issue,Yes
1877,"Task: decide if Proposition B contradicts Assumption A.

Steps:
1. A defends a claim (strip ""no_evident_not_"" / ""have_evident_"" to see it).
2. B states a fact.
3. Does B disprove A's claim? Same specific issue only, not just same topic.

Output pattern (always use this exact shape):
A: <phrase>
B: <phrase>
Answer: Yes/No

Examples:

A: no_evident_not_easy_check-in
B: customer_wait_10_minute_for_greet
Answer: Yes

A: no_evident_not_easy_check-in
B: no_one_give_key_on_late_check-in
Answer: No

A: no_evident_not_great_quality
B: shampoo_seem_cheap_considering_hotel_cost
Answer: Yes

A: no_evident_not_great_quality
B: expensive_hotel
Answer: No

Now answer for this pair. Output ONLY the final line ""Answer: Yes"" or ""Answer: No"" — no other text.

A: no_evident_not_5_star_service
B: staff_charge_for_cancellation_while_no_cancellation_charge_in_Booking.com
Answer:
",no_evident_not_5_star_service,staff_charge_for_cancellation_while_no_cancellation_charge_in_Booking.com,Yes
1886,"Task: decide if Proposition B contradicts Assumption A.

Steps:
1. A defends a claim (strip ""no_evident_not_"" / ""have_evident_"" to see it).
2. B states a fact.
3. Does B disprove A's claim? Same specific issue only, not just same topic.

Output pattern (always use this exact shape):
A: <phrase>
B: <phrase>
Answer: Yes/No

Examples:

A: no_evident_not_easy_check-in
B: customer_wait_10_minute_for_greet
Answer: Yes

A: no_evident_not_easy_check-in
B: no_one_give_key_on_late_check-in
Answer: No

A: no_evident_not_great_quality
B: shampoo_seem_cheap_considering_hotel_cost
Answer: Yes

A: no_evident_not_great_quality
B: expensive_hotel
Answer: No

Now answer for this pair. Output ONLY the final line ""Answer: Yes"" or ""Answer: No"" — no other text.

A: no_evident_not_5_star_service
B: only_one_staff_wear_mask
Answer:
",no_evident_not_5_star_service,only_one_staff_wear_mask,Yes
1906,"Task: decide if Proposition B contradicts Assumption A.

Steps:
1. A defends a claim (strip ""no_evident_not_"" / ""have_evident_"" to see it).
2. B states a fact.
3. Does B disprove A's claim? Same specific issue only, not just same topic.

Output pattern (always use this exact shape):
A: <phrase>
B: <phrase>
Answer: Yes/No

Examples:

A: no_evident_not_easy_check-in
B: customer_wait_10_minute_for_greet
Answer: Yes

A: no_evident_not_easy_check-in
B: no_one_give_key_on_late_check-in
Answer: No

A: no_evident_not_great_quality
B: shampoo_seem_cheap_considering_hotel_cost
Answer: Yes

A: no_evident_not_great_quality
B: expensive_hotel
Answer: No

Now answer for this pair. Output ONLY the final line ""Answer: Yes"" or ""Answer: No"" — no other text.

A: no_evident_not_lend_adaptor
B: no_staff_at_night
Answer:
",no_evident_not_lend_adaptor,no_staff_at_night,Yes
1908,"Task: decide if Proposition B contradicts Assumption A.

Steps:
1. A defends a claim (strip ""no_evident_not_"" / ""have_evident_"" to see it).
2. B states a fact.
3. Does B disprove A's claim? Same specific issue only, not just same topic.

Output pattern (always use this exact shape):
A: <phrase>
B: <phrase>
Answer: Yes/No

Examples:

A: no_evident_not_easy_check-in
B: customer_wait_10_minute_for_greet
Answer: Yes

A: no_evident_not_easy_check-in
B: no_one_give_key_on_late_check-in
Answer: No

A: no_evident_not_great_quality
B: shampoo_seem_cheap_considering_hotel_cost
Answer: Yes

A: no_evident_not_great_quality
B: expensive_hotel
Answer: No

Now answer for this pair. Output ONLY the final line ""Answer: Yes"" or ""Answer: No"" — no other text.

A: no_evident_not_lend_adaptor
B: staff_cannot_give_bus_to_airport_information
Answer:
",no_evident_not_lend_adaptor,staff_cannot_give_bus_to_airport_information,Yes
1927,"Task: decide if Proposition B contradicts Assumption A.

Steps:
1. A defends a claim (strip ""no_evident_not_"" / ""have_evident_"" to see it).
2. B states a fact.
3. Does B disprove A's claim? Same specific issue only, not just same topic.

Output pattern (always use this exact shape):
A: <phrase>
B: <phrase>
Answer: Yes/No

Examples:

A: no_evident_not_easy_check-in
B: customer_wait_10_minute_for_greet
Answer: Yes

A: no_evident_not_easy_check-in
B: no_one_give_key_on_late_check-in
Answer: No

A: no_evident_not_great_quality
B: shampoo_seem_cheap_considering_hotel_cost
Answer: Yes

A: no_evident_not_great_quality
B: expensive_hotel
Answer: No

Now answer for this pair. Output ONLY the final line ""Answer: Yes"" or ""Answer: No"" — no other text.

A: no_evident_not_professional_staff
B: staff_has_unaceptable_manner
Answer:
",no_evident_not_professional_staff,staff_has_unaceptable_manner,Yes
1937,"Task: decide if Proposition B contradicts Assumption A.

Steps:
1. A defends a claim (strip ""no_evident_not_"" / ""have_evident_"" to see it).
2. B states a fact.
3. Does B disprove A's claim? Same specific issue only, not just same topic.

Output pattern (always use this exact shape):
A: <phrase>
B: <phrase>
Answer: Yes/No

Examples:

A: no_evident_not_easy_check-in
B: customer_wait_10_minute_for_greet
Answer: Yes

A: no_evident_not_easy_check-in
B: no_one_give_key_on_late_check-in
Answer: No

A: no_evident_not_great_quality
B: shampoo_seem_cheap_considering_hotel_cost
Answer: Yes

A: no_evident_not_great_quality
B: expensive_hotel
Answer: No

Now answer for this pair. Output ONLY the final line ""Answer: Yes"" or ""Answer: No"" — no other text.

A: no_evident_not_staff_arrange_car_to_airport
B: staff_need_improve_collaboration
Answer:
",no_evident_not_staff_arrange_car_to_airport,staff_need_improve_collaboration,Yes
1940,"Task: decide if Proposition B contradicts Assumption A.

Steps:
1. A defends a claim (strip ""no_evident_not_"" / ""have_evident_"" to see it).
2. B states a fact.
3. Does B disprove A's claim? Same specific issue only, not just same topic.

Output pattern (always use this exact shape):
A: <phrase>
B: <phrase>
Answer: Yes/No

Examples:

A: no_evident_not_easy_check-in
B: customer_wait_10_minute_for_greet
Answer: Yes

A: no_evident_not_easy_check-in
B: no_one_give_key_on_late_check-in
Answer: No

A: no_evident_not_great_quality
B: shampoo_seem_cheap_considering_hotel_cost
Answer: Yes

A: no_evident_not_great_quality
B: expensive_hotel
Answer: No

Now answer for this pair. Output ONLY the final line ""Answer: Yes"" or ""Answer: No"" — no other text.

A: no_evident_not_staff_arrange_car_to_airport
B: no_empathy_staff
Answer:
",no_evident_not_staff_arrange_car_to_airport,no_empathy_staff,Yes
1950,"Task: decide if Proposition B contradicts Assumption A.

Steps:
1. A defends a claim (strip ""no_evident_not_"" / ""have_evident_"" to see it).
2. B states a fact.
3. Does B disprove A's claim? Same specific issue only, not just same topic.

Output pattern (always use this exact shape):
A: <phrase>
B: <phrase>
Answer: Yes/No

Examples:

A: no_evident_not_easy_check-in
B: customer_wait_10_minute_for_greet
Answer: Yes

A: no_evident_not_easy_check-in
B: no_one_give_key_on_late_check-in
Answer: No

A: no_evident_not_great_quality
B: shampoo_seem_cheap_considering_hotel_cost
Answer: Yes

A: no_evident_not_great_quality
B: expensive_hotel
Answer: No

Now answer for this pair. Output ONLY the final line ""Answer: Yes"" or ""Answer: No"" — no other text.

A: no_evident_not_staff_arrange_car_to_airport
B: staff_has_unaceptable_manner
Answer:
",no_evident_not_staff_arrange_car_to_airport,staff_has_unaceptable_manner,Yes
1956,"Task: decide if Proposition B contradicts Assumption A.

Steps:
1. A defends a claim (strip ""no_evident_not_"" / ""have_evident_"" to see it).
2. B states a fact.
3. Does B disprove A's claim? Same specific issue only, not just same topic.

Output pattern (always use this exact shape):
A: <phrase>
B: <phrase>
Answer: Yes/No

Examples:

A: no_evident_not_easy_check-in
B: customer_wait_10_minute_for_greet
Answer: Yes

A: no_evident_not_easy_check-in
B: no_one_give_key_on_late_check-in
Answer: No

A: no_evident_not_great_quality
B: shampoo_seem_cheap_considering_hotel_cost
Answer: Yes

A: no_evident_not_great_quality
B: expensive_hotel
Answer: No

Now answer for this pair. Output ONLY the final line ""Answer: Yes"" or ""Answer: No"" — no other text.

A: no_evident_not_staff_arrange_taxi_from_airport
B: staff_not_speak_English_properly
Answer:
",no_evident_not_staff_arrange_taxi_from_airport,staff_not_speak_English_properly,Yes
1962,"Task: decide if Proposition B contradicts Assumption A.

Steps:
1. A defends a claim (strip ""no_evident_not_"" / ""have_evident_"" to see it).
2. B states a fact.
3. Does B disprove A's claim? Same specific issue only, not just same topic.

Output pattern (always use this exact shape):
A: <phrase>
B: <phrase>
Answer: Yes/No

Examples:

A: no_evident_not_easy_check-in
B: customer_wait_10_minute_for_greet
Answer: Yes

A: no_evident_not_easy_check-in
B: no_one_give_key_on_late_check-in
Answer: No

A: no_evident_not_great_quality
B: shampoo_seem_cheap_considering_hotel_cost
Answer: Yes

A: no_evident_not_great_quality
B: expensive_hotel
Answer: No

Now answer for this pair. Output ONLY the final line ""Answer: Yes"" or ""Answer: No"" — no other text.

A: no_evident_not_staff_arrange_taxi_from_airport
B: not_kind_staff
Answer:
",no_evident_not_staff_arrange_taxi_from_airport,not_kind_staff,Yes
1974,"Task: decide if Proposition B contradicts Assumption A.

Steps:
1. A defends a claim (strip ""no_evident_not_"" / ""have_evident_"" to see it).
2. B states a fact.
3. Does B disprove A's claim? Same specific issue only, not just same topic.

Output pattern (always use this exact shape):
A: <phrase>
B: <phrase>
Answer: Yes/No

Examples:

A: no_evident_not_easy_check-in
B: customer_wait_10_minute_for_greet
Answer: Yes

A: no_evident_not_easy_check-in
B: no_one_give_key_on_late_check-in
Answer: No

A: no_evident_not_great_quality
B: shampoo_seem_cheap_considering_hotel_cost
Answer: Yes

A: no_evident_not_great_quality
B: expensive_hotel
Answer: No

Now answer for this pair. Output ONLY the final line ""Answer: Yes"" or ""Answer: No"" — no other text.

A: no_evident_not_staff_arrange_taxi_from_airport
B: staff_not_speak_Cypriot_language
Answer:
",no_evident_not_staff_arrange_taxi_from_airport,staff_not_speak_Cypriot_language,Yes
1991,"Task: decide if Proposition B contradicts Assumption A.

Steps:
1. A defends a claim (strip ""no_evident_not_"" / ""have_evident_"" to see it).
2. B states a fact.
3. Does B disprove A's claim? Same specific issue only, not just same topic.

Output pattern (always use this exact shape):
A: <phrase>
B: <phrase>
Answer: Yes/No

Examples:

A: no_evident_not_easy_check-in
B: customer_wait_10_minute_for_greet
Answer: Yes

A: no_evident_not_easy_check-in
B: no_one_give_key_on_late_check-in
Answer: No

A: no_evident_not_great_quality
B: shampoo_seem_cheap_considering_hotel_cost
Answer: Yes

A: no_evident_not_great_quality
B: expensive_hotel
Answer: No

Now answer for this pair. Output ONLY the final line ""Answer: Yes"" or ""Answer: No"" — no other text.

A: no_evident_not_delightful_staff
B: staff_not_justify_booking_issue
Answer:
",no_evident_not_delightful_staff,staff_not_justify_booking_issue,Yes
2002,"Task: decide if Proposition B contradicts Assumption A.

Steps:
1. A defends a claim (strip ""no_evident_not_"" / ""have_evident_"" to see it).
2. B states a fact.
3. Does B disprove A's claim? Same specific issue only, not just same topic.

Output pattern (always use this exact shape):
A: <phrase>
B: <phrase>
Answer: Yes/No

Examples:

A: no_evident_not_easy_check-in
B: customer_wait_10_minute_for_greet
Answer: Yes

A: no_evident_not_easy_check-in
B: no_one_give_key_on_late_check-in
Answer: No

A: no_evident_not_great_quality
B: shampoo_seem_cheap_considering_hotel_cost
Answer: Yes

A: no_evident_not_great_quality
B: expensive_hotel
Answer: No

Now answer for this pair. Output ONLY the final line ""Answer: Yes"" or ""Answer: No"" — no other text.

A: no_evident_not_eager_to_help
B: staff_not_speak_English_properly
Answer:
",no_evident_not_eager_to_help,staff_not_speak_English_properly,No
2006,"Task: decide if Proposition B contradicts Assumption A.

Steps:
1. A defends a claim (strip ""no_evident_not_"" / ""have_evident_"" to see it).
2. B states a fact.
3. Does B disprove A's claim? Same specific issue only, not just same topic.

Output pattern (always use this exact shape):
A: <phrase>
B: <phrase>
Answer: Yes/No

Examples:

A: no_evident_not_easy_check-in
B: customer_wait_10_minute_for_greet
Answer: Yes

A: no_evident_not_easy_check-in
B: no_one_give_key_on_late_check-in
Answer: No

A: no_evident_not_great_quality
B: shampoo_seem_cheap_considering_hotel_cost
Answer: Yes

A: no_evident_not_great_quality
B: expensive_hotel
Answer: No

Now answer for this pair. Output ONLY the final line ""Answer: Yes"" or ""Answer: No"" — no other text.

A: no_evident_not_eager_to_help
B: staff_need_improve_collaboration
Answer:
",no_evident_not_eager_to_help,staff_need_improve_collaboration,Yes
2007,"Task: decide if Proposition B contradicts Assumption A.

Steps:
1. A defends a claim (strip ""no_evident_not_"" / ""have_evident_"" to see it).
2. B states a fact.
3. Does B disprove A's claim? Same specific issue only, not just same topic.

Output pattern (always use this exact shape):
A: <phrase>
B: <phrase>
Answer: Yes/No

Examples:

A: no_evident_not_easy_check-in
B: customer_wait_10_minute_for_greet
Answer: Yes

A: no_evident_not_easy_check-in
B: no_one_give_key_on_late_check-in
Answer: No

A: no_evident_not_great_quality
B: shampoo_seem_cheap_considering_hotel_cost
Answer: Yes

A: no_evident_not_great_quality
B: expensive_hotel
Answer: No

Now answer for this pair. Output ONLY the final line ""Answer: Yes"" or ""Answer: No"" — no other text.

A: no_evident_not_eager_to_help
B: staff_need_keep_update
Answer:
",no_evident_not_eager_to_help,staff_need_keep_update,No
2017,"Task: decide if Proposition B contradicts Assumption A.

Steps:
1. A defends a claim (strip ""no_evident_not_"" / ""have_evident_"" to see it).
2. B states a fact.
3. Does B disprove A's claim? Same specific issue only, not just same topic.

Output pattern (always use this exact shape):
A: <phrase>
B: <phrase>
Answer: Yes/No

Examples:

A: no_evident_not_easy_check-in
B: customer_wait_10_minute_for_greet
Answer: Yes

A: no_evident_not_easy_check-in
B: no_one_give_key_on_late_check-in
Answer: No

A: no_evident_not_great_quality
B: shampoo_seem_cheap_considering_hotel_cost
Answer: Yes

A: no_evident_not_great_quality
B: expensive_hotel
Answer: No

Now answer for this pair. Output ONLY the final line ""Answer: Yes"" or ""Answer: No"" — no other text.

A: no_evident_not_eager_to_help
B: staff_mistakenly_throw_valuable_item_during_cleaning_service
Answer:
",no_evident_not_eager_to_help,staff_mistakenly_throw_valuable_item_during_cleaning_service,Yes
2021,"Task: decide if Proposition B contradicts Assumption A.

Steps:
1. A defends a claim (strip ""no_evident_not_"" / ""have_evident_"" to see it).
2. B states a fact.
3. Does B disprove A's claim? Same specific issue only, not just same topic.

Output pattern (always use this exact shape):
A: <phrase>
B: <phrase>
Answer: Yes/No

Examples:

A: no_evident_not_easy_check-in
B: customer_wait_10_minute_for_greet
Answer: Yes

A: no_evident_not_easy_check-in
B: no_one_give_key_on_late_check-in
Answer: No

A: no_evident_not_great_quality
B: shampoo_seem_cheap_considering_hotel_cost
Answer: Yes

A: no_evident_not_great_quality
B: expensive_hotel
Answer: No

Now answer for this pair. Output ONLY the final line ""Answer: Yes"" or ""Answer: No"" — no other text.

A: no_evident_not_eager_to_help
B: no_staff_at_night
Answer:
",no_evident_not_eager_to_help,no_staff_at_night,Yes
2031,"Task: decide if Proposition B contradicts Assumption A.

Steps:
1. A defends a claim (strip ""no_evident_not_"" / ""have_evident_"" to see it).
2. B states a fact.
3. Does B disprove A's claim? Same specific issue only, not just same topic.

Output pattern (always use this exact shape):
A: <phrase>
B: <phrase>
Answer: Yes/No

Examples:

A: no_evident_not_easy_check-in
B: customer_wait_10_minute_for_greet
Answer: Yes

A: no_evident_not_easy_check-in
B: no_one_give_key_on_late_check-in
Answer: No

A: no_evident_not_great_quality
B: shampoo_seem_cheap_considering_hotel_cost
Answer: Yes

A: no_evident_not_great_quality
B: expensive_hotel
Answer: No

Now answer for this pair. Output ONLY the final line ""Answer: Yes"" or ""Answer: No"" — no other text.

A: no_evident_not_staff_make_stay_enjoyable
B: not_kind_staff
Answer:
",no_evident_not_staff_make_stay_enjoyable,not_kind_staff,Yes
2033,"Task: decide if Proposition B contradicts Assumption A.

Steps:
1. A defends a claim (strip ""no_evident_not_"" / ""have_evident_"" to see it).
2. B states a fact.
3. Does B disprove A's claim? Same specific issue only, not just same topic.

Output pattern (always use this exact shape):
A: <phrase>
B: <phrase>
Answer: Yes/No

Examples:

A: no_evident_not_easy_check-in
B: customer_wait_10_minute_for_greet
Answer: Yes

A: no_evident_not_easy_check-in
B: no_one_give_key_on_late_check-in
Answer: No

A: no_evident_not_great_quality
B: shampoo_seem_cheap_considering_hotel_cost
Answer: Yes

A: no_evident_not_great_quality
B: expensive_hotel
Answer: No

Now answer for this pair. Output ONLY the final line ""Answer: Yes"" or ""Answer: No"" — no other text.

A: no_evident_not_staff_make_stay_enjoyable
B: staff_fail_to_communicate_with_taxi
Answer:
",no_evident_not_staff_make_stay_enjoyable,staff_fail_to_communicate_with_taxi,Yes
2037,"Task: decide if Proposition B contradicts Assumption A.

Steps:
1. A defends a claim (strip ""no_evident_not_"" / ""have_evident_"" to see it).
2. B states a fact.
3. Does B disprove A's claim? Same specific issue only, not just same topic.

Output pattern (always use this exact shape):
A: <phrase>
B: <phrase>
Answer: Yes/No

Examples:

A: no_evident_not_easy_check-in
B: customer_wait_10_minute_for_greet
Answer: Yes

A: no_evident_not_easy_check-in
B: no_one_give_key_on_late_check-in
Answer: No

A: no_evident_not_great_quality
B: shampoo_seem_cheap_considering_hotel_cost
Answer: Yes

A: no_evident_not_great_quality
B: expensive_hotel
Answer: No

Now answer for this pair. Output ONLY the final line ""Answer: Yes"" or ""Answer: No"" — no other text.

A: no_evident_not_staff_make_stay_enjoyable
B: staff_not_justify_booking_issue
Answer:
",no_evident_not_staff_make_stay_enjoyable,staff_not_justify_booking_issue,Yes
2045,"Task: decide if Proposition B contradicts Assumption A.

Steps:
1. A defends a claim (strip ""no_evident_not_"" / ""have_evident_"" to see it).
2. B states a fact.
3. Does B disprove A's claim? Same specific issue only, not just same topic.

Output pattern (always use this exact shape):
A: <phrase>
B: <phrase>
Answer: Yes/No

Examples:

A: no_evident_not_easy_check-in
B: customer_wait_10_minute_for_greet
Answer: Yes

A: no_evident_not_easy_check-in
B: no_one_give_key_on_late_check-in
Answer: No

A: no_evident_not_great_quality
B: shampoo_seem_cheap_considering_hotel_cost
Answer: Yes

A: no_evident_not_great_quality
B: expensive_hotel
Answer: No

Now answer for this pair. Output ONLY the final line ""Answer: Yes"" or ""Answer: No"" — no other text.

A: no_evident_not_staff_make_stay_enjoyable
B: staff_not_understand_English_well
Answer:
",no_evident_not_staff_make_stay_enjoyable,staff_not_understand_English_well,Yes
2047,"Task: decide if Proposition B contradicts Assumption A.

Steps:
1. A defends a claim (strip ""no_evident_not_"" / ""have_evident_"" to see it).
2. B states a fact.
3. Does B disprove A's claim? Same specific issue only, not just same topic.

Output pattern (always use this exact shape):
A: <phrase>
B: <phrase>
Answer: Yes/No

Examples:

A: no_evident_not_easy_check-in
B: customer_wait_10_minute_for_greet
Answer: Yes

A: no_evident_not_easy_check-in
B: no_one_give_key_on_late_check-in
Answer: No

A: no_evident_not_great_quality
B: shampoo_seem_cheap_considering_hotel_cost
Answer: Yes

A: no_evident_not_great_quality
B: expensive_hotel
Answer: No

Now answer for this pair. Output ONLY the final line ""Answer: Yes"" or ""Answer: No"" — no other text.

A: no_evident_not_staff_make_stay_enjoyable
B: only_one_staff_wear_mask
Answer:
",no_evident_not_staff_make_stay_enjoyable,only_one_staff_wear_mask,Yes
2058,"Task: decide if Proposition B contradicts Assumption A.

Steps:
1. A defends a claim (strip ""no_evident_not_"" / ""have_evident_"" to see it).
2. B states a fact.
3. Does B disprove A's claim? Same specific issue only, not just same topic.

Output pattern (always use this exact shape):
A: <phrase>
B: <phrase>
Answer: Yes/No

Examples:

A: no_evident_not_easy_check-in
B: customer_wait_10_minute_for_greet
Answer: Yes

A: no_evident_not_easy_check-in
B: no_one_give_key_on_late_check-in
Answer: No

A: no_evident_not_great_quality
B: shampoo_seem_cheap_considering_hotel_cost
Answer: Yes

A: no_evident_not_great_quality
B: expensive_hotel
Answer: No

Now answer for this pair. Output ONLY the final line ""Answer: Yes"" or ""Answer: No"" — no other text.

A: no_evident_not_staff_allow_early_check-in_in_morning
B: staff_cannot_provide_double_bed
Answer:
",no_evident_not_staff_allow_early_check-in_in_morning,staff_cannot_provide_double_bed,Yes
2060,"Task: decide if Proposition B contradicts Assumption A.

Steps:
1. A defends a claim (strip ""no_evident_not_"" / ""have_evident_"" to see it).
2. B states a fact.
3. Does B disprove A's claim? Same specific issue only, not just same topic.

Output pattern (always use this exact shape):
A: <phrase>
B: <phrase>
Answer: Yes/No

Examples:

A: no_evident_not_easy_check-in
B: customer_wait_10_minute_for_greet
Answer: Yes

A: no_evident_not_easy_check-in
B: no_one_give_key_on_late_check-in
Answer: No

A: no_evident_not_great_quality
B: shampoo_seem_cheap_considering_hotel_cost
Answer: Yes

A: no_evident_not_great_quality
B: expensive_hotel
Answer: No

Now answer for this pair. Output ONLY the final line ""Answer: Yes"" or ""Answer: No"" — no other text.

A: no_evident_not_staff_allow_early_check-in_in_morning
B: staff_not_justify_booking_issue
Answer:
",no_evident_not_staff_allow_early_check-in_in_morning,staff_not_justify_booking_issue,Yes
2137,"Task: decide if Proposition B contradicts Assumption A.

Steps:
1. A defends a claim (strip ""no_evident_not_"" / ""have_evident_"" to see it).
2. B states a fact.
3. Does B disprove A's claim? Same specific issue only, not just same topic.

Output pattern (always use this exact shape):
A: <phrase>
B: <phrase>
Answer: Yes/No

Examples:

A: no_evident_not_easy_check-in
B: customer_wait_10_minute_for_greet
Answer: Yes

A: no_evident_not_easy_check-in
B: no_one_give_key_on_late_check-in
Answer: No

A: no_evident_not_great_quality
B: shampoo_seem_cheap_considering_hotel_cost
Answer: Yes

A: no_evident_not_great_quality
B: expensive_hotel
Answer: No

Now answer for this pair. Output ONLY the final line ""Answer: Yes"" or ""Answer: No"" — no other text.

A: no_evident_not_staff_allow_to_keep_room_longer_because_flight_cancelled
B: staff_not_understand_English_well
Answer:
",no_evident_not_staff_allow_to_keep_room_longer_because_flight_cancelled,staff_not_understand_English_well,Yes
2146,"Task: decide if Proposition B contradicts Assumption A.

Steps:
1. A defends a claim (strip ""no_evident_not_"" / ""have_evident_"" to see it).
2. B states a fact.
3. Does B disprove A's claim? Same specific issue only, not just same topic.

Output pattern (always use this exact shape):
A: <phrase>
B: <phrase>
Answer: Yes/No

Examples:

A: no_evident_not_easy_check-in
B: customer_wait_10_minute_for_greet
Answer: Yes

A: no_evident_not_easy_check-in
B: no_one_give_key_on_late_check-in
Answer: No

A: no_evident_not_great_quality
B: shampoo_seem_cheap_considering_hotel_cost
Answer: Yes

A: no_evident_not_great_quality
B: expensive_hotel
Answer: No

Now answer for this pair. Output ONLY the final line ""Answer: Yes"" or ""Answer: No"" — no other text.

A: no_evident_not_staff_responsive_to_pre-arrival_question
B: not_kind_staff
Answer:
",no_evident_not_staff_responsive_to_pre-arrival_question,not_kind_staff,Yes
2153,"Task: decide if Proposition B contradicts Assumption A.

Steps:
1. A defends a claim (strip ""no_evident_not_"" / ""have_evident_"" to see it).
2. B states a fact.
3. Does B disprove A's claim? Same specific issue only, not just same topic.

Output pattern (always use this exact shape):
A: <phrase>
B: <phrase>
Answer: Yes/No

Examples:

A: no_evident_not_easy_check-in
B: customer_wait_10_minute_for_greet
Answer: Yes

A: no_evident_not_easy_check-in
B: no_one_give_key_on_late_check-in
Answer: No

A: no_evident_not_great_quality
B: shampoo_seem_cheap_considering_hotel_cost
Answer: Yes

A: no_evident_not_great_quality
B: expensive_hotel
Answer: No

Now answer for this pair. Output ONLY the final line ""Answer: Yes"" or ""Answer: No"" — no other text.

A: no_evident_not_staff_responsive_to_pre-arrival_question
B: staff_charge_for_cancellation_while_no_cancellation_charge_in_Booking.com
Answer:
",no_evident_not_staff_responsive_to_pre-arrival_question,staff_charge_for_cancellation_while_no_cancellation_charge_in_Booking.com,Yes
2158,"Task: decide if Proposition B contradicts Assumption A.

Steps:
1. A defends a claim (strip ""no_evident_not_"" / ""have_evident_"" to see it).
2. B states a fact.
3. Does B disprove A's claim? Same specific issue only, not just same topic.

Output pattern (always use this exact shape):
A: <phrase>
B: <phrase>
Answer: Yes/No

Examples:

A: no_evident_not_easy_check-in
B: customer_wait_10_minute_for_greet
Answer: Yes

A: no_evident_not_easy_check-in
B: no_one_give_key_on_late_check-in
Answer: No

A: no_evident_not_great_quality
B: shampoo_seem_cheap_considering_hotel_cost
Answer: Yes

A: no_evident_not_great_quality
B: expensive_hotel
Answer: No

Now answer for this pair. Output ONLY the final line ""Answer: Yes"" or ""Answer: No"" — no other text.

A: no_evident_not_staff_responsive_to_pre-arrival_question
B: staff_not_speak_Cypriot_language
Answer:
",no_evident_not_staff_responsive_to_pre-arrival_question,staff_not_speak_Cypriot_language,Yes
2163,"Task: decide if Proposition B contradicts Assumption A.

Steps:
1. A defends a claim (strip ""no_evident_not_"" / ""have_evident_"" to see it).
2. B states a fact.
3. Does B disprove A's claim? Same specific issue only, not just same topic.

Output pattern (always use this exact shape):
A: <phrase>
B: <phrase>
Answer: Yes/No

Examples:

A: no_evident_not_easy_check-in
B: customer_wait_10_minute_for_greet
Answer: Yes

A: no_evident_not_easy_check-in
B: no_one_give_key_on_late_check-in
Answer: No

A: no_evident_not_great_quality
B: shampoo_seem_cheap_considering_hotel_cost
Answer: Yes

A: no_evident_not_great_quality
B: expensive_hotel
Answer: No

Now answer for this pair. Output ONLY the final line ""Answer: Yes"" or ""Answer: No"" — no other text.

A: no_evident_not_happy_to_help_with_Covid_restriction
B: staff_not_speak_English_properly
Answer:
",no_evident_not_happy_to_help_with_Covid_restriction,staff_not_speak_English_properly,No
2167,"Task: decide if Proposition B contradicts Assumption A.

Steps:
1. A defends a claim (strip ""no_evident_not_"" / ""have_evident_"" to see it).
2. B states a fact.
3. Does B disprove A's claim? Same specific issue only, not just same topic.

Output pattern (always use this exact shape):
A: <phrase>
B: <phrase>
Answer: Yes/No

Examples:

A: no_evident_not_easy_check-in
B: customer_wait_10_minute_for_greet
Answer: Yes

A: no_evident_not_easy_check-in
B: no_one_give_key_on_late_check-in
Answer: No

A: no_evident_not_great_quality
B: shampoo_seem_cheap_considering_hotel_cost
Answer: Yes

A: no_evident_not_great_quality
B: expensive_hotel
Answer: No

Now answer for this pair. Output ONLY the final line ""Answer: Yes"" or ""Answer: No"" — no other text.

A: no_evident_not_happy_to_help_with_Covid_restriction
B: staff_need_improve_collaboration
Answer:
",no_evident_not_happy_to_help_with_Covid_restriction,staff_need_improve_collaboration,Yes
2170,"Task: decide if Proposition B contradicts Assumption A.

Steps:
1. A defends a claim (strip ""no_evident_not_"" / ""have_evident_"" to see it).
2. B states a fact.
3. Does B disprove A's claim? Same specific issue only, not just same topic.

Output pattern (always use this exact shape):
A: <phrase>
B: <phrase>
Answer: Yes/No

Examples:

A: no_evident_not_easy_check-in
B: customer_wait_10_minute_for_greet
Answer: Yes

A: no_evident_not_easy_check-in
B: no_one_give_key_on_late_check-in
Answer: No

A: no_evident_not_great_quality
B: shampoo_seem_cheap_considering_hotel_cost
Answer: Yes

A: no_evident_not_great_quality
B: expensive_hotel
Answer: No

Now answer for this pair. Output ONLY the final line ""Answer: Yes"" or ""Answer: No"" — no other text.

A: no_evident_not_happy_to_help_with_Covid_restriction
B: no_empathy_staff
Answer:
",no_evident_not_happy_to_help_with_Covid_restriction,no_empathy_staff,Yes
2172,"Task: decide if Proposition B contradicts Assumption A.

Steps:
1. A defends a claim (strip ""no_evident_not_"" / ""have_evident_"" to see it).
2. B states a fact.
3. Does B disprove A's claim? Same specific issue only, not just same topic.

Output pattern (always use this exact shape):
A: <phrase>
B: <phrase>
Answer: Yes/No

Examples:

A: no_evident_not_easy_check-in
B: customer_wait_10_minute_for_greet
Answer: Yes

A: no_evident_not_easy_check-in
B: no_one_give_key_on_late_check-in
Answer: No

A: no_evident_not_great_quality
B: shampoo_seem_cheap_considering_hotel_cost
Answer: Yes

A: no_evident_not_great_quality
B: expensive_hotel
Answer: No

Now answer for this pair. Output ONLY the final line ""Answer: Yes"" or ""Answer: No"" — no other text.

A: no_evident_not_happy_to_help_with_Covid_restriction
B: staff_fail_to_guest_request
Answer:
",no_evident_not_happy_to_help_with_Covid_restriction,staff_fail_to_guest_request,Yes
2173,"Task: decide if Proposition B contradicts Assumption A.

Steps:
1. A defends a claim (strip ""no_evident_not_"" / ""have_evident_"" to see it).
2. B states a fact.
3. Does B disprove A's claim? Same specific issue only, not just same topic.

Output pattern (always use this exact shape):
A: <phrase>
B: <phrase>
Answer: Yes/No

Examples:

A: no_evident_not_easy_check-in
B: customer_wait_10_minute_for_greet
Answer: Yes

A: no_evident_not_easy_check-in
B: no_one_give_key_on_late_check-in
Answer: No

A: no_evident_not_great_quality
B: shampoo_seem_cheap_considering_hotel_cost
Answer: Yes

A: no_evident_not_great_quality
B: expensive_hotel
Answer: No

Now answer for this pair. Output ONLY the final line ""Answer: Yes"" or ""Answer: No"" — no other text.

A: no_evident_not_happy_to_help_with_Covid_restriction
B: staff_cannot_provide_double_bed
Answer:
",no_evident_not_happy_to_help_with_Covid_restriction,staff_cannot_provide_double_bed,Yes
2176,"Task: decide if Proposition B contradicts Assumption A.

Steps:
1. A defends a claim (strip ""no_evident_not_"" / ""have_evident_"" to see it).
2. B states a fact.
3. Does B disprove A's claim? Same specific issue only, not just same topic.

Output pattern (always use this exact shape):
A: <phrase>
B: <phrase>
Answer: Yes/No

Examples:

A: no_evident_not_easy_check-in
B: customer_wait_10_minute_for_greet
Answer: Yes

A: no_evident_not_easy_check-in
B: no_one_give_key_on_late_check-in
Answer: No

A: no_evident_not_great_quality
B: shampoo_seem_cheap_considering_hotel_cost
Answer: Yes

A: no_evident_not_great_quality
B: expensive_hotel
Answer: No

Now answer for this pair. Output ONLY the final line ""Answer: Yes"" or ""Answer: No"" — no other text.

A: no_evident_not_happy_to_help_with_Covid_restriction
B: staff_charge_for_cancellation_while_no_cancellation_charge_in_Booking.com
Answer:
",no_evident_not_happy_to_help_with_Covid_restriction,staff_charge_for_cancellation_while_no_cancellation_charge_in_Booking.com,Yes
2186,"Task: decide if Proposition B contradicts Assumption A.

Steps:
1. A defends a claim (strip ""no_evident_not_"" / ""have_evident_"" to see it).
2. B states a fact.
3. Does B disprove A's claim? Same specific issue only, not just same topic.

Output pattern (always use this exact shape):
A: <phrase>
B: <phrase>
Answer: Yes/No

Examples:

A: no_evident_not_easy_check-in
B: customer_wait_10_minute_for_greet
Answer: Yes

A: no_evident_not_easy_check-in
B: no_one_give_key_on_late_check-in
Answer: No

A: no_evident_not_great_quality
B: shampoo_seem_cheap_considering_hotel_cost
Answer: Yes

A: no_evident_not_great_quality
B: expensive_hotel
Answer: No

Now answer for this pair. Output ONLY the final line ""Answer: Yes"" or ""Answer: No"" — no other text.

A: no_evident_not_felt_like_home_staff
B: staff_not_speak_English_properly
Answer:
",no_evident_not_felt_like_home_staff,staff_not_speak_English_properly,Yes
2188,"Task: decide if Proposition B contradicts Assumption A.

Steps:
1. A defends a claim (strip ""no_evident_not_"" / ""have_evident_"" to see it).
2. B states a fact.
3. Does B disprove A's claim? Same specific issue only, not just same topic.

Output pattern (always use this exact shape):
A: <phrase>
B: <phrase>
Answer: Yes/No

Examples:

A: no_evident_not_easy_check-in
B: customer_wait_10_minute_for_greet
Answer: Yes

A: no_evident_not_easy_check-in
B: no_one_give_key_on_late_check-in
Answer: No

A: no_evident_not_great_quality
B: shampoo_seem_cheap_considering_hotel_cost
Answer: Yes

A: no_evident_not_great_quality
B: expensive_hotel
Answer: No

Now answer for this pair. Output ONLY the final line ""Answer: Yes"" or ""Answer: No"" — no other text.

A: no_evident_not_felt_like_home_staff
B: staff_should_learn_better_English
Answer:
",no_evident_not_felt_like_home_staff,staff_should_learn_better_English,Yes
2194,"Task: decide if Proposition B contradicts Assumption A.

Steps:
1. A defends a claim (strip ""no_evident_not_"" / ""have_evident_"" to see it).
2. B states a fact.
3. Does B disprove A's claim? Same specific issue only, not just same topic.

Output pattern (always use this exact shape):
A: <phrase>
B: <phrase>
Answer: Yes/No

Examples:

A: no_evident_not_easy_check-in
B: customer_wait_10_minute_for_greet
Answer: Yes

A: no_evident_not_easy_check-in
B: no_one_give_key_on_late_check-in
Answer: No

A: no_evident_not_great_quality
B: shampoo_seem_cheap_considering_hotel_cost
Answer: Yes

A: no_evident_not_great_quality
B: expensive_hotel
Answer: No

Now answer for this pair. Output ONLY the final line ""Answer: Yes"" or ""Answer: No"" — no other text.

A: no_evident_not_felt_like_home_staff
B: staff_fail_to_communicate_with_taxi
Answer:
",no_evident_not_felt_like_home_staff,staff_fail_to_communicate_with_taxi,Yes
2212,"Task: decide if Proposition B contradicts Assumption A.

Steps:
1. A defends a claim (strip ""no_evident_not_"" / ""have_evident_"" to see it).
2. B states a fact.
3. Does B disprove A's claim? Same specific issue only, not just same topic.

Output pattern (always use this exact shape):
A: <phrase>
B: <phrase>
Answer: Yes/No

Examples:

A: no_evident_not_easy_check-in
B: customer_wait_10_minute_for_greet
Answer: Yes

A: no_evident_not_easy_check-in
B: no_one_give_key_on_late_check-in
Answer: No

A: no_evident_not_great_quality
B: shampoo_seem_cheap_considering_hotel_cost
Answer: Yes

A: no_evident_not_great_quality
B: expensive_hotel
Answer: No

Now answer for this pair. Output ONLY the final line ""Answer: Yes"" or ""Answer: No"" — no other text.

A: no_evident_not_staff_make_feel_like_home
B: staff_need_improve_organization
Answer:
",no_evident_not_staff_make_feel_like_home,staff_need_improve_organization,Yes
2232,"Task: decide if Proposition B contradicts Assumption A.

Steps:
1. A defends a claim (strip ""no_evident_not_"" / ""have_evident_"" to see it).
2. B states a fact.
3. Does B disprove A's claim? Same specific issue only, not just same topic.

Output pattern (always use this exact shape):
A: <phrase>
B: <phrase>
Answer: Yes/No

Examples:

A: no_evident_not_easy_check-in
B: customer_wait_10_minute_for_greet
Answer: Yes

A: no_evident_not_easy_check-in
B: no_one_give_key_on_late_check-in
Answer: No

A: no_evident_not_great_quality
B: shampoo_seem_cheap_considering_hotel_cost
Answer: Yes

A: no_evident_not_great_quality
B: expensive_hotel
Answer: No

Now answer for this pair. Output ONLY the final line ""Answer: Yes"" or ""Answer: No"" — no other text.

A: no_evident_not_happy_to_help_any_situation
B: staff_not_speak_English_properly
Answer:
",no_evident_not_happy_to_help_any_situation,staff_not_speak_English_properly,Yes
2254,"Task: decide if Proposition B contradicts Assumption A.

Steps:
1. A defends a claim (strip ""no_evident_not_"" / ""have_evident_"" to see it).
2. B states a fact.
3. Does B disprove A's claim? Same specific issue only, not just same topic.

Output pattern (always use this exact shape):
A: <phrase>
B: <phrase>
Answer: Yes/No

Examples:

A: no_evident_not_easy_check-in
B: customer_wait_10_minute_for_greet
Answer: Yes

A: no_evident_not_easy_check-in
B: no_one_give_key_on_late_check-in
Answer: No

A: no_evident_not_great_quality
B: shampoo_seem_cheap_considering_hotel_cost
Answer: Yes

A: no_evident_not_great_quality
B: expensive_hotel
Answer: No

Now answer for this pair. Output ONLY the final line ""Answer: Yes"" or ""Answer: No"" — no other text.

A: no_evident_not_happy_to_help_any_situation
B: only_one_staff_wear_mask
Answer:
",no_evident_not_happy_to_help_any_situation,only_one_staff_wear_mask,No
2267,"Task: decide if Proposition B contradicts Assumption A.

Steps:
1. A defends a claim (strip ""no_evident_not_"" / ""have_evident_"" to see it).
2. B states a fact.
3. Does B disprove A's claim? Same specific issue only, not just same topic.

Output pattern (always use this exact shape):
A: <phrase>
B: <phrase>
Answer: Yes/No

Examples:

A: no_evident_not_easy_check-in
B: customer_wait_10_minute_for_greet
Answer: Yes

A: no_evident_not_easy_check-in
B: no_one_give_key_on_late_check-in
Answer: No

A: no_evident_not_great_quality
B: shampoo_seem_cheap_considering_hotel_cost
Answer: Yes

A: no_evident_not_great_quality
B: expensive_hotel
Answer: No

Now answer for this pair. Output ONLY the final line ""Answer: Yes"" or ""Answer: No"" — no other text.

A: no_evident_not_happy_to_help_any_question
B: staff_not_justify_booking_issue
Answer:
",no_evident_not_happy_to_help_any_question,staff_not_justify_booking_issue,Yes
2277,"Task: decide if Proposition B contradicts Assumption A.

Steps:
1. A defends a claim (strip ""no_evident_not_"" / ""have_evident_"" to see it).
2. B states a fact.
3. Does B disprove A's claim? Same specific issue only, not just same topic.

Output pattern (always use this exact shape):
A: <phrase>
B: <phrase>
Answer: Yes/No

Examples:

A: no_evident_not_easy_check-in
B: customer_wait_10_minute_for_greet
Answer: Yes

A: no_evident_not_easy_check-in
B: no_one_give_key_on_late_check-in
Answer: No

A: no_evident_not_great_quality
B: shampoo_seem_cheap_considering_hotel_cost
Answer: Yes

A: no_evident_not_great_quality
B: expensive_hotel
Answer: No

Now answer for this pair. Output ONLY the final line ""Answer: Yes"" or ""Answer: No"" — no other text.

A: no_evident_not_happy_to_help_any_question
B: only_one_staff_wear_mask
Answer:
",no_evident_not_happy_to_help_any_question,only_one_staff_wear_mask,Yes
2278,"Task: decide if Proposition B contradicts Assumption A.

Steps:
1. A defends a claim (strip ""no_evident_not_"" / ""have_evident_"" to see it).
2. B states a fact.
3. Does B disprove A's claim? Same specific issue only, not just same topic.

Output pattern (always use this exact shape):
A: <phrase>
B: <phrase>
Answer: Yes/No

Examples:

A: no_evident_not_easy_check-in
B: customer_wait_10_minute_for_greet
Answer: Yes

A: no_evident_not_easy_check-in
B: no_one_give_key_on_late_check-in
Answer: No

A: no_evident_not_great_quality
B: shampoo_seem_cheap_considering_hotel_cost
Answer: Yes

A: no_evident_not_great_quality
B: expensive_hotel
Answer: No

Now answer for this pair. Output ONLY the final line ""Answer: Yes"" or ""Answer: No"" — no other text.

A: no_evident_not_staff_recommend_place_to_visit
B: staff_not_speak_English_properly
Answer:
",no_evident_not_staff_recommend_place_to_visit,staff_not_speak_English_properly,Yes
2279,"Task: decide if Proposition B contradicts Assumption A.

Steps:
1. A defends a claim (strip ""no_evident_not_"" / ""have_evident_"" to see it).
2. B states a fact.
3. Does B disprove A's claim? Same specific issue only, not just same topic.

Output pattern (always use this exact shape):
A: <phrase>
B: <phrase>
Answer: Yes/No

Examples:

A: no_evident_not_easy_check-in
B: customer_wait_10_minute_for_greet
Answer: Yes

A: no_evident_not_easy_check-in
B: no_one_give_key_on_late_check-in
Answer: No

A: no_evident_not_great_quality
B: shampoo_seem_cheap_considering_hotel_cost
Answer: Yes

A: no_evident_not_great_quality
B: expensive_hotel
Answer: No

Now answer for this pair. Output ONLY the final line ""Answer: Yes"" or ""Answer: No"" — no other text.

A: no_evident_not_staff_recommend_place_to_visit
B: staff_clean_after_complaint
Answer:
",no_evident_not_staff_recommend_place_to_visit,staff_clean_after_complaint,No
2282,"Task: decide if Proposition B contradicts Assumption A.

Steps:
1. A defends a claim (strip ""no_evident_not_"" / ""have_evident_"" to see it).
2. B states a fact.
3. Does B disprove A's claim? Same specific issue only, not just same topic.

Output pattern (always use this exact shape):
A: <phrase>
B: <phrase>
Answer: Yes/No

Examples:

A: no_evident_not_easy_check-in
B: customer_wait_10_minute_for_greet
Answer: Yes

A: no_evident_not_easy_check-in
B: no_one_give_key_on_late_check-in
Answer: No

A: no_evident_not_great_quality
B: shampoo_seem_cheap_considering_hotel_cost
Answer: Yes

A: no_evident_not_great_quality
B: expensive_hotel
Answer: No

Now answer for this pair. Output ONLY the final line ""Answer: Yes"" or ""Answer: No"" — no other text.

A: no_evident_not_staff_recommend_place_to_visit
B: staff_need_improve_collaboration
Answer:
",no_evident_not_staff_recommend_place_to_visit,staff_need_improve_collaboration,Yes
2309,"Task: decide if Proposition B contradicts Assumption A.

Steps:
1. A defends a claim (strip ""no_evident_not_"" / ""have_evident_"" to see it).
2. B states a fact.
3. Does B disprove A's claim? Same specific issue only, not just same topic.

Output pattern (always use this exact shape):
A: <phrase>
B: <phrase>
Answer: Yes/No

Examples:

A: no_evident_not_easy_check-in
B: customer_wait_10_minute_for_greet
Answer: Yes

A: no_evident_not_easy_check-in
B: no_one_give_key_on_late_check-in
Answer: No

A: no_evident_not_great_quality
B: shampoo_seem_cheap_considering_hotel_cost
Answer: Yes

A: no_evident_not_great_quality
B: expensive_hotel
Answer: No

Now answer for this pair. Output ONLY the final line ""Answer: Yes"" or ""Answer: No"" — no other text.

A: no_evident_not_easy_to_deal_with
B: staff_fail_to_communicate_with_taxi
Answer:
",no_evident_not_easy_to_deal_with,staff_fail_to_communicate_with_taxi,Yes
2335,"Task: decide if Proposition B contradicts Assumption A.

Steps:
1. A defends a claim (strip ""no_evident_not_"" / ""have_evident_"" to see it).
2. B states a fact.
3. Does B disprove A's claim? Same specific issue only, not just same topic.

Output pattern (always use this exact shape):
A: <phrase>
B: <phrase>
Answer: Yes/No

Examples:

A: no_evident_not_easy_check-in
B: customer_wait_10_minute_for_greet
Answer: Yes

A: no_evident_not_easy_check-in
B: no_one_give_key_on_late_check-in
Answer: No

A: no_evident_not_great_quality
B: shampoo_seem_cheap_considering_hotel_cost
Answer: Yes

A: no_evident_not_great_quality
B: expensive_hotel
Answer: No

Now answer for this pair. Output ONLY the final line ""Answer: Yes"" or ""Answer: No"" — no other text.

A: no_evident_not_gone_above_and_beyond_to_help_us
B: offended_staff
Answer:
",no_evident_not_gone_above_and_beyond_to_help_us,offended_staff,Yes
2337,"Task: decide if Proposition B contradicts Assumption A.

Steps:
1. A defends a claim (strip ""no_evident_not_"" / ""have_evident_"" to see it).
2. B states a fact.
3. Does B disprove A's claim? Same specific issue only, not just same topic.

Output pattern (always use this exact shape):
A: <phrase>
B: <phrase>
Answer: Yes/No

Examples:

A: no_evident_not_easy_check-in
B: customer_wait_10_minute_for_greet
Answer: Yes

A: no_evident_not_easy_check-in
B: no_one_give_key_on_late_check-in
Answer: No

A: no_evident_not_great_quality
B: shampoo_seem_cheap_considering_hotel_cost
Answer: Yes

A: no_evident_not_great_quality
B: expensive_hotel
Answer: No

Now answer for this pair. Output ONLY the final line ""Answer: Yes"" or ""Answer: No"" — no other text.

A: no_evident_not_gone_above_and_beyond_to_help_us
B: staff_charge_for_cancellation_while_no_cancellation_charge_in_Booking.com
Answer:
",no_evident_not_gone_above_and_beyond_to_help_us,staff_charge_for_cancellation_while_no_cancellation_charge_in_Booking.com,Yes
2371,"Task: decide if Proposition B contradicts Assumption A.

Steps:
1. A defends a claim (strip ""no_evident_not_"" / ""have_evident_"" to see it).
2. B states a fact.
3. Does B disprove A's claim? Same specific issue only, not just same topic.

Output pattern (always use this exact shape):
A: <phrase>
B: <phrase>
Answer: Yes/No

Examples:

A: no_evident_not_easy_check-in
B: customer_wait_10_minute_for_greet
Answer: Yes

A: no_evident_not_easy_check-in
B: no_one_give_key_on_late_check-in
Answer: No

A: no_evident_not_great_quality
B: shampoo_seem_cheap_considering_hotel_cost
Answer: Yes

A: no_evident_not_great_quality
B: expensive_hotel
Answer: No

Now answer for this pair. Output ONLY the final line ""Answer: Yes"" or ""Answer: No"" — no other text.

A: no_evident_not_alway_smile
B: staff_clean_after_complaint
Answer:
",no_evident_not_alway_smile,staff_clean_after_complaint,No
2402,"Task: decide if Proposition B contradicts Assumption A.

Steps:
1. A defends a claim (strip ""no_evident_not_"" / ""have_evident_"" to see it).
2. B states a fact.
3. Does B disprove A's claim? Same specific issue only, not just same topic.

Output pattern (always use this exact shape):
A: <phrase>
B: <phrase>
Answer: Yes/No

Examples:

A: no_evident_not_easy_check-in
B: customer_wait_10_minute_for_greet
Answer: Yes

A: no_evident_not_easy_check-in
B: no_one_give_key_on_late_check-in
Answer: No

A: no_evident_not_great_quality
B: shampoo_seem_cheap_considering_hotel_cost
Answer: Yes

A: no_evident_not_great_quality
B: expensive_hotel
Answer: No

Now answer for this pair. Output ONLY the final line ""Answer: Yes"" or ""Answer: No"" — no other text.

A: no_evident_not_glad_to_help
B: staff_fail_to_guest_request
Answer:
",no_evident_not_glad_to_help,staff_fail_to_guest_request,Yes
2405,"Task: decide if Proposition B contradicts Assumption A.

Steps:
1. A defends a claim (strip ""no_evident_not_"" / ""have_evident_"" to see it).
2. B states a fact.
3. Does B disprove A's claim? Same specific issue only, not just same topic.

Output pattern (always use this exact shape):
A: <phrase>
B: <phrase>
Answer: Yes/No

Examples:

A: no_evident_not_easy_check-in
B: customer_wait_10_minute_for_greet
Answer: Yes

A: no_evident_not_easy_check-in
B: no_one_give_key_on_late_check-in
Answer: No

A: no_evident_not_great_quality
B: shampoo_seem_cheap_considering_hotel_cost
Answer: Yes

A: no_evident_not_great_quality
B: expensive_hotel
Answer: No

Now answer for this pair. Output ONLY the final line ""Answer: Yes"" or ""Answer: No"" — no other text.

A: no_evident_not_glad_to_help
B: staff_not_justify_booking_issue
Answer:
",no_evident_not_glad_to_help,staff_not_justify_booking_issue,Yes
2431,"Task: decide if Proposition B contradicts Assumption A.

Steps:
1. A defends a claim (strip ""no_evident_not_"" / ""have_evident_"" to see it).
2. B states a fact.
3. Does B disprove A's claim? Same specific issue only, not just same topic.

Output pattern (always use this exact shape):
A: <phrase>
B: <phrase>
Answer: Yes/No

Examples:

A: no_evident_not_easy_check-in
B: customer_wait_10_minute_for_greet
Answer: Yes

A: no_evident_not_easy_check-in
B: no_one_give_key_on_late_check-in
Answer: No

A: no_evident_not_great_quality
B: shampoo_seem_cheap_considering_hotel_cost
Answer: Yes

A: no_evident_not_great_quality
B: expensive_hotel
Answer: No

Now answer for this pair. Output ONLY the final line ""Answer: Yes"" or ""Answer: No"" — no other text.

A: no_evident_not_fantastic_staff
B: staff_mistakenly_throw_valuable_item_during_cleaning_service
Answer:
",no_evident_not_fantastic_staff,staff_mistakenly_throw_valuable_item_during_cleaning_service,Yes
2445,"Task: decide if Proposition B contradicts Assumption A.

Steps:
1. A defends a claim (strip ""no_evident_not_"" / ""have_evident_"" to see it).
2. B states a fact.
3. Does B disprove A's claim? Same specific issue only, not just same topic.

Output pattern (always use this exact shape):
A: <phrase>
B: <phrase>
Answer: Yes/No

Examples:

A: no_evident_not_easy_check-in
B: customer_wait_10_minute_for_greet
Answer: Yes

A: no_evident_not_easy_check-in
B: no_one_give_key_on_late_check-in
Answer: No

A: no_evident_not_great_quality
B: shampoo_seem_cheap_considering_hotel_cost
Answer: Yes

A: no_evident_not_great_quality
B: expensive_hotel
Answer: No

Now answer for this pair. Output ONLY the final line ""Answer: Yes"" or ""Answer: No"" — no other text.

A: no_evident_not_quick_response_staff
B: not_kind_staff
Answer:
",no_evident_not_quick_response_staff,not_kind_staff,Yes
2453,"Task: decide if Proposition B contradicts Assumption A.

Steps:
1. A defends a claim (strip ""no_evident_not_"" / ""have_evident_"" to see it).
2. B states a fact.
3. Does B disprove A's claim? Same specific issue only, not just same topic.

Output pattern (always use this exact shape):
A: <phrase>
B: <phrase>
Answer: Yes/No

Examples:

A: no_evident_not_easy_check-in
B: customer_wait_10_minute_for_greet
Answer: Yes

A: no_evident_not_easy_check-in
B: no_one_give_key_on_late_check-in
Answer: No

A: no_evident_not_great_quality
B: shampoo_seem_cheap_considering_hotel_cost
Answer: Yes

A: no_evident_not_great_quality
B: expensive_hotel
Answer: No

Now answer for this pair. Output ONLY the final line ""Answer: Yes"" or ""Answer: No"" — no other text.

A: no_evident_not_quick_response_staff
B: staff_enforce_cancellation_charge
Answer:
",no_evident_not_quick_response_staff,staff_enforce_cancellation_charge,Yes
2458,"Task: decide if Proposition B contradicts Assumption A.

Steps:
1. A defends a claim (strip ""no_evident_not_"" / ""have_evident_"" to see it).
2. B states a fact.
3. Does B disprove A's claim? Same specific issue only, not just same topic.

Output pattern (always use this exact shape):
A: <phrase>
B: <phrase>
Answer: Yes/No

Examples:

A: no_evident_not_easy_check-in
B: customer_wait_10_minute_for_greet
Answer: Yes

A: no_evident_not_easy_check-in
B: no_one_give_key_on_late_check-in
Answer: No

A: no_evident_not_great_quality
B: shampoo_seem_cheap_considering_hotel_cost
Answer: Yes

A: no_evident_not_great_quality
B: expensive_hotel
Answer: No

Now answer for this pair. Output ONLY the final line ""Answer: Yes"" or ""Answer: No"" — no other text.

A: no_evident_not_quick_response_staff
B: no_staff_at_night
Answer:
",no_evident_not_quick_response_staff,no_staff_at_night,Yes
2479,"Task: decide if Proposition B contradicts Assumption A.

Steps:
1. A defends a claim (strip ""no_evident_not_"" / ""have_evident_"" to see it).
2. B states a fact.
3. Does B disprove A's claim? Same specific issue only, not just same topic.

Output pattern (always use this exact shape):
A: <phrase>
B: <phrase>
Answer: Yes/No

Examples:

A: no_evident_not_easy_check-in
B: customer_wait_10_minute_for_greet
Answer: Yes

A: no_evident_not_easy_check-in
B: no_one_give_key_on_late_check-in
Answer: No

A: no_evident_not_great_quality
B: shampoo_seem_cheap_considering_hotel_cost
Answer: Yes

A: no_evident_not_great_quality
B: expensive_hotel
Answer: No

Now answer for this pair. Output ONLY the final line ""Answer: Yes"" or ""Answer: No"" — no other text.

A: no_evident_not_flexible_to_our_schedule
B: staff_has_unaceptable_manner
Answer:
",no_evident_not_flexible_to_our_schedule,staff_has_unaceptable_manner,Yes
2501,"Task: decide if Proposition B contradicts Assumption A.

Steps:
1. A defends a claim (strip ""no_evident_not_"" / ""have_evident_"" to see it).
2. B states a fact.
3. Does B disprove A's claim? Same specific issue only, not just same topic.

Output pattern (always use this exact shape):
A: <phrase>
B: <phrase>
Answer: Yes/No

Examples:

A: no_evident_not_easy_check-in
B: customer_wait_10_minute_for_greet
Answer: Yes

A: no_evident_not_easy_check-in
B: no_one_give_key_on_late_check-in
Answer: No

A: no_evident_not_great_quality
B: shampoo_seem_cheap_considering_hotel_cost
Answer: Yes

A: no_evident_not_great_quality
B: expensive_hotel
Answer: No

Now answer for this pair. Output ONLY the final line ""Answer: Yes"" or ""Answer: No"" — no other text.

A: no_evident_not_staff_wait_for_arrival_after_open_hour
B: staff_not_provide_good_solution
Answer:
",no_evident_not_staff_wait_for_arrival_after_open_hour,staff_not_provide_good_solution,Yes
2520,"Task: decide if Proposition B contradicts Assumption A.

Steps:
1. A defends a claim (strip ""no_evident_not_"" / ""have_evident_"" to see it).
2. B states a fact.
3. Does B disprove A's claim? Same specific issue only, not just same topic.

Output pattern (always use this exact shape):
A: <phrase>
B: <phrase>
Answer: Yes/No

Examples:

A: no_evident_not_easy_check-in
B: customer_wait_10_minute_for_greet
Answer: Yes

A: no_evident_not_easy_check-in
B: no_one_give_key_on_late_check-in
Answer: No

A: no_evident_not_great_quality
B: shampoo_seem_cheap_considering_hotel_cost
Answer: Yes

A: no_evident_not_great_quality
B: expensive_hotel
Answer: No

Now answer for this pair. Output ONLY the final line ""Answer: Yes"" or ""Answer: No"" — no other text.

A: no_evident_not_staff_make_room_ready_early
B: staff_not_justify_booking_issue
Answer:
",no_evident_not_staff_make_room_ready_early,staff_not_justify_booking_issue,Yes
2526,"Task: decide if Proposition B contradicts Assumption A.

Steps:
1. A defends a claim (strip ""no_evident_not_"" / ""have_evident_"" to see it).
2. B states a fact.
3. Does B disprove A's claim? Same specific issue only, not just same topic.

Output pattern (always use this exact shape):
A: <phrase>
B: <phrase>
Answer: Yes/No

Examples:

A: no_evident_not_easy_check-in
B: customer_wait_10_minute_for_greet
Answer: Yes

A: no_evident_not_easy_check-in
B: no_one_give_key_on_late_check-in
Answer: No

A: no_evident_not_great_quality
B: shampoo_seem_cheap_considering_hotel_cost
Answer: Yes

A: no_evident_not_great_quality
B: expensive_hotel
Answer: No

Now answer for this pair. Output ONLY the final line ""Answer: Yes"" or ""Answer: No"" — no other text.

A: no_evident_not_staff_make_room_ready_early
B: staff_not_speak_Cypriot_language
Answer:
",no_evident_not_staff_make_room_ready_early,staff_not_speak_Cypriot_language,Yes
2554,"Task: decide if Proposition B contradicts Assumption A.

Steps:
1. A defends a claim (strip ""no_evident_not_"" / ""have_evident_"" to see it).
2. B states a fact.
3. Does B disprove A's claim? Same specific issue only, not just same topic.

Output pattern (always use this exact shape):
A: <phrase>
B: <phrase>
Answer: Yes/No

Examples:

A: no_evident_not_easy_check-in
B: customer_wait_10_minute_for_greet
Answer: Yes

A: no_evident_not_easy_check-in
B: no_one_give_key_on_late_check-in
Answer: No

A: no_evident_not_great_quality
B: shampoo_seem_cheap_considering_hotel_cost
Answer: Yes

A: no_evident_not_great_quality
B: expensive_hotel
Answer: No

Now answer for this pair. Output ONLY the final line ""Answer: Yes"" or ""Answer: No"" — no other text.

A: no_evident_not_staff_make_sure_we_had_great_stay
B: staff_not_speak_English_properly
Answer:
",no_evident_not_staff_make_sure_we_had_great_stay,staff_not_speak_English_properly,Yes
2570,"Task: decide if Proposition B contradicts Assumption A.

Steps:
1. A defends a claim (strip ""no_evident_not_"" / ""have_evident_"" to see it).
2. B states a fact.
3. Does B disprove A's claim? Same specific issue only, not just same topic.

Output pattern (always use this exact shape):
A: <phrase>
B: <phrase>
Answer: Yes/No

Examples:

A: no_evident_not_easy_check-in
B: customer_wait_10_minute_for_greet
Answer: Yes

A: no_evident_not_easy_check-in
B: no_one_give_key_on_late_check-in
Answer: No

A: no_evident_not_great_quality
B: shampoo_seem_cheap_considering_hotel_cost
Answer: Yes

A: no_evident_not_great_quality
B: expensive_hotel
Answer: No

Now answer for this pair. Output ONLY the final line ""Answer: Yes"" or ""Answer: No"" — no other text.

A: no_evident_not_staff_make_sure_we_had_great_stay
B: staff_not_provide_good_solution
Answer:
",no_evident_not_staff_make_sure_we_had_great_stay,staff_not_provide_good_solution,Yes
2574,"Task: decide if Proposition B contradicts Assumption A.

Steps:
1. A defends a claim (strip ""no_evident_not_"" / ""have_evident_"" to see it).
2. B states a fact.
3. Does B disprove A's claim? Same specific issue only, not just same topic.

Output pattern (always use this exact shape):
A: <phrase>
B: <phrase>
Answer: Yes/No

Examples:

A: no_evident_not_easy_check-in
B: customer_wait_10_minute_for_greet
Answer: Yes

A: no_evident_not_easy_check-in
B: no_one_give_key_on_late_check-in
Answer: No

A: no_evident_not_great_quality
B: shampoo_seem_cheap_considering_hotel_cost
Answer: Yes

A: no_evident_not_great_quality
B: expensive_hotel
Answer: No

Now answer for this pair. Output ONLY the final line ""Answer: Yes"" or ""Answer: No"" — no other text.

A: no_evident_not_staff_make_sure_we_had_great_stay
B: staff_not_understand_English_well
Answer:
",no_evident_not_staff_make_sure_we_had_great_stay,staff_not_understand_English_well,Yes
2578,"Task: decide if Proposition B contradicts Assumption A.

Steps:
1. A defends a claim (strip ""no_evident_not_"" / ""have_evident_"" to see it).
2. B states a fact.
3. Does B disprove A's claim? Same specific issue only, not just same topic.

Output pattern (always use this exact shape):
A: <phrase>
B: <phrase>
Answer: Yes/No

Examples:

A: no_evident_not_easy_check-in
B: customer_wait_10_minute_for_greet
Answer: Yes

A: no_evident_not_easy_check-in
B: no_one_give_key_on_late_check-in
Answer: No

A: no_evident_not_great_quality
B: shampoo_seem_cheap_considering_hotel_cost
Answer: Yes

A: no_evident_not_great_quality
B: expensive_hotel
Answer: No

Now answer for this pair. Output ONLY the final line ""Answer: Yes"" or ""Answer: No"" — no other text.

A: no_evident_not_customer-centric_staff
B: staff_clean_after_complaint
Answer:
",no_evident_not_customer-centric_staff,staff_clean_after_complaint,No
2585,"Task: decide if Proposition B contradicts Assumption A.

Steps:
1. A defends a claim (strip ""no_evident_not_"" / ""have_evident_"" to see it).
2. B states a fact.
3. Does B disprove A's claim? Same specific issue only, not just same topic.

Output pattern (always use this exact shape):
A: <phrase>
B: <phrase>
Answer: Yes/No

Examples:

A: no_evident_not_easy_check-in
B: customer_wait_10_minute_for_greet
Answer: Yes

A: no_evident_not_easy_check-in
B: no_one_give_key_on_late_check-in
Answer: No

A: no_evident_not_great_quality
B: shampoo_seem_cheap_considering_hotel_cost
Answer: Yes

A: no_evident_not_great_quality
B: expensive_hotel
Answer: No

Now answer for this pair. Output ONLY the final line ""Answer: Yes"" or ""Answer: No"" — no other text.

A: no_evident_not_customer-centric_staff
B: staff_fail_to_communicate_with_taxi
Answer:
",no_evident_not_customer-centric_staff,staff_fail_to_communicate_with_taxi,Yes
2591,"Task: decide if Proposition B contradicts Assumption A.

Steps:
1. A defends a claim (strip ""no_evident_not_"" / ""have_evident_"" to see it).
2. B states a fact.
3. Does B disprove A's claim? Same specific issue only, not just same topic.

Output pattern (always use this exact shape):
A: <phrase>
B: <phrase>
Answer: Yes/No

Examples:

A: no_evident_not_easy_check-in
B: customer_wait_10_minute_for_greet
Answer: Yes

A: no_evident_not_easy_check-in
B: no_one_give_key_on_late_check-in
Answer: No

A: no_evident_not_great_quality
B: shampoo_seem_cheap_considering_hotel_cost
Answer: Yes

A: no_evident_not_great_quality
B: expensive_hotel
Answer: No

Now answer for this pair. Output ONLY the final line ""Answer: Yes"" or ""Answer: No"" — no other text.

A: no_evident_not_customer-centric_staff
B: staff_enforce_cancellation_charge
Answer:
",no_evident_not_customer-centric_staff,staff_enforce_cancellation_charge,Yes
2592,"Task: decide if Proposition B contradicts Assumption A.

Steps:
1. A defends a claim (strip ""no_evident_not_"" / ""have_evident_"" to see it).
2. B states a fact.
3. Does B disprove A's claim? Same specific issue only, not just same topic.

Output pattern (always use this exact shape):
A: <phrase>
B: <phrase>
Answer: Yes/No

Examples:

A: no_evident_not_easy_check-in
B: customer_wait_10_minute_for_greet
Answer: Yes

A: no_evident_not_easy_check-in
B: no_one_give_key_on_late_check-in
Answer: No

A: no_evident_not_great_quality
B: shampoo_seem_cheap_considering_hotel_cost
Answer: Yes

A: no_evident_not_great_quality
B: expensive_hotel
Answer: No

Now answer for this pair. Output ONLY the final line ""Answer: Yes"" or ""Answer: No"" — no other text.

A: no_evident_not_customer-centric_staff
B: staff_mistakenly_throw_valuable_item_during_cleaning_service
Answer:
",no_evident_not_customer-centric_staff,staff_mistakenly_throw_valuable_item_during_cleaning_service,Yes
2656,"Task: decide if Proposition B contradicts Assumption A.

Steps:
1. A defends a claim (strip ""no_evident_not_"" / ""have_evident_"" to see it).
2. B states a fact.
3. Does B disprove A's claim? Same specific issue only, not just same topic.

Output pattern (always use this exact shape):
A: <phrase>
B: <phrase>
Answer: Yes/No

Examples:

A: no_evident_not_easy_check-in
B: customer_wait_10_minute_for_greet
Answer: Yes

A: no_evident_not_easy_check-in
B: no_one_give_key_on_late_check-in
Answer: No

A: no_evident_not_great_quality
B: shampoo_seem_cheap_considering_hotel_cost
Answer: Yes

A: no_evident_not_great_quality
B: expensive_hotel
Answer: No

Now answer for this pair. Output ONLY the final line ""Answer: Yes"" or ""Answer: No"" — no other text.

A: no_evident_not_staff_help_any_possible_way
B: staff_cannot_provide_double_bed
Answer:
",no_evident_not_staff_help_any_possible_way,staff_cannot_provide_double_bed,Yes
2657,"Task: decide if Proposition B contradicts Assumption A.

Steps:
1. A defends a claim (strip ""no_evident_not_"" / ""have_evident_"" to see it).
2. B states a fact.
3. Does B disprove A's claim? Same specific issue only, not just same topic.

Output pattern (always use this exact shape):
A: <phrase>
B: <phrase>
Answer: Yes/No

Examples:

A: no_evident_not_easy_check-in
B: customer_wait_10_minute_for_greet
Answer: Yes

A: no_evident_not_easy_check-in
B: no_one_give_key_on_late_check-in
Answer: No

A: no_evident_not_great_quality
B: shampoo_seem_cheap_considering_hotel_cost
Answer: Yes

A: no_evident_not_great_quality
B: expensive_hotel
Answer: No

Now answer for this pair. Output ONLY the final line ""Answer: Yes"" or ""Answer: No"" — no other text.

A: no_evident_not_staff_help_any_possible_way
B: offended_staff
Answer:
",no_evident_not_staff_help_any_possible_way,offended_staff,Yes
2707,"Task: decide if Proposition B contradicts Assumption A.

Steps:
1. A defends a claim (strip ""no_evident_not_"" / ""have_evident_"" to see it).
2. B states a fact.
3. Does B disprove A's claim? Same specific issue only, not just same topic.

Output pattern (always use this exact shape):
A: <phrase>
B: <phrase>
Answer: Yes/No

Examples:

A: no_evident_not_easy_check-in
B: customer_wait_10_minute_for_greet
Answer: Yes

A: no_evident_not_easy_check-in
B: no_one_give_key_on_late_check-in
Answer: No

A: no_evident_not_great_quality
B: shampoo_seem_cheap_considering_hotel_cost
Answer: Yes

A: no_evident_not_great_quality
B: expensive_hotel
Answer: No

Now answer for this pair. Output ONLY the final line ""Answer: Yes"" or ""Answer: No"" — no other text.

A: no_evident_not_staff_give_prime_parking
B: staff_mistakenly_throw_valuable_item_during_cleaning_service
Answer:
",no_evident_not_staff_give_prime_parking,staff_mistakenly_throw_valuable_item_during_cleaning_service,Yes
2722,"Task: decide if Proposition B contradicts Assumption A.

Steps:
1. A defends a claim (strip ""no_evident_not_"" / ""have_evident_"" to see it).
2. B states a fact.
3. Does B disprove A's claim? Same specific issue only, not just same topic.

Output pattern (always use this exact shape):
A: <phrase>
B: <phrase>
Answer: Yes/No

Examples:

A: no_evident_not_easy_check-in
B: customer_wait_10_minute_for_greet
Answer: Yes

A: no_evident_not_easy_check-in
B: no_one_give_key_on_late_check-in
Answer: No

A: no_evident_not_great_quality
B: shampoo_seem_cheap_considering_hotel_cost
Answer: Yes

A: no_evident_not_great_quality
B: expensive_hotel
Answer: No

Now answer for this pair. Output ONLY the final line ""Answer: Yes"" or ""Answer: No"" — no other text.

A: no_evident_not_pleasing_staff
B: no_empathy_staff
Answer:
",no_evident_not_pleasing_staff,no_empathy_staff,Yes
2733,"Task: decide if Proposition B contradicts Assumption A.

Steps:
1. A defends a claim (strip ""no_evident_not_"" / ""have_evident_"" to see it).
2. B states a fact.
3. Does B disprove A's claim? Same specific issue only, not just same topic.

Output pattern (always use this exact shape):
A: <phrase>
B: <phrase>
Answer: Yes/No

Examples:

A: no_evident_not_easy_check-in
B: customer_wait_10_minute_for_greet
Answer: Yes

A: no_evident_not_easy_check-in
B: no_one_give_key_on_late_check-in
Answer: No

A: no_evident_not_great_quality
B: shampoo_seem_cheap_considering_hotel_cost
Answer: Yes

A: no_evident_not_great_quality
B: expensive_hotel
Answer: No

Now answer for this pair. Output ONLY the final line ""Answer: Yes"" or ""Answer: No"" — no other text.

A: no_evident_not_pleasing_staff
B: staff_not_speak_Cypriot_language
Answer:
",no_evident_not_pleasing_staff,staff_not_speak_Cypriot_language,Yes
2758,"Task: decide if Proposition B contradicts Assumption A.

Steps:
1. A defends a claim (strip ""no_evident_not_"" / ""have_evident_"" to see it).
2. B states a fact.
3. Does B disprove A's claim? Same specific issue only, not just same topic.

Output pattern (always use this exact shape):
A: <phrase>
B: <phrase>
Answer: Yes/No

Examples:

A: no_evident_not_easy_check-in
B: customer_wait_10_minute_for_greet
Answer: Yes

A: no_evident_not_easy_check-in
B: no_one_give_key_on_late_check-in
Answer: No

A: no_evident_not_great_quality
B: shampoo_seem_cheap_considering_hotel_cost
Answer: Yes

A: no_evident_not_great_quality
B: expensive_hotel
Answer: No

Now answer for this pair. Output ONLY the final line ""Answer: Yes"" or ""Answer: No"" — no other text.

A: no_evident_not_good_communication
B: staff_not_understand_English_well
Answer:
",no_evident_not_good_communication,staff_not_understand_English_well,Yes
2770,"Task: decide if Proposition B contradicts Assumption A.

Steps:
1. A defends a claim (strip ""no_evident_not_"" / ""have_evident_"" to see it).
2. B states a fact.
3. Does B disprove A's claim? Same specific issue only, not just same topic.

Output pattern (always use this exact shape):
A: <phrase>
B: <phrase>
Answer: Yes/No

Examples:

A: no_evident_not_easy_check-in
B: customer_wait_10_minute_for_greet
Answer: Yes

A: no_evident_not_easy_check-in
B: no_one_give_key_on_late_check-in
Answer: No

A: no_evident_not_great_quality
B: shampoo_seem_cheap_considering_hotel_cost
Answer: Yes

A: no_evident_not_great_quality
B: expensive_hotel
Answer: No

Now answer for this pair. Output ONLY the final line ""Answer: Yes"" or ""Answer: No"" — no other text.

A: no_evident_not_staff_keen_to_please
B: staff_fail_to_guest_request
Answer:
",no_evident_not_staff_keen_to_please,staff_fail_to_guest_request,Yes
2780,"Task: decide if Proposition B contradicts Assumption A.

Steps:
1. A defends a claim (strip ""no_evident_not_"" / ""have_evident_"" to see it).
2. B states a fact.
3. Does B disprove A's claim? Same specific issue only, not just same topic.

Output pattern (always use this exact shape):
A: <phrase>
B: <phrase>
Answer: Yes/No

Examples:

A: no_evident_not_easy_check-in
B: customer_wait_10_minute_for_greet
Answer: Yes

A: no_evident_not_easy_check-in
B: no_one_give_key_on_late_check-in
Answer: No

A: no_evident_not_great_quality
B: shampoo_seem_cheap_considering_hotel_cost
Answer: Yes

A: no_evident_not_great_quality
B: expensive_hotel
Answer: No

Now answer for this pair. Output ONLY the final line ""Answer: Yes"" or ""Answer: No"" — no other text.

A: no_evident_not_staff_keen_to_please
B: no_staff_at_night
Answer:
",no_evident_not_staff_keen_to_please,no_staff_at_night,Yes
2787,"Task: decide if Proposition B contradicts Assumption A.

Steps:
1. A defends a claim (strip ""no_evident_not_"" / ""have_evident_"" to see it).
2. B states a fact.
3. Does B disprove A's claim? Same specific issue only, not just same topic.

Output pattern (always use this exact shape):
A: <phrase>
B: <phrase>
Answer: Yes/No

Examples:

A: no_evident_not_easy_check-in
B: customer_wait_10_minute_for_greet
Answer: Yes

A: no_evident_not_easy_check-in
B: no_one_give_key_on_late_check-in
Answer: No

A: no_evident_not_great_quality
B: shampoo_seem_cheap_considering_hotel_cost
Answer: Yes

A: no_evident_not_great_quality
B: expensive_hotel
Answer: No

Now answer for this pair. Output ONLY the final line ""Answer: Yes"" or ""Answer: No"" — no other text.

A: no_evident_not_brilliant_communication_prior_arrival
B: staff_need_improve_organization
Answer:
",no_evident_not_brilliant_communication_prior_arrival,staff_need_improve_organization,Yes
2788,"Task: decide if Proposition B contradicts Assumption A.

Steps:
1. A defends a claim (strip ""no_evident_not_"" / ""have_evident_"" to see it).
2. B states a fact.
3. Does B disprove A's claim? Same specific issue only, not just same topic.

Output pattern (always use this exact shape):
A: <phrase>
B: <phrase>
Answer: Yes/No

Examples:

A: no_evident_not_easy_check-in
B: customer_wait_10_minute_for_greet
Answer: Yes

A: no_evident_not_easy_check-in
B: no_one_give_key_on_late_check-in
Answer: No

A: no_evident_not_great_quality
B: shampoo_seem_cheap_considering_hotel_cost
Answer: Yes

A: no_evident_not_great_quality
B: expensive_hotel
Answer: No

Now answer for this pair. Output ONLY the final line ""Answer: Yes"" or ""Answer: No"" — no other text.

A: no_evident_not_brilliant_communication_prior_arrival
B: staff_need_improve_collaboration
Answer:
",no_evident_not_brilliant_communication_prior_arrival,staff_need_improve_collaboration,Yes
2809,"Task: decide if Proposition B contradicts Assumption A.

Steps:
1. A defends a claim (strip ""no_evident_not_"" / ""have_evident_"" to see it).
2. B states a fact.
3. Does B disprove A's claim? Same specific issue only, not just same topic.

Output pattern (always use this exact shape):
A: <phrase>
B: <phrase>
Answer: Yes/No

Examples:

A: no_evident_not_easy_check-in
B: customer_wait_10_minute_for_greet
Answer: Yes

A: no_evident_not_easy_check-in
B: no_one_give_key_on_late_check-in
Answer: No

A: no_evident_not_great_quality
B: shampoo_seem_cheap_considering_hotel_cost
Answer: Yes

A: no_evident_not_great_quality
B: expensive_hotel
Answer: No

Now answer for this pair. Output ONLY the final line ""Answer: Yes"" or ""Answer: No"" — no other text.

A: no_evident_not_staff_nothing_too_much_for_them
B: staff_should_learn_better_English
Answer:
",no_evident_not_staff_nothing_too_much_for_them,staff_should_learn_better_English,Yes
2818,"Task: decide if Proposition B contradicts Assumption A.

Steps:
1. A defends a claim (strip ""no_evident_not_"" / ""have_evident_"" to see it).
2. B states a fact.
3. Does B disprove A's claim? Same specific issue only, not just same topic.

Output pattern (always use this exact shape):
A: <phrase>
B: <phrase>
Answer: Yes/No

Examples:

A: no_evident_not_easy_check-in
B: customer_wait_10_minute_for_greet
Answer: Yes

A: no_evident_not_easy_check-in
B: no_one_give_key_on_late_check-in
Answer: No

A: no_evident_not_great_quality
B: shampoo_seem_cheap_considering_hotel_cost
Answer: Yes

A: no_evident_not_great_quality
B: expensive_hotel
Answer: No

Now answer for this pair. Output ONLY the final line ""Answer: Yes"" or ""Answer: No"" — no other text.

A: no_evident_not_staff_nothing_too_much_for_them
B: offended_staff
Answer:
",no_evident_not_staff_nothing_too_much_for_them,offended_staff,Yes
2860,"Task: decide if Proposition B contradicts Assumption A.

Steps:
1. A defends a claim (strip ""no_evident_not_"" / ""have_evident_"" to see it).
2. B states a fact.
3. Does B disprove A's claim? Same specific issue only, not just same topic.

Output pattern (always use this exact shape):
A: <phrase>
B: <phrase>
Answer: Yes/No

Examples:

A: no_evident_not_easy_check-in
B: customer_wait_10_minute_for_greet
Answer: Yes

A: no_evident_not_easy_check-in
B: no_one_give_key_on_late_check-in
Answer: No

A: no_evident_not_great_quality
B: shampoo_seem_cheap_considering_hotel_cost
Answer: Yes

A: no_evident_not_great_quality
B: expensive_hotel
Answer: No

Now answer for this pair. Output ONLY the final line ""Answer: Yes"" or ""Answer: No"" — no other text.

A: no_evident_not_make_stay_enjoyable
B: no_empathy_staff
Answer:
",no_evident_not_make_stay_enjoyable,no_empathy_staff,Yes
2865,"Task: decide if Proposition B contradicts Assumption A.

Steps:
1. A defends a claim (strip ""no_evident_not_"" / ""have_evident_"" to see it).
2. B states a fact.
3. Does B disprove A's claim? Same specific issue only, not just same topic.

Output pattern (always use this exact shape):
A: <phrase>
B: <phrase>
Answer: Yes/No

Examples:

A: no_evident_not_easy_check-in
B: customer_wait_10_minute_for_greet
Answer: Yes

A: no_evident_not_easy_check-in
B: no_one_give_key_on_late_check-in
Answer: No

A: no_evident_not_great_quality
B: shampoo_seem_cheap_considering_hotel_cost
Answer: Yes

A: no_evident_not_great_quality
B: expensive_hotel
Answer: No

Now answer for this pair. Output ONLY the final line ""Answer: Yes"" or ""Answer: No"" — no other text.

A: no_evident_not_make_stay_enjoyable
B: staff_not_justify_booking_issue
Answer:
",no_evident_not_make_stay_enjoyable,staff_not_justify_booking_issue,Yes
2898,"Task: decide if Proposition B contradicts Assumption A.

Steps:
1. A defends a claim (strip ""no_evident_not_"" / ""have_evident_"" to see it).
2. B states a fact.
3. Does B disprove A's claim? Same specific issue only, not just same topic.

Output pattern (always use this exact shape):
A: <phrase>
B: <phrase>
Answer: Yes/No

Examples:

A: no_evident_not_easy_check-in
B: customer_wait_10_minute_for_greet
Answer: Yes

A: no_evident_not_easy_check-in
B: no_one_give_key_on_late_check-in
Answer: No

A: no_evident_not_great_quality
B: shampoo_seem_cheap_considering_hotel_cost
Answer: Yes

A: no_evident_not_great_quality
B: expensive_hotel
Answer: No

Now answer for this pair. Output ONLY the final line ""Answer: Yes"" or ""Answer: No"" — no other text.

A: no_evident_not_staff_ensure_our_stay_plesant
B: only_one_staff_wear_mask
Answer:
",no_evident_not_staff_ensure_our_stay_plesant,only_one_staff_wear_mask,Yes
2903,"Task: decide if Proposition B contradicts Assumption A.

Steps:
1. A defends a claim (strip ""no_evident_not_"" / ""have_evident_"" to see it).
2. B states a fact.
3. Does B disprove A's claim? Same specific issue only, not just same topic.

Output pattern (always use this exact shape):
A: <phrase>
B: <phrase>
Answer: Yes/No

Examples:

A: no_evident_not_easy_check-in
B: customer_wait_10_minute_for_greet
Answer: Yes

A: no_evident_not_easy_check-in
B: no_one_give_key_on_late_check-in
Answer: No

A: no_evident_not_great_quality
B: shampoo_seem_cheap_considering_hotel_cost
Answer: Yes

A: no_evident_not_great_quality
B: expensive_hotel
Answer: No

Now answer for this pair. Output ONLY the final line ""Answer: Yes"" or ""Answer: No"" — no other text.

A: no_evident_not_great_hospitality_staff
B: staff_need_improve_collaboration
Answer:
",no_evident_not_great_hospitality_staff,staff_need_improve_collaboration,No
2911,"Task: decide if Proposition B contradicts Assumption A.

Steps:
1. A defends a claim (strip ""no_evident_not_"" / ""have_evident_"" to see it).
2. B states a fact.
3. Does B disprove A's claim? Same specific issue only, not just same topic.

Output pattern (always use this exact shape):
A: <phrase>
B: <phrase>
Answer: Yes/No

Examples:

A: no_evident_not_easy_check-in
B: customer_wait_10_minute_for_greet
Answer: Yes

A: no_evident_not_easy_check-in
B: no_one_give_key_on_late_check-in
Answer: No

A: no_evident_not_great_quality
B: shampoo_seem_cheap_considering_hotel_cost
Answer: Yes

A: no_evident_not_great_quality
B: expensive_hotel
Answer: No

Now answer for this pair. Output ONLY the final line ""Answer: Yes"" or ""Answer: No"" — no other text.

A: no_evident_not_great_hospitality_staff
B: staff_not_justify_booking_issue
Answer:
",no_evident_not_great_hospitality_staff,staff_not_justify_booking_issue,Yes
2932,"Task: decide if Proposition B contradicts Assumption A.

Steps:
1. A defends a claim (strip ""no_evident_not_"" / ""have_evident_"" to see it).
2. B states a fact.
3. Does B disprove A's claim? Same specific issue only, not just same topic.

Output pattern (always use this exact shape):
A: <phrase>
B: <phrase>
Answer: Yes/No

Examples:

A: no_evident_not_easy_check-in
B: customer_wait_10_minute_for_greet
Answer: Yes

A: no_evident_not_easy_check-in
B: no_one_give_key_on_late_check-in
Answer: No

A: no_evident_not_great_quality
B: shampoo_seem_cheap_considering_hotel_cost
Answer: Yes

A: no_evident_not_great_quality
B: expensive_hotel
Answer: No

Now answer for this pair. Output ONLY the final line ""Answer: Yes"" or ""Answer: No"" — no other text.

A: no_evident_not_best_staff_ever
B: staff_cannot_provide_double_bed
Answer:
",no_evident_not_best_staff_ever,staff_cannot_provide_double_bed,Yes
2941,"Task: decide if Proposition B contradicts Assumption A.

Steps:
1. A defends a claim (strip ""no_evident_not_"" / ""have_evident_"" to see it).
2. B states a fact.
3. Does B disprove A's claim? Same specific issue only, not just same topic.

Output pattern (always use this exact shape):
A: <phrase>
B: <phrase>
Answer: Yes/No

Examples:

A: no_evident_not_easy_check-in
B: customer_wait_10_minute_for_greet
Answer: Yes

A: no_evident_not_easy_check-in
B: no_one_give_key_on_late_check-in
Answer: No

A: no_evident_not_great_quality
B: shampoo_seem_cheap_considering_hotel_cost
Answer: Yes

A: no_evident_not_great_quality
B: expensive_hotel
Answer: No

Now answer for this pair. Output ONLY the final line ""Answer: Yes"" or ""Answer: No"" — no other text.

A: no_evident_not_best_staff_ever
B: no_staff_at_night
Answer:
",no_evident_not_best_staff_ever,no_staff_at_night,Yes
2963,"Task: decide if Proposition B contradicts Assumption A.

Steps:
1. A defends a claim (strip ""no_evident_not_"" / ""have_evident_"" to see it).
2. B states a fact.
3. Does B disprove A's claim? Same specific issue only, not just same topic.

Output pattern (always use this exact shape):
A: <phrase>
B: <phrase>
Answer: Yes/No

Examples:

A: no_evident_not_easy_check-in
B: customer_wait_10_minute_for_greet
Answer: Yes

A: no_evident_not_easy_check-in
B: no_one_give_key_on_late_check-in
Answer: No

A: no_evident_not_great_quality
B: shampoo_seem_cheap_considering_hotel_cost
Answer: Yes

A: no_evident_not_great_quality
B: expensive_hotel
Answer: No

Now answer for this pair. Output ONLY the final line ""Answer: Yes"" or ""Answer: No"" — no other text.

A: no_evident_not_pleased_by_staff
B: staff_not_speak_Cypriot_language
Answer:
",no_evident_not_pleased_by_staff,staff_not_speak_Cypriot_language,Yes
2966,"Task: decide if Proposition B contradicts Assumption A.

Steps:
1. A defends a claim (strip ""no_evident_not_"" / ""have_evident_"" to see it).
2. B states a fact.
3. Does B disprove A's claim? Same specific issue only, not just same topic.

Output pattern (always use this exact shape):
A: <phrase>
B: <phrase>
Answer: Yes/No

Examples:

A: no_evident_not_easy_check-in
B: customer_wait_10_minute_for_greet
Answer: Yes

A: no_evident_not_easy_check-in
B: no_one_give_key_on_late_check-in
Answer: No

A: no_evident_not_great_quality
B: shampoo_seem_cheap_considering_hotel_cost
Answer: Yes

A: no_evident_not_great_quality
B: expensive_hotel
Answer: No

Now answer for this pair. Output ONLY the final line ""Answer: Yes"" or ""Answer: No"" — no other text.

A: no_evident_not_pleased_by_staff
B: staff_cannot_give_bus_to_airport_information
Answer:
",no_evident_not_pleased_by_staff,staff_cannot_give_bus_to_airport_information,Yes
2974,"Task: decide if Proposition B contradicts Assumption A.

Steps:
1. A defends a claim (strip ""no_evident_not_"" / ""have_evident_"" to see it).
2. B states a fact.
3. Does B disprove A's claim? Same specific issue only, not just same topic.

Output pattern (always use this exact shape):
A: <phrase>
B: <phrase>
Answer: Yes/No

Examples:

A: no_evident_not_easy_check-in
B: customer_wait_10_minute_for_greet
Answer: Yes

A: no_evident_not_easy_check-in
B: no_one_give_key_on_late_check-in
Answer: No

A: no_evident_not_great_quality
B: shampoo_seem_cheap_considering_hotel_cost
Answer: Yes

A: no_evident_not_great_quality
B: expensive_hotel
Answer: No

Now answer for this pair. Output ONLY the final line ""Answer: Yes"" or ""Answer: No"" — no other text.

A: no_evident_not_staff_help_with_taxi
B: not_kind_staff
Answer:
",no_evident_not_staff_help_with_taxi,not_kind_staff,Yes
2988,"Task: decide if Proposition B contradicts Assumption A.

Steps:
1. A defends a claim (strip ""no_evident_not_"" / ""have_evident_"" to see it).
2. B states a fact.
3. Does B disprove A's claim? Same specific issue only, not just same topic.

Output pattern (always use this exact shape):
A: <phrase>
B: <phrase>
Answer: Yes/No

Examples:

A: no_evident_not_easy_check-in
B: customer_wait_10_minute_for_greet
Answer: Yes

A: no_evident_not_easy_check-in
B: no_one_give_key_on_late_check-in
Answer: No

A: no_evident_not_great_quality
B: shampoo_seem_cheap_considering_hotel_cost
Answer: Yes

A: no_evident_not_great_quality
B: expensive_hotel
Answer: No

Now answer for this pair. Output ONLY the final line ""Answer: Yes"" or ""Answer: No"" — no other text.

A: no_evident_not_staff_help_with_taxi
B: staff_not_understand_English_well
Answer:
",no_evident_not_staff_help_with_taxi,staff_not_understand_English_well,Yes
2989,"Task: decide if Proposition B contradicts Assumption A.

Steps:
1. A defends a claim (strip ""no_evident_not_"" / ""have_evident_"" to see it).
2. B states a fact.
3. Does B disprove A's claim? Same specific issue only, not just same topic.

Output pattern (always use this exact shape):
A: <phrase>
B: <phrase>
Answer: Yes/No

Examples:

A: no_evident_not_easy_check-in
B: customer_wait_10_minute_for_greet
Answer: Yes

A: no_evident_not_easy_check-in
B: no_one_give_key_on_late_check-in
Answer: No

A: no_evident_not_great_quality
B: shampoo_seem_cheap_considering_hotel_cost
Answer: Yes

A: no_evident_not_great_quality
B: expensive_hotel
Answer: No

Now answer for this pair. Output ONLY the final line ""Answer: Yes"" or ""Answer: No"" — no other text.

A: no_evident_not_staff_help_with_taxi
B: staff_cannot_give_bus_to_airport_information
Answer:
",no_evident_not_staff_help_with_taxi,staff_cannot_give_bus_to_airport_information,Yes
3025,"Task: decide if Proposition B contradicts Assumption A.

Steps:
1. A defends a claim (strip ""no_evident_not_"" / ""have_evident_"" to see it).
2. B states a fact.
3. Does B disprove A's claim? Same specific issue only, not just same topic.

Output pattern (always use this exact shape):
A: <phrase>
B: <phrase>
Answer: Yes/No

Examples:

A: no_evident_not_easy_check-in
B: customer_wait_10_minute_for_greet
Answer: Yes

A: no_evident_not_easy_check-in
B: no_one_give_key_on_late_check-in
Answer: No

A: no_evident_not_great_quality
B: shampoo_seem_cheap_considering_hotel_cost
Answer: Yes

A: no_evident_not_great_quality
B: expensive_hotel
Answer: No

Now answer for this pair. Output ONLY the final line ""Answer: Yes"" or ""Answer: No"" — no other text.

A: no_evident_not_staff_facilitate_shuttle_service_from_airport
B: offended_staff
Answer:
",no_evident_not_staff_facilitate_shuttle_service_from_airport,offended_staff,Yes
3028,"Task: decide if Proposition B contradicts Assumption A.

Steps:
1. A defends a claim (strip ""no_evident_not_"" / ""have_evident_"" to see it).
2. B states a fact.
3. Does B disprove A's claim? Same specific issue only, not just same topic.

Output pattern (always use this exact shape):
A: <phrase>
B: <phrase>
Answer: Yes/No

Examples:

A: no_evident_not_easy_check-in
B: customer_wait_10_minute_for_greet
Answer: Yes

A: no_evident_not_easy_check-in
B: no_one_give_key_on_late_check-in
Answer: No

A: no_evident_not_great_quality
B: shampoo_seem_cheap_considering_hotel_cost
Answer: Yes

A: no_evident_not_great_quality
B: expensive_hotel
Answer: No

Now answer for this pair. Output ONLY the final line ""Answer: Yes"" or ""Answer: No"" — no other text.

A: no_evident_not_staff_facilitate_shuttle_service_from_airport
B: staff_enforce_cancellation_charge
Answer:
",no_evident_not_staff_facilitate_shuttle_service_from_airport,staff_enforce_cancellation_charge,Yes
3033,"Task: decide if Proposition B contradicts Assumption A.

Steps:
1. A defends a claim (strip ""no_evident_not_"" / ""have_evident_"" to see it).
2. B states a fact.
3. Does B disprove A's claim? Same specific issue only, not just same topic.

Output pattern (always use this exact shape):
A: <phrase>
B: <phrase>
Answer: Yes/No

Examples:

A: no_evident_not_easy_check-in
B: customer_wait_10_minute_for_greet
Answer: Yes

A: no_evident_not_easy_check-in
B: no_one_give_key_on_late_check-in
Answer: No

A: no_evident_not_great_quality
B: shampoo_seem_cheap_considering_hotel_cost
Answer: Yes

A: no_evident_not_great_quality
B: expensive_hotel
Answer: No

Now answer for this pair. Output ONLY the final line ""Answer: Yes"" or ""Answer: No"" — no other text.

A: no_evident_not_staff_facilitate_shuttle_service_from_airport
B: no_staff_at_night
Answer:
",no_evident_not_staff_facilitate_shuttle_service_from_airport,no_staff_at_night,Yes
3060,"Task: decide if Proposition B contradicts Assumption A.

Steps:
1. A defends a claim (strip ""no_evident_not_"" / ""have_evident_"" to see it).
2. B states a fact.
3. Does B disprove A's claim? Same specific issue only, not just same topic.

Output pattern (always use this exact shape):
A: <phrase>
B: <phrase>
Answer: Yes/No

Examples:

A: no_evident_not_easy_check-in
B: customer_wait_10_minute_for_greet
Answer: Yes

A: no_evident_not_easy_check-in
B: no_one_give_key_on_late_check-in
Answer: No

A: no_evident_not_great_quality
B: shampoo_seem_cheap_considering_hotel_cost
Answer: Yes

A: no_evident_not_great_quality
B: expensive_hotel
Answer: No

Now answer for this pair. Output ONLY the final line ""Answer: Yes"" or ""Answer: No"" — no other text.

A: no_evident_not_great_management
B: staff_not_speak_English_properly
Answer:
",no_evident_not_great_management,staff_not_speak_English_properly,Yes
3064,"Task: decide if Proposition B contradicts Assumption A.

Steps:
1. A defends a claim (strip ""no_evident_not_"" / ""have_evident_"" to see it).
2. B states a fact.
3. Does B disprove A's claim? Same specific issue only, not just same topic.

Output pattern (always use this exact shape):
A: <phrase>
B: <phrase>
Answer: Yes/No

Examples:

A: no_evident_not_easy_check-in
B: customer_wait_10_minute_for_greet
Answer: Yes

A: no_evident_not_easy_check-in
B: no_one_give_key_on_late_check-in
Answer: No

A: no_evident_not_great_quality
B: shampoo_seem_cheap_considering_hotel_cost
Answer: Yes

A: no_evident_not_great_quality
B: expensive_hotel
Answer: No

Now answer for this pair. Output ONLY the final line ""Answer: Yes"" or ""Answer: No"" — no other text.

A: no_evident_not_great_management
B: staff_need_improve_collaboration
Answer:
",no_evident_not_great_management,staff_need_improve_collaboration,No
3101,"Task: decide if Proposition B contradicts Assumption A.

Steps:
1. A defends a claim (strip ""no_evident_not_"" / ""have_evident_"" to see it).
2. B states a fact.
3. Does B disprove A's claim? Same specific issue only, not just same topic.

Output pattern (always use this exact shape):
A: <phrase>
B: <phrase>
Answer: Yes/No

Examples:

A: no_evident_not_easy_check-in
B: customer_wait_10_minute_for_greet
Answer: Yes

A: no_evident_not_easy_check-in
B: no_one_give_key_on_late_check-in
Answer: No

A: no_evident_not_great_quality
B: shampoo_seem_cheap_considering_hotel_cost
Answer: Yes

A: no_evident_not_great_quality
B: expensive_hotel
Answer: No

Now answer for this pair. Output ONLY the final line ""Answer: Yes"" or ""Answer: No"" — no other text.

A: no_evident_not_can_borrow_converter
B: staff_not_speak_Cypriot_language
Answer:
",no_evident_not_can_borrow_converter,staff_not_speak_Cypriot_language,Yes
3105,"Task: decide if Proposition B contradicts Assumption A.

Steps:
1. A defends a claim (strip ""no_evident_not_"" / ""have_evident_"" to see it).
2. B states a fact.
3. Does B disprove A's claim? Same specific issue only, not just same topic.

Output pattern (always use this exact shape):
A: <phrase>
B: <phrase>
Answer: Yes/No

Examples:

A: no_evident_not_easy_check-in
B: customer_wait_10_minute_for_greet
Answer: Yes

A: no_evident_not_easy_check-in
B: no_one_give_key_on_late_check-in
Answer: No

A: no_evident_not_great_quality
B: shampoo_seem_cheap_considering_hotel_cost
Answer: Yes

A: no_evident_not_great_quality
B: expensive_hotel
Answer: No

Now answer for this pair. Output ONLY the final line ""Answer: Yes"" or ""Answer: No"" — no other text.

A: no_evident_not_can_borrow_converter
B: only_one_staff_wear_mask
Answer:
",no_evident_not_can_borrow_converter,only_one_staff_wear_mask,No
3109,"Task: decide if Proposition B contradicts Assumption A.

Steps:
1. A defends a claim (strip ""no_evident_not_"" / ""have_evident_"" to see it).
2. B states a fact.
3. Does B disprove A's claim? Same specific issue only, not just same topic.

Output pattern (always use this exact shape):
A: <phrase>
B: <phrase>
Answer: Yes/No

Examples:

A: no_evident_not_easy_check-in
B: customer_wait_10_minute_for_greet
Answer: Yes

A: no_evident_not_easy_check-in
B: no_one_give_key_on_late_check-in
Answer: No

A: no_evident_not_great_quality
B: shampoo_seem_cheap_considering_hotel_cost
Answer: Yes

A: no_evident_not_great_quality
B: expensive_hotel
Answer: No

Now answer for this pair. Output ONLY the final line ""Answer: Yes"" or ""Answer: No"" — no other text.

A: no_evident_not_can_borrow_luggage_scale
B: staff_need_improve_organization
Answer:
",no_evident_not_can_borrow_luggage_scale,staff_need_improve_organization,Yes
3113,"Task: decide if Proposition B contradicts Assumption A.

Steps:
1. A defends a claim (strip ""no_evident_not_"" / ""have_evident_"" to see it).
2. B states a fact.
3. Does B disprove A's claim? Same specific issue only, not just same topic.

Output pattern (always use this exact shape):
A: <phrase>
B: <phrase>
Answer: Yes/No

Examples:

A: no_evident_not_easy_check-in
B: customer_wait_10_minute_for_greet
Answer: Yes

A: no_evident_not_easy_check-in
B: no_one_give_key_on_late_check-in
Answer: No

A: no_evident_not_great_quality
B: shampoo_seem_cheap_considering_hotel_cost
Answer: Yes

A: no_evident_not_great_quality
B: expensive_hotel
Answer: No

Now answer for this pair. Output ONLY the final line ""Answer: Yes"" or ""Answer: No"" — no other text.

A: no_evident_not_can_borrow_luggage_scale
B: no_empathy_staff
Answer:
",no_evident_not_can_borrow_luggage_scale,no_empathy_staff,Yes
3114,"Task: decide if Proposition B contradicts Assumption A.

Steps:
1. A defends a claim (strip ""no_evident_not_"" / ""have_evident_"" to see it).
2. B states a fact.
3. Does B disprove A's claim? Same specific issue only, not just same topic.

Output pattern (always use this exact shape):
A: <phrase>
B: <phrase>
Answer: Yes/No

Examples:

A: no_evident_not_easy_check-in
B: customer_wait_10_minute_for_greet
Answer: Yes

A: no_evident_not_easy_check-in
B: no_one_give_key_on_late_check-in
Answer: No

A: no_evident_not_great_quality
B: shampoo_seem_cheap_considering_hotel_cost
Answer: Yes

A: no_evident_not_great_quality
B: expensive_hotel
Answer: No

Now answer for this pair. Output ONLY the final line ""Answer: Yes"" or ""Answer: No"" — no other text.

A: no_evident_not_can_borrow_luggage_scale
B: staff_fail_to_communicate_with_taxi
Answer:
",no_evident_not_can_borrow_luggage_scale,staff_fail_to_communicate_with_taxi,Yes
3127,"Task: decide if Proposition B contradicts Assumption A.

Steps:
1. A defends a claim (strip ""no_evident_not_"" / ""have_evident_"" to see it).
2. B states a fact.
3. Does B disprove A's claim? Same specific issue only, not just same topic.

Output pattern (always use this exact shape):
A: <phrase>
B: <phrase>
Answer: Yes/No

Examples:

A: no_evident_not_easy_check-in
B: customer_wait_10_minute_for_greet
Answer: Yes

A: no_evident_not_easy_check-in
B: no_one_give_key_on_late_check-in
Answer: No

A: no_evident_not_great_quality
B: shampoo_seem_cheap_considering_hotel_cost
Answer: Yes

A: no_evident_not_great_quality
B: expensive_hotel
Answer: No

Now answer for this pair. Output ONLY the final line ""Answer: Yes"" or ""Answer: No"" — no other text.

A: no_evident_not_can_borrow_luggage_scale
B: staff_cannot_give_bus_to_airport_information
Answer:
",no_evident_not_can_borrow_luggage_scale,staff_cannot_give_bus_to_airport_information,Yes
3134,"Task: decide if Proposition B contradicts Assumption A.

Steps:
1. A defends a claim (strip ""no_evident_not_"" / ""have_evident_"" to see it).
2. B states a fact.
3. Does B disprove A's claim? Same specific issue only, not just same topic.

Output pattern (always use this exact shape):
A: <phrase>
B: <phrase>
Answer: Yes/No

Examples:

A: no_evident_not_easy_check-in
B: customer_wait_10_minute_for_greet
Answer: Yes

A: no_evident_not_easy_check-in
B: no_one_give_key_on_late_check-in
Answer: No

A: no_evident_not_great_quality
B: shampoo_seem_cheap_considering_hotel_cost
Answer: Yes

A: no_evident_not_great_quality
B: expensive_hotel
Answer: No

Now answer for this pair. Output ONLY the final line ""Answer: Yes"" or ""Answer: No"" — no other text.

A: no_evident_not_effective_staff
B: staff_need_keep_update
Answer:
",no_evident_not_effective_staff,staff_need_keep_update,No
3153,"Task: decide if Proposition B contradicts Assumption A.

Steps:
1. A defends a claim (strip ""no_evident_not_"" / ""have_evident_"" to see it).
2. B states a fact.
3. Does B disprove A's claim? Same specific issue only, not just same topic.

Output pattern (always use this exact shape):
A: <phrase>
B: <phrase>
Answer: Yes/No

Examples:

A: no_evident_not_easy_check-in
B: customer_wait_10_minute_for_greet
Answer: Yes

A: no_evident_not_easy_check-in
B: no_one_give_key_on_late_check-in
Answer: No

A: no_evident_not_great_quality
B: shampoo_seem_cheap_considering_hotel_cost
Answer: Yes

A: no_evident_not_great_quality
B: expensive_hotel
Answer: No

Now answer for this pair. Output ONLY the final line ""Answer: Yes"" or ""Answer: No"" — no other text.

A: no_evident_not_good_customer_service
B: staff_clean_after_complaint
Answer:
",no_evident_not_good_customer_service,staff_clean_after_complaint,No
3199,"Task: decide if Proposition B contradicts Assumption A.

Steps:
1. A defends a claim (strip ""no_evident_not_"" / ""have_evident_"" to see it).
2. B states a fact.
3. Does B disprove A's claim? Same specific issue only, not just same topic.

Output pattern (always use this exact shape):
A: <phrase>
B: <phrase>
Answer: Yes/No

Examples:

A: no_evident_not_easy_check-in
B: customer_wait_10_minute_for_greet
Answer: Yes

A: no_evident_not_easy_check-in
B: no_one_give_key_on_late_check-in
Answer: No

A: no_evident_not_great_quality
B: shampoo_seem_cheap_considering_hotel_cost
Answer: Yes

A: no_evident_not_great_quality
B: expensive_hotel
Answer: No

Now answer for this pair. Output ONLY the final line ""Answer: Yes"" or ""Answer: No"" — no other text.

A: no_evident_not_kind-hearted_staff
B: staff_clean_after_complaint
Answer:
",no_evident_not_kind-hearted_staff,staff_clean_after_complaint,No
3242,"Task: decide if Proposition B contradicts Assumption A.

Steps:
1. A defends a claim (strip ""no_evident_not_"" / ""have_evident_"" to see it).
2. B states a fact.
3. Does B disprove A's claim? Same specific issue only, not just same topic.

Output pattern (always use this exact shape):
A: <phrase>
B: <phrase>
Answer: Yes/No

Examples:

A: no_evident_not_easy_check-in
B: customer_wait_10_minute_for_greet
Answer: Yes

A: no_evident_not_easy_check-in
B: no_one_give_key_on_late_check-in
Answer: No

A: no_evident_not_great_quality
B: shampoo_seem_cheap_considering_hotel_cost
Answer: Yes

A: no_evident_not_great_quality
B: expensive_hotel
Answer: No

Now answer for this pair. Output ONLY the final line ""Answer: Yes"" or ""Answer: No"" — no other text.

A: no_evident_not_staff_recommend_place
B: staff_cannot_give_bus_to_airport_information
Answer:
",no_evident_not_staff_recommend_place,staff_cannot_give_bus_to_airport_information,Yes
3243,"Task: decide if Proposition B contradicts Assumption A.

Steps:
1. A defends a claim (strip ""no_evident_not_"" / ""have_evident_"" to see it).
2. B states a fact.
3. Does B disprove A's claim? Same specific issue only, not just same topic.

Output pattern (always use this exact shape):
A: <phrase>
B: <phrase>
Answer: Yes/No

Examples:

A: no_evident_not_easy_check-in
B: customer_wait_10_minute_for_greet
Answer: Yes

A: no_evident_not_easy_check-in
B: no_one_give_key_on_late_check-in
Answer: No

A: no_evident_not_great_quality
B: shampoo_seem_cheap_considering_hotel_cost
Answer: Yes

A: no_evident_not_great_quality
B: expensive_hotel
Answer: No

Now answer for this pair. Output ONLY the final line ""Answer: Yes"" or ""Answer: No"" — no other text.

A: no_evident_not_staff_recommend_place
B: only_one_staff_wear_mask
Answer:
",no_evident_not_staff_recommend_place,only_one_staff_wear_mask,Yes
3269,"Task: decide if Proposition B contradicts Assumption A.

Steps:
1. A defends a claim (strip ""no_evident_not_"" / ""have_evident_"" to see it).
2. B states a fact.
3. Does B disprove A's claim? Same specific issue only, not just same topic.

Output pattern (always use this exact shape):
A: <phrase>
B: <phrase>
Answer: Yes/No

Examples:

A: no_evident_not_easy_check-in
B: customer_wait_10_minute_for_greet
Answer: Yes

A: no_evident_not_easy_check-in
B: no_one_give_key_on_late_check-in
Answer: No

A: no_evident_not_great_quality
B: shampoo_seem_cheap_considering_hotel_cost
Answer: Yes

A: no_evident_not_great_quality
B: expensive_hotel
Answer: No

Now answer for this pair. Output ONLY the final line ""Answer: Yes"" or ""Answer: No"" — no other text.

A: no_evident_not_superb_staff
B: staff_should_learn_better_English
Answer:
",no_evident_not_superb_staff,staff_should_learn_better_English,Yes
3272,"Task: decide if Proposition B contradicts Assumption A.

Steps:
1. A defends a claim (strip ""no_evident_not_"" / ""have_evident_"" to see it).
2. B states a fact.
3. Does B disprove A's claim? Same specific issue only, not just same topic.

Output pattern (always use this exact shape):
A: <phrase>
B: <phrase>
Answer: Yes/No

Examples:

A: no_evident_not_easy_check-in
B: customer_wait_10_minute_for_greet
Answer: Yes

A: no_evident_not_easy_check-in
B: no_one_give_key_on_late_check-in
Answer: No

A: no_evident_not_great_quality
B: shampoo_seem_cheap_considering_hotel_cost
Answer: Yes

A: no_evident_not_great_quality
B: expensive_hotel
Answer: No

Now answer for this pair. Output ONLY the final line ""Answer: Yes"" or ""Answer: No"" — no other text.

A: no_evident_not_superb_staff
B: staff_need_keep_update
Answer:
",no_evident_not_superb_staff,staff_need_keep_update,Yes
3286,"Task: decide if Proposition B contradicts Assumption A.

Steps:
1. A defends a claim (strip ""no_evident_not_"" / ""have_evident_"" to see it).
2. B states a fact.
3. Does B disprove A's claim? Same specific issue only, not just same topic.

Output pattern (always use this exact shape):
A: <phrase>
B: <phrase>
Answer: Yes/No

Examples:

A: no_evident_not_easy_check-in
B: customer_wait_10_minute_for_greet
Answer: Yes

A: no_evident_not_easy_check-in
B: no_one_give_key_on_late_check-in
Answer: No

A: no_evident_not_great_quality
B: shampoo_seem_cheap_considering_hotel_cost
Answer: Yes

A: no_evident_not_great_quality
B: expensive_hotel
Answer: No

Now answer for this pair. Output ONLY the final line ""Answer: Yes"" or ""Answer: No"" — no other text.

A: no_evident_not_superb_staff
B: no_staff_at_night
Answer:
",no_evident_not_superb_staff,no_staff_at_night,Yes
3287,"Task: decide if Proposition B contradicts Assumption A.

Steps:
1. A defends a claim (strip ""no_evident_not_"" / ""have_evident_"" to see it).
2. B states a fact.
3. Does B disprove A's claim? Same specific issue only, not just same topic.

Output pattern (always use this exact shape):
A: <phrase>
B: <phrase>
Answer: Yes/No

Examples:

A: no_evident_not_easy_check-in
B: customer_wait_10_minute_for_greet
Answer: Yes

A: no_evident_not_easy_check-in
B: no_one_give_key_on_late_check-in
Answer: No

A: no_evident_not_great_quality
B: shampoo_seem_cheap_considering_hotel_cost
Answer: Yes

A: no_evident_not_great_quality
B: expensive_hotel
Answer: No

Now answer for this pair. Output ONLY the final line ""Answer: Yes"" or ""Answer: No"" — no other text.

A: no_evident_not_superb_staff
B: staff_not_understand_English_well
Answer:
",no_evident_not_superb_staff,staff_not_understand_English_well,Yes
3299,"Task: decide if Proposition B contradicts Assumption A.

Steps:
1. A defends a claim (strip ""no_evident_not_"" / ""have_evident_"" to see it).
2. B states a fact.
3. Does B disprove A's claim? Same specific issue only, not just same topic.

Output pattern (always use this exact shape):
A: <phrase>
B: <phrase>
Answer: Yes/No

Examples:

A: no_evident_not_easy_check-in
B: customer_wait_10_minute_for_greet
Answer: Yes

A: no_evident_not_easy_check-in
B: no_one_give_key_on_late_check-in
Answer: No

A: no_evident_not_great_quality
B: shampoo_seem_cheap_considering_hotel_cost
Answer: Yes

A: no_evident_not_great_quality
B: expensive_hotel
Answer: No

Now answer for this pair. Output ONLY the final line ""Answer: Yes"" or ""Answer: No"" — no other text.

A: no_evident_not_good_team
B: staff_fail_to_guest_request
Answer:
",no_evident_not_good_team,staff_fail_to_guest_request,Yes
3308,"Task: decide if Proposition B contradicts Assumption A.

Steps:
1. A defends a claim (strip ""no_evident_not_"" / ""have_evident_"" to see it).
2. B states a fact.
3. Does B disprove A's claim? Same specific issue only, not just same topic.

Output pattern (always use this exact shape):
A: <phrase>
B: <phrase>
Answer: Yes/No

Examples:

A: no_evident_not_easy_check-in
B: customer_wait_10_minute_for_greet
Answer: Yes

A: no_evident_not_easy_check-in
B: no_one_give_key_on_late_check-in
Answer: No

A: no_evident_not_great_quality
B: shampoo_seem_cheap_considering_hotel_cost
Answer: Yes

A: no_evident_not_great_quality
B: expensive_hotel
Answer: No

Now answer for this pair. Output ONLY the final line ""Answer: Yes"" or ""Answer: No"" — no other text.

A: no_evident_not_good_team
B: staff_not_speak_Cypriot_language
Answer:
",no_evident_not_good_team,staff_not_speak_Cypriot_language,Yes
3330,"Task: decide if Proposition B contradicts Assumption A.

Steps:
1. A defends a claim (strip ""no_evident_not_"" / ""have_evident_"" to see it).
2. B states a fact.
3. Does B disprove A's claim? Same specific issue only, not just same topic.

Output pattern (always use this exact shape):
A: <phrase>
B: <phrase>
Answer: Yes/No

Examples:

A: no_evident_not_easy_check-in
B: customer_wait_10_minute_for_greet
Answer: Yes

A: no_evident_not_easy_check-in
B: no_one_give_key_on_late_check-in
Answer: No

A: no_evident_not_great_quality
B: shampoo_seem_cheap_considering_hotel_cost
Answer: Yes

A: no_evident_not_great_quality
B: expensive_hotel
Answer: No

Now answer for this pair. Output ONLY the final line ""Answer: Yes"" or ""Answer: No"" — no other text.

A: no_evident_not_good_hospitality_staff
B: staff_has_unaceptable_manner
Answer:
",no_evident_not_good_hospitality_staff,staff_has_unaceptable_manner,Yes
3335,"Task: decide if Proposition B contradicts Assumption A.

Steps:
1. A defends a claim (strip ""no_evident_not_"" / ""have_evident_"" to see it).
2. B states a fact.
3. Does B disprove A's claim? Same specific issue only, not just same topic.

Output pattern (always use this exact shape):
A: <phrase>
B: <phrase>
Answer: Yes/No

Examples:

A: no_evident_not_easy_check-in
B: customer_wait_10_minute_for_greet
Answer: Yes

A: no_evident_not_easy_check-in
B: no_one_give_key_on_late_check-in
Answer: No

A: no_evident_not_great_quality
B: shampoo_seem_cheap_considering_hotel_cost
Answer: Yes

A: no_evident_not_great_quality
B: expensive_hotel
Answer: No

Now answer for this pair. Output ONLY the final line ""Answer: Yes"" or ""Answer: No"" — no other text.

A: no_evident_not_good_hospitality_staff
B: only_one_staff_wear_mask
Answer:
",no_evident_not_good_hospitality_staff,only_one_staff_wear_mask,Yes
3368,"Task: decide if Proposition B contradicts Assumption A.

Steps:
1. A defends a claim (strip ""no_evident_not_"" / ""have_evident_"" to see it).
2. B states a fact.
3. Does B disprove A's claim? Same specific issue only, not just same topic.

Output pattern (always use this exact shape):
A: <phrase>
B: <phrase>
Answer: Yes/No

Examples:

A: no_evident_not_easy_check-in
B: customer_wait_10_minute_for_greet
Answer: Yes

A: no_evident_not_easy_check-in
B: no_one_give_key_on_late_check-in
Answer: No

A: no_evident_not_great_quality
B: shampoo_seem_cheap_considering_hotel_cost
Answer: Yes

A: no_evident_not_great_quality
B: expensive_hotel
Answer: No

Now answer for this pair. Output ONLY the final line ""Answer: Yes"" or ""Answer: No"" — no other text.

A: no_evident_not_ready_to_help
B: staff_fail_to_guest_request
Answer:
",no_evident_not_ready_to_help,staff_fail_to_guest_request,Yes
3373,"Task: decide if Proposition B contradicts Assumption A.

Steps:
1. A defends a claim (strip ""no_evident_not_"" / ""have_evident_"" to see it).
2. B states a fact.
3. Does B disprove A's claim? Same specific issue only, not just same topic.

Output pattern (always use this exact shape):
A: <phrase>
B: <phrase>
Answer: Yes/No

Examples:

A: no_evident_not_easy_check-in
B: customer_wait_10_minute_for_greet
Answer: Yes

A: no_evident_not_easy_check-in
B: no_one_give_key_on_late_check-in
Answer: No

A: no_evident_not_great_quality
B: shampoo_seem_cheap_considering_hotel_cost
Answer: Yes

A: no_evident_not_great_quality
B: expensive_hotel
Answer: No

Now answer for this pair. Output ONLY the final line ""Answer: Yes"" or ""Answer: No"" — no other text.

A: no_evident_not_ready_to_help
B: staff_enforce_cancellation_charge
Answer:
",no_evident_not_ready_to_help,staff_enforce_cancellation_charge,Yes
3378,"Task: decide if Proposition B contradicts Assumption A.

Steps:
1. A defends a claim (strip ""no_evident_not_"" / ""have_evident_"" to see it).
2. B states a fact.
3. Does B disprove A's claim? Same specific issue only, not just same topic.

Output pattern (always use this exact shape):
A: <phrase>
B: <phrase>
Answer: Yes/No

Examples:

A: no_evident_not_easy_check-in
B: customer_wait_10_minute_for_greet
Answer: Yes

A: no_evident_not_easy_check-in
B: no_one_give_key_on_late_check-in
Answer: No

A: no_evident_not_great_quality
B: shampoo_seem_cheap_considering_hotel_cost
Answer: Yes

A: no_evident_not_great_quality
B: expensive_hotel
Answer: No

Now answer for this pair. Output ONLY the final line ""Answer: Yes"" or ""Answer: No"" — no other text.

A: no_evident_not_ready_to_help
B: no_staff_at_night
Answer:
",no_evident_not_ready_to_help,no_staff_at_night,Yes
3435,"Task: decide if Proposition B contradicts Assumption A.

Steps:
1. A defends a claim (strip ""no_evident_not_"" / ""have_evident_"" to see it).
2. B states a fact.
3. Does B disprove A's claim? Same specific issue only, not just same topic.

Output pattern (always use this exact shape):
A: <phrase>
B: <phrase>
Answer: Yes/No

Examples:

A: no_evident_not_easy_check-in
B: customer_wait_10_minute_for_greet
Answer: Yes

A: no_evident_not_easy_check-in
B: no_one_give_key_on_late_check-in
Answer: No

A: no_evident_not_great_quality
B: shampoo_seem_cheap_considering_hotel_cost
Answer: Yes

A: no_evident_not_great_quality
B: expensive_hotel
Answer: No

Now answer for this pair. Output ONLY the final line ""Answer: Yes"" or ""Answer: No"" — no other text.

A: no_evident_not_grateful_for_staff
B: no_empathy_staff
Answer:
",no_evident_not_grateful_for_staff,no_empathy_staff,Yes
3437,"Task: decide if Proposition B contradicts Assumption A.

Steps:
1. A defends a claim (strip ""no_evident_not_"" / ""have_evident_"" to see it).
2. B states a fact.
3. Does B disprove A's claim? Same specific issue only, not just same topic.

Output pattern (always use this exact shape):
A: <phrase>
B: <phrase>
Answer: Yes/No

Examples:

A: no_evident_not_easy_check-in
B: customer_wait_10_minute_for_greet
Answer: Yes

A: no_evident_not_easy_check-in
B: no_one_give_key_on_late_check-in
Answer: No

A: no_evident_not_great_quality
B: shampoo_seem_cheap_considering_hotel_cost
Answer: Yes

A: no_evident_not_great_quality
B: expensive_hotel
Answer: No

Now answer for this pair. Output ONLY the final line ""Answer: Yes"" or ""Answer: No"" — no other text.

A: no_evident_not_grateful_for_staff
B: staff_fail_to_guest_request
Answer:
",no_evident_not_grateful_for_staff,staff_fail_to_guest_request,Yes
3457,"Task: decide if Proposition B contradicts Assumption A.

Steps:
1. A defends a claim (strip ""no_evident_not_"" / ""have_evident_"" to see it).
2. B states a fact.
3. Does B disprove A's claim? Same specific issue only, not just same topic.

Output pattern (always use this exact shape):
A: <phrase>
B: <phrase>
Answer: Yes/No

Examples:

A: no_evident_not_easy_check-in
B: customer_wait_10_minute_for_greet
Answer: Yes

A: no_evident_not_easy_check-in
B: no_one_give_key_on_late_check-in
Answer: No

A: no_evident_not_great_quality
B: shampoo_seem_cheap_considering_hotel_cost
Answer: Yes

A: no_evident_not_great_quality
B: expensive_hotel
Answer: No

Now answer for this pair. Output ONLY the final line ""Answer: Yes"" or ""Answer: No"" — no other text.

A: no_evident_not_staff_make_hotel_great
B: not_kind_staff
Answer:
",no_evident_not_staff_make_hotel_great,not_kind_staff,Yes
3459,"Task: decide if Proposition B contradicts Assumption A.

Steps:
1. A defends a claim (strip ""no_evident_not_"" / ""have_evident_"" to see it).
2. B states a fact.
3. Does B disprove A's claim? Same specific issue only, not just same topic.

Output pattern (always use this exact shape):
A: <phrase>
B: <phrase>
Answer: Yes/No

Examples:

A: no_evident_not_easy_check-in
B: customer_wait_10_minute_for_greet
Answer: Yes

A: no_evident_not_easy_check-in
B: no_one_give_key_on_late_check-in
Answer: No

A: no_evident_not_great_quality
B: shampoo_seem_cheap_considering_hotel_cost
Answer: Yes

A: no_evident_not_great_quality
B: expensive_hotel
Answer: No

Now answer for this pair. Output ONLY the final line ""Answer: Yes"" or ""Answer: No"" — no other text.

A: no_evident_not_staff_make_hotel_great
B: staff_fail_to_communicate_with_taxi
Answer:
",no_evident_not_staff_make_hotel_great,staff_fail_to_communicate_with_taxi,Yes
3463,"Task: decide if Proposition B contradicts Assumption A.

Steps:
1. A defends a claim (strip ""no_evident_not_"" / ""have_evident_"" to see it).
2. B states a fact.
3. Does B disprove A's claim? Same specific issue only, not just same topic.

Output pattern (always use this exact shape):
A: <phrase>
B: <phrase>
Answer: Yes/No

Examples:

A: no_evident_not_easy_check-in
B: customer_wait_10_minute_for_greet
Answer: Yes

A: no_evident_not_easy_check-in
B: no_one_give_key_on_late_check-in
Answer: No

A: no_evident_not_great_quality
B: shampoo_seem_cheap_considering_hotel_cost
Answer: Yes

A: no_evident_not_great_quality
B: expensive_hotel
Answer: No

Now answer for this pair. Output ONLY the final line ""Answer: Yes"" or ""Answer: No"" — no other text.

A: no_evident_not_staff_make_hotel_great
B: staff_not_justify_booking_issue
Answer:
",no_evident_not_staff_make_hotel_great,staff_not_justify_booking_issue,Yes
3466,"Task: decide if Proposition B contradicts Assumption A.

Steps:
1. A defends a claim (strip ""no_evident_not_"" / ""have_evident_"" to see it).
2. B states a fact.
3. Does B disprove A's claim? Same specific issue only, not just same topic.

Output pattern (always use this exact shape):
A: <phrase>
B: <phrase>
Answer: Yes/No

Examples:

A: no_evident_not_easy_check-in
B: customer_wait_10_minute_for_greet
Answer: Yes

A: no_evident_not_easy_check-in
B: no_one_give_key_on_late_check-in
Answer: No

A: no_evident_not_great_quality
B: shampoo_seem_cheap_considering_hotel_cost
Answer: Yes

A: no_evident_not_great_quality
B: expensive_hotel
Answer: No

Now answer for this pair. Output ONLY the final line ""Answer: Yes"" or ""Answer: No"" — no other text.

A: no_evident_not_staff_make_hotel_great
B: staff_mistakenly_throw_valuable_item_during_cleaning_service
Answer:
",no_evident_not_staff_make_hotel_great,staff_mistakenly_throw_valuable_item_during_cleaning_service,Yes
3467,"Task: decide if Proposition B contradicts Assumption A.

Steps:
1. A defends a claim (strip ""no_evident_not_"" / ""have_evident_"" to see it).
2. B states a fact.
3. Does B disprove A's claim? Same specific issue only, not just same topic.

Output pattern (always use this exact shape):
A: <phrase>
B: <phrase>
Answer: Yes/No

Examples:

A: no_evident_not_easy_check-in
B: customer_wait_10_minute_for_greet
Answer: Yes

A: no_evident_not_easy_check-in
B: no_one_give_key_on_late_check-in
Answer: No

A: no_evident_not_great_quality
B: shampoo_seem_cheap_considering_hotel_cost
Answer: Yes

A: no_evident_not_great_quality
B: expensive_hotel
Answer: No

Now answer for this pair. Output ONLY the final line ""Answer: Yes"" or ""Answer: No"" — no other text.

A: no_evident_not_staff_make_hotel_great
B: staff_not_provide_good_solution
Answer:
",no_evident_not_staff_make_hotel_great,staff_not_provide_good_solution,Yes
3470,"Task: decide if Proposition B contradicts Assumption A.

Steps:
1. A defends a claim (strip ""no_evident_not_"" / ""have_evident_"" to see it).
2. B states a fact.
3. Does B disprove A's claim? Same specific issue only, not just same topic.

Output pattern (always use this exact shape):
A: <phrase>
B: <phrase>
Answer: Yes/No

Examples:

A: no_evident_not_easy_check-in
B: customer_wait_10_minute_for_greet
Answer: Yes

A: no_evident_not_easy_check-in
B: no_one_give_key_on_late_check-in
Answer: No

A: no_evident_not_great_quality
B: shampoo_seem_cheap_considering_hotel_cost
Answer: Yes

A: no_evident_not_great_quality
B: expensive_hotel
Answer: No

Now answer for this pair. Output ONLY the final line ""Answer: Yes"" or ""Answer: No"" — no other text.

A: no_evident_not_staff_make_hotel_great
B: no_staff_at_night
Answer:
",no_evident_not_staff_make_hotel_great,no_staff_at_night,Yes
3504,"Task: decide if Proposition B contradicts Assumption A.

Steps:
1. A defends a claim (strip ""no_evident_not_"" / ""have_evident_"" to see it).
2. B states a fact.
3. Does B disprove A's claim? Same specific issue only, not just same topic.

Output pattern (always use this exact shape):
A: <phrase>
B: <phrase>
Answer: Yes/No

Examples:

A: no_evident_not_easy_check-in
B: customer_wait_10_minute_for_greet
Answer: Yes

A: no_evident_not_easy_check-in
B: no_one_give_key_on_late_check-in
Answer: No

A: no_evident_not_great_quality
B: shampoo_seem_cheap_considering_hotel_cost
Answer: Yes

A: no_evident_not_great_quality
B: expensive_hotel
Answer: No

Now answer for this pair. Output ONLY the final line ""Answer: Yes"" or ""Answer: No"" — no other text.

A: no_evident_not_willing_to_do_more
B: no_empathy_staff
Answer:
",no_evident_not_willing_to_do_more,no_empathy_staff,Yes
3510,"Task: decide if Proposition B contradicts Assumption A.

Steps:
1. A defends a claim (strip ""no_evident_not_"" / ""have_evident_"" to see it).
2. B states a fact.
3. Does B disprove A's claim? Same specific issue only, not just same topic.

Output pattern (always use this exact shape):
A: <phrase>
B: <phrase>
Answer: Yes/No

Examples:

A: no_evident_not_easy_check-in
B: customer_wait_10_minute_for_greet
Answer: Yes

A: no_evident_not_easy_check-in
B: no_one_give_key_on_late_check-in
Answer: No

A: no_evident_not_great_quality
B: shampoo_seem_cheap_considering_hotel_cost
Answer: Yes

A: no_evident_not_great_quality
B: expensive_hotel
Answer: No

Now answer for this pair. Output ONLY the final line ""Answer: Yes"" or ""Answer: No"" — no other text.

A: no_evident_not_willing_to_do_more
B: staff_charge_for_cancellation_while_no_cancellation_charge_in_Booking.com
Answer:
",no_evident_not_willing_to_do_more,staff_charge_for_cancellation_while_no_cancellation_charge_in_Booking.com,Yes
3521,"Task: decide if Proposition B contradicts Assumption A.

Steps:
1. A defends a claim (strip ""no_evident_not_"" / ""have_evident_"" to see it).
2. B states a fact.
3. Does B disprove A's claim? Same specific issue only, not just same topic.

Output pattern (always use this exact shape):
A: <phrase>
B: <phrase>
Answer: Yes/No

Examples:

A: no_evident_not_easy_check-in
B: customer_wait_10_minute_for_greet
Answer: Yes

A: no_evident_not_easy_check-in
B: no_one_give_key_on_late_check-in
Answer: No

A: no_evident_not_great_quality
B: shampoo_seem_cheap_considering_hotel_cost
Answer: Yes

A: no_evident_not_great_quality
B: expensive_hotel
Answer: No

Now answer for this pair. Output ONLY the final line ""Answer: Yes"" or ""Answer: No"" — no other text.

A: no_evident_not_staff_make_guest_better_stay
B: staff_clean_after_complaint
Answer:
",no_evident_not_staff_make_guest_better_stay,staff_clean_after_complaint,Yes
3532,"Task: decide if Proposition B contradicts Assumption A.

Steps:
1. A defends a claim (strip ""no_evident_not_"" / ""have_evident_"" to see it).
2. B states a fact.
3. Does B disprove A's claim? Same specific issue only, not just same topic.

Output pattern (always use this exact shape):
A: <phrase>
B: <phrase>
Answer: Yes/No

Examples:

A: no_evident_not_easy_check-in
B: customer_wait_10_minute_for_greet
Answer: Yes

A: no_evident_not_easy_check-in
B: no_one_give_key_on_late_check-in
Answer: No

A: no_evident_not_great_quality
B: shampoo_seem_cheap_considering_hotel_cost
Answer: Yes

A: no_evident_not_great_quality
B: expensive_hotel
Answer: No

Now answer for this pair. Output ONLY the final line ""Answer: Yes"" or ""Answer: No"" — no other text.

A: no_evident_not_staff_make_guest_better_stay
B: staff_not_justify_booking_issue
Answer:
",no_evident_not_staff_make_guest_better_stay,staff_not_justify_booking_issue,Yes
3562,"Task: decide if Proposition B contradicts Assumption A.

Steps:
1. A defends a claim (strip ""no_evident_not_"" / ""have_evident_"" to see it).
2. B states a fact.
3. Does B disprove A's claim? Same specific issue only, not just same topic.

Output pattern (always use this exact shape):
A: <phrase>
B: <phrase>
Answer: Yes/No

Examples:

A: no_evident_not_easy_check-in
B: customer_wait_10_minute_for_greet
Answer: Yes

A: no_evident_not_easy_check-in
B: no_one_give_key_on_late_check-in
Answer: No

A: no_evident_not_great_quality
B: shampoo_seem_cheap_considering_hotel_cost
Answer: Yes

A: no_evident_not_great_quality
B: expensive_hotel
Answer: No

Now answer for this pair. Output ONLY the final line ""Answer: Yes"" or ""Answer: No"" — no other text.

A: no_evident_not_staff_offer_adapter
B: no_staff_at_night
Answer:
",no_evident_not_staff_offer_adapter,no_staff_at_night,Yes
3589,"Task: decide if Proposition B contradicts Assumption A.

Steps:
1. A defends a claim (strip ""no_evident_not_"" / ""have_evident_"" to see it).
2. B states a fact.
3. Does B disprove A's claim? Same specific issue only, not just same topic.

Output pattern (always use this exact shape):
A: <phrase>
B: <phrase>
Answer: Yes/No

Examples:

A: no_evident_not_easy_check-in
B: customer_wait_10_minute_for_greet
Answer: Yes

A: no_evident_not_easy_check-in
B: no_one_give_key_on_late_check-in
Answer: No

A: no_evident_not_great_quality
B: shampoo_seem_cheap_considering_hotel_cost
Answer: Yes

A: no_evident_not_great_quality
B: expensive_hotel
Answer: No

Now answer for this pair. Output ONLY the final line ""Answer: Yes"" or ""Answer: No"" — no other text.

A: no_evident_not_staff_make_guest_comfortable
B: staff_not_speak_English_properly
Answer:
",no_evident_not_staff_make_guest_comfortable,staff_not_speak_English_properly,Yes
3590,"Task: decide if Proposition B contradicts Assumption A.

Steps:
1. A defends a claim (strip ""no_evident_not_"" / ""have_evident_"" to see it).
2. B states a fact.
3. Does B disprove A's claim? Same specific issue only, not just same topic.

Output pattern (always use this exact shape):
A: <phrase>
B: <phrase>
Answer: Yes/No

Examples:

A: no_evident_not_easy_check-in
B: customer_wait_10_minute_for_greet
Answer: Yes

A: no_evident_not_easy_check-in
B: no_one_give_key_on_late_check-in
Answer: No

A: no_evident_not_great_quality
B: shampoo_seem_cheap_considering_hotel_cost
Answer: Yes

A: no_evident_not_great_quality
B: expensive_hotel
Answer: No

Now answer for this pair. Output ONLY the final line ""Answer: Yes"" or ""Answer: No"" — no other text.

A: no_evident_not_staff_make_guest_comfortable
B: staff_clean_after_complaint
Answer:
",no_evident_not_staff_make_guest_comfortable,staff_clean_after_complaint,Yes
3620,"Task: decide if Proposition B contradicts Assumption A.

Steps:
1. A defends a claim (strip ""no_evident_not_"" / ""have_evident_"" to see it).
2. B states a fact.
3. Does B disprove A's claim? Same specific issue only, not just same topic.

Output pattern (always use this exact shape):
A: <phrase>
B: <phrase>
Answer: Yes/No

Examples:

A: no_evident_not_easy_check-in
B: customer_wait_10_minute_for_greet
Answer: Yes

A: no_evident_not_easy_check-in
B: no_one_give_key_on_late_check-in
Answer: No

A: no_evident_not_great_quality
B: shampoo_seem_cheap_considering_hotel_cost
Answer: Yes

A: no_evident_not_great_quality
B: expensive_hotel
Answer: No

Now answer for this pair. Output ONLY the final line ""Answer: Yes"" or ""Answer: No"" — no other text.

A: no_evident_not_staff_help_amazing
B: staff_fail_to_communicate_with_taxi
Answer:
",no_evident_not_staff_help_amazing,staff_fail_to_communicate_with_taxi,Yes
3631,"Task: decide if Proposition B contradicts Assumption A.

Steps:
1. A defends a claim (strip ""no_evident_not_"" / ""have_evident_"" to see it).
2. B states a fact.
3. Does B disprove A's claim? Same specific issue only, not just same topic.

Output pattern (always use this exact shape):
A: <phrase>
B: <phrase>
Answer: Yes/No

Examples:

A: no_evident_not_easy_check-in
B: customer_wait_10_minute_for_greet
Answer: Yes

A: no_evident_not_easy_check-in
B: no_one_give_key_on_late_check-in
Answer: No

A: no_evident_not_great_quality
B: shampoo_seem_cheap_considering_hotel_cost
Answer: Yes

A: no_evident_not_great_quality
B: expensive_hotel
Answer: No

Now answer for this pair. Output ONLY the final line ""Answer: Yes"" or ""Answer: No"" — no other text.

A: no_evident_not_staff_help_amazing
B: no_staff_at_night
Answer:
",no_evident_not_staff_help_amazing,no_staff_at_night,Yes
3676,"Task: decide if Proposition B contradicts Assumption A.

Steps:
1. A defends a claim (strip ""no_evident_not_"" / ""have_evident_"" to see it).
2. B states a fact.
3. Does B disprove A's claim? Same specific issue only, not just same topic.

Output pattern (always use this exact shape):
A: <phrase>
B: <phrase>
Answer: Yes/No

Examples:

A: no_evident_not_easy_check-in
B: customer_wait_10_minute_for_greet
Answer: Yes

A: no_evident_not_easy_check-in
B: no_one_give_key_on_late_check-in
Answer: No

A: no_evident_not_great_quality
B: shampoo_seem_cheap_considering_hotel_cost
Answer: Yes

A: no_evident_not_great_quality
B: expensive_hotel
Answer: No

Now answer for this pair. Output ONLY the final line ""Answer: Yes"" or ""Answer: No"" — no other text.

A: no_evident_not_happy_staff
B: staff_not_speak_Cypriot_language
Answer:
",no_evident_not_happy_staff,staff_not_speak_Cypriot_language,Yes
3680,"Task: decide if Proposition B contradicts Assumption A.

Steps:
1. A defends a claim (strip ""no_evident_not_"" / ""have_evident_"" to see it).
2. B states a fact.
3. Does B disprove A's claim? Same specific issue only, not just same topic.

Output pattern (always use this exact shape):
A: <phrase>
B: <phrase>
Answer: Yes/No

Examples:

A: no_evident_not_easy_check-in
B: customer_wait_10_minute_for_greet
Answer: Yes

A: no_evident_not_easy_check-in
B: no_one_give_key_on_late_check-in
Answer: No

A: no_evident_not_great_quality
B: shampoo_seem_cheap_considering_hotel_cost
Answer: Yes

A: no_evident_not_great_quality
B: expensive_hotel
Answer: No

Now answer for this pair. Output ONLY the final line ""Answer: Yes"" or ""Answer: No"" — no other text.

A: no_evident_not_happy_staff
B: only_one_staff_wear_mask
Answer:
",no_evident_not_happy_staff,only_one_staff_wear_mask,Yes
3699,"Task: decide if Proposition B contradicts Assumption A.

Steps:
1. A defends a claim (strip ""no_evident_not_"" / ""have_evident_"" to see it).
2. B states a fact.
3. Does B disprove A's claim? Same specific issue only, not just same topic.

Output pattern (always use this exact shape):
A: <phrase>
B: <phrase>
Answer: Yes/No

Examples:

A: no_evident_not_easy_check-in
B: customer_wait_10_minute_for_greet
Answer: Yes

A: no_evident_not_easy_check-in
B: no_one_give_key_on_late_check-in
Answer: No

A: no_evident_not_great_quality
B: shampoo_seem_cheap_considering_hotel_cost
Answer: Yes

A: no_evident_not_great_quality
B: expensive_hotel
Answer: No

Now answer for this pair. Output ONLY the final line ""Answer: Yes"" or ""Answer: No"" — no other text.

A: no_evident_not_greet_staff
B: staff_not_speak_Cypriot_language
Answer:
",no_evident_not_greet_staff,staff_not_speak_Cypriot_language,Yes
3715,"Task: decide if Proposition B contradicts Assumption A.

Steps:
1. A defends a claim (strip ""no_evident_not_"" / ""have_evident_"" to see it).
2. B states a fact.
3. Does B disprove A's claim? Same specific issue only, not just same topic.

Output pattern (always use this exact shape):
A: <phrase>
B: <phrase>
Answer: Yes/No

Examples:

A: no_evident_not_easy_check-in
B: customer_wait_10_minute_for_greet
Answer: Yes

A: no_evident_not_easy_check-in
B: no_one_give_key_on_late_check-in
Answer: No

A: no_evident_not_great_quality
B: shampoo_seem_cheap_considering_hotel_cost
Answer: Yes

A: no_evident_not_great_quality
B: expensive_hotel
Answer: No

Now answer for this pair. Output ONLY the final line ""Answer: Yes"" or ""Answer: No"" — no other text.

A: no_evident_not_knowledgeable_staff
B: offended_staff
Answer:
",no_evident_not_knowledgeable_staff,offended_staff,Yes
3717,"Task: decide if Proposition B contradicts Assumption A.

Steps:
1. A defends a claim (strip ""no_evident_not_"" / ""have_evident_"" to see it).
2. B states a fact.
3. Does B disprove A's claim? Same specific issue only, not just same topic.

Output pattern (always use this exact shape):
A: <phrase>
B: <phrase>
Answer: Yes/No

Examples:

A: no_evident_not_easy_check-in
B: customer_wait_10_minute_for_greet
Answer: Yes

A: no_evident_not_easy_check-in
B: no_one_give_key_on_late_check-in
Answer: No

A: no_evident_not_great_quality
B: shampoo_seem_cheap_considering_hotel_cost
Answer: Yes

A: no_evident_not_great_quality
B: expensive_hotel
Answer: No

Now answer for this pair. Output ONLY the final line ""Answer: Yes"" or ""Answer: No"" — no other text.

A: no_evident_not_knowledgeable_staff
B: staff_charge_for_cancellation_while_no_cancellation_charge_in_Booking.com
Answer:
",no_evident_not_knowledgeable_staff,staff_charge_for_cancellation_while_no_cancellation_charge_in_Booking.com,Yes
3728,"Task: decide if Proposition B contradicts Assumption A.

Steps:
1. A defends a claim (strip ""no_evident_not_"" / ""have_evident_"" to see it).
2. B states a fact.
3. Does B disprove A's claim? Same specific issue only, not just same topic.

Output pattern (always use this exact shape):
A: <phrase>
B: <phrase>
Answer: Yes/No

Examples:

A: no_evident_not_easy_check-in
B: customer_wait_10_minute_for_greet
Answer: Yes

A: no_evident_not_easy_check-in
B: no_one_give_key_on_late_check-in
Answer: No

A: no_evident_not_great_quality
B: shampoo_seem_cheap_considering_hotel_cost
Answer: Yes

A: no_evident_not_great_quality
B: expensive_hotel
Answer: No

Now answer for this pair. Output ONLY the final line ""Answer: Yes"" or ""Answer: No"" — no other text.

A: no_evident_not_can_speak_French
B: staff_clean_after_complaint
Answer:
",no_evident_not_can_speak_French,staff_clean_after_complaint,No
3746,"Task: decide if Proposition B contradicts Assumption A.

Steps:
1. A defends a claim (strip ""no_evident_not_"" / ""have_evident_"" to see it).
2. B states a fact.
3. Does B disprove A's claim? Same specific issue only, not just same topic.

Output pattern (always use this exact shape):
A: <phrase>
B: <phrase>
Answer: Yes/No

Examples:

A: no_evident_not_easy_check-in
B: customer_wait_10_minute_for_greet
Answer: Yes

A: no_evident_not_easy_check-in
B: no_one_give_key_on_late_check-in
Answer: No

A: no_evident_not_great_quality
B: shampoo_seem_cheap_considering_hotel_cost
Answer: Yes

A: no_evident_not_great_quality
B: expensive_hotel
Answer: No

Now answer for this pair. Output ONLY the final line ""Answer: Yes"" or ""Answer: No"" — no other text.

A: no_evident_not_can_speak_French
B: no_staff_at_night
Answer:
",no_evident_not_can_speak_French,no_staff_at_night,Yes
3755,"Task: decide if Proposition B contradicts Assumption A.

Steps:
1. A defends a claim (strip ""no_evident_not_"" / ""have_evident_"" to see it).
2. B states a fact.
3. Does B disprove A's claim? Same specific issue only, not just same topic.

Output pattern (always use this exact shape):
A: <phrase>
B: <phrase>
Answer: Yes/No

Examples:

A: no_evident_not_easy_check-in
B: customer_wait_10_minute_for_greet
Answer: Yes

A: no_evident_not_easy_check-in
B: no_one_give_key_on_late_check-in
Answer: No

A: no_evident_not_great_quality
B: shampoo_seem_cheap_considering_hotel_cost
Answer: Yes

A: no_evident_not_great_quality
B: expensive_hotel
Answer: No

Now answer for this pair. Output ONLY the final line ""Answer: Yes"" or ""Answer: No"" — no other text.

A: no_evident_not_competent_staff
B: staff_need_keep_update
Answer:
",no_evident_not_competent_staff,staff_need_keep_update,No
3759,"Task: decide if Proposition B contradicts Assumption A.

Steps:
1. A defends a claim (strip ""no_evident_not_"" / ""have_evident_"" to see it).
2. B states a fact.
3. Does B disprove A's claim? Same specific issue only, not just same topic.

Output pattern (always use this exact shape):
A: <phrase>
B: <phrase>
Answer: Yes/No

Examples:

A: no_evident_not_easy_check-in
B: customer_wait_10_minute_for_greet
Answer: Yes

A: no_evident_not_easy_check-in
B: no_one_give_key_on_late_check-in
Answer: No

A: no_evident_not_great_quality
B: shampoo_seem_cheap_considering_hotel_cost
Answer: Yes

A: no_evident_not_great_quality
B: expensive_hotel
Answer: No

Now answer for this pair. Output ONLY the final line ""Answer: Yes"" or ""Answer: No"" — no other text.

A: no_evident_not_competent_staff
B: staff_fail_to_guest_request
Answer:
",no_evident_not_competent_staff,staff_fail_to_guest_request,Yes
3764,"Task: decide if Proposition B contradicts Assumption A.

Steps:
1. A defends a claim (strip ""no_evident_not_"" / ""have_evident_"" to see it).
2. B states a fact.
3. Does B disprove A's claim? Same specific issue only, not just same topic.

Output pattern (always use this exact shape):
A: <phrase>
B: <phrase>
Answer: Yes/No

Examples:

A: no_evident_not_easy_check-in
B: customer_wait_10_minute_for_greet
Answer: Yes

A: no_evident_not_easy_check-in
B: no_one_give_key_on_late_check-in
Answer: No

A: no_evident_not_great_quality
B: shampoo_seem_cheap_considering_hotel_cost
Answer: Yes

A: no_evident_not_great_quality
B: expensive_hotel
Answer: No

Now answer for this pair. Output ONLY the final line ""Answer: Yes"" or ""Answer: No"" — no other text.

A: no_evident_not_competent_staff
B: staff_enforce_cancellation_charge
Answer:
",no_evident_not_competent_staff,staff_enforce_cancellation_charge,Yes
3771,"Task: decide if Proposition B contradicts Assumption A.

Steps:
1. A defends a claim (strip ""no_evident_not_"" / ""have_evident_"" to see it).
2. B states a fact.
3. Does B disprove A's claim? Same specific issue only, not just same topic.

Output pattern (always use this exact shape):
A: <phrase>
B: <phrase>
Answer: Yes/No

Examples:

A: no_evident_not_easy_check-in
B: customer_wait_10_minute_for_greet
Answer: Yes

A: no_evident_not_easy_check-in
B: no_one_give_key_on_late_check-in
Answer: No

A: no_evident_not_great_quality
B: shampoo_seem_cheap_considering_hotel_cost
Answer: Yes

A: no_evident_not_great_quality
B: expensive_hotel
Answer: No

Now answer for this pair. Output ONLY the final line ""Answer: Yes"" or ""Answer: No"" — no other text.

A: no_evident_not_competent_staff
B: staff_cannot_give_bus_to_airport_information
Answer:
",no_evident_not_competent_staff,staff_cannot_give_bus_to_airport_information,Yes
3787,"Task: decide if Proposition B contradicts Assumption A.

Steps:
1. A defends a claim (strip ""no_evident_not_"" / ""have_evident_"" to see it).
2. B states a fact.
3. Does B disprove A's claim? Same specific issue only, not just same topic.

Output pattern (always use this exact shape):
A: <phrase>
B: <phrase>
Answer: Yes/No

Examples:

A: no_evident_not_easy_check-in
B: customer_wait_10_minute_for_greet
Answer: Yes

A: no_evident_not_easy_check-in
B: no_one_give_key_on_late_check-in
Answer: No

A: no_evident_not_great_quality
B: shampoo_seem_cheap_considering_hotel_cost
Answer: Yes

A: no_evident_not_great_quality
B: expensive_hotel
Answer: No

Now answer for this pair. Output ONLY the final line ""Answer: Yes"" or ""Answer: No"" — no other text.

A: no_evident_not_happy_to_help
B: staff_enforce_cancellation_charge
Answer:
",no_evident_not_happy_to_help,staff_enforce_cancellation_charge,Yes
3790,"Task: decide if Proposition B contradicts Assumption A.

Steps:
1. A defends a claim (strip ""no_evident_not_"" / ""have_evident_"" to see it).
2. B states a fact.
3. Does B disprove A's claim? Same specific issue only, not just same topic.

Output pattern (always use this exact shape):
A: <phrase>
B: <phrase>
Answer: Yes/No

Examples:

A: no_evident_not_easy_check-in
B: customer_wait_10_minute_for_greet
Answer: Yes

A: no_evident_not_easy_check-in
B: no_one_give_key_on_late_check-in
Answer: No

A: no_evident_not_great_quality
B: shampoo_seem_cheap_considering_hotel_cost
Answer: Yes

A: no_evident_not_great_quality
B: expensive_hotel
Answer: No

Now answer for this pair. Output ONLY the final line ""Answer: Yes"" or ""Answer: No"" — no other text.

A: no_evident_not_happy_to_help
B: staff_has_unaceptable_manner
Answer:
",no_evident_not_happy_to_help,staff_has_unaceptable_manner,Yes
3826,"Task: decide if Proposition B contradicts Assumption A.

Steps:
1. A defends a claim (strip ""no_evident_not_"" / ""have_evident_"" to see it).
2. B states a fact.
3. Does B disprove A's claim? Same specific issue only, not just same topic.

Output pattern (always use this exact shape):
A: <phrase>
B: <phrase>
Answer: Yes/No

Examples:

A: no_evident_not_easy_check-in
B: customer_wait_10_minute_for_greet
Answer: Yes

A: no_evident_not_easy_check-in
B: no_one_give_key_on_late_check-in
Answer: No

A: no_evident_not_great_quality
B: shampoo_seem_cheap_considering_hotel_cost
Answer: Yes

A: no_evident_not_great_quality
B: expensive_hotel
Answer: No

Now answer for this pair. Output ONLY the final line ""Answer: Yes"" or ""Answer: No"" — no other text.

A: no_evident_not_staff_give_good_advice
B: no_empathy_staff
Answer:
",no_evident_not_staff_give_good_advice,no_empathy_staff,Yes
3835,"Task: decide if Proposition B contradicts Assumption A.

Steps:
1. A defends a claim (strip ""no_evident_not_"" / ""have_evident_"" to see it).
2. B states a fact.
3. Does B disprove A's claim? Same specific issue only, not just same topic.

Output pattern (always use this exact shape):
A: <phrase>
B: <phrase>
Answer: Yes/No

Examples:

A: no_evident_not_easy_check-in
B: customer_wait_10_minute_for_greet
Answer: Yes

A: no_evident_not_easy_check-in
B: no_one_give_key_on_late_check-in
Answer: No

A: no_evident_not_great_quality
B: shampoo_seem_cheap_considering_hotel_cost
Answer: Yes

A: no_evident_not_great_quality
B: expensive_hotel
Answer: No

Now answer for this pair. Output ONLY the final line ""Answer: Yes"" or ""Answer: No"" — no other text.

A: no_evident_not_staff_give_good_advice
B: staff_not_provide_good_solution
Answer:
",no_evident_not_staff_give_good_advice,staff_not_provide_good_solution,Yes
3856,"Task: decide if Proposition B contradicts Assumption A.

Steps:
1. A defends a claim (strip ""no_evident_not_"" / ""have_evident_"" to see it).
2. B states a fact.
3. Does B disprove A's claim? Same specific issue only, not just same topic.

Output pattern (always use this exact shape):
A: <phrase>
B: <phrase>
Answer: Yes/No

Examples:

A: no_evident_not_easy_check-in
B: customer_wait_10_minute_for_greet
Answer: Yes

A: no_evident_not_easy_check-in
B: no_one_give_key_on_late_check-in
Answer: No

A: no_evident_not_great_quality
B: shampoo_seem_cheap_considering_hotel_cost
Answer: Yes

A: no_evident_not_great_quality
B: expensive_hotel
Answer: No

Now answer for this pair. Output ONLY the final line ""Answer: Yes"" or ""Answer: No"" — no other text.

A: no_evident_not_listening_staff
B: staff_enforce_cancellation_charge
Answer:
",no_evident_not_listening_staff,staff_enforce_cancellation_charge,Yes
3873,"Task: decide if Proposition B contradicts Assumption A.

Steps:
1. A defends a claim (strip ""no_evident_not_"" / ""have_evident_"" to see it).
2. B states a fact.
3. Does B disprove A's claim? Same specific issue only, not just same topic.

Output pattern (always use this exact shape):
A: <phrase>
B: <phrase>
Answer: Yes/No

Examples:

A: no_evident_not_easy_check-in
B: customer_wait_10_minute_for_greet
Answer: Yes

A: no_evident_not_easy_check-in
B: no_one_give_key_on_late_check-in
Answer: No

A: no_evident_not_great_quality
B: shampoo_seem_cheap_considering_hotel_cost
Answer: Yes

A: no_evident_not_great_quality
B: expensive_hotel
Answer: No

Now answer for this pair. Output ONLY the final line ""Answer: Yes"" or ""Answer: No"" — no other text.

A: no_evident_not_sweet_staff
B: staff_fail_to_communicate_with_taxi
Answer:
",no_evident_not_sweet_staff,staff_fail_to_communicate_with_taxi,Yes
3875,"Task: decide if Proposition B contradicts Assumption A.

Steps:
1. A defends a claim (strip ""no_evident_not_"" / ""have_evident_"" to see it).
2. B states a fact.
3. Does B disprove A's claim? Same specific issue only, not just same topic.

Output pattern (always use this exact shape):
A: <phrase>
B: <phrase>
Answer: Yes/No

Examples:

A: no_evident_not_easy_check-in
B: customer_wait_10_minute_for_greet
Answer: Yes

A: no_evident_not_easy_check-in
B: no_one_give_key_on_late_check-in
Answer: No

A: no_evident_not_great_quality
B: shampoo_seem_cheap_considering_hotel_cost
Answer: Yes

A: no_evident_not_great_quality
B: expensive_hotel
Answer: No

Now answer for this pair. Output ONLY the final line ""Answer: Yes"" or ""Answer: No"" — no other text.

A: no_evident_not_sweet_staff
B: staff_cannot_provide_double_bed
Answer:
",no_evident_not_sweet_staff,staff_cannot_provide_double_bed,Yes
3894,"Task: decide if Proposition B contradicts Assumption A.

Steps:
1. A defends a claim (strip ""no_evident_not_"" / ""have_evident_"" to see it).
2. B states a fact.
3. Does B disprove A's claim? Same specific issue only, not just same topic.

Output pattern (always use this exact shape):
A: <phrase>
B: <phrase>
Answer: Yes/No

Examples:

A: no_evident_not_easy_check-in
B: customer_wait_10_minute_for_greet
Answer: Yes

A: no_evident_not_easy_check-in
B: no_one_give_key_on_late_check-in
Answer: No

A: no_evident_not_great_quality
B: shampoo_seem_cheap_considering_hotel_cost
Answer: Yes

A: no_evident_not_great_quality
B: expensive_hotel
Answer: No

Now answer for this pair. Output ONLY the final line ""Answer: Yes"" or ""Answer: No"" — no other text.

A: no_evident_not_pleasant_contact_staff
B: not_kind_staff
Answer:
",no_evident_not_pleasant_contact_staff,not_kind_staff,Yes
3906,"Task: decide if Proposition B contradicts Assumption A.

Steps:
1. A defends a claim (strip ""no_evident_not_"" / ""have_evident_"" to see it).
2. B states a fact.
3. Does B disprove A's claim? Same specific issue only, not just same topic.

Output pattern (always use this exact shape):
A: <phrase>
B: <phrase>
Answer: Yes/No

Examples:

A: no_evident_not_easy_check-in
B: customer_wait_10_minute_for_greet
Answer: Yes

A: no_evident_not_easy_check-in
B: no_one_give_key_on_late_check-in
Answer: No

A: no_evident_not_great_quality
B: shampoo_seem_cheap_considering_hotel_cost
Answer: Yes

A: no_evident_not_great_quality
B: expensive_hotel
Answer: No

Now answer for this pair. Output ONLY the final line ""Answer: Yes"" or ""Answer: No"" — no other text.

A: no_evident_not_pleasant_contact_staff
B: staff_not_speak_Cypriot_language
Answer:
",no_evident_not_pleasant_contact_staff,staff_not_speak_Cypriot_language,Yes
3944,"Task: decide if Proposition B contradicts Assumption A.

Steps:
1. A defends a claim (strip ""no_evident_not_"" / ""have_evident_"" to see it).
2. B states a fact.
3. Does B disprove A's claim? Same specific issue only, not just same topic.

Output pattern (always use this exact shape):
A: <phrase>
B: <phrase>
Answer: Yes/No

Examples:

A: no_evident_not_easy_check-in
B: customer_wait_10_minute_for_greet
Answer: Yes

A: no_evident_not_easy_check-in
B: no_one_give_key_on_late_check-in
Answer: No

A: no_evident_not_great_quality
B: shampoo_seem_cheap_considering_hotel_cost
Answer: Yes

A: no_evident_not_great_quality
B: expensive_hotel
Answer: No

Now answer for this pair. Output ONLY the final line ""Answer: Yes"" or ""Answer: No"" — no other text.

A: no_evident_not_availability_of_staff
B: staff_cannot_provide_double_bed
Answer:
",no_evident_not_availability_of_staff,staff_cannot_provide_double_bed,Yes
3977,"Task: decide if Proposition B contradicts Assumption A.

Steps:
1. A defends a claim (strip ""no_evident_not_"" / ""have_evident_"" to see it).
2. B states a fact.
3. Does B disprove A's claim? Same specific issue only, not just same topic.

Output pattern (always use this exact shape):
A: <phrase>
B: <phrase>
Answer: Yes/No

Examples:

A: no_evident_not_easy_check-in
B: customer_wait_10_minute_for_greet
Answer: Yes

A: no_evident_not_easy_check-in
B: no_one_give_key_on_late_check-in
Answer: No

A: no_evident_not_great_quality
B: shampoo_seem_cheap_considering_hotel_cost
Answer: Yes

A: no_evident_not_great_quality
B: expensive_hotel
Answer: No

Now answer for this pair. Output ONLY the final line ""Answer: Yes"" or ""Answer: No"" — no other text.

A: no_evident_not_staff_alway_help
B: staff_not_understand_English_well
Answer:
",no_evident_not_staff_alway_help,staff_not_understand_English_well,Yes
3979,"Task: decide if Proposition B contradicts Assumption A.

Steps:
1. A defends a claim (strip ""no_evident_not_"" / ""have_evident_"" to see it).
2. B states a fact.
3. Does B disprove A's claim? Same specific issue only, not just same topic.

Output pattern (always use this exact shape):
A: <phrase>
B: <phrase>
Answer: Yes/No

Examples:

A: no_evident_not_easy_check-in
B: customer_wait_10_minute_for_greet
Answer: Yes

A: no_evident_not_easy_check-in
B: no_one_give_key_on_late_check-in
Answer: No

A: no_evident_not_great_quality
B: shampoo_seem_cheap_considering_hotel_cost
Answer: Yes

A: no_evident_not_great_quality
B: expensive_hotel
Answer: No

Now answer for this pair. Output ONLY the final line ""Answer: Yes"" or ""Answer: No"" — no other text.

A: no_evident_not_staff_alway_help
B: only_one_staff_wear_mask
Answer:
",no_evident_not_staff_alway_help,only_one_staff_wear_mask,Yes
3982,"Task: decide if Proposition B contradicts Assumption A.

Steps:
1. A defends a claim (strip ""no_evident_not_"" / ""have_evident_"" to see it).
2. B states a fact.
3. Does B disprove A's claim? Same specific issue only, not just same topic.

Output pattern (always use this exact shape):
A: <phrase>
B: <phrase>
Answer: Yes/No

Examples:

A: no_evident_not_easy_check-in
B: customer_wait_10_minute_for_greet
Answer: Yes

A: no_evident_not_easy_check-in
B: no_one_give_key_on_late_check-in
Answer: No

A: no_evident_not_great_quality
B: shampoo_seem_cheap_considering_hotel_cost
Answer: Yes

A: no_evident_not_great_quality
B: expensive_hotel
Answer: No

Now answer for this pair. Output ONLY the final line ""Answer: Yes"" or ""Answer: No"" — no other text.

A: no_evident_not_staff_give_family_atmosphere
B: staff_should_learn_better_English
Answer:
",no_evident_not_staff_give_family_atmosphere,staff_should_learn_better_English,Yes
3987,"Task: decide if Proposition B contradicts Assumption A.

Steps:
1. A defends a claim (strip ""no_evident_not_"" / ""have_evident_"" to see it).
2. B states a fact.
3. Does B disprove A's claim? Same specific issue only, not just same topic.

Output pattern (always use this exact shape):
A: <phrase>
B: <phrase>
Answer: Yes/No

Examples:

A: no_evident_not_easy_check-in
B: customer_wait_10_minute_for_greet
Answer: Yes

A: no_evident_not_easy_check-in
B: no_one_give_key_on_late_check-in
Answer: No

A: no_evident_not_great_quality
B: shampoo_seem_cheap_considering_hotel_cost
Answer: Yes

A: no_evident_not_great_quality
B: expensive_hotel
Answer: No

Now answer for this pair. Output ONLY the final line ""Answer: Yes"" or ""Answer: No"" — no other text.

A: no_evident_not_staff_give_family_atmosphere
B: no_empathy_staff
Answer:
",no_evident_not_staff_give_family_atmosphere,no_empathy_staff,Yes
4003,"Task: decide if Proposition B contradicts Assumption A.

Steps:
1. A defends a claim (strip ""no_evident_not_"" / ""have_evident_"" to see it).
2. B states a fact.
3. Does B disprove A's claim? Same specific issue only, not just same topic.

Output pattern (always use this exact shape):
A: <phrase>
B: <phrase>
Answer: Yes/No

Examples:

A: no_evident_not_easy_check-in
B: customer_wait_10_minute_for_greet
Answer: Yes

A: no_evident_not_easy_check-in
B: no_one_give_key_on_late_check-in
Answer: No

A: no_evident_not_great_quality
B: shampoo_seem_cheap_considering_hotel_cost
Answer: Yes

A: no_evident_not_great_quality
B: expensive_hotel
Answer: No

Now answer for this pair. Output ONLY the final line ""Answer: Yes"" or ""Answer: No"" — no other text.

A: no_evident_not_staff_help_any_question
B: staff_not_speak_English_properly
Answer:
",no_evident_not_staff_help_any_question,staff_not_speak_English_properly,Yes
4043,"Task: decide if Proposition B contradicts Assumption A.

Steps:
1. A defends a claim (strip ""no_evident_not_"" / ""have_evident_"" to see it).
2. B states a fact.
3. Does B disprove A's claim? Same specific issue only, not just same topic.

Output pattern (always use this exact shape):
A: <phrase>
B: <phrase>
Answer: Yes/No

Examples:

A: no_evident_not_easy_check-in
B: customer_wait_10_minute_for_greet
Answer: Yes

A: no_evident_not_easy_check-in
B: no_one_give_key_on_late_check-in
Answer: No

A: no_evident_not_great_quality
B: shampoo_seem_cheap_considering_hotel_cost
Answer: Yes

A: no_evident_not_great_quality
B: expensive_hotel
Answer: No

Now answer for this pair. Output ONLY the final line ""Answer: Yes"" or ""Answer: No"" — no other text.

A: no_evident_not_staff_help_any_problem
B: staff_has_unaceptable_manner
Answer:
",no_evident_not_staff_help_any_problem,staff_has_unaceptable_manner,Yes
4090,"Task: decide if Proposition B contradicts Assumption A.

Steps:
1. A defends a claim (strip ""no_evident_not_"" / ""have_evident_"" to see it).
2. B states a fact.
3. Does B disprove A's claim? Same specific issue only, not just same topic.

Output pattern (always use this exact shape):
A: <phrase>
B: <phrase>
Answer: Yes/No

Examples:

A: no_evident_not_easy_check-in
B: customer_wait_10_minute_for_greet
Answer: Yes

A: no_evident_not_easy_check-in
B: no_one_give_key_on_late_check-in
Answer: No

A: no_evident_not_great_quality
B: shampoo_seem_cheap_considering_hotel_cost
Answer: Yes

A: no_evident_not_great_quality
B: expensive_hotel
Answer: No

Now answer for this pair. Output ONLY the final line ""Answer: Yes"" or ""Answer: No"" — no other text.

A: no_evident_not_staff_give_family_room_as_requested
B: staff_not_speak_Cypriot_language
Answer:
",no_evident_not_staff_give_family_room_as_requested,staff_not_speak_Cypriot_language,Yes
4101,"Task: decide if Proposition B contradicts Assumption A.

Steps:
1. A defends a claim (strip ""no_evident_not_"" / ""have_evident_"" to see it).
2. B states a fact.
3. Does B disprove A's claim? Same specific issue only, not just same topic.

Output pattern (always use this exact shape):
A: <phrase>
B: <phrase>
Answer: Yes/No

Examples:

A: no_evident_not_easy_check-in
B: customer_wait_10_minute_for_greet
Answer: Yes

A: no_evident_not_easy_check-in
B: no_one_give_key_on_late_check-in
Answer: No

A: no_evident_not_great_quality
B: shampoo_seem_cheap_considering_hotel_cost
Answer: Yes

A: no_evident_not_great_quality
B: expensive_hotel
Answer: No

Now answer for this pair. Output ONLY the final line ""Answer: Yes"" or ""Answer: No"" — no other text.

A: no_evident_not_staff_recommend_place_in_city
B: not_kind_staff
Answer:
",no_evident_not_staff_recommend_place_in_city,not_kind_staff,Yes
4120,"Task: decide if Proposition B contradicts Assumption A.

Steps:
1. A defends a claim (strip ""no_evident_not_"" / ""have_evident_"" to see it).
2. B states a fact.
3. Does B disprove A's claim? Same specific issue only, not just same topic.

Output pattern (always use this exact shape):
A: <phrase>
B: <phrase>
Answer: Yes/No

Examples:

A: no_evident_not_easy_check-in
B: customer_wait_10_minute_for_greet
Answer: Yes

A: no_evident_not_easy_check-in
B: no_one_give_key_on_late_check-in
Answer: No

A: no_evident_not_great_quality
B: shampoo_seem_cheap_considering_hotel_cost
Answer: Yes

A: no_evident_not_great_quality
B: expensive_hotel
Answer: No

Now answer for this pair. Output ONLY the final line ""Answer: Yes"" or ""Answer: No"" — no other text.

A: no_evident_not_staff_order_taxi
B: staff_should_learn_better_English
Answer:
",no_evident_not_staff_order_taxi,staff_should_learn_better_English,Yes
4140,"Task: decide if Proposition B contradicts Assumption A.

Steps:
1. A defends a claim (strip ""no_evident_not_"" / ""have_evident_"" to see it).
2. B states a fact.
3. Does B disprove A's claim? Same specific issue only, not just same topic.

Output pattern (always use this exact shape):
A: <phrase>
B: <phrase>
Answer: Yes/No

Examples:

A: no_evident_not_easy_check-in
B: customer_wait_10_minute_for_greet
Answer: Yes

A: no_evident_not_easy_check-in
B: no_one_give_key_on_late_check-in
Answer: No

A: no_evident_not_great_quality
B: shampoo_seem_cheap_considering_hotel_cost
Answer: Yes

A: no_evident_not_great_quality
B: expensive_hotel
Answer: No

Now answer for this pair. Output ONLY the final line ""Answer: Yes"" or ""Answer: No"" — no other text.

A: no_evident_not_staff_order_taxi
B: only_one_staff_wear_mask
Answer:
",no_evident_not_staff_order_taxi,only_one_staff_wear_mask,Yes
4141,"Task: decide if Proposition B contradicts Assumption A.

Steps:
1. A defends a claim (strip ""no_evident_not_"" / ""have_evident_"" to see it).
2. B states a fact.
3. Does B disprove A's claim? Same specific issue only, not just same topic.

Output pattern (always use this exact shape):
A: <phrase>
B: <phrase>
Answer: Yes/No

Examples:

A: no_evident_not_easy_check-in
B: customer_wait_10_minute_for_greet
Answer: Yes

A: no_evident_not_easy_check-in
B: no_one_give_key_on_late_check-in
Answer: No

A: no_evident_not_great_quality
B: shampoo_seem_cheap_considering_hotel_cost
Answer: Yes

A: no_evident_not_great_quality
B: expensive_hotel
Answer: No

Now answer for this pair. Output ONLY the final line ""Answer: Yes"" or ""Answer: No"" — no other text.

A: no_evident_not_staff_help_with_car_rental
B: staff_not_speak_English_properly
Answer:
",no_evident_not_staff_help_with_car_rental,staff_not_speak_English_properly,Yes
4145,"Task: decide if Proposition B contradicts Assumption A.

Steps:
1. A defends a claim (strip ""no_evident_not_"" / ""have_evident_"" to see it).
2. B states a fact.
3. Does B disprove A's claim? Same specific issue only, not just same topic.

Output pattern (always use this exact shape):
A: <phrase>
B: <phrase>
Answer: Yes/No

Examples:

A: no_evident_not_easy_check-in
B: customer_wait_10_minute_for_greet
Answer: Yes

A: no_evident_not_easy_check-in
B: no_one_give_key_on_late_check-in
Answer: No

A: no_evident_not_great_quality
B: shampoo_seem_cheap_considering_hotel_cost
Answer: Yes

A: no_evident_not_great_quality
B: expensive_hotel
Answer: No

Now answer for this pair. Output ONLY the final line ""Answer: Yes"" or ""Answer: No"" — no other text.

A: no_evident_not_staff_help_with_car_rental
B: staff_need_improve_collaboration
Answer:
",no_evident_not_staff_help_with_car_rental,staff_need_improve_collaboration,Yes
4159,"Task: decide if Proposition B contradicts Assumption A.

Steps:
1. A defends a claim (strip ""no_evident_not_"" / ""have_evident_"" to see it).
2. B states a fact.
3. Does B disprove A's claim? Same specific issue only, not just same topic.

Output pattern (always use this exact shape):
A: <phrase>
B: <phrase>
Answer: Yes/No

Examples:

A: no_evident_not_easy_check-in
B: customer_wait_10_minute_for_greet
Answer: Yes

A: no_evident_not_easy_check-in
B: no_one_give_key_on_late_check-in
Answer: No

A: no_evident_not_great_quality
B: shampoo_seem_cheap_considering_hotel_cost
Answer: Yes

A: no_evident_not_great_quality
B: expensive_hotel
Answer: No

Now answer for this pair. Output ONLY the final line ""Answer: Yes"" or ""Answer: No"" — no other text.

A: no_evident_not_staff_help_with_car_rental
B: staff_not_speak_Cypriot_language
Answer:
",no_evident_not_staff_help_with_car_rental,staff_not_speak_Cypriot_language,Yes
4161,"Task: decide if Proposition B contradicts Assumption A.

Steps:
1. A defends a claim (strip ""no_evident_not_"" / ""have_evident_"" to see it).
2. B states a fact.
3. Does B disprove A's claim? Same specific issue only, not just same topic.

Output pattern (always use this exact shape):
A: <phrase>
B: <phrase>
Answer: Yes/No

Examples:

A: no_evident_not_easy_check-in
B: customer_wait_10_minute_for_greet
Answer: Yes

A: no_evident_not_easy_check-in
B: no_one_give_key_on_late_check-in
Answer: No

A: no_evident_not_great_quality
B: shampoo_seem_cheap_considering_hotel_cost
Answer: Yes

A: no_evident_not_great_quality
B: expensive_hotel
Answer: No

Now answer for this pair. Output ONLY the final line ""Answer: Yes"" or ""Answer: No"" — no other text.

A: no_evident_not_staff_help_with_car_rental
B: staff_not_understand_English_well
Answer:
",no_evident_not_staff_help_with_car_rental,staff_not_understand_English_well,Yes
4175,"Task: decide if Proposition B contradicts Assumption A.

Steps:
1. A defends a claim (strip ""no_evident_not_"" / ""have_evident_"" to see it).
2. B states a fact.
3. Does B disprove A's claim? Same specific issue only, not just same topic.

Output pattern (always use this exact shape):
A: <phrase>
B: <phrase>
Answer: Yes/No

Examples:

A: no_evident_not_easy_check-in
B: customer_wait_10_minute_for_greet
Answer: Yes

A: no_evident_not_easy_check-in
B: no_one_give_key_on_late_check-in
Answer: No

A: no_evident_not_great_quality
B: shampoo_seem_cheap_considering_hotel_cost
Answer: Yes

A: no_evident_not_great_quality
B: expensive_hotel
Answer: No

Now answer for this pair. Output ONLY the final line ""Answer: Yes"" or ""Answer: No"" — no other text.

A: no_evident_not_staff_celebrate_our_daughter_birthday
B: offended_staff
Answer:
",no_evident_not_staff_celebrate_our_daughter_birthday,offended_staff,Yes
4212,"Task: decide if Proposition B contradicts Assumption A.

Steps:
1. A defends a claim (strip ""no_evident_not_"" / ""have_evident_"" to see it).
2. B states a fact.
3. Does B disprove A's claim? Same specific issue only, not just same topic.

Output pattern (always use this exact shape):
A: <phrase>
B: <phrase>
Answer: Yes/No

Examples:

A: no_evident_not_easy_check-in
B: customer_wait_10_minute_for_greet
Answer: Yes

A: no_evident_not_easy_check-in
B: no_one_give_key_on_late_check-in
Answer: No

A: no_evident_not_great_quality
B: shampoo_seem_cheap_considering_hotel_cost
Answer: Yes

A: no_evident_not_great_quality
B: expensive_hotel
Answer: No

Now answer for this pair. Output ONLY the final line ""Answer: Yes"" or ""Answer: No"" — no other text.

A: no_evident_not_courteous_staff
B: staff_should_learn_better_English
Answer:
",no_evident_not_courteous_staff,staff_should_learn_better_English,Yes
4240,"Task: decide if Proposition B contradicts Assumption A.

Steps:
1. A defends a claim (strip ""no_evident_not_"" / ""have_evident_"" to see it).
2. B states a fact.
3. Does B disprove A's claim? Same specific issue only, not just same topic.

Output pattern (always use this exact shape):
A: <phrase>
B: <phrase>
Answer: Yes/No

Examples:

A: no_evident_not_easy_check-in
B: customer_wait_10_minute_for_greet
Answer: Yes

A: no_evident_not_easy_check-in
B: no_one_give_key_on_late_check-in
Answer: No

A: no_evident_not_great_quality
B: shampoo_seem_cheap_considering_hotel_cost
Answer: Yes

A: no_evident_not_great_quality
B: expensive_hotel
Answer: No

Now answer for this pair. Output ONLY the final line ""Answer: Yes"" or ""Answer: No"" — no other text.

A: no_evident_not_welcoming_service_staff
B: no_empathy_staff
Answer:
",no_evident_not_welcoming_service_staff,no_empathy_staff,Yes
4283,"Task: decide if Proposition B contradicts Assumption A.

Steps:
1. A defends a claim (strip ""no_evident_not_"" / ""have_evident_"" to see it).
2. B states a fact.
3. Does B disprove A's claim? Same specific issue only, not just same topic.

Output pattern (always use this exact shape):
A: <phrase>
B: <phrase>
Answer: Yes/No

Examples:

A: no_evident_not_easy_check-in
B: customer_wait_10_minute_for_greet
Answer: Yes

A: no_evident_not_easy_check-in
B: no_one_give_key_on_late_check-in
Answer: No

A: no_evident_not_great_quality
B: shampoo_seem_cheap_considering_hotel_cost
Answer: Yes

A: no_evident_not_great_quality
B: expensive_hotel
Answer: No

Now answer for this pair. Output ONLY the final line ""Answer: Yes"" or ""Answer: No"" — no other text.

A: no_evident_not_staff_ready_to_help
B: staff_need_improve_collaboration
Answer:
",no_evident_not_staff_ready_to_help,staff_need_improve_collaboration,Yes
4323,"Task: decide if Proposition B contradicts Assumption A.

Steps:
1. A defends a claim (strip ""no_evident_not_"" / ""have_evident_"" to see it).
2. B states a fact.
3. Does B disprove A's claim? Same specific issue only, not just same topic.

Output pattern (always use this exact shape):
A: <phrase>
B: <phrase>
Answer: Yes/No

Examples:

A: no_evident_not_easy_check-in
B: customer_wait_10_minute_for_greet
Answer: Yes

A: no_evident_not_easy_check-in
B: no_one_give_key_on_late_check-in
Answer: No

A: no_evident_not_great_quality
B: shampoo_seem_cheap_considering_hotel_cost
Answer: Yes

A: no_evident_not_great_quality
B: expensive_hotel
Answer: No

Now answer for this pair. Output ONLY the final line ""Answer: Yes"" or ""Answer: No"" — no other text.

A: no_evident_not_staff_kept_suitcase_whole_day
B: staff_cannot_give_bus_to_airport_information
Answer:
",no_evident_not_staff_kept_suitcase_whole_day,staff_cannot_give_bus_to_airport_information,Yes
4334,"Task: decide if Proposition B contradicts Assumption A.

Steps:
1. A defends a claim (strip ""no_evident_not_"" / ""have_evident_"" to see it).
2. B states a fact.
3. Does B disprove A's claim? Same specific issue only, not just same topic.

Output pattern (always use this exact shape):
A: <phrase>
B: <phrase>
Answer: Yes/No

Examples:

A: no_evident_not_easy_check-in
B: customer_wait_10_minute_for_greet
Answer: Yes

A: no_evident_not_easy_check-in
B: no_one_give_key_on_late_check-in
Answer: No

A: no_evident_not_great_quality
B: shampoo_seem_cheap_considering_hotel_cost
Answer: Yes

A: no_evident_not_great_quality
B: expensive_hotel
Answer: No

Now answer for this pair. Output ONLY the final line ""Answer: Yes"" or ""Answer: No"" — no other text.

A: no_evident_not_staff_give_free_room_upgrade_to_superior_room
B: staff_fail_to_guest_request
Answer:
",no_evident_not_staff_give_free_room_upgrade_to_superior_room,staff_fail_to_guest_request,Yes
4335,"Task: decide if Proposition B contradicts Assumption A.

Steps:
1. A defends a claim (strip ""no_evident_not_"" / ""have_evident_"" to see it).
2. B states a fact.
3. Does B disprove A's claim? Same specific issue only, not just same topic.

Output pattern (always use this exact shape):
A: <phrase>
B: <phrase>
Answer: Yes/No

Examples:

A: no_evident_not_easy_check-in
B: customer_wait_10_minute_for_greet
Answer: Yes

A: no_evident_not_easy_check-in
B: no_one_give_key_on_late_check-in
Answer: No

A: no_evident_not_great_quality
B: shampoo_seem_cheap_considering_hotel_cost
Answer: Yes

A: no_evident_not_great_quality
B: expensive_hotel
Answer: No

Now answer for this pair. Output ONLY the final line ""Answer: Yes"" or ""Answer: No"" — no other text.

A: no_evident_not_staff_give_free_room_upgrade_to_superior_room
B: staff_cannot_provide_double_bed
Answer:
",no_evident_not_staff_give_free_room_upgrade_to_superior_room,staff_cannot_provide_double_bed,Yes
4345,"Task: decide if Proposition B contradicts Assumption A.

Steps:
1. A defends a claim (strip ""no_evident_not_"" / ""have_evident_"" to see it).
2. B states a fact.
3. Does B disprove A's claim? Same specific issue only, not just same topic.

Output pattern (always use this exact shape):
A: <phrase>
B: <phrase>
Answer: Yes/No

Examples:

A: no_evident_not_easy_check-in
B: customer_wait_10_minute_for_greet
Answer: Yes

A: no_evident_not_easy_check-in
B: no_one_give_key_on_late_check-in
Answer: No

A: no_evident_not_great_quality
B: shampoo_seem_cheap_considering_hotel_cost
Answer: Yes

A: no_evident_not_great_quality
B: expensive_hotel
Answer: No

Now answer for this pair. Output ONLY the final line ""Answer: Yes"" or ""Answer: No"" — no other text.

A: no_evident_not_staff_give_free_room_upgrade_to_superior_room
B: staff_not_understand_English_well
Answer:
",no_evident_not_staff_give_free_room_upgrade_to_superior_room,staff_not_understand_English_well,Yes
4351,"Task: decide if Proposition B contradicts Assumption A.

Steps:
1. A defends a claim (strip ""no_evident_not_"" / ""have_evident_"" to see it).
2. B states a fact.
3. Does B disprove A's claim? Same specific issue only, not just same topic.

Output pattern (always use this exact shape):
A: <phrase>
B: <phrase>
Answer: Yes/No

Examples:

A: no_evident_not_easy_check-in
B: customer_wait_10_minute_for_greet
Answer: Yes

A: no_evident_not_easy_check-in
B: no_one_give_key_on_late_check-in
Answer: No

A: no_evident_not_great_quality
B: shampoo_seem_cheap_considering_hotel_cost
Answer: Yes

A: no_evident_not_great_quality
B: expensive_hotel
Answer: No

Now answer for this pair. Output ONLY the final line ""Answer: Yes"" or ""Answer: No"" — no other text.

A: no_evident_not_staff_help_with_everything
B: staff_need_improve_organization
Answer:
",no_evident_not_staff_help_with_everything,staff_need_improve_organization,Yes
4364,"Task: decide if Proposition B contradicts Assumption A.

Steps:
1. A defends a claim (strip ""no_evident_not_"" / ""have_evident_"" to see it).
2. B states a fact.
3. Does B disprove A's claim? Same specific issue only, not just same topic.

Output pattern (always use this exact shape):
A: <phrase>
B: <phrase>
Answer: Yes/No

Examples:

A: no_evident_not_easy_check-in
B: customer_wait_10_minute_for_greet
Answer: Yes

A: no_evident_not_easy_check-in
B: no_one_give_key_on_late_check-in
Answer: No

A: no_evident_not_great_quality
B: shampoo_seem_cheap_considering_hotel_cost
Answer: Yes

A: no_evident_not_great_quality
B: expensive_hotel
Answer: No

Now answer for this pair. Output ONLY the final line ""Answer: Yes"" or ""Answer: No"" — no other text.

A: no_evident_not_staff_help_with_everything
B: staff_not_provide_good_solution
Answer:
",no_evident_not_staff_help_with_everything,staff_not_provide_good_solution,Yes
4376,"Task: decide if Proposition B contradicts Assumption A.

Steps:
1. A defends a claim (strip ""no_evident_not_"" / ""have_evident_"" to see it).
2. B states a fact.
3. Does B disprove A's claim? Same specific issue only, not just same topic.

Output pattern (always use this exact shape):
A: <phrase>
B: <phrase>
Answer: Yes/No

Examples:

A: no_evident_not_easy_check-in
B: customer_wait_10_minute_for_greet
Answer: Yes

A: no_evident_not_easy_check-in
B: no_one_give_key_on_late_check-in
Answer: No

A: no_evident_not_great_quality
B: shampoo_seem_cheap_considering_hotel_cost
Answer: Yes

A: no_evident_not_great_quality
B: expensive_hotel
Answer: No

Now answer for this pair. Output ONLY the final line ""Answer: Yes"" or ""Answer: No"" — no other text.

A: no_evident_not_staff_alway_available_to_satisfy_you
B: staff_need_keep_update
Answer:
",no_evident_not_staff_alway_available_to_satisfy_you,staff_need_keep_update,Yes
4393,"Task: decide if Proposition B contradicts Assumption A.

Steps:
1. A defends a claim (strip ""no_evident_not_"" / ""have_evident_"" to see it).
2. B states a fact.
3. Does B disprove A's claim? Same specific issue only, not just same topic.

Output pattern (always use this exact shape):
A: <phrase>
B: <phrase>
Answer: Yes/No

Examples:

A: no_evident_not_easy_check-in
B: customer_wait_10_minute_for_greet
Answer: Yes

A: no_evident_not_easy_check-in
B: no_one_give_key_on_late_check-in
Answer: No

A: no_evident_not_great_quality
B: shampoo_seem_cheap_considering_hotel_cost
Answer: Yes

A: no_evident_not_great_quality
B: expensive_hotel
Answer: No

Now answer for this pair. Output ONLY the final line ""Answer: Yes"" or ""Answer: No"" — no other text.

A: no_evident_not_staff_alway_available_to_satisfy_you
B: only_one_staff_wear_mask
Answer:
",no_evident_not_staff_alway_available_to_satisfy_you,only_one_staff_wear_mask,Yes
4394,"Task: decide if Proposition B contradicts Assumption A.

Steps:
1. A defends a claim (strip ""no_evident_not_"" / ""have_evident_"" to see it).
2. B states a fact.
3. Does B disprove A's claim? Same specific issue only, not just same topic.

Output pattern (always use this exact shape):
A: <phrase>
B: <phrase>
Answer: Yes/No

Examples:

A: no_evident_not_easy_check-in
B: customer_wait_10_minute_for_greet
Answer: Yes

A: no_evident_not_easy_check-in
B: no_one_give_key_on_late_check-in
Answer: No

A: no_evident_not_great_quality
B: shampoo_seem_cheap_considering_hotel_cost
Answer: Yes

A: no_evident_not_great_quality
B: expensive_hotel
Answer: No

Now answer for this pair. Output ONLY the final line ""Answer: Yes"" or ""Answer: No"" — no other text.

A: no_evident_not_can_speak_4_language
B: staff_not_speak_English_properly
Answer:
",no_evident_not_can_speak_4_language,staff_not_speak_English_properly,Yes
4399,"Task: decide if Proposition B contradicts Assumption A.

Steps:
1. A defends a claim (strip ""no_evident_not_"" / ""have_evident_"" to see it).
2. B states a fact.
3. Does B disprove A's claim? Same specific issue only, not just same topic.

Output pattern (always use this exact shape):
A: <phrase>
B: <phrase>
Answer: Yes/No

Examples:

A: no_evident_not_easy_check-in
B: customer_wait_10_minute_for_greet
Answer: Yes

A: no_evident_not_easy_check-in
B: no_one_give_key_on_late_check-in
Answer: No

A: no_evident_not_great_quality
B: shampoo_seem_cheap_considering_hotel_cost
Answer: Yes

A: no_evident_not_great_quality
B: expensive_hotel
Answer: No

Now answer for this pair. Output ONLY the final line ""Answer: Yes"" or ""Answer: No"" — no other text.

A: no_evident_not_can_speak_4_language
B: staff_need_keep_update
Answer:
",no_evident_not_can_speak_4_language,staff_need_keep_update,No
4405,"Task: decide if Proposition B contradicts Assumption A.

Steps:
1. A defends a claim (strip ""no_evident_not_"" / ""have_evident_"" to see it).
2. B states a fact.
3. Does B disprove A's claim? Same specific issue only, not just same topic.

Output pattern (always use this exact shape):
A: <phrase>
B: <phrase>
Answer: Yes/No

Examples:

A: no_evident_not_easy_check-in
B: customer_wait_10_minute_for_greet
Answer: Yes

A: no_evident_not_easy_check-in
B: no_one_give_key_on_late_check-in
Answer: No

A: no_evident_not_great_quality
B: shampoo_seem_cheap_considering_hotel_cost
Answer: Yes

A: no_evident_not_great_quality
B: expensive_hotel
Answer: No

Now answer for this pair. Output ONLY the final line ""Answer: Yes"" or ""Answer: No"" — no other text.

A: no_evident_not_can_speak_4_language
B: offended_staff
Answer:
",no_evident_not_can_speak_4_language,offended_staff,Yes
4416,"Task: decide if Proposition B contradicts Assumption A.

Steps:
1. A defends a claim (strip ""no_evident_not_"" / ""have_evident_"" to see it).
2. B states a fact.
3. Does B disprove A's claim? Same specific issue only, not just same topic.

Output pattern (always use this exact shape):
A: <phrase>
B: <phrase>
Answer: Yes/No

Examples:

A: no_evident_not_easy_check-in
B: customer_wait_10_minute_for_greet
Answer: Yes

A: no_evident_not_easy_check-in
B: no_one_give_key_on_late_check-in
Answer: No

A: no_evident_not_great_quality
B: shampoo_seem_cheap_considering_hotel_cost
Answer: Yes

A: no_evident_not_great_quality
B: expensive_hotel
Answer: No

Now answer for this pair. Output ONLY the final line ""Answer: Yes"" or ""Answer: No"" — no other text.

A: no_evident_not_can_speak_4_language
B: only_one_staff_wear_mask
Answer:
",no_evident_not_can_speak_4_language,only_one_staff_wear_mask,Yes
4418,"Task: decide if Proposition B contradicts Assumption A.

Steps:
1. A defends a claim (strip ""no_evident_not_"" / ""have_evident_"" to see it).
2. B states a fact.
3. Does B disprove A's claim? Same specific issue only, not just same topic.

Output pattern (always use this exact shape):
A: <phrase>
B: <phrase>
Answer: Yes/No

Examples:

A: no_evident_not_easy_check-in
B: customer_wait_10_minute_for_greet
Answer: Yes

A: no_evident_not_easy_check-in
B: no_one_give_key_on_late_check-in
Answer: No

A: no_evident_not_great_quality
B: shampoo_seem_cheap_considering_hotel_cost
Answer: Yes

A: no_evident_not_great_quality
B: expensive_hotel
Answer: No

Now answer for this pair. Output ONLY the final line ""Answer: Yes"" or ""Answer: No"" — no other text.

A: no_evident_not_can_speak_Greek
B: staff_clean_after_complaint
Answer:
",no_evident_not_can_speak_Greek,staff_clean_after_complaint,No
4419,"Task: decide if Proposition B contradicts Assumption A.

Steps:
1. A defends a claim (strip ""no_evident_not_"" / ""have_evident_"" to see it).
2. B states a fact.
3. Does B disprove A's claim? Same specific issue only, not just same topic.

Output pattern (always use this exact shape):
A: <phrase>
B: <phrase>
Answer: Yes/No

Examples:

A: no_evident_not_easy_check-in
B: customer_wait_10_minute_for_greet
Answer: Yes

A: no_evident_not_easy_check-in
B: no_one_give_key_on_late_check-in
Answer: No

A: no_evident_not_great_quality
B: shampoo_seem_cheap_considering_hotel_cost
Answer: Yes

A: no_evident_not_great_quality
B: expensive_hotel
Answer: No

Now answer for this pair. Output ONLY the final line ""Answer: Yes"" or ""Answer: No"" — no other text.

A: no_evident_not_can_speak_Greek
B: staff_should_learn_better_English
Answer:
",no_evident_not_can_speak_Greek,staff_should_learn_better_English,Yes
4429,"Task: decide if Proposition B contradicts Assumption A.

Steps:
1. A defends a claim (strip ""no_evident_not_"" / ""have_evident_"" to see it).
2. B states a fact.
3. Does B disprove A's claim? Same specific issue only, not just same topic.

Output pattern (always use this exact shape):
A: <phrase>
B: <phrase>
Answer: Yes/No

Examples:

A: no_evident_not_easy_check-in
B: customer_wait_10_minute_for_greet
Answer: Yes

A: no_evident_not_easy_check-in
B: no_one_give_key_on_late_check-in
Answer: No

A: no_evident_not_great_quality
B: shampoo_seem_cheap_considering_hotel_cost
Answer: Yes

A: no_evident_not_great_quality
B: expensive_hotel
Answer: No

Now answer for this pair. Output ONLY the final line ""Answer: Yes"" or ""Answer: No"" — no other text.

A: no_evident_not_can_speak_Greek
B: staff_not_justify_booking_issue
Answer:
",no_evident_not_can_speak_Greek,staff_not_justify_booking_issue,Yes
4442,"Task: decide if Proposition B contradicts Assumption A.

Steps:
1. A defends a claim (strip ""no_evident_not_"" / ""have_evident_"" to see it).
2. B states a fact.
3. Does B disprove A's claim? Same specific issue only, not just same topic.

Output pattern (always use this exact shape):
A: <phrase>
B: <phrase>
Answer: Yes/No

Examples:

A: no_evident_not_easy_check-in
B: customer_wait_10_minute_for_greet
Answer: Yes

A: no_evident_not_easy_check-in
B: no_one_give_key_on_late_check-in
Answer: No

A: no_evident_not_great_quality
B: shampoo_seem_cheap_considering_hotel_cost
Answer: Yes

A: no_evident_not_great_quality
B: expensive_hotel
Answer: No

Now answer for this pair. Output ONLY the final line ""Answer: Yes"" or ""Answer: No"" — no other text.

A: no_evident_not_can_speak_English
B: staff_should_learn_better_English
Answer:
",no_evident_not_can_speak_English,staff_should_learn_better_English,Yes
4451,"Task: decide if Proposition B contradicts Assumption A.

Steps:
1. A defends a claim (strip ""no_evident_not_"" / ""have_evident_"" to see it).
2. B states a fact.
3. Does B disprove A's claim? Same specific issue only, not just same topic.

Output pattern (always use this exact shape):
A: <phrase>
B: <phrase>
Answer: Yes/No

Examples:

A: no_evident_not_easy_check-in
B: customer_wait_10_minute_for_greet
Answer: Yes

A: no_evident_not_easy_check-in
B: no_one_give_key_on_late_check-in
Answer: No

A: no_evident_not_great_quality
B: shampoo_seem_cheap_considering_hotel_cost
Answer: Yes

A: no_evident_not_great_quality
B: expensive_hotel
Answer: No

Now answer for this pair. Output ONLY the final line ""Answer: Yes"" or ""Answer: No"" — no other text.

A: no_evident_not_can_speak_English
B: offended_staff
Answer:
",no_evident_not_can_speak_English,offended_staff,Yes
4465,"Task: decide if Proposition B contradicts Assumption A.

Steps:
1. A defends a claim (strip ""no_evident_not_"" / ""have_evident_"" to see it).
2. B states a fact.
3. Does B disprove A's claim? Same specific issue only, not just same topic.

Output pattern (always use this exact shape):
A: <phrase>
B: <phrase>
Answer: Yes/No

Examples:

A: no_evident_not_easy_check-in
B: customer_wait_10_minute_for_greet
Answer: Yes

A: no_evident_not_easy_check-in
B: no_one_give_key_on_late_check-in
Answer: No

A: no_evident_not_great_quality
B: shampoo_seem_cheap_considering_hotel_cost
Answer: Yes

A: no_evident_not_great_quality
B: expensive_hotel
Answer: No

Now answer for this pair. Output ONLY the final line ""Answer: Yes"" or ""Answer: No"" — no other text.

A: no_evident_not_can_speak_Arabic
B: staff_should_learn_better_English
Answer:
",no_evident_not_can_speak_Arabic,staff_should_learn_better_English,Yes
4468,"Task: decide if Proposition B contradicts Assumption A.

Steps:
1. A defends a claim (strip ""no_evident_not_"" / ""have_evident_"" to see it).
2. B states a fact.
3. Does B disprove A's claim? Same specific issue only, not just same topic.

Output pattern (always use this exact shape):
A: <phrase>
B: <phrase>
Answer: Yes/No

Examples:

A: no_evident_not_easy_check-in
B: customer_wait_10_minute_for_greet
Answer: Yes

A: no_evident_not_easy_check-in
B: no_one_give_key_on_late_check-in
Answer: No

A: no_evident_not_great_quality
B: shampoo_seem_cheap_considering_hotel_cost
Answer: Yes

A: no_evident_not_great_quality
B: expensive_hotel
Answer: No

Now answer for this pair. Output ONLY the final line ""Answer: Yes"" or ""Answer: No"" — no other text.

A: no_evident_not_can_speak_Arabic
B: staff_need_keep_update
Answer:
",no_evident_not_can_speak_Arabic,staff_need_keep_update,No
4470,"Task: decide if Proposition B contradicts Assumption A.

Steps:
1. A defends a claim (strip ""no_evident_not_"" / ""have_evident_"" to see it).
2. B states a fact.
3. Does B disprove A's claim? Same specific issue only, not just same topic.

Output pattern (always use this exact shape):
A: <phrase>
B: <phrase>
Answer: Yes/No

Examples:

A: no_evident_not_easy_check-in
B: customer_wait_10_minute_for_greet
Answer: Yes

A: no_evident_not_easy_check-in
B: no_one_give_key_on_late_check-in
Answer: No

A: no_evident_not_great_quality
B: shampoo_seem_cheap_considering_hotel_cost
Answer: Yes

A: no_evident_not_great_quality
B: expensive_hotel
Answer: No

Now answer for this pair. Output ONLY the final line ""Answer: Yes"" or ""Answer: No"" — no other text.

A: no_evident_not_can_speak_Arabic
B: no_empathy_staff
Answer:
",no_evident_not_can_speak_Arabic,no_empathy_staff,Yes
4504,"Task: decide if Proposition B contradicts Assumption A.

Steps:
1. A defends a claim (strip ""no_evident_not_"" / ""have_evident_"" to see it).
2. B states a fact.
3. Does B disprove A's claim? Same specific issue only, not just same topic.

Output pattern (always use this exact shape):
A: <phrase>
B: <phrase>
Answer: Yes/No

Examples:

A: no_evident_not_easy_check-in
B: customer_wait_10_minute_for_greet
Answer: Yes

A: no_evident_not_easy_check-in
B: no_one_give_key_on_late_check-in
Answer: No

A: no_evident_not_great_quality
B: shampoo_seem_cheap_considering_hotel_cost
Answer: Yes

A: no_evident_not_great_quality
B: expensive_hotel
Answer: No

Now answer for this pair. Output ONLY the final line ""Answer: Yes"" or ""Answer: No"" — no other text.

A: no_evident_not_staff_give_beautiful_hospitality
B: staff_not_speak_Cypriot_language
Answer:
",no_evident_not_staff_give_beautiful_hospitality,staff_not_speak_Cypriot_language,Yes
4509,"Task: decide if Proposition B contradicts Assumption A.

Steps:
1. A defends a claim (strip ""no_evident_not_"" / ""have_evident_"" to see it).
2. B states a fact.
3. Does B disprove A's claim? Same specific issue only, not just same topic.

Output pattern (always use this exact shape):
A: <phrase>
B: <phrase>
Answer: Yes/No

Examples:

A: no_evident_not_easy_check-in
B: customer_wait_10_minute_for_greet
Answer: Yes

A: no_evident_not_easy_check-in
B: no_one_give_key_on_late_check-in
Answer: No

A: no_evident_not_great_quality
B: shampoo_seem_cheap_considering_hotel_cost
Answer: Yes

A: no_evident_not_great_quality
B: expensive_hotel
Answer: No

Now answer for this pair. Output ONLY the final line ""Answer: Yes"" or ""Answer: No"" — no other text.

A: no_evident_not_kind_hospitality_staff
B: staff_not_speak_English_properly
Answer:
",no_evident_not_kind_hospitality_staff,staff_not_speak_English_properly,Yes
4520,"Task: decide if Proposition B contradicts Assumption A.

Steps:
1. A defends a claim (strip ""no_evident_not_"" / ""have_evident_"" to see it).
2. B states a fact.
3. Does B disprove A's claim? Same specific issue only, not just same topic.

Output pattern (always use this exact shape):
A: <phrase>
B: <phrase>
Answer: Yes/No

Examples:

A: no_evident_not_easy_check-in
B: customer_wait_10_minute_for_greet
Answer: Yes

A: no_evident_not_easy_check-in
B: no_one_give_key_on_late_check-in
Answer: No

A: no_evident_not_great_quality
B: shampoo_seem_cheap_considering_hotel_cost
Answer: Yes

A: no_evident_not_great_quality
B: expensive_hotel
Answer: No

Now answer for this pair. Output ONLY the final line ""Answer: Yes"" or ""Answer: No"" — no other text.

A: no_evident_not_kind_hospitality_staff
B: offended_staff
Answer:
",no_evident_not_kind_hospitality_staff,offended_staff,Yes
4523,"Task: decide if Proposition B contradicts Assumption A.

Steps:
1. A defends a claim (strip ""no_evident_not_"" / ""have_evident_"" to see it).
2. B states a fact.
3. Does B disprove A's claim? Same specific issue only, not just same topic.

Output pattern (always use this exact shape):
A: <phrase>
B: <phrase>
Answer: Yes/No

Examples:

A: no_evident_not_easy_check-in
B: customer_wait_10_minute_for_greet
Answer: Yes

A: no_evident_not_easy_check-in
B: no_one_give_key_on_late_check-in
Answer: No

A: no_evident_not_great_quality
B: shampoo_seem_cheap_considering_hotel_cost
Answer: Yes

A: no_evident_not_great_quality
B: expensive_hotel
Answer: No

Now answer for this pair. Output ONLY the final line ""Answer: Yes"" or ""Answer: No"" — no other text.

A: no_evident_not_kind_hospitality_staff
B: staff_enforce_cancellation_charge
Answer:
",no_evident_not_kind_hospitality_staff,staff_enforce_cancellation_charge,Yes
4527,"Task: decide if Proposition B contradicts Assumption A.

Steps:
1. A defends a claim (strip ""no_evident_not_"" / ""have_evident_"" to see it).
2. B states a fact.
3. Does B disprove A's claim? Same specific issue only, not just same topic.

Output pattern (always use this exact shape):
A: <phrase>
B: <phrase>
Answer: Yes/No

Examples:

A: no_evident_not_easy_check-in
B: customer_wait_10_minute_for_greet
Answer: Yes

A: no_evident_not_easy_check-in
B: no_one_give_key_on_late_check-in
Answer: No

A: no_evident_not_great_quality
B: shampoo_seem_cheap_considering_hotel_cost
Answer: Yes

A: no_evident_not_great_quality
B: expensive_hotel
Answer: No

Now answer for this pair. Output ONLY the final line ""Answer: Yes"" or ""Answer: No"" — no other text.

A: no_evident_not_kind_hospitality_staff
B: staff_not_speak_Cypriot_language
Answer:
",no_evident_not_kind_hospitality_staff,staff_not_speak_Cypriot_language,Yes
4533,"Task: decide if Proposition B contradicts Assumption A.

Steps:
1. A defends a claim (strip ""no_evident_not_"" / ""have_evident_"" to see it).
2. B states a fact.
3. Does B disprove A's claim? Same specific issue only, not just same topic.

Output pattern (always use this exact shape):
A: <phrase>
B: <phrase>
Answer: Yes/No

Examples:

A: no_evident_not_easy_check-in
B: customer_wait_10_minute_for_greet
Answer: Yes

A: no_evident_not_easy_check-in
B: no_one_give_key_on_late_check-in
Answer: No

A: no_evident_not_great_quality
B: shampoo_seem_cheap_considering_hotel_cost
Answer: Yes

A: no_evident_not_great_quality
B: expensive_hotel
Answer: No

Now answer for this pair. Output ONLY the final line ""Answer: Yes"" or ""Answer: No"" — no other text.

A: no_evident_not_charming_staff
B: staff_clean_after_complaint
Answer:
",no_evident_not_charming_staff,staff_clean_after_complaint,No
4538,"Task: decide if Proposition B contradicts Assumption A.

Steps:
1. A defends a claim (strip ""no_evident_not_"" / ""have_evident_"" to see it).
2. B states a fact.
3. Does B disprove A's claim? Same specific issue only, not just same topic.

Output pattern (always use this exact shape):
A: <phrase>
B: <phrase>
Answer: Yes/No

Examples:

A: no_evident_not_easy_check-in
B: customer_wait_10_minute_for_greet
Answer: Yes

A: no_evident_not_easy_check-in
B: no_one_give_key_on_late_check-in
Answer: No

A: no_evident_not_great_quality
B: shampoo_seem_cheap_considering_hotel_cost
Answer: Yes

A: no_evident_not_great_quality
B: expensive_hotel
Answer: No

Now answer for this pair. Output ONLY the final line ""Answer: Yes"" or ""Answer: No"" — no other text.

A: no_evident_not_charming_staff
B: not_kind_staff
Answer:
",no_evident_not_charming_staff,not_kind_staff,Yes
4544,"Task: decide if Proposition B contradicts Assumption A.

Steps:
1. A defends a claim (strip ""no_evident_not_"" / ""have_evident_"" to see it).
2. B states a fact.
3. Does B disprove A's claim? Same specific issue only, not just same topic.

Output pattern (always use this exact shape):
A: <phrase>
B: <phrase>
Answer: Yes/No

Examples:

A: no_evident_not_easy_check-in
B: customer_wait_10_minute_for_greet
Answer: Yes

A: no_evident_not_easy_check-in
B: no_one_give_key_on_late_check-in
Answer: No

A: no_evident_not_great_quality
B: shampoo_seem_cheap_considering_hotel_cost
Answer: Yes

A: no_evident_not_great_quality
B: expensive_hotel
Answer: No

Now answer for this pair. Output ONLY the final line ""Answer: Yes"" or ""Answer: No"" — no other text.

A: no_evident_not_charming_staff
B: staff_not_justify_booking_issue
Answer:
",no_evident_not_charming_staff,staff_not_justify_booking_issue,Yes
4553,"Task: decide if Proposition B contradicts Assumption A.

Steps:
1. A defends a claim (strip ""no_evident_not_"" / ""have_evident_"" to see it).
2. B states a fact.
3. Does B disprove A's claim? Same specific issue only, not just same topic.

Output pattern (always use this exact shape):
A: <phrase>
B: <phrase>
Answer: Yes/No

Examples:

A: no_evident_not_easy_check-in
B: customer_wait_10_minute_for_greet
Answer: Yes

A: no_evident_not_easy_check-in
B: no_one_give_key_on_late_check-in
Answer: No

A: no_evident_not_great_quality
B: shampoo_seem_cheap_considering_hotel_cost
Answer: Yes

A: no_evident_not_great_quality
B: expensive_hotel
Answer: No

Now answer for this pair. Output ONLY the final line ""Answer: Yes"" or ""Answer: No"" — no other text.

A: no_evident_not_charming_staff
B: staff_cannot_give_bus_to_airport_information
Answer:
",no_evident_not_charming_staff,staff_cannot_give_bus_to_airport_information,Yes
4563,"Task: decide if Proposition B contradicts Assumption A.

Steps:
1. A defends a claim (strip ""no_evident_not_"" / ""have_evident_"" to see it).
2. B states a fact.
3. Does B disprove A's claim? Same specific issue only, not just same topic.

Output pattern (always use this exact shape):
A: <phrase>
B: <phrase>
Answer: Yes/No

Examples:

A: no_evident_not_easy_check-in
B: customer_wait_10_minute_for_greet
Answer: Yes

A: no_evident_not_easy_check-in
B: no_one_give_key_on_late_check-in
Answer: No

A: no_evident_not_great_quality
B: shampoo_seem_cheap_considering_hotel_cost
Answer: Yes

A: no_evident_not_great_quality
B: expensive_hotel
Answer: No

Now answer for this pair. Output ONLY the final line ""Answer: Yes"" or ""Answer: No"" — no other text.

A: no_evident_not_staff_answer_with_smile
B: staff_fail_to_communicate_with_taxi
Answer:
",no_evident_not_staff_answer_with_smile,staff_fail_to_communicate_with_taxi,Yes
4587,"Task: decide if Proposition B contradicts Assumption A.

Steps:
1. A defends a claim (strip ""no_evident_not_"" / ""have_evident_"" to see it).
2. B states a fact.
3. Does B disprove A's claim? Same specific issue only, not just same topic.

Output pattern (always use this exact shape):
A: <phrase>
B: <phrase>
Answer: Yes/No

Examples:

A: no_evident_not_easy_check-in
B: customer_wait_10_minute_for_greet
Answer: Yes

A: no_evident_not_easy_check-in
B: no_one_give_key_on_late_check-in
Answer: No

A: no_evident_not_great_quality
B: shampoo_seem_cheap_considering_hotel_cost
Answer: Yes

A: no_evident_not_great_quality
B: expensive_hotel
Answer: No

Now answer for this pair. Output ONLY the final line ""Answer: Yes"" or ""Answer: No"" — no other text.

A: no_evident_not_staff_agree_to_every_request
B: staff_fail_to_guest_request
Answer:
",no_evident_not_staff_agree_to_every_request,staff_fail_to_guest_request,Yes
4595,"Task: decide if Proposition B contradicts Assumption A.

Steps:
1. A defends a claim (strip ""no_evident_not_"" / ""have_evident_"" to see it).
2. B states a fact.
3. Does B disprove A's claim? Same specific issue only, not just same topic.

Output pattern (always use this exact shape):
A: <phrase>
B: <phrase>
Answer: Yes/No

Examples:

A: no_evident_not_easy_check-in
B: customer_wait_10_minute_for_greet
Answer: Yes

A: no_evident_not_easy_check-in
B: no_one_give_key_on_late_check-in
Answer: No

A: no_evident_not_great_quality
B: shampoo_seem_cheap_considering_hotel_cost
Answer: Yes

A: no_evident_not_great_quality
B: expensive_hotel
Answer: No

Now answer for this pair. Output ONLY the final line ""Answer: Yes"" or ""Answer: No"" — no other text.

A: no_evident_not_staff_agree_to_every_request
B: staff_has_unaceptable_manner
Answer:
",no_evident_not_staff_agree_to_every_request,staff_has_unaceptable_manner,Yes
4598,"Task: decide if Proposition B contradicts Assumption A.

Steps:
1. A defends a claim (strip ""no_evident_not_"" / ""have_evident_"" to see it).
2. B states a fact.
3. Does B disprove A's claim? Same specific issue only, not just same topic.

Output pattern (always use this exact shape):
A: <phrase>
B: <phrase>
Answer: Yes/No

Examples:

A: no_evident_not_easy_check-in
B: customer_wait_10_minute_for_greet
Answer: Yes

A: no_evident_not_easy_check-in
B: no_one_give_key_on_late_check-in
Answer: No

A: no_evident_not_great_quality
B: shampoo_seem_cheap_considering_hotel_cost
Answer: Yes

A: no_evident_not_great_quality
B: expensive_hotel
Answer: No

Now answer for this pair. Output ONLY the final line ""Answer: Yes"" or ""Answer: No"" — no other text.

A: no_evident_not_staff_agree_to_every_request
B: staff_not_understand_English_well
Answer:
",no_evident_not_staff_agree_to_every_request,staff_not_understand_English_well,Yes
4599,"Task: decide if Proposition B contradicts Assumption A.

Steps:
1. A defends a claim (strip ""no_evident_not_"" / ""have_evident_"" to see it).
2. B states a fact.
3. Does B disprove A's claim? Same specific issue only, not just same topic.

Output pattern (always use this exact shape):
A: <phrase>
B: <phrase>
Answer: Yes/No

Examples:

A: no_evident_not_easy_check-in
B: customer_wait_10_minute_for_greet
Answer: Yes

A: no_evident_not_easy_check-in
B: no_one_give_key_on_late_check-in
Answer: No

A: no_evident_not_great_quality
B: shampoo_seem_cheap_considering_hotel_cost
Answer: Yes

A: no_evident_not_great_quality
B: expensive_hotel
Answer: No

Now answer for this pair. Output ONLY the final line ""Answer: Yes"" or ""Answer: No"" — no other text.

A: no_evident_not_staff_agree_to_every_request
B: staff_cannot_give_bus_to_airport_information
Answer:
",no_evident_not_staff_agree_to_every_request,staff_cannot_give_bus_to_airport_information,Yes
4613,"Task: decide if Proposition B contradicts Assumption A.

Steps:
1. A defends a claim (strip ""no_evident_not_"" / ""have_evident_"" to see it).
2. B states a fact.
3. Does B disprove A's claim? Same specific issue only, not just same topic.

Output pattern (always use this exact shape):
A: <phrase>
B: <phrase>
Answer: Yes/No

Examples:

A: no_evident_not_easy_check-in
B: customer_wait_10_minute_for_greet
Answer: Yes

A: no_evident_not_easy_check-in
B: no_one_give_key_on_late_check-in
Answer: No

A: no_evident_not_great_quality
B: shampoo_seem_cheap_considering_hotel_cost
Answer: Yes

A: no_evident_not_great_quality
B: expensive_hotel
Answer: No

Now answer for this pair. Output ONLY the final line ""Answer: Yes"" or ""Answer: No"" — no other text.

A: no_evident_not_staff_give_arrival_explanation
B: staff_not_justify_booking_issue
Answer:
",no_evident_not_staff_give_arrival_explanation,staff_not_justify_booking_issue,Yes
4631,"Task: decide if Proposition B contradicts Assumption A.

Steps:
1. A defends a claim (strip ""no_evident_not_"" / ""have_evident_"" to see it).
2. B states a fact.
3. Does B disprove A's claim? Same specific issue only, not just same topic.

Output pattern (always use this exact shape):
A: <phrase>
B: <phrase>
Answer: Yes/No

Examples:

A: no_evident_not_easy_check-in
B: customer_wait_10_minute_for_greet
Answer: Yes

A: no_evident_not_easy_check-in
B: no_one_give_key_on_late_check-in
Answer: No

A: no_evident_not_great_quality
B: shampoo_seem_cheap_considering_hotel_cost
Answer: Yes

A: no_evident_not_great_quality
B: expensive_hotel
Answer: No

Now answer for this pair. Output ONLY the final line ""Answer: Yes"" or ""Answer: No"" — no other text.

A: no_evident_not_staff_help_with_all_question
B: no_empathy_staff
Answer:
",no_evident_not_staff_help_with_all_question,no_empathy_staff,Yes
4647,"Task: decide if Proposition B contradicts Assumption A.

Steps:
1. A defends a claim (strip ""no_evident_not_"" / ""have_evident_"" to see it).
2. B states a fact.
3. Does B disprove A's claim? Same specific issue only, not just same topic.

Output pattern (always use this exact shape):
A: <phrase>
B: <phrase>
Answer: Yes/No

Examples:

A: no_evident_not_easy_check-in
B: customer_wait_10_minute_for_greet
Answer: Yes

A: no_evident_not_easy_check-in
B: no_one_give_key_on_late_check-in
Answer: No

A: no_evident_not_great_quality
B: shampoo_seem_cheap_considering_hotel_cost
Answer: Yes

A: no_evident_not_great_quality
B: expensive_hotel
Answer: No

Now answer for this pair. Output ONLY the final line ""Answer: Yes"" or ""Answer: No"" — no other text.

A: no_evident_not_staff_help_with_everything_needed
B: staff_not_speak_English_properly
Answer:
",no_evident_not_staff_help_with_everything_needed,staff_not_speak_English_properly,Yes
4648,"Task: decide if Proposition B contradicts Assumption A.

Steps:
1. A defends a claim (strip ""no_evident_not_"" / ""have_evident_"" to see it).
2. B states a fact.
3. Does B disprove A's claim? Same specific issue only, not just same topic.

Output pattern (always use this exact shape):
A: <phrase>
B: <phrase>
Answer: Yes/No

Examples:

A: no_evident_not_easy_check-in
B: customer_wait_10_minute_for_greet
Answer: Yes

A: no_evident_not_easy_check-in
B: no_one_give_key_on_late_check-in
Answer: No

A: no_evident_not_great_quality
B: shampoo_seem_cheap_considering_hotel_cost
Answer: Yes

A: no_evident_not_great_quality
B: expensive_hotel
Answer: No

Now answer for this pair. Output ONLY the final line ""Answer: Yes"" or ""Answer: No"" — no other text.

A: no_evident_not_staff_help_with_everything_needed
B: staff_clean_after_complaint
Answer:
",no_evident_not_staff_help_with_everything_needed,staff_clean_after_complaint,Yes
4667,"Task: decide if Proposition B contradicts Assumption A.

Steps:
1. A defends a claim (strip ""no_evident_not_"" / ""have_evident_"" to see it).
2. B states a fact.
3. Does B disprove A's claim? Same specific issue only, not just same topic.

Output pattern (always use this exact shape):
A: <phrase>
B: <phrase>
Answer: Yes/No

Examples:

A: no_evident_not_easy_check-in
B: customer_wait_10_minute_for_greet
Answer: Yes

A: no_evident_not_easy_check-in
B: no_one_give_key_on_late_check-in
Answer: No

A: no_evident_not_great_quality
B: shampoo_seem_cheap_considering_hotel_cost
Answer: Yes

A: no_evident_not_great_quality
B: expensive_hotel
Answer: No

Now answer for this pair. Output ONLY the final line ""Answer: Yes"" or ""Answer: No"" — no other text.

A: no_evident_not_staff_help_with_everything_needed
B: staff_not_understand_English_well
Answer:
",no_evident_not_staff_help_with_everything_needed,staff_not_understand_English_well,Yes
4678,"Task: decide if Proposition B contradicts Assumption A.

Steps:
1. A defends a claim (strip ""no_evident_not_"" / ""have_evident_"" to see it).
2. B states a fact.
3. Does B disprove A's claim? Same specific issue only, not just same topic.

Output pattern (always use this exact shape):
A: <phrase>
B: <phrase>
Answer: Yes/No

Examples:

A: no_evident_not_easy_check-in
B: customer_wait_10_minute_for_greet
Answer: Yes

A: no_evident_not_easy_check-in
B: no_one_give_key_on_late_check-in
Answer: No

A: no_evident_not_great_quality
B: shampoo_seem_cheap_considering_hotel_cost
Answer: Yes

A: no_evident_not_great_quality
B: expensive_hotel
Answer: No

Now answer for this pair. Output ONLY the final line ""Answer: Yes"" or ""Answer: No"" — no other text.

A: no_evident_not_upgrade_room_free
B: staff_fail_to_communicate_with_taxi
Answer:
",no_evident_not_upgrade_room_free,staff_fail_to_communicate_with_taxi,Yes
4721,"Task: decide if Proposition B contradicts Assumption A.

Steps:
1. A defends a claim (strip ""no_evident_not_"" / ""have_evident_"" to see it).
2. B states a fact.
3. Does B disprove A's claim? Same specific issue only, not just same topic.

Output pattern (always use this exact shape):
A: <phrase>
B: <phrase>
Answer: Yes/No

Examples:

A: no_evident_not_easy_check-in
B: customer_wait_10_minute_for_greet
Answer: Yes

A: no_evident_not_easy_check-in
B: no_one_give_key_on_late_check-in
Answer: No

A: no_evident_not_great_quality
B: shampoo_seem_cheap_considering_hotel_cost
Answer: Yes

A: no_evident_not_great_quality
B: expensive_hotel
Answer: No

Now answer for this pair. Output ONLY the final line ""Answer: Yes"" or ""Answer: No"" — no other text.

A: no_evident_not_staff_left_clear_information_for_arrival
B: staff_need_keep_update
Answer:
",no_evident_not_staff_left_clear_information_for_arrival,staff_need_keep_update,Yes
4730,"Task: decide if Proposition B contradicts Assumption A.

Steps:
1. A defends a claim (strip ""no_evident_not_"" / ""have_evident_"" to see it).
2. B states a fact.
3. Does B disprove A's claim? Same specific issue only, not just same topic.

Output pattern (always use this exact shape):
A: <phrase>
B: <phrase>
Answer: Yes/No

Examples:

A: no_evident_not_easy_check-in
B: customer_wait_10_minute_for_greet
Answer: Yes

A: no_evident_not_easy_check-in
B: no_one_give_key_on_late_check-in
Answer: No

A: no_evident_not_great_quality
B: shampoo_seem_cheap_considering_hotel_cost
Answer: Yes

A: no_evident_not_great_quality
B: expensive_hotel
Answer: No

Now answer for this pair. Output ONLY the final line ""Answer: Yes"" or ""Answer: No"" — no other text.

A: no_evident_not_staff_left_clear_information_for_arrival
B: staff_enforce_cancellation_charge
Answer:
",no_evident_not_staff_left_clear_information_for_arrival,staff_enforce_cancellation_charge,Yes
4743,"Task: decide if Proposition B contradicts Assumption A.

Steps:
1. A defends a claim (strip ""no_evident_not_"" / ""have_evident_"" to see it).
2. B states a fact.
3. Does B disprove A's claim? Same specific issue only, not just same topic.

Output pattern (always use this exact shape):
A: <phrase>
B: <phrase>
Answer: Yes/No

Examples:

A: no_evident_not_easy_check-in
B: customer_wait_10_minute_for_greet
Answer: Yes

A: no_evident_not_easy_check-in
B: no_one_give_key_on_late_check-in
Answer: No

A: no_evident_not_great_quality
B: shampoo_seem_cheap_considering_hotel_cost
Answer: Yes

A: no_evident_not_great_quality
B: expensive_hotel
Answer: No

Now answer for this pair. Output ONLY the final line ""Answer: Yes"" or ""Answer: No"" — no other text.

A: no_evident_not_staff_left_precise_information_for_arrival
B: staff_need_improve_collaboration
Answer:
",no_evident_not_staff_left_precise_information_for_arrival,staff_need_improve_collaboration,No
4745,"Task: decide if Proposition B contradicts Assumption A.

Steps:
1. A defends a claim (strip ""no_evident_not_"" / ""have_evident_"" to see it).
2. B states a fact.
3. Does B disprove A's claim? Same specific issue only, not just same topic.

Output pattern (always use this exact shape):
A: <phrase>
B: <phrase>
Answer: Yes/No

Examples:

A: no_evident_not_easy_check-in
B: customer_wait_10_minute_for_greet
Answer: Yes

A: no_evident_not_easy_check-in
B: no_one_give_key_on_late_check-in
Answer: No

A: no_evident_not_great_quality
B: shampoo_seem_cheap_considering_hotel_cost
Answer: Yes

A: no_evident_not_great_quality
B: expensive_hotel
Answer: No

Now answer for this pair. Output ONLY the final line ""Answer: Yes"" or ""Answer: No"" — no other text.

A: no_evident_not_staff_left_precise_information_for_arrival
B: not_kind_staff
Answer:
",no_evident_not_staff_left_precise_information_for_arrival,not_kind_staff,Yes
4772,"Task: decide if Proposition B contradicts Assumption A.

Steps:
1. A defends a claim (strip ""no_evident_not_"" / ""have_evident_"" to see it).
2. B states a fact.
3. Does B disprove A's claim? Same specific issue only, not just same topic.

Output pattern (always use this exact shape):
A: <phrase>
B: <phrase>
Answer: Yes/No

Examples:

A: no_evident_not_easy_check-in
B: customer_wait_10_minute_for_greet
Answer: Yes

A: no_evident_not_easy_check-in
B: no_one_give_key_on_late_check-in
Answer: No

A: no_evident_not_great_quality
B: shampoo_seem_cheap_considering_hotel_cost
Answer: Yes

A: no_evident_not_great_quality
B: expensive_hotel
Answer: No

Now answer for this pair. Output ONLY the final line ""Answer: Yes"" or ""Answer: No"" — no other text.

A: no_evident_not_staff_send_phot_for_arrival
B: staff_cannot_provide_double_bed
Answer:
",no_evident_not_staff_send_phot_for_arrival,staff_cannot_provide_double_bed,Yes
4781,"Task: decide if Proposition B contradicts Assumption A.

Steps:
1. A defends a claim (strip ""no_evident_not_"" / ""have_evident_"" to see it).
2. B states a fact.
3. Does B disprove A's claim? Same specific issue only, not just same topic.

Output pattern (always use this exact shape):
A: <phrase>
B: <phrase>
Answer: Yes/No

Examples:

A: no_evident_not_easy_check-in
B: customer_wait_10_minute_for_greet
Answer: Yes

A: no_evident_not_easy_check-in
B: no_one_give_key_on_late_check-in
Answer: No

A: no_evident_not_great_quality
B: shampoo_seem_cheap_considering_hotel_cost
Answer: Yes

A: no_evident_not_great_quality
B: expensive_hotel
Answer: No

Now answer for this pair. Output ONLY the final line ""Answer: Yes"" or ""Answer: No"" — no other text.

A: no_evident_not_staff_send_phot_for_arrival
B: no_staff_at_night
Answer:
",no_evident_not_staff_send_phot_for_arrival,no_staff_at_night,Yes
4782,"Task: decide if Proposition B contradicts Assumption A.

Steps:
1. A defends a claim (strip ""no_evident_not_"" / ""have_evident_"" to see it).
2. B states a fact.
3. Does B disprove A's claim? Same specific issue only, not just same topic.

Output pattern (always use this exact shape):
A: <phrase>
B: <phrase>
Answer: Yes/No

Examples:

A: no_evident_not_easy_check-in
B: customer_wait_10_minute_for_greet
Answer: Yes

A: no_evident_not_easy_check-in
B: no_one_give_key_on_late_check-in
Answer: No

A: no_evident_not_great_quality
B: shampoo_seem_cheap_considering_hotel_cost
Answer: Yes

A: no_evident_not_great_quality
B: expensive_hotel
Answer: No

Now answer for this pair. Output ONLY the final line ""Answer: Yes"" or ""Answer: No"" — no other text.

A: no_evident_not_staff_send_phot_for_arrival
B: staff_not_understand_English_well
Answer:
",no_evident_not_staff_send_phot_for_arrival,staff_not_understand_English_well,Yes
4786,"Task: decide if Proposition B contradicts Assumption A.

Steps:
1. A defends a claim (strip ""no_evident_not_"" / ""have_evident_"" to see it).
2. B states a fact.
3. Does B disprove A's claim? Same specific issue only, not just same topic.

Output pattern (always use this exact shape):
A: <phrase>
B: <phrase>
Answer: Yes/No

Examples:

A: no_evident_not_easy_check-in
B: customer_wait_10_minute_for_greet
Answer: Yes

A: no_evident_not_easy_check-in
B: no_one_give_key_on_late_check-in
Answer: No

A: no_evident_not_great_quality
B: shampoo_seem_cheap_considering_hotel_cost
Answer: Yes

A: no_evident_not_great_quality
B: expensive_hotel
Answer: No

Now answer for this pair. Output ONLY the final line ""Answer: Yes"" or ""Answer: No"" — no other text.

A: no_evident_not_sympathy_staff
B: staff_clean_after_complaint
Answer:
",no_evident_not_sympathy_staff,staff_clean_after_complaint,No
4789,"Task: decide if Proposition B contradicts Assumption A.

Steps:
1. A defends a claim (strip ""no_evident_not_"" / ""have_evident_"" to see it).
2. B states a fact.
3. Does B disprove A's claim? Same specific issue only, not just same topic.

Output pattern (always use this exact shape):
A: <phrase>
B: <phrase>
Answer: Yes/No

Examples:

A: no_evident_not_easy_check-in
B: customer_wait_10_minute_for_greet
Answer: Yes

A: no_evident_not_easy_check-in
B: no_one_give_key_on_late_check-in
Answer: No

A: no_evident_not_great_quality
B: shampoo_seem_cheap_considering_hotel_cost
Answer: Yes

A: no_evident_not_great_quality
B: expensive_hotel
Answer: No

Now answer for this pair. Output ONLY the final line ""Answer: Yes"" or ""Answer: No"" — no other text.

A: no_evident_not_sympathy_staff
B: staff_need_improve_collaboration
Answer:
",no_evident_not_sympathy_staff,staff_need_improve_collaboration,Yes
4820,"Task: decide if Proposition B contradicts Assumption A.

Steps:
1. A defends a claim (strip ""no_evident_not_"" / ""have_evident_"" to see it).
2. B states a fact.
3. Does B disprove A's claim? Same specific issue only, not just same topic.

Output pattern (always use this exact shape):
A: <phrase>
B: <phrase>
Answer: Yes/No

Examples:

A: no_evident_not_easy_check-in
B: customer_wait_10_minute_for_greet
Answer: Yes

A: no_evident_not_easy_check-in
B: no_one_give_key_on_late_check-in
Answer: No

A: no_evident_not_great_quality
B: shampoo_seem_cheap_considering_hotel_cost
Answer: Yes

A: no_evident_not_great_quality
B: expensive_hotel
Answer: No

Now answer for this pair. Output ONLY the final line ""Answer: Yes"" or ""Answer: No"" — no other text.

A: no_evident_not_staff_speak_French
B: staff_not_justify_booking_issue
Answer:
",no_evident_not_staff_speak_French,staff_not_justify_booking_issue,Yes
4821,"Task: decide if Proposition B contradicts Assumption A.

Steps:
1. A defends a claim (strip ""no_evident_not_"" / ""have_evident_"" to see it).
2. B states a fact.
3. Does B disprove A's claim? Same specific issue only, not just same topic.

Output pattern (always use this exact shape):
A: <phrase>
B: <phrase>
Answer: Yes/No

Examples:

A: no_evident_not_easy_check-in
B: customer_wait_10_minute_for_greet
Answer: Yes

A: no_evident_not_easy_check-in
B: no_one_give_key_on_late_check-in
Answer: No

A: no_evident_not_great_quality
B: shampoo_seem_cheap_considering_hotel_cost
Answer: Yes

A: no_evident_not_great_quality
B: expensive_hotel
Answer: No

Now answer for this pair. Output ONLY the final line ""Answer: Yes"" or ""Answer: No"" — no other text.

A: no_evident_not_staff_speak_French
B: staff_charge_for_cancellation_while_no_cancellation_charge_in_Booking.com
Answer:
",no_evident_not_staff_speak_French,staff_charge_for_cancellation_while_no_cancellation_charge_in_Booking.com,Yes
4828,"Task: decide if Proposition B contradicts Assumption A.

Steps:
1. A defends a claim (strip ""no_evident_not_"" / ""have_evident_"" to see it).
2. B states a fact.
3. Does B disprove A's claim? Same specific issue only, not just same topic.

Output pattern (always use this exact shape):
A: <phrase>
B: <phrase>
Answer: Yes/No

Examples:

A: no_evident_not_easy_check-in
B: customer_wait_10_minute_for_greet
Answer: Yes

A: no_evident_not_easy_check-in
B: no_one_give_key_on_late_check-in
Answer: No

A: no_evident_not_great_quality
B: shampoo_seem_cheap_considering_hotel_cost
Answer: Yes

A: no_evident_not_great_quality
B: expensive_hotel
Answer: No

Now answer for this pair. Output ONLY the final line ""Answer: Yes"" or ""Answer: No"" — no other text.

A: no_evident_not_staff_speak_French
B: staff_not_understand_English_well
Answer:
",no_evident_not_staff_speak_French,staff_not_understand_English_well,Yes
4838,"Task: decide if Proposition B contradicts Assumption A.

Steps:
1. A defends a claim (strip ""no_evident_not_"" / ""have_evident_"" to see it).
2. B states a fact.
3. Does B disprove A's claim? Same specific issue only, not just same topic.

Output pattern (always use this exact shape):
A: <phrase>
B: <phrase>
Answer: Yes/No

Examples:

A: no_evident_not_easy_check-in
B: customer_wait_10_minute_for_greet
Answer: Yes

A: no_evident_not_easy_check-in
B: no_one_give_key_on_late_check-in
Answer: No

A: no_evident_not_great_quality
B: shampoo_seem_cheap_considering_hotel_cost
Answer: Yes

A: no_evident_not_great_quality
B: expensive_hotel
Answer: No

Now answer for this pair. Output ONLY the final line ""Answer: Yes"" or ""Answer: No"" — no other text.

A: no_evident_not_staff_settle_early
B: no_empathy_staff
Answer:
",no_evident_not_staff_settle_early,no_empathy_staff,Yes
4871,"Task: decide if Proposition B contradicts Assumption A.

Steps:
1. A defends a claim (strip ""no_evident_not_"" / ""have_evident_"" to see it).
2. B states a fact.
3. Does B disprove A's claim? Same specific issue only, not just same topic.

Output pattern (always use this exact shape):
A: <phrase>
B: <phrase>
Answer: Yes/No

Examples:

A: no_evident_not_easy_check-in
B: customer_wait_10_minute_for_greet
Answer: Yes

A: no_evident_not_easy_check-in
B: no_one_give_key_on_late_check-in
Answer: No

A: no_evident_not_great_quality
B: shampoo_seem_cheap_considering_hotel_cost
Answer: Yes

A: no_evident_not_great_quality
B: expensive_hotel
Answer: No

Now answer for this pair. Output ONLY the final line ""Answer: Yes"" or ""Answer: No"" — no other text.

A: no_evident_not_staff_think_all_detail
B: staff_has_unaceptable_manner
Answer:
",no_evident_not_staff_think_all_detail,staff_has_unaceptable_manner,Yes
4875,"Task: decide if Proposition B contradicts Assumption A.

Steps:
1. A defends a claim (strip ""no_evident_not_"" / ""have_evident_"" to see it).
2. B states a fact.
3. Does B disprove A's claim? Same specific issue only, not just same topic.

Output pattern (always use this exact shape):
A: <phrase>
B: <phrase>
Answer: Yes/No

Examples:

A: no_evident_not_easy_check-in
B: customer_wait_10_minute_for_greet
Answer: Yes

A: no_evident_not_easy_check-in
B: no_one_give_key_on_late_check-in
Answer: No

A: no_evident_not_great_quality
B: shampoo_seem_cheap_considering_hotel_cost
Answer: Yes

A: no_evident_not_great_quality
B: expensive_hotel
Answer: No

Now answer for this pair. Output ONLY the final line ""Answer: Yes"" or ""Answer: No"" — no other text.

A: no_evident_not_staff_think_all_detail
B: staff_cannot_give_bus_to_airport_information
Answer:
",no_evident_not_staff_think_all_detail,staff_cannot_give_bus_to_airport_information,Yes
4882,"Task: decide if Proposition B contradicts Assumption A.

Steps:
1. A defends a claim (strip ""no_evident_not_"" / ""have_evident_"" to see it).
2. B states a fact.
3. Does B disprove A's claim? Same specific issue only, not just same topic.

Output pattern (always use this exact shape):
A: <phrase>
B: <phrase>
Answer: Yes/No

Examples:

A: no_evident_not_easy_check-in
B: customer_wait_10_minute_for_greet
Answer: Yes

A: no_evident_not_easy_check-in
B: no_one_give_key_on_late_check-in
Answer: No

A: no_evident_not_great_quality
B: shampoo_seem_cheap_considering_hotel_cost
Answer: Yes

A: no_evident_not_great_quality
B: expensive_hotel
Answer: No

Now answer for this pair. Output ONLY the final line ""Answer: Yes"" or ""Answer: No"" — no other text.

A: no_evident_not_staff_take_care_late_check-in
B: staff_need_keep_update
Answer:
",no_evident_not_staff_take_care_late_check-in,staff_need_keep_update,Yes
4886,"Task: decide if Proposition B contradicts Assumption A.

Steps:
1. A defends a claim (strip ""no_evident_not_"" / ""have_evident_"" to see it).
2. B states a fact.
3. Does B disprove A's claim? Same specific issue only, not just same topic.

Output pattern (always use this exact shape):
A: <phrase>
B: <phrase>
Answer: Yes/No

Examples:

A: no_evident_not_easy_check-in
B: customer_wait_10_minute_for_greet
Answer: Yes

A: no_evident_not_easy_check-in
B: no_one_give_key_on_late_check-in
Answer: No

A: no_evident_not_great_quality
B: shampoo_seem_cheap_considering_hotel_cost
Answer: Yes

A: no_evident_not_great_quality
B: expensive_hotel
Answer: No

Now answer for this pair. Output ONLY the final line ""Answer: Yes"" or ""Answer: No"" — no other text.

A: no_evident_not_staff_take_care_late_check-in
B: staff_fail_to_guest_request
Answer:
",no_evident_not_staff_take_care_late_check-in,staff_fail_to_guest_request,Yes
4907,"Task: decide if Proposition B contradicts Assumption A.

Steps:
1. A defends a claim (strip ""no_evident_not_"" / ""have_evident_"" to see it).
2. B states a fact.
3. Does B disprove A's claim? Same specific issue only, not just same topic.

Output pattern (always use this exact shape):
A: <phrase>
B: <phrase>
Answer: Yes/No

Examples:

A: no_evident_not_easy_check-in
B: customer_wait_10_minute_for_greet
Answer: Yes

A: no_evident_not_easy_check-in
B: no_one_give_key_on_late_check-in
Answer: No

A: no_evident_not_great_quality
B: shampoo_seem_cheap_considering_hotel_cost
Answer: Yes

A: no_evident_not_great_quality
B: expensive_hotel
Answer: No

Now answer for this pair. Output ONLY the final line ""Answer: Yes"" or ""Answer: No"" — no other text.

A: no_evident_not_staff_take_care_for_adapter
B: no_empathy_staff
Answer:
",no_evident_not_staff_take_care_for_adapter,no_empathy_staff,Yes
4932,"Task: decide if Proposition B contradicts Assumption A.

Steps:
1. A defends a claim (strip ""no_evident_not_"" / ""have_evident_"" to see it).
2. B states a fact.
3. Does B disprove A's claim? Same specific issue only, not just same topic.

Output pattern (always use this exact shape):
A: <phrase>
B: <phrase>
Answer: Yes/No

Examples:

A: no_evident_not_easy_check-in
B: customer_wait_10_minute_for_greet
Answer: Yes

A: no_evident_not_easy_check-in
B: no_one_give_key_on_late_check-in
Answer: No

A: no_evident_not_great_quality
B: shampoo_seem_cheap_considering_hotel_cost
Answer: Yes

A: no_evident_not_great_quality
B: expensive_hotel
Answer: No

Now answer for this pair. Output ONLY the final line ""Answer: Yes"" or ""Answer: No"" — no other text.

A: no_evident_not_staff_help_find_rental_car
B: staff_fail_to_guest_request
Answer:
",no_evident_not_staff_help_find_rental_car,staff_fail_to_guest_request,Yes
4946,"Task: decide if Proposition B contradicts Assumption A.

Steps:
1. A defends a claim (strip ""no_evident_not_"" / ""have_evident_"" to see it).
2. B states a fact.
3. Does B disprove A's claim? Same specific issue only, not just same topic.

Output pattern (always use this exact shape):
A: <phrase>
B: <phrase>
Answer: Yes/No

Examples:

A: no_evident_not_easy_check-in
B: customer_wait_10_minute_for_greet
Answer: Yes

A: no_evident_not_easy_check-in
B: no_one_give_key_on_late_check-in
Answer: No

A: no_evident_not_great_quality
B: shampoo_seem_cheap_considering_hotel_cost
Answer: Yes

A: no_evident_not_great_quality
B: expensive_hotel
Answer: No

Now answer for this pair. Output ONLY the final line ""Answer: Yes"" or ""Answer: No"" — no other text.

A: no_evident_not_accompanying_staff
B: staff_not_speak_English_properly
Answer:
",no_evident_not_accompanying_staff,staff_not_speak_English_properly,Yes
4955,"Task: decide if Proposition B contradicts Assumption A.

Steps:
1. A defends a claim (strip ""no_evident_not_"" / ""have_evident_"" to see it).
2. B states a fact.
3. Does B disprove A's claim? Same specific issue only, not just same topic.

Output pattern (always use this exact shape):
A: <phrase>
B: <phrase>
Answer: Yes/No

Examples:

A: no_evident_not_easy_check-in
B: customer_wait_10_minute_for_greet
Answer: Yes

A: no_evident_not_easy_check-in
B: no_one_give_key_on_late_check-in
Answer: No

A: no_evident_not_great_quality
B: shampoo_seem_cheap_considering_hotel_cost
Answer: Yes

A: no_evident_not_great_quality
B: expensive_hotel
Answer: No

Now answer for this pair. Output ONLY the final line ""Answer: Yes"" or ""Answer: No"" — no other text.

A: no_evident_not_accompanying_staff
B: staff_fail_to_guest_request
Answer:
",no_evident_not_accompanying_staff,staff_fail_to_guest_request,Yes
4970,"Task: decide if Proposition B contradicts Assumption A.

Steps:
1. A defends a claim (strip ""no_evident_not_"" / ""have_evident_"" to see it).
2. B states a fact.
3. Does B disprove A's claim? Same specific issue only, not just same topic.

Output pattern (always use this exact shape):
A: <phrase>
B: <phrase>
Answer: Yes/No

Examples:

A: no_evident_not_easy_check-in
B: customer_wait_10_minute_for_greet
Answer: Yes

A: no_evident_not_easy_check-in
B: no_one_give_key_on_late_check-in
Answer: No

A: no_evident_not_great_quality
B: shampoo_seem_cheap_considering_hotel_cost
Answer: Yes

A: no_evident_not_great_quality
B: expensive_hotel
Answer: No

Now answer for this pair. Output ONLY the final line ""Answer: Yes"" or ""Answer: No"" — no other text.

A: no_evident_not_advising_staff
B: staff_clean_after_complaint
Answer:
",no_evident_not_advising_staff,staff_clean_after_complaint,Yes
4989,"Task: decide if Proposition B contradicts Assumption A.

Steps:
1. A defends a claim (strip ""no_evident_not_"" / ""have_evident_"" to see it).
2. B states a fact.
3. Does B disprove A's claim? Same specific issue only, not just same topic.

Output pattern (always use this exact shape):
A: <phrase>
B: <phrase>
Answer: Yes/No

Examples:

A: no_evident_not_easy_check-in
B: customer_wait_10_minute_for_greet
Answer: Yes

A: no_evident_not_easy_check-in
B: no_one_give_key_on_late_check-in
Answer: No

A: no_evident_not_great_quality
B: shampoo_seem_cheap_considering_hotel_cost
Answer: Yes

A: no_evident_not_great_quality
B: expensive_hotel
Answer: No

Now answer for this pair. Output ONLY the final line ""Answer: Yes"" or ""Answer: No"" — no other text.

A: no_evident_not_advising_staff
B: staff_not_understand_English_well
Answer:
",no_evident_not_advising_staff,staff_not_understand_English_well,Yes
4991,"Task: decide if Proposition B contradicts Assumption A.

Steps:
1. A defends a claim (strip ""no_evident_not_"" / ""have_evident_"" to see it).
2. B states a fact.
3. Does B disprove A's claim? Same specific issue only, not just same topic.

Output pattern (always use this exact shape):
A: <phrase>
B: <phrase>
Answer: Yes/No

Examples:

A: no_evident_not_easy_check-in
B: customer_wait_10_minute_for_greet
Answer: Yes

A: no_evident_not_easy_check-in
B: no_one_give_key_on_late_check-in
Answer: No

A: no_evident_not_great_quality
B: shampoo_seem_cheap_considering_hotel_cost
Answer: Yes

A: no_evident_not_great_quality
B: expensive_hotel
Answer: No

Now answer for this pair. Output ONLY the final line ""Answer: Yes"" or ""Answer: No"" — no other text.

A: no_evident_not_advising_staff
B: only_one_staff_wear_mask
Answer:
",no_evident_not_advising_staff,only_one_staff_wear_mask,Yes
5011,"Task: decide if Proposition B contradicts Assumption A.

Steps:
1. A defends a claim (strip ""no_evident_not_"" / ""have_evident_"" to see it).
2. B states a fact.
3. Does B disprove A's claim? Same specific issue only, not just same topic.

Output pattern (always use this exact shape):
A: <phrase>
B: <phrase>
Answer: Yes/No

Examples:

A: no_evident_not_easy_check-in
B: customer_wait_10_minute_for_greet
Answer: Yes

A: no_evident_not_easy_check-in
B: no_one_give_key_on_late_check-in
Answer: No

A: no_evident_not_great_quality
B: shampoo_seem_cheap_considering_hotel_cost
Answer: Yes

A: no_evident_not_great_quality
B: expensive_hotel
Answer: No

Now answer for this pair. Output ONLY the final line ""Answer: Yes"" or ""Answer: No"" — no other text.

A: no_evident_not_staff_communicate_before_arrival
B: no_staff_at_night
Answer:
",no_evident_not_staff_communicate_before_arrival,no_staff_at_night,Yes
5067,"Task: decide if Proposition B contradicts Assumption A.

Steps:
1. A defends a claim (strip ""no_evident_not_"" / ""have_evident_"" to see it).
2. B states a fact.
3. Does B disprove A's claim? Same specific issue only, not just same topic.

Output pattern (always use this exact shape):
A: <phrase>
B: <phrase>
Answer: Yes/No

Examples:

A: no_evident_not_easy_check-in
B: customer_wait_10_minute_for_greet
Answer: Yes

A: no_evident_not_easy_check-in
B: no_one_give_key_on_late_check-in
Answer: No

A: no_evident_not_great_quality
B: shampoo_seem_cheap_considering_hotel_cost
Answer: Yes

A: no_evident_not_great_quality
B: expensive_hotel
Answer: No

Now answer for this pair. Output ONLY the final line ""Answer: Yes"" or ""Answer: No"" — no other text.

A: no_evident_not_staff_take_care_well-being_of_guest
B: not_kind_staff
Answer:
",no_evident_not_staff_take_care_well-being_of_guest,not_kind_staff,Yes
5074,"Task: decide if Proposition B contradicts Assumption A.

Steps:
1. A defends a claim (strip ""no_evident_not_"" / ""have_evident_"" to see it).
2. B states a fact.
3. Does B disprove A's claim? Same specific issue only, not just same topic.

Output pattern (always use this exact shape):
A: <phrase>
B: <phrase>
Answer: Yes/No

Examples:

A: no_evident_not_easy_check-in
B: customer_wait_10_minute_for_greet
Answer: Yes

A: no_evident_not_easy_check-in
B: no_one_give_key_on_late_check-in
Answer: No

A: no_evident_not_great_quality
B: shampoo_seem_cheap_considering_hotel_cost
Answer: Yes

A: no_evident_not_great_quality
B: expensive_hotel
Answer: No

Now answer for this pair. Output ONLY the final line ""Answer: Yes"" or ""Answer: No"" — no other text.

A: no_evident_not_staff_take_care_well-being_of_guest
B: staff_charge_for_cancellation_while_no_cancellation_charge_in_Booking.com
Answer:
",no_evident_not_staff_take_care_well-being_of_guest,staff_charge_for_cancellation_while_no_cancellation_charge_in_Booking.com,Yes
5085,"Task: decide if Proposition B contradicts Assumption A.

Steps:
1. A defends a claim (strip ""no_evident_not_"" / ""have_evident_"" to see it).
2. B states a fact.
3. Does B disprove A's claim? Same specific issue only, not just same topic.

Output pattern (always use this exact shape):
A: <phrase>
B: <phrase>
Answer: Yes/No

Examples:

A: no_evident_not_easy_check-in
B: customer_wait_10_minute_for_greet
Answer: Yes

A: no_evident_not_easy_check-in
B: no_one_give_key_on_late_check-in
Answer: No

A: no_evident_not_great_quality
B: shampoo_seem_cheap_considering_hotel_cost
Answer: Yes

A: no_evident_not_great_quality
B: expensive_hotel
Answer: No

Now answer for this pair. Output ONLY the final line ""Answer: Yes"" or ""Answer: No"" — no other text.

A: no_evident_not_incredible_staff
B: staff_clean_after_complaint
Answer:
",no_evident_not_incredible_staff,staff_clean_after_complaint,No
5089,"Task: decide if Proposition B contradicts Assumption A.

Steps:
1. A defends a claim (strip ""no_evident_not_"" / ""have_evident_"" to see it).
2. B states a fact.
3. Does B disprove A's claim? Same specific issue only, not just same topic.

Output pattern (always use this exact shape):
A: <phrase>
B: <phrase>
Answer: Yes/No

Examples:

A: no_evident_not_easy_check-in
B: customer_wait_10_minute_for_greet
Answer: Yes

A: no_evident_not_easy_check-in
B: no_one_give_key_on_late_check-in
Answer: No

A: no_evident_not_great_quality
B: shampoo_seem_cheap_considering_hotel_cost
Answer: Yes

A: no_evident_not_great_quality
B: expensive_hotel
Answer: No

Now answer for this pair. Output ONLY the final line ""Answer: Yes"" or ""Answer: No"" — no other text.

A: no_evident_not_incredible_staff
B: staff_need_keep_update
Answer:
",no_evident_not_incredible_staff,staff_need_keep_update,Yes
5123,"Task: decide if Proposition B contradicts Assumption A.

Steps:
1. A defends a claim (strip ""no_evident_not_"" / ""have_evident_"" to see it).
2. B states a fact.
3. Does B disprove A's claim? Same specific issue only, not just same topic.

Output pattern (always use this exact shape):
A: <phrase>
B: <phrase>
Answer: Yes/No

Examples:

A: no_evident_not_easy_check-in
B: customer_wait_10_minute_for_greet
Answer: Yes

A: no_evident_not_easy_check-in
B: no_one_give_key_on_late_check-in
Answer: No

A: no_evident_not_great_quality
B: shampoo_seem_cheap_considering_hotel_cost
Answer: Yes

A: no_evident_not_great_quality
B: expensive_hotel
Answer: No

Now answer for this pair. Output ONLY the final line ""Answer: Yes"" or ""Answer: No"" — no other text.

A: no_evident_not_soulful_atmosphere_staff
B: staff_not_provide_good_solution
Answer:
",no_evident_not_soulful_atmosphere_staff,staff_not_provide_good_solution,Yes
5141,"Task: decide if Proposition B contradicts Assumption A.

Steps:
1. A defends a claim (strip ""no_evident_not_"" / ""have_evident_"" to see it).
2. B states a fact.
3. Does B disprove A's claim? Same specific issue only, not just same topic.

Output pattern (always use this exact shape):
A: <phrase>
B: <phrase>
Answer: Yes/No

Examples:

A: no_evident_not_easy_check-in
B: customer_wait_10_minute_for_greet
Answer: Yes

A: no_evident_not_easy_check-in
B: no_one_give_key_on_late_check-in
Answer: No

A: no_evident_not_great_quality
B: shampoo_seem_cheap_considering_hotel_cost
Answer: Yes

A: no_evident_not_great_quality
B: expensive_hotel
Answer: No

Now answer for this pair. Output ONLY the final line ""Answer: Yes"" or ""Answer: No"" — no other text.

A: no_evident_not_greeting_with_smile
B: offended_staff
Answer:
",no_evident_not_greeting_with_smile,offended_staff,Yes
5150,"Task: decide if Proposition B contradicts Assumption A.

Steps:
1. A defends a claim (strip ""no_evident_not_"" / ""have_evident_"" to see it).
2. B states a fact.
3. Does B disprove A's claim? Same specific issue only, not just same topic.

Output pattern (always use this exact shape):
A: <phrase>
B: <phrase>
Answer: Yes/No

Examples:

A: no_evident_not_easy_check-in
B: customer_wait_10_minute_for_greet
Answer: Yes

A: no_evident_not_easy_check-in
B: no_one_give_key_on_late_check-in
Answer: No

A: no_evident_not_great_quality
B: shampoo_seem_cheap_considering_hotel_cost
Answer: Yes

A: no_evident_not_great_quality
B: expensive_hotel
Answer: No

Now answer for this pair. Output ONLY the final line ""Answer: Yes"" or ""Answer: No"" — no other text.

A: no_evident_not_greeting_with_smile
B: staff_not_understand_English_well
Answer:
",no_evident_not_greeting_with_smile,staff_not_understand_English_well,Yes
5170,"Task: decide if Proposition B contradicts Assumption A.

Steps:
1. A defends a claim (strip ""no_evident_not_"" / ""have_evident_"" to see it).
2. B states a fact.
3. Does B disprove A's claim? Same specific issue only, not just same topic.

Output pattern (always use this exact shape):
A: <phrase>
B: <phrase>
Answer: Yes/No

Examples:

A: no_evident_not_easy_check-in
B: customer_wait_10_minute_for_greet
Answer: Yes

A: no_evident_not_easy_check-in
B: no_one_give_key_on_late_check-in
Answer: No

A: no_evident_not_great_quality
B: shampoo_seem_cheap_considering_hotel_cost
Answer: Yes

A: no_evident_not_great_quality
B: expensive_hotel
Answer: No

Now answer for this pair. Output ONLY the final line ""Answer: Yes"" or ""Answer: No"" — no other text.

A: no_evident_not_respond_to_help
B: staff_has_unaceptable_manner
Answer:
",no_evident_not_respond_to_help,staff_has_unaceptable_manner,Yes
5196,"Task: decide if Proposition B contradicts Assumption A.

Steps:
1. A defends a claim (strip ""no_evident_not_"" / ""have_evident_"" to see it).
2. B states a fact.
3. Does B disprove A's claim? Same specific issue only, not just same topic.

Output pattern (always use this exact shape):
A: <phrase>
B: <phrase>
Answer: Yes/No

Examples:

A: no_evident_not_easy_check-in
B: customer_wait_10_minute_for_greet
Answer: Yes

A: no_evident_not_easy_check-in
B: no_one_give_key_on_late_check-in
Answer: No

A: no_evident_not_great_quality
B: shampoo_seem_cheap_considering_hotel_cost
Answer: Yes

A: no_evident_not_great_quality
B: expensive_hotel
Answer: No

Now answer for this pair. Output ONLY the final line ""Answer: Yes"" or ""Answer: No"" — no other text.

A: no_evident_not_staff_call_us_taxi
B: staff_not_understand_English_well
Answer:
",no_evident_not_staff_call_us_taxi,staff_not_understand_English_well,Yes
5197,"Task: decide if Proposition B contradicts Assumption A.

Steps:
1. A defends a claim (strip ""no_evident_not_"" / ""have_evident_"" to see it).
2. B states a fact.
3. Does B disprove A's claim? Same specific issue only, not just same topic.

Output pattern (always use this exact shape):
A: <phrase>
B: <phrase>
Answer: Yes/No

Examples:

A: no_evident_not_easy_check-in
B: customer_wait_10_minute_for_greet
Answer: Yes

A: no_evident_not_easy_check-in
B: no_one_give_key_on_late_check-in
Answer: No

A: no_evident_not_great_quality
B: shampoo_seem_cheap_considering_hotel_cost
Answer: Yes

A: no_evident_not_great_quality
B: expensive_hotel
Answer: No

Now answer for this pair. Output ONLY the final line ""Answer: Yes"" or ""Answer: No"" — no other text.

A: no_evident_not_staff_call_us_taxi
B: staff_cannot_give_bus_to_airport_information
Answer:
",no_evident_not_staff_call_us_taxi,staff_cannot_give_bus_to_airport_information,Yes
5202,"Task: decide if Proposition B contradicts Assumption A.

Steps:
1. A defends a claim (strip ""no_evident_not_"" / ""have_evident_"" to see it).
2. B states a fact.
3. Does B disprove A's claim? Same specific issue only, not just same topic.

Output pattern (always use this exact shape):
A: <phrase>
B: <phrase>
Answer: Yes/No

Examples:

A: no_evident_not_easy_check-in
B: customer_wait_10_minute_for_greet
Answer: Yes

A: no_evident_not_easy_check-in
B: no_one_give_key_on_late_check-in
Answer: No

A: no_evident_not_great_quality
B: shampoo_seem_cheap_considering_hotel_cost
Answer: Yes

A: no_evident_not_great_quality
B: expensive_hotel
Answer: No

Now answer for this pair. Output ONLY the final line ""Answer: Yes"" or ""Answer: No"" — no other text.

A: no_evident_not_staff_no_charge_lost_room_ticket
B: staff_need_improve_organization
Answer:
",no_evident_not_staff_no_charge_lost_room_ticket,staff_need_improve_organization,Yes
5208,"Task: decide if Proposition B contradicts Assumption A.

Steps:
1. A defends a claim (strip ""no_evident_not_"" / ""have_evident_"" to see it).
2. B states a fact.
3. Does B disprove A's claim? Same specific issue only, not just same topic.

Output pattern (always use this exact shape):
A: <phrase>
B: <phrase>
Answer: Yes/No

Examples:

A: no_evident_not_easy_check-in
B: customer_wait_10_minute_for_greet
Answer: Yes

A: no_evident_not_easy_check-in
B: no_one_give_key_on_late_check-in
Answer: No

A: no_evident_not_great_quality
B: shampoo_seem_cheap_considering_hotel_cost
Answer: Yes

A: no_evident_not_great_quality
B: expensive_hotel
Answer: No

Now answer for this pair. Output ONLY the final line ""Answer: Yes"" or ""Answer: No"" — no other text.

A: no_evident_not_staff_no_charge_lost_room_ticket
B: staff_fail_to_guest_request
Answer:
",no_evident_not_staff_no_charge_lost_room_ticket,staff_fail_to_guest_request,Yes
5220,"Task: decide if Proposition B contradicts Assumption A.

Steps:
1. A defends a claim (strip ""no_evident_not_"" / ""have_evident_"" to see it).
2. B states a fact.
3. Does B disprove A's claim? Same specific issue only, not just same topic.

Output pattern (always use this exact shape):
A: <phrase>
B: <phrase>
Answer: Yes/No

Examples:

A: no_evident_not_easy_check-in
B: customer_wait_10_minute_for_greet
Answer: Yes

A: no_evident_not_easy_check-in
B: no_one_give_key_on_late_check-in
Answer: No

A: no_evident_not_great_quality
B: shampoo_seem_cheap_considering_hotel_cost
Answer: Yes

A: no_evident_not_great_quality
B: expensive_hotel
Answer: No

Now answer for this pair. Output ONLY the final line ""Answer: Yes"" or ""Answer: No"" — no other text.

A: no_evident_not_staff_no_charge_lost_room_ticket
B: staff_cannot_give_bus_to_airport_information
Answer:
",no_evident_not_staff_no_charge_lost_room_ticket,staff_cannot_give_bus_to_airport_information,Yes
5235,"Task: decide if Proposition B contradicts Assumption A.

Steps:
1. A defends a claim (strip ""no_evident_not_"" / ""have_evident_"" to see it).
2. B states a fact.
3. Does B disprove A's claim? Same specific issue only, not just same topic.

Output pattern (always use this exact shape):
A: <phrase>
B: <phrase>
Answer: Yes/No

Examples:

A: no_evident_not_easy_check-in
B: customer_wait_10_minute_for_greet
Answer: Yes

A: no_evident_not_easy_check-in
B: no_one_give_key_on_late_check-in
Answer: No

A: no_evident_not_great_quality
B: shampoo_seem_cheap_considering_hotel_cost
Answer: Yes

A: no_evident_not_great_quality
B: expensive_hotel
Answer: No

Now answer for this pair. Output ONLY the final line ""Answer: Yes"" or ""Answer: No"" — no other text.

A: no_evident_not_staff_give_pleasant_feeling
B: staff_charge_for_cancellation_while_no_cancellation_charge_in_Booking.com
Answer:
",no_evident_not_staff_give_pleasant_feeling,staff_charge_for_cancellation_while_no_cancellation_charge_in_Booking.com,Yes
5239,"Task: decide if Proposition B contradicts Assumption A.

Steps:
1. A defends a claim (strip ""no_evident_not_"" / ""have_evident_"" to see it).
2. B states a fact.
3. Does B disprove A's claim? Same specific issue only, not just same topic.

Output pattern (always use this exact shape):
A: <phrase>
B: <phrase>
Answer: Yes/No

Examples:

A: no_evident_not_easy_check-in
B: customer_wait_10_minute_for_greet
Answer: Yes

A: no_evident_not_easy_check-in
B: no_one_give_key_on_late_check-in
Answer: No

A: no_evident_not_great_quality
B: shampoo_seem_cheap_considering_hotel_cost
Answer: Yes

A: no_evident_not_great_quality
B: expensive_hotel
Answer: No

Now answer for this pair. Output ONLY the final line ""Answer: Yes"" or ""Answer: No"" — no other text.

A: no_evident_not_staff_give_pleasant_feeling
B: staff_has_unaceptable_manner
Answer:
",no_evident_not_staff_give_pleasant_feeling,staff_has_unaceptable_manner,Yes
5243,"Task: decide if Proposition B contradicts Assumption A.

Steps:
1. A defends a claim (strip ""no_evident_not_"" / ""have_evident_"" to see it).
2. B states a fact.
3. Does B disprove A's claim? Same specific issue only, not just same topic.

Output pattern (always use this exact shape):
A: <phrase>
B: <phrase>
Answer: Yes/No

Examples:

A: no_evident_not_easy_check-in
B: customer_wait_10_minute_for_greet
Answer: Yes

A: no_evident_not_easy_check-in
B: no_one_give_key_on_late_check-in
Answer: No

A: no_evident_not_great_quality
B: shampoo_seem_cheap_considering_hotel_cost
Answer: Yes

A: no_evident_not_great_quality
B: expensive_hotel
Answer: No

Now answer for this pair. Output ONLY the final line ""Answer: Yes"" or ""Answer: No"" — no other text.

A: no_evident_not_staff_give_pleasant_feeling
B: staff_cannot_give_bus_to_airport_information
Answer:
",no_evident_not_staff_give_pleasant_feeling,staff_cannot_give_bus_to_airport_information,Yes
5251,"Task: decide if Proposition B contradicts Assumption A.

Steps:
1. A defends a claim (strip ""no_evident_not_"" / ""have_evident_"" to see it).
2. B states a fact.
3. Does B disprove A's claim? Same specific issue only, not just same topic.

Output pattern (always use this exact shape):
A: <phrase>
B: <phrase>
Answer: Yes/No

Examples:

A: no_evident_not_easy_check-in
B: customer_wait_10_minute_for_greet
Answer: Yes

A: no_evident_not_easy_check-in
B: no_one_give_key_on_late_check-in
Answer: No

A: no_evident_not_great_quality
B: shampoo_seem_cheap_considering_hotel_cost
Answer: Yes

A: no_evident_not_great_quality
B: expensive_hotel
Answer: No

Now answer for this pair. Output ONLY the final line ""Answer: Yes"" or ""Answer: No"" — no other text.

A: no_evident_not_staff_confirm_arrival_time
B: not_kind_staff
Answer:
",no_evident_not_staff_confirm_arrival_time,not_kind_staff,Yes
5267,"Task: decide if Proposition B contradicts Assumption A.

Steps:
1. A defends a claim (strip ""no_evident_not_"" / ""have_evident_"" to see it).
2. B states a fact.
3. Does B disprove A's claim? Same specific issue only, not just same topic.

Output pattern (always use this exact shape):
A: <phrase>
B: <phrase>
Answer: Yes/No

Examples:

A: no_evident_not_easy_check-in
B: customer_wait_10_minute_for_greet
Answer: Yes

A: no_evident_not_easy_check-in
B: no_one_give_key_on_late_check-in
Answer: No

A: no_evident_not_great_quality
B: shampoo_seem_cheap_considering_hotel_cost
Answer: Yes

A: no_evident_not_great_quality
B: expensive_hotel
Answer: No

Now answer for this pair. Output ONLY the final line ""Answer: Yes"" or ""Answer: No"" — no other text.

A: no_evident_not_staff_confirm_arrival_time
B: only_one_staff_wear_mask
Answer:
",no_evident_not_staff_confirm_arrival_time,only_one_staff_wear_mask,Yes
5288,"Task: decide if Proposition B contradicts Assumption A.

Steps:
1. A defends a claim (strip ""no_evident_not_"" / ""have_evident_"" to see it).
2. B states a fact.
3. Does B disprove A's claim? Same specific issue only, not just same topic.

Output pattern (always use this exact shape):
A: <phrase>
B: <phrase>
Answer: Yes/No

Examples:

A: no_evident_not_easy_check-in
B: customer_wait_10_minute_for_greet
Answer: Yes

A: no_evident_not_easy_check-in
B: no_one_give_key_on_late_check-in
Answer: No

A: no_evident_not_great_quality
B: shampoo_seem_cheap_considering_hotel_cost
Answer: Yes

A: no_evident_not_great_quality
B: expensive_hotel
Answer: No

Now answer for this pair. Output ONLY the final line ""Answer: Yes"" or ""Answer: No"" — no other text.

A: no_evident_not_pleasant_welcome
B: staff_not_understand_English_well
Answer:
",no_evident_not_pleasant_welcome,staff_not_understand_English_well,Yes
5294,"Task: decide if Proposition B contradicts Assumption A.

Steps:
1. A defends a claim (strip ""no_evident_not_"" / ""have_evident_"" to see it).
2. B states a fact.
3. Does B disprove A's claim? Same specific issue only, not just same topic.

Output pattern (always use this exact shape):
A: <phrase>
B: <phrase>
Answer: Yes/No

Examples:

A: no_evident_not_easy_check-in
B: customer_wait_10_minute_for_greet
Answer: Yes

A: no_evident_not_easy_check-in
B: no_one_give_key_on_late_check-in
Answer: No

A: no_evident_not_great_quality
B: shampoo_seem_cheap_considering_hotel_cost
Answer: Yes

A: no_evident_not_great_quality
B: expensive_hotel
Answer: No

Now answer for this pair. Output ONLY the final line ""Answer: Yes"" or ""Answer: No"" — no other text.

A: no_evident_not_staff_help_order_taxi_to_airport
B: staff_need_improve_organization
Answer:
",no_evident_not_staff_help_order_taxi_to_airport,staff_need_improve_organization,Yes
5309,"Task: decide if Proposition B contradicts Assumption A.

Steps:
1. A defends a claim (strip ""no_evident_not_"" / ""have_evident_"" to see it).
2. B states a fact.
3. Does B disprove A's claim? Same specific issue only, not just same topic.

Output pattern (always use this exact shape):
A: <phrase>
B: <phrase>
Answer: Yes/No

Examples:

A: no_evident_not_easy_check-in
B: customer_wait_10_minute_for_greet
Answer: Yes

A: no_evident_not_easy_check-in
B: no_one_give_key_on_late_check-in
Answer: No

A: no_evident_not_great_quality
B: shampoo_seem_cheap_considering_hotel_cost
Answer: Yes

A: no_evident_not_great_quality
B: expensive_hotel
Answer: No

Now answer for this pair. Output ONLY the final line ""Answer: Yes"" or ""Answer: No"" — no other text.

A: no_evident_not_staff_help_order_taxi_to_airport
B: staff_not_speak_Cypriot_language
Answer:
",no_evident_not_staff_help_order_taxi_to_airport,staff_not_speak_Cypriot_language,Yes
5324,"Task: decide if Proposition B contradicts Assumption A.

Steps:
1. A defends a claim (strip ""no_evident_not_"" / ""have_evident_"" to see it).
2. B states a fact.
3. Does B disprove A's claim? Same specific issue only, not just same topic.

Output pattern (always use this exact shape):
A: <phrase>
B: <phrase>
Answer: Yes/No

Examples:

A: no_evident_not_easy_check-in
B: customer_wait_10_minute_for_greet
Answer: Yes

A: no_evident_not_easy_check-in
B: no_one_give_key_on_late_check-in
Answer: No

A: no_evident_not_great_quality
B: shampoo_seem_cheap_considering_hotel_cost
Answer: Yes

A: no_evident_not_great_quality
B: expensive_hotel
Answer: No

Now answer for this pair. Output ONLY the final line ""Answer: Yes"" or ""Answer: No"" — no other text.

A: no_evident_not_staff_wait_for_check-in_at_3am
B: staff_cannot_provide_double_bed
Answer:
",no_evident_not_staff_wait_for_check-in_at_3am,staff_cannot_provide_double_bed,Yes
5343,"Task: decide if Proposition B contradicts Assumption A.

Steps:
1. A defends a claim (strip ""no_evident_not_"" / ""have_evident_"" to see it).
2. B states a fact.
3. Does B disprove A's claim? Same specific issue only, not just same topic.

Output pattern (always use this exact shape):
A: <phrase>
B: <phrase>
Answer: Yes/No

Examples:

A: no_evident_not_easy_check-in
B: customer_wait_10_minute_for_greet
Answer: Yes

A: no_evident_not_easy_check-in
B: no_one_give_key_on_late_check-in
Answer: No

A: no_evident_not_great_quality
B: shampoo_seem_cheap_considering_hotel_cost
Answer: Yes

A: no_evident_not_great_quality
B: expensive_hotel
Answer: No

Now answer for this pair. Output ONLY the final line ""Answer: Yes"" or ""Answer: No"" — no other text.

A: no_evident_not_service_of_staff
B: not_kind_staff
Answer:
",no_evident_not_service_of_staff,not_kind_staff,Yes
5354,"Task: decide if Proposition B contradicts Assumption A.

Steps:
1. A defends a claim (strip ""no_evident_not_"" / ""have_evident_"" to see it).
2. B states a fact.
3. Does B disprove A's claim? Same specific issue only, not just same topic.

Output pattern (always use this exact shape):
A: <phrase>
B: <phrase>
Answer: Yes/No

Examples:

A: no_evident_not_easy_check-in
B: customer_wait_10_minute_for_greet
Answer: Yes

A: no_evident_not_easy_check-in
B: no_one_give_key_on_late_check-in
Answer: No

A: no_evident_not_great_quality
B: shampoo_seem_cheap_considering_hotel_cost
Answer: Yes

A: no_evident_not_great_quality
B: expensive_hotel
Answer: No

Now answer for this pair. Output ONLY the final line ""Answer: Yes"" or ""Answer: No"" — no other text.

A: no_evident_not_service_of_staff
B: staff_has_unaceptable_manner
Answer:
",no_evident_not_service_of_staff,staff_has_unaceptable_manner,Yes
5358,"Task: decide if Proposition B contradicts Assumption A.

Steps:
1. A defends a claim (strip ""no_evident_not_"" / ""have_evident_"" to see it).
2. B states a fact.
3. Does B disprove A's claim? Same specific issue only, not just same topic.

Output pattern (always use this exact shape):
A: <phrase>
B: <phrase>
Answer: Yes/No

Examples:

A: no_evident_not_easy_check-in
B: customer_wait_10_minute_for_greet
Answer: Yes

A: no_evident_not_easy_check-in
B: no_one_give_key_on_late_check-in
Answer: No

A: no_evident_not_great_quality
B: shampoo_seem_cheap_considering_hotel_cost
Answer: Yes

A: no_evident_not_great_quality
B: expensive_hotel
Answer: No

Now answer for this pair. Output ONLY the final line ""Answer: Yes"" or ""Answer: No"" — no other text.

A: no_evident_not_service_of_staff
B: staff_cannot_give_bus_to_airport_information
Answer:
",no_evident_not_service_of_staff,staff_cannot_give_bus_to_airport_information,Yes
5370,"Task: decide if Proposition B contradicts Assumption A.

Steps:
1. A defends a claim (strip ""no_evident_not_"" / ""have_evident_"" to see it).
2. B states a fact.
3. Does B disprove A's claim? Same specific issue only, not just same topic.

Output pattern (always use this exact shape):
A: <phrase>
B: <phrase>
Answer: Yes/No

Examples:

A: no_evident_not_easy_check-in
B: customer_wait_10_minute_for_greet
Answer: Yes

A: no_evident_not_easy_check-in
B: no_one_give_key_on_late_check-in
Answer: No

A: no_evident_not_great_quality
B: shampoo_seem_cheap_considering_hotel_cost
Answer: Yes

A: no_evident_not_great_quality
B: expensive_hotel
Answer: No

Now answer for this pair. Output ONLY the final line ""Answer: Yes"" or ""Answer: No"" — no other text.

A: no_evident_not_accommodated_staff
B: staff_cannot_provide_double_bed
Answer:
",no_evident_not_accommodated_staff,staff_cannot_provide_double_bed,Yes
5386,"Task: decide if Proposition B contradicts Assumption A.

Steps:
1. A defends a claim (strip ""no_evident_not_"" / ""have_evident_"" to see it).
2. B states a fact.
3. Does B disprove A's claim? Same specific issue only, not just same topic.

Output pattern (always use this exact shape):
A: <phrase>
B: <phrase>
Answer: Yes/No

Examples:

A: no_evident_not_easy_check-in
B: customer_wait_10_minute_for_greet
Answer: Yes

A: no_evident_not_easy_check-in
B: no_one_give_key_on_late_check-in
Answer: No

A: no_evident_not_great_quality
B: shampoo_seem_cheap_considering_hotel_cost
Answer: Yes

A: no_evident_not_great_quality
B: expensive_hotel
Answer: No

Now answer for this pair. Output ONLY the final line ""Answer: Yes"" or ""Answer: No"" — no other text.

A: no_evident_not_staff_give_early_check-in
B: staff_need_improve_organization
Answer:
",no_evident_not_staff_give_early_check-in,staff_need_improve_organization,Yes
5399,"Task: decide if Proposition B contradicts Assumption A.

Steps:
1. A defends a claim (strip ""no_evident_not_"" / ""have_evident_"" to see it).
2. B states a fact.
3. Does B disprove A's claim? Same specific issue only, not just same topic.

Output pattern (always use this exact shape):
A: <phrase>
B: <phrase>
Answer: Yes/No

Examples:

A: no_evident_not_easy_check-in
B: customer_wait_10_minute_for_greet
Answer: Yes

A: no_evident_not_easy_check-in
B: no_one_give_key_on_late_check-in
Answer: No

A: no_evident_not_great_quality
B: shampoo_seem_cheap_considering_hotel_cost
Answer: Yes

A: no_evident_not_great_quality
B: expensive_hotel
Answer: No

Now answer for this pair. Output ONLY the final line ""Answer: Yes"" or ""Answer: No"" — no other text.

A: no_evident_not_staff_give_early_check-in
B: staff_not_provide_good_solution
Answer:
",no_evident_not_staff_give_early_check-in,staff_not_provide_good_solution,Yes
5405,"Task: decide if Proposition B contradicts Assumption A.

Steps:
1. A defends a claim (strip ""no_evident_not_"" / ""have_evident_"" to see it).
2. B states a fact.
3. Does B disprove A's claim? Same specific issue only, not just same topic.

Output pattern (always use this exact shape):
A: <phrase>
B: <phrase>
Answer: Yes/No

Examples:

A: no_evident_not_easy_check-in
B: customer_wait_10_minute_for_greet
Answer: Yes

A: no_evident_not_easy_check-in
B: no_one_give_key_on_late_check-in
Answer: No

A: no_evident_not_great_quality
B: shampoo_seem_cheap_considering_hotel_cost
Answer: Yes

A: no_evident_not_great_quality
B: expensive_hotel
Answer: No

Now answer for this pair. Output ONLY the final line ""Answer: Yes"" or ""Answer: No"" — no other text.

A: no_evident_not_staff_give_early_check-in
B: only_one_staff_wear_mask
Answer:
",no_evident_not_staff_give_early_check-in,only_one_staff_wear_mask,Yes
5418,"Task: decide if Proposition B contradicts Assumption A.

Steps:
1. A defends a claim (strip ""no_evident_not_"" / ""have_evident_"" to see it).
2. B states a fact.
3. Does B disprove A's claim? Same specific issue only, not just same topic.

Output pattern (always use this exact shape):
A: <phrase>
B: <phrase>
Answer: Yes/No

Examples:

A: no_evident_not_easy_check-in
B: customer_wait_10_minute_for_greet
Answer: Yes

A: no_evident_not_easy_check-in
B: no_one_give_key_on_late_check-in
Answer: No

A: no_evident_not_great_quality
B: shampoo_seem_cheap_considering_hotel_cost
Answer: Yes

A: no_evident_not_great_quality
B: expensive_hotel
Answer: No

Now answer for this pair. Output ONLY the final line ""Answer: Yes"" or ""Answer: No"" — no other text.

A: no_evident_not_staff_give_early_check-out
B: staff_not_justify_booking_issue
Answer:
",no_evident_not_staff_give_early_check-out,staff_not_justify_booking_issue,Yes
5423,"Task: decide if Proposition B contradicts Assumption A.

Steps:
1. A defends a claim (strip ""no_evident_not_"" / ""have_evident_"" to see it).
2. B states a fact.
3. Does B disprove A's claim? Same specific issue only, not just same topic.

Output pattern (always use this exact shape):
A: <phrase>
B: <phrase>
Answer: Yes/No

Examples:

A: no_evident_not_easy_check-in
B: customer_wait_10_minute_for_greet
Answer: Yes

A: no_evident_not_easy_check-in
B: no_one_give_key_on_late_check-in
Answer: No

A: no_evident_not_great_quality
B: shampoo_seem_cheap_considering_hotel_cost
Answer: Yes

A: no_evident_not_great_quality
B: expensive_hotel
Answer: No

Now answer for this pair. Output ONLY the final line ""Answer: Yes"" or ""Answer: No"" — no other text.

A: no_evident_not_staff_give_early_check-out
B: staff_has_unaceptable_manner
Answer:
",no_evident_not_staff_give_early_check-out,staff_has_unaceptable_manner,Yes
5435,"Task: decide if Proposition B contradicts Assumption A.

Steps:
1. A defends a claim (strip ""no_evident_not_"" / ""have_evident_"" to see it).
2. B states a fact.
3. Does B disprove A's claim? Same specific issue only, not just same topic.

Output pattern (always use this exact shape):
A: <phrase>
B: <phrase>
Answer: Yes/No

Examples:

A: no_evident_not_easy_check-in
B: customer_wait_10_minute_for_greet
Answer: Yes

A: no_evident_not_easy_check-in
B: no_one_give_key_on_late_check-in
Answer: No

A: no_evident_not_great_quality
B: shampoo_seem_cheap_considering_hotel_cost
Answer: Yes

A: no_evident_not_great_quality
B: expensive_hotel
Answer: No

Now answer for this pair. Output ONLY the final line ""Answer: Yes"" or ""Answer: No"" — no other text.

A: no_evident_not_staff_arrange_transfer_to_airport
B: not_kind_staff
Answer:
",no_evident_not_staff_arrange_transfer_to_airport,not_kind_staff,Yes
5464,"Task: decide if Proposition B contradicts Assumption A.

Steps:
1. A defends a claim (strip ""no_evident_not_"" / ""have_evident_"" to see it).
2. B states a fact.
3. Does B disprove A's claim? Same specific issue only, not just same topic.

Output pattern (always use this exact shape):
A: <phrase>
B: <phrase>
Answer: Yes/No

Examples:

A: no_evident_not_easy_check-in
B: customer_wait_10_minute_for_greet
Answer: Yes

A: no_evident_not_easy_check-in
B: no_one_give_key_on_late_check-in
Answer: No

A: no_evident_not_great_quality
B: shampoo_seem_cheap_considering_hotel_cost
Answer: Yes

A: no_evident_not_great_quality
B: expensive_hotel
Answer: No

Now answer for this pair. Output ONLY the final line ""Answer: Yes"" or ""Answer: No"" — no other text.

A: no_evident_not_staff_give_instruction_to_get_to_hotel
B: staff_not_justify_booking_issue
Answer:
",no_evident_not_staff_give_instruction_to_get_to_hotel,staff_not_justify_booking_issue,Yes
5472,"Task: decide if Proposition B contradicts Assumption A.

Steps:
1. A defends a claim (strip ""no_evident_not_"" / ""have_evident_"" to see it).
2. B states a fact.
3. Does B disprove A's claim? Same specific issue only, not just same topic.

Output pattern (always use this exact shape):
A: <phrase>
B: <phrase>
Answer: Yes/No

Examples:

A: no_evident_not_easy_check-in
B: customer_wait_10_minute_for_greet
Answer: Yes

A: no_evident_not_easy_check-in
B: no_one_give_key_on_late_check-in
Answer: No

A: no_evident_not_great_quality
B: shampoo_seem_cheap_considering_hotel_cost
Answer: Yes

A: no_evident_not_great_quality
B: expensive_hotel
Answer: No

Now answer for this pair. Output ONLY the final line ""Answer: Yes"" or ""Answer: No"" — no other text.

A: no_evident_not_staff_give_instruction_to_get_to_hotel
B: staff_not_understand_English_well
Answer:
",no_evident_not_staff_give_instruction_to_get_to_hotel,staff_not_understand_English_well,Yes
5481,"Task: decide if Proposition B contradicts Assumption A.

Steps:
1. A defends a claim (strip ""no_evident_not_"" / ""have_evident_"" to see it).
2. B states a fact.
3. Does B disprove A's claim? Same specific issue only, not just same topic.

Output pattern (always use this exact shape):
A: <phrase>
B: <phrase>
Answer: Yes/No

Examples:

A: no_evident_not_easy_check-in
B: customer_wait_10_minute_for_greet
Answer: Yes

A: no_evident_not_easy_check-in
B: no_one_give_key_on_late_check-in
Answer: No

A: no_evident_not_great_quality
B: shampoo_seem_cheap_considering_hotel_cost
Answer: Yes

A: no_evident_not_great_quality
B: expensive_hotel
Answer: No

Now answer for this pair. Output ONLY the final line ""Answer: Yes"" or ""Answer: No"" — no other text.

A: no_evident_not_staff_pick_up_at_bus_stop
B: not_kind_staff
Answer:
",no_evident_not_staff_pick_up_at_bus_stop,not_kind_staff,Yes
5487,"Task: decide if Proposition B contradicts Assumption A.

Steps:
1. A defends a claim (strip ""no_evident_not_"" / ""have_evident_"" to see it).
2. B states a fact.
3. Does B disprove A's claim? Same specific issue only, not just same topic.

Output pattern (always use this exact shape):
A: <phrase>
B: <phrase>
Answer: Yes/No

Examples:

A: no_evident_not_easy_check-in
B: customer_wait_10_minute_for_greet
Answer: Yes

A: no_evident_not_easy_check-in
B: no_one_give_key_on_late_check-in
Answer: No

A: no_evident_not_great_quality
B: shampoo_seem_cheap_considering_hotel_cost
Answer: Yes

A: no_evident_not_great_quality
B: expensive_hotel
Answer: No

Now answer for this pair. Output ONLY the final line ""Answer: Yes"" or ""Answer: No"" — no other text.

A: no_evident_not_staff_pick_up_at_bus_stop
B: staff_not_justify_booking_issue
Answer:
",no_evident_not_staff_pick_up_at_bus_stop,staff_not_justify_booking_issue,Yes
5488,"Task: decide if Proposition B contradicts Assumption A.

Steps:
1. A defends a claim (strip ""no_evident_not_"" / ""have_evident_"" to see it).
2. B states a fact.
3. Does B disprove A's claim? Same specific issue only, not just same topic.

Output pattern (always use this exact shape):
A: <phrase>
B: <phrase>
Answer: Yes/No

Examples:

A: no_evident_not_easy_check-in
B: customer_wait_10_minute_for_greet
Answer: Yes

A: no_evident_not_easy_check-in
B: no_one_give_key_on_late_check-in
Answer: No

A: no_evident_not_great_quality
B: shampoo_seem_cheap_considering_hotel_cost
Answer: Yes

A: no_evident_not_great_quality
B: expensive_hotel
Answer: No

Now answer for this pair. Output ONLY the final line ""Answer: Yes"" or ""Answer: No"" — no other text.

A: no_evident_not_staff_pick_up_at_bus_stop
B: staff_charge_for_cancellation_while_no_cancellation_charge_in_Booking.com
Answer:
",no_evident_not_staff_pick_up_at_bus_stop,staff_charge_for_cancellation_while_no_cancellation_charge_in_Booking.com,Yes
5491,"Task: decide if Proposition B contradicts Assumption A.

Steps:
1. A defends a claim (strip ""no_evident_not_"" / ""have_evident_"" to see it).
2. B states a fact.
3. Does B disprove A's claim? Same specific issue only, not just same topic.

Output pattern (always use this exact shape):
A: <phrase>
B: <phrase>
Answer: Yes/No

Examples:

A: no_evident_not_easy_check-in
B: customer_wait_10_minute_for_greet
Answer: Yes

A: no_evident_not_easy_check-in
B: no_one_give_key_on_late_check-in
Answer: No

A: no_evident_not_great_quality
B: shampoo_seem_cheap_considering_hotel_cost
Answer: Yes

A: no_evident_not_great_quality
B: expensive_hotel
Answer: No

Now answer for this pair. Output ONLY the final line ""Answer: Yes"" or ""Answer: No"" — no other text.

A: no_evident_not_staff_pick_up_at_bus_stop
B: staff_not_provide_good_solution
Answer:
",no_evident_not_staff_pick_up_at_bus_stop,staff_not_provide_good_solution,Yes
5503,"Task: decide if Proposition B contradicts Assumption A.

Steps:
1. A defends a claim (strip ""no_evident_not_"" / ""have_evident_"" to see it).
2. B states a fact.
3. Does B disprove A's claim? Same specific issue only, not just same topic.

Output pattern (always use this exact shape):
A: <phrase>
B: <phrase>
Answer: Yes/No

Examples:

A: no_evident_not_easy_check-in
B: customer_wait_10_minute_for_greet
Answer: Yes

A: no_evident_not_easy_check-in
B: no_one_give_key_on_late_check-in
Answer: No

A: no_evident_not_great_quality
B: shampoo_seem_cheap_considering_hotel_cost
Answer: Yes

A: no_evident_not_great_quality
B: expensive_hotel
Answer: No

Now answer for this pair. Output ONLY the final line ""Answer: Yes"" or ""Answer: No"" — no other text.

A: no_evident_not_staff_allow_leave_thing_after_check-out
B: staff_need_keep_update
Answer:
",no_evident_not_staff_allow_leave_thing_after_check-out,staff_need_keep_update,Yes
5517,"Task: decide if Proposition B contradicts Assumption A.

Steps:
1. A defends a claim (strip ""no_evident_not_"" / ""have_evident_"" to see it).
2. B states a fact.
3. Does B disprove A's claim? Same specific issue only, not just same topic.

Output pattern (always use this exact shape):
A: <phrase>
B: <phrase>
Answer: Yes/No

Examples:

A: no_evident_not_easy_check-in
B: customer_wait_10_minute_for_greet
Answer: Yes

A: no_evident_not_easy_check-in
B: no_one_give_key_on_late_check-in
Answer: No

A: no_evident_not_great_quality
B: shampoo_seem_cheap_considering_hotel_cost
Answer: Yes

A: no_evident_not_great_quality
B: expensive_hotel
Answer: No

Now answer for this pair. Output ONLY the final line ""Answer: Yes"" or ""Answer: No"" — no other text.

A: no_evident_not_staff_allow_leave_thing_after_check-out
B: no_staff_at_night
Answer:
",no_evident_not_staff_allow_leave_thing_after_check-out,no_staff_at_night,Yes
5532,"Task: decide if Proposition B contradicts Assumption A.

Steps:
1. A defends a claim (strip ""no_evident_not_"" / ""have_evident_"" to see it).
2. B states a fact.
3. Does B disprove A's claim? Same specific issue only, not just same topic.

Output pattern (always use this exact shape):
A: <phrase>
B: <phrase>
Answer: Yes/No

Examples:

A: no_evident_not_easy_check-in
B: customer_wait_10_minute_for_greet
Answer: Yes

A: no_evident_not_easy_check-in
B: no_one_give_key_on_late_check-in
Answer: No

A: no_evident_not_great_quality
B: shampoo_seem_cheap_considering_hotel_cost
Answer: Yes

A: no_evident_not_great_quality
B: expensive_hotel
Answer: No

Now answer for this pair. Output ONLY the final line ""Answer: Yes"" or ""Answer: No"" — no other text.

A: no_evident_not_staff_clean_everyday
B: offended_staff
Answer:
",no_evident_not_staff_clean_everyday,offended_staff,Yes
5544,"Task: decide if Proposition B contradicts Assumption A.

Steps:
1. A defends a claim (strip ""no_evident_not_"" / ""have_evident_"" to see it).
2. B states a fact.
3. Does B disprove A's claim? Same specific issue only, not just same topic.

Output pattern (always use this exact shape):
A: <phrase>
B: <phrase>
Answer: Yes/No

Examples:

A: no_evident_not_easy_check-in
B: customer_wait_10_minute_for_greet
Answer: Yes

A: no_evident_not_easy_check-in
B: no_one_give_key_on_late_check-in
Answer: No

A: no_evident_not_great_quality
B: shampoo_seem_cheap_considering_hotel_cost
Answer: Yes

A: no_evident_not_great_quality
B: expensive_hotel
Answer: No

Now answer for this pair. Output ONLY the final line ""Answer: Yes"" or ""Answer: No"" — no other text.

A: no_evident_not_staff_solve_problem_instantly
B: staff_not_speak_English_properly
Answer:
",no_evident_not_staff_solve_problem_instantly,staff_not_speak_English_properly,Yes
5573,"Task: decide if Proposition B contradicts Assumption A.

Steps:
1. A defends a claim (strip ""no_evident_not_"" / ""have_evident_"" to see it).
2. B states a fact.
3. Does B disprove A's claim? Same specific issue only, not just same topic.

Output pattern (always use this exact shape):
A: <phrase>
B: <phrase>
Answer: Yes/No

Examples:

A: no_evident_not_easy_check-in
B: customer_wait_10_minute_for_greet
Answer: Yes

A: no_evident_not_easy_check-in
B: no_one_give_key_on_late_check-in
Answer: No

A: no_evident_not_great_quality
B: shampoo_seem_cheap_considering_hotel_cost
Answer: Yes

A: no_evident_not_great_quality
B: expensive_hotel
Answer: No

Now answer for this pair. Output ONLY the final line ""Answer: Yes"" or ""Answer: No"" — no other text.

A: no_evident_not_staff_wait_until_2am
B: not_kind_staff
Answer:
",no_evident_not_staff_wait_until_2am,not_kind_staff,Yes
5575,"Task: decide if Proposition B contradicts Assumption A.

Steps:
1. A defends a claim (strip ""no_evident_not_"" / ""have_evident_"" to see it).
2. B states a fact.
3. Does B disprove A's claim? Same specific issue only, not just same topic.

Output pattern (always use this exact shape):
A: <phrase>
B: <phrase>
Answer: Yes/No

Examples:

A: no_evident_not_easy_check-in
B: customer_wait_10_minute_for_greet
Answer: Yes

A: no_evident_not_easy_check-in
B: no_one_give_key_on_late_check-in
Answer: No

A: no_evident_not_great_quality
B: shampoo_seem_cheap_considering_hotel_cost
Answer: Yes

A: no_evident_not_great_quality
B: expensive_hotel
Answer: No

Now answer for this pair. Output ONLY the final line ""Answer: Yes"" or ""Answer: No"" — no other text.

A: no_evident_not_staff_wait_until_2am
B: staff_fail_to_communicate_with_taxi
Answer:
",no_evident_not_staff_wait_until_2am,staff_fail_to_communicate_with_taxi,Yes
5585,"Task: decide if Proposition B contradicts Assumption A.

Steps:
1. A defends a claim (strip ""no_evident_not_"" / ""have_evident_"" to see it).
2. B states a fact.
3. Does B disprove A's claim? Same specific issue only, not just same topic.

Output pattern (always use this exact shape):
A: <phrase>
B: <phrase>
Answer: Yes/No

Examples:

A: no_evident_not_easy_check-in
B: customer_wait_10_minute_for_greet
Answer: Yes

A: no_evident_not_easy_check-in
B: no_one_give_key_on_late_check-in
Answer: No

A: no_evident_not_great_quality
B: shampoo_seem_cheap_considering_hotel_cost
Answer: Yes

A: no_evident_not_great_quality
B: expensive_hotel
Answer: No

Now answer for this pair. Output ONLY the final line ""Answer: Yes"" or ""Answer: No"" — no other text.

A: no_evident_not_staff_wait_until_2am
B: staff_not_speak_Cypriot_language
Answer:
",no_evident_not_staff_wait_until_2am,staff_not_speak_Cypriot_language,Yes
5588,"Task: decide if Proposition B contradicts Assumption A.

Steps:
1. A defends a claim (strip ""no_evident_not_"" / ""have_evident_"" to see it).
2. B states a fact.
3. Does B disprove A's claim? Same specific issue only, not just same topic.

Output pattern (always use this exact shape):
A: <phrase>
B: <phrase>
Answer: Yes/No

Examples:

A: no_evident_not_easy_check-in
B: customer_wait_10_minute_for_greet
Answer: Yes

A: no_evident_not_easy_check-in
B: no_one_give_key_on_late_check-in
Answer: No

A: no_evident_not_great_quality
B: shampoo_seem_cheap_considering_hotel_cost
Answer: Yes

A: no_evident_not_great_quality
B: expensive_hotel
Answer: No

Now answer for this pair. Output ONLY the final line ""Answer: Yes"" or ""Answer: No"" — no other text.

A: no_evident_not_staff_wait_until_2am
B: staff_cannot_give_bus_to_airport_information
Answer:
",no_evident_not_staff_wait_until_2am,staff_cannot_give_bus_to_airport_information,Yes
5600,"Task: decide if Proposition B contradicts Assumption A.

Steps:
1. A defends a claim (strip ""no_evident_not_"" / ""have_evident_"" to see it).
2. B states a fact.
3. Does B disprove A's claim? Same specific issue only, not just same topic.

Output pattern (always use this exact shape):
A: <phrase>
B: <phrase>
Answer: Yes/No

Examples:

A: no_evident_not_easy_check-in
B: customer_wait_10_minute_for_greet
Answer: Yes

A: no_evident_not_easy_check-in
B: no_one_give_key_on_late_check-in
Answer: No

A: no_evident_not_great_quality
B: shampoo_seem_cheap_considering_hotel_cost
Answer: Yes

A: no_evident_not_great_quality
B: expensive_hotel
Answer: No

Now answer for this pair. Output ONLY the final line ""Answer: Yes"" or ""Answer: No"" — no other text.

A: no_evident_not_staff_organize_fast_transfer
B: staff_cannot_provide_double_bed
Answer:
",no_evident_not_staff_organize_fast_transfer,staff_cannot_provide_double_bed,Yes
5609,"Task: decide if Proposition B contradicts Assumption A.

Steps:
1. A defends a claim (strip ""no_evident_not_"" / ""have_evident_"" to see it).
2. B states a fact.
3. Does B disprove A's claim? Same specific issue only, not just same topic.

Output pattern (always use this exact shape):
A: <phrase>
B: <phrase>
Answer: Yes/No

Examples:

A: no_evident_not_easy_check-in
B: customer_wait_10_minute_for_greet
Answer: Yes

A: no_evident_not_easy_check-in
B: no_one_give_key_on_late_check-in
Answer: No

A: no_evident_not_great_quality
B: shampoo_seem_cheap_considering_hotel_cost
Answer: Yes

A: no_evident_not_great_quality
B: expensive_hotel
Answer: No

Now answer for this pair. Output ONLY the final line ""Answer: Yes"" or ""Answer: No"" — no other text.

A: no_evident_not_staff_organize_fast_transfer
B: no_staff_at_night
Answer:
",no_evident_not_staff_organize_fast_transfer,no_staff_at_night,Yes
5632,"Task: decide if Proposition B contradicts Assumption A.

Steps:
1. A defends a claim (strip ""no_evident_not_"" / ""have_evident_"" to see it).
2. B states a fact.
3. Does B disprove A's claim? Same specific issue only, not just same topic.

Output pattern (always use this exact shape):
A: <phrase>
B: <phrase>
Answer: Yes/No

Examples:

A: no_evident_not_easy_check-in
B: customer_wait_10_minute_for_greet
Answer: Yes

A: no_evident_not_easy_check-in
B: no_one_give_key_on_late_check-in
Answer: No

A: no_evident_not_great_quality
B: shampoo_seem_cheap_considering_hotel_cost
Answer: Yes

A: no_evident_not_great_quality
B: expensive_hotel
Answer: No

Now answer for this pair. Output ONLY the final line ""Answer: Yes"" or ""Answer: No"" — no other text.

A: no_evident_not_staff_solve_wish_immediately
B: no_staff_at_night
Answer:
",no_evident_not_staff_solve_wish_immediately,no_staff_at_night,Yes
5638,"Task: decide if Proposition B contradicts Assumption A.

Steps:
1. A defends a claim (strip ""no_evident_not_"" / ""have_evident_"" to see it).
2. B states a fact.
3. Does B disprove A's claim? Same specific issue only, not just same topic.

Output pattern (always use this exact shape):
A: <phrase>
B: <phrase>
Answer: Yes/No

Examples:

A: no_evident_not_easy_check-in
B: customer_wait_10_minute_for_greet
Answer: Yes

A: no_evident_not_easy_check-in
B: no_one_give_key_on_late_check-in
Answer: No

A: no_evident_not_great_quality
B: shampoo_seem_cheap_considering_hotel_cost
Answer: Yes

A: no_evident_not_great_quality
B: expensive_hotel
Answer: No

Now answer for this pair. Output ONLY the final line ""Answer: Yes"" or ""Answer: No"" — no other text.

A: no_evident_not_staff_solve_problem_immediately
B: staff_should_learn_better_English
Answer:
",no_evident_not_staff_solve_problem_immediately,staff_should_learn_better_English,Yes
5652,"Task: decide if Proposition B contradicts Assumption A.

Steps:
1. A defends a claim (strip ""no_evident_not_"" / ""have_evident_"" to see it).
2. B states a fact.
3. Does B disprove A's claim? Same specific issue only, not just same topic.

Output pattern (always use this exact shape):
A: <phrase>
B: <phrase>
Answer: Yes/No

Examples:

A: no_evident_not_easy_check-in
B: customer_wait_10_minute_for_greet
Answer: Yes

A: no_evident_not_easy_check-in
B: no_one_give_key_on_late_check-in
Answer: No

A: no_evident_not_great_quality
B: shampoo_seem_cheap_considering_hotel_cost
Answer: Yes

A: no_evident_not_great_quality
B: expensive_hotel
Answer: No

Now answer for this pair. Output ONLY the final line ""Answer: Yes"" or ""Answer: No"" — no other text.

A: no_evident_not_staff_solve_problem_immediately
B: staff_not_provide_good_solution
Answer:
",no_evident_not_staff_solve_problem_immediately,staff_not_provide_good_solution,Yes
5661,"Task: decide if Proposition B contradicts Assumption A.

Steps:
1. A defends a claim (strip ""no_evident_not_"" / ""have_evident_"" to see it).
2. B states a fact.
3. Does B disprove A's claim? Same specific issue only, not just same topic.

Output pattern (always use this exact shape):
A: <phrase>
B: <phrase>
Answer: Yes/No

Examples:

A: no_evident_not_easy_check-in
B: customer_wait_10_minute_for_greet
Answer: Yes

A: no_evident_not_easy_check-in
B: no_one_give_key_on_late_check-in
Answer: No

A: no_evident_not_great_quality
B: shampoo_seem_cheap_considering_hotel_cost
Answer: Yes

A: no_evident_not_great_quality
B: expensive_hotel
Answer: No

Now answer for this pair. Output ONLY the final line ""Answer: Yes"" or ""Answer: No"" — no other text.

A: no_evident_not_staff_welcome_in_French
B: staff_should_learn_better_English
Answer:
",no_evident_not_staff_welcome_in_French,staff_should_learn_better_English,Yes
5707,"Task: decide if Proposition B contradicts Assumption A.

Steps:
1. A defends a claim (strip ""no_evident_not_"" / ""have_evident_"" to see it).
2. B states a fact.
3. Does B disprove A's claim? Same specific issue only, not just same topic.

Output pattern (always use this exact shape):
A: <phrase>
B: <phrase>
Answer: Yes/No

Examples:

A: no_evident_not_easy_check-in
B: customer_wait_10_minute_for_greet
Answer: Yes

A: no_evident_not_easy_check-in
B: no_one_give_key_on_late_check-in
Answer: No

A: no_evident_not_great_quality
B: shampoo_seem_cheap_considering_hotel_cost
Answer: Yes

A: no_evident_not_great_quality
B: expensive_hotel
Answer: No

Now answer for this pair. Output ONLY the final line ""Answer: Yes"" or ""Answer: No"" — no other text.

A: no_evident_not_sympathy_of_restaurant_staff
B: staff_should_learn_better_English
Answer:
",no_evident_not_sympathy_of_restaurant_staff,staff_should_learn_better_English,Yes
5720,"Task: decide if Proposition B contradicts Assumption A.

Steps:
1. A defends a claim (strip ""no_evident_not_"" / ""have_evident_"" to see it).
2. B states a fact.
3. Does B disprove A's claim? Same specific issue only, not just same topic.

Output pattern (always use this exact shape):
A: <phrase>
B: <phrase>
Answer: Yes/No

Examples:

A: no_evident_not_easy_check-in
B: customer_wait_10_minute_for_greet
Answer: Yes

A: no_evident_not_easy_check-in
B: no_one_give_key_on_late_check-in
Answer: No

A: no_evident_not_great_quality
B: shampoo_seem_cheap_considering_hotel_cost
Answer: Yes

A: no_evident_not_great_quality
B: expensive_hotel
Answer: No

Now answer for this pair. Output ONLY the final line ""Answer: Yes"" or ""Answer: No"" — no other text.

A: no_evident_not_sympathy_of_restaurant_staff
B: staff_mistakenly_throw_valuable_item_during_cleaning_service
Answer:
",no_evident_not_sympathy_of_restaurant_staff,staff_mistakenly_throw_valuable_item_during_cleaning_service,Yes
5745,"Task: decide if Proposition B contradicts Assumption A.

Steps:
1. A defends a claim (strip ""no_evident_not_"" / ""have_evident_"" to see it).
2. B states a fact.
3. Does B disprove A's claim? Same specific issue only, not just same topic.

Output pattern (always use this exact shape):
A: <phrase>
B: <phrase>
Answer: Yes/No

Examples:

A: no_evident_not_easy_check-in
B: customer_wait_10_minute_for_greet
Answer: Yes

A: no_evident_not_easy_check-in
B: no_one_give_key_on_late_check-in
Answer: No

A: no_evident_not_great_quality
B: shampoo_seem_cheap_considering_hotel_cost
Answer: Yes

A: no_evident_not_great_quality
B: expensive_hotel
Answer: No

Now answer for this pair. Output ONLY the final line ""Answer: Yes"" or ""Answer: No"" — no other text.

A: no_evident_not_super_service_staff
B: staff_has_unaceptable_manner
Answer:
",no_evident_not_super_service_staff,staff_has_unaceptable_manner,Yes
5746,"Task: decide if Proposition B contradicts Assumption A.

Steps:
1. A defends a claim (strip ""no_evident_not_"" / ""have_evident_"" to see it).
2. B states a fact.
3. Does B disprove A's claim? Same specific issue only, not just same topic.

Output pattern (always use this exact shape):
A: <phrase>
B: <phrase>
Answer: Yes/No

Examples:

A: no_evident_not_easy_check-in
B: customer_wait_10_minute_for_greet
Answer: Yes

A: no_evident_not_easy_check-in
B: no_one_give_key_on_late_check-in
Answer: No

A: no_evident_not_great_quality
B: shampoo_seem_cheap_considering_hotel_cost
Answer: Yes

A: no_evident_not_great_quality
B: expensive_hotel
Answer: No

Now answer for this pair. Output ONLY the final line ""Answer: Yes"" or ""Answer: No"" — no other text.

A: no_evident_not_super_service_staff
B: staff_not_speak_Cypriot_language
Answer:
",no_evident_not_super_service_staff,staff_not_speak_Cypriot_language,Yes
5750,"Task: decide if Proposition B contradicts Assumption A.

Steps:
1. A defends a claim (strip ""no_evident_not_"" / ""have_evident_"" to see it).
2. B states a fact.
3. Does B disprove A's claim? Same specific issue only, not just same topic.

Output pattern (always use this exact shape):
A: <phrase>
B: <phrase>
Answer: Yes/No

Examples:

A: no_evident_not_easy_check-in
B: customer_wait_10_minute_for_greet
Answer: Yes

A: no_evident_not_easy_check-in
B: no_one_give_key_on_late_check-in
Answer: No

A: no_evident_not_great_quality
B: shampoo_seem_cheap_considering_hotel_cost
Answer: Yes

A: no_evident_not_great_quality
B: expensive_hotel
Answer: No

Now answer for this pair. Output ONLY the final line ""Answer: Yes"" or ""Answer: No"" — no other text.

A: no_evident_not_super_service_staff
B: only_one_staff_wear_mask
Answer:
",no_evident_not_super_service_staff,only_one_staff_wear_mask,Yes
5764,"Task: decide if Proposition B contradicts Assumption A.

Steps:
1. A defends a claim (strip ""no_evident_not_"" / ""have_evident_"" to see it).
2. B states a fact.
3. Does B disprove A's claim? Same specific issue only, not just same topic.

Output pattern (always use this exact shape):
A: <phrase>
B: <phrase>
Answer: Yes/No

Examples:

A: no_evident_not_easy_check-in
B: customer_wait_10_minute_for_greet
Answer: Yes

A: no_evident_not_easy_check-in
B: no_one_give_key_on_late_check-in
Answer: No

A: no_evident_not_great_quality
B: shampoo_seem_cheap_considering_hotel_cost
Answer: Yes

A: no_evident_not_great_quality
B: expensive_hotel
Answer: No

Now answer for this pair. Output ONLY the final line ""Answer: Yes"" or ""Answer: No"" — no other text.

A: no_evident_not_staff_help_immediately_with_adapter
B: staff_charge_for_cancellation_while_no_cancellation_charge_in_Booking.com
Answer:
",no_evident_not_staff_help_immediately_with_adapter,staff_charge_for_cancellation_while_no_cancellation_charge_in_Booking.com,Yes
5772,"Task: decide if Proposition B contradicts Assumption A.

Steps:
1. A defends a claim (strip ""no_evident_not_"" / ""have_evident_"" to see it).
2. B states a fact.
3. Does B disprove A's claim? Same specific issue only, not just same topic.

Output pattern (always use this exact shape):
A: <phrase>
B: <phrase>
Answer: Yes/No

Examples:

A: no_evident_not_easy_check-in
B: customer_wait_10_minute_for_greet
Answer: Yes

A: no_evident_not_easy_check-in
B: no_one_give_key_on_late_check-in
Answer: No

A: no_evident_not_great_quality
B: shampoo_seem_cheap_considering_hotel_cost
Answer: Yes

A: no_evident_not_great_quality
B: expensive_hotel
Answer: No

Now answer for this pair. Output ONLY the final line ""Answer: Yes"" or ""Answer: No"" — no other text.

A: no_evident_not_staff_help_immediately_with_adapter
B: staff_cannot_give_bus_to_airport_information
Answer:
",no_evident_not_staff_help_immediately_with_adapter,staff_cannot_give_bus_to_airport_information,Yes
5781,"Task: decide if Proposition B contradicts Assumption A.

Steps:
1. A defends a claim (strip ""no_evident_not_"" / ""have_evident_"" to see it).
2. B states a fact.
3. Does B disprove A's claim? Same specific issue only, not just same topic.

Output pattern (always use this exact shape):
A: <phrase>
B: <phrase>
Answer: Yes/No

Examples:

A: no_evident_not_easy_check-in
B: customer_wait_10_minute_for_greet
Answer: Yes

A: no_evident_not_easy_check-in
B: no_one_give_key_on_late_check-in
Answer: No

A: no_evident_not_great_quality
B: shampoo_seem_cheap_considering_hotel_cost
Answer: Yes

A: no_evident_not_great_quality
B: expensive_hotel
Answer: No

Now answer for this pair. Output ONLY the final line ""Answer: Yes"" or ""Answer: No"" — no other text.

A: no_evident_not_staff_drive_me_to_airport
B: no_empathy_staff
Answer:
",no_evident_not_staff_drive_me_to_airport,no_empathy_staff,Yes
5799,"Task: decide if Proposition B contradicts Assumption A.

Steps:
1. A defends a claim (strip ""no_evident_not_"" / ""have_evident_"" to see it).
2. B states a fact.
3. Does B disprove A's claim? Same specific issue only, not just same topic.

Output pattern (always use this exact shape):
A: <phrase>
B: <phrase>
Answer: Yes/No

Examples:

A: no_evident_not_easy_check-in
B: customer_wait_10_minute_for_greet
Answer: Yes

A: no_evident_not_easy_check-in
B: no_one_give_key_on_late_check-in
Answer: No

A: no_evident_not_great_quality
B: shampoo_seem_cheap_considering_hotel_cost
Answer: Yes

A: no_evident_not_great_quality
B: expensive_hotel
Answer: No

Now answer for this pair. Output ONLY the final line ""Answer: Yes"" or ""Answer: No"" — no other text.

A: no_evident_not_can_request_adapter
B: staff_should_learn_better_English
Answer:
",no_evident_not_can_request_adapter,staff_should_learn_better_English,Yes
5841,"Task: decide if Proposition B contradicts Assumption A.

Steps:
1. A defends a claim (strip ""no_evident_not_"" / ""have_evident_"" to see it).
2. B states a fact.
3. Does B disprove A's claim? Same specific issue only, not just same topic.

Output pattern (always use this exact shape):
A: <phrase>
B: <phrase>
Answer: Yes/No

Examples:

A: no_evident_not_easy_check-in
B: customer_wait_10_minute_for_greet
Answer: Yes

A: no_evident_not_easy_check-in
B: no_one_give_key_on_late_check-in
Answer: No

A: no_evident_not_great_quality
B: shampoo_seem_cheap_considering_hotel_cost
Answer: Yes

A: no_evident_not_great_quality
B: expensive_hotel
Answer: No

Now answer for this pair. Output ONLY the final line ""Answer: Yes"" or ""Answer: No"" — no other text.

A: no_evident_not_can_request_socket
B: staff_cannot_give_bus_to_airport_information
Answer:
",no_evident_not_can_request_socket,staff_cannot_give_bus_to_airport_information,Yes
5866,"Task: decide if Proposition B contradicts Assumption A.

Steps:
1. A defends a claim (strip ""no_evident_not_"" / ""have_evident_"" to see it).
2. B states a fact.
3. Does B disprove A's claim? Same specific issue only, not just same topic.

Output pattern (always use this exact shape):
A: <phrase>
B: <phrase>
Answer: Yes/No

Examples:

A: no_evident_not_easy_check-in
B: customer_wait_10_minute_for_greet
Answer: Yes

A: no_evident_not_easy_check-in
B: no_one_give_key_on_late_check-in
Answer: No

A: no_evident_not_great_quality
B: shampoo_seem_cheap_considering_hotel_cost
Answer: Yes

A: no_evident_not_great_quality
B: expensive_hotel
Answer: No

Now answer for this pair. Output ONLY the final line ""Answer: Yes"" or ""Answer: No"" — no other text.

A: no_evident_not_cordial_staff
B: staff_not_speak_English_properly
Answer:
",no_evident_not_cordial_staff,staff_not_speak_English_properly,Yes
5868,"Task: decide if Proposition B contradicts Assumption A.

Steps:
1. A defends a claim (strip ""no_evident_not_"" / ""have_evident_"" to see it).
2. B states a fact.
3. Does B disprove A's claim? Same specific issue only, not just same topic.

Output pattern (always use this exact shape):
A: <phrase>
B: <phrase>
Answer: Yes/No

Examples:

A: no_evident_not_easy_check-in
B: customer_wait_10_minute_for_greet
Answer: Yes

A: no_evident_not_easy_check-in
B: no_one_give_key_on_late_check-in
Answer: No

A: no_evident_not_great_quality
B: shampoo_seem_cheap_considering_hotel_cost
Answer: Yes

A: no_evident_not_great_quality
B: expensive_hotel
Answer: No

Now answer for this pair. Output ONLY the final line ""Answer: Yes"" or ""Answer: No"" — no other text.

A: no_evident_not_cordial_staff
B: staff_should_learn_better_English
Answer:
",no_evident_not_cordial_staff,staff_should_learn_better_English,Yes
5879,"Task: decide if Proposition B contradicts Assumption A.

Steps:
1. A defends a claim (strip ""no_evident_not_"" / ""have_evident_"" to see it).
2. B states a fact.
3. Does B disprove A's claim? Same specific issue only, not just same topic.

Output pattern (always use this exact shape):
A: <phrase>
B: <phrase>
Answer: Yes/No

Examples:

A: no_evident_not_easy_check-in
B: customer_wait_10_minute_for_greet
Answer: Yes

A: no_evident_not_easy_check-in
B: no_one_give_key_on_late_check-in
Answer: No

A: no_evident_not_great_quality
B: shampoo_seem_cheap_considering_hotel_cost
Answer: Yes

A: no_evident_not_great_quality
B: expensive_hotel
Answer: No

Now answer for this pair. Output ONLY the final line ""Answer: Yes"" or ""Answer: No"" — no other text.

A: no_evident_not_cordial_staff
B: staff_charge_for_cancellation_while_no_cancellation_charge_in_Booking.com
Answer:
",no_evident_not_cordial_staff,staff_charge_for_cancellation_while_no_cancellation_charge_in_Booking.com,Yes
5882,"Task: decide if Proposition B contradicts Assumption A.

Steps:
1. A defends a claim (strip ""no_evident_not_"" / ""have_evident_"" to see it).
2. B states a fact.
3. Does B disprove A's claim? Same specific issue only, not just same topic.

Output pattern (always use this exact shape):
A: <phrase>
B: <phrase>
Answer: Yes/No

Examples:

A: no_evident_not_easy_check-in
B: customer_wait_10_minute_for_greet
Answer: Yes

A: no_evident_not_easy_check-in
B: no_one_give_key_on_late_check-in
Answer: No

A: no_evident_not_great_quality
B: shampoo_seem_cheap_considering_hotel_cost
Answer: Yes

A: no_evident_not_great_quality
B: expensive_hotel
Answer: No

Now answer for this pair. Output ONLY the final line ""Answer: Yes"" or ""Answer: No"" — no other text.

A: no_evident_not_cordial_staff
B: staff_not_provide_good_solution
Answer:
",no_evident_not_cordial_staff,staff_not_provide_good_solution,Yes
5886,"Task: decide if Proposition B contradicts Assumption A.

Steps:
1. A defends a claim (strip ""no_evident_not_"" / ""have_evident_"" to see it).
2. B states a fact.
3. Does B disprove A's claim? Same specific issue only, not just same topic.

Output pattern (always use this exact shape):
A: <phrase>
B: <phrase>
Answer: Yes/No

Examples:

A: no_evident_not_easy_check-in
B: customer_wait_10_minute_for_greet
Answer: Yes

A: no_evident_not_easy_check-in
B: no_one_give_key_on_late_check-in
Answer: No

A: no_evident_not_great_quality
B: shampoo_seem_cheap_considering_hotel_cost
Answer: Yes

A: no_evident_not_great_quality
B: expensive_hotel
Answer: No

Now answer for this pair. Output ONLY the final line ""Answer: Yes"" or ""Answer: No"" — no other text.

A: no_evident_not_cordial_staff
B: staff_not_understand_English_well
Answer:
",no_evident_not_cordial_staff,staff_not_understand_English_well,Yes
5896,"Task: decide if Proposition B contradicts Assumption A.

Steps:
1. A defends a claim (strip ""no_evident_not_"" / ""have_evident_"" to see it).
2. B states a fact.
3. Does B disprove A's claim? Same specific issue only, not just same topic.

Output pattern (always use this exact shape):
A: <phrase>
B: <phrase>
Answer: Yes/No

Examples:

A: no_evident_not_easy_check-in
B: customer_wait_10_minute_for_greet
Answer: Yes

A: no_evident_not_easy_check-in
B: no_one_give_key_on_late_check-in
Answer: No

A: no_evident_not_great_quality
B: shampoo_seem_cheap_considering_hotel_cost
Answer: Yes

A: no_evident_not_great_quality
B: expensive_hotel
Answer: No

Now answer for this pair. Output ONLY the final line ""Answer: Yes"" or ""Answer: No"" — no other text.

A: no_evident_not_quiet_staff
B: no_empathy_staff
Answer:
",no_evident_not_quiet_staff,no_empathy_staff,Yes
5905,"Task: decide if Proposition B contradicts Assumption A.

Steps:
1. A defends a claim (strip ""no_evident_not_"" / ""have_evident_"" to see it).
2. B states a fact.
3. Does B disprove A's claim? Same specific issue only, not just same topic.

Output pattern (always use this exact shape):
A: <phrase>
B: <phrase>
Answer: Yes/No

Examples:

A: no_evident_not_easy_check-in
B: customer_wait_10_minute_for_greet
Answer: Yes

A: no_evident_not_easy_check-in
B: no_one_give_key_on_late_check-in
Answer: No

A: no_evident_not_great_quality
B: shampoo_seem_cheap_considering_hotel_cost
Answer: Yes

A: no_evident_not_great_quality
B: expensive_hotel
Answer: No

Now answer for this pair. Output ONLY the final line ""Answer: Yes"" or ""Answer: No"" — no other text.

A: no_evident_not_quiet_staff
B: staff_not_provide_good_solution
Answer:
",no_evident_not_quiet_staff,staff_not_provide_good_solution,Yes
5916,"Task: decide if Proposition B contradicts Assumption A.

Steps:
1. A defends a claim (strip ""no_evident_not_"" / ""have_evident_"" to see it).
2. B states a fact.
3. Does B disprove A's claim? Same specific issue only, not just same topic.

Output pattern (always use this exact shape):
A: <phrase>
B: <phrase>
Answer: Yes/No

Examples:

A: no_evident_not_easy_check-in
B: customer_wait_10_minute_for_greet
Answer: Yes

A: no_evident_not_easy_check-in
B: no_one_give_key_on_late_check-in
Answer: No

A: no_evident_not_great_quality
B: shampoo_seem_cheap_considering_hotel_cost
Answer: Yes

A: no_evident_not_great_quality
B: expensive_hotel
Answer: No

Now answer for this pair. Output ONLY the final line ""Answer: Yes"" or ""Answer: No"" — no other text.

A: no_evident_not_top_staff
B: staff_need_improve_collaboration
Answer:
",no_evident_not_top_staff,staff_need_improve_collaboration,Yes
5926,"Task: decide if Proposition B contradicts Assumption A.

Steps:
1. A defends a claim (strip ""no_evident_not_"" / ""have_evident_"" to see it).
2. B states a fact.
3. Does B disprove A's claim? Same specific issue only, not just same topic.

Output pattern (always use this exact shape):
A: <phrase>
B: <phrase>
Answer: Yes/No

Examples:

A: no_evident_not_easy_check-in
B: customer_wait_10_minute_for_greet
Answer: Yes

A: no_evident_not_easy_check-in
B: no_one_give_key_on_late_check-in
Answer: No

A: no_evident_not_great_quality
B: shampoo_seem_cheap_considering_hotel_cost
Answer: Yes

A: no_evident_not_great_quality
B: expensive_hotel
Answer: No

Now answer for this pair. Output ONLY the final line ""Answer: Yes"" or ""Answer: No"" — no other text.

A: no_evident_not_top_staff
B: staff_enforce_cancellation_charge
Answer:
",no_evident_not_top_staff,staff_enforce_cancellation_charge,Yes
5966,"Task: decide if Proposition B contradicts Assumption A.

Steps:
1. A defends a claim (strip ""no_evident_not_"" / ""have_evident_"" to see it).
2. B states a fact.
3. Does B disprove A's claim? Same specific issue only, not just same topic.

Output pattern (always use this exact shape):
A: <phrase>
B: <phrase>
Answer: Yes/No

Examples:

A: no_evident_not_easy_check-in
B: customer_wait_10_minute_for_greet
Answer: Yes

A: no_evident_not_easy_check-in
B: no_one_give_key_on_late_check-in
Answer: No

A: no_evident_not_great_quality
B: shampoo_seem_cheap_considering_hotel_cost
Answer: Yes

A: no_evident_not_great_quality
B: expensive_hotel
Answer: No

Now answer for this pair. Output ONLY the final line ""Answer: Yes"" or ""Answer: No"" — no other text.

A: no_evident_not_staff_explain
B: staff_fail_to_communicate_with_taxi
Answer:
",no_evident_not_staff_explain,staff_fail_to_communicate_with_taxi,Yes
5973,"Task: decide if Proposition B contradicts Assumption A.

Steps:
1. A defends a claim (strip ""no_evident_not_"" / ""have_evident_"" to see it).
2. B states a fact.
3. Does B disprove A's claim? Same specific issue only, not just same topic.

Output pattern (always use this exact shape):
A: <phrase>
B: <phrase>
Answer: Yes/No

Examples:

A: no_evident_not_easy_check-in
B: customer_wait_10_minute_for_greet
Answer: Yes

A: no_evident_not_easy_check-in
B: no_one_give_key_on_late_check-in
Answer: No

A: no_evident_not_great_quality
B: shampoo_seem_cheap_considering_hotel_cost
Answer: Yes

A: no_evident_not_great_quality
B: expensive_hotel
Answer: No

Now answer for this pair. Output ONLY the final line ""Answer: Yes"" or ""Answer: No"" — no other text.

A: no_evident_not_staff_explain
B: staff_mistakenly_throw_valuable_item_during_cleaning_service
Answer:
",no_evident_not_staff_explain,staff_mistakenly_throw_valuable_item_during_cleaning_service,Yes
5974,"Task: decide if Proposition B contradicts Assumption A.

Steps:
1. A defends a claim (strip ""no_evident_not_"" / ""have_evident_"" to see it).
2. B states a fact.
3. Does B disprove A's claim? Same specific issue only, not just same topic.

Output pattern (always use this exact shape):
A: <phrase>
B: <phrase>
Answer: Yes/No

Examples:

A: no_evident_not_easy_check-in
B: customer_wait_10_minute_for_greet
Answer: Yes

A: no_evident_not_easy_check-in
B: no_one_give_key_on_late_check-in
Answer: No

A: no_evident_not_great_quality
B: shampoo_seem_cheap_considering_hotel_cost
Answer: Yes

A: no_evident_not_great_quality
B: expensive_hotel
Answer: No

Now answer for this pair. Output ONLY the final line ""Answer: Yes"" or ""Answer: No"" — no other text.

A: no_evident_not_staff_explain
B: staff_not_provide_good_solution
Answer:
",no_evident_not_staff_explain,staff_not_provide_good_solution,Yes
5978,"Task: decide if Proposition B contradicts Assumption A.

Steps:
1. A defends a claim (strip ""no_evident_not_"" / ""have_evident_"" to see it).
2. B states a fact.
3. Does B disprove A's claim? Same specific issue only, not just same topic.

Output pattern (always use this exact shape):
A: <phrase>
B: <phrase>
Answer: Yes/No

Examples:

A: no_evident_not_easy_check-in
B: customer_wait_10_minute_for_greet
Answer: Yes

A: no_evident_not_easy_check-in
B: no_one_give_key_on_late_check-in
Answer: No

A: no_evident_not_great_quality
B: shampoo_seem_cheap_considering_hotel_cost
Answer: Yes

A: no_evident_not_great_quality
B: expensive_hotel
Answer: No

Now answer for this pair. Output ONLY the final line ""Answer: Yes"" or ""Answer: No"" — no other text.

A: no_evident_not_staff_explain
B: staff_not_understand_English_well
Answer:
",no_evident_not_staff_explain,staff_not_understand_English_well,Yes
5980,"Task: decide if Proposition B contradicts Assumption A.

Steps:
1. A defends a claim (strip ""no_evident_not_"" / ""have_evident_"" to see it).
2. B states a fact.
3. Does B disprove A's claim? Same specific issue only, not just same topic.

Output pattern (always use this exact shape):
A: <phrase>
B: <phrase>
Answer: Yes/No

Examples:

A: no_evident_not_easy_check-in
B: customer_wait_10_minute_for_greet
Answer: Yes

A: no_evident_not_easy_check-in
B: no_one_give_key_on_late_check-in
Answer: No

A: no_evident_not_great_quality
B: shampoo_seem_cheap_considering_hotel_cost
Answer: Yes

A: no_evident_not_great_quality
B: expensive_hotel
Answer: No

Now answer for this pair. Output ONLY the final line ""Answer: Yes"" or ""Answer: No"" — no other text.

A: no_evident_not_staff_explain
B: only_one_staff_wear_mask
Answer:
",no_evident_not_staff_explain,only_one_staff_wear_mask,Yes
5985,"Task: decide if Proposition B contradicts Assumption A.

Steps:
1. A defends a claim (strip ""no_evident_not_"" / ""have_evident_"" to see it).
2. B states a fact.
3. Does B disprove A's claim? Same specific issue only, not just same topic.

Output pattern (always use this exact shape):
A: <phrase>
B: <phrase>
Answer: Yes/No

Examples:

A: no_evident_not_easy_check-in
B: customer_wait_10_minute_for_greet
Answer: Yes

A: no_evident_not_easy_check-in
B: no_one_give_key_on_late_check-in
Answer: No

A: no_evident_not_great_quality
B: shampoo_seem_cheap_considering_hotel_cost
Answer: Yes

A: no_evident_not_great_quality
B: expensive_hotel
Answer: No

Now answer for this pair. Output ONLY the final line ""Answer: Yes"" or ""Answer: No"" — no other text.

A: no_evident_not_staff_do_everything_to_compensate_inconvenience
B: staff_need_improve_collaboration
Answer:
",no_evident_not_staff_do_everything_to_compensate_inconvenience,staff_need_improve_collaboration,Yes
5996,"Task: decide if Proposition B contradicts Assumption A.

Steps:
1. A defends a claim (strip ""no_evident_not_"" / ""have_evident_"" to see it).
2. B states a fact.
3. Does B disprove A's claim? Same specific issue only, not just same topic.

Output pattern (always use this exact shape):
A: <phrase>
B: <phrase>
Answer: Yes/No

Examples:

A: no_evident_not_easy_check-in
B: customer_wait_10_minute_for_greet
Answer: Yes

A: no_evident_not_easy_check-in
B: no_one_give_key_on_late_check-in
Answer: No

A: no_evident_not_great_quality
B: shampoo_seem_cheap_considering_hotel_cost
Answer: Yes

A: no_evident_not_great_quality
B: expensive_hotel
Answer: No

Now answer for this pair. Output ONLY the final line ""Answer: Yes"" or ""Answer: No"" — no other text.

A: no_evident_not_staff_do_everything_to_compensate_inconvenience
B: staff_mistakenly_throw_valuable_item_during_cleaning_service
Answer:
",no_evident_not_staff_do_everything_to_compensate_inconvenience,staff_mistakenly_throw_valuable_item_during_cleaning_service,Yes
6022,"Task: decide if Proposition B contradicts Assumption A.

Steps:
1. A defends a claim (strip ""no_evident_not_"" / ""have_evident_"" to see it).
2. B states a fact.
3. Does B disprove A's claim? Same specific issue only, not just same topic.

Output pattern (always use this exact shape):
A: <phrase>
B: <phrase>
Answer: Yes/No

Examples:

A: no_evident_not_easy_check-in
B: customer_wait_10_minute_for_greet
Answer: Yes

A: no_evident_not_easy_check-in
B: no_one_give_key_on_late_check-in
Answer: No

A: no_evident_not_great_quality
B: shampoo_seem_cheap_considering_hotel_cost
Answer: Yes

A: no_evident_not_great_quality
B: expensive_hotel
Answer: No

Now answer for this pair. Output ONLY the final line ""Answer: Yes"" or ""Answer: No"" — no other text.

A: no_evident_not_staff_prepare_a_lot
B: staff_not_speak_Cypriot_language
Answer:
",no_evident_not_staff_prepare_a_lot,staff_not_speak_Cypriot_language,Yes
6028,"Task: decide if Proposition B contradicts Assumption A.

Steps:
1. A defends a claim (strip ""no_evident_not_"" / ""have_evident_"" to see it).
2. B states a fact.
3. Does B disprove A's claim? Same specific issue only, not just same topic.

Output pattern (always use this exact shape):
A: <phrase>
B: <phrase>
Answer: Yes/No

Examples:

A: no_evident_not_easy_check-in
B: customer_wait_10_minute_for_greet
Answer: Yes

A: no_evident_not_easy_check-in
B: no_one_give_key_on_late_check-in
Answer: No

A: no_evident_not_great_quality
B: shampoo_seem_cheap_considering_hotel_cost
Answer: Yes

A: no_evident_not_great_quality
B: expensive_hotel
Answer: No

Now answer for this pair. Output ONLY the final line ""Answer: Yes"" or ""Answer: No"" — no other text.

A: no_evident_not_staff_prepare_pool
B: staff_clean_after_complaint
Answer:
",no_evident_not_staff_prepare_pool,staff_clean_after_complaint,No
6034,"Task: decide if Proposition B contradicts Assumption A.

Steps:
1. A defends a claim (strip ""no_evident_not_"" / ""have_evident_"" to see it).
2. B states a fact.
3. Does B disprove A's claim? Same specific issue only, not just same topic.

Output pattern (always use this exact shape):
A: <phrase>
B: <phrase>
Answer: Yes/No

Examples:

A: no_evident_not_easy_check-in
B: customer_wait_10_minute_for_greet
Answer: Yes

A: no_evident_not_easy_check-in
B: no_one_give_key_on_late_check-in
Answer: No

A: no_evident_not_great_quality
B: shampoo_seem_cheap_considering_hotel_cost
Answer: Yes

A: no_evident_not_great_quality
B: expensive_hotel
Answer: No

Now answer for this pair. Output ONLY the final line ""Answer: Yes"" or ""Answer: No"" — no other text.

A: no_evident_not_staff_prepare_pool
B: no_empathy_staff
Answer:
",no_evident_not_staff_prepare_pool,no_empathy_staff,Yes
6068,"Task: decide if Proposition B contradicts Assumption A.

Steps:
1. A defends a claim (strip ""no_evident_not_"" / ""have_evident_"" to see it).
2. B states a fact.
3. Does B disprove A's claim? Same specific issue only, not just same topic.

Output pattern (always use this exact shape):
A: <phrase>
B: <phrase>
Answer: Yes/No

Examples:

A: no_evident_not_easy_check-in
B: customer_wait_10_minute_for_greet
Answer: Yes

A: no_evident_not_easy_check-in
B: no_one_give_key_on_late_check-in
Answer: No

A: no_evident_not_great_quality
B: shampoo_seem_cheap_considering_hotel_cost
Answer: Yes

A: no_evident_not_great_quality
B: expensive_hotel
Answer: No

Now answer for this pair. Output ONLY the final line ""Answer: Yes"" or ""Answer: No"" — no other text.

A: no_evident_not_staff_prepare_play_room
B: staff_not_speak_Cypriot_language
Answer:
",no_evident_not_staff_prepare_play_room,staff_not_speak_Cypriot_language,Yes
6073,"Task: decide if Proposition B contradicts Assumption A.

Steps:
1. A defends a claim (strip ""no_evident_not_"" / ""have_evident_"" to see it).
2. B states a fact.
3. Does B disprove A's claim? Same specific issue only, not just same topic.

Output pattern (always use this exact shape):
A: <phrase>
B: <phrase>
Answer: Yes/No

Examples:

A: no_evident_not_easy_check-in
B: customer_wait_10_minute_for_greet
Answer: Yes

A: no_evident_not_easy_check-in
B: no_one_give_key_on_late_check-in
Answer: No

A: no_evident_not_great_quality
B: shampoo_seem_cheap_considering_hotel_cost
Answer: Yes

A: no_evident_not_great_quality
B: expensive_hotel
Answer: No

Now answer for this pair. Output ONLY the final line ""Answer: Yes"" or ""Answer: No"" — no other text.

A: no_evident_not_staff_prepare_roof_garden
B: staff_not_speak_English_properly
Answer:
",no_evident_not_staff_prepare_roof_garden,staff_not_speak_English_properly,Yes
6075,"Task: decide if Proposition B contradicts Assumption A.

Steps:
1. A defends a claim (strip ""no_evident_not_"" / ""have_evident_"" to see it).
2. B states a fact.
3. Does B disprove A's claim? Same specific issue only, not just same topic.

Output pattern (always use this exact shape):
A: <phrase>
B: <phrase>
Answer: Yes/No

Examples:

A: no_evident_not_easy_check-in
B: customer_wait_10_minute_for_greet
Answer: Yes

A: no_evident_not_easy_check-in
B: no_one_give_key_on_late_check-in
Answer: No

A: no_evident_not_great_quality
B: shampoo_seem_cheap_considering_hotel_cost
Answer: Yes

A: no_evident_not_great_quality
B: expensive_hotel
Answer: No

Now answer for this pair. Output ONLY the final line ""Answer: Yes"" or ""Answer: No"" — no other text.

A: no_evident_not_staff_prepare_roof_garden
B: staff_should_learn_better_English
Answer:
",no_evident_not_staff_prepare_roof_garden,staff_should_learn_better_English,Yes
6082,"Task: decide if Proposition B contradicts Assumption A.

Steps:
1. A defends a claim (strip ""no_evident_not_"" / ""have_evident_"" to see it).
2. B states a fact.
3. Does B disprove A's claim? Same specific issue only, not just same topic.

Output pattern (always use this exact shape):
A: <phrase>
B: <phrase>
Answer: Yes/No

Examples:

A: no_evident_not_easy_check-in
B: customer_wait_10_minute_for_greet
Answer: Yes

A: no_evident_not_easy_check-in
B: no_one_give_key_on_late_check-in
Answer: No

A: no_evident_not_great_quality
B: shampoo_seem_cheap_considering_hotel_cost
Answer: Yes

A: no_evident_not_great_quality
B: expensive_hotel
Answer: No

Now answer for this pair. Output ONLY the final line ""Answer: Yes"" or ""Answer: No"" — no other text.

A: no_evident_not_staff_prepare_roof_garden
B: staff_fail_to_guest_request
Answer:
",no_evident_not_staff_prepare_roof_garden,staff_fail_to_guest_request,Yes
6103,"Task: decide if Proposition B contradicts Assumption A.

Steps:
1. A defends a claim (strip ""no_evident_not_"" / ""have_evident_"" to see it).
2. B states a fact.
3. Does B disprove A's claim? Same specific issue only, not just same topic.

Output pattern (always use this exact shape):
A: <phrase>
B: <phrase>
Answer: Yes/No

Examples:

A: no_evident_not_easy_check-in
B: customer_wait_10_minute_for_greet
Answer: Yes

A: no_evident_not_easy_check-in
B: no_one_give_key_on_late_check-in
Answer: No

A: no_evident_not_great_quality
B: shampoo_seem_cheap_considering_hotel_cost
Answer: Yes

A: no_evident_not_great_quality
B: expensive_hotel
Answer: No

Now answer for this pair. Output ONLY the final line ""Answer: Yes"" or ""Answer: No"" — no other text.

A: no_evident_not_staff_communicate_well_French
B: no_empathy_staff
Answer:
",no_evident_not_staff_communicate_well_French,no_empathy_staff,Yes
6120,"Task: decide if Proposition B contradicts Assumption A.

Steps:
1. A defends a claim (strip ""no_evident_not_"" / ""have_evident_"" to see it).
2. B states a fact.
3. Does B disprove A's claim? Same specific issue only, not just same topic.

Output pattern (always use this exact shape):
A: <phrase>
B: <phrase>
Answer: Yes/No

Examples:

A: no_evident_not_easy_check-in
B: customer_wait_10_minute_for_greet
Answer: Yes

A: no_evident_not_easy_check-in
B: no_one_give_key_on_late_check-in
Answer: No

A: no_evident_not_great_quality
B: shampoo_seem_cheap_considering_hotel_cost
Answer: Yes

A: no_evident_not_great_quality
B: expensive_hotel
Answer: No

Now answer for this pair. Output ONLY the final line ""Answer: Yes"" or ""Answer: No"" — no other text.

A: no_evident_not_willing_to_help_staff
B: staff_clean_after_complaint
Answer:
",no_evident_not_willing_to_help_staff,staff_clean_after_complaint,Yes
6128,"Task: decide if Proposition B contradicts Assumption A.

Steps:
1. A defends a claim (strip ""no_evident_not_"" / ""have_evident_"" to see it).
2. B states a fact.
3. Does B disprove A's claim? Same specific issue only, not just same topic.

Output pattern (always use this exact shape):
A: <phrase>
B: <phrase>
Answer: Yes/No

Examples:

A: no_evident_not_easy_check-in
B: customer_wait_10_minute_for_greet
Answer: Yes

A: no_evident_not_easy_check-in
B: no_one_give_key_on_late_check-in
Answer: No

A: no_evident_not_great_quality
B: shampoo_seem_cheap_considering_hotel_cost
Answer: Yes

A: no_evident_not_great_quality
B: expensive_hotel
Answer: No

Now answer for this pair. Output ONLY the final line ""Answer: Yes"" or ""Answer: No"" — no other text.

A: no_evident_not_willing_to_help_staff
B: staff_fail_to_guest_request
Answer:
",no_evident_not_willing_to_help_staff,staff_fail_to_guest_request,Yes
6140,"Task: decide if Proposition B contradicts Assumption A.

Steps:
1. A defends a claim (strip ""no_evident_not_"" / ""have_evident_"" to see it).
2. B states a fact.
3. Does B disprove A's claim? Same specific issue only, not just same topic.

Output pattern (always use this exact shape):
A: <phrase>
B: <phrase>
Answer: Yes/No

Examples:

A: no_evident_not_easy_check-in
B: customer_wait_10_minute_for_greet
Answer: Yes

A: no_evident_not_easy_check-in
B: no_one_give_key_on_late_check-in
Answer: No

A: no_evident_not_great_quality
B: shampoo_seem_cheap_considering_hotel_cost
Answer: Yes

A: no_evident_not_great_quality
B: expensive_hotel
Answer: No

Now answer for this pair. Output ONLY the final line ""Answer: Yes"" or ""Answer: No"" — no other text.

A: no_evident_not_willing_to_help_staff
B: staff_cannot_give_bus_to_airport_information
Answer:
",no_evident_not_willing_to_help_staff,staff_cannot_give_bus_to_airport_information,Yes
6152,"Task: decide if Proposition B contradicts Assumption A.

Steps:
1. A defends a claim (strip ""no_evident_not_"" / ""have_evident_"" to see it).
2. B states a fact.
3. Does B disprove A's claim? Same specific issue only, not just same topic.

Output pattern (always use this exact shape):
A: <phrase>
B: <phrase>
Answer: Yes/No

Examples:

A: no_evident_not_easy_check-in
B: customer_wait_10_minute_for_greet
Answer: Yes

A: no_evident_not_easy_check-in
B: no_one_give_key_on_late_check-in
Answer: No

A: no_evident_not_great_quality
B: shampoo_seem_cheap_considering_hotel_cost
Answer: Yes

A: no_evident_not_great_quality
B: expensive_hotel
Answer: No

Now answer for this pair. Output ONLY the final line ""Answer: Yes"" or ""Answer: No"" — no other text.

A: no_evident_not_warm_welcome_in_French
B: staff_cannot_provide_double_bed
Answer:
",no_evident_not_warm_welcome_in_French,staff_cannot_provide_double_bed,Yes
6160,"Task: decide if Proposition B contradicts Assumption A.

Steps:
1. A defends a claim (strip ""no_evident_not_"" / ""have_evident_"" to see it).
2. B states a fact.
3. Does B disprove A's claim? Same specific issue only, not just same topic.

Output pattern (always use this exact shape):
A: <phrase>
B: <phrase>
Answer: Yes/No

Examples:

A: no_evident_not_easy_check-in
B: customer_wait_10_minute_for_greet
Answer: Yes

A: no_evident_not_easy_check-in
B: no_one_give_key_on_late_check-in
Answer: No

A: no_evident_not_great_quality
B: shampoo_seem_cheap_considering_hotel_cost
Answer: Yes

A: no_evident_not_great_quality
B: expensive_hotel
Answer: No

Now answer for this pair. Output ONLY the final line ""Answer: Yes"" or ""Answer: No"" — no other text.

A: no_evident_not_warm_welcome_in_French
B: staff_not_speak_Cypriot_language
Answer:
",no_evident_not_warm_welcome_in_French,staff_not_speak_Cypriot_language,Yes
6174,"Task: decide if Proposition B contradicts Assumption A.

Steps:
1. A defends a claim (strip ""no_evident_not_"" / ""have_evident_"" to see it).
2. B states a fact.
3. Does B disprove A's claim? Same specific issue only, not just same topic.

Output pattern (always use this exact shape):
A: <phrase>
B: <phrase>
Answer: Yes/No

Examples:

A: no_evident_not_easy_check-in
B: customer_wait_10_minute_for_greet
Answer: Yes

A: no_evident_not_easy_check-in
B: no_one_give_key_on_late_check-in
Answer: No

A: no_evident_not_great_quality
B: shampoo_seem_cheap_considering_hotel_cost
Answer: Yes

A: no_evident_not_great_quality
B: expensive_hotel
Answer: No

Now answer for this pair. Output ONLY the final line ""Answer: Yes"" or ""Answer: No"" — no other text.

A: no_evident_not_perfect_welcome_at4am_arrival
B: staff_fail_to_guest_request
Answer:
",no_evident_not_perfect_welcome_at4am_arrival,staff_fail_to_guest_request,Yes
6188,"Task: decide if Proposition B contradicts Assumption A.

Steps:
1. A defends a claim (strip ""no_evident_not_"" / ""have_evident_"" to see it).
2. B states a fact.
3. Does B disprove A's claim? Same specific issue only, not just same topic.

Output pattern (always use this exact shape):
A: <phrase>
B: <phrase>
Answer: Yes/No

Examples:

A: no_evident_not_easy_check-in
B: customer_wait_10_minute_for_greet
Answer: Yes

A: no_evident_not_easy_check-in
B: no_one_give_key_on_late_check-in
Answer: No

A: no_evident_not_great_quality
B: shampoo_seem_cheap_considering_hotel_cost
Answer: Yes

A: no_evident_not_great_quality
B: expensive_hotel
Answer: No

Now answer for this pair. Output ONLY the final line ""Answer: Yes"" or ""Answer: No"" — no other text.

A: no_evident_not_staff_alway_smile
B: staff_not_speak_English_properly
Answer:
",no_evident_not_staff_alway_smile,staff_not_speak_English_properly,Yes
6192,"Task: decide if Proposition B contradicts Assumption A.

Steps:
1. A defends a claim (strip ""no_evident_not_"" / ""have_evident_"" to see it).
2. B states a fact.
3. Does B disprove A's claim? Same specific issue only, not just same topic.

Output pattern (always use this exact shape):
A: <phrase>
B: <phrase>
Answer: Yes/No

Examples:

A: no_evident_not_easy_check-in
B: customer_wait_10_minute_for_greet
Answer: Yes

A: no_evident_not_easy_check-in
B: no_one_give_key_on_late_check-in
Answer: No

A: no_evident_not_great_quality
B: shampoo_seem_cheap_considering_hotel_cost
Answer: Yes

A: no_evident_not_great_quality
B: expensive_hotel
Answer: No

Now answer for this pair. Output ONLY the final line ""Answer: Yes"" or ""Answer: No"" — no other text.

A: no_evident_not_staff_alway_smile
B: staff_need_improve_collaboration
Answer:
",no_evident_not_staff_alway_smile,staff_need_improve_collaboration,Yes
6217,"Task: decide if Proposition B contradicts Assumption A.

Steps:
1. A defends a claim (strip ""no_evident_not_"" / ""have_evident_"" to see it).
2. B states a fact.
3. Does B disprove A's claim? Same specific issue only, not just same topic.

Output pattern (always use this exact shape):
A: <phrase>
B: <phrase>
Answer: Yes/No

Examples:

A: no_evident_not_easy_check-in
B: customer_wait_10_minute_for_greet
Answer: Yes

A: no_evident_not_easy_check-in
B: no_one_give_key_on_late_check-in
Answer: No

A: no_evident_not_great_quality
B: shampoo_seem_cheap_considering_hotel_cost
Answer: Yes

A: no_evident_not_great_quality
B: expensive_hotel
Answer: No

Now answer for this pair. Output ONLY the final line ""Answer: Yes"" or ""Answer: No"" — no other text.

A: no_evident_not_willingness_staff
B: not_kind_staff
Answer:
",no_evident_not_willingness_staff,not_kind_staff,Yes
6231,"Task: decide if Proposition B contradicts Assumption A.

Steps:
1. A defends a claim (strip ""no_evident_not_"" / ""have_evident_"" to see it).
2. B states a fact.
3. Does B disprove A's claim? Same specific issue only, not just same topic.

Output pattern (always use this exact shape):
A: <phrase>
B: <phrase>
Answer: Yes/No

Examples:

A: no_evident_not_easy_check-in
B: customer_wait_10_minute_for_greet
Answer: Yes

A: no_evident_not_easy_check-in
B: no_one_give_key_on_late_check-in
Answer: No

A: no_evident_not_great_quality
B: shampoo_seem_cheap_considering_hotel_cost
Answer: Yes

A: no_evident_not_great_quality
B: expensive_hotel
Answer: No

Now answer for this pair. Output ONLY the final line ""Answer: Yes"" or ""Answer: No"" — no other text.

A: no_evident_not_willingness_staff
B: staff_not_understand_English_well
Answer:
",no_evident_not_willingness_staff,staff_not_understand_English_well,Yes
6242,"Task: decide if Proposition B contradicts Assumption A.

Steps:
1. A defends a claim (strip ""no_evident_not_"" / ""have_evident_"" to see it).
2. B states a fact.
3. Does B disprove A's claim? Same specific issue only, not just same topic.

Output pattern (always use this exact shape):
A: <phrase>
B: <phrase>
Answer: Yes/No

Examples:

A: no_evident_not_easy_check-in
B: customer_wait_10_minute_for_greet
Answer: Yes

A: no_evident_not_easy_check-in
B: no_one_give_key_on_late_check-in
Answer: No

A: no_evident_not_great_quality
B: shampoo_seem_cheap_considering_hotel_cost
Answer: Yes

A: no_evident_not_great_quality
B: expensive_hotel
Answer: No

Now answer for this pair. Output ONLY the final line ""Answer: Yes"" or ""Answer: No"" — no other text.

A: no_evident_not_warm_service_staff
B: staff_fail_to_communicate_with_taxi
Answer:
",no_evident_not_warm_service_staff,staff_fail_to_communicate_with_taxi,Yes
6247,"Task: decide if Proposition B contradicts Assumption A.

Steps:
1. A defends a claim (strip ""no_evident_not_"" / ""have_evident_"" to see it).
2. B states a fact.
3. Does B disprove A's claim? Same specific issue only, not just same topic.

Output pattern (always use this exact shape):
A: <phrase>
B: <phrase>
Answer: Yes/No

Examples:

A: no_evident_not_easy_check-in
B: customer_wait_10_minute_for_greet
Answer: Yes

A: no_evident_not_easy_check-in
B: no_one_give_key_on_late_check-in
Answer: No

A: no_evident_not_great_quality
B: shampoo_seem_cheap_considering_hotel_cost
Answer: Yes

A: no_evident_not_great_quality
B: expensive_hotel
Answer: No

Now answer for this pair. Output ONLY the final line ""Answer: Yes"" or ""Answer: No"" — no other text.

A: no_evident_not_warm_service_staff
B: staff_charge_for_cancellation_while_no_cancellation_charge_in_Booking.com
Answer:
",no_evident_not_warm_service_staff,staff_charge_for_cancellation_while_no_cancellation_charge_in_Booking.com,Yes
6255,"Task: decide if Proposition B contradicts Assumption A.

Steps:
1. A defends a claim (strip ""no_evident_not_"" / ""have_evident_"" to see it).
2. B states a fact.
3. Does B disprove A's claim? Same specific issue only, not just same topic.

Output pattern (always use this exact shape):
A: <phrase>
B: <phrase>
Answer: Yes/No

Examples:

A: no_evident_not_easy_check-in
B: customer_wait_10_minute_for_greet
Answer: Yes

A: no_evident_not_easy_check-in
B: no_one_give_key_on_late_check-in
Answer: No

A: no_evident_not_great_quality
B: shampoo_seem_cheap_considering_hotel_cost
Answer: Yes

A: no_evident_not_great_quality
B: expensive_hotel
Answer: No

Now answer for this pair. Output ONLY the final line ""Answer: Yes"" or ""Answer: No"" — no other text.

A: no_evident_not_warm_service_staff
B: staff_cannot_give_bus_to_airport_information
Answer:
",no_evident_not_warm_service_staff,staff_cannot_give_bus_to_airport_information,Yes
