Timestamp,Run,ID,PhraseA,PhraseB,Prompt,RawOutput
2026-08-10 23:27:54,3,5239,no_evident_not_staff_give_pleasant_feeling,staff_has_unaceptable_manner,"Task: decide if Proposition B contradicts Assumption A.

Steps:
1. A defends a claim (strip ""no_evident_not_"" / ""have_evident_"" to see it).
2. B states a fact.
3. Does B disprove A's claim? Same specific issue only, not just same topic.

Output pattern (always use this exact shape):
A: <phrase>
B: <phrase>
Answer: Yes/No

Examples:

A: no_evident_not_easy_check-in
B: customer_wait_10_minute_for_greet
Answer: Yes

A: no_evident_not_easy_check-in
B: no_one_give_key_on_late_check-in
Answer: No

A: no_evident_not_great_quality
B: shampoo_seem_cheap_considering_hotel_cost
Answer: Yes

A: no_evident_not_great_quality
B: expensive_hotel
Answer: No

Now answer for this pair. Output ONLY the final line ""Answer: Yes"" or ""Answer: No"" — no other text.

A: no_evident_not_staff_give_pleasant_feeling
B: staff_has_unaceptable_manner
Answer:
","A: no_evident_not_staff_give_pleasant_feeling
B: staff_has_unacceptable_manner
Answer: Yes"
2026-08-10 23:27:55,3,913,no_evident_not_friendly_personal_staff,staff_mistakenly_throw_valuable_item_during_cleaning_service,"Task: decide if Proposition B contradicts Assumption A.

Steps:
1. A defends a claim (strip ""no_evident_not_"" / ""have_evident_"" to see it).
2. B states a fact.
3. Does B disprove A's claim? Same specific issue only, not just same topic.

Output pattern (always use this exact shape):
A: <phrase>
B: <phrase>
Answer: Yes/No

Examples:

A: no_evident_not_easy_check-in
B: customer_wait_10_minute_for_greet
Answer: Yes

A: no_evident_not_easy_check-in
B: no_one_give_key_on_late_check-in
Answer: No

A: no_evident_not_great_quality
B: shampoo_seem_cheap_considering_hotel_cost
Answer: Yes

A: no_evident_not_great_quality
B: expensive_hotel
Answer: No

Now answer for this pair. Output ONLY the final line ""Answer: Yes"" or ""Answer: No"" — no other text.

A: no_evident_not_friendly_personal_staff
B: staff_mistakenly_throw_valuable_item_during_cleaning_service
Answer:
","A: no_evident_not_friendly_personal_staff
B: staff_mistakenly_throw_valuable_item_during_cleaning_service
Answer: Yes"
2026-08-10 23:27:55,3,205,no_evident_not_beyond_expectation,staff_not_understand_English_well,"Task: decide if Proposition B contradicts Assumption A.

Steps:
1. A defends a claim (strip ""no_evident_not_"" / ""have_evident_"" to see it).
2. B states a fact.
3. Does B disprove A's claim? Same specific issue only, not just same topic.

Output pattern (always use this exact shape):
A: <phrase>
B: <phrase>
Answer: Yes/No

Examples:

A: no_evident_not_easy_check-in
B: customer_wait_10_minute_for_greet
Answer: Yes

A: no_evident_not_easy_check-in
B: no_one_give_key_on_late_check-in
Answer: No

A: no_evident_not_great_quality
B: shampoo_seem_cheap_considering_hotel_cost
Answer: Yes

A: no_evident_not_great_quality
B: expensive_hotel
Answer: No

Now answer for this pair. Output ONLY the final line ""Answer: Yes"" or ""Answer: No"" — no other text.

A: no_evident_not_beyond_expectation
B: staff_not_understand_English_well
Answer:
","A: no_evident_not_beyond_expectation
B: staff_not_understand_English_well
Answer: Yes"
2026-08-10 23:27:56,3,2254,no_evident_not_happy_to_help_any_situation,only_one_staff_wear_mask,"Task: decide if Proposition B contradicts Assumption A.

Steps:
1. A defends a claim (strip ""no_evident_not_"" / ""have_evident_"" to see it).
2. B states a fact.
3. Does B disprove A's claim? Same specific issue only, not just same topic.

Output pattern (always use this exact shape):
A: <phrase>
B: <phrase>
Answer: Yes/No

Examples:

A: no_evident_not_easy_check-in
B: customer_wait_10_minute_for_greet
Answer: Yes

A: no_evident_not_easy_check-in
B: no_one_give_key_on_late_check-in
Answer: No

A: no_evident_not_great_quality
B: shampoo_seem_cheap_considering_hotel_cost
Answer: Yes

A: no_evident_not_great_quality
B: expensive_hotel
Answer: No

Now answer for this pair. Output ONLY the final line ""Answer: Yes"" or ""Answer: No"" — no other text.

A: no_evident_not_happy_to_help_any_situation
B: only_one_staff_wear_mask
Answer:
","A: no_evident_not_happy_to-help_any_situation
B: only_one_staff_wear_mask
Answer: No"
2026-08-10 23:27:56,3,2007,no_evident_not_eager_to_help,staff_need_keep_update,"Task: decide if Proposition B contradicts Assumption A.

Steps:
1. A defends a claim (strip ""no_evident_not_"" / ""have_evident_"" to see it).
2. B states a fact.
3. Does B disprove A's claim? Same specific issue only, not just same topic.

Output pattern (always use this exact shape):
A: <phrase>
B: <phrase>
Answer: Yes/No

Examples:

A: no_evident_not_easy_check-in
B: customer_wait_10_minute_for_greet
Answer: Yes

A: no_evident_not_easy_check-in
B: no_one_give_key_on_late_check-in
Answer: No

A: no_evident_not_great_quality
B: shampoo_seem_cheap_considering_hotel_cost
Answer: Yes

A: no_evident_not_great_quality
B: expensive_hotel
Answer: No

Now answer for this pair. Output ONLY the final line ""Answer: Yes"" or ""Answer: No"" — no other text.

A: no_evident_not_eager_to_help
B: staff_need_keep_update
Answer:
","A: no_evident_not_eager_to_help
B: staff_need_keep_update
Answer: No"
2026-08-10 23:27:56,3,6075,no_evident_not_staff_prepare_roof_garden,staff_should_learn_better_English,"Task: decide if Proposition B contradicts Assumption A.

Steps:
1. A defends a claim (strip ""no_evident_not_"" / ""have_evident_"" to see it).
2. B states a fact.
3. Does B disprove A's claim? Same specific issue only, not just same topic.

Output pattern (always use this exact shape):
A: <phrase>
B: <phrase>
Answer: Yes/No

Examples:

A: no_evident_not_easy_check-in
B: customer_wait_10_minute_for_greet
Answer: Yes

A: no_evident_not_easy_check-in
B: no_one_give_key_on_late_check-in
Answer: No

A: no_evident_not_great_quality
B: shampoo_seem_cheap_considering_hotel_cost
Answer: Yes

A: no_evident_not_great_quality
B: expensive_hotel
Answer: No

Now answer for this pair. Output ONLY the final line ""Answer: Yes"" or ""Answer: No"" — no other text.

A: no_evident_not_staff_prepare_roof_garden
B: staff_should_learn_better_English
Answer:
",Answer: Yes
2026-08-10 23:27:57,3,1144,no_evident_not_impeccable_service,staff_not_provide_good_solution,"Task: decide if Proposition B contradicts Assumption A.

Steps:
1. A defends a claim (strip ""no_evident_not_"" / ""have_evident_"" to see it).
2. B states a fact.
3. Does B disprove A's claim? Same specific issue only, not just same topic.

Output pattern (always use this exact shape):
A: <phrase>
B: <phrase>
Answer: Yes/No

Examples:

A: no_evident_not_easy_check-in
B: customer_wait_10_minute_for_greet
Answer: Yes

A: no_evident_not_easy_check-in
B: no_one_give_key_on_late_check-in
Answer: No

A: no_evident_not_great_quality
B: shampoo_seem_cheap_considering_hotel_cost
Answer: Yes

A: no_evident_not_great_quality
B: expensive_hotel
Answer: No

Now answer for this pair. Output ONLY the final line ""Answer: Yes"" or ""Answer: No"" — no other text.

A: no_evident_not_impeccable_service
B: staff_not_provide_good_solution
Answer:
","A: no_evident_not_impeccable_service
B: staff_not_provide_good_solution
Answer: Yes"
2026-08-10 23:27:57,3,1829,no_evident_not_informative,offended_staff,"Task: decide if Proposition B contradicts Assumption A.

Steps:
1. A defends a claim (strip ""no_evident_not_"" / ""have_evident_"" to see it).
2. B states a fact.
3. Does B disprove A's claim? Same specific issue only, not just same topic.

Output pattern (always use this exact shape):
A: <phrase>
B: <phrase>
Answer: Yes/No

Examples:

A: no_evident_not_easy_check-in
B: customer_wait_10_minute_for_greet
Answer: Yes

A: no_evident_not_easy_check-in
B: no_one_give_key_on_late_check-in
Answer: No

A: no_evident_not_great_quality
B: shampoo_seem_cheap_considering_hotel_cost
Answer: Yes

A: no_evident_not_great_quality
B: expensive_hotel
Answer: No

Now answer for this pair. Output ONLY the final line ""Answer: Yes"" or ""Answer: No"" — no other text.

A: no_evident_not_informative
B: offended_staff
Answer:
","A: no_evident_not_informative
B: offended_staff
Answer: Yes"
2026-08-10 23:27:57,3,6034,no_evident_not_staff_prepare_pool,no_empathy_staff,"Task: decide if Proposition B contradicts Assumption A.

Steps:
1. A defends a claim (strip ""no_evident_not_"" / ""have_evident_"" to see it).
2. B states a fact.
3. Does B disprove A's claim? Same specific issue only, not just same topic.

Output pattern (always use this exact shape):
A: <phrase>
B: <phrase>
Answer: Yes/No

Examples:

A: no_evident_not_easy_check-in
B: customer_wait_10_minute_for_greet
Answer: Yes

A: no_evident_not_easy_check-in
B: no_one_give_key_on_late_check-in
Answer: No

A: no_evident_not_great_quality
B: shampoo_seem_cheap_considering_hotel_cost
Answer: Yes

A: no_evident_not_great_quality
B: expensive_hotel
Answer: No

Now answer for this pair. Output ONLY the final line ""Answer: Yes"" or ""Answer: No"" — no other text.

A: no_evident_not_staff_prepare_pool
B: no_empathy_staff
Answer:
","A: no_evident_not_staff_prepare_pool
B: no_empathy_staff
Answer: Yes"
2026-08-10 23:27:58,3,840,no_evident_not_staff_alway_assist,offended_staff,"Task: decide if Proposition B contradicts Assumption A.

Steps:
1. A defends a claim (strip ""no_evident_not_"" / ""have_evident_"" to see it).
2. B states a fact.
3. Does B disprove A's claim? Same specific issue only, not just same topic.

Output pattern (always use this exact shape):
A: <phrase>
B: <phrase>
Answer: Yes/No

Examples:

A: no_evident_not_easy_check-in
B: customer_wait_10_minute_for_greet
Answer: Yes

A: no_evident_not_easy_check-in
B: no_one_give_key_on_late_check-in
Answer: No

A: no_evident_not_great_quality
B: shampoo_seem_cheap_considering_hotel_cost
Answer: Yes

A: no_evident_not_great_quality
B: expensive_hotel
Answer: No

Now answer for this pair. Output ONLY the final line ""Answer: Yes"" or ""Answer: No"" — no other text.

A: no_evident_not_staff_alway_assist
B: offended_staff
Answer:
","A: no_evident_not_staff_alway_assist
B: staff_always_assist
Answer: Yes"
2026-08-10 23:27:58,3,5544,no_evident_not_staff_solve_problem_instantly,staff_not_speak_English_properly,"Task: decide if Proposition B contradicts Assumption A.

Steps:
1. A defends a claim (strip ""no_evident_not_"" / ""have_evident_"" to see it).
2. B states a fact.
3. Does B disprove A's claim? Same specific issue only, not just same topic.

Output pattern (always use this exact shape):
A: <phrase>
B: <phrase>
Answer: Yes/No

Examples:

A: no_evident_not_easy_check-in
B: customer_wait_10_minute_for_greet
Answer: Yes

A: no_evident_not_easy_check-in
B: no_one_give_key_on_late_check-in
Answer: No

A: no_evident_not_great_quality
B: shampoo_seem_cheap_considering_hotel_cost
Answer: Yes

A: no_evident_not_great_quality
B: expensive_hotel
Answer: No

Now answer for this pair. Output ONLY the final line ""Answer: Yes"" or ""Answer: No"" — no other text.

A: no_evident_not_staff_solve_problem_instantly
B: staff_not_speak_English_properly
Answer:
","A: no_evident_not_staff_solve_problem_instantly
B: staff_not_speak_English_properly
Answer: Yes"
2026-08-10 23:27:58,3,6068,no_evident_not_staff_prepare_play_room,staff_not_speak_Cypriot_language,"Task: decide if Proposition B contradicts Assumption A.

Steps:
1. A defends a claim (strip ""no_evident_not_"" / ""have_evident_"" to see it).
2. B states a fact.
3. Does B disprove A's claim? Same specific issue only, not just same topic.

Output pattern (always use this exact shape):
A: <phrase>
B: <phrase>
Answer: Yes/No

Examples:

A: no_evident_not_easy_check-in
B: customer_wait_10_minute_for_greet
Answer: Yes

A: no_evident_not_easy_check-in
B: no_one_give_key_on_late_check-in
Answer: No

A: no_evident_not_great_quality
B: shampoo_seem_cheap_considering_hotel_cost
Answer: Yes

A: no_evident_not_great_quality
B: expensive_hotel
Answer: No

Now answer for this pair. Output ONLY the final line ""Answer: Yes"" or ""Answer: No"" — no other text.

A: no_evident_not_staff_prepare_play_room
B: staff_not_speak_Cypriot_language
Answer:
","A: no_evident_not_staff_prepare_play_room
B: staff_not_speak_Cypriot_language
Answer: Yes"
2026-08-10 23:27:59,3,4468,no_evident_not_can_speak_Arabic,staff_need_keep_update,"Task: decide if Proposition B contradicts Assumption A.

Steps:
1. A defends a claim (strip ""no_evident_not_"" / ""have_evident_"" to see it).
2. B states a fact.
3. Does B disprove A's claim? Same specific issue only, not just same topic.

Output pattern (always use this exact shape):
A: <phrase>
B: <phrase>
Answer: Yes/No

Examples:

A: no_evident_not_easy_check-in
B: customer_wait_10_minute_for_greet
Answer: Yes

A: no_evident_not_easy_check-in
B: no_one_give_key_on_late_check-in
Answer: No

A: no_evident_not_great_quality
B: shampoo_seem_cheap_considering_hotel_cost
Answer: Yes

A: no_evident_not_great_quality
B: expensive_hotel
Answer: No

Now answer for this pair. Output ONLY the final line ""Answer: Yes"" or ""Answer: No"" — no other text.

A: no_evident_not_can_speak_Arabic
B: staff_need_keep_update
Answer:
","A: no_evident_not_can_speak_Arabic
B: staff_need_keep_update
Answer: No"
2026-08-10 23:27:59,3,713,no_evident_not_warm_welcome_staff,only_one_staff_wear_mask,"Task: decide if Proposition B contradicts Assumption A.

Steps:
1. A defends a claim (strip ""no_evident_not_"" / ""have_evident_"" to see it).
2. B states a fact.
3. Does B disprove A's claim? Same specific issue only, not just same topic.

Output pattern (always use this exact shape):
A: <phrase>
B: <phrase>
Answer: Yes/No

Examples:

A: no_evident_not_easy_check-in
B: customer_wait_10_minute_for_greet
Answer: Yes

A: no_evident_not_easy_check-in
B: no_one_give_key_on_late_check-in
Answer: No

A: no_evident_not_great_quality
B: shampoo_seem_cheap_considering_hotel_cost
Answer: Yes

A: no_evident_not_great_quality
B: expensive_hotel
Answer: No

Now answer for this pair. Output ONLY the final line ""Answer: Yes"" or ""Answer: No"" — no other text.

A: no_evident_not_warm_welcome_staff
B: only_one_staff_wear_mask
Answer:
","A: no_evident_not_warm_welcome_staff
B: only_one_staff_wear_mask
Answer: Yes"
2026-08-10 23:27:59,3,4838,no_evident_not_staff_settle_early,no_empathy_staff,"Task: decide if Proposition B contradicts Assumption A.

Steps:
1. A defends a claim (strip ""no_evident_not_"" / ""have_evident_"" to see it).
2. B states a fact.
3. Does B disprove A's claim? Same specific issue only, not just same topic.

Output pattern (always use this exact shape):
A: <phrase>
B: <phrase>
Answer: Yes/No

Examples:

A: no_evident_not_easy_check-in
B: customer_wait_10_minute_for_greet
Answer: Yes

A: no_evident_not_easy_check-in
B: no_one_give_key_on_late_check-in
Answer: No

A: no_evident_not_great_quality
B: shampoo_seem_cheap_considering_hotel_cost
Answer: Yes

A: no_evident_not_great_quality
B: expensive_hotel
Answer: No

Now answer for this pair. Output ONLY the final line ""Answer: Yes"" or ""Answer: No"" — no other text.

A: no_evident_not_staff_settle_early
B: no_empathy_staff
Answer:
","A: no_evident_not_staff_settle_early
B: no_empathy_staff
Answer: Yes"
2026-08-10 23:28:00,3,3457,no_evident_not_staff_make_hotel_great,not_kind_staff,"Task: decide if Proposition B contradicts Assumption A.

Steps:
1. A defends a claim (strip ""no_evident_not_"" / ""have_evident_"" to see it).
2. B states a fact.
3. Does B disprove A's claim? Same specific issue only, not just same topic.

Output pattern (always use this exact shape):
A: <phrase>
B: <phrase>
Answer: Yes/No

Examples:

A: no_evident_not_easy_check-in
B: customer_wait_10_minute_for_greet
Answer: Yes

A: no_evident_not_easy_check-in
B: no_one_give_key_on_late_check-in
Answer: No

A: no_evident_not_great_quality
B: shampoo_seem_cheap_considering_hotel_cost
Answer: Yes

A: no_evident_not_great_quality
B: expensive_hotel
Answer: No

Now answer for this pair. Output ONLY the final line ""Answer: Yes"" or ""Answer: No"" — no other text.

A: no_evident_not_staff_make_hotel_great
B: not_kind_staff
Answer:
","A: no_evident_not_staff_make_hotel_great
B: not_kind_staff
Answer: Yes"
2026-08-10 23:28:00,3,261,no_evident_not_friendly_staff,no_empathy_staff,"Task: decide if Proposition B contradicts Assumption A.

Steps:
1. A defends a claim (strip ""no_evident_not_"" / ""have_evident_"" to see it).
2. B states a fact.
3. Does B disprove A's claim? Same specific issue only, not just same topic.

Output pattern (always use this exact shape):
A: <phrase>
B: <phrase>
Answer: Yes/No

Examples:

A: no_evident_not_easy_check-in
B: customer_wait_10_minute_for_greet
Answer: Yes

A: no_evident_not_easy_check-in
B: no_one_give_key_on_late_check-in
Answer: No

A: no_evident_not_great_quality
B: shampoo_seem_cheap_considering_hotel_cost
Answer: Yes

A: no_evident_not_great_quality
B: expensive_hotel
Answer: No

Now answer for this pair. Output ONLY the final line ""Answer: Yes"" or ""Answer: No"" — no other text.

A: no_evident_not_friendly_staff
B: no_empathy_staff
Answer:
","A: no_evident_not_friendly_staff
B: no_empathy_staff
Answer: Yes"
2026-08-10 23:28:00,3,245,no_evident_not_friendliest_staff,staff_enforce_cancellation_charge,"Task: decide if Proposition B contradicts Assumption A.

Steps:
1. A defends a claim (strip ""no_evident_not_"" / ""have_evident_"" to see it).
2. B states a fact.
3. Does B disprove A's claim? Same specific issue only, not just same topic.

Output pattern (always use this exact shape):
A: <phrase>
B: <phrase>
Answer: Yes/No

Examples:

A: no_evident_not_easy_check-in
B: customer_wait_10_minute_for_greet
Answer: Yes

A: no_evident_not_easy_check-in
B: no_one_give_key_on_late_check-in
Answer: No

A: no_evident_not_great_quality
B: shampoo_seem_cheap_considering_hotel_cost
Answer: Yes

A: no_evident_not_great_quality
B: expensive_hotel
Answer: No

Now answer for this pair. Output ONLY the final line ""Answer: Yes"" or ""Answer: No"" — no other text.

A: no_evident_not_friendliest_staff
B: staff_enforce_cancellation_charge
Answer:
","A: no_evident_not_friendliest_staff
B: staff_enforce_cancellation_charge
Answer: Yes"
2026-08-10 23:28:01,3,768,no_evident_not_good_service,staff_fail_to_communicate_with_taxi,"Task: decide if Proposition B contradicts Assumption A.

Steps:
1. A defends a claim (strip ""no_evident_not_"" / ""have_evident_"" to see it).
2. B states a fact.
3. Does B disprove A's claim? Same specific issue only, not just same topic.

Output pattern (always use this exact shape):
A: <phrase>
B: <phrase>
Answer: Yes/No

Examples:

A: no_evident_not_easy_check-in
B: customer_wait_10_minute_for_greet
Answer: Yes

A: no_evident_not_easy_check-in
B: no_one_give_key_on_late_check-in
Answer: No

A: no_evident_not_great_quality
B: shampoo_seem_cheap_considering_hotel_cost
Answer: Yes

A: no_evident_not_great_quality
B: expensive_hotel
Answer: No

Now answer for this pair. Output ONLY the final line ""Answer: Yes"" or ""Answer: No"" — no other text.

A: no_evident_not_good_service
B: staff_fail_to_communicate_with_taxi
Answer:
",Answer: Yes
2026-08-10 23:28:01,3,1792,no_evident_not_superb_service,staff_not_understand_English_well,"Task: decide if Proposition B contradicts Assumption A.

Steps:
1. A defends a claim (strip ""no_evident_not_"" / ""have_evident_"" to see it).
2. B states a fact.
3. Does B disprove A's claim? Same specific issue only, not just same topic.

Output pattern (always use this exact shape):
A: <phrase>
B: <phrase>
Answer: Yes/No

Examples:

A: no_evident_not_easy_check-in
B: customer_wait_10_minute_for_greet
Answer: Yes

A: no_evident_not_easy_check-in
B: no_one_give_key_on_late_check-in
Answer: No

A: no_evident_not_great_quality
B: shampoo_seem_cheap_considering_hotel_cost
Answer: Yes

A: no_evident_not_great_quality
B: expensive_hotel
Answer: No

Now answer for this pair. Output ONLY the final line ""Answer: Yes"" or ""Answer: No"" — no other text.

A: no_evident_not_superb_service
B: staff_not_understand_English_well
Answer:
","A: no_evident_not_superb_service
B: staff_not_understand_English_well
Answer: Yes"
2026-08-10 23:28:01,3,1906,no_evident_not_lend_adaptor,no_staff_at_night,"Task: decide if Proposition B contradicts Assumption A.

Steps:
1. A defends a claim (strip ""no_evident_not_"" / ""have_evident_"" to see it).
2. B states a fact.
3. Does B disprove A's claim? Same specific issue only, not just same topic.

Output pattern (always use this exact shape):
A: <phrase>
B: <phrase>
Answer: Yes/No

Examples:

A: no_evident_not_easy_check-in
B: customer_wait_10_minute_for_greet
Answer: Yes

A: no_evident_not_easy_check-in
B: no_one_give_key_on_late_check-in
Answer: No

A: no_evident_not_great_quality
B: shampoo_seem_cheap_considering_hotel_cost
Answer: Yes

A: no_evident_not_great_quality
B: expensive_hotel
Answer: No

Now answer for this pair. Output ONLY the final line ""Answer: Yes"" or ""Answer: No"" — no other text.

A: no_evident_not_lend_adaptor
B: no_staff_at_night
Answer:
","A: no_evident_not_lend_adaptor
B: no_staff_at_night
Answer: Yes"
2026-08-10 23:28:02,3,4140,no_evident_not_staff_order_taxi,only_one_staff_wear_mask,"Task: decide if Proposition B contradicts Assumption A.

Steps:
1. A defends a claim (strip ""no_evident_not_"" / ""have_evident_"" to see it).
2. B states a fact.
3. Does B disprove A's claim? Same specific issue only, not just same topic.

Output pattern (always use this exact shape):
A: <phrase>
B: <phrase>
Answer: Yes/No

Examples:

A: no_evident_not_easy_check-in
B: customer_wait_10_minute_for_greet
Answer: Yes

A: no_evident_not_easy_check-in
B: no_one_give_key_on_late_check-in
Answer: No

A: no_evident_not_great_quality
B: shampoo_seem_cheap_considering_hotel_cost
Answer: Yes

A: no_evident_not_great_quality
B: expensive_hotel
Answer: No

Now answer for this pair. Output ONLY the final line ""Answer: Yes"" or ""Answer: No"" — no other text.

A: no_evident_not_staff_order_taxi
B: only_one_staff_wear_mask
Answer:
","A: no_evident_not_staff_order_taxi
B: only_one_staff_wear_mask
Answer: Yes"
2026-08-10 23:28:02,3,4932,no_evident_not_staff_help_find_rental_car,staff_fail_to_guest_request,"Task: decide if Proposition B contradicts Assumption A.

Steps:
1. A defends a claim (strip ""no_evident_not_"" / ""have_evident_"" to see it).
2. B states a fact.
3. Does B disprove A's claim? Same specific issue only, not just same topic.

Output pattern (always use this exact shape):
A: <phrase>
B: <phrase>
Answer: Yes/No

Examples:

A: no_evident_not_easy_check-in
B: customer_wait_10_minute_for_greet
Answer: Yes

A: no_evident_not_easy_check-in
B: no_one_give_key_on_late_check-in
Answer: No

A: no_evident_not_great_quality
B: shampoo_seem_cheap_considering_hotel_cost
Answer: Yes

A: no_evident_not_great_quality
B: expensive_hotel
Answer: No

Now answer for this pair. Output ONLY the final line ""Answer: Yes"" or ""Answer: No"" — no other text.

A: no_evident_not_staff_help_find_rental_car
B: staff_fail_to_guest_request
Answer:
","A: no_evident_not_staff_help_find_rental_car
B: staff_fail_to_guest_request
Answer: Yes"
2026-08-10 23:28:02,3,218,no_evident_not_staff_take_time_to_explain,staff_cannot_provide_double_bed,"Task: decide if Proposition B contradicts Assumption A.

Steps:
1. A defends a claim (strip ""no_evident_not_"" / ""have_evident_"" to see it).
2. B states a fact.
3. Does B disprove A's claim? Same specific issue only, not just same topic.

Output pattern (always use this exact shape):
A: <phrase>
B: <phrase>
Answer: Yes/No

Examples:

A: no_evident_not_easy_check-in
B: customer_wait_10_minute_for_greet
Answer: Yes

A: no_evident_not_easy_check-in
B: no_one_give_key_on_late_check-in
Answer: No

A: no_evident_not_great_quality
B: shampoo_seem_cheap_considering_hotel_cost
Answer: Yes

A: no_evident_not_great_quality
B: expensive_hotel
Answer: No

Now answer for this pair. Output ONLY the final line ""Answer: Yes"" or ""Answer: No"" — no other text.

A: no_evident_not_staff_take_time_to_explain
B: staff_cannot_provide_double_bed
Answer:
","A: no_evident_not_staff_take_time_to_explain
B: staff_cannot_provide_double_bed
Answer: Yes"
2026-08-10 23:28:03,3,4598,no_evident_not_staff_agree_to_every_request,staff_not_understand_English_well,"Task: decide if Proposition B contradicts Assumption A.

Steps:
1. A defends a claim (strip ""no_evident_not_"" / ""have_evident_"" to see it).
2. B states a fact.
3. Does B disprove A's claim? Same specific issue only, not just same topic.

Output pattern (always use this exact shape):
A: <phrase>
B: <phrase>
Answer: Yes/No

Examples:

A: no_evident_not_easy_check-in
B: customer_wait_10_minute_for_greet
Answer: Yes

A: no_evident_not_easy_check-in
B: no_one_give_key_on_late_check-in
Answer: No

A: no_evident_not_great_quality
B: shampoo_seem_cheap_considering_hotel_cost
Answer: Yes

A: no_evident_not_great_quality
B: expensive_hotel
Answer: No

Now answer for this pair. Output ONLY the final line ""Answer: Yes"" or ""Answer: No"" — no other text.

A: no_evident_not_staff_agree_to_every_request
B: staff_not_understand_English_well
Answer:
","A: no_evident_not_staff_agree_to_every_request
B: staff_not_understand_English_well
Answer: Yes"
2026-08-10 23:28:03,3,1629,no_evident_not_pleasant_staff,staff_not_speak_Cypriot_language,"Task: decide if Proposition B contradicts Assumption A.

Steps:
1. A defends a claim (strip ""no_evident_not_"" / ""have_evident_"" to see it).
2. B states a fact.
3. Does B disprove A's claim? Same specific issue only, not just same topic.

Output pattern (always use this exact shape):
A: <phrase>
B: <phrase>
Answer: Yes/No

Examples:

A: no_evident_not_easy_check-in
B: customer_wait_10_minute_for_greet
Answer: Yes

A: no_evident_not_easy_check-in
B: no_one_give_key_on_late_check-in
Answer: No

A: no_evident_not_great_quality
B: shampoo_seem_cheap_considering_hotel_cost
Answer: Yes

A: no_evident_not_great_quality
B: expensive_hotel
Answer: No

Now answer for this pair. Output ONLY the final line ""Answer: Yes"" or ""Answer: No"" — no other text.

A: no_evident_not_pleasant_staff
B: staff_not_speak_Cypriot_language
Answer:
","A: no_evident_not_pleasant_staff
B: staff_not_speak_Cypriot_language
Answer: Yes"
2026-08-10 23:28:04,3,5866,no_evident_not_cordial_staff,staff_not_speak_English_properly,"Task: decide if Proposition B contradicts Assumption A.

Steps:
1. A defends a claim (strip ""no_evident_not_"" / ""have_evident_"" to see it).
2. B states a fact.
3. Does B disprove A's claim? Same specific issue only, not just same topic.

Output pattern (always use this exact shape):
A: <phrase>
B: <phrase>
Answer: Yes/No

Examples:

A: no_evident_not_easy_check-in
B: customer_wait_10_minute_for_greet
Answer: Yes

A: no_evident_not_easy_check-in
B: no_one_give_key_on_late_check-in
Answer: No

A: no_evident_not_great_quality
B: shampoo_seem_cheap_considering_hotel_cost
Answer: Yes

A: no_evident_not_great_quality
B: expensive_hotel
Answer: No

Now answer for this pair. Output ONLY the final line ""Answer: Yes"" or ""Answer: No"" — no other text.

A: no_evident_not_cordial_staff
B: staff_not_speak_English_properly
Answer:
","A: no_evident_not_cordial_staff
B: staff_not_speak_English_properly
Answer: Yes"
2026-08-10 23:28:04,3,5324,no_evident_not_staff_wait_for_check-in_at_3am,staff_cannot_provide_double_bed,"Task: decide if Proposition B contradicts Assumption A.

Steps:
1. A defends a claim (strip ""no_evident_not_"" / ""have_evident_"" to see it).
2. B states a fact.
3. Does B disprove A's claim? Same specific issue only, not just same topic.

Output pattern (always use this exact shape):
A: <phrase>
B: <phrase>
Answer: Yes/No

Examples:

A: no_evident_not_easy_check-in
B: customer_wait_10_minute_for_greet
Answer: Yes

A: no_evident_not_easy_check-in
B: no_one_give_key_on_late_check-in
Answer: No

A: no_evident_not_great_quality
B: shampoo_seem_cheap_considering_hotel_cost
Answer: Yes

A: no_evident_not_great_quality
B: expensive_hotel
Answer: No

Now answer for this pair. Output ONLY the final line ""Answer: Yes"" or ""Answer: No"" — no other text.

A: no_evident_not_staff_wait_for_check-in_at_3am
B: staff_cannot_provide_double_bed
Answer:
","A: no_evident_not_staff_wait_for_check-in_at_3am
B: staff_cannot_provide_double_bed
Answer: Yes"
2026-08-10 23:28:04,3,5746,no_evident_not_super_service_staff,staff_not_speak_Cypriot_language,"Task: decide if Proposition B contradicts Assumption A.

Steps:
1. A defends a claim (strip ""no_evident_not_"" / ""have_evident_"" to see it).
2. B states a fact.
3. Does B disprove A's claim? Same specific issue only, not just same topic.

Output pattern (always use this exact shape):
A: <phrase>
B: <phrase>
Answer: Yes/No

Examples:

A: no_evident_not_easy_check-in
B: customer_wait_10_minute_for_greet
Answer: Yes

A: no_evident_not_easy_check-in
B: no_one_give_key_on_late_check-in
Answer: No

A: no_evident_not_great_quality
B: shampoo_seem_cheap_considering_hotel_cost
Answer: Yes

A: no_evident_not_great_quality
B: expensive_hotel
Answer: No

Now answer for this pair. Output ONLY the final line ""Answer: Yes"" or ""Answer: No"" — no other text.

A: no_evident_not_super_service_staff
B: staff_not_speak_Cypriot_language
Answer:
","A: no_evident_not_super_service_staff
B: staff_not_speak_Cypriot_language
Answer: Yes"
2026-08-10 23:28:05,3,4465,no_evident_not_can_speak_Arabic,staff_should_learn_better_English,"Task: decide if Proposition B contradicts Assumption A.

Steps:
1. A defends a claim (strip ""no_evident_not_"" / ""have_evident_"" to see it).
2. B states a fact.
3. Does B disprove A's claim? Same specific issue only, not just same topic.

Output pattern (always use this exact shape):
A: <phrase>
B: <phrase>
Answer: Yes/No

Examples:

A: no_evident_not_easy_check-in
B: customer_wait_10_minute_for_greet
Answer: Yes

A: no_evident_not_easy_check-in
B: no_one_give_key_on_late_check-in
Answer: No

A: no_evident_not_great_quality
B: shampoo_seem_cheap_considering_hotel_cost
Answer: Yes

A: no_evident_not_great_quality
B: expensive_hotel
Answer: No

Now answer for this pair. Output ONLY the final line ""Answer: Yes"" or ""Answer: No"" — no other text.

A: no_evident_not_can_speak_Arabic
B: staff_should_learn_better_English
Answer:
",Answer: Yes
2026-08-10 23:28:05,3,3437,no_evident_not_grateful_for_staff,staff_fail_to_guest_request,"Task: decide if Proposition B contradicts Assumption A.

Steps:
1. A defends a claim (strip ""no_evident_not_"" / ""have_evident_"" to see it).
2. B states a fact.
3. Does B disprove A's claim? Same specific issue only, not just same topic.

Output pattern (always use this exact shape):
A: <phrase>
B: <phrase>
Answer: Yes/No

Examples:

A: no_evident_not_easy_check-in
B: customer_wait_10_minute_for_greet
Answer: Yes

A: no_evident_not_easy_check-in
B: no_one_give_key_on_late_check-in
Answer: No

A: no_evident_not_great_quality
B: shampoo_seem_cheap_considering_hotel_cost
Answer: Yes

A: no_evident_not_great_quality
B: expensive_hotel
Answer: No

Now answer for this pair. Output ONLY the final line ""Answer: Yes"" or ""Answer: No"" — no other text.

A: no_evident_not_grateful_for_staff
B: staff_fail_to_guest_request
Answer:
","A: no_evident_not_grateful_for_staff
B: staff_fail_to_guest_request
Answer: Yes"
2026-08-10 23:28:05,3,1806,no_evident_not_reachable_staff,offended_staff,"Task: decide if Proposition B contradicts Assumption A.

Steps:
1. A defends a claim (strip ""no_evident_not_"" / ""have_evident_"" to see it).
2. B states a fact.
3. Does B disprove A's claim? Same specific issue only, not just same topic.

Output pattern (always use this exact shape):
A: <phrase>
B: <phrase>
Answer: Yes/No

Examples:

A: no_evident_not_easy_check-in
B: customer_wait_10_minute_for_greet
Answer: Yes

A: no_evident_not_easy_check-in
B: no_one_give_key_on_late_check-in
Answer: No

A: no_evident_not_great_quality
B: shampoo_seem_cheap_considering_hotel_cost
Answer: Yes

A: no_evident_not_great_quality
B: expensive_hotel
Answer: No

Now answer for this pair. Output ONLY the final line ""Answer: Yes"" or ""Answer: No"" — no other text.

A: no_evident_not_reachable_staff
B: offended_staff
Answer:
","A: no_evident_not_reachable_staff
B: offended_staff
Answer: Yes"
2026-08-10 23:28:06,3,3680,no_evident_not_happy_staff,only_one_staff_wear_mask,"Task: decide if Proposition B contradicts Assumption A.

Steps:
1. A defends a claim (strip ""no_evident_not_"" / ""have_evident_"" to see it).
2. B states a fact.
3. Does B disprove A's claim? Same specific issue only, not just same topic.

Output pattern (always use this exact shape):
A: <phrase>
B: <phrase>
Answer: Yes/No

Examples:

A: no_evident_not_easy_check-in
B: customer_wait_10_minute_for_greet
Answer: Yes

A: no_evident_not_easy_check-in
B: no_one_give_key_on_late_check-in
Answer: No

A: no_evident_not_great_quality
B: shampoo_seem_cheap_considering_hotel_cost
Answer: Yes

A: no_evident_not_great_quality
B: expensive_hotel
Answer: No

Now answer for this pair. Output ONLY the final line ""Answer: Yes"" or ""Answer: No"" — no other text.

A: no_evident_not_happy_staff
B: only_one_staff_wear_mask
Answer:
","A: no_evident_not_happy_staff
B: only_one_staff_wear_mask
Answer: Yes"
2026-08-10 23:28:06,3,4828,no_evident_not_staff_speak_French,staff_not_understand_English_well,"Task: decide if Proposition B contradicts Assumption A.

Steps:
1. A defends a claim (strip ""no_evident_not_"" / ""have_evident_"" to see it).
2. B states a fact.
3. Does B disprove A's claim? Same specific issue only, not just same topic.

Output pattern (always use this exact shape):
A: <phrase>
B: <phrase>
Answer: Yes/No

Examples:

A: no_evident_not_easy_check-in
B: customer_wait_10_minute_for_greet
Answer: Yes

A: no_evident_not_easy_check-in
B: no_one_give_key_on_late_check-in
Answer: No

A: no_evident_not_great_quality
B: shampoo_seem_cheap_considering_hotel_cost
Answer: Yes

A: no_evident_not_great_quality
B: expensive_hotel
Answer: No

Now answer for this pair. Output ONLY the final line ""Answer: Yes"" or ""Answer: No"" — no other text.

A: no_evident_not_staff_speak_French
B: staff_not_understand_English_well
Answer:
",Answer: Yes
2026-08-10 23:28:06,3,2279,no_evident_not_staff_recommend_place_to_visit,staff_clean_after_complaint,"Task: decide if Proposition B contradicts Assumption A.

Steps:
1. A defends a claim (strip ""no_evident_not_"" / ""have_evident_"" to see it).
2. B states a fact.
3. Does B disprove A's claim? Same specific issue only, not just same topic.

Output pattern (always use this exact shape):
A: <phrase>
B: <phrase>
Answer: Yes/No

Examples:

A: no_evident_not_easy_check-in
B: customer_wait_10_minute_for_greet
Answer: Yes

A: no_evident_not_easy_check-in
B: no_one_give_key_on_late_check-in
Answer: No

A: no_evident_not_great_quality
B: shampoo_seem_cheap_considering_hotel_cost
Answer: Yes

A: no_evident_not_great_quality
B: expensive_hotel
Answer: No

Now answer for this pair. Output ONLY the final line ""Answer: Yes"" or ""Answer: No"" — no other text.

A: no_evident_not_staff_recommend_place_to_visit
B: staff_clean_after_complaint
Answer:
","A: no_evident_not_staff_recommend_place_to_visit
B: staff_clean_after_complaint
Answer: No"
2026-08-10 23:28:06,3,54,no_evident_not_nice_staff,no_empathy_staff,"Task: decide if Proposition B contradicts Assumption A.

Steps:
1. A defends a claim (strip ""no_evident_not_"" / ""have_evident_"" to see it).
2. B states a fact.
3. Does B disprove A's claim? Same specific issue only, not just same topic.

Output pattern (always use this exact shape):
A: <phrase>
B: <phrase>
Answer: Yes/No

Examples:

A: no_evident_not_easy_check-in
B: customer_wait_10_minute_for_greet
Answer: Yes

A: no_evident_not_easy_check-in
B: no_one_give_key_on_late_check-in
Answer: No

A: no_evident_not_great_quality
B: shampoo_seem_cheap_considering_hotel_cost
Answer: Yes

A: no_evident_not_great_quality
B: expensive_hotel
Answer: No

Now answer for this pair. Output ONLY the final line ""Answer: Yes"" or ""Answer: No"" — no other text.

A: no_evident_not_nice_staff
B: no_empathy_staff
Answer:
","A: no_evident_not_nice_staff
B: no_empathy_staff
Answer: Yes"
2026-08-10 23:28:07,3,6217,no_evident_not_willingness_staff,not_kind_staff,"Task: decide if Proposition B contradicts Assumption A.

Steps:
1. A defends a claim (strip ""no_evident_not_"" / ""have_evident_"" to see it).
2. B states a fact.
3. Does B disprove A's claim? Same specific issue only, not just same topic.

Output pattern (always use this exact shape):
A: <phrase>
B: <phrase>
Answer: Yes/No

Examples:

A: no_evident_not_easy_check-in
B: customer_wait_10_minute_for_greet
Answer: Yes

A: no_evident_not_easy_check-in
B: no_one_give_key_on_late_check-in
Answer: No

A: no_evident_not_great_quality
B: shampoo_seem_cheap_considering_hotel_cost
Answer: Yes

A: no_evident_not_great_quality
B: expensive_hotel
Answer: No

Now answer for this pair. Output ONLY the final line ""Answer: Yes"" or ""Answer: No"" — no other text.

A: no_evident_not_willingness_staff
B: not_kind_staff
Answer:
","A: no_evident_not_willingness_staff
B: not_kind_staff
Answer: Yes"
2026-08-10 23:28:07,3,1308,no_evident_not_stored_luggage_for_us,no_staff_at_night,"Task: decide if Proposition B contradicts Assumption A.

Steps:
1. A defends a claim (strip ""no_evident_not_"" / ""have_evident_"" to see it).
2. B states a fact.
3. Does B disprove A's claim? Same specific issue only, not just same topic.

Output pattern (always use this exact shape):
A: <phrase>
B: <phrase>
Answer: Yes/No

Examples:

A: no_evident_not_easy_check-in
B: customer_wait_10_minute_for_greet
Answer: Yes

A: no_evident_not_easy_check-in
B: no_one_give_key_on_late_check-in
Answer: No

A: no_evident_not_great_quality
B: shampoo_seem_cheap_considering_hotel_cost
Answer: Yes

A: no_evident_not_great_quality
B: expensive_hotel
Answer: No

Now answer for this pair. Output ONLY the final line ""Answer: Yes"" or ""Answer: No"" — no other text.

A: no_evident_not_stored_luggage_for_us
B: no_staff_at_night
Answer:
","A: no_evident_not_stored_luggage_for_us
B: no_staff_at_night
Answer: Yes"
2026-08-10 23:28:08,3,5720,no_evident_not_sympathy_of_restaurant_staff,staff_mistakenly_throw_valuable_item_during_cleaning_service,"Task: decide if Proposition B contradicts Assumption A.

Steps:
1. A defends a claim (strip ""no_evident_not_"" / ""have_evident_"" to see it).
2. B states a fact.
3. Does B disprove A's claim? Same specific issue only, not just same topic.

Output pattern (always use this exact shape):
A: <phrase>
B: <phrase>
Answer: Yes/No

Examples:

A: no_evident_not_easy_check-in
B: customer_wait_10_minute_for_greet
Answer: Yes

A: no_evident_not_easy_check-in
B: no_one_give_key_on_late_check-in
Answer: No

A: no_evident_not_great_quality
B: shampoo_seem_cheap_considering_hotel_cost
Answer: Yes

A: no_evident_not_great_quality
B: expensive_hotel
Answer: No

Now answer for this pair. Output ONLY the final line ""Answer: Yes"" or ""Answer: No"" — no other text.

A: no_evident_not_sympathy_of_restaurant_staff
B: staff_mistakenly_throw_valuable_item_during_cleaning_service
Answer:
","A: no_evident_not_sympathy_of_restaurant_staff
B: staff_mistakenly_throw_valuable_item_during_cleaning_service
Answer: Yes"
2026-08-10 23:28:08,3,3463,no_evident_not_staff_make_hotel_great,staff_not_justify_booking_issue,"Task: decide if Proposition B contradicts Assumption A.

Steps:
1. A defends a claim (strip ""no_evident_not_"" / ""have_evident_"" to see it).
2. B states a fact.
3. Does B disprove A's claim? Same specific issue only, not just same topic.

Output pattern (always use this exact shape):
A: <phrase>
B: <phrase>
Answer: Yes/No

Examples:

A: no_evident_not_easy_check-in
B: customer_wait_10_minute_for_greet
Answer: Yes

A: no_evident_not_easy_check-in
B: no_one_give_key_on_late_check-in
Answer: No

A: no_evident_not_great_quality
B: shampoo_seem_cheap_considering_hotel_cost
Answer: Yes

A: no_evident_not_great_quality
B: expensive_hotel
Answer: No

Now answer for this pair. Output ONLY the final line ""Answer: Yes"" or ""Answer: No"" — no other text.

A: no_evident_not_staff_make_hotel_great
B: staff_not_justify_booking_issue
Answer:
","A: no_evident_not_staff_make_hotel_great
B: staff_not_justify_booking_issue
Answer: Yes"
2026-08-10 23:28:08,3,2788,no_evident_not_brilliant_communication_prior_arrival,staff_need_improve_collaboration,"Task: decide if Proposition B contradicts Assumption A.

Steps:
1. A defends a claim (strip ""no_evident_not_"" / ""have_evident_"" to see it).
2. B states a fact.
3. Does B disprove A's claim? Same specific issue only, not just same topic.

Output pattern (always use this exact shape):
A: <phrase>
B: <phrase>
Answer: Yes/No

Examples:

A: no_evident_not_easy_check-in
B: customer_wait_10_minute_for_greet
Answer: Yes

A: no_evident_not_easy_check-in
B: no_one_give_key_on_late_check-in
Answer: No

A: no_evident_not_great_quality
B: shampoo_seem_cheap_considering_hotel_cost
Answer: Yes

A: no_evident_not_great_quality
B: expensive_hotel
Answer: No

Now answer for this pair. Output ONLY the final line ""Answer: Yes"" or ""Answer: No"" — no other text.

A: no_evident_not_brilliant_communication_prior_arrival
B: staff_need_improve_collaboration
Answer:
","A: no_evident_not_brilliant_communication_prior_arrival
B: staff_need_improve_collaboration
Answer: Yes"
2026-08-10 23:28:09,3,2277,no_evident_not_happy_to_help_any_question,only_one_staff_wear_mask,"Task: decide if Proposition B contradicts Assumption A.

Steps:
1. A defends a claim (strip ""no_evident_not_"" / ""have_evident_"" to see it).
2. B states a fact.
3. Does B disprove A's claim? Same specific issue only, not just same topic.

Output pattern (always use this exact shape):
A: <phrase>
B: <phrase>
Answer: Yes/No

Examples:

A: no_evident_not_easy_check-in
B: customer_wait_10_minute_for_greet
Answer: Yes

A: no_evident_not_easy_check-in
B: no_one_give_key_on_late_check-in
Answer: No

A: no_evident_not_great_quality
B: shampoo_seem_cheap_considering_hotel_cost
Answer: Yes

A: no_evident_not_great_quality
B: expensive_hotel
Answer: No

Now answer for this pair. Output ONLY the final line ""Answer: Yes"" or ""Answer: No"" — no other text.

A: no_evident_not_happy_to_help_any_question
B: only_one_staff_wear_mask
Answer:
","A: no_evident_not_happy_to-help_any_question
B: only_one_staff_wear_mask
Answer: Yes"
2026-08-10 23:28:09,3,1274,no_evident_not_staff_quick_check-in,staff_fail_to_communicate_with_taxi,"Task: decide if Proposition B contradicts Assumption A.

Steps:
1. A defends a claim (strip ""no_evident_not_"" / ""have_evident_"" to see it).
2. B states a fact.
3. Does B disprove A's claim? Same specific issue only, not just same topic.

Output pattern (always use this exact shape):
A: <phrase>
B: <phrase>
Answer: Yes/No

Examples:

A: no_evident_not_easy_check-in
B: customer_wait_10_minute_for_greet
Answer: Yes

A: no_evident_not_easy_check-in
B: no_one_give_key_on_late_check-in
Answer: No

A: no_evident_not_great_quality
B: shampoo_seem_cheap_considering_hotel_cost
Answer: Yes

A: no_evident_not_great_quality
B: expensive_hotel
Answer: No

Now answer for this pair. Output ONLY the final line ""Answer: Yes"" or ""Answer: No"" — no other text.

A: no_evident_not_staff_quick_check-in
B: staff_fail_to_communicate_with_taxi
Answer:
","A: no_evident_not_staff_quick_check-in
B: staff_fail_to_communicate_with_taxi
Answer: Yes"
2026-08-10 23:28:10,3,1764,no_evident_not_attentive_staff,staff_mistakenly_throw_valuable_item_during_cleaning_service,"Task: decide if Proposition B contradicts Assumption A.

Steps:
1. A defends a claim (strip ""no_evident_not_"" / ""have_evident_"" to see it).
2. B states a fact.
3. Does B disprove A's claim? Same specific issue only, not just same topic.

Output pattern (always use this exact shape):
A: <phrase>
B: <phrase>
Answer: Yes/No

Examples:

A: no_evident_not_easy_check-in
B: customer_wait_10_minute_for_greet
Answer: Yes

A: no_evident_not_easy_check-in
B: no_one_give_key_on_late_check-in
Answer: No

A: no_evident_not_great_quality
B: shampoo_seem_cheap_considering_hotel_cost
Answer: Yes

A: no_evident_not_great_quality
B: expensive_hotel
Answer: No

Now answer for this pair. Output ONLY the final line ""Answer: Yes"" or ""Answer: No"" — no other text.

A: no_evident_not_attentive_staff
B: staff_mistakenly_throw_valuable_item_during_cleaning_service
Answer:
","A: no_evident_not_attentive_staff
B: staff_mistakenly_throw_valuable_item_during_cleaning_service
Answer: Yes"
2026-08-10 23:28:10,3,6255,no_evident_not_warm_service_staff,staff_cannot_give_bus_to_airport_information,"Task: decide if Proposition B contradicts Assumption A.

Steps:
1. A defends a claim (strip ""no_evident_not_"" / ""have_evident_"" to see it).
2. B states a fact.
3. Does B disprove A's claim? Same specific issue only, not just same topic.

Output pattern (always use this exact shape):
A: <phrase>
B: <phrase>
Answer: Yes/No

Examples:

A: no_evident_not_easy_check-in
B: customer_wait_10_minute_for_greet
Answer: Yes

A: no_evident_not_easy_check-in
B: no_one_give_key_on_late_check-in
Answer: No

A: no_evident_not_great_quality
B: shampoo_seem_cheap_considering_hotel_cost
Answer: Yes

A: no_evident_not_great_quality
B: expensive_hotel
Answer: No

Now answer for this pair. Output ONLY the final line ""Answer: Yes"" or ""Answer: No"" — no other text.

A: no_evident_not_warm_service_staff
B: staff_cannot_give_bus_to_airport_information
Answer:
","A: no_evident_not_warm_service_staff
B: staff_cannot_give_bus_to_airport_information
Answer: Yes"
2026-08-10 23:28:10,3,2758,no_evident_not_good_communication,staff_not_understand_English_well,"Task: decide if Proposition B contradicts Assumption A.

Steps:
1. A defends a claim (strip ""no_evident_not_"" / ""have_evident_"" to see it).
2. B states a fact.
3. Does B disprove A's claim? Same specific issue only, not just same topic.

Output pattern (always use this exact shape):
A: <phrase>
B: <phrase>
Answer: Yes/No

Examples:

A: no_evident_not_easy_check-in
B: customer_wait_10_minute_for_greet
Answer: Yes

A: no_evident_not_easy_check-in
B: no_one_give_key_on_late_check-in
Answer: No

A: no_evident_not_great_quality
B: shampoo_seem_cheap_considering_hotel_cost
Answer: Yes

A: no_evident_not_great_quality
B: expensive_hotel
Answer: No

Now answer for this pair. Output ONLY the final line ""Answer: Yes"" or ""Answer: No"" — no other text.

A: no_evident_not_good_communication
B: staff_not_understand_English_well
Answer:
","A: no_evident_not_good_communication
B: staff_not_understand_English_well
Answer: Yes"
2026-08-10 23:28:10,3,838,no_evident_not_staff_alway_assist,staff_fail_to_guest_request,"Task: decide if Proposition B contradicts Assumption A.

Steps:
1. A defends a claim (strip ""no_evident_not_"" / ""have_evident_"" to see it).
2. B states a fact.
3. Does B disprove A's claim? Same specific issue only, not just same topic.

Output pattern (always use this exact shape):
A: <phrase>
B: <phrase>
Answer: Yes/No

Examples:

A: no_evident_not_easy_check-in
B: customer_wait_10_minute_for_greet
Answer: Yes

A: no_evident_not_easy_check-in
B: no_one_give_key_on_late_check-in
Answer: No

A: no_evident_not_great_quality
B: shampoo_seem_cheap_considering_hotel_cost
Answer: Yes

A: no_evident_not_great_quality
B: expensive_hotel
Answer: No

Now answer for this pair. Output ONLY the final line ""Answer: Yes"" or ""Answer: No"" — no other text.

A: no_evident_not_staff_alway_assist
B: staff_fail_to_guest_request
Answer:
",Answer: Yes
2026-08-10 23:28:11,3,760,no_evident_not_good_service,staff_not_speak_English_properly,"Task: decide if Proposition B contradicts Assumption A.

Steps:
1. A defends a claim (strip ""no_evident_not_"" / ""have_evident_"" to see it).
2. B states a fact.
3. Does B disprove A's claim? Same specific issue only, not just same topic.

Output pattern (always use this exact shape):
A: <phrase>
B: <phrase>
Answer: Yes/No

Examples:

A: no_evident_not_easy_check-in
B: customer_wait_10_minute_for_greet
Answer: Yes

A: no_evident_not_easy_check-in
B: no_one_give_key_on_late_check-in
Answer: No

A: no_evident_not_great_quality
B: shampoo_seem_cheap_considering_hotel_cost
Answer: Yes

A: no_evident_not_great_quality
B: expensive_hotel
Answer: No

Now answer for this pair. Output ONLY the final line ""Answer: Yes"" or ""Answer: No"" — no other text.

A: no_evident_not_good_service
B: staff_not_speak_English_properly
Answer:
","A: no_evident_not_good_service
B: staff_not_speak_English_properly
Answer: Yes"
2026-08-10 23:28:11,3,3113,no_evident_not_can_borrow_luggage_scale,no_empathy_staff,"Task: decide if Proposition B contradicts Assumption A.

Steps:
1. A defends a claim (strip ""no_evident_not_"" / ""have_evident_"" to see it).
2. B states a fact.
3. Does B disprove A's claim? Same specific issue only, not just same topic.

Output pattern (always use this exact shape):
A: <phrase>
B: <phrase>
Answer: Yes/No

Examples:

A: no_evident_not_easy_check-in
B: customer_wait_10_minute_for_greet
Answer: Yes

A: no_evident_not_easy_check-in
B: no_one_give_key_on_late_check-in
Answer: No

A: no_evident_not_great_quality
B: shampoo_seem_cheap_considering_hotel_cost
Answer: Yes

A: no_evident_not_great_quality
B: expensive_hotel
Answer: No

Now answer for this pair. Output ONLY the final line ""Answer: Yes"" or ""Answer: No"" — no other text.

A: no_evident_not_can_borrow_luggage_scale
B: no_empathy_staff
Answer:
","A: no_evident_not_can_borrow_luggage_scale
B: no_empathy_staff
Answer: Yes"
2026-08-10 23:28:12,3,793,no_evident_not_staff_reach_out_when_reception_close,staff_cannot_provide_double_bed,"Task: decide if Proposition B contradicts Assumption A.

Steps:
1. A defends a claim (strip ""no_evident_not_"" / ""have_evident_"" to see it).
2. B states a fact.
3. Does B disprove A's claim? Same specific issue only, not just same topic.

Output pattern (always use this exact shape):
A: <phrase>
B: <phrase>
Answer: Yes/No

Examples:

A: no_evident_not_easy_check-in
B: customer_wait_10_minute_for_greet
Answer: Yes

A: no_evident_not_easy_check-in
B: no_one_give_key_on_late_check-in
Answer: No

A: no_evident_not_great_quality
B: shampoo_seem_cheap_considering_hotel_cost
Answer: Yes

A: no_evident_not_great_quality
B: expensive_hotel
Answer: No

Now answer for this pair. Output ONLY the final line ""Answer: Yes"" or ""Answer: No"" — no other text.

A: no_evident_not_staff_reach_out_when_reception_close
B: staff_cannot_provide_double_bed
Answer:
","A: no_evident_not_staff_reach_out_when_reception_close
B: staff_cannot_provide_double_bed
Answer: Yes"
2026-08-10 23:28:12,3,2941,no_evident_not_best_staff_ever,no_staff_at_night,"Task: decide if Proposition B contradicts Assumption A.

Steps:
1. A defends a claim (strip ""no_evident_not_"" / ""have_evident_"" to see it).
2. B states a fact.
3. Does B disprove A's claim? Same specific issue only, not just same topic.

Output pattern (always use this exact shape):
A: <phrase>
B: <phrase>
Answer: Yes/No

Examples:

A: no_evident_not_easy_check-in
B: customer_wait_10_minute_for_greet
Answer: Yes

A: no_evident_not_easy_check-in
B: no_one_give_key_on_late_check-in
Answer: No

A: no_evident_not_great_quality
B: shampoo_seem_cheap_considering_hotel_cost
Answer: Yes

A: no_evident_not_great_quality
B: expensive_hotel
Answer: No

Now answer for this pair. Output ONLY the final line ""Answer: Yes"" or ""Answer: No"" — no other text.

A: no_evident_not_best_staff_ever
B: no_staff_at_night
Answer:
","A: no_evident_not_best_staff_ever
B: no_staff_at_night
Answer: Yes"
2026-08-10 23:28:12,3,2818,no_evident_not_staff_nothing_too_much_for_them,offended_staff,"Task: decide if Proposition B contradicts Assumption A.

Steps:
1. A defends a claim (strip ""no_evident_not_"" / ""have_evident_"" to see it).
2. B states a fact.
3. Does B disprove A's claim? Same specific issue only, not just same topic.

Output pattern (always use this exact shape):
A: <phrase>
B: <phrase>
Answer: Yes/No

Examples:

A: no_evident_not_easy_check-in
B: customer_wait_10_minute_for_greet
Answer: Yes

A: no_evident_not_easy_check-in
B: no_one_give_key_on_late_check-in
Answer: No

A: no_evident_not_great_quality
B: shampoo_seem_cheap_considering_hotel_cost
Answer: Yes

A: no_evident_not_great_quality
B: expensive_hotel
Answer: No

Now answer for this pair. Output ONLY the final line ""Answer: Yes"" or ""Answer: No"" — no other text.

A: no_evident_not_staff_nothing_too_much_for_them
B: offended_staff
Answer:
","A: no_evident_not_staff_nothing_too_much_for_them
B: offended_staff
Answer: Yes"
2026-08-10 23:28:13,3,4946,no_evident_not_accompanying_staff,staff_not_speak_English_properly,"Task: decide if Proposition B contradicts Assumption A.

Steps:
1. A defends a claim (strip ""no_evident_not_"" / ""have_evident_"" to see it).
2. B states a fact.
3. Does B disprove A's claim? Same specific issue only, not just same topic.

Output pattern (always use this exact shape):
A: <phrase>
B: <phrase>
Answer: Yes/No

Examples:

A: no_evident_not_easy_check-in
B: customer_wait_10_minute_for_greet
Answer: Yes

A: no_evident_not_easy_check-in
B: no_one_give_key_on_late_check-in
Answer: No

A: no_evident_not_great_quality
B: shampoo_seem_cheap_considering_hotel_cost
Answer: Yes

A: no_evident_not_great_quality
B: expensive_hotel
Answer: No

Now answer for this pair. Output ONLY the final line ""Answer: Yes"" or ""Answer: No"" — no other text.

A: no_evident_not_accompanying_staff
B: staff_not_speak_English_properly
Answer:
","A: no_evident_not_accompanying_staff
B: staff_not_speak_English_properly
Answer: Yes"
2026-08-10 23:28:13,3,2167,no_evident_not_happy_to_help_with_Covid_restriction,staff_need_improve_collaboration,"Task: decide if Proposition B contradicts Assumption A.

Steps:
1. A defends a claim (strip ""no_evident_not_"" / ""have_evident_"" to see it).
2. B states a fact.
3. Does B disprove A's claim? Same specific issue only, not just same topic.

Output pattern (always use this exact shape):
A: <phrase>
B: <phrase>
Answer: Yes/No

Examples:

A: no_evident_not_easy_check-in
B: customer_wait_10_minute_for_greet
Answer: Yes

A: no_evident_not_easy_check-in
B: no_one_give_key_on_late_check-in
Answer: No

A: no_evident_not_great_quality
B: shampoo_seem_cheap_considering_hotel_cost
Answer: Yes

A: no_evident_not_great_quality
B: expensive_hotel
Answer: No

Now answer for this pair. Output ONLY the final line ""Answer: Yes"" or ""Answer: No"" — no other text.

A: no_evident_not_happy_to_help_with_Covid_restriction
B: staff_need_improve_collaboration
Answer:
","A: no_evident_not_happy_to-help-with-Covid-restriction
B: staff_need_improve_collaboration
Answer: Yes"
2026-08-10 23:28:14,3,356,no_evident_not_welcoming_staff,staff_cannot_provide_double_bed,"Task: decide if Proposition B contradicts Assumption A.

Steps:
1. A defends a claim (strip ""no_evident_not_"" / ""have_evident_"" to see it).
2. B states a fact.
3. Does B disprove A's claim? Same specific issue only, not just same topic.

Output pattern (always use this exact shape):
A: <phrase>
B: <phrase>
Answer: Yes/No

Examples:

A: no_evident_not_easy_check-in
B: customer_wait_10_minute_for_greet
Answer: Yes

A: no_evident_not_easy_check-in
B: no_one_give_key_on_late_check-in
Answer: No

A: no_evident_not_great_quality
B: shampoo_seem_cheap_considering_hotel_cost
Answer: Yes

A: no_evident_not_great_quality
B: expensive_hotel
Answer: No

Now answer for this pair. Output ONLY the final line ""Answer: Yes"" or ""Answer: No"" — no other text.

A: no_evident_not_welcoming_staff
B: staff_cannot_provide_double_bed
Answer:
","A: no_evident_not_welcoming_staff
B: staff_cannot_provide_double_bed
Answer: Yes"
2026-08-10 23:28:14,3,5978,no_evident_not_staff_explain,staff_not_understand_English_well,"Task: decide if Proposition B contradicts Assumption A.

Steps:
1. A defends a claim (strip ""no_evident_not_"" / ""have_evident_"" to see it).
2. B states a fact.
3. Does B disprove A's claim? Same specific issue only, not just same topic.

Output pattern (always use this exact shape):
A: <phrase>
B: <phrase>
Answer: Yes/No

Examples:

A: no_evident_not_easy_check-in
B: customer_wait_10_minute_for_greet
Answer: Yes

A: no_evident_not_easy_check-in
B: no_one_give_key_on_late_check-in
Answer: No

A: no_evident_not_great_quality
B: shampoo_seem_cheap_considering_hotel_cost
Answer: Yes

A: no_evident_not_great_quality
B: expensive_hotel
Answer: No

Now answer for this pair. Output ONLY the final line ""Answer: Yes"" or ""Answer: No"" — no other text.

A: no_evident_not_staff_explain
B: staff_not_understand_English_well
Answer:
",Answer: Yes
2026-08-10 23:28:14,3,3764,no_evident_not_competent_staff,staff_enforce_cancellation_charge,"Task: decide if Proposition B contradicts Assumption A.

Steps:
1. A defends a claim (strip ""no_evident_not_"" / ""have_evident_"" to see it).
2. B states a fact.
3. Does B disprove A's claim? Same specific issue only, not just same topic.

Output pattern (always use this exact shape):
A: <phrase>
B: <phrase>
Answer: Yes/No

Examples:

A: no_evident_not_easy_check-in
B: customer_wait_10_minute_for_greet
Answer: Yes

A: no_evident_not_easy_check-in
B: no_one_give_key_on_late_check-in
Answer: No

A: no_evident_not_great_quality
B: shampoo_seem_cheap_considering_hotel_cost
Answer: Yes

A: no_evident_not_great_quality
B: expensive_hotel
Answer: No

Now answer for this pair. Output ONLY the final line ""Answer: Yes"" or ""Answer: No"" — no other text.

A: no_evident_not_competent_staff
B: staff_enforce_cancellation_charge
Answer:
","A: no_evident_not_competent_staff
B: staff_enforce_cancellation_charge
Answer: Yes"
2026-08-10 23:28:14,3,4393,no_evident_not_staff_alway_available_to_satisfy_you,only_one_staff_wear_mask,"Task: decide if Proposition B contradicts Assumption A.

Steps:
1. A defends a claim (strip ""no_evident_not_"" / ""have_evident_"" to see it).
2. B states a fact.
3. Does B disprove A's claim? Same specific issue only, not just same topic.

Output pattern (always use this exact shape):
A: <phrase>
B: <phrase>
Answer: Yes/No

Examples:

A: no_evident_not_easy_check-in
B: customer_wait_10_minute_for_greet
Answer: Yes

A: no_evident_not_easy_check-in
B: no_one_give_key_on_late_check-in
Answer: No

A: no_evident_not_great_quality
B: shampoo_seem_cheap_considering_hotel_cost
Answer: Yes

A: no_evident_not_great_quality
B: expensive_hotel
Answer: No

Now answer for this pair. Output ONLY the final line ""Answer: Yes"" or ""Answer: No"" — no other text.

A: no_evident_not_staff_alway_available_to_satisfy_you
B: only_one_staff_wear_mask
Answer:
","A: no_evident_not_staff_alway_available_to_satisfy_you
B: only_one_staff_wear_mask
Answer: Yes"
2026-08-10 23:28:15,3,1023,no_evident_not_staff_email_to_ask_arriving_time,staff_cannot_provide_double_bed,"Task: decide if Proposition B contradicts Assumption A.

Steps:
1. A defends a claim (strip ""no_evident_not_"" / ""have_evident_"" to see it).
2. B states a fact.
3. Does B disprove A's claim? Same specific issue only, not just same topic.

Output pattern (always use this exact shape):
A: <phrase>
B: <phrase>
Answer: Yes/No

Examples:

A: no_evident_not_easy_check-in
B: customer_wait_10_minute_for_greet
Answer: Yes

A: no_evident_not_easy_check-in
B: no_one_give_key_on_late_check-in
Answer: No

A: no_evident_not_great_quality
B: shampoo_seem_cheap_considering_hotel_cost
Answer: Yes

A: no_evident_not_great_quality
B: expensive_hotel
Answer: No

Now answer for this pair. Output ONLY the final line ""Answer: Yes"" or ""Answer: No"" — no other text.

A: no_evident_not_staff_email_to_ask_arriving_time
B: staff_cannot_provide_double_bed
Answer:
","A: no_evident_not_staff_email_to_ask_arriving_time
B: staff_cannot_provide_double_bed
Answer: Yes"
2026-08-10 23:28:15,3,3101,no_evident_not_can_borrow_converter,staff_not_speak_Cypriot_language,"Task: decide if Proposition B contradicts Assumption A.

Steps:
1. A defends a claim (strip ""no_evident_not_"" / ""have_evident_"" to see it).
2. B states a fact.
3. Does B disprove A's claim? Same specific issue only, not just same topic.

Output pattern (always use this exact shape):
A: <phrase>
B: <phrase>
Answer: Yes/No

Examples:

A: no_evident_not_easy_check-in
B: customer_wait_10_minute_for_greet
Answer: Yes

A: no_evident_not_easy_check-in
B: no_one_give_key_on_late_check-in
Answer: No

A: no_evident_not_great_quality
B: shampoo_seem_cheap_considering_hotel_cost
Answer: Yes

A: no_evident_not_great_quality
B: expensive_hotel
Answer: No

Now answer for this pair. Output ONLY the final line ""Answer: Yes"" or ""Answer: No"" — no other text.

A: no_evident_not_can_borrow_converter
B: staff_not_speak_Cypriot_language
Answer:
","A: no_evident_not_can_borrow_converter
B: staff_not_speak_Cypriot_language
Answer: Yes"
2026-08-10 23:28:16,3,646,no_evident_not_staff_explain_information_clearly,staff_clean_after_complaint,"Task: decide if Proposition B contradicts Assumption A.

Steps:
1. A defends a claim (strip ""no_evident_not_"" / ""have_evident_"" to see it).
2. B states a fact.
3. Does B disprove A's claim? Same specific issue only, not just same topic.

Output pattern (always use this exact shape):
A: <phrase>
B: <phrase>
Answer: Yes/No

Examples:

A: no_evident_not_easy_check-in
B: customer_wait_10_minute_for_greet
Answer: Yes

A: no_evident_not_easy_check-in
B: no_one_give_key_on_late_check-in
Answer: No

A: no_evident_not_great_quality
B: shampoo_seem_cheap_considering_hotel_cost
Answer: Yes

A: no_evident_not_great_quality
B: expensive_hotel
Answer: No

Now answer for this pair. Output ONLY the final line ""Answer: Yes"" or ""Answer: No"" — no other text.

A: no_evident_not_staff_explain_information_clearly
B: staff_clean_after_complaint
Answer:
","A: no_evident_not_staff_explain_information_clearly
B: staff_clean_after_complaint
Answer: No"
2026-08-10 23:28:16,3,4523,no_evident_not_kind_hospitality_staff,staff_enforce_cancellation_charge,"Task: decide if Proposition B contradicts Assumption A.

Steps:
1. A defends a claim (strip ""no_evident_not_"" / ""have_evident_"" to see it).
2. B states a fact.
3. Does B disprove A's claim? Same specific issue only, not just same topic.

Output pattern (always use this exact shape):
A: <phrase>
B: <phrase>
Answer: Yes/No

Examples:

A: no_evident_not_easy_check-in
B: customer_wait_10_minute_for_greet
Answer: Yes

A: no_evident_not_easy_check-in
B: no_one_give_key_on_late_check-in
Answer: No

A: no_evident_not_great_quality
B: shampoo_seem_cheap_considering_hotel_cost
Answer: Yes

A: no_evident_not_great_quality
B: expensive_hotel
Answer: No

Now answer for this pair. Output ONLY the final line ""Answer: Yes"" or ""Answer: No"" — no other text.

A: no_evident_not_kind_hospitality_staff
B: staff_enforce_cancellation_charge
Answer:
","A: no_evident_not_kind_hospitality_staff
B: staff_enforce_cancellation_charge
Answer: Yes"
2026-08-10 23:28:16,3,2402,no_evident_not_glad_to_help,staff_fail_to_guest_request,"Task: decide if Proposition B contradicts Assumption A.

Steps:
1. A defends a claim (strip ""no_evident_not_"" / ""have_evident_"" to see it).
2. B states a fact.
3. Does B disprove A's claim? Same specific issue only, not just same topic.

Output pattern (always use this exact shape):
A: <phrase>
B: <phrase>
Answer: Yes/No

Examples:

A: no_evident_not_easy_check-in
B: customer_wait_10_minute_for_greet
Answer: Yes

A: no_evident_not_easy_check-in
B: no_one_give_key_on_late_check-in
Answer: No

A: no_evident_not_great_quality
B: shampoo_seem_cheap_considering_hotel_cost
Answer: Yes

A: no_evident_not_great_quality
B: expensive_hotel
Answer: No

Now answer for this pair. Output ONLY the final line ""Answer: Yes"" or ""Answer: No"" — no other text.

A: no_evident_not_glad_to_help
B: staff_fail_to_guest_request
Answer:
","A: no_evident_not_glad_to-help
B: staff_fail_to_guest_request
Answer: Yes"
2026-08-10 23:28:17,3,5150,no_evident_not_greeting_with_smile,staff_not_understand_English_well,"Task: decide if Proposition B contradicts Assumption A.

Steps:
1. A defends a claim (strip ""no_evident_not_"" / ""have_evident_"" to see it).
2. B states a fact.
3. Does B disprove A's claim? Same specific issue only, not just same topic.

Output pattern (always use this exact shape):
A: <phrase>
B: <phrase>
Answer: Yes/No

Examples:

A: no_evident_not_easy_check-in
B: customer_wait_10_minute_for_greet
Answer: Yes

A: no_evident_not_easy_check-in
B: no_one_give_key_on_late_check-in
Answer: No

A: no_evident_not_great_quality
B: shampoo_seem_cheap_considering_hotel_cost
Answer: Yes

A: no_evident_not_great_quality
B: expensive_hotel
Answer: No

Now answer for this pair. Output ONLY the final line ""Answer: Yes"" or ""Answer: No"" — no other text.

A: no_evident_not_greeting_with_smile
B: staff_not_understand_English_well
Answer:
","A: no_evident_not_greeting_with_smile
B: staff_not_understand_English_well
Answer: Yes"
2026-08-10 23:28:17,3,5067,no_evident_not_staff_take_care_well-being_of_guest,not_kind_staff,"Task: decide if Proposition B contradicts Assumption A.

Steps:
1. A defends a claim (strip ""no_evident_not_"" / ""have_evident_"" to see it).
2. B states a fact.
3. Does B disprove A's claim? Same specific issue only, not just same topic.

Output pattern (always use this exact shape):
A: <phrase>
B: <phrase>
Answer: Yes/No

Examples:

A: no_evident_not_easy_check-in
B: customer_wait_10_minute_for_greet
Answer: Yes

A: no_evident_not_easy_check-in
B: no_one_give_key_on_late_check-in
Answer: No

A: no_evident_not_great_quality
B: shampoo_seem_cheap_considering_hotel_cost
Answer: Yes

A: no_evident_not_great_quality
B: expensive_hotel
Answer: No

Now answer for this pair. Output ONLY the final line ""Answer: Yes"" or ""Answer: No"" — no other text.

A: no_evident_not_staff_take_care_well-being_of_guest
B: not_kind_staff
Answer:
","A: no_evident_not_staff_take_care_well-being_of_guest
B: not_kind_staff
Answer: Yes"
2026-08-10 23:28:18,3,2963,no_evident_not_pleased_by_staff,staff_not_speak_Cypriot_language,"Task: decide if Proposition B contradicts Assumption A.

Steps:
1. A defends a claim (strip ""no_evident_not_"" / ""have_evident_"" to see it).
2. B states a fact.
3. Does B disprove A's claim? Same specific issue only, not just same topic.

Output pattern (always use this exact shape):
A: <phrase>
B: <phrase>
Answer: Yes/No

Examples:

A: no_evident_not_easy_check-in
B: customer_wait_10_minute_for_greet
Answer: Yes

A: no_evident_not_easy_check-in
B: no_one_give_key_on_late_check-in
Answer: No

A: no_evident_not_great_quality
B: shampoo_seem_cheap_considering_hotel_cost
Answer: Yes

A: no_evident_not_great_quality
B: expensive_hotel
Answer: No

Now answer for this pair. Output ONLY the final line ""Answer: Yes"" or ""Answer: No"" — no other text.

A: no_evident_not_pleased_by_staff
B: staff_not_speak_Cypriot_language
Answer:
","A: no_evident_not_pleased_by_staff
B: staff_not_speak_Cypriot_language
Answer: Yes"
2026-08-10 23:28:18,3,4730,no_evident_not_staff_left_clear_information_for_arrival,staff_enforce_cancellation_charge,"Task: decide if Proposition B contradicts Assumption A.

Steps:
1. A defends a claim (strip ""no_evident_not_"" / ""have_evident_"" to see it).
2. B states a fact.
3. Does B disprove A's claim? Same specific issue only, not just same topic.

Output pattern (always use this exact shape):
A: <phrase>
B: <phrase>
Answer: Yes/No

Examples:

A: no_evident_not_easy_check-in
B: customer_wait_10_minute_for_greet
Answer: Yes

A: no_evident_not_easy_check-in
B: no_one_give_key_on_late_check-in
Answer: No

A: no_evident_not_great_quality
B: shampoo_seem_cheap_considering_hotel_cost
Answer: Yes

A: no_evident_not_great_quality
B: expensive_hotel
Answer: No

Now answer for this pair. Output ONLY the final line ""Answer: Yes"" or ""Answer: No"" — no other text.

A: no_evident_not_staff_left_clear_information_for_arrival
B: staff_enforce_cancellation_charge
Answer:
","A: no_evident_not_staff_left_clear_information_for_arrival
B: staff_enforce_cancellation_charge
Answer: Yes"
2026-08-10 23:28:18,3,1576,no_evident_not_staff_offer_drink,offended_staff,"Task: decide if Proposition B contradicts Assumption A.

Steps:
1. A defends a claim (strip ""no_evident_not_"" / ""have_evident_"" to see it).
2. B states a fact.
3. Does B disprove A's claim? Same specific issue only, not just same topic.

Output pattern (always use this exact shape):
A: <phrase>
B: <phrase>
Answer: Yes/No

Examples:

A: no_evident_not_easy_check-in
B: customer_wait_10_minute_for_greet
Answer: Yes

A: no_evident_not_easy_check-in
B: no_one_give_key_on_late_check-in
Answer: No

A: no_evident_not_great_quality
B: shampoo_seem_cheap_considering_hotel_cost
Answer: Yes

A: no_evident_not_great_quality
B: expensive_hotel
Answer: No

Now answer for this pair. Output ONLY the final line ""Answer: Yes"" or ""Answer: No"" — no other text.

A: no_evident_not_staff_offer_drink
B: offended_staff
Answer:
","A: no_evident_not_staff_offer_drink
B: offended_staff
Answer: Yes"
2026-08-10 23:28:19,3,5772,no_evident_not_staff_help_immediately_with_adapter,staff_cannot_give_bus_to_airport_information,"Task: decide if Proposition B contradicts Assumption A.

Steps:
1. A defends a claim (strip ""no_evident_not_"" / ""have_evident_"" to see it).
2. B states a fact.
3. Does B disprove A's claim? Same specific issue only, not just same topic.

Output pattern (always use this exact shape):
A: <phrase>
B: <phrase>
Answer: Yes/No

Examples:

A: no_evident_not_easy_check-in
B: customer_wait_10_minute_for_greet
Answer: Yes

A: no_evident_not_easy_check-in
B: no_one_give_key_on_late_check-in
Answer: No

A: no_evident_not_great_quality
B: shampoo_seem_cheap_considering_hotel_cost
Answer: Yes

A: no_evident_not_great_quality
B: expensive_hotel
Answer: No

Now answer for this pair. Output ONLY the final line ""Answer: Yes"" or ""Answer: No"" — no other text.

A: no_evident_not_staff_help_immediately_with_adapter
B: staff_cannot_give_bus_to_airport_information
Answer:
","A: no_evident_not_staff_help_immediately_with_adapter
B: staff_cannot_give_bus_to_airport_information
Answer: Yes"
2026-08-10 23:28:19,3,570,no_evident_not_wonderful_staff,staff_has_unaceptable_manner,"Task: decide if Proposition B contradicts Assumption A.

Steps:
1. A defends a claim (strip ""no_evident_not_"" / ""have_evident_"" to see it).
2. B states a fact.
3. Does B disprove A's claim? Same specific issue only, not just same topic.

Output pattern (always use this exact shape):
A: <phrase>
B: <phrase>
Answer: Yes/No

Examples:

A: no_evident_not_easy_check-in
B: customer_wait_10_minute_for_greet
Answer: Yes

A: no_evident_not_easy_check-in
B: no_one_give_key_on_late_check-in
Answer: No

A: no_evident_not_great_quality
B: shampoo_seem_cheap_considering_hotel_cost
Answer: Yes

A: no_evident_not_great_quality
B: expensive_hotel
Answer: No

Now answer for this pair. Output ONLY the final line ""Answer: Yes"" or ""Answer: No"" — no other text.

A: no_evident_not_wonderful_staff
B: staff_has_unaceptable_manner
Answer:
","A: no_evident_not_wonderful_staff
B: staff_has_unacceptable_manner
Answer: Yes"
2026-08-10 23:28:19,3,376,no_evident_not_staff_make_like_staying_with_family,no_empathy_staff,"Task: decide if Proposition B contradicts Assumption A.

Steps:
1. A defends a claim (strip ""no_evident_not_"" / ""have_evident_"" to see it).
2. B states a fact.
3. Does B disprove A's claim? Same specific issue only, not just same topic.

Output pattern (always use this exact shape):
A: <phrase>
B: <phrase>
Answer: Yes/No

Examples:

A: no_evident_not_easy_check-in
B: customer_wait_10_minute_for_greet
Answer: Yes

A: no_evident_not_easy_check-in
B: no_one_give_key_on_late_check-in
Answer: No

A: no_evident_not_great_quality
B: shampoo_seem_cheap_considering_hotel_cost
Answer: Yes

A: no_evident_not_great_quality
B: expensive_hotel
Answer: No

Now answer for this pair. Output ONLY the final line ""Answer: Yes"" or ""Answer: No"" — no other text.

A: no_evident_not_staff_make_like_staying_with_family
B: no_empathy_staff
Answer:
","A: no_evident_not_staff_make_like_staying_with_family
B: no_empathy_staff
Answer: Yes"
2026-08-10 23:28:20,3,5418,no_evident_not_staff_give_early_check-out,staff_not_justify_booking_issue,"Task: decide if Proposition B contradicts Assumption A.

Steps:
1. A defends a claim (strip ""no_evident_not_"" / ""have_evident_"" to see it).
2. B states a fact.
3. Does B disprove A's claim? Same specific issue only, not just same topic.

Output pattern (always use this exact shape):
A: <phrase>
B: <phrase>
Answer: Yes/No

Examples:

A: no_evident_not_easy_check-in
B: customer_wait_10_minute_for_greet
Answer: Yes

A: no_evident_not_easy_check-in
B: no_one_give_key_on_late_check-in
Answer: No

A: no_evident_not_great_quality
B: shampoo_seem_cheap_considering_hotel_cost
Answer: Yes

A: no_evident_not_great_quality
B: expensive_hotel
Answer: No

Now answer for this pair. Output ONLY the final line ""Answer: Yes"" or ""Answer: No"" — no other text.

A: no_evident_not_staff_give_early_check-out
B: staff_not_justify_booking_issue
Answer:
","A: no_evident_not_staff_give_early_check-out
B: staff_not_give_early_check-out
Answer: Yes"
2026-08-10 23:28:20,3,1867,no_evident_not_5_star_service,staff_need_improve_organization,"Task: decide if Proposition B contradicts Assumption A.

Steps:
1. A defends a claim (strip ""no_evident_not_"" / ""have_evident_"" to see it).
2. B states a fact.
3. Does B disprove A's claim? Same specific issue only, not just same topic.

Output pattern (always use this exact shape):
A: <phrase>
B: <phrase>
Answer: Yes/No

Examples:

A: no_evident_not_easy_check-in
B: customer_wait_10_minute_for_greet
Answer: Yes

A: no_evident_not_easy_check-in
B: no_one_give_key_on_late_check-in
Answer: No

A: no_evident_not_great_quality
B: shampoo_seem_cheap_considering_hotel_cost
Answer: Yes

A: no_evident_not_great_quality
B: expensive_hotel
Answer: No

Now answer for this pair. Output ONLY the final line ""Answer: Yes"" or ""Answer: No"" — no other text.

A: no_evident_not_5_star_service
B: staff_need_improve_organization
Answer:
",Answer: Yes
2026-08-10 23:28:20,3,2371,no_evident_not_alway_smile,staff_clean_after_complaint,"Task: decide if Proposition B contradicts Assumption A.

Steps:
1. A defends a claim (strip ""no_evident_not_"" / ""have_evident_"" to see it).
2. B states a fact.
3. Does B disprove A's claim? Same specific issue only, not just same topic.

Output pattern (always use this exact shape):
A: <phrase>
B: <phrase>
Answer: Yes/No

Examples:

A: no_evident_not_easy_check-in
B: customer_wait_10_minute_for_greet
Answer: Yes

A: no_evident_not_easy_check-in
B: no_one_give_key_on_late_check-in
Answer: No

A: no_evident_not_great_quality
B: shampoo_seem_cheap_considering_hotel_cost
Answer: Yes

A: no_evident_not_great_quality
B: expensive_hotel
Answer: No

Now answer for this pair. Output ONLY the final line ""Answer: Yes"" or ""Answer: No"" — no other text.

A: no_evident_not_alway_smile
B: staff_clean_after_complaint
Answer:
","A: no_evident_not_alway_smile
B: staff_clean_after_complaint
Answer: No"
2026-08-10 23:28:20,3,654,no_evident_not_staff_explain_information_clearly,staff_fail_to_guest_request,"Task: decide if Proposition B contradicts Assumption A.

Steps:
1. A defends a claim (strip ""no_evident_not_"" / ""have_evident_"" to see it).
2. B states a fact.
3. Does B disprove A's claim? Same specific issue only, not just same topic.

Output pattern (always use this exact shape):
A: <phrase>
B: <phrase>
Answer: Yes/No

Examples:

A: no_evident_not_easy_check-in
B: customer_wait_10_minute_for_greet
Answer: Yes

A: no_evident_not_easy_check-in
B: no_one_give_key_on_late_check-in
Answer: No

A: no_evident_not_great_quality
B: shampoo_seem_cheap_considering_hotel_cost
Answer: Yes

A: no_evident_not_great_quality
B: expensive_hotel
Answer: No

Now answer for this pair. Output ONLY the final line ""Answer: Yes"" or ""Answer: No"" — no other text.

A: no_evident_not_staff_explain_information_clearly
B: staff_fail_to_guest_request
Answer:
",Answer: Yes
2026-08-10 23:28:21,3,1908,no_evident_not_lend_adaptor,staff_cannot_give_bus_to_airport_information,"Task: decide if Proposition B contradicts Assumption A.

Steps:
1. A defends a claim (strip ""no_evident_not_"" / ""have_evident_"" to see it).
2. B states a fact.
3. Does B disprove A's claim? Same specific issue only, not just same topic.

Output pattern (always use this exact shape):
A: <phrase>
B: <phrase>
Answer: Yes/No

Examples:

A: no_evident_not_easy_check-in
B: customer_wait_10_minute_for_greet
Answer: Yes

A: no_evident_not_easy_check-in
B: no_one_give_key_on_late_check-in
Answer: No

A: no_evident_not_great_quality
B: shampoo_seem_cheap_considering_hotel_cost
Answer: Yes

A: no_evident_not_great_quality
B: expensive_hotel
Answer: No

Now answer for this pair. Output ONLY the final line ""Answer: Yes"" or ""Answer: No"" — no other text.

A: no_evident_not_lend_adaptor
B: staff_cannot_give_bus_to_airport_information
Answer:
","A: no_evident_not_lend_adaptor
B: staff_cannot_give_bus_to_airport_information
Answer: Yes"
2026-08-10 23:28:21,3,828,no_evident_not_lovely_smiling_staff,only_one_staff_wear_mask,"Task: decide if Proposition B contradicts Assumption A.

Steps:
1. A defends a claim (strip ""no_evident_not_"" / ""have_evident_"" to see it).
2. B states a fact.
3. Does B disprove A's claim? Same specific issue only, not just same topic.

Output pattern (always use this exact shape):
A: <phrase>
B: <phrase>
Answer: Yes/No

Examples:

A: no_evident_not_easy_check-in
B: customer_wait_10_minute_for_greet
Answer: Yes

A: no_evident_not_easy_check-in
B: no_one_give_key_on_late_check-in
Answer: No

A: no_evident_not_great_quality
B: shampoo_seem_cheap_considering_hotel_cost
Answer: Yes

A: no_evident_not_great_quality
B: expensive_hotel
Answer: No

Now answer for this pair. Output ONLY the final line ""Answer: Yes"" or ""Answer: No"" — no other text.

A: no_evident_not_lovely_smiling_staff
B: only_one_staff_wear_mask
Answer:
","A: no_evident_not_lovely_smiling_staff
B: only_one_staff_wear_mask
Answer: Yes"
2026-08-10 23:28:22,3,3114,no_evident_not_can_borrow_luggage_scale,staff_fail_to_communicate_with_taxi,"Task: decide if Proposition B contradicts Assumption A.

Steps:
1. A defends a claim (strip ""no_evident_not_"" / ""have_evident_"" to see it).
2. B states a fact.
3. Does B disprove A's claim? Same specific issue only, not just same topic.

Output pattern (always use this exact shape):
A: <phrase>
B: <phrase>
Answer: Yes/No

Examples:

A: no_evident_not_easy_check-in
B: customer_wait_10_minute_for_greet
Answer: Yes

A: no_evident_not_easy_check-in
B: no_one_give_key_on_late_check-in
Answer: No

A: no_evident_not_great_quality
B: shampoo_seem_cheap_considering_hotel_cost
Answer: Yes

A: no_evident_not_great_quality
B: expensive_hotel
Answer: No

Now answer for this pair. Output ONLY the final line ""Answer: Yes"" or ""Answer: No"" — no other text.

A: no_evident_not_can_borrow_luggage_scale
B: staff_fail_to_communicate_with_taxi
Answer:
","A: no_evident_not_can_borrow_luggage_scale
B: staff_fail_to_communicate_with_taxi
Answer: Yes"
2026-08-10 23:28:22,3,2278,no_evident_not_staff_recommend_place_to_visit,staff_not_speak_English_properly,"Task: decide if Proposition B contradicts Assumption A.

Steps:
1. A defends a claim (strip ""no_evident_not_"" / ""have_evident_"" to see it).
2. B states a fact.
3. Does B disprove A's claim? Same specific issue only, not just same topic.

Output pattern (always use this exact shape):
A: <phrase>
B: <phrase>
Answer: Yes/No

Examples:

A: no_evident_not_easy_check-in
B: customer_wait_10_minute_for_greet
Answer: Yes

A: no_evident_not_easy_check-in
B: no_one_give_key_on_late_check-in
Answer: No

A: no_evident_not_great_quality
B: shampoo_seem_cheap_considering_hotel_cost
Answer: Yes

A: no_evident_not_great_quality
B: expensive_hotel
Answer: No

Now answer for this pair. Output ONLY the final line ""Answer: Yes"" or ""Answer: No"" — no other text.

A: no_evident_not_staff_recommend_place_to_visit
B: staff_not_speak_English_properly
Answer:
","A: no_evident_not_staff_recommend_place_to_visit
B: staff_not_speak_English_properly
Answer: Yes"
2026-08-10 23:28:22,3,3715,no_evident_not_knowledgeable_staff,offended_staff,"Task: decide if Proposition B contradicts Assumption A.

Steps:
1. A defends a claim (strip ""no_evident_not_"" / ""have_evident_"" to see it).
2. B states a fact.
3. Does B disprove A's claim? Same specific issue only, not just same topic.

Output pattern (always use this exact shape):
A: <phrase>
B: <phrase>
Answer: Yes/No

Examples:

A: no_evident_not_easy_check-in
B: customer_wait_10_minute_for_greet
Answer: Yes

A: no_evident_not_easy_check-in
B: no_one_give_key_on_late_check-in
Answer: No

A: no_evident_not_great_quality
B: shampoo_seem_cheap_considering_hotel_cost
Answer: Yes

A: no_evident_not_great_quality
B: expensive_hotel
Answer: No

Now answer for this pair. Output ONLY the final line ""Answer: Yes"" or ""Answer: No"" — no other text.

A: no_evident_not_knowledgeable_staff
B: offended_staff
Answer:
","A: no_evident_not_knowledgeable_staff
B: offended_staff
Answer: Yes"
2026-08-10 23:28:23,3,5208,no_evident_not_staff_no_charge_lost_room_ticket,staff_fail_to_guest_request,"Task: decide if Proposition B contradicts Assumption A.

Steps:
1. A defends a claim (strip ""no_evident_not_"" / ""have_evident_"" to see it).
2. B states a fact.
3. Does B disprove A's claim? Same specific issue only, not just same topic.

Output pattern (always use this exact shape):
A: <phrase>
B: <phrase>
Answer: Yes/No

Examples:

A: no_evident_not_easy_check-in
B: customer_wait_10_minute_for_greet
Answer: Yes

A: no_evident_not_easy_check-in
B: no_one_give_key_on_late_check-in
Answer: No

A: no_evident_not_great_quality
B: shampoo_seem_cheap_considering_hotel_cost
Answer: Yes

A: no_evident_not_great_quality
B: expensive_hotel
Answer: No

Now answer for this pair. Output ONLY the final line ""Answer: Yes"" or ""Answer: No"" — no other text.

A: no_evident_not_staff_no_charge_lost_room_ticket
B: staff_fail_to_guest_request
Answer:
","A: no_evident_not_staff_no_charge_lost_room_ticket
B: staff_fail_to_guest_request
Answer: Yes"
2026-08-10 23:28:23,3,2989,no_evident_not_staff_help_with_taxi,staff_cannot_give_bus_to_airport_information,"Task: decide if Proposition B contradicts Assumption A.

Steps:
1. A defends a claim (strip ""no_evident_not_"" / ""have_evident_"" to see it).
2. B states a fact.
3. Does B disprove A's claim? Same specific issue only, not just same topic.

Output pattern (always use this exact shape):
A: <phrase>
B: <phrase>
Answer: Yes/No

Examples:

A: no_evident_not_easy_check-in
B: customer_wait_10_minute_for_greet
Answer: Yes

A: no_evident_not_easy_check-in
B: no_one_give_key_on_late_check-in
Answer: No

A: no_evident_not_great_quality
B: shampoo_seem_cheap_considering_hotel_cost
Answer: Yes

A: no_evident_not_great_quality
B: expensive_hotel
Answer: No

Now answer for this pair. Output ONLY the final line ""Answer: Yes"" or ""Answer: No"" — no other text.

A: no_evident_not_staff_help_with_taxi
B: staff_cannot_give_bus_to_airport_information
Answer:
","A: no_evident_not_staff_help_with_taxi
B: staff_cannot_give_bus_to_airport_information
Answer: Yes"
2026-08-10 23:28:24,3,1333,no_evident_not_staff_call_taxi_for_us,staff_cannot_give_bus_to_airport_information,"Task: decide if Proposition B contradicts Assumption A.

Steps:
1. A defends a claim (strip ""no_evident_not_"" / ""have_evident_"" to see it).
2. B states a fact.
3. Does B disprove A's claim? Same specific issue only, not just same topic.

Output pattern (always use this exact shape):
A: <phrase>
B: <phrase>
Answer: Yes/No

Examples:

A: no_evident_not_easy_check-in
B: customer_wait_10_minute_for_greet
Answer: Yes

A: no_evident_not_easy_check-in
B: no_one_give_key_on_late_check-in
Answer: No

A: no_evident_not_great_quality
B: shampoo_seem_cheap_considering_hotel_cost
Answer: Yes

A: no_evident_not_great_quality
B: expensive_hotel
Answer: No

Now answer for this pair. Output ONLY the final line ""Answer: Yes"" or ""Answer: No"" — no other text.

A: no_evident_not_staff_call_taxi_for_us
B: staff_cannot_give_bus_to_airport_information
Answer:
","A: no_evident_not_staff_call_taxi_for_us
B: staff_cannot_give_bus_to_airport_information
Answer: Yes"
2026-08-10 23:28:24,3,3033,no_evident_not_staff_facilitate_shuttle_service_from_airport,no_staff_at_night,"Task: decide if Proposition B contradicts Assumption A.

Steps:
1. A defends a claim (strip ""no_evident_not_"" / ""have_evident_"" to see it).
2. B states a fact.
3. Does B disprove A's claim? Same specific issue only, not just same topic.

Output pattern (always use this exact shape):
A: <phrase>
B: <phrase>
Answer: Yes/No

Examples:

A: no_evident_not_easy_check-in
B: customer_wait_10_minute_for_greet
Answer: Yes

A: no_evident_not_easy_check-in
B: no_one_give_key_on_late_check-in
Answer: No

A: no_evident_not_great_quality
B: shampoo_seem_cheap_considering_hotel_cost
Answer: Yes

A: no_evident_not_great_quality
B: expensive_hotel
Answer: No

Now answer for this pair. Output ONLY the final line ""Answer: Yes"" or ""Answer: No"" — no other text.

A: no_evident_not_staff_facilitate_shuttle_service_from_airport
B: no_staff_at_night
Answer:
","A: no_evident_not_staff_facilitate_shuttle_service_from_airport
B: no_staff_at_night
Answer: Yes"
2026-08-10 23:28:24,3,2911,no_evident_not_great_hospitality_staff,staff_not_justify_booking_issue,"Task: decide if Proposition B contradicts Assumption A.

Steps:
1. A defends a claim (strip ""no_evident_not_"" / ""have_evident_"" to see it).
2. B states a fact.
3. Does B disprove A's claim? Same specific issue only, not just same topic.

Output pattern (always use this exact shape):
A: <phrase>
B: <phrase>
Answer: Yes/No

Examples:

A: no_evident_not_easy_check-in
B: customer_wait_10_minute_for_greet
Answer: Yes

A: no_evident_not_easy_check-in
B: no_one_give_key_on_late_check-in
Answer: No

A: no_evident_not_great_quality
B: shampoo_seem_cheap_considering_hotel_cost
Answer: Yes

A: no_evident_not_great_quality
B: expensive_hotel
Answer: No

Now answer for this pair. Output ONLY the final line ""Answer: Yes"" or ""Answer: No"" — no other text.

A: no_evident_not_great_hospitality_staff
B: staff_not_justify_booking_issue
Answer:
","A: no_evident_not_great_hospitality_staff
B: staff_not_justify_booking_issue
Answer: Yes"
2026-08-10 23:28:25,3,1717,no_evident_not_big_smile,staff_enforce_cancellation_charge,"Task: decide if Proposition B contradicts Assumption A.

Steps:
1. A defends a claim (strip ""no_evident_not_"" / ""have_evident_"" to see it).
2. B states a fact.
3. Does B disprove A's claim? Same specific issue only, not just same topic.

Output pattern (always use this exact shape):
A: <phrase>
B: <phrase>
Answer: Yes/No

Examples:

A: no_evident_not_easy_check-in
B: customer_wait_10_minute_for_greet
Answer: Yes

A: no_evident_not_easy_check-in
B: no_one_give_key_on_late_check-in
Answer: No

A: no_evident_not_great_quality
B: shampoo_seem_cheap_considering_hotel_cost
Answer: Yes

A: no_evident_not_great_quality
B: expensive_hotel
Answer: No

Now answer for this pair. Output ONLY the final line ""Answer: Yes"" or ""Answer: No"" — no other text.

A: no_evident_not_big_smile
B: staff_enforce_cancellation_charge
Answer:
","A: no_evident_not_big_smile
B: staff_enforce_cancellation_charge
Answer: Yes"
2026-08-10 23:28:25,3,5491,no_evident_not_staff_pick_up_at_bus_stop,staff_not_provide_good_solution,"Task: decide if Proposition B contradicts Assumption A.

Steps:
1. A defends a claim (strip ""no_evident_not_"" / ""have_evident_"" to see it).
2. B states a fact.
3. Does B disprove A's claim? Same specific issue only, not just same topic.

Output pattern (always use this exact shape):
A: <phrase>
B: <phrase>
Answer: Yes/No

Examples:

A: no_evident_not_easy_check-in
B: customer_wait_10_minute_for_greet
Answer: Yes

A: no_evident_not_easy_check-in
B: no_one_give_key_on_late_check-in
Answer: No

A: no_evident_not_great_quality
B: shampoo_seem_cheap_considering_hotel_cost
Answer: Yes

A: no_evident_not_great_quality
B: expensive_hotel
Answer: No

Now answer for this pair. Output ONLY the final line ""Answer: Yes"" or ""Answer: No"" — no other text.

A: no_evident_not_staff_pick_up_at_bus_stop
B: staff_not_provide_good_solution
Answer:
","A: no_evident_not_staff_pick_up_at_bus_stop
B: staff_not_provide_good_solution
Answer: Yes"
2026-08-10 23:28:25,3,2188,no_evident_not_felt_like_home_staff,staff_should_learn_better_English,"Task: decide if Proposition B contradicts Assumption A.

Steps:
1. A defends a claim (strip ""no_evident_not_"" / ""have_evident_"" to see it).
2. B states a fact.
3. Does B disprove A's claim? Same specific issue only, not just same topic.

Output pattern (always use this exact shape):
A: <phrase>
B: <phrase>
Answer: Yes/No

Examples:

A: no_evident_not_easy_check-in
B: customer_wait_10_minute_for_greet
Answer: Yes

A: no_evident_not_easy_check-in
B: no_one_give_key_on_late_check-in
Answer: No

A: no_evident_not_great_quality
B: shampoo_seem_cheap_considering_hotel_cost
Answer: Yes

A: no_evident_not_great_quality
B: expensive_hotel
Answer: No

Now answer for this pair. Output ONLY the final line ""Answer: Yes"" or ""Answer: No"" — no other text.

A: no_evident_not_felt_like_home_staff
B: staff_should_learn_better_English
Answer:
",Answer: Yes
2026-08-10 23:28:26,3,5750,no_evident_not_super_service_staff,only_one_staff_wear_mask,"Task: decide if Proposition B contradicts Assumption A.

Steps:
1. A defends a claim (strip ""no_evident_not_"" / ""have_evident_"" to see it).
2. B states a fact.
3. Does B disprove A's claim? Same specific issue only, not just same topic.

Output pattern (always use this exact shape):
A: <phrase>
B: <phrase>
Answer: Yes/No

Examples:

A: no_evident_not_easy_check-in
B: customer_wait_10_minute_for_greet
Answer: Yes

A: no_evident_not_easy_check-in
B: no_one_give_key_on_late_check-in
Answer: No

A: no_evident_not_great_quality
B: shampoo_seem_cheap_considering_hotel_cost
Answer: Yes

A: no_evident_not_great_quality
B: expensive_hotel
Answer: No

Now answer for this pair. Output ONLY the final line ""Answer: Yes"" or ""Answer: No"" — no other text.

A: no_evident_not_super_service_staff
B: only_one_staff_wear_mask
Answer:
","A: no_evident_not_super_service_staff
B: only_one_staff_wear_mask
Answer: Yes"
2026-08-10 23:28:26,3,5600,no_evident_not_staff_organize_fast_transfer,staff_cannot_provide_double_bed,"Task: decide if Proposition B contradicts Assumption A.

Steps:
1. A defends a claim (strip ""no_evident_not_"" / ""have_evident_"" to see it).
2. B states a fact.
3. Does B disprove A's claim? Same specific issue only, not just same topic.

Output pattern (always use this exact shape):
A: <phrase>
B: <phrase>
Answer: Yes/No

Examples:

A: no_evident_not_easy_check-in
B: customer_wait_10_minute_for_greet
Answer: Yes

A: no_evident_not_easy_check-in
B: no_one_give_key_on_late_check-in
Answer: No

A: no_evident_not_great_quality
B: shampoo_seem_cheap_considering_hotel_cost
Answer: Yes

A: no_evident_not_great_quality
B: expensive_hotel
Answer: No

Now answer for this pair. Output ONLY the final line ""Answer: Yes"" or ""Answer: No"" — no other text.

A: no_evident_not_staff_organize_fast_transfer
B: staff_cannot_provide_double_bed
Answer:
","A: no_evident_not_staff_organize_fast_transfer
B: staff_cannot_provide_double_bed
Answer: Yes"
2026-08-10 23:28:26,3,5309,no_evident_not_staff_help_order_taxi_to_airport,staff_not_speak_Cypriot_language,"Task: decide if Proposition B contradicts Assumption A.

Steps:
1. A defends a claim (strip ""no_evident_not_"" / ""have_evident_"" to see it).
2. B states a fact.
3. Does B disprove A's claim? Same specific issue only, not just same topic.

Output pattern (always use this exact shape):
A: <phrase>
B: <phrase>
Answer: Yes/No

Examples:

A: no_evident_not_easy_check-in
B: customer_wait_10_minute_for_greet
Answer: Yes

A: no_evident_not_easy_check-in
B: no_one_give_key_on_late_check-in
Answer: No

A: no_evident_not_great_quality
B: shampoo_seem_cheap_considering_hotel_cost
Answer: Yes

A: no_evident_not_great_quality
B: expensive_hotel
Answer: No

Now answer for this pair. Output ONLY the final line ""Answer: Yes"" or ""Answer: No"" — no other text.

A: no_evident_not_staff_help_order_taxi_to_airport
B: staff_not_speak_Cypriot_language
Answer:
","A: no_evident_not_staff_help_order_taxi_to_airport
B: staff_not_speak_Cypriot_language
Answer: Yes"
2026-08-10 23:28:27,3,585,no_evident_not_polite_staff,staff_fail_to_guest_request,"Task: decide if Proposition B contradicts Assumption A.

Steps:
1. A defends a claim (strip ""no_evident_not_"" / ""have_evident_"" to see it).
2. B states a fact.
3. Does B disprove A's claim? Same specific issue only, not just same topic.

Output pattern (always use this exact shape):
A: <phrase>
B: <phrase>
Answer: Yes/No

Examples:

A: no_evident_not_easy_check-in
B: customer_wait_10_minute_for_greet
Answer: Yes

A: no_evident_not_easy_check-in
B: no_one_give_key_on_late_check-in
Answer: No

A: no_evident_not_great_quality
B: shampoo_seem_cheap_considering_hotel_cost
Answer: Yes

A: no_evident_not_great_quality
B: expensive_hotel
Answer: No

Now answer for this pair. Output ONLY the final line ""Answer: Yes"" or ""Answer: No"" — no other text.

A: no_evident_not_polite_staff
B: staff_fail_to_guest_request
Answer:
","A: no_evident_not_polite_staff
B: staff_fail_to_guest_request
Answer: Yes"
2026-08-10 23:28:27,3,4991,no_evident_not_advising_staff,only_one_staff_wear_mask,"Task: decide if Proposition B contradicts Assumption A.

Steps:
1. A defends a claim (strip ""no_evident_not_"" / ""have_evident_"" to see it).
2. B states a fact.
3. Does B disprove A's claim? Same specific issue only, not just same topic.

Output pattern (always use this exact shape):
A: <phrase>
B: <phrase>
Answer: Yes/No

Examples:

A: no_evident_not_easy_check-in
B: customer_wait_10_minute_for_greet
Answer: Yes

A: no_evident_not_easy_check-in
B: no_one_give_key_on_late_check-in
Answer: No

A: no_evident_not_great_quality
B: shampoo_seem_cheap_considering_hotel_cost
Answer: Yes

A: no_evident_not_great_quality
B: expensive_hotel
Answer: No

Now answer for this pair. Output ONLY the final line ""Answer: Yes"" or ""Answer: No"" — no other text.

A: no_evident_not_advising_staff
B: only_one_staff_wear_mask
Answer:
","A: no_evident_not_advising_staff
B: staff_must_wear_mask
Answer: Yes"
2026-08-10 23:28:28,3,5202,no_evident_not_staff_no_charge_lost_room_ticket,staff_need_improve_organization,"Task: decide if Proposition B contradicts Assumption A.

Steps:
1. A defends a claim (strip ""no_evident_not_"" / ""have_evident_"" to see it).
2. B states a fact.
3. Does B disprove A's claim? Same specific issue only, not just same topic.

Output pattern (always use this exact shape):
A: <phrase>
B: <phrase>
Answer: Yes/No

Examples:

A: no_evident_not_easy_check-in
B: customer_wait_10_minute_for_greet
Answer: Yes

A: no_evident_not_easy_check-in
B: no_one_give_key_on_late_check-in
Answer: No

A: no_evident_not_great_quality
B: shampoo_seem_cheap_considering_hotel_cost
Answer: Yes

A: no_evident_not_great_quality
B: expensive_hotel
Answer: No

Now answer for this pair. Output ONLY the final line ""Answer: Yes"" or ""Answer: No"" — no other text.

A: no_evident_not_staff_no_charge_lost_room_ticket
B: staff_need_improve_organization
Answer:
","A: no_evident_not_staff_no_charge_lost_room_ticket
B: staff_need_improve_organization
Answer: Yes"
2026-08-10 23:28:28,3,1402,no_evident_not_relative-like_staff,staff_cannot_give_bus_to_airport_information,"Task: decide if Proposition B contradicts Assumption A.

Steps:
1. A defends a claim (strip ""no_evident_not_"" / ""have_evident_"" to see it).
2. B states a fact.
3. Does B disprove A's claim? Same specific issue only, not just same topic.

Output pattern (always use this exact shape):
A: <phrase>
B: <phrase>
Answer: Yes/No

Examples:

A: no_evident_not_easy_check-in
B: customer_wait_10_minute_for_greet
Answer: Yes

A: no_evident_not_easy_check-in
B: no_one_give_key_on_late_check-in
Answer: No

A: no_evident_not_great_quality
B: shampoo_seem_cheap_considering_hotel_cost
Answer: Yes

A: no_evident_not_great_quality
B: expensive_hotel
Answer: No

Now answer for this pair. Output ONLY the final line ""Answer: Yes"" or ""Answer: No"" — no other text.

A: no_evident_not_relative-like_staff
B: staff_cannot_give_bus_to_airport_information
Answer:
","A: no_evident_not_relative-like_staff
B: staff_cannot_give_bus_to_airport_information
Answer: Yes"
2026-08-10 23:28:28,3,4376,no_evident_not_staff_alway_available_to_satisfy_you,staff_need_keep_update,"Task: decide if Proposition B contradicts Assumption A.

Steps:
1. A defends a claim (strip ""no_evident_not_"" / ""have_evident_"" to see it).
2. B states a fact.
3. Does B disprove A's claim? Same specific issue only, not just same topic.

Output pattern (always use this exact shape):
A: <phrase>
B: <phrase>
Answer: Yes/No

Examples:

A: no_evident_not_easy_check-in
B: customer_wait_10_minute_for_greet
Answer: Yes

A: no_evident_not_easy_check-in
B: no_one_give_key_on_late_check-in
Answer: No

A: no_evident_not_great_quality
B: shampoo_seem_cheap_considering_hotel_cost
Answer: Yes

A: no_evident_not_great_quality
B: expensive_hotel
Answer: No

Now answer for this pair. Output ONLY the final line ""Answer: Yes"" or ""Answer: No"" — no other text.

A: no_evident_not_staff_alway_available_to_satisfy_you
B: staff_need_keep_update
Answer:
","A: no_evident_not_staff_alway_available_to_satisfy_you
B: staff_need_keep_update
Answer: Yes"
2026-08-10 23:28:29,3,5974,no_evident_not_staff_explain,staff_not_provide_good_solution,"Task: decide if Proposition B contradicts Assumption A.

Steps:
1. A defends a claim (strip ""no_evident_not_"" / ""have_evident_"" to see it).
2. B states a fact.
3. Does B disprove A's claim? Same specific issue only, not just same topic.

Output pattern (always use this exact shape):
A: <phrase>
B: <phrase>
Answer: Yes/No

Examples:

A: no_evident_not_easy_check-in
B: customer_wait_10_minute_for_greet
Answer: Yes

A: no_evident_not_easy_check-in
B: no_one_give_key_on_late_check-in
Answer: No

A: no_evident_not_great_quality
B: shampoo_seem_cheap_considering_hotel_cost
Answer: Yes

A: no_evident_not_great_quality
B: expensive_hotel
Answer: No

Now answer for this pair. Output ONLY the final line ""Answer: Yes"" or ""Answer: No"" — no other text.

A: no_evident_not_staff_explain
B: staff_not_provide_good_solution
Answer:
","A: no_evident_not_staff_explain
B: staff_not_provide_good_solution
Answer: Yes"
2026-08-10 23:28:29,3,2006,no_evident_not_eager_to_help,staff_need_improve_collaboration,"Task: decide if Proposition B contradicts Assumption A.

Steps:
1. A defends a claim (strip ""no_evident_not_"" / ""have_evident_"" to see it).
2. B states a fact.
3. Does B disprove A's claim? Same specific issue only, not just same topic.

Output pattern (always use this exact shape):
A: <phrase>
B: <phrase>
Answer: Yes/No

Examples:

A: no_evident_not_easy_check-in
B: customer_wait_10_minute_for_greet
Answer: Yes

A: no_evident_not_easy_check-in
B: no_one_give_key_on_late_check-in
Answer: No

A: no_evident_not_great_quality
B: shampoo_seem_cheap_considering_hotel_cost
Answer: Yes

A: no_evident_not_great_quality
B: expensive_hotel
Answer: No

Now answer for this pair. Output ONLY the final line ""Answer: Yes"" or ""Answer: No"" — no other text.

A: no_evident_not_eager_to_help
B: staff_need_improve_collaboration
Answer:
","A: no_evident_not_eager_to_help
B: staff_need_improve_collaboration
Answer: Yes"
2026-08-10 23:28:29,3,1339,no_evident_not_staff_agile_to_respond,staff_need_improve_collaboration,"Task: decide if Proposition B contradicts Assumption A.

Steps:
1. A defends a claim (strip ""no_evident_not_"" / ""have_evident_"" to see it).
2. B states a fact.
3. Does B disprove A's claim? Same specific issue only, not just same topic.

Output pattern (always use this exact shape):
A: <phrase>
B: <phrase>
Answer: Yes/No

Examples:

A: no_evident_not_easy_check-in
B: customer_wait_10_minute_for_greet
Answer: Yes

A: no_evident_not_easy_check-in
B: no_one_give_key_on_late_check-in
Answer: No

A: no_evident_not_great_quality
B: shampoo_seem_cheap_considering_hotel_cost
Answer: Yes

A: no_evident_not_great_quality
B: expensive_hotel
Answer: No

Now answer for this pair. Output ONLY the final line ""Answer: Yes"" or ""Answer: No"" — no other text.

A: no_evident_not_staff_agile_to_respond
B: staff_need_improve_collaboration
Answer:
",Answer: Yes
2026-08-10 23:28:29,3,3787,no_evident_not_happy_to_help,staff_enforce_cancellation_charge,"Task: decide if Proposition B contradicts Assumption A.

Steps:
1. A defends a claim (strip ""no_evident_not_"" / ""have_evident_"" to see it).
2. B states a fact.
3. Does B disprove A's claim? Same specific issue only, not just same topic.

Output pattern (always use this exact shape):
A: <phrase>
B: <phrase>
Answer: Yes/No

Examples:

A: no_evident_not_easy_check-in
B: customer_wait_10_minute_for_greet
Answer: Yes

A: no_evident_not_easy_check-in
B: no_one_give_key_on_late_check-in
Answer: No

A: no_evident_not_great_quality
B: shampoo_seem_cheap_considering_hotel_cost
Answer: Yes

A: no_evident_not_great_quality
B: expensive_hotel
Answer: No

Now answer for this pair. Output ONLY the final line ""Answer: Yes"" or ""Answer: No"" — no other text.

A: no_evident_not_happy_to_help
B: staff_enforce_cancellation_charge
Answer:
","A: no_evident_not_happy_to-help
B: staff_enforce_cancellation_charge
Answer: Yes"
2026-08-10 23:28:30,3,3109,no_evident_not_can_borrow_luggage_scale,staff_need_improve_organization,"Task: decide if Proposition B contradicts Assumption A.

Steps:
1. A defends a claim (strip ""no_evident_not_"" / ""have_evident_"" to see it).
2. B states a fact.
3. Does B disprove A's claim? Same specific issue only, not just same topic.

Output pattern (always use this exact shape):
A: <phrase>
B: <phrase>
Answer: Yes/No

Examples:

A: no_evident_not_easy_check-in
B: customer_wait_10_minute_for_greet
Answer: Yes

A: no_evident_not_easy_check-in
B: no_one_give_key_on_late_check-in
Answer: No

A: no_evident_not_great_quality
B: shampoo_seem_cheap_considering_hotel_cost
Answer: Yes

A: no_evident_not_great_quality
B: expensive_hotel
Answer: No

Now answer for this pair. Output ONLY the final line ""Answer: Yes"" or ""Answer: No"" — no other text.

A: no_evident_not_can_borrow_luggage_scale
B: staff_need_improve_organization
Answer:
",Answer: Yes
2026-08-10 23:28:30,3,2212,no_evident_not_staff_make_feel_like_home,staff_need_improve_organization,"Task: decide if Proposition B contradicts Assumption A.

Steps:
1. A defends a claim (strip ""no_evident_not_"" / ""have_evident_"" to see it).
2. B states a fact.
3. Does B disprove A's claim? Same specific issue only, not just same topic.

Output pattern (always use this exact shape):
A: <phrase>
B: <phrase>
Answer: Yes/No

Examples:

A: no_evident_not_easy_check-in
B: customer_wait_10_minute_for_greet
Answer: Yes

A: no_evident_not_easy_check-in
B: no_one_give_key_on_late_check-in
Answer: No

A: no_evident_not_great_quality
B: shampoo_seem_cheap_considering_hotel_cost
Answer: Yes

A: no_evident_not_great_quality
B: expensive_hotel
Answer: No

Now answer for this pair. Output ONLY the final line ""Answer: Yes"" or ""Answer: No"" — no other text.

A: no_evident_not_staff_make_feel_like_home
B: staff_need_improve_organization
Answer:
","A: no_evident_not_staff_make_feel_like_home
B: staff_need_improve_organization
Answer: Yes"
2026-08-10 23:28:30,3,5243,no_evident_not_staff_give_pleasant_feeling,staff_cannot_give_bus_to_airport_information,"Task: decide if Proposition B contradicts Assumption A.

Steps:
1. A defends a claim (strip ""no_evident_not_"" / ""have_evident_"" to see it).
2. B states a fact.
3. Does B disprove A's claim? Same specific issue only, not just same topic.

Output pattern (always use this exact shape):
A: <phrase>
B: <phrase>
Answer: Yes/No

Examples:

A: no_evident_not_easy_check-in
B: customer_wait_10_minute_for_greet
Answer: Yes

A: no_evident_not_easy_check-in
B: no_one_give_key_on_late_check-in
Answer: No

A: no_evident_not_great_quality
B: shampoo_seem_cheap_considering_hotel_cost
Answer: Yes

A: no_evident_not_great_quality
B: expensive_hotel
Answer: No

Now answer for this pair. Output ONLY the final line ""Answer: Yes"" or ""Answer: No"" — no other text.

A: no_evident_not_staff_give_pleasant_feeling
B: staff_cannot_give_bus_to_airport_information
Answer:
","A: no_evident_not_staff_give_pleasant_feeling
B: staff_cannot_give_bus_to_airport_information
Answer: Yes"
2026-08-10 23:28:30,3,5638,no_evident_not_staff_solve_problem_immediately,staff_should_learn_better_English,"Task: decide if Proposition B contradicts Assumption A.

Steps:
1. A defends a claim (strip ""no_evident_not_"" / ""have_evident_"" to see it).
2. B states a fact.
3. Does B disprove A's claim? Same specific issue only, not just same topic.

Output pattern (always use this exact shape):
A: <phrase>
B: <phrase>
Answer: Yes/No

Examples:

A: no_evident_not_easy_check-in
B: customer_wait_10_minute_for_greet
Answer: Yes

A: no_evident_not_easy_check-in
B: no_one_give_key_on_late_check-in
Answer: No

A: no_evident_not_great_quality
B: shampoo_seem_cheap_considering_hotel_cost
Answer: Yes

A: no_evident_not_great_quality
B: expensive_hotel
Answer: No

Now answer for this pair. Output ONLY the final line ""Answer: Yes"" or ""Answer: No"" — no other text.

A: no_evident_not_staff_solve_problem_immediately
B: staff_should_learn_better_English
Answer:
",Answer: Yes
2026-08-10 23:28:31,3,4563,no_evident_not_staff_answer_with_smile,staff_fail_to_communicate_with_taxi,"Task: decide if Proposition B contradicts Assumption A.

Steps:
1. A defends a claim (strip ""no_evident_not_"" / ""have_evident_"" to see it).
2. B states a fact.
3. Does B disprove A's claim? Same specific issue only, not just same topic.

Output pattern (always use this exact shape):
A: <phrase>
B: <phrase>
Answer: Yes/No

Examples:

A: no_evident_not_easy_check-in
B: customer_wait_10_minute_for_greet
Answer: Yes

A: no_evident_not_easy_check-in
B: no_one_give_key_on_late_check-in
Answer: No

A: no_evident_not_great_quality
B: shampoo_seem_cheap_considering_hotel_cost
Answer: Yes

A: no_evident_not_great_quality
B: expensive_hotel
Answer: No

Now answer for this pair. Output ONLY the final line ""Answer: Yes"" or ""Answer: No"" — no other text.

A: no_evident_not_staff_answer_with_smile
B: staff_fail_to_communicate_with_taxi
Answer:
",Answer: Yes
2026-08-10 23:28:31,3,1800,no_evident_not_reachable_staff,staff_need_keep_update,"Task: decide if Proposition B contradicts Assumption A.

Steps:
1. A defends a claim (strip ""no_evident_not_"" / ""have_evident_"" to see it).
2. B states a fact.
3. Does B disprove A's claim? Same specific issue only, not just same topic.

Output pattern (always use this exact shape):
A: <phrase>
B: <phrase>
Answer: Yes/No

Examples:

A: no_evident_not_easy_check-in
B: customer_wait_10_minute_for_greet
Answer: Yes

A: no_evident_not_easy_check-in
B: no_one_give_key_on_late_check-in
Answer: No

A: no_evident_not_great_quality
B: shampoo_seem_cheap_considering_hotel_cost
Answer: Yes

A: no_evident_not_great_quality
B: expensive_hotel
Answer: No

Now answer for this pair. Output ONLY the final line ""Answer: Yes"" or ""Answer: No"" — no other text.

A: no_evident_not_reachable_staff
B: staff_need_keep_update
Answer:
","A: no_evident_not_reachable_staff
B: staff_need_keep_update
Answer: No"
2026-08-10 23:28:31,3,5609,no_evident_not_staff_organize_fast_transfer,no_staff_at_night,"Task: decide if Proposition B contradicts Assumption A.

Steps:
1. A defends a claim (strip ""no_evident_not_"" / ""have_evident_"" to see it).
2. B states a fact.
3. Does B disprove A's claim? Same specific issue only, not just same topic.

Output pattern (always use this exact shape):
A: <phrase>
B: <phrase>
Answer: Yes/No

Examples:

A: no_evident_not_easy_check-in
B: customer_wait_10_minute_for_greet
Answer: Yes

A: no_evident_not_easy_check-in
B: no_one_give_key_on_late_check-in
Answer: No

A: no_evident_not_great_quality
B: shampoo_seem_cheap_considering_hotel_cost
Answer: Yes

A: no_evident_not_great_quality
B: expensive_hotel
Answer: No

Now answer for this pair. Output ONLY the final line ""Answer: Yes"" or ""Answer: No"" — no other text.

A: no_evident_not_staff_organize_fast_transfer
B: no_staff_at_night
Answer:
","A: no_evident_not_staff_organize_fast_transfer
B: no_staff_at_night
Answer: Yes"
2026-08-10 23:28:32,3,2657,no_evident_not_staff_help_any_possible_way,offended_staff,"Task: decide if Proposition B contradicts Assumption A.

Steps:
1. A defends a claim (strip ""no_evident_not_"" / ""have_evident_"" to see it).
2. B states a fact.
3. Does B disprove A's claim? Same specific issue only, not just same topic.

Output pattern (always use this exact shape):
A: <phrase>
B: <phrase>
Answer: Yes/No

Examples:

A: no_evident_not_easy_check-in
B: customer_wait_10_minute_for_greet
Answer: Yes

A: no_evident_not_easy_check-in
B: no_one_give_key_on_late_check-in
Answer: No

A: no_evident_not_great_quality
B: shampoo_seem_cheap_considering_hotel_cost
Answer: Yes

A: no_evident_not_great_quality
B: expensive_hotel
Answer: No

Now answer for this pair. Output ONLY the final line ""Answer: Yes"" or ""Answer: No"" — no other text.

A: no_evident_not_staff_help_any_possible_way
B: offended_staff
Answer:
","A: no_evident_not_staff_help_any_possible_way
B: offended_staff
Answer: Yes"
2026-08-10 23:28:32,3,459,no_evident_not_staff_help_with_all_our_wish,staff_cannot_give_bus_to_airport_information,"Task: decide if Proposition B contradicts Assumption A.

Steps:
1. A defends a claim (strip ""no_evident_not_"" / ""have_evident_"" to see it).
2. B states a fact.
3. Does B disprove A's claim? Same specific issue only, not just same topic.

Output pattern (always use this exact shape):
A: <phrase>
B: <phrase>
Answer: Yes/No

Examples:

A: no_evident_not_easy_check-in
B: customer_wait_10_minute_for_greet
Answer: Yes

A: no_evident_not_easy_check-in
B: no_one_give_key_on_late_check-in
Answer: No

A: no_evident_not_great_quality
B: shampoo_seem_cheap_considering_hotel_cost
Answer: Yes

A: no_evident_not_great_quality
B: expensive_hotel
Answer: No

Now answer for this pair. Output ONLY the final line ""Answer: Yes"" or ""Answer: No"" — no other text.

A: no_evident_not_staff_help_with_all_our_wish
B: staff_cannot_give_bus_to_airport_information
Answer:
","A: no_evident_not_staff_help_with_all_our_wish
B: staff_cannot_give_bus_to_airport_information
Answer: Yes"
2026-08-10 23:28:33,3,1877,no_evident_not_5_star_service,staff_charge_for_cancellation_while_no_cancellation_charge_in_Booking.com,"Task: decide if Proposition B contradicts Assumption A.

Steps:
1. A defends a claim (strip ""no_evident_not_"" / ""have_evident_"" to see it).
2. B states a fact.
3. Does B disprove A's claim? Same specific issue only, not just same topic.

Output pattern (always use this exact shape):
A: <phrase>
B: <phrase>
Answer: Yes/No

Examples:

A: no_evident_not_easy_check-in
B: customer_wait_10_minute_for_greet
Answer: Yes

A: no_evident_not_easy_check-in
B: no_one_give_key_on_late_check-in
Answer: No

A: no_evident_not_great_quality
B: shampoo_seem_cheap_considering_hotel_cost
Answer: Yes

A: no_evident_not_great_quality
B: expensive_hotel
Answer: No

Now answer for this pair. Output ONLY the final line ""Answer: Yes"" or ""Answer: No"" — no other text.

A: no_evident_not_5_star_service
B: staff_charge_for_cancellation_while_no_cancellation_charge_in_Booking.com
Answer:
","A: no_evident_not_5_star_service
B: staff_charge_for_cancellation_while_no_cancellation_charge_in_Booking.com
Answer: Yes"
2026-08-10 23:28:33,3,263,no_evident_not_friendly_staff,staff_fail_to_guest_request,"Task: decide if Proposition B contradicts Assumption A.

Steps:
1. A defends a claim (strip ""no_evident_not_"" / ""have_evident_"" to see it).
2. B states a fact.
3. Does B disprove A's claim? Same specific issue only, not just same topic.

Output pattern (always use this exact shape):
A: <phrase>
B: <phrase>
Answer: Yes/No

Examples:

A: no_evident_not_easy_check-in
B: customer_wait_10_minute_for_greet
Answer: Yes

A: no_evident_not_easy_check-in
B: no_one_give_key_on_late_check-in
Answer: No

A: no_evident_not_great_quality
B: shampoo_seem_cheap_considering_hotel_cost
Answer: Yes

A: no_evident_not_great_quality
B: expensive_hotel
Answer: No

Now answer for this pair. Output ONLY the final line ""Answer: Yes"" or ""Answer: No"" — no other text.

A: no_evident_not_friendly_staff
B: staff_fail_to_guest_request
Answer:
","A: no_evident_not_friendly_staff
B: staff_fail_to_guest_request
Answer: Yes"
2026-08-10 23:28:33,3,2585,no_evident_not_customer-centric_staff,staff_fail_to_communicate_with_taxi,"Task: decide if Proposition B contradicts Assumption A.

Steps:
1. A defends a claim (strip ""no_evident_not_"" / ""have_evident_"" to see it).
2. B states a fact.
3. Does B disprove A's claim? Same specific issue only, not just same topic.

Output pattern (always use this exact shape):
A: <phrase>
B: <phrase>
Answer: Yes/No

Examples:

A: no_evident_not_easy_check-in
B: customer_wait_10_minute_for_greet
Answer: Yes

A: no_evident_not_easy_check-in
B: no_one_give_key_on_late_check-in
Answer: No

A: no_evident_not_great_quality
B: shampoo_seem_cheap_considering_hotel_cost
Answer: Yes

A: no_evident_not_great_quality
B: expensive_hotel
Answer: No

Now answer for this pair. Output ONLY the final line ""Answer: Yes"" or ""Answer: No"" — no other text.

A: no_evident_not_customer-centric_staff
B: staff_fail_to_communicate_with_taxi
Answer:
","A: no_evident_not_customer-centric_staff
B: staff_fail_to_communicate_with_taxi
Answer: Yes"
2026-08-10 23:28:34,3,3287,no_evident_not_superb_staff,staff_not_understand_English_well,"Task: decide if Proposition B contradicts Assumption A.

Steps:
1. A defends a claim (strip ""no_evident_not_"" / ""have_evident_"" to see it).
2. B states a fact.
3. Does B disprove A's claim? Same specific issue only, not just same topic.

Output pattern (always use this exact shape):
A: <phrase>
B: <phrase>
Answer: Yes/No

Examples:

A: no_evident_not_easy_check-in
B: customer_wait_10_minute_for_greet
Answer: Yes

A: no_evident_not_easy_check-in
B: no_one_give_key_on_late_check-in
Answer: No

A: no_evident_not_great_quality
B: shampoo_seem_cheap_considering_hotel_cost
Answer: Yes

A: no_evident_not_great_quality
B: expensive_hotel
Answer: No

Now answer for this pair. Output ONLY the final line ""Answer: Yes"" or ""Answer: No"" — no other text.

A: no_evident_not_superb_staff
B: staff_not_understand_English_well
Answer:
","A: no_evident_not_superb_staff
B: staff_not_understand_English_well
Answer: Yes"
2026-08-10 23:28:34,3,2194,no_evident_not_felt_like_home_staff,staff_fail_to_communicate_with_taxi,"Task: decide if Proposition B contradicts Assumption A.

Steps:
1. A defends a claim (strip ""no_evident_not_"" / ""have_evident_"" to see it).
2. B states a fact.
3. Does B disprove A's claim? Same specific issue only, not just same topic.

Output pattern (always use this exact shape):
A: <phrase>
B: <phrase>
Answer: Yes/No

Examples:

A: no_evident_not_easy_check-in
B: customer_wait_10_minute_for_greet
Answer: Yes

A: no_evident_not_easy_check-in
B: no_one_give_key_on_late_check-in
Answer: No

A: no_evident_not_great_quality
B: shampoo_seem_cheap_considering_hotel_cost
Answer: Yes

A: no_evident_not_great_quality
B: expensive_hotel
Answer: No

Now answer for this pair. Output ONLY the final line ""Answer: Yes"" or ""Answer: No"" — no other text.

A: no_evident_not_felt_like_home_staff
B: staff_fail_to_communicate_with_taxi
Answer:
","A: no_evident_not_felt_like_home_staff
B: staff_fail_to_communicate_with_taxi
Answer: Yes"
2026-08-10 23:28:35,3,543,no_evident_not_accommodating_staff,staff_charge_for_cancellation_while_no_cancellation_charge_in_Booking.com,"Task: decide if Proposition B contradicts Assumption A.

Steps:
1. A defends a claim (strip ""no_evident_not_"" / ""have_evident_"" to see it).
2. B states a fact.
3. Does B disprove A's claim? Same specific issue only, not just same topic.

Output pattern (always use this exact shape):
A: <phrase>
B: <phrase>
Answer: Yes/No

Examples:

A: no_evident_not_easy_check-in
B: customer_wait_10_minute_for_greet
Answer: Yes

A: no_evident_not_easy_check-in
B: no_one_give_key_on_late_check-in
Answer: No

A: no_evident_not_great_quality
B: shampoo_seem_cheap_considering_hotel_cost
Answer: Yes

A: no_evident_not_great_quality
B: expensive_hotel
Answer: No

Now answer for this pair. Output ONLY the final line ""Answer: Yes"" or ""Answer: No"" — no other text.

A: no_evident_not_accommodating_staff
B: staff_charge_for_cancellation_while_no_cancellation_charge_in_Booking.com
Answer:
","A: no_evident_not_accommodating_staff
B: staff_charge_for_cancellation_while_no_cancellation_charge_in_Booking.com
Answer: Yes"
2026-08-10 23:28:35,3,1729,no_evident_not_friendly_service,staff_need_improve_organization,"Task: decide if Proposition B contradicts Assumption A.

Steps:
1. A defends a claim (strip ""no_evident_not_"" / ""have_evident_"" to see it).
2. B states a fact.
3. Does B disprove A's claim? Same specific issue only, not just same topic.

Output pattern (always use this exact shape):
A: <phrase>
B: <phrase>
Answer: Yes/No

Examples:

A: no_evident_not_easy_check-in
B: customer_wait_10_minute_for_greet
Answer: Yes

A: no_evident_not_easy_check-in
B: no_one_give_key_on_late_check-in
Answer: No

A: no_evident_not_great_quality
B: shampoo_seem_cheap_considering_hotel_cost
Answer: Yes

A: no_evident_not_great_quality
B: expensive_hotel
Answer: No

Now answer for this pair. Output ONLY the final line ""Answer: Yes"" or ""Answer: No"" — no other text.

A: no_evident_not_friendly_service
B: staff_need_improve_organization
Answer:
",Answer: Yes
2026-08-10 23:28:35,3,4647,no_evident_not_staff_help_with_everything_needed,staff_not_speak_English_properly,"Task: decide if Proposition B contradicts Assumption A.

Steps:
1. A defends a claim (strip ""no_evident_not_"" / ""have_evident_"" to see it).
2. B states a fact.
3. Does B disprove A's claim? Same specific issue only, not just same topic.

Output pattern (always use this exact shape):
A: <phrase>
B: <phrase>
Answer: Yes/No

Examples:

A: no_evident_not_easy_check-in
B: customer_wait_10_minute_for_greet
Answer: Yes

A: no_evident_not_easy_check-in
B: no_one_give_key_on_late_check-in
Answer: No

A: no_evident_not_great_quality
B: shampoo_seem_cheap_considering_hotel_cost
Answer: Yes

A: no_evident_not_great_quality
B: expensive_hotel
Answer: No

Now answer for this pair. Output ONLY the final line ""Answer: Yes"" or ""Answer: No"" — no other text.

A: no_evident_not_staff_help_with_everything_needed
B: staff_not_speak_English_properly
Answer:
","A: no_evident_not_staff_help_with_everything_needed
B: staff_not_speak_English_properly
Answer: Yes"
2026-08-10 23:28:35,3,5882,no_evident_not_cordial_staff,staff_not_provide_good_solution,"Task: decide if Proposition B contradicts Assumption A.

Steps:
1. A defends a claim (strip ""no_evident_not_"" / ""have_evident_"" to see it).
2. B states a fact.
3. Does B disprove A's claim? Same specific issue only, not just same topic.

Output pattern (always use this exact shape):
A: <phrase>
B: <phrase>
Answer: Yes/No

Examples:

A: no_evident_not_easy_check-in
B: customer_wait_10_minute_for_greet
Answer: Yes

A: no_evident_not_easy_check-in
B: no_one_give_key_on_late_check-in
Answer: No

A: no_evident_not_great_quality
B: shampoo_seem_cheap_considering_hotel_cost
Answer: Yes

A: no_evident_not_great_quality
B: expensive_hotel
Answer: No

Now answer for this pair. Output ONLY the final line ""Answer: Yes"" or ""Answer: No"" — no other text.

A: no_evident_not_cordial_staff
B: staff_not_provide_good_solution
Answer:
","A: no_evident_not_cordial_staff
B: staff_not_provide_good_solution
Answer: Yes"
2026-08-10 23:28:36,3,2578,no_evident_not_customer-centric_staff,staff_clean_after_complaint,"Task: decide if Proposition B contradicts Assumption A.

Steps:
1. A defends a claim (strip ""no_evident_not_"" / ""have_evident_"" to see it).
2. B states a fact.
3. Does B disprove A's claim? Same specific issue only, not just same topic.

Output pattern (always use this exact shape):
A: <phrase>
B: <phrase>
Answer: Yes/No

Examples:

A: no_evident_not_easy_check-in
B: customer_wait_10_minute_for_greet
Answer: Yes

A: no_evident_not_easy_check-in
B: no_one_give_key_on_late_check-in
Answer: No

A: no_evident_not_great_quality
B: shampoo_seem_cheap_considering_hotel_cost
Answer: Yes

A: no_evident_not_great_quality
B: expensive_hotel
Answer: No

Now answer for this pair. Output ONLY the final line ""Answer: Yes"" or ""Answer: No"" — no other text.

A: no_evident_not_customer-centric_staff
B: staff_clean_after_complaint
Answer:
","A: no_evident_not_customer-centric_staff
B: staff_clean_after_complaint
Answer: No"
2026-08-10 23:28:36,3,1742,no_evident_not_friendly_service,staff_not_provide_good_solution,"Task: decide if Proposition B contradicts Assumption A.

Steps:
1. A defends a claim (strip ""no_evident_not_"" / ""have_evident_"" to see it).
2. B states a fact.
3. Does B disprove A's claim? Same specific issue only, not just same topic.

Output pattern (always use this exact shape):
A: <phrase>
B: <phrase>
Answer: Yes/No

Examples:

A: no_evident_not_easy_check-in
B: customer_wait_10_minute_for_greet
Answer: Yes

A: no_evident_not_easy_check-in
B: no_one_give_key_on_late_check-in
Answer: No

A: no_evident_not_great_quality
B: shampoo_seem_cheap_considering_hotel_cost
Answer: Yes

A: no_evident_not_great_quality
B: expensive_hotel
Answer: No

Now answer for this pair. Output ONLY the final line ""Answer: Yes"" or ""Answer: No"" — no other text.

A: no_evident_not_friendly_service
B: staff_not_provide_good_solution
Answer:
","A: no_evident_not_friendly_service
B: staff_not_provide_good_solution
Answer: Yes"
2026-08-10 23:28:36,3,5370,no_evident_not_accommodated_staff,staff_cannot_provide_double_bed,"Task: decide if Proposition B contradicts Assumption A.

Steps:
1. A defends a claim (strip ""no_evident_not_"" / ""have_evident_"" to see it).
2. B states a fact.
3. Does B disprove A's claim? Same specific issue only, not just same topic.

Output pattern (always use this exact shape):
A: <phrase>
B: <phrase>
Answer: Yes/No

Examples:

A: no_evident_not_easy_check-in
B: customer_wait_10_minute_for_greet
Answer: Yes

A: no_evident_not_easy_check-in
B: no_one_give_key_on_late_check-in
Answer: No

A: no_evident_not_great_quality
B: shampoo_seem_cheap_considering_hotel_cost
Answer: Yes

A: no_evident_not_great_quality
B: expensive_hotel
Answer: No

Now answer for this pair. Output ONLY the final line ""Answer: Yes"" or ""Answer: No"" — no other text.

A: no_evident_not_accommodated_staff
B: staff_cannot_provide_double_bed
Answer:
","A: no_evident_not_accommodated_staff
B: staff_cannot_provide_double_bed
Answer: Yes"
2026-08-10 23:28:37,3,4090,no_evident_not_staff_give_family_room_as_requested,staff_not_speak_Cypriot_language,"Task: decide if Proposition B contradicts Assumption A.

Steps:
1. A defends a claim (strip ""no_evident_not_"" / ""have_evident_"" to see it).
2. B states a fact.
3. Does B disprove A's claim? Same specific issue only, not just same topic.

Output pattern (always use this exact shape):
A: <phrase>
B: <phrase>
Answer: Yes/No

Examples:

A: no_evident_not_easy_check-in
B: customer_wait_10_minute_for_greet
Answer: Yes

A: no_evident_not_easy_check-in
B: no_one_give_key_on_late_check-in
Answer: No

A: no_evident_not_great_quality
B: shampoo_seem_cheap_considering_hotel_cost
Answer: Yes

A: no_evident_not_great_quality
B: expensive_hotel
Answer: No

Now answer for this pair. Output ONLY the final line ""Answer: Yes"" or ""Answer: No"" — no other text.

A: no_evident_not_staff_give_family_room_as_requested
B: staff_not_speak_Cypriot_language
Answer:
","A: no_evident_not_staff_give_family_room_as_requested
B: staff_not_speak_Cypriot_language
Answer: Yes"
2026-08-10 23:28:37,3,3242,no_evident_not_staff_recommend_place,staff_cannot_give_bus_to_airport_information,"Task: decide if Proposition B contradicts Assumption A.

Steps:
1. A defends a claim (strip ""no_evident_not_"" / ""have_evident_"" to see it).
2. B states a fact.
3. Does B disprove A's claim? Same specific issue only, not just same topic.

Output pattern (always use this exact shape):
A: <phrase>
B: <phrase>
Answer: Yes/No

Examples:

A: no_evident_not_easy_check-in
B: customer_wait_10_minute_for_greet
Answer: Yes

A: no_evident_not_easy_check-in
B: no_one_give_key_on_late_check-in
Answer: No

A: no_evident_not_great_quality
B: shampoo_seem_cheap_considering_hotel_cost
Answer: Yes

A: no_evident_not_great_quality
B: expensive_hotel
Answer: No

Now answer for this pair. Output ONLY the final line ""Answer: Yes"" or ""Answer: No"" — no other text.

A: no_evident_not_staff_recommend_place
B: staff_cannot_give_bus_to_airport_information
Answer:
","A: no_evident_not_staff_recommend_place
B: staff_cannot_give_bus_to_airport_information
Answer: Yes"
2026-08-10 23:28:38,3,5267,no_evident_not_staff_confirm_arrival_time,only_one_staff_wear_mask,"Task: decide if Proposition B contradicts Assumption A.

Steps:
1. A defends a claim (strip ""no_evident_not_"" / ""have_evident_"" to see it).
2. B states a fact.
3. Does B disprove A's claim? Same specific issue only, not just same topic.

Output pattern (always use this exact shape):
A: <phrase>
B: <phrase>
Answer: Yes/No

Examples:

A: no_evident_not_easy_check-in
B: customer_wait_10_minute_for_greet
Answer: Yes

A: no_evident_not_easy_check-in
B: no_one_give_key_on_late_check-in
Answer: No

A: no_evident_not_great_quality
B: shampoo_seem_cheap_considering_hotel_cost
Answer: Yes

A: no_evident_not_great_quality
B: expensive_hotel
Answer: No

Now answer for this pair. Output ONLY the final line ""Answer: Yes"" or ""Answer: No"" — no other text.

A: no_evident_not_staff_confirm_arrival_time
B: only_one_staff_wear_mask
Answer:
","A: no_evident_not_staff_confirm_arrival_time
B: only_one_staff_wear_mask
Answer: Yes"
2026-08-10 23:28:38,3,3759,no_evident_not_competent_staff,staff_fail_to_guest_request,"Task: decide if Proposition B contradicts Assumption A.

Steps:
1. A defends a claim (strip ""no_evident_not_"" / ""have_evident_"" to see it).
2. B states a fact.
3. Does B disprove A's claim? Same specific issue only, not just same topic.

Output pattern (always use this exact shape):
A: <phrase>
B: <phrase>
Answer: Yes/No

Examples:

A: no_evident_not_easy_check-in
B: customer_wait_10_minute_for_greet
Answer: Yes

A: no_evident_not_easy_check-in
B: no_one_give_key_on_late_check-in
Answer: No

A: no_evident_not_great_quality
B: shampoo_seem_cheap_considering_hotel_cost
Answer: Yes

A: no_evident_not_great_quality
B: expensive_hotel
Answer: No

Now answer for this pair. Output ONLY the final line ""Answer: Yes"" or ""Answer: No"" — no other text.

A: no_evident_not_competent_staff
B: staff_fail_to_guest_request
Answer:
","A: no_evident_not_competent_staff
B: staff_fail_to_guest_request
Answer: Yes"
2026-08-10 23:28:38,3,1171,no_evident_not_kind_personal_staff,staff_not_understand_English_well,"Task: decide if Proposition B contradicts Assumption A.

Steps:
1. A defends a claim (strip ""no_evident_not_"" / ""have_evident_"" to see it).
2. B states a fact.
3. Does B disprove A's claim? Same specific issue only, not just same topic.

Output pattern (always use this exact shape):
A: <phrase>
B: <phrase>
Answer: Yes/No

Examples:

A: no_evident_not_easy_check-in
B: customer_wait_10_minute_for_greet
Answer: Yes

A: no_evident_not_easy_check-in
B: no_one_give_key_on_late_check-in
Answer: No

A: no_evident_not_great_quality
B: shampoo_seem_cheap_considering_hotel_cost
Answer: Yes

A: no_evident_not_great_quality
B: expensive_hotel
Answer: No

Now answer for this pair. Output ONLY the final line ""Answer: Yes"" or ""Answer: No"" — no other text.

A: no_evident_not_kind_personal_staff
B: staff_not_understand_English_well
Answer:
","A: no_evident_not_kind_personal_staff
B: staff_not_understand_English_well
Answer: Yes"
2026-08-10 23:28:39,3,2170,no_evident_not_happy_to_help_with_Covid_restriction,no_empathy_staff,"Task: decide if Proposition B contradicts Assumption A.

Steps:
1. A defends a claim (strip ""no_evident_not_"" / ""have_evident_"" to see it).
2. B states a fact.
3. Does B disprove A's claim? Same specific issue only, not just same topic.

Output pattern (always use this exact shape):
A: <phrase>
B: <phrase>
Answer: Yes/No

Examples:

A: no_evident_not_easy_check-in
B: customer_wait_10_minute_for_greet
Answer: Yes

A: no_evident_not_easy_check-in
B: no_one_give_key_on_late_check-in
Answer: No

A: no_evident_not_great_quality
B: shampoo_seem_cheap_considering_hotel_cost
Answer: Yes

A: no_evident_not_great_quality
B: expensive_hotel
Answer: No

Now answer for this pair. Output ONLY the final line ""Answer: Yes"" or ""Answer: No"" — no other text.

A: no_evident_not_happy_to_help_with_Covid_restriction
B: no_empathy_staff
Answer:
","A: no_evident_not_happy_to-help-with-Covid-restriction
B: no_empathy_staff
Answer: Yes"
2026-08-10 23:28:39,3,2021,no_evident_not_eager_to_help,no_staff_at_night,"Task: decide if Proposition B contradicts Assumption A.

Steps:
1. A defends a claim (strip ""no_evident_not_"" / ""have_evident_"" to see it).
2. B states a fact.
3. Does B disprove A's claim? Same specific issue only, not just same topic.

Output pattern (always use this exact shape):
A: <phrase>
B: <phrase>
Answer: Yes/No

Examples:

A: no_evident_not_easy_check-in
B: customer_wait_10_minute_for_greet
Answer: Yes

A: no_evident_not_easy_check-in
B: no_one_give_key_on_late_check-in
Answer: No

A: no_evident_not_great_quality
B: shampoo_seem_cheap_considering_hotel_cost
Answer: Yes

A: no_evident_not_great_quality
B: expensive_hotel
Answer: No

Now answer for this pair. Output ONLY the final line ""Answer: Yes"" or ""Answer: No"" — no other text.

A: no_evident_not_eager_to_help
B: no_staff_at_night
Answer:
","A: no_evident_not_eager_to_help
B: no_staff_at_night
Answer: Yes"
2026-08-10 23:28:40,3,6103,no_evident_not_staff_communicate_well_French,no_empathy_staff,"Task: decide if Proposition B contradicts Assumption A.

Steps:
1. A defends a claim (strip ""no_evident_not_"" / ""have_evident_"" to see it).
2. B states a fact.
3. Does B disprove A's claim? Same specific issue only, not just same topic.

Output pattern (always use this exact shape):
A: <phrase>
B: <phrase>
Answer: Yes/No

Examples:

A: no_evident_not_easy_check-in
B: customer_wait_10_minute_for_greet
Answer: Yes

A: no_evident_not_easy_check-in
B: no_one_give_key_on_late_check-in
Answer: No

A: no_evident_not_great_quality
B: shampoo_seem_cheap_considering_hotel_cost
Answer: Yes

A: no_evident_not_great_quality
B: expensive_hotel
Answer: No

Now answer for this pair. Output ONLY the final line ""Answer: Yes"" or ""Answer: No"" — no other text.

A: no_evident_not_staff_communicate_well_French
B: no_empathy_staff
Answer:
","A: no_evident_not_staff_communicate_well_French
B: no_empathy_staff
Answer: Yes"
2026-08-10 23:28:40,3,4599,no_evident_not_staff_agree_to_every_request,staff_cannot_give_bus_to_airport_information,"Task: decide if Proposition B contradicts Assumption A.

Steps:
1. A defends a claim (strip ""no_evident_not_"" / ""have_evident_"" to see it).
2. B states a fact.
3. Does B disprove A's claim? Same specific issue only, not just same topic.

Output pattern (always use this exact shape):
A: <phrase>
B: <phrase>
Answer: Yes/No

Examples:

A: no_evident_not_easy_check-in
B: customer_wait_10_minute_for_greet
Answer: Yes

A: no_evident_not_easy_check-in
B: no_one_give_key_on_late_check-in
Answer: No

A: no_evident_not_great_quality
B: shampoo_seem_cheap_considering_hotel_cost
Answer: Yes

A: no_evident_not_great_quality
B: expensive_hotel
Answer: No

Now answer for this pair. Output ONLY the final line ""Answer: Yes"" or ""Answer: No"" — no other text.

A: no_evident_not_staff_agree_to_every_request
B: staff_cannot_give_bus_to_airport_information
Answer:
","A: no_evident_not_staff_agree_to_every_request
B: staff_cannot_give_bus_to_airport_information
Answer: Yes"
2026-08-10 23:28:40,3,4416,no_evident_not_can_speak_4_language,only_one_staff_wear_mask,"Task: decide if Proposition B contradicts Assumption A.

Steps:
1. A defends a claim (strip ""no_evident_not_"" / ""have_evident_"" to see it).
2. B states a fact.
3. Does B disprove A's claim? Same specific issue only, not just same topic.

Output pattern (always use this exact shape):
A: <phrase>
B: <phrase>
Answer: Yes/No

Examples:

A: no_evident_not_easy_check-in
B: customer_wait_10_minute_for_greet
Answer: Yes

A: no_evident_not_easy_check-in
B: no_one_give_key_on_late_check-in
Answer: No

A: no_evident_not_great_quality
B: shampoo_seem_cheap_considering_hotel_cost
Answer: Yes

A: no_evident_not_great_quality
B: expensive_hotel
Answer: No

Now answer for this pair. Output ONLY the final line ""Answer: Yes"" or ""Answer: No"" — no other text.

A: no_evident_not_can_speak_4_language
B: only_one_staff_wear_mask
Answer:
","A: no_evident_not_can_speak_4_language
B: only_one_staff_wear_mask
Answer: Yes"
2026-08-10 23:28:41,3,2153,no_evident_not_staff_responsive_to_pre-arrival_question,staff_charge_for_cancellation_while_no_cancellation_charge_in_Booking.com,"Task: decide if Proposition B contradicts Assumption A.

Steps:
1. A defends a claim (strip ""no_evident_not_"" / ""have_evident_"" to see it).
2. B states a fact.
3. Does B disprove A's claim? Same specific issue only, not just same topic.

Output pattern (always use this exact shape):
A: <phrase>
B: <phrase>
Answer: Yes/No

Examples:

A: no_evident_not_easy_check-in
B: customer_wait_10_minute_for_greet
Answer: Yes

A: no_evident_not_easy_check-in
B: no_one_give_key_on_late_check-in
Answer: No

A: no_evident_not_great_quality
B: shampoo_seem_cheap_considering_hotel_cost
Answer: Yes

A: no_evident_not_great_quality
B: expensive_hotel
Answer: No

Now answer for this pair. Output ONLY the final line ""Answer: Yes"" or ""Answer: No"" — no other text.

A: no_evident_not_staff_responsive_to_pre-arrival_question
B: staff_charge_for_cancellation_while_no_cancellation_charge_in_Booking.com
Answer:
","A: no_evident_not_staff_responsive_to_pre-arrival_question
B: staff_charge_for_cancellation_while_no_cancellation_charge_in_Booking.com
Answer: Yes"
2026-08-10 23:28:41,3,6120,no_evident_not_willing_to_help_staff,staff_clean_after_complaint,"Task: decide if Proposition B contradicts Assumption A.

Steps:
1. A defends a claim (strip ""no_evident_not_"" / ""have_evident_"" to see it).
2. B states a fact.
3. Does B disprove A's claim? Same specific issue only, not just same topic.

Output pattern (always use this exact shape):
A: <phrase>
B: <phrase>
Answer: Yes/No

Examples:

A: no_evident_not_easy_check-in
B: customer_wait_10_minute_for_greet
Answer: Yes

A: no_evident_not_easy_check-in
B: no_one_give_key_on_late_check-in
Answer: No

A: no_evident_not_great_quality
B: shampoo_seem_cheap_considering_hotel_cost
Answer: Yes

A: no_evident_not_great_quality
B: expensive_hotel
Answer: No

Now answer for this pair. Output ONLY the final line ""Answer: Yes"" or ""Answer: No"" — no other text.

A: no_evident_not_willing_to_help_staff
B: staff_clean_after_complaint
Answer:
","A: no_evident_not_willing_to-help-staff
B: staff_clean-after-complaint
Answer: Yes"
2026-08-10 23:28:42,3,4789,no_evident_not_sympathy_staff,staff_need_improve_collaboration,"Task: decide if Proposition B contradicts Assumption A.

Steps:
1. A defends a claim (strip ""no_evident_not_"" / ""have_evident_"" to see it).
2. B states a fact.
3. Does B disprove A's claim? Same specific issue only, not just same topic.

Output pattern (always use this exact shape):
A: <phrase>
B: <phrase>
Answer: Yes/No

Examples:

A: no_evident_not_easy_check-in
B: customer_wait_10_minute_for_greet
Answer: Yes

A: no_evident_not_easy_check-in
B: no_one_give_key_on_late_check-in
Answer: No

A: no_evident_not_great_quality
B: shampoo_seem_cheap_considering_hotel_cost
Answer: Yes

A: no_evident_not_great_quality
B: expensive_hotel
Answer: No

Now answer for this pair. Output ONLY the final line ""Answer: Yes"" or ""Answer: No"" — no other text.

A: no_evident_not_sympathy_staff
B: staff_need_improve_collaboration
Answer:
","A: no_evident_not_sympathy_staff
B: staff_need_improve_collaboration
Answer: Yes"
2026-08-10 23:28:42,3,3510,no_evident_not_willing_to_do_more,staff_charge_for_cancellation_while_no_cancellation_charge_in_Booking.com,"Task: decide if Proposition B contradicts Assumption A.

Steps:
1. A defends a claim (strip ""no_evident_not_"" / ""have_evident_"" to see it).
2. B states a fact.
3. Does B disprove A's claim? Same specific issue only, not just same topic.

Output pattern (always use this exact shape):
A: <phrase>
B: <phrase>
Answer: Yes/No

Examples:

A: no_evident_not_easy_check-in
B: customer_wait_10_minute_for_greet
Answer: Yes

A: no_evident_not_easy_check-in
B: no_one_give_key_on_late_check-in
Answer: No

A: no_evident_not_great_quality
B: shampoo_seem_cheap_considering_hotel_cost
Answer: Yes

A: no_evident_not_great_quality
B: expensive_hotel
Answer: No

Now answer for this pair. Output ONLY the final line ""Answer: Yes"" or ""Answer: No"" — no other text.

A: no_evident_not_willing_to_do_more
B: staff_charge_for_cancellation_while_no_cancellation_charge_in_Booking.com
Answer:
","A: no_evident_not_willing_to_do_more
B: staff_charge_for_cancellation_while_no_cancellation_charge_in_Booking.com
Answer: Yes"
2026-08-10 23:28:43,3,4781,no_evident_not_staff_send_phot_for_arrival,no_staff_at_night,"Task: decide if Proposition B contradicts Assumption A.

Steps:
1. A defends a claim (strip ""no_evident_not_"" / ""have_evident_"" to see it).
2. B states a fact.
3. Does B disprove A's claim? Same specific issue only, not just same topic.

Output pattern (always use this exact shape):
A: <phrase>
B: <phrase>
Answer: Yes/No

Examples:

A: no_evident_not_easy_check-in
B: customer_wait_10_minute_for_greet
Answer: Yes

A: no_evident_not_easy_check-in
B: no_one_give_key_on_late_check-in
Answer: No

A: no_evident_not_great_quality
B: shampoo_seem_cheap_considering_hotel_cost
Answer: Yes

A: no_evident_not_great_quality
B: expensive_hotel
Answer: No

Now answer for this pair. Output ONLY the final line ""Answer: Yes"" or ""Answer: No"" — no other text.

A: no_evident_not_staff_send_phot_for_arrival
B: no_staff_at_night
Answer:
","A: no_evident_not_staff_send_phot_for_arrival
B: no_staff_at_night
Answer: Yes"
2026-08-10 23:28:43,3,3272,no_evident_not_superb_staff,staff_need_keep_update,"Task: decide if Proposition B contradicts Assumption A.

Steps:
1. A defends a claim (strip ""no_evident_not_"" / ""have_evident_"" to see it).
2. B states a fact.
3. Does B disprove A's claim? Same specific issue only, not just same topic.

Output pattern (always use this exact shape):
A: <phrase>
B: <phrase>
Answer: Yes/No

Examples:

A: no_evident_not_easy_check-in
B: customer_wait_10_minute_for_greet
Answer: Yes

A: no_evident_not_easy_check-in
B: no_one_give_key_on_late_check-in
Answer: No

A: no_evident_not_great_quality
B: shampoo_seem_cheap_considering_hotel_cost
Answer: Yes

A: no_evident_not_great_quality
B: expensive_hotel
Answer: No

Now answer for this pair. Output ONLY the final line ""Answer: Yes"" or ""Answer: No"" — no other text.

A: no_evident_not_superb_staff
B: staff_need_keep_update
Answer:
","A: no_evident_not_superb_staff
B: staff_need_keep_update
Answer: Yes"
2026-08-10 23:28:43,3,2966,no_evident_not_pleased_by_staff,staff_cannot_give_bus_to_airport_information,"Task: decide if Proposition B contradicts Assumption A.

Steps:
1. A defends a claim (strip ""no_evident_not_"" / ""have_evident_"" to see it).
2. B states a fact.
3. Does B disprove A's claim? Same specific issue only, not just same topic.

Output pattern (always use this exact shape):
A: <phrase>
B: <phrase>
Answer: Yes/No

Examples:

A: no_evident_not_easy_check-in
B: customer_wait_10_minute_for_greet
Answer: Yes

A: no_evident_not_easy_check-in
B: no_one_give_key_on_late_check-in
Answer: No

A: no_evident_not_great_quality
B: shampoo_seem_cheap_considering_hotel_cost
Answer: Yes

A: no_evident_not_great_quality
B: expensive_hotel
Answer: No

Now answer for this pair. Output ONLY the final line ""Answer: Yes"" or ""Answer: No"" — no other text.

A: no_evident_not_pleased_by_staff
B: staff_cannot_give_bus_to_airport_information
Answer:
","A: no_evident_not_pleased_by_staff
B: staff_cannot_give_bus_to_airport_information
Answer: Yes"
2026-08-10 23:28:43,3,1797,no_evident_not_reachable_staff,staff_should_learn_better_English,"Task: decide if Proposition B contradicts Assumption A.

Steps:
1. A defends a claim (strip ""no_evident_not_"" / ""have_evident_"" to see it).
2. B states a fact.
3. Does B disprove A's claim? Same specific issue only, not just same topic.

Output pattern (always use this exact shape):
A: <phrase>
B: <phrase>
Answer: Yes/No

Examples:

A: no_evident_not_easy_check-in
B: customer_wait_10_minute_for_greet
Answer: Yes

A: no_evident_not_easy_check-in
B: no_one_give_key_on_late_check-in
Answer: No

A: no_evident_not_great_quality
B: shampoo_seem_cheap_considering_hotel_cost
Answer: Yes

A: no_evident_not_great_quality
B: expensive_hotel
Answer: No

Now answer for this pair. Output ONLY the final line ""Answer: Yes"" or ""Answer: No"" — no other text.

A: no_evident_not_reachable_staff
B: staff_should_learn_better_English
Answer:
",Answer: Yes
2026-08-10 23:28:44,3,1134,no_evident_not_impeccable_service,not_kind_staff,"Task: decide if Proposition B contradicts Assumption A.

Steps:
1. A defends a claim (strip ""no_evident_not_"" / ""have_evident_"" to see it).
2. B states a fact.
3. Does B disprove A's claim? Same specific issue only, not just same topic.

Output pattern (always use this exact shape):
A: <phrase>
B: <phrase>
Answer: Yes/No

Examples:

A: no_evident_not_easy_check-in
B: customer_wait_10_minute_for_greet
Answer: Yes

A: no_evident_not_easy_check-in
B: no_one_give_key_on_late_check-in
Answer: No

A: no_evident_not_great_quality
B: shampoo_seem_cheap_considering_hotel_cost
Answer: Yes

A: no_evident_not_great_quality
B: expensive_hotel
Answer: No

Now answer for this pair. Output ONLY the final line ""Answer: Yes"" or ""Answer: No"" — no other text.

A: no_evident_not_impeccable_service
B: not_kind_staff
Answer:
","A: no_evident_not_impeccable_service
B: not_kind_staff
Answer: Yes"
2026-08-10 23:28:44,3,4175,no_evident_not_staff_celebrate_our_daughter_birthday,offended_staff,"Task: decide if Proposition B contradicts Assumption A.

Steps:
1. A defends a claim (strip ""no_evident_not_"" / ""have_evident_"" to see it).
2. B states a fact.
3. Does B disprove A's claim? Same specific issue only, not just same topic.

Output pattern (always use this exact shape):
A: <phrase>
B: <phrase>
Answer: Yes/No

Examples:

A: no_evident_not_easy_check-in
B: customer_wait_10_minute_for_greet
Answer: Yes

A: no_evident_not_easy_check-in
B: no_one_give_key_on_late_check-in
Answer: No

A: no_evident_not_great_quality
B: shampoo_seem_cheap_considering_hotel_cost
Answer: Yes

A: no_evident_not_great_quality
B: expensive_hotel
Answer: No

Now answer for this pair. Output ONLY the final line ""Answer: Yes"" or ""Answer: No"" — no other text.

A: no_evident_not_staff_celebrate_our_daughter_birthday
B: offended_staff
Answer:
","A: no_evident_not_staff_celebrate_our_daughter_birthday
B: offended_staff
Answer: Yes"
2026-08-10 23:28:44,3,4043,no_evident_not_staff_help_any_problem,staff_has_unaceptable_manner,"Task: decide if Proposition B contradicts Assumption A.

Steps:
1. A defends a claim (strip ""no_evident_not_"" / ""have_evident_"" to see it).
2. B states a fact.
3. Does B disprove A's claim? Same specific issue only, not just same topic.

Output pattern (always use this exact shape):
A: <phrase>
B: <phrase>
Answer: Yes/No

Examples:

A: no_evident_not_easy_check-in
B: customer_wait_10_minute_for_greet
Answer: Yes

A: no_evident_not_easy_check-in
B: no_one_give_key_on_late_check-in
Answer: No

A: no_evident_not_great_quality
B: shampoo_seem_cheap_considering_hotel_cost
Answer: Yes

A: no_evident_not_great_quality
B: expensive_hotel
Answer: No

Now answer for this pair. Output ONLY the final line ""Answer: Yes"" or ""Answer: No"" — no other text.

A: no_evident_not_staff_help_any_problem
B: staff_has_unaceptable_manner
Answer:
","A: no_evident_not_staff_help_any_problem
B: staff_has_unacceptable_manner
Answer: Yes"
2026-08-10 23:28:45,3,745,no_evident_not_staff_order_taxi_for_us,staff_fail_to_communicate_with_taxi,"Task: decide if Proposition B contradicts Assumption A.

Steps:
1. A defends a claim (strip ""no_evident_not_"" / ""have_evident_"" to see it).
2. B states a fact.
3. Does B disprove A's claim? Same specific issue only, not just same topic.

Output pattern (always use this exact shape):
A: <phrase>
B: <phrase>
Answer: Yes/No

Examples:

A: no_evident_not_easy_check-in
B: customer_wait_10_minute_for_greet
Answer: Yes

A: no_evident_not_easy_check-in
B: no_one_give_key_on_late_check-in
Answer: No

A: no_evident_not_great_quality
B: shampoo_seem_cheap_considering_hotel_cost
Answer: Yes

A: no_evident_not_great_quality
B: expensive_hotel
Answer: No

Now answer for this pair. Output ONLY the final line ""Answer: Yes"" or ""Answer: No"" — no other text.

A: no_evident_not_staff_order_taxi_for_us
B: staff_fail_to_communicate_with_taxi
Answer:
","A: no_evident_not_staff_order_taxi_for_us
B: staff_fail_to_communicate_with_taxi
Answer: Yes"
2026-08-10 23:28:45,3,6192,no_evident_not_staff_alway_smile,staff_need_improve_collaboration,"Task: decide if Proposition B contradicts Assumption A.

Steps:
1. A defends a claim (strip ""no_evident_not_"" / ""have_evident_"" to see it).
2. B states a fact.
3. Does B disprove A's claim? Same specific issue only, not just same topic.

Output pattern (always use this exact shape):
A: <phrase>
B: <phrase>
Answer: Yes/No

Examples:

A: no_evident_not_easy_check-in
B: customer_wait_10_minute_for_greet
Answer: Yes

A: no_evident_not_easy_check-in
B: no_one_give_key_on_late_check-in
Answer: No

A: no_evident_not_great_quality
B: shampoo_seem_cheap_considering_hotel_cost
Answer: Yes

A: no_evident_not_great_quality
B: expensive_hotel
Answer: No

Now answer for this pair. Output ONLY the final line ""Answer: Yes"" or ""Answer: No"" — no other text.

A: no_evident_not_staff_alway_smile
B: staff_need_improve_collaboration
Answer:
",Answer: Yes
2026-08-10 23:28:45,3,386,no_evident_not_staff_make_like_staying_with_family,staff_has_unaceptable_manner,"Task: decide if Proposition B contradicts Assumption A.

Steps:
1. A defends a claim (strip ""no_evident_not_"" / ""have_evident_"" to see it).
2. B states a fact.
3. Does B disprove A's claim? Same specific issue only, not just same topic.

Output pattern (always use this exact shape):
A: <phrase>
B: <phrase>
Answer: Yes/No

Examples:

A: no_evident_not_easy_check-in
B: customer_wait_10_minute_for_greet
Answer: Yes

A: no_evident_not_easy_check-in
B: no_one_give_key_on_late_check-in
Answer: No

A: no_evident_not_great_quality
B: shampoo_seem_cheap_considering_hotel_cost
Answer: Yes

A: no_evident_not_great_quality
B: expensive_hotel
Answer: No

Now answer for this pair. Output ONLY the final line ""Answer: Yes"" or ""Answer: No"" — no other text.

A: no_evident_not_staff_make_like_staying_with_family
B: staff_has_unaceptable_manner
Answer:
","A: no_evident_not_staff_make_like_staying_with_family
B: staff_has_unacceptable_manner
Answer: Yes"
2026-08-10 23:28:46,3,899,no_evident_not_friendly_personal_staff,staff_clean_after_complaint,"Task: decide if Proposition B contradicts Assumption A.

Steps:
1. A defends a claim (strip ""no_evident_not_"" / ""have_evident_"" to see it).
2. B states a fact.
3. Does B disprove A's claim? Same specific issue only, not just same topic.

Output pattern (always use this exact shape):
A: <phrase>
B: <phrase>
Answer: Yes/No

Examples:

A: no_evident_not_easy_check-in
B: customer_wait_10_minute_for_greet
Answer: Yes

A: no_evident_not_easy_check-in
B: no_one_give_key_on_late_check-in
Answer: No

A: no_evident_not_great_quality
B: shampoo_seem_cheap_considering_hotel_cost
Answer: Yes

A: no_evident_not_great_quality
B: expensive_hotel
Answer: No

Now answer for this pair. Output ONLY the final line ""Answer: Yes"" or ""Answer: No"" — no other text.

A: no_evident_not_friendly_personal_staff
B: staff_clean_after_complaint
Answer:
","A: no_evident_not_friendly_personal_staff
B: staff_clean_after_complaint
Answer: No"
2026-08-10 23:28:46,3,1253,no_evident_not_staff_arrange_airport_taxi,staff_cannot_provide_double_bed,"Task: decide if Proposition B contradicts Assumption A.

Steps:
1. A defends a claim (strip ""no_evident_not_"" / ""have_evident_"" to see it).
2. B states a fact.
3. Does B disprove A's claim? Same specific issue only, not just same topic.

Output pattern (always use this exact shape):
A: <phrase>
B: <phrase>
Answer: Yes/No

Examples:

A: no_evident_not_easy_check-in
B: customer_wait_10_minute_for_greet
Answer: Yes

A: no_evident_not_easy_check-in
B: no_one_give_key_on_late_check-in
Answer: No

A: no_evident_not_great_quality
B: shampoo_seem_cheap_considering_hotel_cost
Answer: Yes

A: no_evident_not_great_quality
B: expensive_hotel
Answer: No

Now answer for this pair. Output ONLY the final line ""Answer: Yes"" or ""Answer: No"" — no other text.

A: no_evident_not_staff_arrange_airport_taxi
B: staff_cannot_provide_double_bed
Answer:
","A: no_evident_not_staff_arrange_airport_taxi
B: staff_cannot_provide_double_bed
Answer: Yes"
2026-08-10 23:28:46,3,5141,no_evident_not_greeting_with_smile,offended_staff,"Task: decide if Proposition B contradicts Assumption A.

Steps:
1. A defends a claim (strip ""no_evident_not_"" / ""have_evident_"" to see it).
2. B states a fact.
3. Does B disprove A's claim? Same specific issue only, not just same topic.

Output pattern (always use this exact shape):
A: <phrase>
B: <phrase>
Answer: Yes/No

Examples:

A: no_evident_not_easy_check-in
B: customer_wait_10_minute_for_greet
Answer: Yes

A: no_evident_not_easy_check-in
B: no_one_give_key_on_late_check-in
Answer: No

A: no_evident_not_great_quality
B: shampoo_seem_cheap_considering_hotel_cost
Answer: Yes

A: no_evident_not_great_quality
B: expensive_hotel
Answer: No

Now answer for this pair. Output ONLY the final line ""Answer: Yes"" or ""Answer: No"" — no other text.

A: no_evident_not_greeting_with_smile
B: offended_staff
Answer:
","A: no_evident_not_greeting_with_smile
B: staff_greet_customer_with_smile
Answer: Yes"
2026-08-10 23:28:47,3,1311,no_evident_not_stored_luggage_for_us,only_one_staff_wear_mask,"Task: decide if Proposition B contradicts Assumption A.

Steps:
1. A defends a claim (strip ""no_evident_not_"" / ""have_evident_"" to see it).
2. B states a fact.
3. Does B disprove A's claim? Same specific issue only, not just same topic.

Output pattern (always use this exact shape):
A: <phrase>
B: <phrase>
Answer: Yes/No

Examples:

A: no_evident_not_easy_check-in
B: customer_wait_10_minute_for_greet
Answer: Yes

A: no_evident_not_easy_check-in
B: no_one_give_key_on_late_check-in
Answer: No

A: no_evident_not_great_quality
B: shampoo_seem_cheap_considering_hotel_cost
Answer: Yes

A: no_evident_not_great_quality
B: expensive_hotel
Answer: No

Now answer for this pair. Output ONLY the final line ""Answer: Yes"" or ""Answer: No"" — no other text.

A: no_evident_not_stored_luggage_for_us
B: only_one_staff_wear_mask
Answer:
","A: no_evident_not_stored_luggage_for_us
B: only_one_staff_wear_mask
Answer: Yes"
2026-08-10 23:28:47,3,5575,no_evident_not_staff_wait_until_2am,staff_fail_to_communicate_with_taxi,"Task: decide if Proposition B contradicts Assumption A.

Steps:
1. A defends a claim (strip ""no_evident_not_"" / ""have_evident_"" to see it).
2. B states a fact.
3. Does B disprove A's claim? Same specific issue only, not just same topic.

Output pattern (always use this exact shape):
A: <phrase>
B: <phrase>
Answer: Yes/No

Examples:

A: no_evident_not_easy_check-in
B: customer_wait_10_minute_for_greet
Answer: Yes

A: no_evident_not_easy_check-in
B: no_one_give_key_on_late_check-in
Answer: No

A: no_evident_not_great_quality
B: shampoo_seem_cheap_considering_hotel_cost
Answer: Yes

A: no_evident_not_great_quality
B: expensive_hotel
Answer: No

Now answer for this pair. Output ONLY the final line ""Answer: Yes"" or ""Answer: No"" — no other text.

A: no_evident_not_staff_wait_until_2am
B: staff_fail_to_communicate_with_taxi
Answer:
",Answer: Yes
2026-08-10 23:28:47,3,3459,no_evident_not_staff_make_hotel_great,staff_fail_to_communicate_with_taxi,"Task: decide if Proposition B contradicts Assumption A.

Steps:
1. A defends a claim (strip ""no_evident_not_"" / ""have_evident_"" to see it).
2. B states a fact.
3. Does B disprove A's claim? Same specific issue only, not just same topic.

Output pattern (always use this exact shape):
A: <phrase>
B: <phrase>
Answer: Yes/No

Examples:

A: no_evident_not_easy_check-in
B: customer_wait_10_minute_for_greet
Answer: Yes

A: no_evident_not_easy_check-in
B: no_one_give_key_on_late_check-in
Answer: No

A: no_evident_not_great_quality
B: shampoo_seem_cheap_considering_hotel_cost
Answer: Yes

A: no_evident_not_great_quality
B: expensive_hotel
Answer: No

Now answer for this pair. Output ONLY the final line ""Answer: Yes"" or ""Answer: No"" — no other text.

A: no_evident_not_staff_make_hotel_great
B: staff_fail_to_communicate_with_taxi
Answer:
",Answer: Yes
2026-08-10 23:28:47,3,4886,no_evident_not_staff_take_care_late_check-in,staff_fail_to_guest_request,"Task: decide if Proposition B contradicts Assumption A.

Steps:
1. A defends a claim (strip ""no_evident_not_"" / ""have_evident_"" to see it).
2. B states a fact.
3. Does B disprove A's claim? Same specific issue only, not just same topic.

Output pattern (always use this exact shape):
A: <phrase>
B: <phrase>
Answer: Yes/No

Examples:

A: no_evident_not_easy_check-in
B: customer_wait_10_minute_for_greet
Answer: Yes

A: no_evident_not_easy_check-in
B: no_one_give_key_on_late_check-in
Answer: No

A: no_evident_not_great_quality
B: shampoo_seem_cheap_considering_hotel_cost
Answer: Yes

A: no_evident_not_great_quality
B: expensive_hotel
Answer: No

Now answer for this pair. Output ONLY the final line ""Answer: Yes"" or ""Answer: No"" — no other text.

A: no_evident_not_staff_take_care_late_check-in
B: staff_fail_to_guest_request
Answer:
","A: no_evident_not_staff_take_care_late_check-in
B: staff_fail_to_guest_request
Answer: Yes"
2026-08-10 23:28:48,3,521,no_evident_not_kind_staff,staff_enforce_cancellation_charge,"Task: decide if Proposition B contradicts Assumption A.

Steps:
1. A defends a claim (strip ""no_evident_not_"" / ""have_evident_"" to see it).
2. B states a fact.
3. Does B disprove A's claim? Same specific issue only, not just same topic.

Output pattern (always use this exact shape):
A: <phrase>
B: <phrase>
Answer: Yes/No

Examples:

A: no_evident_not_easy_check-in
B: customer_wait_10_minute_for_greet
Answer: Yes

A: no_evident_not_easy_check-in
B: no_one_give_key_on_late_check-in
Answer: No

A: no_evident_not_great_quality
B: shampoo_seem_cheap_considering_hotel_cost
Answer: Yes

A: no_evident_not_great_quality
B: expensive_hotel
Answer: No

Now answer for this pair. Output ONLY the final line ""Answer: Yes"" or ""Answer: No"" — no other text.

A: no_evident_not_kind_staff
B: staff_enforce_cancellation_charge
Answer:
","A: no_evident_not_kind_staff
B: staff_enforce_cancellation_charge
Answer: Yes"
2026-08-10 23:28:48,3,3153,no_evident_not_good_customer_service,staff_clean_after_complaint,"Task: decide if Proposition B contradicts Assumption A.

Steps:
1. A defends a claim (strip ""no_evident_not_"" / ""have_evident_"" to see it).
2. B states a fact.
3. Does B disprove A's claim? Same specific issue only, not just same topic.

Output pattern (always use this exact shape):
A: <phrase>
B: <phrase>
Answer: Yes/No

Examples:

A: no_evident_not_easy_check-in
B: customer_wait_10_minute_for_greet
Answer: Yes

A: no_evident_not_easy_check-in
B: no_one_give_key_on_late_check-in
Answer: No

A: no_evident_not_great_quality
B: shampoo_seem_cheap_considering_hotel_cost
Answer: Yes

A: no_evident_not_great_quality
B: expensive_hotel
Answer: No

Now answer for this pair. Output ONLY the final line ""Answer: Yes"" or ""Answer: No"" — no other text.

A: no_evident_not_good_customer_service
B: staff_clean_after_complaint
Answer:
",Answer: No
2026-08-10 23:28:48,3,3127,no_evident_not_can_borrow_luggage_scale,staff_cannot_give_bus_to_airport_information,"Task: decide if Proposition B contradicts Assumption A.

Steps:
1. A defends a claim (strip ""no_evident_not_"" / ""have_evident_"" to see it).
2. B states a fact.
3. Does B disprove A's claim? Same specific issue only, not just same topic.

Output pattern (always use this exact shape):
A: <phrase>
B: <phrase>
Answer: Yes/No

Examples:

A: no_evident_not_easy_check-in
B: customer_wait_10_minute_for_greet
Answer: Yes

A: no_evident_not_easy_check-in
B: no_one_give_key_on_late_check-in
Answer: No

A: no_evident_not_great_quality
B: shampoo_seem_cheap_considering_hotel_cost
Answer: Yes

A: no_evident_not_great_quality
B: expensive_hotel
Answer: No

Now answer for this pair. Output ONLY the final line ""Answer: Yes"" or ""Answer: No"" — no other text.

A: no_evident_not_can_borrow_luggage_scale
B: staff_cannot_give_bus_to_airport_information
Answer:
","A: no_evident_not_can_borrow_luggage_scale
B: staff_cannot_give_bus_to_airport_information
Answer: Yes"
2026-08-10 23:28:49,3,4882,no_evident_not_staff_take_care_late_check-in,staff_need_keep_update,"Task: decide if Proposition B contradicts Assumption A.

Steps:
1. A defends a claim (strip ""no_evident_not_"" / ""have_evident_"" to see it).
2. B states a fact.
3. Does B disprove A's claim? Same specific issue only, not just same topic.

Output pattern (always use this exact shape):
A: <phrase>
B: <phrase>
Answer: Yes/No

Examples:

A: no_evident_not_easy_check-in
B: customer_wait_10_minute_for_greet
Answer: Yes

A: no_evident_not_easy_check-in
B: no_one_give_key_on_late_check-in
Answer: No

A: no_evident_not_great_quality
B: shampoo_seem_cheap_considering_hotel_cost
Answer: Yes

A: no_evident_not_great_quality
B: expensive_hotel
Answer: No

Now answer for this pair. Output ONLY the final line ""Answer: Yes"" or ""Answer: No"" — no other text.

A: no_evident_not_staff_take_care_late_check-in
B: staff_need_keep_update
Answer:
","A: no_evident_not_staff_take_care_late_check-in
B: staff_need_keep_update
Answer: Yes"
2026-08-10 23:28:49,3,3835,no_evident_not_staff_give_good_advice,staff_not_provide_good_solution,"Task: decide if Proposition B contradicts Assumption A.

Steps:
1. A defends a claim (strip ""no_evident_not_"" / ""have_evident_"" to see it).
2. B states a fact.
3. Does B disprove A's claim? Same specific issue only, not just same topic.

Output pattern (always use this exact shape):
A: <phrase>
B: <phrase>
Answer: Yes/No

Examples:

A: no_evident_not_easy_check-in
B: customer_wait_10_minute_for_greet
Answer: Yes

A: no_evident_not_easy_check-in
B: no_one_give_key_on_late_check-in
Answer: No

A: no_evident_not_great_quality
B: shampoo_seem_cheap_considering_hotel_cost
Answer: Yes

A: no_evident_not_great_quality
B: expensive_hotel
Answer: No

Now answer for this pair. Output ONLY the final line ""Answer: Yes"" or ""Answer: No"" — no other text.

A: no_evident_not_staff_give_good_advice
B: staff_not_provide_good_solution
Answer:
","A: no_evident_not_staff_give_good_advice
B: staff_not_provide_good_solution
Answer: Yes"
2026-08-10 23:28:50,3,4335,no_evident_not_staff_give_free_room_upgrade_to_superior_room,staff_cannot_provide_double_bed,"Task: decide if Proposition B contradicts Assumption A.

Steps:
1. A defends a claim (strip ""no_evident_not_"" / ""have_evident_"" to see it).
2. B states a fact.
3. Does B disprove A's claim? Same specific issue only, not just same topic.

Output pattern (always use this exact shape):
A: <phrase>
B: <phrase>
Answer: Yes/No

Examples:

A: no_evident_not_easy_check-in
B: customer_wait_10_minute_for_greet
Answer: Yes

A: no_evident_not_easy_check-in
B: no_one_give_key_on_late_check-in
Answer: No

A: no_evident_not_great_quality
B: shampoo_seem_cheap_considering_hotel_cost
Answer: Yes

A: no_evident_not_great_quality
B: expensive_hotel
Answer: No

Now answer for this pair. Output ONLY the final line ""Answer: Yes"" or ""Answer: No"" — no other text.

A: no_evident_not_staff_give_free_room_upgrade_to_superior_room
B: staff_cannot_provide_double_bed
Answer:
","A: no_evident_not_staff_give_free_room_upgrade_to_superior_room
B: staff_cannot_provide_double_bed
Answer: Yes"
2026-08-10 23:28:50,3,2060,no_evident_not_staff_allow_early_check-in_in_morning,staff_not_justify_booking_issue,"Task: decide if Proposition B contradicts Assumption A.

Steps:
1. A defends a claim (strip ""no_evident_not_"" / ""have_evident_"" to see it).
2. B states a fact.
3. Does B disprove A's claim? Same specific issue only, not just same topic.

Output pattern (always use this exact shape):
A: <phrase>
B: <phrase>
Answer: Yes/No

Examples:

A: no_evident_not_easy_check-in
B: customer_wait_10_minute_for_greet
Answer: Yes

A: no_evident_not_easy_check-in
B: no_one_give_key_on_late_check-in
Answer: No

A: no_evident_not_great_quality
B: shampoo_seem_cheap_considering_hotel_cost
Answer: Yes

A: no_evident_not_great_quality
B: expensive_hotel
Answer: No

Now answer for this pair. Output ONLY the final line ""Answer: Yes"" or ""Answer: No"" — no other text.

A: no_evident_not_staff_allow_early_check-in_in_morning
B: staff_not_justify_booking_issue
Answer:
","A: no_evident_not_staff_allow_early_check-in_in_morning
B: staff_not_justify_booking_issue
Answer: Yes"
2026-08-10 23:28:50,3,4533,no_evident_not_charming_staff,staff_clean_after_complaint,"Task: decide if Proposition B contradicts Assumption A.

Steps:
1. A defends a claim (strip ""no_evident_not_"" / ""have_evident_"" to see it).
2. B states a fact.
3. Does B disprove A's claim? Same specific issue only, not just same topic.

Output pattern (always use this exact shape):
A: <phrase>
B: <phrase>
Answer: Yes/No

Examples:

A: no_evident_not_easy_check-in
B: customer_wait_10_minute_for_greet
Answer: Yes

A: no_evident_not_easy_check-in
B: no_one_give_key_on_late_check-in
Answer: No

A: no_evident_not_great_quality
B: shampoo_seem_cheap_considering_hotel_cost
Answer: Yes

A: no_evident_not_great_quality
B: expensive_hotel
Answer: No

Now answer for this pair. Output ONLY the final line ""Answer: Yes"" or ""Answer: No"" — no other text.

A: no_evident_not_charming_staff
B: staff_clean_after_complaint
Answer:
","A: no_evident_not_charming_staff
B: staff_clean_after_complaint
Answer: No"
2026-08-10 23:28:50,3,95,no_evident_not_lovely_staff,staff_should_learn_better_English,"Task: decide if Proposition B contradicts Assumption A.

Steps:
1. A defends a claim (strip ""no_evident_not_"" / ""have_evident_"" to see it).
2. B states a fact.
3. Does B disprove A's claim? Same specific issue only, not just same topic.

Output pattern (always use this exact shape):
A: <phrase>
B: <phrase>
Answer: Yes/No

Examples:

A: no_evident_not_easy_check-in
B: customer_wait_10_minute_for_greet
Answer: Yes

A: no_evident_not_easy_check-in
B: no_one_give_key_on_late_check-in
Answer: No

A: no_evident_not_great_quality
B: shampoo_seem_cheap_considering_hotel_cost
Answer: Yes

A: no_evident_not_great_quality
B: expensive_hotel
Answer: No

Now answer for this pair. Output ONLY the final line ""Answer: Yes"" or ""Answer: No"" — no other text.

A: no_evident_not_lovely_staff
B: staff_should_learn_better_English
Answer:
",Answer: Yes
2026-08-10 23:28:51,3,5573,no_evident_not_staff_wait_until_2am,not_kind_staff,"Task: decide if Proposition B contradicts Assumption A.

Steps:
1. A defends a claim (strip ""no_evident_not_"" / ""have_evident_"" to see it).
2. B states a fact.
3. Does B disprove A's claim? Same specific issue only, not just same topic.

Output pattern (always use this exact shape):
A: <phrase>
B: <phrase>
Answer: Yes/No

Examples:

A: no_evident_not_easy_check-in
B: customer_wait_10_minute_for_greet
Answer: Yes

A: no_evident_not_easy_check-in
B: no_one_give_key_on_late_check-in
Answer: No

A: no_evident_not_great_quality
B: shampoo_seem_cheap_considering_hotel_cost
Answer: Yes

A: no_evident_not_great_quality
B: expensive_hotel
Answer: No

Now answer for this pair. Output ONLY the final line ""Answer: Yes"" or ""Answer: No"" — no other text.

A: no_evident_not_staff_wait_until_2am
B: not_kind_staff
Answer:
","A: no_evident_not_staff_wait_until_2am
B: not_kind_staff
Answer: Yes"
2026-08-10 23:28:51,3,5905,no_evident_not_quiet_staff,staff_not_provide_good_solution,"Task: decide if Proposition B contradicts Assumption A.

Steps:
1. A defends a claim (strip ""no_evident_not_"" / ""have_evident_"" to see it).
2. B states a fact.
3. Does B disprove A's claim? Same specific issue only, not just same topic.

Output pattern (always use this exact shape):
A: <phrase>
B: <phrase>
Answer: Yes/No

Examples:

A: no_evident_not_easy_check-in
B: customer_wait_10_minute_for_greet
Answer: Yes

A: no_evident_not_easy_check-in
B: no_one_give_key_on_late_check-in
Answer: No

A: no_evident_not_great_quality
B: shampoo_seem_cheap_considering_hotel_cost
Answer: Yes

A: no_evident_not_great_quality
B: expensive_hotel
Answer: No

Now answer for this pair. Output ONLY the final line ""Answer: Yes"" or ""Answer: No"" — no other text.

A: no_evident_not_quiet_staff
B: staff_not_provide_good_solution
Answer:
","A: no_evident_not_quiet_staff
B: staff_not_provide_good_solution
Answer: Yes"
2026-08-10 23:28:51,3,939,no_evident_not_excellent_service,staff_not_speak_Cypriot_language,"Task: decide if Proposition B contradicts Assumption A.

Steps:
1. A defends a claim (strip ""no_evident_not_"" / ""have_evident_"" to see it).
2. B states a fact.
3. Does B disprove A's claim? Same specific issue only, not just same topic.

Output pattern (always use this exact shape):
A: <phrase>
B: <phrase>
Answer: Yes/No

Examples:

A: no_evident_not_easy_check-in
B: customer_wait_10_minute_for_greet
Answer: Yes

A: no_evident_not_easy_check-in
B: no_one_give_key_on_late_check-in
Answer: No

A: no_evident_not_great_quality
B: shampoo_seem_cheap_considering_hotel_cost
Answer: Yes

A: no_evident_not_great_quality
B: expensive_hotel
Answer: No

Now answer for this pair. Output ONLY the final line ""Answer: Yes"" or ""Answer: No"" — no other text.

A: no_evident_not_excellent_service
B: staff_not_speak_Cypriot_language
Answer:
","A: no_evident_not_excellent_service
B: staff_not_speak_Cypriot_language
Answer: Yes"
2026-08-10 23:28:52,3,5585,no_evident_not_staff_wait_until_2am,staff_not_speak_Cypriot_language,"Task: decide if Proposition B contradicts Assumption A.

Steps:
1. A defends a claim (strip ""no_evident_not_"" / ""have_evident_"" to see it).
2. B states a fact.
3. Does B disprove A's claim? Same specific issue only, not just same topic.

Output pattern (always use this exact shape):
A: <phrase>
B: <phrase>
Answer: Yes/No

Examples:

A: no_evident_not_easy_check-in
B: customer_wait_10_minute_for_greet
Answer: Yes

A: no_evident_not_easy_check-in
B: no_one_give_key_on_late_check-in
Answer: No

A: no_evident_not_great_quality
B: shampoo_seem_cheap_considering_hotel_cost
Answer: Yes

A: no_evident_not_great_quality
B: expensive_hotel
Answer: No

Now answer for this pair. Output ONLY the final line ""Answer: Yes"" or ""Answer: No"" — no other text.

A: no_evident_not_staff_wait_until_2am
B: staff_not_speak_Cypriot_language
Answer:
","A: no_evident_not_staff_wait_until_2am
B: staff_not_speak_Cypriot_language
Answer: Yes"
2026-08-10 23:28:52,3,4399,no_evident_not_can_speak_4_language,staff_need_keep_update,"Task: decide if Proposition B contradicts Assumption A.

Steps:
1. A defends a claim (strip ""no_evident_not_"" / ""have_evident_"" to see it).
2. B states a fact.
3. Does B disprove A's claim? Same specific issue only, not just same topic.

Output pattern (always use this exact shape):
A: <phrase>
B: <phrase>
Answer: Yes/No

Examples:

A: no_evident_not_easy_check-in
B: customer_wait_10_minute_for_greet
Answer: Yes

A: no_evident_not_easy_check-in
B: no_one_give_key_on_late_check-in
Answer: No

A: no_evident_not_great_quality
B: shampoo_seem_cheap_considering_hotel_cost
Answer: Yes

A: no_evident_not_great_quality
B: expensive_hotel
Answer: No

Now answer for this pair. Output ONLY the final line ""Answer: Yes"" or ""Answer: No"" — no other text.

A: no_evident_not_can_speak_4_language
B: staff_need_keep_update
Answer:
","A: no_evident_not_can_speak_4_language
B: staff_need_keep_update
Answer: No"
2026-08-10 23:28:53,3,6152,no_evident_not_warm_welcome_in_French,staff_cannot_provide_double_bed,"Task: decide if Proposition B contradicts Assumption A.

Steps:
1. A defends a claim (strip ""no_evident_not_"" / ""have_evident_"" to see it).
2. B states a fact.
3. Does B disprove A's claim? Same specific issue only, not just same topic.

Output pattern (always use this exact shape):
A: <phrase>
B: <phrase>
Answer: Yes/No

Examples:

A: no_evident_not_easy_check-in
B: customer_wait_10_minute_for_greet
Answer: Yes

A: no_evident_not_easy_check-in
B: no_one_give_key_on_late_check-in
Answer: No

A: no_evident_not_great_quality
B: shampoo_seem_cheap_considering_hotel_cost
Answer: Yes

A: no_evident_not_great_quality
B: expensive_hotel
Answer: No

Now answer for this pair. Output ONLY the final line ""Answer: Yes"" or ""Answer: No"" — no other text.

A: no_evident_not_warm_welcome_in_French
B: staff_cannot_provide_double_bed
Answer:
","A: no_evident_not_warm_welcome_in_French
B: staff_cannot_provide_double_bed
Answer: Yes"
2026-08-10 23:28:53,3,2186,no_evident_not_felt_like_home_staff,staff_not_speak_English_properly,"Task: decide if Proposition B contradicts Assumption A.

Steps:
1. A defends a claim (strip ""no_evident_not_"" / ""have_evident_"" to see it).
2. B states a fact.
3. Does B disprove A's claim? Same specific issue only, not just same topic.

Output pattern (always use this exact shape):
A: <phrase>
B: <phrase>
Answer: Yes/No

Examples:

A: no_evident_not_easy_check-in
B: customer_wait_10_minute_for_greet
Answer: Yes

A: no_evident_not_easy_check-in
B: no_one_give_key_on_late_check-in
Answer: No

A: no_evident_not_great_quality
B: shampoo_seem_cheap_considering_hotel_cost
Answer: Yes

A: no_evident_not_great_quality
B: expensive_hotel
Answer: No

Now answer for this pair. Output ONLY the final line ""Answer: Yes"" or ""Answer: No"" — no other text.

A: no_evident_not_felt_like_home_staff
B: staff_not_speak_English_properly
Answer:
","A: no_evident_not_felt_like_home_staff
B: staff_not_speak_English_properly
Answer: Yes"
2026-08-10 23:28:53,3,5251,no_evident_not_staff_confirm_arrival_time,not_kind_staff,"Task: decide if Proposition B contradicts Assumption A.

Steps:
1. A defends a claim (strip ""no_evident_not_"" / ""have_evident_"" to see it).
2. B states a fact.
3. Does B disprove A's claim? Same specific issue only, not just same topic.

Output pattern (always use this exact shape):
A: <phrase>
B: <phrase>
Answer: Yes/No

Examples:

A: no_evident_not_easy_check-in
B: customer_wait_10_minute_for_greet
Answer: Yes

A: no_evident_not_easy_check-in
B: no_one_give_key_on_late_check-in
Answer: No

A: no_evident_not_great_quality
B: shampoo_seem_cheap_considering_hotel_cost
Answer: Yes

A: no_evident_not_great_quality
B: expensive_hotel
Answer: No

Now answer for this pair. Output ONLY the final line ""Answer: Yes"" or ""Answer: No"" — no other text.

A: no_evident_not_staff_confirm_arrival_time
B: not_kind_staff
Answer:
","A: no_evident_not_staff_confirm_arrival_time
B: not_kind_staff
Answer: Yes"
2026-08-10 23:28:54,3,2787,no_evident_not_brilliant_communication_prior_arrival,staff_need_improve_organization,"Task: decide if Proposition B contradicts Assumption A.

Steps:
1. A defends a claim (strip ""no_evident_not_"" / ""have_evident_"" to see it).
2. B states a fact.
3. Does B disprove A's claim? Same specific issue only, not just same topic.

Output pattern (always use this exact shape):
A: <phrase>
B: <phrase>
Answer: Yes/No

Examples:

A: no_evident_not_easy_check-in
B: customer_wait_10_minute_for_greet
Answer: Yes

A: no_evident_not_easy_check-in
B: no_one_give_key_on_late_check-in
Answer: No

A: no_evident_not_great_quality
B: shampoo_seem_cheap_considering_hotel_cost
Answer: Yes

A: no_evident_not_great_quality
B: expensive_hotel
Answer: No

Now answer for this pair. Output ONLY the final line ""Answer: Yes"" or ""Answer: No"" — no other text.

A: no_evident_not_brilliant_communication_prior_arrival
B: staff_need_improve_organization
Answer:
","A: no_evident_not_brilliant_communication_prior_arrival
B: staff_need_improve_organization
Answer: Yes"
2026-08-10 23:28:54,3,914,no_evident_not_friendly_personal_staff,staff_not_provide_good_solution,"Task: decide if Proposition B contradicts Assumption A.

Steps:
1. A defends a claim (strip ""no_evident_not_"" / ""have_evident_"" to see it).
2. B states a fact.
3. Does B disprove A's claim? Same specific issue only, not just same topic.

Output pattern (always use this exact shape):
A: <phrase>
B: <phrase>
Answer: Yes/No

Examples:

A: no_evident_not_easy_check-in
B: customer_wait_10_minute_for_greet
Answer: Yes

A: no_evident_not_easy_check-in
B: no_one_give_key_on_late_check-in
Answer: No

A: no_evident_not_great_quality
B: shampoo_seem_cheap_considering_hotel_cost
Answer: Yes

A: no_evident_not_great_quality
B: expensive_hotel
Answer: No

Now answer for this pair. Output ONLY the final line ""Answer: Yes"" or ""Answer: No"" — no other text.

A: no_evident_not_friendly_personal_staff
B: staff_not_provide_good_solution
Answer:
","A: no_evident_not_friendly_personal_staff
B: staff_not_provide_good_solution
Answer: Yes"
2026-08-10 23:28:54,3,2405,no_evident_not_glad_to_help,staff_not_justify_booking_issue,"Task: decide if Proposition B contradicts Assumption A.

Steps:
1. A defends a claim (strip ""no_evident_not_"" / ""have_evident_"" to see it).
2. B states a fact.
3. Does B disprove A's claim? Same specific issue only, not just same topic.

Output pattern (always use this exact shape):
A: <phrase>
B: <phrase>
Answer: Yes/No

Examples:

A: no_evident_not_easy_check-in
B: customer_wait_10_minute_for_greet
Answer: Yes

A: no_evident_not_easy_check-in
B: no_one_give_key_on_late_check-in
Answer: No

A: no_evident_not_great_quality
B: shampoo_seem_cheap_considering_hotel_cost
Answer: Yes

A: no_evident_not_great_quality
B: expensive_hotel
Answer: No

Now answer for this pair. Output ONLY the final line ""Answer: Yes"" or ""Answer: No"" — no other text.

A: no_evident_not_glad_to_help
B: staff_not_justify_booking_issue
Answer:
","A: no_evident_not_glad_to-help
B: staff_not_justify_booking_issue
Answer: Yes"
2026-08-10 23:28:55,3,3562,no_evident_not_staff_offer_adapter,no_staff_at_night,"Task: decide if Proposition B contradicts Assumption A.

Steps:
1. A defends a claim (strip ""no_evident_not_"" / ""have_evident_"" to see it).
2. B states a fact.
3. Does B disprove A's claim? Same specific issue only, not just same topic.

Output pattern (always use this exact shape):
A: <phrase>
B: <phrase>
Answer: Yes/No

Examples:

A: no_evident_not_easy_check-in
B: customer_wait_10_minute_for_greet
Answer: Yes

A: no_evident_not_easy_check-in
B: no_one_give_key_on_late_check-in
Answer: No

A: no_evident_not_great_quality
B: shampoo_seem_cheap_considering_hotel_cost
Answer: Yes

A: no_evident_not_great_quality
B: expensive_hotel
Answer: No

Now answer for this pair. Output ONLY the final line ""Answer: Yes"" or ""Answer: No"" — no other text.

A: no_evident_not_staff_offer_adapter
B: no_staff_at_night
Answer:
","A: no_evident_not_staff_offer_adapter
B: no_staff_at_night
Answer: Yes"
2026-08-10 23:28:55,3,1296,no_evident_not_stored_luggage_for_us,no_empathy_staff,"Task: decide if Proposition B contradicts Assumption A.

Steps:
1. A defends a claim (strip ""no_evident_not_"" / ""have_evident_"" to see it).
2. B states a fact.
3. Does B disprove A's claim? Same specific issue only, not just same topic.

Output pattern (always use this exact shape):
A: <phrase>
B: <phrase>
Answer: Yes/No

Examples:

A: no_evident_not_easy_check-in
B: customer_wait_10_minute_for_greet
Answer: Yes

A: no_evident_not_easy_check-in
B: no_one_give_key_on_late_check-in
Answer: No

A: no_evident_not_great_quality
B: shampoo_seem_cheap_considering_hotel_cost
Answer: Yes

A: no_evident_not_great_quality
B: expensive_hotel
Answer: No

Now answer for this pair. Output ONLY the final line ""Answer: Yes"" or ""Answer: No"" — no other text.

A: no_evident_not_stored_luggage_for_us
B: no_empathy_staff
Answer:
","A: no_evident_not_stored_luggage_for_us
B: no_empathy_staff
Answer: Yes"
2026-08-10 23:28:56,3,3717,no_evident_not_knowledgeable_staff,staff_charge_for_cancellation_while_no_cancellation_charge_in_Booking.com,"Task: decide if Proposition B contradicts Assumption A.

Steps:
1. A defends a claim (strip ""no_evident_not_"" / ""have_evident_"" to see it).
2. B states a fact.
3. Does B disprove A's claim? Same specific issue only, not just same topic.

Output pattern (always use this exact shape):
A: <phrase>
B: <phrase>
Answer: Yes/No

Examples:

A: no_evident_not_easy_check-in
B: customer_wait_10_minute_for_greet
Answer: Yes

A: no_evident_not_easy_check-in
B: no_one_give_key_on_late_check-in
Answer: No

A: no_evident_not_great_quality
B: shampoo_seem_cheap_considering_hotel_cost
Answer: Yes

A: no_evident_not_great_quality
B: expensive_hotel
Answer: No

Now answer for this pair. Output ONLY the final line ""Answer: Yes"" or ""Answer: No"" — no other text.

A: no_evident_not_knowledgeable_staff
B: staff_charge_for_cancellation_while_no_cancellation_charge_in_Booking.com
Answer:
","A: no_evident_not_knowledgeable_staff
B: staff_charge_for_cancellation_while_no_cancellation_charge_in_Booking.com
Answer: Yes"
2026-08-10 23:28:56,3,27,no_evident_not_easy_to_communicate_with,staff_need_improve_organization,"Task: decide if Proposition B contradicts Assumption A.

Steps:
1. A defends a claim (strip ""no_evident_not_"" / ""have_evident_"" to see it).
2. B states a fact.
3. Does B disprove A's claim? Same specific issue only, not just same topic.

Output pattern (always use this exact shape):
A: <phrase>
B: <phrase>
Answer: Yes/No

Examples:

A: no_evident_not_easy_check-in
B: customer_wait_10_minute_for_greet
Answer: Yes

A: no_evident_not_easy_check-in
B: no_one_give_key_on_late_check-in
Answer: No

A: no_evident_not_great_quality
B: shampoo_seem_cheap_considering_hotel_cost
Answer: Yes

A: no_evident_not_great_quality
B: expensive_hotel
Answer: No

Now answer for this pair. Output ONLY the final line ""Answer: Yes"" or ""Answer: No"" — no other text.

A: no_evident_not_easy_to_communicate_with
B: staff_need_improve_organization
Answer:
",Answer: Yes
2026-08-10 23:28:56,3,5916,no_evident_not_top_staff,staff_need_improve_collaboration,"Task: decide if Proposition B contradicts Assumption A.

Steps:
1. A defends a claim (strip ""no_evident_not_"" / ""have_evident_"" to see it).
2. B states a fact.
3. Does B disprove A's claim? Same specific issue only, not just same topic.

Output pattern (always use this exact shape):
A: <phrase>
B: <phrase>
Answer: Yes/No

Examples:

A: no_evident_not_easy_check-in
B: customer_wait_10_minute_for_greet
Answer: Yes

A: no_evident_not_easy_check-in
B: no_one_give_key_on_late_check-in
Answer: No

A: no_evident_not_great_quality
B: shampoo_seem_cheap_considering_hotel_cost
Answer: Yes

A: no_evident_not_great_quality
B: expensive_hotel
Answer: No

Now answer for this pair. Output ONLY the final line ""Answer: Yes"" or ""Answer: No"" — no other text.

A: no_evident_not_top_staff
B: staff_need_improve_collaboration
Answer:
",Answer: Yes
2026-08-10 23:28:56,3,5896,no_evident_not_quiet_staff,no_empathy_staff,"Task: decide if Proposition B contradicts Assumption A.

Steps:
1. A defends a claim (strip ""no_evident_not_"" / ""have_evident_"" to see it).
2. B states a fact.
3. Does B disprove A's claim? Same specific issue only, not just same topic.

Output pattern (always use this exact shape):
A: <phrase>
B: <phrase>
Answer: Yes/No

Examples:

A: no_evident_not_easy_check-in
B: customer_wait_10_minute_for_greet
Answer: Yes

A: no_evident_not_easy_check-in
B: no_one_give_key_on_late_check-in
Answer: No

A: no_evident_not_great_quality
B: shampoo_seem_cheap_considering_hotel_cost
Answer: Yes

A: no_evident_not_great_quality
B: expensive_hotel
Answer: No

Now answer for this pair. Output ONLY the final line ""Answer: Yes"" or ""Answer: No"" — no other text.

A: no_evident_not_quiet_staff
B: no_empathy_staff
Answer:
","A: no_evident_not_quiet_staff
B: no_empathy_staff
Answer: Yes"
2026-08-10 23:28:57,3,2158,no_evident_not_staff_responsive_to_pre-arrival_question,staff_not_speak_Cypriot_language,"Task: decide if Proposition B contradicts Assumption A.

Steps:
1. A defends a claim (strip ""no_evident_not_"" / ""have_evident_"" to see it).
2. B states a fact.
3. Does B disprove A's claim? Same specific issue only, not just same topic.

Output pattern (always use this exact shape):
A: <phrase>
B: <phrase>
Answer: Yes/No

Examples:

A: no_evident_not_easy_check-in
B: customer_wait_10_minute_for_greet
Answer: Yes

A: no_evident_not_easy_check-in
B: no_one_give_key_on_late_check-in
Answer: No

A: no_evident_not_great_quality
B: shampoo_seem_cheap_considering_hotel_cost
Answer: Yes

A: no_evident_not_great_quality
B: expensive_hotel
Answer: No

Now answer for this pair. Output ONLY the final line ""Answer: Yes"" or ""Answer: No"" — no other text.

A: no_evident_not_staff_responsive_to_pre-arrival_question
B: staff_not_speak_Cypriot_language
Answer:
","A: no_evident_not_staff_responsive_to_pre-arrival_question
B: staff_not_speak_Cypriot_language
Answer: Yes"
2026-08-10 23:28:57,3,4101,no_evident_not_staff_recommend_place_in_city,not_kind_staff,"Task: decide if Proposition B contradicts Assumption A.

Steps:
1. A defends a claim (strip ""no_evident_not_"" / ""have_evident_"" to see it).
2. B states a fact.
3. Does B disprove A's claim? Same specific issue only, not just same topic.

Output pattern (always use this exact shape):
A: <phrase>
B: <phrase>
Answer: Yes/No

Examples:

A: no_evident_not_easy_check-in
B: customer_wait_10_minute_for_greet
Answer: Yes

A: no_evident_not_easy_check-in
B: no_one_give_key_on_late_check-in
Answer: No

A: no_evident_not_great_quality
B: shampoo_seem_cheap_considering_hotel_cost
Answer: Yes

A: no_evident_not_great_quality
B: expensive_hotel
Answer: No

Now answer for this pair. Output ONLY the final line ""Answer: Yes"" or ""Answer: No"" — no other text.

A: no_evident_not_staff_recommend_place_in_city
B: not_kind_staff
Answer:
","A: no_evident_not_staff_recommend_place_in_city
B: not_kind_staff
Answer: Yes"
2026-08-10 23:28:57,3,6242,no_evident_not_warm_service_staff,staff_fail_to_communicate_with_taxi,"Task: decide if Proposition B contradicts Assumption A.

Steps:
1. A defends a claim (strip ""no_evident_not_"" / ""have_evident_"" to see it).
2. B states a fact.
3. Does B disprove A's claim? Same specific issue only, not just same topic.

Output pattern (always use this exact shape):
A: <phrase>
B: <phrase>
Answer: Yes/No

Examples:

A: no_evident_not_easy_check-in
B: customer_wait_10_minute_for_greet
Answer: Yes

A: no_evident_not_easy_check-in
B: no_one_give_key_on_late_check-in
Answer: No

A: no_evident_not_great_quality
B: shampoo_seem_cheap_considering_hotel_cost
Answer: Yes

A: no_evident_not_great_quality
B: expensive_hotel
Answer: No

Now answer for this pair. Output ONLY the final line ""Answer: Yes"" or ""Answer: No"" — no other text.

A: no_evident_not_warm_service_staff
B: staff_fail_to_communicate_with_taxi
Answer:
","A: no_evident_not_warm_service_staff
B: staff_fail_to_communicate_with_taxi
Answer: Yes"
2026-08-10 23:28:58,3,1464,no_evident_not_staff_make_difference,staff_enforce_cancellation_charge,"Task: decide if Proposition B contradicts Assumption A.

Steps:
1. A defends a claim (strip ""no_evident_not_"" / ""have_evident_"" to see it).
2. B states a fact.
3. Does B disprove A's claim? Same specific issue only, not just same topic.

Output pattern (always use this exact shape):
A: <phrase>
B: <phrase>
Answer: Yes/No

Examples:

A: no_evident_not_easy_check-in
B: customer_wait_10_minute_for_greet
Answer: Yes

A: no_evident_not_easy_check-in
B: no_one_give_key_on_late_check-in
Answer: No

A: no_evident_not_great_quality
B: shampoo_seem_cheap_considering_hotel_cost
Answer: Yes

A: no_evident_not_great_quality
B: expensive_hotel
Answer: No

Now answer for this pair. Output ONLY the final line ""Answer: Yes"" or ""Answer: No"" — no other text.

A: no_evident_not_staff_make_difference
B: staff_enforce_cancellation_charge
Answer:
","A: no_evident_not_staff_make_difference
B: staff_enforce_cancellation_charge
Answer: Yes"
2026-08-10 23:28:58,3,4159,no_evident_not_staff_help_with_car_rental,staff_not_speak_Cypriot_language,"Task: decide if Proposition B contradicts Assumption A.

Steps:
1. A defends a claim (strip ""no_evident_not_"" / ""have_evident_"" to see it).
2. B states a fact.
3. Does B disprove A's claim? Same specific issue only, not just same topic.

Output pattern (always use this exact shape):
A: <phrase>
B: <phrase>
Answer: Yes/No

Examples:

A: no_evident_not_easy_check-in
B: customer_wait_10_minute_for_greet
Answer: Yes

A: no_evident_not_easy_check-in
B: no_one_give_key_on_late_check-in
Answer: No

A: no_evident_not_great_quality
B: shampoo_seem_cheap_considering_hotel_cost
Answer: Yes

A: no_evident_not_great_quality
B: expensive_hotel
Answer: No

Now answer for this pair. Output ONLY the final line ""Answer: Yes"" or ""Answer: No"" — no other text.

A: no_evident_not_staff_help_with_car_rental
B: staff_not_speak_Cypriot_language
Answer:
","A: no_evident_not_staff_help_with_car_rental
B: staff_not_speak_Cypriot_language
Answer: Yes"
2026-08-10 23:28:58,3,872,no_evident_not_eager_to_assist,staff_not_understand_English_well,"Task: decide if Proposition B contradicts Assumption A.

Steps:
1. A defends a claim (strip ""no_evident_not_"" / ""have_evident_"" to see it).
2. B states a fact.
3. Does B disprove A's claim? Same specific issue only, not just same topic.

Output pattern (always use this exact shape):
A: <phrase>
B: <phrase>
Answer: Yes/No

Examples:

A: no_evident_not_easy_check-in
B: customer_wait_10_minute_for_greet
Answer: Yes

A: no_evident_not_easy_check-in
B: no_one_give_key_on_late_check-in
Answer: No

A: no_evident_not_great_quality
B: shampoo_seem_cheap_considering_hotel_cost
Answer: Yes

A: no_evident_not_great_quality
B: expensive_hotel
Answer: No

Now answer for this pair. Output ONLY the final line ""Answer: Yes"" or ""Answer: No"" — no other text.

A: no_evident_not_eager_to_assist
B: staff_not_understand_English_well
Answer:
","A: no_evident_not_eager_to-assist
B: staff_not_understand_English_well
Answer: Yes"
2026-08-10 23:28:59,3,5123,no_evident_not_soulful_atmosphere_staff,staff_not_provide_good_solution,"Task: decide if Proposition B contradicts Assumption A.

Steps:
1. A defends a claim (strip ""no_evident_not_"" / ""have_evident_"" to see it).
2. B states a fact.
3. Does B disprove A's claim? Same specific issue only, not just same topic.

Output pattern (always use this exact shape):
A: <phrase>
B: <phrase>
Answer: Yes/No

Examples:

A: no_evident_not_easy_check-in
B: customer_wait_10_minute_for_greet
Answer: Yes

A: no_evident_not_easy_check-in
B: no_one_give_key_on_late_check-in
Answer: No

A: no_evident_not_great_quality
B: shampoo_seem_cheap_considering_hotel_cost
Answer: Yes

A: no_evident_not_great_quality
B: expensive_hotel
Answer: No

Now answer for this pair. Output ONLY the final line ""Answer: Yes"" or ""Answer: No"" — no other text.

A: no_evident_not_soulful_atmosphere_staff
B: staff_not_provide_good_solution
Answer:
","A: no_evident_not_soulful_atmosphere_staff
B: staff_not_provide_good_solution
Answer: Yes"
2026-08-10 23:28:59,3,2445,no_evident_not_quick_response_staff,not_kind_staff,"Task: decide if Proposition B contradicts Assumption A.

Steps:
1. A defends a claim (strip ""no_evident_not_"" / ""have_evident_"" to see it).
2. B states a fact.
3. Does B disprove A's claim? Same specific issue only, not just same topic.

Output pattern (always use this exact shape):
A: <phrase>
B: <phrase>
Answer: Yes/No

Examples:

A: no_evident_not_easy_check-in
B: customer_wait_10_minute_for_greet
Answer: Yes

A: no_evident_not_easy_check-in
B: no_one_give_key_on_late_check-in
Answer: No

A: no_evident_not_great_quality
B: shampoo_seem_cheap_considering_hotel_cost
Answer: Yes

A: no_evident_not_great_quality
B: expensive_hotel
Answer: No

Now answer for this pair. Output ONLY the final line ""Answer: Yes"" or ""Answer: No"" — no other text.

A: no_evident_not_quick_response_staff
B: not_kind_staff
Answer:
",Answer: Yes
2026-08-10 23:28:59,3,5235,no_evident_not_staff_give_pleasant_feeling,staff_charge_for_cancellation_while_no_cancellation_charge_in_Booking.com,"Task: decide if Proposition B contradicts Assumption A.

Steps:
1. A defends a claim (strip ""no_evident_not_"" / ""have_evident_"" to see it).
2. B states a fact.
3. Does B disprove A's claim? Same specific issue only, not just same topic.

Output pattern (always use this exact shape):
A: <phrase>
B: <phrase>
Answer: Yes/No

Examples:

A: no_evident_not_easy_check-in
B: customer_wait_10_minute_for_greet
Answer: Yes

A: no_evident_not_easy_check-in
B: no_one_give_key_on_late_check-in
Answer: No

A: no_evident_not_great_quality
B: shampoo_seem_cheap_considering_hotel_cost
Answer: Yes

A: no_evident_not_great_quality
B: expensive_hotel
Answer: No

Now answer for this pair. Output ONLY the final line ""Answer: Yes"" or ""Answer: No"" — no other text.

A: no_evident_not_staff_give_pleasant_feeling
B: staff_charge_for_cancellation_while_no_cancellation_charge_in_Booking.com
Answer:
","A: no_evident_not_staff_give_pleasant_feeling
B: staff_charge_for_cancellation_while_no_cancellation_charge_in_Booking.com
Answer: Yes"
2026-08-10 23:29:00,3,4989,no_evident_not_advising_staff,staff_not_understand_English_well,"Task: decide if Proposition B contradicts Assumption A.

Steps:
1. A defends a claim (strip ""no_evident_not_"" / ""have_evident_"" to see it).
2. B states a fact.
3. Does B disprove A's claim? Same specific issue only, not just same topic.

Output pattern (always use this exact shape):
A: <phrase>
B: <phrase>
Answer: Yes/No

Examples:

A: no_evident_not_easy_check-in
B: customer_wait_10_minute_for_greet
Answer: Yes

A: no_evident_not_easy_check-in
B: no_one_give_key_on_late_check-in
Answer: No

A: no_evident_not_great_quality
B: shampoo_seem_cheap_considering_hotel_cost
Answer: Yes

A: no_evident_not_great_quality
B: expensive_hotel
Answer: No

Now answer for this pair. Output ONLY the final line ""Answer: Yes"" or ""Answer: No"" — no other text.

A: no_evident_not_advising_staff
B: staff_not_understand_English_well
Answer:
","A: no_evident_not_advising_staff
B: staff_not_understand_English_well
Answer: Yes"
2026-08-10 23:29:00,3,1630,no_evident_not_pleasant_staff,no_staff_at_night,"Task: decide if Proposition B contradicts Assumption A.

Steps:
1. A defends a claim (strip ""no_evident_not_"" / ""have_evident_"" to see it).
2. B states a fact.
3. Does B disprove A's claim? Same specific issue only, not just same topic.

Output pattern (always use this exact shape):
A: <phrase>
B: <phrase>
Answer: Yes/No

Examples:

A: no_evident_not_easy_check-in
B: customer_wait_10_minute_for_greet
Answer: Yes

A: no_evident_not_easy_check-in
B: no_one_give_key_on_late_check-in
Answer: No

A: no_evident_not_great_quality
B: shampoo_seem_cheap_considering_hotel_cost
Answer: Yes

A: no_evident_not_great_quality
B: expensive_hotel
Answer: No

Now answer for this pair. Output ONLY the final line ""Answer: Yes"" or ""Answer: No"" — no other text.

A: no_evident_not_pleasant_staff
B: no_staff_at_night
Answer:
","A: no_evident_not_pleasant_staff
B: no_staff_at_night
Answer: Yes"
2026-08-10 23:29:00,3,3064,no_evident_not_great_management,staff_need_improve_collaboration,"Task: decide if Proposition B contradicts Assumption A.

Steps:
1. A defends a claim (strip ""no_evident_not_"" / ""have_evident_"" to see it).
2. B states a fact.
3. Does B disprove A's claim? Same specific issue only, not just same topic.

Output pattern (always use this exact shape):
A: <phrase>
B: <phrase>
Answer: Yes/No

Examples:

A: no_evident_not_easy_check-in
B: customer_wait_10_minute_for_greet
Answer: Yes

A: no_evident_not_easy_check-in
B: no_one_give_key_on_late_check-in
Answer: No

A: no_evident_not_great_quality
B: shampoo_seem_cheap_considering_hotel_cost
Answer: Yes

A: no_evident_not_great_quality
B: expensive_hotel
Answer: No

Now answer for this pair. Output ONLY the final line ""Answer: Yes"" or ""Answer: No"" — no other text.

A: no_evident_not_great_management
B: staff_need_improve_collaboration
Answer:
",Answer: No
2026-08-10 23:29:01,3,6247,no_evident_not_warm_service_staff,staff_charge_for_cancellation_while_no_cancellation_charge_in_Booking.com,"Task: decide if Proposition B contradicts Assumption A.

Steps:
1. A defends a claim (strip ""no_evident_not_"" / ""have_evident_"" to see it).
2. B states a fact.
3. Does B disprove A's claim? Same specific issue only, not just same topic.

Output pattern (always use this exact shape):
A: <phrase>
B: <phrase>
Answer: Yes/No

Examples:

A: no_evident_not_easy_check-in
B: customer_wait_10_minute_for_greet
Answer: Yes

A: no_evident_not_easy_check-in
B: no_one_give_key_on_late_check-in
Answer: No

A: no_evident_not_great_quality
B: shampoo_seem_cheap_considering_hotel_cost
Answer: Yes

A: no_evident_not_great_quality
B: expensive_hotel
Answer: No

Now answer for this pair. Output ONLY the final line ""Answer: Yes"" or ""Answer: No"" — no other text.

A: no_evident_not_warm_service_staff
B: staff_charge_for_cancellation_while_no_cancellation_charge_in_Booking.com
Answer:
","A: no_evident_not_warm_service_staff
B: staff_charge_for_cancellation_while_no_cancellation_charge_in_Booking.com
Answer: Yes"
2026-08-10 23:29:01,3,1324,no_evident_not_staff_call_taxi_for_us,staff_not_justify_booking_issue,"Task: decide if Proposition B contradicts Assumption A.

Steps:
1. A defends a claim (strip ""no_evident_not_"" / ""have_evident_"" to see it).
2. B states a fact.
3. Does B disprove A's claim? Same specific issue only, not just same topic.

Output pattern (always use this exact shape):
A: <phrase>
B: <phrase>
Answer: Yes/No

Examples:

A: no_evident_not_easy_check-in
B: customer_wait_10_minute_for_greet
Answer: Yes

A: no_evident_not_easy_check-in
B: no_one_give_key_on_late_check-in
Answer: No

A: no_evident_not_great_quality
B: shampoo_seem_cheap_considering_hotel_cost
Answer: Yes

A: no_evident_not_great_quality
B: expensive_hotel
Answer: No

Now answer for this pair. Output ONLY the final line ""Answer: Yes"" or ""Answer: No"" — no other text.

A: no_evident_not_staff_call_taxi_for_us
B: staff_not_justify_booking_issue
Answer:
","A: no_evident_not_staff_call_taxi_for_us
B: staff_not_justify_booking_issue
Answer: Yes"
2026-08-10 23:29:01,3,4419,no_evident_not_can_speak_Greek,staff_should_learn_better_English,"Task: decide if Proposition B contradicts Assumption A.

Steps:
1. A defends a claim (strip ""no_evident_not_"" / ""have_evident_"" to see it).
2. B states a fact.
3. Does B disprove A's claim? Same specific issue only, not just same topic.

Output pattern (always use this exact shape):
A: <phrase>
B: <phrase>
Answer: Yes/No

Examples:

A: no_evident_not_easy_check-in
B: customer_wait_10_minute_for_greet
Answer: Yes

A: no_evident_not_easy_check-in
B: no_one_give_key_on_late_check-in
Answer: No

A: no_evident_not_great_quality
B: shampoo_seem_cheap_considering_hotel_cost
Answer: Yes

A: no_evident_not_great_quality
B: expensive_hotel
Answer: No

Now answer for this pair. Output ONLY the final line ""Answer: Yes"" or ""Answer: No"" — no other text.

A: no_evident_not_can_speak_Greek
B: staff_should_learn_better_English
Answer:
",Answer: Yes
2026-08-10 23:29:02,3,4345,no_evident_not_staff_give_free_room_upgrade_to_superior_room,staff_not_understand_English_well,"Task: decide if Proposition B contradicts Assumption A.

Steps:
1. A defends a claim (strip ""no_evident_not_"" / ""have_evident_"" to see it).
2. B states a fact.
3. Does B disprove A's claim? Same specific issue only, not just same topic.

Output pattern (always use this exact shape):
A: <phrase>
B: <phrase>
Answer: Yes/No

Examples:

A: no_evident_not_easy_check-in
B: customer_wait_10_minute_for_greet
Answer: Yes

A: no_evident_not_easy_check-in
B: no_one_give_key_on_late_check-in
Answer: No

A: no_evident_not_great_quality
B: shampoo_seem_cheap_considering_hotel_cost
Answer: Yes

A: no_evident_not_great_quality
B: expensive_hotel
Answer: No

Now answer for this pair. Output ONLY the final line ""Answer: Yes"" or ""Answer: No"" — no other text.

A: no_evident_not_staff_give_free_room_upgrade_to_superior_room
B: staff_not_understand_English_well
Answer:
","A: no_evident_not_staff_give_free_room_upgrade_to_superior_room
B: staff_not_understand_English_well
Answer: Yes"
2026-08-10 23:29:02,3,5,no_evident_not_helpful_staff,staff_need_improve_collaboration,"Task: decide if Proposition B contradicts Assumption A.

Steps:
1. A defends a claim (strip ""no_evident_not_"" / ""have_evident_"" to see it).
2. B states a fact.
3. Does B disprove A's claim? Same specific issue only, not just same topic.

Output pattern (always use this exact shape):
A: <phrase>
B: <phrase>
Answer: Yes/No

Examples:

A: no_evident_not_easy_check-in
B: customer_wait_10_minute_for_greet
Answer: Yes

A: no_evident_not_easy_check-in
B: no_one_give_key_on_late_check-in
Answer: No

A: no_evident_not_great_quality
B: shampoo_seem_cheap_considering_hotel_cost
Answer: Yes

A: no_evident_not_great_quality
B: expensive_hotel
Answer: No

Now answer for this pair. Output ONLY the final line ""Answer: Yes"" or ""Answer: No"" — no other text.

A: no_evident_not_helpful_staff
B: staff_need_improve_collaboration
Answer:
",Answer: Yes
2026-08-10 23:29:02,3,4907,no_evident_not_staff_take_care_for_adapter,no_empathy_staff,"Task: decide if Proposition B contradicts Assumption A.

Steps:
1. A defends a claim (strip ""no_evident_not_"" / ""have_evident_"" to see it).
2. B states a fact.
3. Does B disprove A's claim? Same specific issue only, not just same topic.

Output pattern (always use this exact shape):
A: <phrase>
B: <phrase>
Answer: Yes/No

Examples:

A: no_evident_not_easy_check-in
B: customer_wait_10_minute_for_greet
Answer: Yes

A: no_evident_not_easy_check-in
B: no_one_give_key_on_late_check-in
Answer: No

A: no_evident_not_great_quality
B: shampoo_seem_cheap_considering_hotel_cost
Answer: Yes

A: no_evident_not_great_quality
B: expensive_hotel
Answer: No

Now answer for this pair. Output ONLY the final line ""Answer: Yes"" or ""Answer: No"" — no other text.

A: no_evident_not_staff_take_care_for_adapter
B: no_empathy_staff
Answer:
","A: no_evident_not_staff_take_care_for_adapter
B: no_empathy_staff
Answer: Yes"
2026-08-10 23:29:02,3,2656,no_evident_not_staff_help_any_possible_way,staff_cannot_provide_double_bed,"Task: decide if Proposition B contradicts Assumption A.

Steps:
1. A defends a claim (strip ""no_evident_not_"" / ""have_evident_"" to see it).
2. B states a fact.
3. Does B disprove A's claim? Same specific issue only, not just same topic.

Output pattern (always use this exact shape):
A: <phrase>
B: <phrase>
Answer: Yes/No

Examples:

A: no_evident_not_easy_check-in
B: customer_wait_10_minute_for_greet
Answer: Yes

A: no_evident_not_easy_check-in
B: no_one_give_key_on_late_check-in
Answer: No

A: no_evident_not_great_quality
B: shampoo_seem_cheap_considering_hotel_cost
Answer: Yes

A: no_evident_not_great_quality
B: expensive_hotel
Answer: No

Now answer for this pair. Output ONLY the final line ""Answer: Yes"" or ""Answer: No"" — no other text.

A: no_evident_not_staff_help_any_possible_way
B: staff_cannot_provide_double_bed
Answer:
","A: no_evident_not_staff_help_any_possible_way
B: staff_cannot_provide_double_bed
Answer: Yes"
2026-08-10 23:29:03,3,4003,no_evident_not_staff_help_any_question,staff_not_speak_English_properly,"Task: decide if Proposition B contradicts Assumption A.

Steps:
1. A defends a claim (strip ""no_evident_not_"" / ""have_evident_"" to see it).
2. B states a fact.
3. Does B disprove A's claim? Same specific issue only, not just same topic.

Output pattern (always use this exact shape):
A: <phrase>
B: <phrase>
Answer: Yes/No

Examples:

A: no_evident_not_easy_check-in
B: customer_wait_10_minute_for_greet
Answer: Yes

A: no_evident_not_easy_check-in
B: no_one_give_key_on_late_check-in
Answer: No

A: no_evident_not_great_quality
B: shampoo_seem_cheap_considering_hotel_cost
Answer: Yes

A: no_evident_not_great_quality
B: expensive_hotel
Answer: No

Now answer for this pair. Output ONLY the final line ""Answer: Yes"" or ""Answer: No"" — no other text.

A: no_evident_not_staff_help_any_question
B: staff_not_speak_English_properly
Answer:
","A: no_evident_not_staff_help_any_question
B: staff_not_speak_English_properly
Answer: Yes"
2026-08-10 23:29:03,3,160,no_evident_not_staff_show_how_nearby_bus_take_to_airport,staff_cannot_give_bus_to_airport_information,"Task: decide if Proposition B contradicts Assumption A.

Steps:
1. A defends a claim (strip ""no_evident_not_"" / ""have_evident_"" to see it).
2. B states a fact.
3. Does B disprove A's claim? Same specific issue only, not just same topic.

Output pattern (always use this exact shape):
A: <phrase>
B: <phrase>
Answer: Yes/No

Examples:

A: no_evident_not_easy_check-in
B: customer_wait_10_minute_for_greet
Answer: Yes

A: no_evident_not_easy_check-in
B: no_one_give_key_on_late_check-in
Answer: No

A: no_evident_not_great_quality
B: shampoo_seem_cheap_considering_hotel_cost
Answer: Yes

A: no_evident_not_great_quality
B: expensive_hotel
Answer: No

Now answer for this pair. Output ONLY the final line ""Answer: Yes"" or ""Answer: No"" — no other text.

A: no_evident_not_staff_show_how_nearby_bus_take_to_airport
B: staff_cannot_give_bus_to_airport_information
Answer:
","A: no_evident_not_staff_show_how_nearby_bus_take_to_airport
B: staff_cannot_give_bus_to_airport_information
Answer: Yes"
2026-08-10 23:29:04,3,917,no_evident_not_friendly_personal_staff,no_staff_at_night,"Task: decide if Proposition B contradicts Assumption A.

Steps:
1. A defends a claim (strip ""no_evident_not_"" / ""have_evident_"" to see it).
2. B states a fact.
3. Does B disprove A's claim? Same specific issue only, not just same topic.

Output pattern (always use this exact shape):
A: <phrase>
B: <phrase>
Answer: Yes/No

Examples:

A: no_evident_not_easy_check-in
B: customer_wait_10_minute_for_greet
Answer: Yes

A: no_evident_not_easy_check-in
B: no_one_give_key_on_late_check-in
Answer: No

A: no_evident_not_great_quality
B: shampoo_seem_cheap_considering_hotel_cost
Answer: Yes

A: no_evident_not_great_quality
B: expensive_hotel
Answer: No

Now answer for this pair. Output ONLY the final line ""Answer: Yes"" or ""Answer: No"" — no other text.

A: no_evident_not_friendly_personal_staff
B: no_staff_at_night
Answer:
","A: no_evident_not_friendly_personal_staff
B: no_staff_at_night
Answer: Yes"
2026-08-10 23:29:04,3,2974,no_evident_not_staff_help_with_taxi,not_kind_staff,"Task: decide if Proposition B contradicts Assumption A.

Steps:
1. A defends a claim (strip ""no_evident_not_"" / ""have_evident_"" to see it).
2. B states a fact.
3. Does B disprove A's claim? Same specific issue only, not just same topic.

Output pattern (always use this exact shape):
A: <phrase>
B: <phrase>
Answer: Yes/No

Examples:

A: no_evident_not_easy_check-in
B: customer_wait_10_minute_for_greet
Answer: Yes

A: no_evident_not_easy_check-in
B: no_one_give_key_on_late_check-in
Answer: No

A: no_evident_not_great_quality
B: shampoo_seem_cheap_considering_hotel_cost
Answer: Yes

A: no_evident_not_great_quality
B: expensive_hotel
Answer: No

Now answer for this pair. Output ONLY the final line ""Answer: Yes"" or ""Answer: No"" — no other text.

A: no_evident_not_staff_help_with_taxi
B: not_kind_staff
Answer:
","A: no_evident_not_staff_help_with_taxi
B: not_kind_staff
Answer: Yes"
2026-08-10 23:29:04,3,2520,no_evident_not_staff_make_room_ready_early,staff_not_justify_booking_issue,"Task: decide if Proposition B contradicts Assumption A.

Steps:
1. A defends a claim (strip ""no_evident_not_"" / ""have_evident_"" to see it).
2. B states a fact.
3. Does B disprove A's claim? Same specific issue only, not just same topic.

Output pattern (always use this exact shape):
A: <phrase>
B: <phrase>
Answer: Yes/No

Examples:

A: no_evident_not_easy_check-in
B: customer_wait_10_minute_for_greet
Answer: Yes

A: no_evident_not_easy_check-in
B: no_one_give_key_on_late_check-in
Answer: No

A: no_evident_not_great_quality
B: shampoo_seem_cheap_considering_hotel_cost
Answer: Yes

A: no_evident_not_great_quality
B: expensive_hotel
Answer: No

Now answer for this pair. Output ONLY the final line ""Answer: Yes"" or ""Answer: No"" — no other text.

A: no_evident_not_staff_make_room_ready_early
B: staff_not_justify_booking_issue
Answer:
","A: no_evident_not_staff_make_room_ready_early
B: staff_not_justify_booking_issue
Answer: Yes"
2026-08-10 23:29:05,3,1962,no_evident_not_staff_arrange_taxi_from_airport,not_kind_staff,"Task: decide if Proposition B contradicts Assumption A.

Steps:
1. A defends a claim (strip ""no_evident_not_"" / ""have_evident_"" to see it).
2. B states a fact.
3. Does B disprove A's claim? Same specific issue only, not just same topic.

Output pattern (always use this exact shape):
A: <phrase>
B: <phrase>
Answer: Yes/No

Examples:

A: no_evident_not_easy_check-in
B: customer_wait_10_minute_for_greet
Answer: Yes

A: no_evident_not_easy_check-in
B: no_one_give_key_on_late_check-in
Answer: No

A: no_evident_not_great_quality
B: shampoo_seem_cheap_considering_hotel_cost
Answer: Yes

A: no_evident_not_great_quality
B: expensive_hotel
Answer: No

Now answer for this pair. Output ONLY the final line ""Answer: Yes"" or ""Answer: No"" — no other text.

A: no_evident_not_staff_arrange_taxi_from_airport
B: not_kind_staff
Answer:
","A: no_evident_not_staff_arrange_taxi_from_airport
B: not_kind_staff
Answer: Yes"
2026-08-10 23:29:05,3,475,no_evident_not_staff_bring_back,staff_enforce_cancellation_charge,"Task: decide if Proposition B contradicts Assumption A.

Steps:
1. A defends a claim (strip ""no_evident_not_"" / ""have_evident_"" to see it).
2. B states a fact.
3. Does B disprove A's claim? Same specific issue only, not just same topic.

Output pattern (always use this exact shape):
A: <phrase>
B: <phrase>
Answer: Yes/No

Examples:

A: no_evident_not_easy_check-in
B: customer_wait_10_minute_for_greet
Answer: Yes

A: no_evident_not_easy_check-in
B: no_one_give_key_on_late_check-in
Answer: No

A: no_evident_not_great_quality
B: shampoo_seem_cheap_considering_hotel_cost
Answer: Yes

A: no_evident_not_great_quality
B: expensive_hotel
Answer: No

Now answer for this pair. Output ONLY the final line ""Answer: Yes"" or ""Answer: No"" — no other text.

A: no_evident_not_staff_bring_back
B: staff_enforce_cancellation_charge
Answer:
","A: no_evident_not_staff_bring_back
B: staff_enforce_cancellation_charge
Answer: Yes"
2026-08-10 23:29:06,3,1974,no_evident_not_staff_arrange_taxi_from_airport,staff_not_speak_Cypriot_language,"Task: decide if Proposition B contradicts Assumption A.

Steps:
1. A defends a claim (strip ""no_evident_not_"" / ""have_evident_"" to see it).
2. B states a fact.
3. Does B disprove A's claim? Same specific issue only, not just same topic.

Output pattern (always use this exact shape):
A: <phrase>
B: <phrase>
Answer: Yes/No

Examples:

A: no_evident_not_easy_check-in
B: customer_wait_10_minute_for_greet
Answer: Yes

A: no_evident_not_easy_check-in
B: no_one_give_key_on_late_check-in
Answer: No

A: no_evident_not_great_quality
B: shampoo_seem_cheap_considering_hotel_cost
Answer: Yes

A: no_evident_not_great_quality
B: expensive_hotel
Answer: No

Now answer for this pair. Output ONLY the final line ""Answer: Yes"" or ""Answer: No"" — no other text.

A: no_evident_not_staff_arrange_taxi_from_airport
B: staff_not_speak_Cypriot_language
Answer:
","A: no_evident_not_staff_arrange_taxi_from_airport
B: staff_not_speak_Cypriot_language
Answer: Yes"
2026-08-10 23:29:06,3,4648,no_evident_not_staff_help_with_everything_needed,staff_clean_after_complaint,"Task: decide if Proposition B contradicts Assumption A.

Steps:
1. A defends a claim (strip ""no_evident_not_"" / ""have_evident_"" to see it).
2. B states a fact.
3. Does B disprove A's claim? Same specific issue only, not just same topic.

Output pattern (always use this exact shape):
A: <phrase>
B: <phrase>
Answer: Yes/No

Examples:

A: no_evident_not_easy_check-in
B: customer_wait_10_minute_for_greet
Answer: Yes

A: no_evident_not_easy_check-in
B: no_one_give_key_on_late_check-in
Answer: No

A: no_evident_not_great_quality
B: shampoo_seem_cheap_considering_hotel_cost
Answer: Yes

A: no_evident_not_great_quality
B: expensive_hotel
Answer: No

Now answer for this pair. Output ONLY the final line ""Answer: Yes"" or ""Answer: No"" — no other text.

A: no_evident_not_staff_help_with_everything_needed
B: staff_clean_after_complaint
Answer:
","A: no_evident_not_staff_help_with_everything_needed
B: staff_clean_after_complaint
Answer: Yes"
2026-08-10 23:29:06,3,702,no_evident_not_warm_welcome_staff,offended_staff,"Task: decide if Proposition B contradicts Assumption A.

Steps:
1. A defends a claim (strip ""no_evident_not_"" / ""have_evident_"" to see it).
2. B states a fact.
3. Does B disprove A's claim? Same specific issue only, not just same topic.

Output pattern (always use this exact shape):
A: <phrase>
B: <phrase>
Answer: Yes/No

Examples:

A: no_evident_not_easy_check-in
B: customer_wait_10_minute_for_greet
Answer: Yes

A: no_evident_not_easy_check-in
B: no_one_give_key_on_late_check-in
Answer: No

A: no_evident_not_great_quality
B: shampoo_seem_cheap_considering_hotel_cost
Answer: Yes

A: no_evident_not_great_quality
B: expensive_hotel
Answer: No

Now answer for this pair. Output ONLY the final line ""Answer: Yes"" or ""Answer: No"" — no other text.

A: no_evident_not_warm_welcome_staff
B: offended_staff
Answer:
","A: no_evident_not_warm_welcome_staff
B: offended_staff
Answer: Yes"
2026-08-10 23:29:07,3,5996,no_evident_not_staff_do_everything_to_compensate_inconvenience,staff_mistakenly_throw_valuable_item_during_cleaning_service,"Task: decide if Proposition B contradicts Assumption A.

Steps:
1. A defends a claim (strip ""no_evident_not_"" / ""have_evident_"" to see it).
2. B states a fact.
3. Does B disprove A's claim? Same specific issue only, not just same topic.

Output pattern (always use this exact shape):
A: <phrase>
B: <phrase>
Answer: Yes/No

Examples:

A: no_evident_not_easy_check-in
B: customer_wait_10_minute_for_greet
Answer: Yes

A: no_evident_not_easy_check-in
B: no_one_give_key_on_late_check-in
Answer: No

A: no_evident_not_great_quality
B: shampoo_seem_cheap_considering_hotel_cost
Answer: Yes

A: no_evident_not_great_quality
B: expensive_hotel
Answer: No

Now answer for this pair. Output ONLY the final line ""Answer: Yes"" or ""Answer: No"" — no other text.

A: no_evident_not_staff_do_everything_to_compensate_inconvenience
B: staff_mistakenly_throw_valuable_item_during_cleaning_service
Answer:
","A: no_evident_not_staff_do_everything_to_compensate_inconvenience
B: staff_mistakenly_throw_valuable_item_during_cleaning_service
Answer: Yes"
2026-08-10 23:29:07,3,3982,no_evident_not_staff_give_family_atmosphere,staff_should_learn_better_English,"Task: decide if Proposition B contradicts Assumption A.

Steps:
1. A defends a claim (strip ""no_evident_not_"" / ""have_evident_"" to see it).
2. B states a fact.
3. Does B disprove A's claim? Same specific issue only, not just same topic.

Output pattern (always use this exact shape):
A: <phrase>
B: <phrase>
Answer: Yes/No

Examples:

A: no_evident_not_easy_check-in
B: customer_wait_10_minute_for_greet
Answer: Yes

A: no_evident_not_easy_check-in
B: no_one_give_key_on_late_check-in
Answer: No

A: no_evident_not_great_quality
B: shampoo_seem_cheap_considering_hotel_cost
Answer: Yes

A: no_evident_not_great_quality
B: expensive_hotel
Answer: No

Now answer for this pair. Output ONLY the final line ""Answer: Yes"" or ""Answer: No"" — no other text.

A: no_evident_not_staff_give_family_atmosphere
B: staff_should_learn_better_English
Answer:
",Answer: Yes
2026-08-10 23:29:07,3,567,no_evident_not_wonderful_staff,staff_enforce_cancellation_charge,"Task: decide if Proposition B contradicts Assumption A.

Steps:
1. A defends a claim (strip ""no_evident_not_"" / ""have_evident_"" to see it).
2. B states a fact.
3. Does B disprove A's claim? Same specific issue only, not just same topic.

Output pattern (always use this exact shape):
A: <phrase>
B: <phrase>
Answer: Yes/No

Examples:

A: no_evident_not_easy_check-in
B: customer_wait_10_minute_for_greet
Answer: Yes

A: no_evident_not_easy_check-in
B: no_one_give_key_on_late_check-in
Answer: No

A: no_evident_not_great_quality
B: shampoo_seem_cheap_considering_hotel_cost
Answer: Yes

A: no_evident_not_great_quality
B: expensive_hotel
Answer: No

Now answer for this pair. Output ONLY the final line ""Answer: Yes"" or ""Answer: No"" — no other text.

A: no_evident_not_wonderful_staff
B: staff_enforce_cancellation_charge
Answer:
","A: no_evident_not_wonderful_staff
B: staff_enforce_cancellation_charge
Answer: Yes"
2026-08-10 23:29:08,3,6231,no_evident_not_willingness_staff,staff_not_understand_English_well,"Task: decide if Proposition B contradicts Assumption A.

Steps:
1. A defends a claim (strip ""no_evident_not_"" / ""have_evident_"" to see it).
2. B states a fact.
3. Does B disprove A's claim? Same specific issue only, not just same topic.

Output pattern (always use this exact shape):
A: <phrase>
B: <phrase>
Answer: Yes/No

Examples:

A: no_evident_not_easy_check-in
B: customer_wait_10_minute_for_greet
Answer: Yes

A: no_evident_not_easy_check-in
B: no_one_give_key_on_late_check-in
Answer: No

A: no_evident_not_great_quality
B: shampoo_seem_cheap_considering_hotel_cost
Answer: Yes

A: no_evident_not_great_quality
B: expensive_hotel
Answer: No

Now answer for this pair. Output ONLY the final line ""Answer: Yes"" or ""Answer: No"" — no other text.

A: no_evident_not_willingness_staff
B: staff_not_understand_English_well
Answer:
","A: no_evident_not_willingness_staff
B: staff_not_understand_English_well
Answer: Yes"
2026-08-10 23:29:08,3,4364,no_evident_not_staff_help_with_everything,staff_not_provide_good_solution,"Task: decide if Proposition B contradicts Assumption A.

Steps:
1. A defends a claim (strip ""no_evident_not_"" / ""have_evident_"" to see it).
2. B states a fact.
3. Does B disprove A's claim? Same specific issue only, not just same topic.

Output pattern (always use this exact shape):
A: <phrase>
B: <phrase>
Answer: Yes/No

Examples:

A: no_evident_not_easy_check-in
B: customer_wait_10_minute_for_greet
Answer: Yes

A: no_evident_not_easy_check-in
B: no_one_give_key_on_late_check-in
Answer: No

A: no_evident_not_great_quality
B: shampoo_seem_cheap_considering_hotel_cost
Answer: Yes

A: no_evident_not_great_quality
B: expensive_hotel
Answer: No

Now answer for this pair. Output ONLY the final line ""Answer: Yes"" or ""Answer: No"" — no other text.

A: no_evident_not_staff_help_with_everything
B: staff_not_provide_good_solution
Answer:
","A: no_evident_not_staff_help_with_everything
B: staff_not_provide_good_solution
Answer: Yes"
2026-08-10 23:29:08,3,1031,no_evident_not_staff_email_to_ask_arriving_time,staff_not_speak_Cypriot_language,"Task: decide if Proposition B contradicts Assumption A.

Steps:
1. A defends a claim (strip ""no_evident_not_"" / ""have_evident_"" to see it).
2. B states a fact.
3. Does B disprove A's claim? Same specific issue only, not just same topic.

Output pattern (always use this exact shape):
A: <phrase>
B: <phrase>
Answer: Yes/No

Examples:

A: no_evident_not_easy_check-in
B: customer_wait_10_minute_for_greet
Answer: Yes

A: no_evident_not_easy_check-in
B: no_one_give_key_on_late_check-in
Answer: No

A: no_evident_not_great_quality
B: shampoo_seem_cheap_considering_hotel_cost
Answer: Yes

A: no_evident_not_great_quality
B: expensive_hotel
Answer: No

Now answer for this pair. Output ONLY the final line ""Answer: Yes"" or ""Answer: No"" — no other text.

A: no_evident_not_staff_email_to_ask_arriving_time
B: staff_not_speak_Cypriot_language
Answer:
","A: no_evident_not_staff_email_to_ask_arriving_time
B: staff_not_speak_Cypriot_language
Answer: Yes"
2026-08-10 23:29:09,3,1052,no_evident_not_perfect_staff,staff_not_provide_good_solution,"Task: decide if Proposition B contradicts Assumption A.

Steps:
1. A defends a claim (strip ""no_evident_not_"" / ""have_evident_"" to see it).
2. B states a fact.
3. Does B disprove A's claim? Same specific issue only, not just same topic.

Output pattern (always use this exact shape):
A: <phrase>
B: <phrase>
Answer: Yes/No

Examples:

A: no_evident_not_easy_check-in
B: customer_wait_10_minute_for_greet
Answer: Yes

A: no_evident_not_easy_check-in
B: no_one_give_key_on_late_check-in
Answer: No

A: no_evident_not_great_quality
B: shampoo_seem_cheap_considering_hotel_cost
Answer: Yes

A: no_evident_not_great_quality
B: expensive_hotel
Answer: No

Now answer for this pair. Output ONLY the final line ""Answer: Yes"" or ""Answer: No"" — no other text.

A: no_evident_not_perfect_staff
B: staff_not_provide_good_solution
Answer:
","A: no_evident_not_perfect_staff
B: staff_not_provide_good_solution
Answer: Yes"
2026-08-10 23:29:09,3,5405,no_evident_not_staff_give_early_check-in,only_one_staff_wear_mask,"Task: decide if Proposition B contradicts Assumption A.

Steps:
1. A defends a claim (strip ""no_evident_not_"" / ""have_evident_"" to see it).
2. B states a fact.
3. Does B disprove A's claim? Same specific issue only, not just same topic.

Output pattern (always use this exact shape):
A: <phrase>
B: <phrase>
Answer: Yes/No

Examples:

A: no_evident_not_easy_check-in
B: customer_wait_10_minute_for_greet
Answer: Yes

A: no_evident_not_easy_check-in
B: no_one_give_key_on_late_check-in
Answer: No

A: no_evident_not_great_quality
B: shampoo_seem_cheap_considering_hotel_cost
Answer: Yes

A: no_evident_not_great_quality
B: expensive_hotel
Answer: No

Now answer for this pair. Output ONLY the final line ""Answer: Yes"" or ""Answer: No"" — no other text.

A: no_evident_not_staff_give_early_check-in
B: only_one_staff_wear_mask
Answer:
","A: no_evident_not_staff_give_early_check-in
B: only_one_staff_wear_mask
Answer: Yes"
2026-08-10 23:29:10,3,3894,no_evident_not_pleasant_contact_staff,not_kind_staff,"Task: decide if Proposition B contradicts Assumption A.

Steps:
1. A defends a claim (strip ""no_evident_not_"" / ""have_evident_"" to see it).
2. B states a fact.
3. Does B disprove A's claim? Same specific issue only, not just same topic.

Output pattern (always use this exact shape):
A: <phrase>
B: <phrase>
Answer: Yes/No

Examples:

A: no_evident_not_easy_check-in
B: customer_wait_10_minute_for_greet
Answer: Yes

A: no_evident_not_easy_check-in
B: no_one_give_key_on_late_check-in
Answer: No

A: no_evident_not_great_quality
B: shampoo_seem_cheap_considering_hotel_cost
Answer: Yes

A: no_evident_not_great_quality
B: expensive_hotel
Answer: No

Now answer for this pair. Output ONLY the final line ""Answer: Yes"" or ""Answer: No"" — no other text.

A: no_evident_not_pleasant_contact_staff
B: not_kind_staff
Answer:
","A: no_evident_not_pleasant_contact_staff
B: not_kind_staff
Answer: Yes"
2026-08-10 23:29:10,3,4504,no_evident_not_staff_give_beautiful_hospitality,staff_not_speak_Cypriot_language,"Task: decide if Proposition B contradicts Assumption A.

Steps:
1. A defends a claim (strip ""no_evident_not_"" / ""have_evident_"" to see it).
2. B states a fact.
3. Does B disprove A's claim? Same specific issue only, not just same topic.

Output pattern (always use this exact shape):
A: <phrase>
B: <phrase>
Answer: Yes/No

Examples:

A: no_evident_not_easy_check-in
B: customer_wait_10_minute_for_greet
Answer: Yes

A: no_evident_not_easy_check-in
B: no_one_give_key_on_late_check-in
Answer: No

A: no_evident_not_great_quality
B: shampoo_seem_cheap_considering_hotel_cost
Answer: Yes

A: no_evident_not_great_quality
B: expensive_hotel
Answer: No

Now answer for this pair. Output ONLY the final line ""Answer: Yes"" or ""Answer: No"" — no other text.

A: no_evident_not_staff_give_beautiful_hospitality
B: staff_not_speak_Cypriot_language
Answer:
","A: no_evident_not_staff_give_beautiful_hospitality
B: staff_not_speak_Cypriot_language
Answer: Yes"
2026-08-10 23:29:10,3,1353,no_evident_not_staff_agile_to_respond,staff_not_speak_Cypriot_language,"Task: decide if Proposition B contradicts Assumption A.

Steps:
1. A defends a claim (strip ""no_evident_not_"" / ""have_evident_"" to see it).
2. B states a fact.
3. Does B disprove A's claim? Same specific issue only, not just same topic.

Output pattern (always use this exact shape):
A: <phrase>
B: <phrase>
Answer: Yes/No

Examples:

A: no_evident_not_easy_check-in
B: customer_wait_10_minute_for_greet
Answer: Yes

A: no_evident_not_easy_check-in
B: no_one_give_key_on_late_check-in
Answer: No

A: no_evident_not_great_quality
B: shampoo_seem_cheap_considering_hotel_cost
Answer: Yes

A: no_evident_not_great_quality
B: expensive_hotel
Answer: No

Now answer for this pair. Output ONLY the final line ""Answer: Yes"" or ""Answer: No"" — no other text.

A: no_evident_not_staff_agile_to_respond
B: staff_not_speak_Cypriot_language
Answer:
","A: no_evident_not_staff_agile_to_respond
B: staff_not_speak_Cypriot_language
Answer: Yes"
2026-08-10 23:29:11,3,2172,no_evident_not_happy_to_help_with_Covid_restriction,staff_fail_to_guest_request,"Task: decide if Proposition B contradicts Assumption A.

Steps:
1. A defends a claim (strip ""no_evident_not_"" / ""have_evident_"" to see it).
2. B states a fact.
3. Does B disprove A's claim? Same specific issue only, not just same topic.

Output pattern (always use this exact shape):
A: <phrase>
B: <phrase>
Answer: Yes/No

Examples:

A: no_evident_not_easy_check-in
B: customer_wait_10_minute_for_greet
Answer: Yes

A: no_evident_not_easy_check-in
B: no_one_give_key_on_late_check-in
Answer: No

A: no_evident_not_great_quality
B: shampoo_seem_cheap_considering_hotel_cost
Answer: Yes

A: no_evident_not_great_quality
B: expensive_hotel
Answer: No

Now answer for this pair. Output ONLY the final line ""Answer: Yes"" or ""Answer: No"" — no other text.

A: no_evident_not_happy_to_help_with_Covid_restriction
B: staff_fail_to_guest_request
Answer:
","A: no_evident_not_happy_to-help-with-Covid-restriction
B: staff_fail_to_guest_request
Answer: Yes"
2026-08-10 23:29:11,3,4323,no_evident_not_staff_kept_suitcase_whole_day,staff_cannot_give_bus_to_airport_information,"Task: decide if Proposition B contradicts Assumption A.

Steps:
1. A defends a claim (strip ""no_evident_not_"" / ""have_evident_"" to see it).
2. B states a fact.
3. Does B disprove A's claim? Same specific issue only, not just same topic.

Output pattern (always use this exact shape):
A: <phrase>
B: <phrase>
Answer: Yes/No

Examples:

A: no_evident_not_easy_check-in
B: customer_wait_10_minute_for_greet
Answer: Yes

A: no_evident_not_easy_check-in
B: no_one_give_key_on_late_check-in
Answer: No

A: no_evident_not_great_quality
B: shampoo_seem_cheap_considering_hotel_cost
Answer: Yes

A: no_evident_not_great_quality
B: expensive_hotel
Answer: No

Now answer for this pair. Output ONLY the final line ""Answer: Yes"" or ""Answer: No"" — no other text.

A: no_evident_not_staff_kept_suitcase_whole_day
B: staff_cannot_give_bus_to_airport_information
Answer:
","A: no_evident_not_staff_kept_suitcase_whole_day
B: staff_cannot_give_bus_to_airport_information
Answer: Yes"
2026-08-10 23:29:12,3,4970,no_evident_not_advising_staff,staff_clean_after_complaint,"Task: decide if Proposition B contradicts Assumption A.

Steps:
1. A defends a claim (strip ""no_evident_not_"" / ""have_evident_"" to see it).
2. B states a fact.
3. Does B disprove A's claim? Same specific issue only, not just same topic.

Output pattern (always use this exact shape):
A: <phrase>
B: <phrase>
Answer: Yes/No

Examples:

A: no_evident_not_easy_check-in
B: customer_wait_10_minute_for_greet
Answer: Yes

A: no_evident_not_easy_check-in
B: no_one_give_key_on_late_check-in
Answer: No

A: no_evident_not_great_quality
B: shampoo_seem_cheap_considering_hotel_cost
Answer: Yes

A: no_evident_not_great_quality
B: expensive_hotel
Answer: No

Now answer for this pair. Output ONLY the final line ""Answer: Yes"" or ""Answer: No"" — no other text.

A: no_evident_not_advising_staff
B: staff_clean_after_complaint
Answer:
","A: no_evident_not_advising_staff
B: staff_advice_available_on_complaint
Answer: Yes"
2026-08-10 23:29:12,3,3467,no_evident_not_staff_make_hotel_great,staff_not_provide_good_solution,"Task: decide if Proposition B contradicts Assumption A.

Steps:
1. A defends a claim (strip ""no_evident_not_"" / ""have_evident_"" to see it).
2. B states a fact.
3. Does B disprove A's claim? Same specific issue only, not just same topic.

Output pattern (always use this exact shape):
A: <phrase>
B: <phrase>
Answer: Yes/No

Examples:

A: no_evident_not_easy_check-in
B: customer_wait_10_minute_for_greet
Answer: Yes

A: no_evident_not_easy_check-in
B: no_one_give_key_on_late_check-in
Answer: No

A: no_evident_not_great_quality
B: shampoo_seem_cheap_considering_hotel_cost
Answer: Yes

A: no_evident_not_great_quality
B: expensive_hotel
Answer: No

Now answer for this pair. Output ONLY the final line ""Answer: Yes"" or ""Answer: No"" — no other text.

A: no_evident_not_staff_make_hotel_great
B: staff_not_provide_good_solution
Answer:
","A: no_evident_not_staff_make_hotel_great
B: staff_not_provide_good_solution
Answer: Yes"
2026-08-10 23:29:12,3,1736,no_evident_not_friendly_service,staff_cannot_provide_double_bed,"Task: decide if Proposition B contradicts Assumption A.

Steps:
1. A defends a claim (strip ""no_evident_not_"" / ""have_evident_"" to see it).
2. B states a fact.
3. Does B disprove A's claim? Same specific issue only, not just same topic.

Output pattern (always use this exact shape):
A: <phrase>
B: <phrase>
Answer: Yes/No

Examples:

A: no_evident_not_easy_check-in
B: customer_wait_10_minute_for_greet
Answer: Yes

A: no_evident_not_easy_check-in
B: no_one_give_key_on_late_check-in
Answer: No

A: no_evident_not_great_quality
B: shampoo_seem_cheap_considering_hotel_cost
Answer: Yes

A: no_evident_not_great_quality
B: expensive_hotel
Answer: No

Now answer for this pair. Output ONLY the final line ""Answer: Yes"" or ""Answer: No"" — no other text.

A: no_evident_not_friendly_service
B: staff_cannot_provide_double_bed
Answer:
","A: no_evident_not_friendly_service
B: staff_cannot_provide_double_bed
Answer: Yes"
2026-08-10 23:29:12,3,4418,no_evident_not_can_speak_Greek,staff_clean_after_complaint,"Task: decide if Proposition B contradicts Assumption A.

Steps:
1. A defends a claim (strip ""no_evident_not_"" / ""have_evident_"" to see it).
2. B states a fact.
3. Does B disprove A's claim? Same specific issue only, not just same topic.

Output pattern (always use this exact shape):
A: <phrase>
B: <phrase>
Answer: Yes/No

Examples:

A: no_evident_not_easy_check-in
B: customer_wait_10_minute_for_greet
Answer: Yes

A: no_evident_not_easy_check-in
B: no_one_give_key_on_late_check-in
Answer: No

A: no_evident_not_great_quality
B: shampoo_seem_cheap_considering_hotel_cost
Answer: Yes

A: no_evident_not_great_quality
B: expensive_hotel
Answer: No

Now answer for this pair. Output ONLY the final line ""Answer: Yes"" or ""Answer: No"" — no other text.

A: no_evident_not_can_speak_Greek
B: staff_clean_after_complaint
Answer:
",Answer: No
2026-08-10 23:29:13,3,6188,no_evident_not_staff_alway_smile,staff_not_speak_English_properly,"Task: decide if Proposition B contradicts Assumption A.

Steps:
1. A defends a claim (strip ""no_evident_not_"" / ""have_evident_"" to see it).
2. B states a fact.
3. Does B disprove A's claim? Same specific issue only, not just same topic.

Output pattern (always use this exact shape):
A: <phrase>
B: <phrase>
Answer: Yes/No

Examples:

A: no_evident_not_easy_check-in
B: customer_wait_10_minute_for_greet
Answer: Yes

A: no_evident_not_easy_check-in
B: no_one_give_key_on_late_check-in
Answer: No

A: no_evident_not_great_quality
B: shampoo_seem_cheap_considering_hotel_cost
Answer: Yes

A: no_evident_not_great_quality
B: expensive_hotel
Answer: No

Now answer for this pair. Output ONLY the final line ""Answer: Yes"" or ""Answer: No"" — no other text.

A: no_evident_not_staff_alway_smile
B: staff_not_speak_English_properly
Answer:
","A: no_evident_not_staff_alway_smile
B: staff_not_speak_English_properly
Answer: Yes"
2026-08-10 23:29:13,3,5980,no_evident_not_staff_explain,only_one_staff_wear_mask,"Task: decide if Proposition B contradicts Assumption A.

Steps:
1. A defends a claim (strip ""no_evident_not_"" / ""have_evident_"" to see it).
2. B states a fact.
3. Does B disprove A's claim? Same specific issue only, not just same topic.

Output pattern (always use this exact shape):
A: <phrase>
B: <phrase>
Answer: Yes/No

Examples:

A: no_evident_not_easy_check-in
B: customer_wait_10_minute_for_greet
Answer: Yes

A: no_evident_not_easy_check-in
B: no_one_give_key_on_late_check-in
Answer: No

A: no_evident_not_great_quality
B: shampoo_seem_cheap_considering_hotel_cost
Answer: Yes

A: no_evident_not_great_quality
B: expensive_hotel
Answer: No

Now answer for this pair. Output ONLY the final line ""Answer: Yes"" or ""Answer: No"" — no other text.

A: no_evident_not_staff_explain
B: only_one_staff_wear_mask
Answer:
","A: no_evident_not_staff_explain
B: only_one_staff_wear_mask
Answer: Yes"
2026-08-10 23:29:14,3,5652,no_evident_not_staff_solve_problem_immediately,staff_not_provide_good_solution,"Task: decide if Proposition B contradicts Assumption A.

Steps:
1. A defends a claim (strip ""no_evident_not_"" / ""have_evident_"" to see it).
2. B states a fact.
3. Does B disprove A's claim? Same specific issue only, not just same topic.

Output pattern (always use this exact shape):
A: <phrase>
B: <phrase>
Answer: Yes/No

Examples:

A: no_evident_not_easy_check-in
B: customer_wait_10_minute_for_greet
Answer: Yes

A: no_evident_not_easy_check-in
B: no_one_give_key_on_late_check-in
Answer: No

A: no_evident_not_great_quality
B: shampoo_seem_cheap_considering_hotel_cost
Answer: Yes

A: no_evident_not_great_quality
B: expensive_hotel
Answer: No

Now answer for this pair. Output ONLY the final line ""Answer: Yes"" or ""Answer: No"" — no other text.

A: no_evident_not_staff_solve_problem_immediately
B: staff_not_provide_good_solution
Answer:
","A: no_evident_not_staff_solve_problem_immediately
B: staff_not_provide_good_solution
Answer: Yes"
2026-08-10 23:29:14,3,1648,no_evident_not_can_speak_perfect_English,staff_enforce_cancellation_charge,"Task: decide if Proposition B contradicts Assumption A.

Steps:
1. A defends a claim (strip ""no_evident_not_"" / ""have_evident_"" to see it).
2. B states a fact.
3. Does B disprove A's claim? Same specific issue only, not just same topic.

Output pattern (always use this exact shape):
A: <phrase>
B: <phrase>
Answer: Yes/No

Examples:

A: no_evident_not_easy_check-in
B: customer_wait_10_minute_for_greet
Answer: Yes

A: no_evident_not_easy_check-in
B: no_one_give_key_on_late_check-in
Answer: No

A: no_evident_not_great_quality
B: shampoo_seem_cheap_considering_hotel_cost
Answer: Yes

A: no_evident_not_great_quality
B: expensive_hotel
Answer: No

Now answer for this pair. Output ONLY the final line ""Answer: Yes"" or ""Answer: No"" — no other text.

A: no_evident_not_can_speak_perfect_English
B: staff_enforce_cancellation_charge
Answer:
","A: no_evident_not_can_speak_perfect_English
B: staff_must_speak_perfect_English
Answer: Yes"
2026-08-10 23:29:15,3,5841,no_evident_not_can_request_socket,staff_cannot_give_bus_to_airport_information,"Task: decide if Proposition B contradicts Assumption A.

Steps:
1. A defends a claim (strip ""no_evident_not_"" / ""have_evident_"" to see it).
2. B states a fact.
3. Does B disprove A's claim? Same specific issue only, not just same topic.

Output pattern (always use this exact shape):
A: <phrase>
B: <phrase>
Answer: Yes/No

Examples:

A: no_evident_not_easy_check-in
B: customer_wait_10_minute_for_greet
Answer: Yes

A: no_evident_not_easy_check-in
B: no_one_give_key_on_late_check-in
Answer: No

A: no_evident_not_great_quality
B: shampoo_seem_cheap_considering_hotel_cost
Answer: Yes

A: no_evident_not_great_quality
B: expensive_hotel
Answer: No

Now answer for this pair. Output ONLY the final line ""Answer: Yes"" or ""Answer: No"" — no other text.

A: no_evident_not_can_request_socket
B: staff_cannot_give_bus_to_airport_information
Answer:
","A: no_evident_not_can_request_socket
B: staff_cannot_give_bus_to_airport_information
Answer: Yes"
2026-08-10 23:29:15,3,2554,no_evident_not_staff_make_sure_we_had_great_stay,staff_not_speak_English_properly,"Task: decide if Proposition B contradicts Assumption A.

Steps:
1. A defends a claim (strip ""no_evident_not_"" / ""have_evident_"" to see it).
2. B states a fact.
3. Does B disprove A's claim? Same specific issue only, not just same topic.

Output pattern (always use this exact shape):
A: <phrase>
B: <phrase>
Answer: Yes/No

Examples:

A: no_evident_not_easy_check-in
B: customer_wait_10_minute_for_greet
Answer: Yes

A: no_evident_not_easy_check-in
B: no_one_give_key_on_late_check-in
Answer: No

A: no_evident_not_great_quality
B: shampoo_seem_cheap_considering_hotel_cost
Answer: Yes

A: no_evident_not_great_quality
B: expensive_hotel
Answer: No

Now answer for this pair. Output ONLY the final line ""Answer: Yes"" or ""Answer: No"" — no other text.

A: no_evident_not_staff_make_sure_we_had_great_stay
B: staff_not_speak_English_properly
Answer:
","A: no_evident_not_staff_make_sure_we_had_great_stay
B: staff_not_speak_English_properly
Answer: Yes"
2026-08-10 23:29:15,3,3269,no_evident_not_superb_staff,staff_should_learn_better_English,"Task: decide if Proposition B contradicts Assumption A.

Steps:
1. A defends a claim (strip ""no_evident_not_"" / ""have_evident_"" to see it).
2. B states a fact.
3. Does B disprove A's claim? Same specific issue only, not just same topic.

Output pattern (always use this exact shape):
A: <phrase>
B: <phrase>
Answer: Yes/No

Examples:

A: no_evident_not_easy_check-in
B: customer_wait_10_minute_for_greet
Answer: Yes

A: no_evident_not_easy_check-in
B: no_one_give_key_on_late_check-in
Answer: No

A: no_evident_not_great_quality
B: shampoo_seem_cheap_considering_hotel_cost
Answer: Yes

A: no_evident_not_great_quality
B: expensive_hotel
Answer: No

Now answer for this pair. Output ONLY the final line ""Answer: Yes"" or ""Answer: No"" — no other text.

A: no_evident_not_superb_staff
B: staff_should_learn_better_English
Answer:
",Answer: Yes
2026-08-10 23:29:16,3,5503,no_evident_not_staff_allow_leave_thing_after_check-out,staff_need_keep_update,"Task: decide if Proposition B contradicts Assumption A.

Steps:
1. A defends a claim (strip ""no_evident_not_"" / ""have_evident_"" to see it).
2. B states a fact.
3. Does B disprove A's claim? Same specific issue only, not just same topic.

Output pattern (always use this exact shape):
A: <phrase>
B: <phrase>
Answer: Yes/No

Examples:

A: no_evident_not_easy_check-in
B: customer_wait_10_minute_for_greet
Answer: Yes

A: no_evident_not_easy_check-in
B: no_one_give_key_on_late_check-in
Answer: No

A: no_evident_not_great_quality
B: shampoo_seem_cheap_considering_hotel_cost
Answer: Yes

A: no_evident_not_great_quality
B: expensive_hotel
Answer: No

Now answer for this pair. Output ONLY the final line ""Answer: Yes"" or ""Answer: No"" — no other text.

A: no_evident_not_staff_allow_leave_thing_after_check-out
B: staff_need_keep_update
Answer:
","A: no_evident_not_staff_allow_leave_thing_after_check-out
B: staff_need_keep_update
Answer: Yes"
2026-08-10 23:29:16,3,3060,no_evident_not_great_management,staff_not_speak_English_properly,"Task: decide if Proposition B contradicts Assumption A.

Steps:
1. A defends a claim (strip ""no_evident_not_"" / ""have_evident_"" to see it).
2. B states a fact.
3. Does B disprove A's claim? Same specific issue only, not just same topic.

Output pattern (always use this exact shape):
A: <phrase>
B: <phrase>
Answer: Yes/No

Examples:

A: no_evident_not_easy_check-in
B: customer_wait_10_minute_for_greet
Answer: Yes

A: no_evident_not_easy_check-in
B: no_one_give_key_on_late_check-in
Answer: No

A: no_evident_not_great_quality
B: shampoo_seem_cheap_considering_hotel_cost
Answer: Yes

A: no_evident_not_great_quality
B: expensive_hotel
Answer: No

Now answer for this pair. Output ONLY the final line ""Answer: Yes"" or ""Answer: No"" — no other text.

A: no_evident_not_great_management
B: staff_not_speak_English_properly
Answer:
",Answer: Yes
2026-08-10 23:29:16,3,3589,no_evident_not_staff_make_guest_comfortable,staff_not_speak_English_properly,"Task: decide if Proposition B contradicts Assumption A.

Steps:
1. A defends a claim (strip ""no_evident_not_"" / ""have_evident_"" to see it).
2. B states a fact.
3. Does B disprove A's claim? Same specific issue only, not just same topic.

Output pattern (always use this exact shape):
A: <phrase>
B: <phrase>
Answer: Yes/No

Examples:

A: no_evident_not_easy_check-in
B: customer_wait_10_minute_for_greet
Answer: Yes

A: no_evident_not_easy_check-in
B: no_one_give_key_on_late_check-in
Answer: No

A: no_evident_not_great_quality
B: shampoo_seem_cheap_considering_hotel_cost
Answer: Yes

A: no_evident_not_great_quality
B: expensive_hotel
Answer: No

Now answer for this pair. Output ONLY the final line ""Answer: Yes"" or ""Answer: No"" — no other text.

A: no_evident_not_staff_make_guest_comfortable
B: staff_not_speak_English_properly
Answer:
","A: no_evident_not_staff_make_guest_comfortable
B: staff_not_speak_English_properly
Answer: Yes"
2026-08-10 23:29:16,3,4240,no_evident_not_welcoming_service_staff,no_empathy_staff,"Task: decide if Proposition B contradicts Assumption A.

Steps:
1. A defends a claim (strip ""no_evident_not_"" / ""have_evident_"" to see it).
2. B states a fact.
3. Does B disprove A's claim? Same specific issue only, not just same topic.

Output pattern (always use this exact shape):
A: <phrase>
B: <phrase>
Answer: Yes/No

Examples:

A: no_evident_not_easy_check-in
B: customer_wait_10_minute_for_greet
Answer: Yes

A: no_evident_not_easy_check-in
B: no_one_give_key_on_late_check-in
Answer: No

A: no_evident_not_great_quality
B: shampoo_seem_cheap_considering_hotel_cost
Answer: Yes

A: no_evident_not_great_quality
B: expensive_hotel
Answer: No

Now answer for this pair. Output ONLY the final line ""Answer: Yes"" or ""Answer: No"" — no other text.

A: no_evident_not_welcoming_service_staff
B: no_empathy_staff
Answer:
","A: no_evident_not_welcoming_service_staff
B: no_empathy_staff
Answer: Yes"
2026-08-10 23:29:17,3,3699,no_evident_not_greet_staff,staff_not_speak_Cypriot_language,"Task: decide if Proposition B contradicts Assumption A.

Steps:
1. A defends a claim (strip ""no_evident_not_"" / ""have_evident_"" to see it).
2. B states a fact.
3. Does B disprove A's claim? Same specific issue only, not just same topic.

Output pattern (always use this exact shape):
A: <phrase>
B: <phrase>
Answer: Yes/No

Examples:

A: no_evident_not_easy_check-in
B: customer_wait_10_minute_for_greet
Answer: Yes

A: no_evident_not_easy_check-in
B: no_one_give_key_on_late_check-in
Answer: No

A: no_evident_not_great_quality
B: shampoo_seem_cheap_considering_hotel_cost
Answer: Yes

A: no_evident_not_great_quality
B: expensive_hotel
Answer: No

Now answer for this pair. Output ONLY the final line ""Answer: Yes"" or ""Answer: No"" — no other text.

A: no_evident_not_greet_staff
B: staff_not_speak_Cypriot_language
Answer:
","A: no_evident_not_greet_staff
B: staff_not_speak_Cypriot_language
Answer: Yes"
2026-08-10 23:29:17,3,992,no_evident_not_impressed_staff,staff_should_learn_better_English,"Task: decide if Proposition B contradicts Assumption A.

Steps:
1. A defends a claim (strip ""no_evident_not_"" / ""have_evident_"" to see it).
2. B states a fact.
3. Does B disprove A's claim? Same specific issue only, not just same topic.

Output pattern (always use this exact shape):
A: <phrase>
B: <phrase>
Answer: Yes/No

Examples:

A: no_evident_not_easy_check-in
B: customer_wait_10_minute_for_greet
Answer: Yes

A: no_evident_not_easy_check-in
B: no_one_give_key_on_late_check-in
Answer: No

A: no_evident_not_great_quality
B: shampoo_seem_cheap_considering_hotel_cost
Answer: Yes

A: no_evident_not_great_quality
B: expensive_hotel
Answer: No

Now answer for this pair. Output ONLY the final line ""Answer: Yes"" or ""Answer: No"" — no other text.

A: no_evident_not_impressed_staff
B: staff_should_learn_better_English
Answer:
",Answer: Yes
2026-08-10 23:29:17,3,2031,no_evident_not_staff_make_stay_enjoyable,not_kind_staff,"Task: decide if Proposition B contradicts Assumption A.

Steps:
1. A defends a claim (strip ""no_evident_not_"" / ""have_evident_"" to see it).
2. B states a fact.
3. Does B disprove A's claim? Same specific issue only, not just same topic.

Output pattern (always use this exact shape):
A: <phrase>
B: <phrase>
Answer: Yes/No

Examples:

A: no_evident_not_easy_check-in
B: customer_wait_10_minute_for_greet
Answer: Yes

A: no_evident_not_easy_check-in
B: no_one_give_key_on_late_check-in
Answer: No

A: no_evident_not_great_quality
B: shampoo_seem_cheap_considering_hotel_cost
Answer: Yes

A: no_evident_not_great_quality
B: expensive_hotel
Answer: No

Now answer for this pair. Output ONLY the final line ""Answer: Yes"" or ""Answer: No"" — no other text.

A: no_evident_not_staff_make_stay_enjoyable
B: not_kind_staff
Answer:
","A: no_evident_not_staff_make_stay_enjoyable
B: not_kind_staff
Answer: Yes"
2026-08-10 23:29:18,3,1841,no_evident_not_reassuring_service,staff_not_speak_English_properly,"Task: decide if Proposition B contradicts Assumption A.

Steps:
1. A defends a claim (strip ""no_evident_not_"" / ""have_evident_"" to see it).
2. B states a fact.
3. Does B disprove A's claim? Same specific issue only, not just same topic.

Output pattern (always use this exact shape):
A: <phrase>
B: <phrase>
Answer: Yes/No

Examples:

A: no_evident_not_easy_check-in
B: customer_wait_10_minute_for_greet
Answer: Yes

A: no_evident_not_easy_check-in
B: no_one_give_key_on_late_check-in
Answer: No

A: no_evident_not_great_quality
B: shampoo_seem_cheap_considering_hotel_cost
Answer: Yes

A: no_evident_not_great_quality
B: expensive_hotel
Answer: No

Now answer for this pair. Output ONLY the final line ""Answer: Yes"" or ""Answer: No"" — no other text.

A: no_evident_not_reassuring_service
B: staff_not_speak_English_properly
Answer:
","A: no_evident_not_reassuring_service
B: staff_not_speak_English_properly
Answer: Yes"
2026-08-10 23:29:18,3,525,no_evident_not_kind_staff,staff_not_speak_Cypriot_language,"Task: decide if Proposition B contradicts Assumption A.

Steps:
1. A defends a claim (strip ""no_evident_not_"" / ""have_evident_"" to see it).
2. B states a fact.
3. Does B disprove A's claim? Same specific issue only, not just same topic.

Output pattern (always use this exact shape):
A: <phrase>
B: <phrase>
Answer: Yes/No

Examples:

A: no_evident_not_easy_check-in
B: customer_wait_10_minute_for_greet
Answer: Yes

A: no_evident_not_easy_check-in
B: no_one_give_key_on_late_check-in
Answer: No

A: no_evident_not_great_quality
B: shampoo_seem_cheap_considering_hotel_cost
Answer: Yes

A: no_evident_not_great_quality
B: expensive_hotel
Answer: No

Now answer for this pair. Output ONLY the final line ""Answer: Yes"" or ""Answer: No"" — no other text.

A: no_evident_not_kind_staff
B: staff_not_speak_Cypriot_language
Answer:
","A: no_evident_not_kind_staff
B: staff_not_speak_Cypriot_language
Answer: Yes"
2026-08-10 23:29:18,3,2770,no_evident_not_staff_keen_to_please,staff_fail_to_guest_request,"Task: decide if Proposition B contradicts Assumption A.

Steps:
1. A defends a claim (strip ""no_evident_not_"" / ""have_evident_"" to see it).
2. B states a fact.
3. Does B disprove A's claim? Same specific issue only, not just same topic.

Output pattern (always use this exact shape):
A: <phrase>
B: <phrase>
Answer: Yes/No

Examples:

A: no_evident_not_easy_check-in
B: customer_wait_10_minute_for_greet
Answer: Yes

A: no_evident_not_easy_check-in
B: no_one_give_key_on_late_check-in
Answer: No

A: no_evident_not_great_quality
B: shampoo_seem_cheap_considering_hotel_cost
Answer: Yes

A: no_evident_not_great_quality
B: expensive_hotel
Answer: No

Now answer for this pair. Output ONLY the final line ""Answer: Yes"" or ""Answer: No"" — no other text.

A: no_evident_not_staff_keen_to_please
B: staff_fail_to_guest_request
Answer:
","A: no_evident_not_staff_keen_to_please
B: staff_fail_to_guest_request
Answer: Yes"
2026-08-10 23:29:19,3,173,no_evident_not_amazing_staff,offended_staff,"Task: decide if Proposition B contradicts Assumption A.

Steps:
1. A defends a claim (strip ""no_evident_not_"" / ""have_evident_"" to see it).
2. B states a fact.
3. Does B disprove A's claim? Same specific issue only, not just same topic.

Output pattern (always use this exact shape):
A: <phrase>
B: <phrase>
Answer: Yes/No

Examples:

A: no_evident_not_easy_check-in
B: customer_wait_10_minute_for_greet
Answer: Yes

A: no_evident_not_easy_check-in
B: no_one_give_key_on_late_check-in
Answer: No

A: no_evident_not_great_quality
B: shampoo_seem_cheap_considering_hotel_cost
Answer: Yes

A: no_evident_not_great_quality
B: expensive_hotel
Answer: No

Now answer for this pair. Output ONLY the final line ""Answer: Yes"" or ""Answer: No"" — no other text.

A: no_evident_not_amazing_staff
B: offended_staff
Answer:
","A: no_evident_not_amazing_staff
B: offended_staff
Answer: Yes"
2026-08-10 23:29:19,3,4820,no_evident_not_staff_speak_French,staff_not_justify_booking_issue,"Task: decide if Proposition B contradicts Assumption A.

Steps:
1. A defends a claim (strip ""no_evident_not_"" / ""have_evident_"" to see it).
2. B states a fact.
3. Does B disprove A's claim? Same specific issue only, not just same topic.

Output pattern (always use this exact shape):
A: <phrase>
B: <phrase>
Answer: Yes/No

Examples:

A: no_evident_not_easy_check-in
B: customer_wait_10_minute_for_greet
Answer: Yes

A: no_evident_not_easy_check-in
B: no_one_give_key_on_late_check-in
Answer: No

A: no_evident_not_great_quality
B: shampoo_seem_cheap_considering_hotel_cost
Answer: Yes

A: no_evident_not_great_quality
B: expensive_hotel
Answer: No

Now answer for this pair. Output ONLY the final line ""Answer: Yes"" or ""Answer: No"" — no other text.

A: no_evident_not_staff_speak_French
B: staff_not_justify_booking_issue
Answer:
","A: no_evident_not_staff_speak_French
B: staff_not_justify_booking_issue
Answer: Yes"
2026-08-10 23:29:19,3,4538,no_evident_not_charming_staff,not_kind_staff,"Task: decide if Proposition B contradicts Assumption A.

Steps:
1. A defends a claim (strip ""no_evident_not_"" / ""have_evident_"" to see it).
2. B states a fact.
3. Does B disprove A's claim? Same specific issue only, not just same topic.

Output pattern (always use this exact shape):
A: <phrase>
B: <phrase>
Answer: Yes/No

Examples:

A: no_evident_not_easy_check-in
B: customer_wait_10_minute_for_greet
Answer: Yes

A: no_evident_not_easy_check-in
B: no_one_give_key_on_late_check-in
Answer: No

A: no_evident_not_great_quality
B: shampoo_seem_cheap_considering_hotel_cost
Answer: Yes

A: no_evident_not_great_quality
B: expensive_hotel
Answer: No

Now answer for this pair. Output ONLY the final line ""Answer: Yes"" or ""Answer: No"" — no other text.

A: no_evident_not_charming_staff
B: not_kind_staff
Answer:
","A: no_evident_not_charming_staff
B: not_kind_staff
Answer: Yes"
2026-08-10 23:29:20,3,1886,no_evident_not_5_star_service,only_one_staff_wear_mask,"Task: decide if Proposition B contradicts Assumption A.

Steps:
1. A defends a claim (strip ""no_evident_not_"" / ""have_evident_"" to see it).
2. B states a fact.
3. Does B disprove A's claim? Same specific issue only, not just same topic.

Output pattern (always use this exact shape):
A: <phrase>
B: <phrase>
Answer: Yes/No

Examples:

A: no_evident_not_easy_check-in
B: customer_wait_10_minute_for_greet
Answer: Yes

A: no_evident_not_easy_check-in
B: no_one_give_key_on_late_check-in
Answer: No

A: no_evident_not_great_quality
B: shampoo_seem_cheap_considering_hotel_cost
Answer: Yes

A: no_evident_not_great_quality
B: expensive_hotel
Answer: No

Now answer for this pair. Output ONLY the final line ""Answer: Yes"" or ""Answer: No"" — no other text.

A: no_evident_not_5_star_service
B: only_one_staff_wear_mask
Answer:
","A: no_evident_not_5_star_service
B: only_one_staff_wear_mask
Answer: Yes"
2026-08-10 23:29:20,3,4821,no_evident_not_staff_speak_French,staff_charge_for_cancellation_while_no_cancellation_charge_in_Booking.com,"Task: decide if Proposition B contradicts Assumption A.

Steps:
1. A defends a claim (strip ""no_evident_not_"" / ""have_evident_"" to see it).
2. B states a fact.
3. Does B disprove A's claim? Same specific issue only, not just same topic.

Output pattern (always use this exact shape):
A: <phrase>
B: <phrase>
Answer: Yes/No

Examples:

A: no_evident_not_easy_check-in
B: customer_wait_10_minute_for_greet
Answer: Yes

A: no_evident_not_easy_check-in
B: no_one_give_key_on_late_check-in
Answer: No

A: no_evident_not_great_quality
B: shampoo_seem_cheap_considering_hotel_cost
Answer: Yes

A: no_evident_not_great_quality
B: expensive_hotel
Answer: No

Now answer for this pair. Output ONLY the final line ""Answer: Yes"" or ""Answer: No"" — no other text.

A: no_evident_not_staff_speak_French
B: staff_charge_for_cancellation_while_no_cancellation_charge_in_Booking.com
Answer:
","A: no_evident_not_staff_speak_French
B: staff_charge_for_cancellation_while_no_cancellation_charge_in_Booking.com
Answer: Yes"
2026-08-10 23:29:21,3,1805,no_evident_not_reachable_staff,staff_cannot_provide_double_bed,"Task: decide if Proposition B contradicts Assumption A.

Steps:
1. A defends a claim (strip ""no_evident_not_"" / ""have_evident_"" to see it).
2. B states a fact.
3. Does B disprove A's claim? Same specific issue only, not just same topic.

Output pattern (always use this exact shape):
A: <phrase>
B: <phrase>
Answer: Yes/No

Examples:

A: no_evident_not_easy_check-in
B: customer_wait_10_minute_for_greet
Answer: Yes

A: no_evident_not_easy_check-in
B: no_one_give_key_on_late_check-in
Answer: No

A: no_evident_not_great_quality
B: shampoo_seem_cheap_considering_hotel_cost
Answer: Yes

A: no_evident_not_great_quality
B: expensive_hotel
Answer: No

Now answer for this pair. Output ONLY the final line ""Answer: Yes"" or ""Answer: No"" — no other text.

A: no_evident_not_reachable_staff
B: staff_cannot_provide_double_bed
Answer:
","A: no_evident_not_reachable_staff
B: staff_cannot_provide_double_bed
Answer: Yes"
2026-08-10 23:29:21,3,59,no_evident_not_nice_staff,staff_not_justify_booking_issue,"Task: decide if Proposition B contradicts Assumption A.

Steps:
1. A defends a claim (strip ""no_evident_not_"" / ""have_evident_"" to see it).
2. B states a fact.
3. Does B disprove A's claim? Same specific issue only, not just same topic.

Output pattern (always use this exact shape):
A: <phrase>
B: <phrase>
Answer: Yes/No

Examples:

A: no_evident_not_easy_check-in
B: customer_wait_10_minute_for_greet
Answer: Yes

A: no_evident_not_easy_check-in
B: no_one_give_key_on_late_check-in
Answer: No

A: no_evident_not_great_quality
B: shampoo_seem_cheap_considering_hotel_cost
Answer: Yes

A: no_evident_not_great_quality
B: expensive_hotel
Answer: No

Now answer for this pair. Output ONLY the final line ""Answer: Yes"" or ""Answer: No"" — no other text.

A: no_evident_not_nice_staff
B: staff_not_justify_booking_issue
Answer:
","A: no_evident_not_nice_staff
B: staff_not_justify_booking_issue
Answer: Yes"
2026-08-10 23:29:21,3,582,no_evident_not_polite_staff,not_kind_staff,"Task: decide if Proposition B contradicts Assumption A.

Steps:
1. A defends a claim (strip ""no_evident_not_"" / ""have_evident_"" to see it).
2. B states a fact.
3. Does B disprove A's claim? Same specific issue only, not just same topic.

Output pattern (always use this exact shape):
A: <phrase>
B: <phrase>
Answer: Yes/No

Examples:

A: no_evident_not_easy_check-in
B: customer_wait_10_minute_for_greet
Answer: Yes

A: no_evident_not_easy_check-in
B: no_one_give_key_on_late_check-in
Answer: No

A: no_evident_not_great_quality
B: shampoo_seem_cheap_considering_hotel_cost
Answer: Yes

A: no_evident_not_great_quality
B: expensive_hotel
Answer: No

Now answer for this pair. Output ONLY the final line ""Answer: Yes"" or ""Answer: No"" — no other text.

A: no_evident_not_polite_staff
B: not_kind_staff
Answer:
","A: no_evident_not_polite_staff
B: not_kind_staff
Answer: Yes"
2026-08-10 23:29:21,3,5799,no_evident_not_can_request_adapter,staff_should_learn_better_English,"Task: decide if Proposition B contradicts Assumption A.

Steps:
1. A defends a claim (strip ""no_evident_not_"" / ""have_evident_"" to see it).
2. B states a fact.
3. Does B disprove A's claim? Same specific issue only, not just same topic.

Output pattern (always use this exact shape):
A: <phrase>
B: <phrase>
Answer: Yes/No

Examples:

A: no_evident_not_easy_check-in
B: customer_wait_10_minute_for_greet
Answer: Yes

A: no_evident_not_easy_check-in
B: no_one_give_key_on_late_check-in
Answer: No

A: no_evident_not_great_quality
B: shampoo_seem_cheap_considering_hotel_cost
Answer: Yes

A: no_evident_not_great_quality
B: expensive_hotel
Answer: No

Now answer for this pair. Output ONLY the final line ""Answer: Yes"" or ""Answer: No"" — no other text.

A: no_evident_not_can_request_adapter
B: staff_should_learn_better_English
Answer:
",Answer: Yes
2026-08-10 23:29:22,3,5170,no_evident_not_respond_to_help,staff_has_unaceptable_manner,"Task: decide if Proposition B contradicts Assumption A.

Steps:
1. A defends a claim (strip ""no_evident_not_"" / ""have_evident_"" to see it).
2. B states a fact.
3. Does B disprove A's claim? Same specific issue only, not just same topic.

Output pattern (always use this exact shape):
A: <phrase>
B: <phrase>
Answer: Yes/No

Examples:

A: no_evident_not_easy_check-in
B: customer_wait_10_minute_for_greet
Answer: Yes

A: no_evident_not_easy_check-in
B: no_one_give_key_on_late_check-in
Answer: No

A: no_evident_not_great_quality
B: shampoo_seem_cheap_considering_hotel_cost
Answer: Yes

A: no_evident_not_great_quality
B: expensive_hotel
Answer: No

Now answer for this pair. Output ONLY the final line ""Answer: Yes"" or ""Answer: No"" — no other text.

A: no_evident_not_respond_to_help
B: staff_has_unaceptable_manner
Answer:
","A: no_evident_not_respond_to_help
B: staff_has_unacceptable_manner
Answer: Yes"
2026-08-10 23:29:22,3,483,no_evident_not_staff_bring_back,only_one_staff_wear_mask,"Task: decide if Proposition B contradicts Assumption A.

Steps:
1. A defends a claim (strip ""no_evident_not_"" / ""have_evident_"" to see it).
2. B states a fact.
3. Does B disprove A's claim? Same specific issue only, not just same topic.

Output pattern (always use this exact shape):
A: <phrase>
B: <phrase>
Answer: Yes/No

Examples:

A: no_evident_not_easy_check-in
B: customer_wait_10_minute_for_greet
Answer: Yes

A: no_evident_not_easy_check-in
B: no_one_give_key_on_late_check-in
Answer: No

A: no_evident_not_great_quality
B: shampoo_seem_cheap_considering_hotel_cost
Answer: Yes

A: no_evident_not_great_quality
B: expensive_hotel
Answer: No

Now answer for this pair. Output ONLY the final line ""Answer: Yes"" or ""Answer: No"" — no other text.

A: no_evident_not_staff_bring_back
B: only_one_staff_wear_mask
Answer:
","A: no_evident_not_staff_bring_back
B: only_one_staff_wear_mask
Answer: Yes"
2026-08-10 23:29:22,3,1876,no_evident_not_5_star_service,staff_not_justify_booking_issue,"Task: decide if Proposition B contradicts Assumption A.

Steps:
1. A defends a claim (strip ""no_evident_not_"" / ""have_evident_"" to see it).
2. B states a fact.
3. Does B disprove A's claim? Same specific issue only, not just same topic.

Output pattern (always use this exact shape):
A: <phrase>
B: <phrase>
Answer: Yes/No

Examples:

A: no_evident_not_easy_check-in
B: customer_wait_10_minute_for_greet
Answer: Yes

A: no_evident_not_easy_check-in
B: no_one_give_key_on_late_check-in
Answer: No

A: no_evident_not_great_quality
B: shampoo_seem_cheap_considering_hotel_cost
Answer: Yes

A: no_evident_not_great_quality
B: expensive_hotel
Answer: No

Now answer for this pair. Output ONLY the final line ""Answer: Yes"" or ""Answer: No"" — no other text.

A: no_evident_not_5_star_service
B: staff_not_justify_booking_issue
Answer:
",Answer: Yes
2026-08-10 23:29:22,3,553,no_evident_not_wonderful_staff,staff_not_speak_English_properly,"Task: decide if Proposition B contradicts Assumption A.

Steps:
1. A defends a claim (strip ""no_evident_not_"" / ""have_evident_"" to see it).
2. B states a fact.
3. Does B disprove A's claim? Same specific issue only, not just same topic.

Output pattern (always use this exact shape):
A: <phrase>
B: <phrase>
Answer: Yes/No

Examples:

A: no_evident_not_easy_check-in
B: customer_wait_10_minute_for_greet
Answer: Yes

A: no_evident_not_easy_check-in
B: no_one_give_key_on_late_check-in
Answer: No

A: no_evident_not_great_quality
B: shampoo_seem_cheap_considering_hotel_cost
Answer: Yes

A: no_evident_not_great_quality
B: expensive_hotel
Answer: No

Now answer for this pair. Output ONLY the final line ""Answer: Yes"" or ""Answer: No"" — no other text.

A: no_evident_not_wonderful_staff
B: staff_not_speak_English_properly
Answer:
",Answer: Yes
2026-08-10 23:29:22,3,258,no_evident_not_friendly_staff,staff_need_improve_collaboration,"Task: decide if Proposition B contradicts Assumption A.

Steps:
1. A defends a claim (strip ""no_evident_not_"" / ""have_evident_"" to see it).
2. B states a fact.
3. Does B disprove A's claim? Same specific issue only, not just same topic.

Output pattern (always use this exact shape):
A: <phrase>
B: <phrase>
Answer: Yes/No

Examples:

A: no_evident_not_easy_check-in
B: customer_wait_10_minute_for_greet
Answer: Yes

A: no_evident_not_easy_check-in
B: no_one_give_key_on_late_check-in
Answer: No

A: no_evident_not_great_quality
B: shampoo_seem_cheap_considering_hotel_cost
Answer: Yes

A: no_evident_not_great_quality
B: expensive_hotel
Answer: No

Now answer for this pair. Output ONLY the final line ""Answer: Yes"" or ""Answer: No"" — no other text.

A: no_evident_not_friendly_staff
B: staff_need_improve_collaboration
Answer:
",Answer: No
2026-08-10 23:29:23,3,2707,no_evident_not_staff_give_prime_parking,staff_mistakenly_throw_valuable_item_during_cleaning_service,"Task: decide if Proposition B contradicts Assumption A.

Steps:
1. A defends a claim (strip ""no_evident_not_"" / ""have_evident_"" to see it).
2. B states a fact.
3. Does B disprove A's claim? Same specific issue only, not just same topic.

Output pattern (always use this exact shape):
A: <phrase>
B: <phrase>
Answer: Yes/No

Examples:

A: no_evident_not_easy_check-in
B: customer_wait_10_minute_for_greet
Answer: Yes

A: no_evident_not_easy_check-in
B: no_one_give_key_on_late_check-in
Answer: No

A: no_evident_not_great_quality
B: shampoo_seem_cheap_considering_hotel_cost
Answer: Yes

A: no_evident_not_great_quality
B: expensive_hotel
Answer: No

Now answer for this pair. Output ONLY the final line ""Answer: Yes"" or ""Answer: No"" — no other text.

A: no_evident_not_staff_give_prime_parking
B: staff_mistakenly_throw_valuable_item_during_cleaning_service
Answer:
","A: no_evident_not_staff_give_prime_parking
B: staff_mistakenly_throw_valuable_item_during_cleaning_service
Answer: Yes"
2026-08-10 23:29:23,3,581,no_evident_not_polite_staff,staff_need_keep_update,"Task: decide if Proposition B contradicts Assumption A.

Steps:
1. A defends a claim (strip ""no_evident_not_"" / ""have_evident_"" to see it).
2. B states a fact.
3. Does B disprove A's claim? Same specific issue only, not just same topic.

Output pattern (always use this exact shape):
A: <phrase>
B: <phrase>
Answer: Yes/No

Examples:

A: no_evident_not_easy_check-in
B: customer_wait_10_minute_for_greet
Answer: Yes

A: no_evident_not_easy_check-in
B: no_one_give_key_on_late_check-in
Answer: No

A: no_evident_not_great_quality
B: shampoo_seem_cheap_considering_hotel_cost
Answer: Yes

A: no_evident_not_great_quality
B: expensive_hotel
Answer: No

Now answer for this pair. Output ONLY the final line ""Answer: Yes"" or ""Answer: No"" — no other text.

A: no_evident_not_polite_staff
B: staff_need_keep_update
Answer:
","A: no_evident_not_polite_staff
B: staff_need_keep_update
Answer: No"
2026-08-10 23:29:23,3,4212,no_evident_not_courteous_staff,staff_should_learn_better_English,"Task: decide if Proposition B contradicts Assumption A.

Steps:
1. A defends a claim (strip ""no_evident_not_"" / ""have_evident_"" to see it).
2. B states a fact.
3. Does B disprove A's claim? Same specific issue only, not just same topic.

Output pattern (always use this exact shape):
A: <phrase>
B: <phrase>
Answer: Yes/No

Examples:

A: no_evident_not_easy_check-in
B: customer_wait_10_minute_for_greet
Answer: Yes

A: no_evident_not_easy_check-in
B: no_one_give_key_on_late_check-in
Answer: No

A: no_evident_not_great_quality
B: shampoo_seem_cheap_considering_hotel_cost
Answer: Yes

A: no_evident_not_great_quality
B: expensive_hotel
Answer: No

Now answer for this pair. Output ONLY the final line ""Answer: Yes"" or ""Answer: No"" — no other text.

A: no_evident_not_courteous_staff
B: staff_should_learn_better_English
Answer:
",Answer: Yes
2026-08-10 23:29:24,3,1950,no_evident_not_staff_arrange_car_to_airport,staff_has_unaceptable_manner,"Task: decide if Proposition B contradicts Assumption A.

Steps:
1. A defends a claim (strip ""no_evident_not_"" / ""have_evident_"" to see it).
2. B states a fact.
3. Does B disprove A's claim? Same specific issue only, not just same topic.

Output pattern (always use this exact shape):
A: <phrase>
B: <phrase>
Answer: Yes/No

Examples:

A: no_evident_not_easy_check-in
B: customer_wait_10_minute_for_greet
Answer: Yes

A: no_evident_not_easy_check-in
B: no_one_give_key_on_late_check-in
Answer: No

A: no_evident_not_great_quality
B: shampoo_seem_cheap_considering_hotel_cost
Answer: Yes

A: no_evident_not_great_quality
B: expensive_hotel
Answer: No

Now answer for this pair. Output ONLY the final line ""Answer: Yes"" or ""Answer: No"" — no other text.

A: no_evident_not_staff_arrange_car_to_airport
B: staff_has_unaceptable_manner
Answer:
","A: no_evident_not_staff_arrange_car_to_airport
B: staff_has_unacceptable_manner
Answer: Yes"
2026-08-10 23:29:24,3,2282,no_evident_not_staff_recommend_place_to_visit,staff_need_improve_collaboration,"Task: decide if Proposition B contradicts Assumption A.

Steps:
1. A defends a claim (strip ""no_evident_not_"" / ""have_evident_"" to see it).
2. B states a fact.
3. Does B disprove A's claim? Same specific issue only, not just same topic.

Output pattern (always use this exact shape):
A: <phrase>
B: <phrase>
Answer: Yes/No

Examples:

A: no_evident_not_easy_check-in
B: customer_wait_10_minute_for_greet
Answer: Yes

A: no_evident_not_easy_check-in
B: no_one_give_key_on_late_check-in
Answer: No

A: no_evident_not_great_quality
B: shampoo_seem_cheap_considering_hotel_cost
Answer: Yes

A: no_evident_not_great_quality
B: expensive_hotel
Answer: No

Now answer for this pair. Output ONLY the final line ""Answer: Yes"" or ""Answer: No"" — no other text.

A: no_evident_not_staff_recommend_place_to_visit
B: staff_need_improve_collaboration
Answer:
",Answer: Yes
2026-08-10 23:29:24,3,3977,no_evident_not_staff_alway_help,staff_not_understand_English_well,"Task: decide if Proposition B contradicts Assumption A.

Steps:
1. A defends a claim (strip ""no_evident_not_"" / ""have_evident_"" to see it).
2. B states a fact.
3. Does B disprove A's claim? Same specific issue only, not just same topic.

Output pattern (always use this exact shape):
A: <phrase>
B: <phrase>
Answer: Yes/No

Examples:

A: no_evident_not_easy_check-in
B: customer_wait_10_minute_for_greet
Answer: Yes

A: no_evident_not_easy_check-in
B: no_one_give_key_on_late_check-in
Answer: No

A: no_evident_not_great_quality
B: shampoo_seem_cheap_considering_hotel_cost
Answer: Yes

A: no_evident_not_great_quality
B: expensive_hotel
Answer: No

Now answer for this pair. Output ONLY the final line ""Answer: Yes"" or ""Answer: No"" — no other text.

A: no_evident_not_staff_alway_help
B: staff_not_understand_English_well
Answer:
","A: no_evident_not_staff_alway_help
B: staff_not_understand_English_well
Answer: Yes"
2026-08-10 23:29:24,3,5481,no_evident_not_staff_pick_up_at_bus_stop,not_kind_staff,"Task: decide if Proposition B contradicts Assumption A.

Steps:
1. A defends a claim (strip ""no_evident_not_"" / ""have_evident_"" to see it).
2. B states a fact.
3. Does B disprove A's claim? Same specific issue only, not just same topic.

Output pattern (always use this exact shape):
A: <phrase>
B: <phrase>
Answer: Yes/No

Examples:

A: no_evident_not_easy_check-in
B: customer_wait_10_minute_for_greet
Answer: Yes

A: no_evident_not_easy_check-in
B: no_one_give_key_on_late_check-in
Answer: No

A: no_evident_not_great_quality
B: shampoo_seem_cheap_considering_hotel_cost
Answer: Yes

A: no_evident_not_great_quality
B: expensive_hotel
Answer: No

Now answer for this pair. Output ONLY the final line ""Answer: Yes"" or ""Answer: No"" — no other text.

A: no_evident_not_staff_pick_up_at_bus_stop
B: not_kind_staff
Answer:
","A: no_evident_not_staff_pick_up_at_bus_stop
B: not_kind_staff
Answer: Yes"
2026-08-10 23:29:24,3,1756,no_evident_not_attentive_staff,no_empathy_staff,"Task: decide if Proposition B contradicts Assumption A.

Steps:
1. A defends a claim (strip ""no_evident_not_"" / ""have_evident_"" to see it).
2. B states a fact.
3. Does B disprove A's claim? Same specific issue only, not just same topic.

Output pattern (always use this exact shape):
A: <phrase>
B: <phrase>
Answer: Yes/No

Examples:

A: no_evident_not_easy_check-in
B: customer_wait_10_minute_for_greet
Answer: Yes

A: no_evident_not_easy_check-in
B: no_one_give_key_on_late_check-in
Answer: No

A: no_evident_not_great_quality
B: shampoo_seem_cheap_considering_hotel_cost
Answer: Yes

A: no_evident_not_great_quality
B: expensive_hotel
Answer: No

Now answer for this pair. Output ONLY the final line ""Answer: Yes"" or ""Answer: No"" — no other text.

A: no_evident_not_attentive_staff
B: no_empathy_staff
Answer:
",Answer: Yes
2026-08-10 23:29:24,3,1084,no_evident_not_kindest_staff,staff_should_learn_better_English,"Task: decide if Proposition B contradicts Assumption A.

Steps:
1. A defends a claim (strip ""no_evident_not_"" / ""have_evident_"" to see it).
2. B states a fact.
3. Does B disprove A's claim? Same specific issue only, not just same topic.

Output pattern (always use this exact shape):
A: <phrase>
B: <phrase>
Answer: Yes/No

Examples:

A: no_evident_not_easy_check-in
B: customer_wait_10_minute_for_greet
Answer: Yes

A: no_evident_not_easy_check-in
B: no_one_give_key_on_late_check-in
Answer: No

A: no_evident_not_great_quality
B: shampoo_seem_cheap_considering_hotel_cost
Answer: Yes

A: no_evident_not_great_quality
B: expensive_hotel
Answer: No

Now answer for this pair. Output ONLY the final line ""Answer: Yes"" or ""Answer: No"" — no other text.

A: no_evident_not_kindest_staff
B: staff_should_learn_better_English
Answer:
",Answer: Yes
2026-08-10 23:29:25,3,5926,no_evident_not_top_staff,staff_enforce_cancellation_charge,"Task: decide if Proposition B contradicts Assumption A.

Steps:
1. A defends a claim (strip ""no_evident_not_"" / ""have_evident_"" to see it).
2. B states a fact.
3. Does B disprove A's claim? Same specific issue only, not just same topic.

Output pattern (always use this exact shape):
A: <phrase>
B: <phrase>
Answer: Yes/No

Examples:

A: no_evident_not_easy_check-in
B: customer_wait_10_minute_for_greet
Answer: Yes

A: no_evident_not_easy_check-in
B: no_one_give_key_on_late_check-in
Answer: No

A: no_evident_not_great_quality
B: shampoo_seem_cheap_considering_hotel_cost
Answer: Yes

A: no_evident_not_great_quality
B: expensive_hotel
Answer: No

Now answer for this pair. Output ONLY the final line ""Answer: Yes"" or ""Answer: No"" — no other text.

A: no_evident_not_top_staff
B: staff_enforce_cancellation_charge
Answer:
","A: no_evident_not_top_staff
B: staff_enforce_cancellation_charge
Answer: Yes"
2026-08-10 23:29:25,3,4678,no_evident_not_upgrade_room_free,staff_fail_to_communicate_with_taxi,"Task: decide if Proposition B contradicts Assumption A.

Steps:
1. A defends a claim (strip ""no_evident_not_"" / ""have_evident_"" to see it).
2. B states a fact.
3. Does B disprove A's claim? Same specific issue only, not just same topic.

Output pattern (always use this exact shape):
A: <phrase>
B: <phrase>
Answer: Yes/No

Examples:

A: no_evident_not_easy_check-in
B: customer_wait_10_minute_for_greet
Answer: Yes

A: no_evident_not_easy_check-in
B: no_one_give_key_on_late_check-in
Answer: No

A: no_evident_not_great_quality
B: shampoo_seem_cheap_considering_hotel_cost
Answer: Yes

A: no_evident_not_great_quality
B: expensive_hotel
Answer: No

Now answer for this pair. Output ONLY the final line ""Answer: Yes"" or ""Answer: No"" — no other text.

A: no_evident_not_upgrade_room_free
B: staff_fail_to_communicate_with_taxi
Answer:
","A: no_evident_not_upgrade_room_free
B: staff_fail_to_communicate_with_taxi
Answer: Yes"
2026-08-10 23:29:26,3,4721,no_evident_not_staff_left_clear_information_for_arrival,staff_need_keep_update,"Task: decide if Proposition B contradicts Assumption A.

Steps:
1. A defends a claim (strip ""no_evident_not_"" / ""have_evident_"" to see it).
2. B states a fact.
3. Does B disprove A's claim? Same specific issue only, not just same topic.

Output pattern (always use this exact shape):
A: <phrase>
B: <phrase>
Answer: Yes/No

Examples:

A: no_evident_not_easy_check-in
B: customer_wait_10_minute_for_greet
Answer: Yes

A: no_evident_not_easy_check-in
B: no_one_give_key_on_late_check-in
Answer: No

A: no_evident_not_great_quality
B: shampoo_seem_cheap_considering_hotel_cost
Answer: Yes

A: no_evident_not_great_quality
B: expensive_hotel
Answer: No

Now answer for this pair. Output ONLY the final line ""Answer: Yes"" or ""Answer: No"" — no other text.

A: no_evident_not_staff_left_clear_information_for_arrival
B: staff_need_keep_update
Answer:
","A: no_evident_not_staff_left_clear_information_for_arrival
B: staff_need_keep_update
Answer: Yes"
2026-08-10 23:29:26,3,3873,no_evident_not_sweet_staff,staff_fail_to_communicate_with_taxi,"Task: decide if Proposition B contradicts Assumption A.

Steps:
1. A defends a claim (strip ""no_evident_not_"" / ""have_evident_"" to see it).
2. B states a fact.
3. Does B disprove A's claim? Same specific issue only, not just same topic.

Output pattern (always use this exact shape):
A: <phrase>
B: <phrase>
Answer: Yes/No

Examples:

A: no_evident_not_easy_check-in
B: customer_wait_10_minute_for_greet
Answer: Yes

A: no_evident_not_easy_check-in
B: no_one_give_key_on_late_check-in
Answer: No

A: no_evident_not_great_quality
B: shampoo_seem_cheap_considering_hotel_cost
Answer: Yes

A: no_evident_not_great_quality
B: expensive_hotel
Answer: No

Now answer for this pair. Output ONLY the final line ""Answer: Yes"" or ""Answer: No"" — no other text.

A: no_evident_not_sweet_staff
B: staff_fail_to_communicate_with_taxi
Answer:
","A: no_evident_not_sweet_staff
B: staff_fail_to_communicate_with_taxi
Answer: Yes"
2026-08-10 23:29:26,3,1991,no_evident_not_delightful_staff,staff_not_justify_booking_issue,"Task: decide if Proposition B contradicts Assumption A.

Steps:
1. A defends a claim (strip ""no_evident_not_"" / ""have_evident_"" to see it).
2. B states a fact.
3. Does B disprove A's claim? Same specific issue only, not just same topic.

Output pattern (always use this exact shape):
A: <phrase>
B: <phrase>
Answer: Yes/No

Examples:

A: no_evident_not_easy_check-in
B: customer_wait_10_minute_for_greet
Answer: Yes

A: no_evident_not_easy_check-in
B: no_one_give_key_on_late_check-in
Answer: No

A: no_evident_not_great_quality
B: shampoo_seem_cheap_considering_hotel_cost
Answer: Yes

A: no_evident_not_great_quality
B: expensive_hotel
Answer: No

Now answer for this pair. Output ONLY the final line ""Answer: Yes"" or ""Answer: No"" — no other text.

A: no_evident_not_delightful_staff
B: staff_not_justify_booking_issue
Answer:
","A: no_evident_not_delightful_staff
B: staff_not_justify_booking_issue
Answer: Yes"
2026-08-10 23:29:27,3,3875,no_evident_not_sweet_staff,staff_cannot_provide_double_bed,"Task: decide if Proposition B contradicts Assumption A.

Steps:
1. A defends a claim (strip ""no_evident_not_"" / ""have_evident_"" to see it).
2. B states a fact.
3. Does B disprove A's claim? Same specific issue only, not just same topic.

Output pattern (always use this exact shape):
A: <phrase>
B: <phrase>
Answer: Yes/No

Examples:

A: no_evident_not_easy_check-in
B: customer_wait_10_minute_for_greet
Answer: Yes

A: no_evident_not_easy_check-in
B: no_one_give_key_on_late_check-in
Answer: No

A: no_evident_not_great_quality
B: shampoo_seem_cheap_considering_hotel_cost
Answer: Yes

A: no_evident_not_great_quality
B: expensive_hotel
Answer: No

Now answer for this pair. Output ONLY the final line ""Answer: Yes"" or ""Answer: No"" — no other text.

A: no_evident_not_sweet_staff
B: staff_cannot_provide_double_bed
Answer:
","A: no_evident_not_sweet_staff
B: staff_cannot_provide_double_bed
Answer: Yes"
2026-08-10 23:29:27,3,3335,no_evident_not_good_hospitality_staff,only_one_staff_wear_mask,"Task: decide if Proposition B contradicts Assumption A.

Steps:
1. A defends a claim (strip ""no_evident_not_"" / ""have_evident_"" to see it).
2. B states a fact.
3. Does B disprove A's claim? Same specific issue only, not just same topic.

Output pattern (always use this exact shape):
A: <phrase>
B: <phrase>
Answer: Yes/No

Examples:

A: no_evident_not_easy_check-in
B: customer_wait_10_minute_for_greet
Answer: Yes

A: no_evident_not_easy_check-in
B: no_one_give_key_on_late_check-in
Answer: No

A: no_evident_not_great_quality
B: shampoo_seem_cheap_considering_hotel_cost
Answer: Yes

A: no_evident_not_great_quality
B: expensive_hotel
Answer: No

Now answer for this pair. Output ONLY the final line ""Answer: Yes"" or ""Answer: No"" — no other text.

A: no_evident_not_good_hospitality_staff
B: only_one_staff_wear_mask
Answer:
","A: no_evident_not_good_hospitality_staff
B: all_staff_wear_mask
Answer: Yes"
2026-08-10 23:29:27,3,1560,no_evident_not_staff_offer_food,staff_not_speak_Cypriot_language,"Task: decide if Proposition B contradicts Assumption A.

Steps:
1. A defends a claim (strip ""no_evident_not_"" / ""have_evident_"" to see it).
2. B states a fact.
3. Does B disprove A's claim? Same specific issue only, not just same topic.

Output pattern (always use this exact shape):
A: <phrase>
B: <phrase>
Answer: Yes/No

Examples:

A: no_evident_not_easy_check-in
B: customer_wait_10_minute_for_greet
Answer: Yes

A: no_evident_not_easy_check-in
B: no_one_give_key_on_late_check-in
Answer: No

A: no_evident_not_great_quality
B: shampoo_seem_cheap_considering_hotel_cost
Answer: Yes

A: no_evident_not_great_quality
B: expensive_hotel
Answer: No

Now answer for this pair. Output ONLY the final line ""Answer: Yes"" or ""Answer: No"" — no other text.

A: no_evident_not_staff_offer_food
B: staff_not_speak_Cypriot_language
Answer:
","A: no_evident_not_staff_offer_food
B: staff_not_speak_Cypriot_language
Answer: Yes"
2026-08-10 23:29:28,3,773,no_evident_not_good_service,staff_charge_for_cancellation_while_no_cancellation_charge_in_Booking.com,"Task: decide if Proposition B contradicts Assumption A.

Steps:
1. A defends a claim (strip ""no_evident_not_"" / ""have_evident_"" to see it).
2. B states a fact.
3. Does B disprove A's claim? Same specific issue only, not just same topic.

Output pattern (always use this exact shape):
A: <phrase>
B: <phrase>
Answer: Yes/No

Examples:

A: no_evident_not_easy_check-in
B: customer_wait_10_minute_for_greet
Answer: Yes

A: no_evident_not_easy_check-in
B: no_one_give_key_on_late_check-in
Answer: No

A: no_evident_not_great_quality
B: shampoo_seem_cheap_considering_hotel_cost
Answer: Yes

A: no_evident_not_great_quality
B: expensive_hotel
Answer: No

Now answer for this pair. Output ONLY the final line ""Answer: Yes"" or ""Answer: No"" — no other text.

A: no_evident_not_good_service
B: staff_charge_for_cancellation_while_no_cancellation_charge_in_Booking.com
Answer:
","A: no_evident_not_good_service
B: staff_charge_for_cancellation_while_no_cancellation_charge_in_Booking.com
Answer: Yes"
2026-08-10 23:29:28,3,795,no_evident_not_staff_reach_out_when_reception_close,staff_not_justify_booking_issue,"Task: decide if Proposition B contradicts Assumption A.

Steps:
1. A defends a claim (strip ""no_evident_not_"" / ""have_evident_"" to see it).
2. B states a fact.
3. Does B disprove A's claim? Same specific issue only, not just same topic.

Output pattern (always use this exact shape):
A: <phrase>
B: <phrase>
Answer: Yes/No

Examples:

A: no_evident_not_easy_check-in
B: customer_wait_10_minute_for_greet
Answer: Yes

A: no_evident_not_easy_check-in
B: no_one_give_key_on_late_check-in
Answer: No

A: no_evident_not_great_quality
B: shampoo_seem_cheap_considering_hotel_cost
Answer: Yes

A: no_evident_not_great_quality
B: expensive_hotel
Answer: No

Now answer for this pair. Output ONLY the final line ""Answer: Yes"" or ""Answer: No"" — no other text.

A: no_evident_not_staff_reach_out_when_reception_close
B: staff_not_justify_booking_issue
Answer:
","A: no_evident_not_staff_reach_out_when_reception_close
B: staff_not_justify_booking_issue
Answer: Yes"
2026-08-10 23:29:29,3,5399,no_evident_not_staff_give_early_check-in,staff_not_provide_good_solution,"Task: decide if Proposition B contradicts Assumption A.

Steps:
1. A defends a claim (strip ""no_evident_not_"" / ""have_evident_"" to see it).
2. B states a fact.
3. Does B disprove A's claim? Same specific issue only, not just same topic.

Output pattern (always use this exact shape):
A: <phrase>
B: <phrase>
Answer: Yes/No

Examples:

A: no_evident_not_easy_check-in
B: customer_wait_10_minute_for_greet
Answer: Yes

A: no_evident_not_easy_check-in
B: no_one_give_key_on_late_check-in
Answer: No

A: no_evident_not_great_quality
B: shampoo_seem_cheap_considering_hotel_cost
Answer: Yes

A: no_evident_not_great_quality
B: expensive_hotel
Answer: No

Now answer for this pair. Output ONLY the final line ""Answer: Yes"" or ""Answer: No"" — no other text.

A: no_evident_not_staff_give_early_check-in
B: staff_not_provide_good_solution
Answer:
","A: no_evident_not_staff_give_early_check-in
B: staff_not_provide_good_solution
Answer: Yes"
2026-08-10 23:29:29,3,3532,no_evident_not_staff_make_guest_better_stay,staff_not_justify_booking_issue,"Task: decide if Proposition B contradicts Assumption A.

Steps:
1. A defends a claim (strip ""no_evident_not_"" / ""have_evident_"" to see it).
2. B states a fact.
3. Does B disprove A's claim? Same specific issue only, not just same topic.

Output pattern (always use this exact shape):
A: <phrase>
B: <phrase>
Answer: Yes/No

Examples:

A: no_evident_not_easy_check-in
B: customer_wait_10_minute_for_greet
Answer: Yes

A: no_evident_not_easy_check-in
B: no_one_give_key_on_late_check-in
Answer: No

A: no_evident_not_great_quality
B: shampoo_seem_cheap_considering_hotel_cost
Answer: Yes

A: no_evident_not_great_quality
B: expensive_hotel
Answer: No

Now answer for this pair. Output ONLY the final line ""Answer: Yes"" or ""Answer: No"" — no other text.

A: no_evident_not_staff_make_guest_better_stay
B: staff_not_justify_booking_issue
Answer:
","A: no_evident_not_staff_make_guest_better_stay
B: staff_not_justify_booking_issue
Answer: Yes"
2026-08-10 23:29:29,3,2903,no_evident_not_great_hospitality_staff,staff_need_improve_collaboration,"Task: decide if Proposition B contradicts Assumption A.

Steps:
1. A defends a claim (strip ""no_evident_not_"" / ""have_evident_"" to see it).
2. B states a fact.
3. Does B disprove A's claim? Same specific issue only, not just same topic.

Output pattern (always use this exact shape):
A: <phrase>
B: <phrase>
Answer: Yes/No

Examples:

A: no_evident_not_easy_check-in
B: customer_wait_10_minute_for_greet
Answer: Yes

A: no_evident_not_easy_check-in
B: no_one_give_key_on_late_check-in
Answer: No

A: no_evident_not_great_quality
B: shampoo_seem_cheap_considering_hotel_cost
Answer: Yes

A: no_evident_not_great_quality
B: expensive_hotel
Answer: No

Now answer for this pair. Output ONLY the final line ""Answer: Yes"" or ""Answer: No"" — no other text.

A: no_evident_not_great_hospitality_staff
B: staff_need_improve_collaboration
Answer:
",Answer: No
2026-08-10 23:29:29,3,3470,no_evident_not_staff_make_hotel_great,no_staff_at_night,"Task: decide if Proposition B contradicts Assumption A.

Steps:
1. A defends a claim (strip ""no_evident_not_"" / ""have_evident_"" to see it).
2. B states a fact.
3. Does B disprove A's claim? Same specific issue only, not just same topic.

Output pattern (always use this exact shape):
A: <phrase>
B: <phrase>
Answer: Yes/No

Examples:

A: no_evident_not_easy_check-in
B: customer_wait_10_minute_for_greet
Answer: Yes

A: no_evident_not_easy_check-in
B: no_one_give_key_on_late_check-in
Answer: No

A: no_evident_not_great_quality
B: shampoo_seem_cheap_considering_hotel_cost
Answer: Yes

A: no_evident_not_great_quality
B: expensive_hotel
Answer: No

Now answer for this pair. Output ONLY the final line ""Answer: Yes"" or ""Answer: No"" — no other text.

A: no_evident_not_staff_make_hotel_great
B: no_staff_at_night
Answer:
","A: no_evident_not_staff_make_hotel_great
B: no_staff_at_night
Answer: Yes"
2026-08-10 23:29:30,3,3368,no_evident_not_ready_to_help,staff_fail_to_guest_request,"Task: decide if Proposition B contradicts Assumption A.

Steps:
1. A defends a claim (strip ""no_evident_not_"" / ""have_evident_"" to see it).
2. B states a fact.
3. Does B disprove A's claim? Same specific issue only, not just same topic.

Output pattern (always use this exact shape):
A: <phrase>
B: <phrase>
Answer: Yes/No

Examples:

A: no_evident_not_easy_check-in
B: customer_wait_10_minute_for_greet
Answer: Yes

A: no_evident_not_easy_check-in
B: no_one_give_key_on_late_check-in
Answer: No

A: no_evident_not_great_quality
B: shampoo_seem_cheap_considering_hotel_cost
Answer: Yes

A: no_evident_not_great_quality
B: expensive_hotel
Answer: No

Now answer for this pair. Output ONLY the final line ""Answer: Yes"" or ""Answer: No"" — no other text.

A: no_evident_not_ready_to_help
B: staff_fail_to_guest_request
Answer:
","A: no_evident_not_ready_to_help
B: staff_fail_to_guest_request
Answer: Yes"
2026-08-10 23:29:30,3,3826,no_evident_not_staff_give_good_advice,no_empathy_staff,"Task: decide if Proposition B contradicts Assumption A.

Steps:
1. A defends a claim (strip ""no_evident_not_"" / ""have_evident_"" to see it).
2. B states a fact.
3. Does B disprove A's claim? Same specific issue only, not just same topic.

Output pattern (always use this exact shape):
A: <phrase>
B: <phrase>
Answer: Yes/No

Examples:

A: no_evident_not_easy_check-in
B: customer_wait_10_minute_for_greet
Answer: Yes

A: no_evident_not_easy_check-in
B: no_one_give_key_on_late_check-in
Answer: No

A: no_evident_not_great_quality
B: shampoo_seem_cheap_considering_hotel_cost
Answer: Yes

A: no_evident_not_great_quality
B: expensive_hotel
Answer: No

Now answer for this pair. Output ONLY the final line ""Answer: Yes"" or ""Answer: No"" — no other text.

A: no_evident_not_staff_give_good_advice
B: no_empathy_staff
Answer:
","A: no_evident_not_staff_give_good_advice
B: no_empathy_staff
Answer: Yes"
2026-08-10 23:29:31,3,5973,no_evident_not_staff_explain,staff_mistakenly_throw_valuable_item_during_cleaning_service,"Task: decide if Proposition B contradicts Assumption A.

Steps:
1. A defends a claim (strip ""no_evident_not_"" / ""have_evident_"" to see it).
2. B states a fact.
3. Does B disprove A's claim? Same specific issue only, not just same topic.

Output pattern (always use this exact shape):
A: <phrase>
B: <phrase>
Answer: Yes/No

Examples:

A: no_evident_not_easy_check-in
B: customer_wait_10_minute_for_greet
Answer: Yes

A: no_evident_not_easy_check-in
B: no_one_give_key_on_late_check-in
Answer: No

A: no_evident_not_great_quality
B: shampoo_seem_cheap_considering_hotel_cost
Answer: Yes

A: no_evident_not_great_quality
B: expensive_hotel
Answer: No

Now answer for this pair. Output ONLY the final line ""Answer: Yes"" or ""Answer: No"" — no other text.

A: no_evident_not_staff_explain
B: staff_mistakenly_throw_valuable_item_during_cleaning_service
Answer:
","A: no_evident_not_staff_explain
B: staff_mistakenly_throw_valuable_item_during_cleaning_service
Answer: Yes"
2026-08-10 23:29:31,3,444,no_evident_not_staff_help_with_all_our_wish,not_kind_staff,"Task: decide if Proposition B contradicts Assumption A.

Steps:
1. A defends a claim (strip ""no_evident_not_"" / ""have_evident_"" to see it).
2. B states a fact.
3. Does B disprove A's claim? Same specific issue only, not just same topic.

Output pattern (always use this exact shape):
A: <phrase>
B: <phrase>
Answer: Yes/No

Examples:

A: no_evident_not_easy_check-in
B: customer_wait_10_minute_for_greet
Answer: Yes

A: no_evident_not_easy_check-in
B: no_one_give_key_on_late_check-in
Answer: No

A: no_evident_not_great_quality
B: shampoo_seem_cheap_considering_hotel_cost
Answer: Yes

A: no_evident_not_great_quality
B: expensive_hotel
Answer: No

Now answer for this pair. Output ONLY the final line ""Answer: Yes"" or ""Answer: No"" — no other text.

A: no_evident_not_staff_help_with_all_our_wish
B: not_kind_staff
Answer:
","A: no_evident_not_staff_help_with_all_our_wish
B: not_kind_staff
Answer: Yes"
2026-08-10 23:29:31,3,5517,no_evident_not_staff_allow_leave_thing_after_check-out,no_staff_at_night,"Task: decide if Proposition B contradicts Assumption A.

Steps:
1. A defends a claim (strip ""no_evident_not_"" / ""have_evident_"" to see it).
2. B states a fact.
3. Does B disprove A's claim? Same specific issue only, not just same topic.

Output pattern (always use this exact shape):
A: <phrase>
B: <phrase>
Answer: Yes/No

Examples:

A: no_evident_not_easy_check-in
B: customer_wait_10_minute_for_greet
Answer: Yes

A: no_evident_not_easy_check-in
B: no_one_give_key_on_late_check-in
Answer: No

A: no_evident_not_great_quality
B: shampoo_seem_cheap_considering_hotel_cost
Answer: Yes

A: no_evident_not_great_quality
B: expensive_hotel
Answer: No

Now answer for this pair. Output ONLY the final line ""Answer: Yes"" or ""Answer: No"" — no other text.

A: no_evident_not_staff_allow_leave_thing_after_check-out
B: no_staff_at_night
Answer:
","A: no_evident_not_staff_allow_leave_thing_after_check-out
B: no_staff_at_night
Answer: Yes"
2026-08-10 23:29:32,3,5354,no_evident_not_service_of_staff,staff_has_unaceptable_manner,"Task: decide if Proposition B contradicts Assumption A.

Steps:
1. A defends a claim (strip ""no_evident_not_"" / ""have_evident_"" to see it).
2. B states a fact.
3. Does B disprove A's claim? Same specific issue only, not just same topic.

Output pattern (always use this exact shape):
A: <phrase>
B: <phrase>
Answer: Yes/No

Examples:

A: no_evident_not_easy_check-in
B: customer_wait_10_minute_for_greet
Answer: Yes

A: no_evident_not_easy_check-in
B: no_one_give_key_on_late_check-in
Answer: No

A: no_evident_not_great_quality
B: shampoo_seem_cheap_considering_hotel_cost
Answer: Yes

A: no_evident_not_great_quality
B: expensive_hotel
Answer: No

Now answer for this pair. Output ONLY the final line ""Answer: Yes"" or ""Answer: No"" — no other text.

A: no_evident_not_service_of_staff
B: staff_has_unaceptable_manner
Answer:
","A: no_evident_not_service_of_staff
B: staff_has_unacceptable_manner
Answer: Yes"
2026-08-10 23:29:32,3,5294,no_evident_not_staff_help_order_taxi_to_airport,staff_need_improve_organization,"Task: decide if Proposition B contradicts Assumption A.

Steps:
1. A defends a claim (strip ""no_evident_not_"" / ""have_evident_"" to see it).
2. B states a fact.
3. Does B disprove A's claim? Same specific issue only, not just same topic.

Output pattern (always use this exact shape):
A: <phrase>
B: <phrase>
Answer: Yes/No

Examples:

A: no_evident_not_easy_check-in
B: customer_wait_10_minute_for_greet
Answer: Yes

A: no_evident_not_easy_check-in
B: no_one_give_key_on_late_check-in
Answer: No

A: no_evident_not_great_quality
B: shampoo_seem_cheap_considering_hotel_cost
Answer: Yes

A: no_evident_not_great_quality
B: expensive_hotel
Answer: No

Now answer for this pair. Output ONLY the final line ""Answer: Yes"" or ""Answer: No"" — no other text.

A: no_evident_not_staff_help_order_taxi_to_airport
B: staff_need_improve_organization
Answer:
",Answer: Yes
2026-08-10 23:29:32,3,807,no_evident_not_lovely_smiling_staff,staff_clean_after_complaint,"Task: decide if Proposition B contradicts Assumption A.

Steps:
1. A defends a claim (strip ""no_evident_not_"" / ""have_evident_"" to see it).
2. B states a fact.
3. Does B disprove A's claim? Same specific issue only, not just same topic.

Output pattern (always use this exact shape):
A: <phrase>
B: <phrase>
Answer: Yes/No

Examples:

A: no_evident_not_easy_check-in
B: customer_wait_10_minute_for_greet
Answer: Yes

A: no_evident_not_easy_check-in
B: no_one_give_key_on_late_check-in
Answer: No

A: no_evident_not_great_quality
B: shampoo_seem_cheap_considering_hotel_cost
Answer: Yes

A: no_evident_not_great_quality
B: expensive_hotel
Answer: No

Now answer for this pair. Output ONLY the final line ""Answer: Yes"" or ""Answer: No"" — no other text.

A: no_evident_not_lovely_smiling_staff
B: staff_clean_after_complaint
Answer:
","A: no_evident_not_lovely_smiling_staff
B: staff_clean_after_complaint
Answer: No"
2026-08-10 23:29:33,3,497,no_evident_not_staff_buy_fresh_food,staff_charge_for_cancellation_while_no_cancellation_charge_in_Booking.com,"Task: decide if Proposition B contradicts Assumption A.

Steps:
1. A defends a claim (strip ""no_evident_not_"" / ""have_evident_"" to see it).
2. B states a fact.
3. Does B disprove A's claim? Same specific issue only, not just same topic.

Output pattern (always use this exact shape):
A: <phrase>
B: <phrase>
Answer: Yes/No

Examples:

A: no_evident_not_easy_check-in
B: customer_wait_10_minute_for_greet
Answer: Yes

A: no_evident_not_easy_check-in
B: no_one_give_key_on_late_check-in
Answer: No

A: no_evident_not_great_quality
B: shampoo_seem_cheap_considering_hotel_cost
Answer: Yes

A: no_evident_not_great_quality
B: expensive_hotel
Answer: No

Now answer for this pair. Output ONLY the final line ""Answer: Yes"" or ""Answer: No"" — no other text.

A: no_evident_not_staff_buy_fresh_food
B: staff_charge_for_cancellation_while_no_cancellation_charge_in_Booking.com
Answer:
","A: no_evident_not_staff_buy_fresh_food
B: staff_charge_for_cancellation_while_no_cancellation_charge_in_Booking.com
Answer: Yes"
2026-08-10 23:29:33,3,3299,no_evident_not_good_team,staff_fail_to_guest_request,"Task: decide if Proposition B contradicts Assumption A.

Steps:
1. A defends a claim (strip ""no_evident_not_"" / ""have_evident_"" to see it).
2. B states a fact.
3. Does B disprove A's claim? Same specific issue only, not just same topic.

Output pattern (always use this exact shape):
A: <phrase>
B: <phrase>
Answer: Yes/No

Examples:

A: no_evident_not_easy_check-in
B: customer_wait_10_minute_for_greet
Answer: Yes

A: no_evident_not_easy_check-in
B: no_one_give_key_on_late_check-in
Answer: No

A: no_evident_not_great_quality
B: shampoo_seem_cheap_considering_hotel_cost
Answer: Yes

A: no_evident_not_great_quality
B: expensive_hotel
Answer: No

Now answer for this pair. Output ONLY the final line ""Answer: Yes"" or ""Answer: No"" — no other text.

A: no_evident_not_good_team
B: staff_fail_to_guest_request
Answer:
","A: no_evident_not_good_team
B: staff_fail_to_guest_request
Answer: Yes"
2026-08-10 23:29:33,3,5966,no_evident_not_staff_explain,staff_fail_to_communicate_with_taxi,"Task: decide if Proposition B contradicts Assumption A.

Steps:
1. A defends a claim (strip ""no_evident_not_"" / ""have_evident_"" to see it).
2. B states a fact.
3. Does B disprove A's claim? Same specific issue only, not just same topic.

Output pattern (always use this exact shape):
A: <phrase>
B: <phrase>
Answer: Yes/No

Examples:

A: no_evident_not_easy_check-in
B: customer_wait_10_minute_for_greet
Answer: Yes

A: no_evident_not_easy_check-in
B: no_one_give_key_on_late_check-in
Answer: No

A: no_evident_not_great_quality
B: shampoo_seem_cheap_considering_hotel_cost
Answer: Yes

A: no_evident_not_great_quality
B: expensive_hotel
Answer: No

Now answer for this pair. Output ONLY the final line ""Answer: Yes"" or ""Answer: No"" — no other text.

A: no_evident_not_staff_explain
B: staff_fail_to_communicate_with_taxi
Answer:
",Answer: Yes
2026-08-10 23:29:33,3,2780,no_evident_not_staff_keen_to_please,no_staff_at_night,"Task: decide if Proposition B contradicts Assumption A.

Steps:
1. A defends a claim (strip ""no_evident_not_"" / ""have_evident_"" to see it).
2. B states a fact.
3. Does B disprove A's claim? Same specific issue only, not just same topic.

Output pattern (always use this exact shape):
A: <phrase>
B: <phrase>
Answer: Yes/No

Examples:

A: no_evident_not_easy_check-in
B: customer_wait_10_minute_for_greet
Answer: Yes

A: no_evident_not_easy_check-in
B: no_one_give_key_on_late_check-in
Answer: No

A: no_evident_not_great_quality
B: shampoo_seem_cheap_considering_hotel_cost
Answer: Yes

A: no_evident_not_great_quality
B: expensive_hotel
Answer: No

Now answer for this pair. Output ONLY the final line ""Answer: Yes"" or ""Answer: No"" — no other text.

A: no_evident_not_staff_keen_to_please
B: no_staff_at_night
Answer:
","A: no_evident_not_staff_keen_to_please
B: no_staff_at_night
Answer: Yes"
2026-08-10 23:29:34,3,896,no_evident_not_can_not_do_enough_for_guest,staff_cannot_give_bus_to_airport_information,"Task: decide if Proposition B contradicts Assumption A.

Steps:
1. A defends a claim (strip ""no_evident_not_"" / ""have_evident_"" to see it).
2. B states a fact.
3. Does B disprove A's claim? Same specific issue only, not just same topic.

Output pattern (always use this exact shape):
A: <phrase>
B: <phrase>
Answer: Yes/No

Examples:

A: no_evident_not_easy_check-in
B: customer_wait_10_minute_for_greet
Answer: Yes

A: no_evident_not_easy_check-in
B: no_one_give_key_on_late_check-in
Answer: No

A: no_evident_not_great_quality
B: shampoo_seem_cheap_considering_hotel_cost
Answer: Yes

A: no_evident_not_great_quality
B: expensive_hotel
Answer: No

Now answer for this pair. Output ONLY the final line ""Answer: Yes"" or ""Answer: No"" — no other text.

A: no_evident_not_can_not_do_enough_for_guest
B: staff_cannot_give_bus_to_airport_information
Answer:
","A: no_evident_not_can_not_do_enough_for_guest
B: staff_cannot_give_bus_to_airport_information
Answer: Yes"
2026-08-10 23:29:34,3,2037,no_evident_not_staff_make_stay_enjoyable,staff_not_justify_booking_issue,"Task: decide if Proposition B contradicts Assumption A.

Steps:
1. A defends a claim (strip ""no_evident_not_"" / ""have_evident_"" to see it).
2. B states a fact.
3. Does B disprove A's claim? Same specific issue only, not just same topic.

Output pattern (always use this exact shape):
A: <phrase>
B: <phrase>
Answer: Yes/No

Examples:

A: no_evident_not_easy_check-in
B: customer_wait_10_minute_for_greet
Answer: Yes

A: no_evident_not_easy_check-in
B: no_one_give_key_on_late_check-in
Answer: No

A: no_evident_not_great_quality
B: shampoo_seem_cheap_considering_hotel_cost
Answer: Yes

A: no_evident_not_great_quality
B: expensive_hotel
Answer: No

Now answer for this pair. Output ONLY the final line ""Answer: Yes"" or ""Answer: No"" — no other text.

A: no_evident_not_staff_make_stay_enjoyable
B: staff_not_justify_booking_issue
Answer:
","A: no_evident_not_staff_make_stay_enjoyable
B: staff_not_justify_booking_issue
Answer: Yes"
2026-08-10 23:29:35,3,1570,no_evident_not_staff_offer_drink,staff_need_keep_update,"Task: decide if Proposition B contradicts Assumption A.

Steps:
1. A defends a claim (strip ""no_evident_not_"" / ""have_evident_"" to see it).
2. B states a fact.
3. Does B disprove A's claim? Same specific issue only, not just same topic.

Output pattern (always use this exact shape):
A: <phrase>
B: <phrase>
Answer: Yes/No

Examples:

A: no_evident_not_easy_check-in
B: customer_wait_10_minute_for_greet
Answer: Yes

A: no_evident_not_easy_check-in
B: no_one_give_key_on_late_check-in
Answer: No

A: no_evident_not_great_quality
B: shampoo_seem_cheap_considering_hotel_cost
Answer: Yes

A: no_evident_not_great_quality
B: expensive_hotel
Answer: No

Now answer for this pair. Output ONLY the final line ""Answer: Yes"" or ""Answer: No"" — no other text.

A: no_evident_not_staff_offer_drink
B: staff_need_keep_update
Answer:
","A: no_evident_not_staff_offer_drink
B: staff_need_keep_update
Answer: No"
2026-08-10 23:29:35,3,1559,no_evident_not_staff_offer_food,staff_has_unaceptable_manner,"Task: decide if Proposition B contradicts Assumption A.

Steps:
1. A defends a claim (strip ""no_evident_not_"" / ""have_evident_"" to see it).
2. B states a fact.
3. Does B disprove A's claim? Same specific issue only, not just same topic.

Output pattern (always use this exact shape):
A: <phrase>
B: <phrase>
Answer: Yes/No

Examples:

A: no_evident_not_easy_check-in
B: customer_wait_10_minute_for_greet
Answer: Yes

A: no_evident_not_easy_check-in
B: no_one_give_key_on_late_check-in
Answer: No

A: no_evident_not_great_quality
B: shampoo_seem_cheap_considering_hotel_cost
Answer: Yes

A: no_evident_not_great_quality
B: expensive_hotel
Answer: No

Now answer for this pair. Output ONLY the final line ""Answer: Yes"" or ""Answer: No"" — no other text.

A: no_evident_not_staff_offer_food
B: staff_has_unaceptable_manner
Answer:
","A: no_evident_not_staff_offer_food
B: staff_has_unacceptable_manner
Answer: Yes"
2026-08-10 23:29:35,3,4394,no_evident_not_can_speak_4_language,staff_not_speak_English_properly,"Task: decide if Proposition B contradicts Assumption A.

Steps:
1. A defends a claim (strip ""no_evident_not_"" / ""have_evident_"" to see it).
2. B states a fact.
3. Does B disprove A's claim? Same specific issue only, not just same topic.

Output pattern (always use this exact shape):
A: <phrase>
B: <phrase>
Answer: Yes/No

Examples:

A: no_evident_not_easy_check-in
B: customer_wait_10_minute_for_greet
Answer: Yes

A: no_evident_not_easy_check-in
B: no_one_give_key_on_late_check-in
Answer: No

A: no_evident_not_great_quality
B: shampoo_seem_cheap_considering_hotel_cost
Answer: Yes

A: no_evident_not_great_quality
B: expensive_hotel
Answer: No

Now answer for this pair. Output ONLY the final line ""Answer: Yes"" or ""Answer: No"" — no other text.

A: no_evident_not_can_speak_4_language
B: staff_not_speak_English_properly
Answer:
","A: no_evident_not_can_speak_4_language
B: staff_not_speak_English_properly
Answer: Yes"
2026-08-10 23:29:36,3,3676,no_evident_not_happy_staff,staff_not_speak_Cypriot_language,"Task: decide if Proposition B contradicts Assumption A.

Steps:
1. A defends a claim (strip ""no_evident_not_"" / ""have_evident_"" to see it).
2. B states a fact.
3. Does B disprove A's claim? Same specific issue only, not just same topic.

Output pattern (always use this exact shape):
A: <phrase>
B: <phrase>
Answer: Yes/No

Examples:

A: no_evident_not_easy_check-in
B: customer_wait_10_minute_for_greet
Answer: Yes

A: no_evident_not_easy_check-in
B: no_one_give_key_on_late_check-in
Answer: No

A: no_evident_not_great_quality
B: shampoo_seem_cheap_considering_hotel_cost
Answer: Yes

A: no_evident_not_great_quality
B: expensive_hotel
Answer: No

Now answer for this pair. Output ONLY the final line ""Answer: Yes"" or ""Answer: No"" — no other text.

A: no_evident_not_happy_staff
B: staff_not_speak_Cypriot_language
Answer:
","A: no_evident_not_happy_staff
B: staff_not_speak_Cypriot_language
Answer: Yes"
2026-08-10 23:29:36,3,1149,no_evident_not_impeccable_service,staff_cannot_give_bus_to_airport_information,"Task: decide if Proposition B contradicts Assumption A.

Steps:
1. A defends a claim (strip ""no_evident_not_"" / ""have_evident_"" to see it).
2. B states a fact.
3. Does B disprove A's claim? Same specific issue only, not just same topic.

Output pattern (always use this exact shape):
A: <phrase>
B: <phrase>
Answer: Yes/No

Examples:

A: no_evident_not_easy_check-in
B: customer_wait_10_minute_for_greet
Answer: Yes

A: no_evident_not_easy_check-in
B: no_one_give_key_on_late_check-in
Answer: No

A: no_evident_not_great_quality
B: shampoo_seem_cheap_considering_hotel_cost
Answer: Yes

A: no_evident_not_great_quality
B: expensive_hotel
Answer: No

Now answer for this pair. Output ONLY the final line ""Answer: Yes"" or ""Answer: No"" — no other text.

A: no_evident_not_impeccable_service
B: staff_cannot_give_bus_to_airport_information
Answer:
","A: no_evident_not_impeccable_service
B: staff_cannot_give_bus_to_airport_information
Answer: Yes"
2026-08-10 23:29:36,3,1504,no_evident_not_staff_aware_late_arraival,staff_fail_to_communicate_with_taxi,"Task: decide if Proposition B contradicts Assumption A.

Steps:
1. A defends a claim (strip ""no_evident_not_"" / ""have_evident_"" to see it).
2. B states a fact.
3. Does B disprove A's claim? Same specific issue only, not just same topic.

Output pattern (always use this exact shape):
A: <phrase>
B: <phrase>
Answer: Yes/No

Examples:

A: no_evident_not_easy_check-in
B: customer_wait_10_minute_for_greet
Answer: Yes

A: no_evident_not_easy_check-in
B: no_one_give_key_on_late_check-in
Answer: No

A: no_evident_not_great_quality
B: shampoo_seem_cheap_considering_hotel_cost
Answer: Yes

A: no_evident_not_great_quality
B: expensive_hotel
Answer: No

Now answer for this pair. Output ONLY the final line ""Answer: Yes"" or ""Answer: No"" — no other text.

A: no_evident_not_staff_aware_late_arraival
B: staff_fail_to_communicate_with_taxi
Answer:
",Answer: Yes
2026-08-10 23:29:37,3,3790,no_evident_not_happy_to_help,staff_has_unaceptable_manner,"Task: decide if Proposition B contradicts Assumption A.

Steps:
1. A defends a claim (strip ""no_evident_not_"" / ""have_evident_"" to see it).
2. B states a fact.
3. Does B disprove A's claim? Same specific issue only, not just same topic.

Output pattern (always use this exact shape):
A: <phrase>
B: <phrase>
Answer: Yes/No

Examples:

A: no_evident_not_easy_check-in
B: customer_wait_10_minute_for_greet
Answer: Yes

A: no_evident_not_easy_check-in
B: no_one_give_key_on_late_check-in
Answer: No

A: no_evident_not_great_quality
B: shampoo_seem_cheap_considering_hotel_cost
Answer: Yes

A: no_evident_not_great_quality
B: expensive_hotel
Answer: No

Now answer for this pair. Output ONLY the final line ""Answer: Yes"" or ""Answer: No"" — no other text.

A: no_evident_not_happy_to_help
B: staff_has_unaceptable_manner
Answer:
","A: no_evident_not_happy_to-help
B: staff_has_unacceptable_manner
Answer: Yes"
2026-08-10 23:29:37,3,2047,no_evident_not_staff_make_stay_enjoyable,only_one_staff_wear_mask,"Task: decide if Proposition B contradicts Assumption A.

Steps:
1. A defends a claim (strip ""no_evident_not_"" / ""have_evident_"" to see it).
2. B states a fact.
3. Does B disprove A's claim? Same specific issue only, not just same topic.

Output pattern (always use this exact shape):
A: <phrase>
B: <phrase>
Answer: Yes/No

Examples:

A: no_evident_not_easy_check-in
B: customer_wait_10_minute_for_greet
Answer: Yes

A: no_evident_not_easy_check-in
B: no_one_give_key_on_late_check-in
Answer: No

A: no_evident_not_great_quality
B: shampoo_seem_cheap_considering_hotel_cost
Answer: Yes

A: no_evident_not_great_quality
B: expensive_hotel
Answer: No

Now answer for this pair. Output ONLY the final line ""Answer: Yes"" or ""Answer: No"" — no other text.

A: no_evident_not_staff_make_stay_enjoyable
B: only_one_staff_wear_mask
Answer:
","A: no_evident_not_staff_make_stay_enjoyable
B: only_one_staff_wear_mask
Answer: Yes"
2026-08-10 23:29:37,3,618,no_evident_not_caring_staff,no_staff_at_night,"Task: decide if Proposition B contradicts Assumption A.

Steps:
1. A defends a claim (strip ""no_evident_not_"" / ""have_evident_"" to see it).
2. B states a fact.
3. Does B disprove A's claim? Same specific issue only, not just same topic.

Output pattern (always use this exact shape):
A: <phrase>
B: <phrase>
Answer: Yes/No

Examples:

A: no_evident_not_easy_check-in
B: customer_wait_10_minute_for_greet
Answer: Yes

A: no_evident_not_easy_check-in
B: no_one_give_key_on_late_check-in
Answer: No

A: no_evident_not_great_quality
B: shampoo_seem_cheap_considering_hotel_cost
Answer: Yes

A: no_evident_not_great_quality
B: expensive_hotel
Answer: No

Now answer for this pair. Output ONLY the final line ""Answer: Yes"" or ""Answer: No"" — no other text.

A: no_evident_not_caring_staff
B: no_staff_at_night
Answer:
","A: no_evident_not_caring_staff
B: no_staff_at_night
Answer: Yes"
2026-08-10 23:29:38,3,3631,no_evident_not_staff_help_amazing,no_staff_at_night,"Task: decide if Proposition B contradicts Assumption A.

Steps:
1. A defends a claim (strip ""no_evident_not_"" / ""have_evident_"" to see it).
2. B states a fact.
3. Does B disprove A's claim? Same specific issue only, not just same topic.

Output pattern (always use this exact shape):
A: <phrase>
B: <phrase>
Answer: Yes/No

Examples:

A: no_evident_not_easy_check-in
B: customer_wait_10_minute_for_greet
Answer: Yes

A: no_evident_not_easy_check-in
B: no_one_give_key_on_late_check-in
Answer: No

A: no_evident_not_great_quality
B: shampoo_seem_cheap_considering_hotel_cost
Answer: Yes

A: no_evident_not_great_quality
B: expensive_hotel
Answer: No

Now answer for this pair. Output ONLY the final line ""Answer: Yes"" or ""Answer: No"" — no other text.

A: no_evident_not_staff_help_amazing
B: no_staff_at_night
Answer:
","A: no_evident_not_staff_help_amazing
B: no_staff_at_night
Answer: Yes"
2026-08-10 23:29:38,3,4509,no_evident_not_kind_hospitality_staff,staff_not_speak_English_properly,"Task: decide if Proposition B contradicts Assumption A.

Steps:
1. A defends a claim (strip ""no_evident_not_"" / ""have_evident_"" to see it).
2. B states a fact.
3. Does B disprove A's claim? Same specific issue only, not just same topic.

Output pattern (always use this exact shape):
A: <phrase>
B: <phrase>
Answer: Yes/No

Examples:

A: no_evident_not_easy_check-in
B: customer_wait_10_minute_for_greet
Answer: Yes

A: no_evident_not_easy_check-in
B: no_one_give_key_on_late_check-in
Answer: No

A: no_evident_not_great_quality
B: shampoo_seem_cheap_considering_hotel_cost
Answer: Yes

A: no_evident_not_great_quality
B: expensive_hotel
Answer: No

Now answer for this pair. Output ONLY the final line ""Answer: Yes"" or ""Answer: No"" — no other text.

A: no_evident_not_kind_hospitality_staff
B: staff_not_speak_English_properly
Answer:
","A: no_evident_not_kind_hospitality_staff
B: staff_not_speak_English_properly
Answer: Yes"
2026-08-10 23:29:39,3,803,no_evident_not_staff_reach_out_when_reception_close,staff_not_understand_English_well,"Task: decide if Proposition B contradicts Assumption A.

Steps:
1. A defends a claim (strip ""no_evident_not_"" / ""have_evident_"" to see it).
2. B states a fact.
3. Does B disprove A's claim? Same specific issue only, not just same topic.

Output pattern (always use this exact shape):
A: <phrase>
B: <phrase>
Answer: Yes/No

Examples:

A: no_evident_not_easy_check-in
B: customer_wait_10_minute_for_greet
Answer: Yes

A: no_evident_not_easy_check-in
B: no_one_give_key_on_late_check-in
Answer: No

A: no_evident_not_great_quality
B: shampoo_seem_cheap_considering_hotel_cost
Answer: Yes

A: no_evident_not_great_quality
B: expensive_hotel
Answer: No

Now answer for this pair. Output ONLY the final line ""Answer: Yes"" or ""Answer: No"" — no other text.

A: no_evident_not_staff_reach_out_when_reception_close
B: staff_not_understand_English_well
Answer:
","A: no_evident_not_staff_reach_out_when_reception_close
B: staff_not_understand_English_well
Answer: Yes"
2026-08-10 23:29:39,3,415,no_evident_not_supportive_staff,staff_not_speak_English_properly,"Task: decide if Proposition B contradicts Assumption A.

Steps:
1. A defends a claim (strip ""no_evident_not_"" / ""have_evident_"" to see it).
2. B states a fact.
3. Does B disprove A's claim? Same specific issue only, not just same topic.

Output pattern (always use this exact shape):
A: <phrase>
B: <phrase>
Answer: Yes/No

Examples:

A: no_evident_not_easy_check-in
B: customer_wait_10_minute_for_greet
Answer: Yes

A: no_evident_not_easy_check-in
B: no_one_give_key_on_late_check-in
Answer: No

A: no_evident_not_great_quality
B: shampoo_seem_cheap_considering_hotel_cost
Answer: Yes

A: no_evident_not_great_quality
B: expensive_hotel
Answer: No

Now answer for this pair. Output ONLY the final line ""Answer: Yes"" or ""Answer: No"" — no other text.

A: no_evident_not_supportive_staff
B: staff_not_speak_English_properly
Answer:
",Answer: Yes
2026-08-10 23:29:39,3,5343,no_evident_not_service_of_staff,not_kind_staff,"Task: decide if Proposition B contradicts Assumption A.

Steps:
1. A defends a claim (strip ""no_evident_not_"" / ""have_evident_"" to see it).
2. B states a fact.
3. Does B disprove A's claim? Same specific issue only, not just same topic.

Output pattern (always use this exact shape):
A: <phrase>
B: <phrase>
Answer: Yes/No

Examples:

A: no_evident_not_easy_check-in
B: customer_wait_10_minute_for_greet
Answer: Yes

A: no_evident_not_easy_check-in
B: no_one_give_key_on_late_check-in
Answer: No

A: no_evident_not_great_quality
B: shampoo_seem_cheap_considering_hotel_cost
Answer: Yes

A: no_evident_not_great_quality
B: expensive_hotel
Answer: No

Now answer for this pair. Output ONLY the final line ""Answer: Yes"" or ""Answer: No"" — no other text.

A: no_evident_not_service_of_staff
B: not_kind_staff
Answer:
","A: no_evident_not_service_of_staff
B: not_kind_staff
Answer: Yes"
2026-08-10 23:29:39,3,4429,no_evident_not_can_speak_Greek,staff_not_justify_booking_issue,"Task: decide if Proposition B contradicts Assumption A.

Steps:
1. A defends a claim (strip ""no_evident_not_"" / ""have_evident_"" to see it).
2. B states a fact.
3. Does B disprove A's claim? Same specific issue only, not just same topic.

Output pattern (always use this exact shape):
A: <phrase>
B: <phrase>
Answer: Yes/No

Examples:

A: no_evident_not_easy_check-in
B: customer_wait_10_minute_for_greet
Answer: Yes

A: no_evident_not_easy_check-in
B: no_one_give_key_on_late_check-in
Answer: No

A: no_evident_not_great_quality
B: shampoo_seem_cheap_considering_hotel_cost
Answer: Yes

A: no_evident_not_great_quality
B: expensive_hotel
Answer: No

Now answer for this pair. Output ONLY the final line ""Answer: Yes"" or ""Answer: No"" — no other text.

A: no_evident_not_can_speak_Greek
B: staff_not_justify_booking_issue
Answer:
","A: no_evident_not_can_speak_Greek
B: staff_not_justify_booking_issue
Answer: Yes"
2026-08-10 23:29:40,3,121,no_evident_not_staff_show_how_nearby_bus_take_to_town_center,staff_need_keep_update,"Task: decide if Proposition B contradicts Assumption A.

Steps:
1. A defends a claim (strip ""no_evident_not_"" / ""have_evident_"" to see it).
2. B states a fact.
3. Does B disprove A's claim? Same specific issue only, not just same topic.

Output pattern (always use this exact shape):
A: <phrase>
B: <phrase>
Answer: Yes/No

Examples:

A: no_evident_not_easy_check-in
B: customer_wait_10_minute_for_greet
Answer: Yes

A: no_evident_not_easy_check-in
B: no_one_give_key_on_late_check-in
Answer: No

A: no_evident_not_great_quality
B: shampoo_seem_cheap_considering_hotel_cost
Answer: Yes

A: no_evident_not_great_quality
B: expensive_hotel
Answer: No

Now answer for this pair. Output ONLY the final line ""Answer: Yes"" or ""Answer: No"" — no other text.

A: no_evident_not_staff_show_how_nearby_bus_take_to_town_center
B: staff_need_keep_update
Answer:
","A: no_evident_not_staff_show_how_nearby_bus_take_to_town_center
B: staff_need_keep_update
Answer: Yes"
2026-08-10 23:29:40,3,765,no_evident_not_good_service,staff_need_keep_update,"Task: decide if Proposition B contradicts Assumption A.

Steps:
1. A defends a claim (strip ""no_evident_not_"" / ""have_evident_"" to see it).
2. B states a fact.
3. Does B disprove A's claim? Same specific issue only, not just same topic.

Output pattern (always use this exact shape):
A: <phrase>
B: <phrase>
Answer: Yes/No

Examples:

A: no_evident_not_easy_check-in
B: customer_wait_10_minute_for_greet
Answer: Yes

A: no_evident_not_easy_check-in
B: no_one_give_key_on_late_check-in
Answer: No

A: no_evident_not_great_quality
B: shampoo_seem_cheap_considering_hotel_cost
Answer: Yes

A: no_evident_not_great_quality
B: expensive_hotel
Answer: No

Now answer for this pair. Output ONLY the final line ""Answer: Yes"" or ""Answer: No"" — no other text.

A: no_evident_not_good_service
B: staff_need_keep_update
Answer:
",Answer: No
2026-08-10 23:29:40,3,6174,no_evident_not_perfect_welcome_at4am_arrival,staff_fail_to_guest_request,"Task: decide if Proposition B contradicts Assumption A.

Steps:
1. A defends a claim (strip ""no_evident_not_"" / ""have_evident_"" to see it).
2. B states a fact.
3. Does B disprove A's claim? Same specific issue only, not just same topic.

Output pattern (always use this exact shape):
A: <phrase>
B: <phrase>
Answer: Yes/No

Examples:

A: no_evident_not_easy_check-in
B: customer_wait_10_minute_for_greet
Answer: Yes

A: no_evident_not_easy_check-in
B: no_one_give_key_on_late_check-in
Answer: No

A: no_evident_not_great_quality
B: shampoo_seem_cheap_considering_hotel_cost
Answer: Yes

A: no_evident_not_great_quality
B: expensive_hotel
Answer: No

Now answer for this pair. Output ONLY the final line ""Answer: Yes"" or ""Answer: No"" — no other text.

A: no_evident_not_perfect_welcome_at4am_arrival
B: staff_fail_to_guest_request
Answer:
","A: no_evident_not_perfect_welcome_at4am_arrival
B: staff_fail_to_guest_request
Answer: Yes"
2026-08-10 23:29:40,3,1937,no_evident_not_staff_arrange_car_to_airport,staff_need_improve_collaboration,"Task: decide if Proposition B contradicts Assumption A.

Steps:
1. A defends a claim (strip ""no_evident_not_"" / ""have_evident_"" to see it).
2. B states a fact.
3. Does B disprove A's claim? Same specific issue only, not just same topic.

Output pattern (always use this exact shape):
A: <phrase>
B: <phrase>
Answer: Yes/No

Examples:

A: no_evident_not_easy_check-in
B: customer_wait_10_minute_for_greet
Answer: Yes

A: no_evident_not_easy_check-in
B: no_one_give_key_on_late_check-in
Answer: No

A: no_evident_not_great_quality
B: shampoo_seem_cheap_considering_hotel_cost
Answer: Yes

A: no_evident_not_great_quality
B: expensive_hotel
Answer: No

Now answer for this pair. Output ONLY the final line ""Answer: Yes"" or ""Answer: No"" — no other text.

A: no_evident_not_staff_arrange_car_to_airport
B: staff_need_improve_collaboration
Answer:
",Answer: Yes
2026-08-10 23:29:41,3,1363,no_evident_not_congenial_staff,staff_need_keep_update,"Task: decide if Proposition B contradicts Assumption A.

Steps:
1. A defends a claim (strip ""no_evident_not_"" / ""have_evident_"" to see it).
2. B states a fact.
3. Does B disprove A's claim? Same specific issue only, not just same topic.

Output pattern (always use this exact shape):
A: <phrase>
B: <phrase>
Answer: Yes/No

Examples:

A: no_evident_not_easy_check-in
B: customer_wait_10_minute_for_greet
Answer: Yes

A: no_evident_not_easy_check-in
B: no_one_give_key_on_late_check-in
Answer: No

A: no_evident_not_great_quality
B: shampoo_seem_cheap_considering_hotel_cost
Answer: Yes

A: no_evident_not_great_quality
B: expensive_hotel
Answer: No

Now answer for this pair. Output ONLY the final line ""Answer: Yes"" or ""Answer: No"" — no other text.

A: no_evident_not_congenial_staff
B: staff_need_keep_update
Answer:
","A: no_evident_not_congenial_staff
B: staff_need_keep_update
Answer: No"
2026-08-10 23:29:41,3,3330,no_evident_not_good_hospitality_staff,staff_has_unaceptable_manner,"Task: decide if Proposition B contradicts Assumption A.

Steps:
1. A defends a claim (strip ""no_evident_not_"" / ""have_evident_"" to see it).
2. B states a fact.
3. Does B disprove A's claim? Same specific issue only, not just same topic.

Output pattern (always use this exact shape):
A: <phrase>
B: <phrase>
Answer: Yes/No

Examples:

A: no_evident_not_easy_check-in
B: customer_wait_10_minute_for_greet
Answer: Yes

A: no_evident_not_easy_check-in
B: no_one_give_key_on_late_check-in
Answer: No

A: no_evident_not_great_quality
B: shampoo_seem_cheap_considering_hotel_cost
Answer: Yes

A: no_evident_not_great_quality
B: expensive_hotel
Answer: No

Now answer for this pair. Output ONLY the final line ""Answer: Yes"" or ""Answer: No"" — no other text.

A: no_evident_not_good_hospitality_staff
B: staff_has_unaceptable_manner
Answer:
","A: no_evident_not_good_hospitality_staff
B: staff_has_unacceptable_manner
Answer: Yes"
2026-08-10 23:29:41,3,3979,no_evident_not_staff_alway_help,only_one_staff_wear_mask,"Task: decide if Proposition B contradicts Assumption A.

Steps:
1. A defends a claim (strip ""no_evident_not_"" / ""have_evident_"" to see it).
2. B states a fact.
3. Does B disprove A's claim? Same specific issue only, not just same topic.

Output pattern (always use this exact shape):
A: <phrase>
B: <phrase>
Answer: Yes/No

Examples:

A: no_evident_not_easy_check-in
B: customer_wait_10_minute_for_greet
Answer: Yes

A: no_evident_not_easy_check-in
B: no_one_give_key_on_late_check-in
Answer: No

A: no_evident_not_great_quality
B: shampoo_seem_cheap_considering_hotel_cost
Answer: Yes

A: no_evident_not_great_quality
B: expensive_hotel
Answer: No

Now answer for this pair. Output ONLY the final line ""Answer: Yes"" or ""Answer: No"" — no other text.

A: no_evident_not_staff_alway_help
B: only_one_staff_wear_mask
Answer:
","A: no_evident_not_staff_alway_help
B: only_one_staff_wear_mask
Answer: Yes"
2026-08-10 23:29:42,3,3944,no_evident_not_availability_of_staff,staff_cannot_provide_double_bed,"Task: decide if Proposition B contradicts Assumption A.

Steps:
1. A defends a claim (strip ""no_evident_not_"" / ""have_evident_"" to see it).
2. B states a fact.
3. Does B disprove A's claim? Same specific issue only, not just same topic.

Output pattern (always use this exact shape):
A: <phrase>
B: <phrase>
Answer: Yes/No

Examples:

A: no_evident_not_easy_check-in
B: customer_wait_10_minute_for_greet
Answer: Yes

A: no_evident_not_easy_check-in
B: no_one_give_key_on_late_check-in
Answer: No

A: no_evident_not_great_quality
B: shampoo_seem_cheap_considering_hotel_cost
Answer: Yes

A: no_evident_not_great_quality
B: expensive_hotel
Answer: No

Now answer for this pair. Output ONLY the final line ""Answer: Yes"" or ""Answer: No"" — no other text.

A: no_evident_not_availability_of_staff
B: staff_cannot_provide_double_bed
Answer:
","A: no_evident_not_availability_of_staff
B: staff_cannot_provide_double_bed
Answer: Yes"
2026-08-10 23:29:42,3,1752,no_evident_not_attentive_staff,staff_need_improve_organization,"Task: decide if Proposition B contradicts Assumption A.

Steps:
1. A defends a claim (strip ""no_evident_not_"" / ""have_evident_"" to see it).
2. B states a fact.
3. Does B disprove A's claim? Same specific issue only, not just same topic.

Output pattern (always use this exact shape):
A: <phrase>
B: <phrase>
Answer: Yes/No

Examples:

A: no_evident_not_easy_check-in
B: customer_wait_10_minute_for_greet
Answer: Yes

A: no_evident_not_easy_check-in
B: no_one_give_key_on_late_check-in
Answer: No

A: no_evident_not_great_quality
B: shampoo_seem_cheap_considering_hotel_cost
Answer: Yes

A: no_evident_not_great_quality
B: expensive_hotel
Answer: No

Now answer for this pair. Output ONLY the final line ""Answer: Yes"" or ""Answer: No"" — no other text.

A: no_evident_not_attentive_staff
B: staff_need_improve_organization
Answer:
",Answer: No
2026-08-10 23:29:42,3,3286,no_evident_not_superb_staff,no_staff_at_night,"Task: decide if Proposition B contradicts Assumption A.

Steps:
1. A defends a claim (strip ""no_evident_not_"" / ""have_evident_"" to see it).
2. B states a fact.
3. Does B disprove A's claim? Same specific issue only, not just same topic.

Output pattern (always use this exact shape):
A: <phrase>
B: <phrase>
Answer: Yes/No

Examples:

A: no_evident_not_easy_check-in
B: customer_wait_10_minute_for_greet
Answer: Yes

A: no_evident_not_easy_check-in
B: no_one_give_key_on_late_check-in
Answer: No

A: no_evident_not_great_quality
B: shampoo_seem_cheap_considering_hotel_cost
Answer: Yes

A: no_evident_not_great_quality
B: expensive_hotel
Answer: No

Now answer for this pair. Output ONLY the final line ""Answer: Yes"" or ""Answer: No"" — no other text.

A: no_evident_not_superb_staff
B: no_staff_at_night
Answer:
","A: no_evident_not_superb_staff
B: no_staff_at_night
Answer: Yes"
2026-08-10 23:29:42,3,481,no_evident_not_staff_bring_back,staff_not_understand_English_well,"Task: decide if Proposition B contradicts Assumption A.

Steps:
1. A defends a claim (strip ""no_evident_not_"" / ""have_evident_"" to see it).
2. B states a fact.
3. Does B disprove A's claim? Same specific issue only, not just same topic.

Output pattern (always use this exact shape):
A: <phrase>
B: <phrase>
Answer: Yes/No

Examples:

A: no_evident_not_easy_check-in
B: customer_wait_10_minute_for_greet
Answer: Yes

A: no_evident_not_easy_check-in
B: no_one_give_key_on_late_check-in
Answer: No

A: no_evident_not_great_quality
B: shampoo_seem_cheap_considering_hotel_cost
Answer: Yes

A: no_evident_not_great_quality
B: expensive_hotel
Answer: No

Now answer for this pair. Output ONLY the final line ""Answer: Yes"" or ""Answer: No"" — no other text.

A: no_evident_not_staff_bring_back
B: staff_not_understand_English_well
Answer:
",Answer: Yes
2026-08-10 23:29:43,3,1349,no_evident_not_staff_agile_to_respond,staff_enforce_cancellation_charge,"Task: decide if Proposition B contradicts Assumption A.

Steps:
1. A defends a claim (strip ""no_evident_not_"" / ""have_evident_"" to see it).
2. B states a fact.
3. Does B disprove A's claim? Same specific issue only, not just same topic.

Output pattern (always use this exact shape):
A: <phrase>
B: <phrase>
Answer: Yes/No

Examples:

A: no_evident_not_easy_check-in
B: customer_wait_10_minute_for_greet
Answer: Yes

A: no_evident_not_easy_check-in
B: no_one_give_key_on_late_check-in
Answer: No

A: no_evident_not_great_quality
B: shampoo_seem_cheap_considering_hotel_cost
Answer: Yes

A: no_evident_not_great_quality
B: expensive_hotel
Answer: No

Now answer for this pair. Output ONLY the final line ""Answer: Yes"" or ""Answer: No"" — no other text.

A: no_evident_not_staff_agile_to_respond
B: staff_enforce_cancellation_charge
Answer:
","A: no_evident_not_staff_agile_to_respond
B: staff_enforce_cancellation_charge
Answer: Yes"
2026-08-10 23:29:43,3,3105,no_evident_not_can_borrow_converter,only_one_staff_wear_mask,"Task: decide if Proposition B contradicts Assumption A.

Steps:
1. A defends a claim (strip ""no_evident_not_"" / ""have_evident_"" to see it).
2. B states a fact.
3. Does B disprove A's claim? Same specific issue only, not just same topic.

Output pattern (always use this exact shape):
A: <phrase>
B: <phrase>
Answer: Yes/No

Examples:

A: no_evident_not_easy_check-in
B: customer_wait_10_minute_for_greet
Answer: Yes

A: no_evident_not_easy_check-in
B: no_one_give_key_on_late_check-in
Answer: No

A: no_evident_not_great_quality
B: shampoo_seem_cheap_considering_hotel_cost
Answer: Yes

A: no_evident_not_great_quality
B: expensive_hotel
Answer: No

Now answer for this pair. Output ONLY the final line ""Answer: Yes"" or ""Answer: No"" — no other text.

A: no_evident_not_can_borrow_converter
B: only_one_staff_wear_mask
Answer:
","A: no_evident_not_can_borrow_converter
B: only_one_staff_wear_mask
Answer: No"
2026-08-10 23:29:44,3,18,no_evident_not_helpful_staff,staff_has_unaceptable_manner,"Task: decide if Proposition B contradicts Assumption A.

Steps:
1. A defends a claim (strip ""no_evident_not_"" / ""have_evident_"" to see it).
2. B states a fact.
3. Does B disprove A's claim? Same specific issue only, not just same topic.

Output pattern (always use this exact shape):
A: <phrase>
B: <phrase>
Answer: Yes/No

Examples:

A: no_evident_not_easy_check-in
B: customer_wait_10_minute_for_greet
Answer: Yes

A: no_evident_not_easy_check-in
B: no_one_give_key_on_late_check-in
Answer: No

A: no_evident_not_great_quality
B: shampoo_seem_cheap_considering_hotel_cost
Answer: Yes

A: no_evident_not_great_quality
B: expensive_hotel
Answer: No

Now answer for this pair. Output ONLY the final line ""Answer: Yes"" or ""Answer: No"" — no other text.

A: no_evident_not_helpful_staff
B: staff_has_unaceptable_manner
Answer:
","A: no_evident_not_helpful_staff
B: staff_has_unacceptable_manner
Answer: Yes"
2026-08-10 23:29:44,3,3199,no_evident_not_kind-hearted_staff,staff_clean_after_complaint,"Task: decide if Proposition B contradicts Assumption A.

Steps:
1. A defends a claim (strip ""no_evident_not_"" / ""have_evident_"" to see it).
2. B states a fact.
3. Does B disprove A's claim? Same specific issue only, not just same topic.

Output pattern (always use this exact shape):
A: <phrase>
B: <phrase>
Answer: Yes/No

Examples:

A: no_evident_not_easy_check-in
B: customer_wait_10_minute_for_greet
Answer: Yes

A: no_evident_not_easy_check-in
B: no_one_give_key_on_late_check-in
Answer: No

A: no_evident_not_great_quality
B: shampoo_seem_cheap_considering_hotel_cost
Answer: Yes

A: no_evident_not_great_quality
B: expensive_hotel
Answer: No

Now answer for this pair. Output ONLY the final line ""Answer: Yes"" or ""Answer: No"" — no other text.

A: no_evident_not_kind-hearted_staff
B: staff_clean_after_complaint
Answer:
","A: no_evident_not_kind-hearted_staff
B: staff_clean_after_complaint
Answer: No"
2026-08-10 23:29:44,3,2173,no_evident_not_happy_to_help_with_Covid_restriction,staff_cannot_provide_double_bed,"Task: decide if Proposition B contradicts Assumption A.

Steps:
1. A defends a claim (strip ""no_evident_not_"" / ""have_evident_"" to see it).
2. B states a fact.
3. Does B disprove A's claim? Same specific issue only, not just same topic.

Output pattern (always use this exact shape):
A: <phrase>
B: <phrase>
Answer: Yes/No

Examples:

A: no_evident_not_easy_check-in
B: customer_wait_10_minute_for_greet
Answer: Yes

A: no_evident_not_easy_check-in
B: no_one_give_key_on_late_check-in
Answer: No

A: no_evident_not_great_quality
B: shampoo_seem_cheap_considering_hotel_cost
Answer: Yes

A: no_evident_not_great_quality
B: expensive_hotel
Answer: No

Now answer for this pair. Output ONLY the final line ""Answer: Yes"" or ""Answer: No"" — no other text.

A: no_evident_not_happy_to_help_with_Covid_restriction
B: staff_cannot_provide_double_bed
Answer:
","A: no_evident_not_happy_to-help-with-Covid-restriction
B: staff_cannot_provide-double-bed
Answer: Yes"
2026-08-10 23:29:44,3,3728,no_evident_not_can_speak_French,staff_clean_after_complaint,"Task: decide if Proposition B contradicts Assumption A.

Steps:
1. A defends a claim (strip ""no_evident_not_"" / ""have_evident_"" to see it).
2. B states a fact.
3. Does B disprove A's claim? Same specific issue only, not just same topic.

Output pattern (always use this exact shape):
A: <phrase>
B: <phrase>
Answer: Yes/No

Examples:

A: no_evident_not_easy_check-in
B: customer_wait_10_minute_for_greet
Answer: Yes

A: no_evident_not_easy_check-in
B: no_one_give_key_on_late_check-in
Answer: No

A: no_evident_not_great_quality
B: shampoo_seem_cheap_considering_hotel_cost
Answer: Yes

A: no_evident_not_great_quality
B: expensive_hotel
Answer: No

Now answer for this pair. Output ONLY the final line ""Answer: Yes"" or ""Answer: No"" — no other text.

A: no_evident_not_can_speak_French
B: staff_clean_after_complaint
Answer:
",Answer: No
2026-08-10 23:29:45,3,2337,no_evident_not_gone_above_and_beyond_to_help_us,staff_charge_for_cancellation_while_no_cancellation_charge_in_Booking.com,"Task: decide if Proposition B contradicts Assumption A.

Steps:
1. A defends a claim (strip ""no_evident_not_"" / ""have_evident_"" to see it).
2. B states a fact.
3. Does B disprove A's claim? Same specific issue only, not just same topic.

Output pattern (always use this exact shape):
A: <phrase>
B: <phrase>
Answer: Yes/No

Examples:

A: no_evident_not_easy_check-in
B: customer_wait_10_minute_for_greet
Answer: Yes

A: no_evident_not_easy_check-in
B: no_one_give_key_on_late_check-in
Answer: No

A: no_evident_not_great_quality
B: shampoo_seem_cheap_considering_hotel_cost
Answer: Yes

A: no_evident_not_great_quality
B: expensive_hotel
Answer: No

Now answer for this pair. Output ONLY the final line ""Answer: Yes"" or ""Answer: No"" — no other text.

A: no_evident_not_gone_above_and_beyond_to_help_us
B: staff_charge_for_cancellation_while_no_cancellation_charge_in_Booking.com
Answer:
","A: no_evident_not_gone_above_and_beyond_to_help_us
B: staff_charge_for_cancellation_while_no_cancellation_charge_in_Booking.com
Answer: Yes"
2026-08-10 23:29:45,3,3466,no_evident_not_staff_make_hotel_great,staff_mistakenly_throw_valuable_item_during_cleaning_service,"Task: decide if Proposition B contradicts Assumption A.

Steps:
1. A defends a claim (strip ""no_evident_not_"" / ""have_evident_"" to see it).
2. B states a fact.
3. Does B disprove A's claim? Same specific issue only, not just same topic.

Output pattern (always use this exact shape):
A: <phrase>
B: <phrase>
Answer: Yes/No

Examples:

A: no_evident_not_easy_check-in
B: customer_wait_10_minute_for_greet
Answer: Yes

A: no_evident_not_easy_check-in
B: no_one_give_key_on_late_check-in
Answer: No

A: no_evident_not_great_quality
B: shampoo_seem_cheap_considering_hotel_cost
Answer: Yes

A: no_evident_not_great_quality
B: expensive_hotel
Answer: No

Now answer for this pair. Output ONLY the final line ""Answer: Yes"" or ""Answer: No"" — no other text.

A: no_evident_not_staff_make_hotel_great
B: staff_mistakenly_throw_valuable_item_during_cleaning_service
Answer:
","A: no_evident_not_staff_make_hotel_great
B: staff_mistakenly_throw_valuable_item_during_cleaning_service
Answer: Yes"
2026-08-10 23:29:45,3,5707,no_evident_not_sympathy_of_restaurant_staff,staff_should_learn_better_English,"Task: decide if Proposition B contradicts Assumption A.

Steps:
1. A defends a claim (strip ""no_evident_not_"" / ""have_evident_"" to see it).
2. B states a fact.
3. Does B disprove A's claim? Same specific issue only, not just same topic.

Output pattern (always use this exact shape):
A: <phrase>
B: <phrase>
Answer: Yes/No

Examples:

A: no_evident_not_easy_check-in
B: customer_wait_10_minute_for_greet
Answer: Yes

A: no_evident_not_easy_check-in
B: no_one_give_key_on_late_check-in
Answer: No

A: no_evident_not_great_quality
B: shampoo_seem_cheap_considering_hotel_cost
Answer: Yes

A: no_evident_not_great_quality
B: expensive_hotel
Answer: No

Now answer for this pair. Output ONLY the final line ""Answer: Yes"" or ""Answer: No"" — no other text.

A: no_evident_not_sympathy_of_restaurant_staff
B: staff_should_learn_better_English
Answer:
",Answer: Yes
2026-08-10 23:29:46,3,5985,no_evident_not_staff_do_everything_to_compensate_inconvenience,staff_need_improve_collaboration,"Task: decide if Proposition B contradicts Assumption A.

Steps:
1. A defends a claim (strip ""no_evident_not_"" / ""have_evident_"" to see it).
2. B states a fact.
3. Does B disprove A's claim? Same specific issue only, not just same topic.

Output pattern (always use this exact shape):
A: <phrase>
B: <phrase>
Answer: Yes/No

Examples:

A: no_evident_not_easy_check-in
B: customer_wait_10_minute_for_greet
Answer: Yes

A: no_evident_not_easy_check-in
B: no_one_give_key_on_late_check-in
Answer: No

A: no_evident_not_great_quality
B: shampoo_seem_cheap_considering_hotel_cost
Answer: Yes

A: no_evident_not_great_quality
B: expensive_hotel
Answer: No

Now answer for this pair. Output ONLY the final line ""Answer: Yes"" or ""Answer: No"" — no other text.

A: no_evident_not_staff_do_everything_to_compensate_inconvenience
B: staff_need_improve_collaboration
Answer:
","A: no_evident_not_staff_do_everything_to_compensate_inconvenience
B: staff_need_improve_collaboration
Answer: Yes"
2026-08-10 23:29:46,3,4553,no_evident_not_charming_staff,staff_cannot_give_bus_to_airport_information,"Task: decide if Proposition B contradicts Assumption A.

Steps:
1. A defends a claim (strip ""no_evident_not_"" / ""have_evident_"" to see it).
2. B states a fact.
3. Does B disprove A's claim? Same specific issue only, not just same topic.

Output pattern (always use this exact shape):
A: <phrase>
B: <phrase>
Answer: Yes/No

Examples:

A: no_evident_not_easy_check-in
B: customer_wait_10_minute_for_greet
Answer: Yes

A: no_evident_not_easy_check-in
B: no_one_give_key_on_late_check-in
Answer: No

A: no_evident_not_great_quality
B: shampoo_seem_cheap_considering_hotel_cost
Answer: Yes

A: no_evident_not_great_quality
B: expensive_hotel
Answer: No

Now answer for this pair. Output ONLY the final line ""Answer: Yes"" or ""Answer: No"" — no other text.

A: no_evident_not_charming_staff
B: staff_cannot_give_bus_to_airport_information
Answer:
","A: no_evident_not_charming_staff
B: staff_cannot_give_bus_to_airport_information
Answer: Yes"
2026-08-10 23:29:47,3,5423,no_evident_not_staff_give_early_check-out,staff_has_unaceptable_manner,"Task: decide if Proposition B contradicts Assumption A.

Steps:
1. A defends a claim (strip ""no_evident_not_"" / ""have_evident_"" to see it).
2. B states a fact.
3. Does B disprove A's claim? Same specific issue only, not just same topic.

Output pattern (always use this exact shape):
A: <phrase>
B: <phrase>
Answer: Yes/No

Examples:

A: no_evident_not_easy_check-in
B: customer_wait_10_minute_for_greet
Answer: Yes

A: no_evident_not_easy_check-in
B: no_one_give_key_on_late_check-in
Answer: No

A: no_evident_not_great_quality
B: shampoo_seem_cheap_considering_hotel_cost
Answer: Yes

A: no_evident_not_great_quality
B: expensive_hotel
Answer: No

Now answer for this pair. Output ONLY the final line ""Answer: Yes"" or ""Answer: No"" — no other text.

A: no_evident_not_staff_give_early_check-out
B: staff_has_unaceptable_manner
Answer:
","A: no_evident_not_staff_give_early_check-out
B: staff_has_unacceptable_manner
Answer: Yes"
2026-08-10 23:29:47,3,5886,no_evident_not_cordial_staff,staff_not_understand_English_well,"Task: decide if Proposition B contradicts Assumption A.

Steps:
1. A defends a claim (strip ""no_evident_not_"" / ""have_evident_"" to see it).
2. B states a fact.
3. Does B disprove A's claim? Same specific issue only, not just same topic.

Output pattern (always use this exact shape):
A: <phrase>
B: <phrase>
Answer: Yes/No

Examples:

A: no_evident_not_easy_check-in
B: customer_wait_10_minute_for_greet
Answer: Yes

A: no_evident_not_easy_check-in
B: no_one_give_key_on_late_check-in
Answer: No

A: no_evident_not_great_quality
B: shampoo_seem_cheap_considering_hotel_cost
Answer: Yes

A: no_evident_not_great_quality
B: expensive_hotel
Answer: No

Now answer for this pair. Output ONLY the final line ""Answer: Yes"" or ""Answer: No"" — no other text.

A: no_evident_not_cordial_staff
B: staff_not_understand_English_well
Answer:
","A: no_evident_not_cordial_staff
B: staff_not_understand_English_well
Answer: Yes"
2026-08-10 23:29:47,3,3987,no_evident_not_staff_give_family_atmosphere,no_empathy_staff,"Task: decide if Proposition B contradicts Assumption A.

Steps:
1. A defends a claim (strip ""no_evident_not_"" / ""have_evident_"" to see it).
2. B states a fact.
3. Does B disprove A's claim? Same specific issue only, not just same topic.

Output pattern (always use this exact shape):
A: <phrase>
B: <phrase>
Answer: Yes/No

Examples:

A: no_evident_not_easy_check-in
B: customer_wait_10_minute_for_greet
Answer: Yes

A: no_evident_not_easy_check-in
B: no_one_give_key_on_late_check-in
Answer: No

A: no_evident_not_great_quality
B: shampoo_seem_cheap_considering_hotel_cost
Answer: Yes

A: no_evident_not_great_quality
B: expensive_hotel
Answer: No

Now answer for this pair. Output ONLY the final line ""Answer: Yes"" or ""Answer: No"" — no other text.

A: no_evident_not_staff_give_family_atmosphere
B: no_empathy_staff
Answer:
","A: no_evident_not_staff_give_family_atmosphere
B: no_empathy_staff
Answer: Yes"
2026-08-10 23:29:48,3,1269,no_evident_not_staff_quick_check-in,staff_need_improve_organization,"Task: decide if Proposition B contradicts Assumption A.

Steps:
1. A defends a claim (strip ""no_evident_not_"" / ""have_evident_"" to see it).
2. B states a fact.
3. Does B disprove A's claim? Same specific issue only, not just same topic.

Output pattern (always use this exact shape):
A: <phrase>
B: <phrase>
Answer: Yes/No

Examples:

A: no_evident_not_easy_check-in
B: customer_wait_10_minute_for_greet
Answer: Yes

A: no_evident_not_easy_check-in
B: no_one_give_key_on_late_check-in
Answer: No

A: no_evident_not_great_quality
B: shampoo_seem_cheap_considering_hotel_cost
Answer: Yes

A: no_evident_not_great_quality
B: expensive_hotel
Answer: No

Now answer for this pair. Output ONLY the final line ""Answer: Yes"" or ""Answer: No"" — no other text.

A: no_evident_not_staff_quick_check-in
B: staff_need_improve_organization
Answer:
",Answer: Yes
2026-08-10 23:29:48,3,1556,no_evident_not_staff_offer_food,staff_enforce_cancellation_charge,"Task: decide if Proposition B contradicts Assumption A.

Steps:
1. A defends a claim (strip ""no_evident_not_"" / ""have_evident_"" to see it).
2. B states a fact.
3. Does B disprove A's claim? Same specific issue only, not just same topic.

Output pattern (always use this exact shape):
A: <phrase>
B: <phrase>
Answer: Yes/No

Examples:

A: no_evident_not_easy_check-in
B: customer_wait_10_minute_for_greet
Answer: Yes

A: no_evident_not_easy_check-in
B: no_one_give_key_on_late_check-in
Answer: No

A: no_evident_not_great_quality
B: shampoo_seem_cheap_considering_hotel_cost
Answer: Yes

A: no_evident_not_great_quality
B: expensive_hotel
Answer: No

Now answer for this pair. Output ONLY the final line ""Answer: Yes"" or ""Answer: No"" — no other text.

A: no_evident_not_staff_offer_food
B: staff_enforce_cancellation_charge
Answer:
","A: no_evident_not_staff_offer_food
B: staff_enforce_cancellation_charge
Answer: Yes"
2026-08-10 23:29:48,3,2431,no_evident_not_fantastic_staff,staff_mistakenly_throw_valuable_item_during_cleaning_service,"Task: decide if Proposition B contradicts Assumption A.

Steps:
1. A defends a claim (strip ""no_evident_not_"" / ""have_evident_"" to see it).
2. B states a fact.
3. Does B disprove A's claim? Same specific issue only, not just same topic.

Output pattern (always use this exact shape):
A: <phrase>
B: <phrase>
Answer: Yes/No

Examples:

A: no_evident_not_easy_check-in
B: customer_wait_10_minute_for_greet
Answer: Yes

A: no_evident_not_easy_check-in
B: no_one_give_key_on_late_check-in
Answer: No

A: no_evident_not_great_quality
B: shampoo_seem_cheap_considering_hotel_cost
Answer: Yes

A: no_evident_not_great_quality
B: expensive_hotel
Answer: No

Now answer for this pair. Output ONLY the final line ""Answer: Yes"" or ""Answer: No"" — no other text.

A: no_evident_not_fantastic_staff
B: staff_mistakenly_throw_valuable_item_during_cleaning_service
Answer:
","A: no_evident_not_fantastic_staff
B: staff_mistakenly_throw_valuable_item_during_cleaning_service
Answer: Yes"
2026-08-10 23:29:49,3,1784,no_evident_not_superb_service,staff_not_justify_booking_issue,"Task: decide if Proposition B contradicts Assumption A.

Steps:
1. A defends a claim (strip ""no_evident_not_"" / ""have_evident_"" to see it).
2. B states a fact.
3. Does B disprove A's claim? Same specific issue only, not just same topic.

Output pattern (always use this exact shape):
A: <phrase>
B: <phrase>
Answer: Yes/No

Examples:

A: no_evident_not_easy_check-in
B: customer_wait_10_minute_for_greet
Answer: Yes

A: no_evident_not_easy_check-in
B: no_one_give_key_on_late_check-in
Answer: No

A: no_evident_not_great_quality
B: shampoo_seem_cheap_considering_hotel_cost
Answer: Yes

A: no_evident_not_great_quality
B: expensive_hotel
Answer: No

Now answer for this pair. Output ONLY the final line ""Answer: Yes"" or ""Answer: No"" — no other text.

A: no_evident_not_superb_service
B: staff_not_justify_booking_issue
Answer:
","A: no_evident_not_superb_service
B: staff_not_justify_booking_issue
Answer: Yes"
2026-08-10 23:29:49,3,480,no_evident_not_staff_bring_back,no_staff_at_night,"Task: decide if Proposition B contradicts Assumption A.

Steps:
1. A defends a claim (strip ""no_evident_not_"" / ""have_evident_"" to see it).
2. B states a fact.
3. Does B disprove A's claim? Same specific issue only, not just same topic.

Output pattern (always use this exact shape):
A: <phrase>
B: <phrase>
Answer: Yes/No

Examples:

A: no_evident_not_easy_check-in
B: customer_wait_10_minute_for_greet
Answer: Yes

A: no_evident_not_easy_check-in
B: no_one_give_key_on_late_check-in
Answer: No

A: no_evident_not_great_quality
B: shampoo_seem_cheap_considering_hotel_cost
Answer: Yes

A: no_evident_not_great_quality
B: expensive_hotel
Answer: No

Now answer for this pair. Output ONLY the final line ""Answer: Yes"" or ""Answer: No"" — no other text.

A: no_evident_not_staff_bring_back
B: no_staff_at_night
Answer:
","A: no_evident_not_staff_bring_back
B: no_staff_at_night
Answer: Yes"
2026-08-10 23:29:49,3,4745,no_evident_not_staff_left_precise_information_for_arrival,not_kind_staff,"Task: decide if Proposition B contradicts Assumption A.

Steps:
1. A defends a claim (strip ""no_evident_not_"" / ""have_evident_"" to see it).
2. B states a fact.
3. Does B disprove A's claim? Same specific issue only, not just same topic.

Output pattern (always use this exact shape):
A: <phrase>
B: <phrase>
Answer: Yes/No

Examples:

A: no_evident_not_easy_check-in
B: customer_wait_10_minute_for_greet
Answer: Yes

A: no_evident_not_easy_check-in
B: no_one_give_key_on_late_check-in
Answer: No

A: no_evident_not_great_quality
B: shampoo_seem_cheap_considering_hotel_cost
Answer: Yes

A: no_evident_not_great_quality
B: expensive_hotel
Answer: No

Now answer for this pair. Output ONLY the final line ""Answer: Yes"" or ""Answer: No"" — no other text.

A: no_evident_not_staff_left_precise_information_for_arrival
B: not_kind_staff
Answer:
","A: no_evident_not_staff_left_precise_information_for_arrival
B: not_kind_staff
Answer: Yes"
2026-08-10 23:29:50,3,6028,no_evident_not_staff_prepare_pool,staff_clean_after_complaint,"Task: decide if Proposition B contradicts Assumption A.

Steps:
1. A defends a claim (strip ""no_evident_not_"" / ""have_evident_"" to see it).
2. B states a fact.
3. Does B disprove A's claim? Same specific issue only, not just same topic.

Output pattern (always use this exact shape):
A: <phrase>
B: <phrase>
Answer: Yes/No

Examples:

A: no_evident_not_easy_check-in
B: customer_wait_10_minute_for_greet
Answer: Yes

A: no_evident_not_easy_check-in
B: no_one_give_key_on_late_check-in
Answer: No

A: no_evident_not_great_quality
B: shampoo_seem_cheap_considering_hotel_cost
Answer: Yes

A: no_evident_not_great_quality
B: expensive_hotel
Answer: No

Now answer for this pair. Output ONLY the final line ""Answer: Yes"" or ""Answer: No"" — no other text.

A: no_evident_not_staff_prepare_pool
B: staff_clean_after_complaint
Answer:
","A: no_evident_not_staff_prepare_pool
B: staff_clean_after_complaint
Answer: No"
2026-08-10 23:29:50,3,4442,no_evident_not_can_speak_English,staff_should_learn_better_English,"Task: decide if Proposition B contradicts Assumption A.

Steps:
1. A defends a claim (strip ""no_evident_not_"" / ""have_evident_"" to see it).
2. B states a fact.
3. Does B disprove A's claim? Same specific issue only, not just same topic.

Output pattern (always use this exact shape):
A: <phrase>
B: <phrase>
Answer: Yes/No

Examples:

A: no_evident_not_easy_check-in
B: customer_wait_10_minute_for_greet
Answer: Yes

A: no_evident_not_easy_check-in
B: no_one_give_key_on_late_check-in
Answer: No

A: no_evident_not_great_quality
B: shampoo_seem_cheap_considering_hotel_cost
Answer: Yes

A: no_evident_not_great_quality
B: expensive_hotel
Answer: No

Now answer for this pair. Output ONLY the final line ""Answer: Yes"" or ""Answer: No"" — no other text.

A: no_evident_not_can_speak_English
B: staff_should_learn_better_English
Answer:
",Answer: Yes
2026-08-10 23:29:50,3,500,no_evident_not_staff_buy_fresh_food,staff_not_provide_good_solution,"Task: decide if Proposition B contradicts Assumption A.

Steps:
1. A defends a claim (strip ""no_evident_not_"" / ""have_evident_"" to see it).
2. B states a fact.
3. Does B disprove A's claim? Same specific issue only, not just same topic.

Output pattern (always use this exact shape):
A: <phrase>
B: <phrase>
Answer: Yes/No

Examples:

A: no_evident_not_easy_check-in
B: customer_wait_10_minute_for_greet
Answer: Yes

A: no_evident_not_easy_check-in
B: no_one_give_key_on_late_check-in
Answer: No

A: no_evident_not_great_quality
B: shampoo_seem_cheap_considering_hotel_cost
Answer: Yes

A: no_evident_not_great_quality
B: expensive_hotel
Answer: No

Now answer for this pair. Output ONLY the final line ""Answer: Yes"" or ""Answer: No"" — no other text.

A: no_evident_not_staff_buy_fresh_food
B: staff_not_provide_good_solution
Answer:
","A: no_evident_not_staff_buy_fresh_food
B: staff_not_provide_good_solution
Answer: Yes"
2026-08-10 23:29:51,3,6128,no_evident_not_willing_to_help_staff,staff_fail_to_guest_request,"Task: decide if Proposition B contradicts Assumption A.

Steps:
1. A defends a claim (strip ""no_evident_not_"" / ""have_evident_"" to see it).
2. B states a fact.
3. Does B disprove A's claim? Same specific issue only, not just same topic.

Output pattern (always use this exact shape):
A: <phrase>
B: <phrase>
Answer: Yes/No

Examples:

A: no_evident_not_easy_check-in
B: customer_wait_10_minute_for_greet
Answer: Yes

A: no_evident_not_easy_check-in
B: no_one_give_key_on_late_check-in
Answer: No

A: no_evident_not_great_quality
B: shampoo_seem_cheap_considering_hotel_cost
Answer: Yes

A: no_evident_not_great_quality
B: expensive_hotel
Answer: No

Now answer for this pair. Output ONLY the final line ""Answer: Yes"" or ""Answer: No"" — no other text.

A: no_evident_not_willing_to_help_staff
B: staff_fail_to_guest_request
Answer:
","A: no_evident_not_willing_to-help-staff
B: staff_fail-to-guest-request
Answer: Yes"
2026-08-10 23:29:51,3,2570,no_evident_not_staff_make_sure_we_had_great_stay,staff_not_provide_good_solution,"Task: decide if Proposition B contradicts Assumption A.

Steps:
1. A defends a claim (strip ""no_evident_not_"" / ""have_evident_"" to see it).
2. B states a fact.
3. Does B disprove A's claim? Same specific issue only, not just same topic.

Output pattern (always use this exact shape):
A: <phrase>
B: <phrase>
Answer: Yes/No

Examples:

A: no_evident_not_easy_check-in
B: customer_wait_10_minute_for_greet
Answer: Yes

A: no_evident_not_easy_check-in
B: no_one_give_key_on_late_check-in
Answer: No

A: no_evident_not_great_quality
B: shampoo_seem_cheap_considering_hotel_cost
Answer: Yes

A: no_evident_not_great_quality
B: expensive_hotel
Answer: No

Now answer for this pair. Output ONLY the final line ""Answer: Yes"" or ""Answer: No"" — no other text.

A: no_evident_not_staff_make_sure_we_had_great_stay
B: staff_not_provide_good_solution
Answer:
","A: no_evident_not_staff_make_sure_we_had_great_stay
B: staff_not_provide_good_solution
Answer: Yes"
2026-08-10 23:29:52,3,469,no_evident_not_staff_bring_back,staff_fail_to_communicate_with_taxi,"Task: decide if Proposition B contradicts Assumption A.

Steps:
1. A defends a claim (strip ""no_evident_not_"" / ""have_evident_"" to see it).
2. B states a fact.
3. Does B disprove A's claim? Same specific issue only, not just same topic.

Output pattern (always use this exact shape):
A: <phrase>
B: <phrase>
Answer: Yes/No

Examples:

A: no_evident_not_easy_check-in
B: customer_wait_10_minute_for_greet
Answer: Yes

A: no_evident_not_easy_check-in
B: no_one_give_key_on_late_check-in
Answer: No

A: no_evident_not_great_quality
B: shampoo_seem_cheap_considering_hotel_cost
Answer: Yes

A: no_evident_not_great_quality
B: expensive_hotel
Answer: No

Now answer for this pair. Output ONLY the final line ""Answer: Yes"" or ""Answer: No"" — no other text.

A: no_evident_not_staff_bring_back
B: staff_fail_to_communicate_with_taxi
Answer:
","A: no_evident_not_staff_bring_back
B: staff_fail_to_communicate_with_taxi
Answer: Yes"
2026-08-10 23:29:52,3,411,no_evident_not_staff_make_it,no_staff_at_night,"Task: decide if Proposition B contradicts Assumption A.

Steps:
1. A defends a claim (strip ""no_evident_not_"" / ""have_evident_"" to see it).
2. B states a fact.
3. Does B disprove A's claim? Same specific issue only, not just same topic.

Output pattern (always use this exact shape):
A: <phrase>
B: <phrase>
Answer: Yes/No

Examples:

A: no_evident_not_easy_check-in
B: customer_wait_10_minute_for_greet
Answer: Yes

A: no_evident_not_easy_check-in
B: no_one_give_key_on_late_check-in
Answer: No

A: no_evident_not_great_quality
B: shampoo_seem_cheap_considering_hotel_cost
Answer: Yes

A: no_evident_not_great_quality
B: expensive_hotel
Answer: No

Now answer for this pair. Output ONLY the final line ""Answer: Yes"" or ""Answer: No"" — no other text.

A: no_evident_not_staff_make_it
B: no_staff_at_night
Answer:
","A: no_evident_not_staff_make_it
B: no_staff_at_night
Answer: Yes"
2026-08-10 23:29:52,3,4786,no_evident_not_sympathy_staff,staff_clean_after_complaint,"Task: decide if Proposition B contradicts Assumption A.

Steps:
1. A defends a claim (strip ""no_evident_not_"" / ""have_evident_"" to see it).
2. B states a fact.
3. Does B disprove A's claim? Same specific issue only, not just same topic.

Output pattern (always use this exact shape):
A: <phrase>
B: <phrase>
Answer: Yes/No

Examples:

A: no_evident_not_easy_check-in
B: customer_wait_10_minute_for_greet
Answer: Yes

A: no_evident_not_easy_check-in
B: no_one_give_key_on_late_check-in
Answer: No

A: no_evident_not_great_quality
B: shampoo_seem_cheap_considering_hotel_cost
Answer: Yes

A: no_evident_not_great_quality
B: expensive_hotel
Answer: No

Now answer for this pair. Output ONLY the final line ""Answer: Yes"" or ""Answer: No"" — no other text.

A: no_evident_not_sympathy_staff
B: staff_clean_after_complaint
Answer:
","A: no_evident_not_sympathy_staff
B: staff_clean_after_complaint
Answer: No"
2026-08-10 23:29:53,3,3906,no_evident_not_pleasant_contact_staff,staff_not_speak_Cypriot_language,"Task: decide if Proposition B contradicts Assumption A.

Steps:
1. A defends a claim (strip ""no_evident_not_"" / ""have_evident_"" to see it).
2. B states a fact.
3. Does B disprove A's claim? Same specific issue only, not just same topic.

Output pattern (always use this exact shape):
A: <phrase>
B: <phrase>
Answer: Yes/No

Examples:

A: no_evident_not_easy_check-in
B: customer_wait_10_minute_for_greet
Answer: Yes

A: no_evident_not_easy_check-in
B: no_one_give_key_on_late_check-in
Answer: No

A: no_evident_not_great_quality
B: shampoo_seem_cheap_considering_hotel_cost
Answer: Yes

A: no_evident_not_great_quality
B: expensive_hotel
Answer: No

Now answer for this pair. Output ONLY the final line ""Answer: Yes"" or ""Answer: No"" — no other text.

A: no_evident_not_pleasant_contact_staff
B: staff_not_speak_Cypriot_language
Answer:
","A: no_evident_not_pleasant_contact_staff
B: staff_not_speak_Cypriot_language
Answer: Yes"
2026-08-10 23:29:53,3,4120,no_evident_not_staff_order_taxi,staff_should_learn_better_English,"Task: decide if Proposition B contradicts Assumption A.

Steps:
1. A defends a claim (strip ""no_evident_not_"" / ""have_evident_"" to see it).
2. B states a fact.
3. Does B disprove A's claim? Same specific issue only, not just same topic.

Output pattern (always use this exact shape):
A: <phrase>
B: <phrase>
Answer: Yes/No

Examples:

A: no_evident_not_easy_check-in
B: customer_wait_10_minute_for_greet
Answer: Yes

A: no_evident_not_easy_check-in
B: no_one_give_key_on_late_check-in
Answer: No

A: no_evident_not_great_quality
B: shampoo_seem_cheap_considering_hotel_cost
Answer: Yes

A: no_evident_not_great_quality
B: expensive_hotel
Answer: No

Now answer for this pair. Output ONLY the final line ""Answer: Yes"" or ""Answer: No"" — no other text.

A: no_evident_not_staff_order_taxi
B: staff_should_learn_better_English
Answer:
",Answer: Yes
2026-08-10 23:29:53,3,4351,no_evident_not_staff_help_with_everything,staff_need_improve_organization,"Task: decide if Proposition B contradicts Assumption A.

Steps:
1. A defends a claim (strip ""no_evident_not_"" / ""have_evident_"" to see it).
2. B states a fact.
3. Does B disprove A's claim? Same specific issue only, not just same topic.

Output pattern (always use this exact shape):
A: <phrase>
B: <phrase>
Answer: Yes/No

Examples:

A: no_evident_not_easy_check-in
B: customer_wait_10_minute_for_greet
Answer: Yes

A: no_evident_not_easy_check-in
B: no_one_give_key_on_late_check-in
Answer: No

A: no_evident_not_great_quality
B: shampoo_seem_cheap_considering_hotel_cost
Answer: Yes

A: no_evident_not_great_quality
B: expensive_hotel
Answer: No

Now answer for this pair. Output ONLY the final line ""Answer: Yes"" or ""Answer: No"" — no other text.

A: no_evident_not_staff_help_with_everything
B: staff_need_improve_organization
Answer:
",Answer: Yes
2026-08-10 23:29:53,3,1290,no_evident_not_stored_luggage_for_us,staff_clean_after_complaint,"Task: decide if Proposition B contradicts Assumption A.

Steps:
1. A defends a claim (strip ""no_evident_not_"" / ""have_evident_"" to see it).
2. B states a fact.
3. Does B disprove A's claim? Same specific issue only, not just same topic.

Output pattern (always use this exact shape):
A: <phrase>
B: <phrase>
Answer: Yes/No

Examples:

A: no_evident_not_easy_check-in
B: customer_wait_10_minute_for_greet
Answer: Yes

A: no_evident_not_easy_check-in
B: no_one_give_key_on_late_check-in
Answer: No

A: no_evident_not_great_quality
B: shampoo_seem_cheap_considering_hotel_cost
Answer: Yes

A: no_evident_not_great_quality
B: expensive_hotel
Answer: No

Now answer for this pair. Output ONLY the final line ""Answer: Yes"" or ""Answer: No"" — no other text.

A: no_evident_not_stored_luggage_for_us
B: staff_clean_after_complaint
Answer:
","A: no_evident_not_stored_luggage_for_us
B: staff_clean_after_complaint
Answer: No"
2026-08-10 23:29:53,3,466,no_evident_not_staff_bring_back,staff_need_keep_update,"Task: decide if Proposition B contradicts Assumption A.

Steps:
1. A defends a claim (strip ""no_evident_not_"" / ""have_evident_"" to see it).
2. B states a fact.
3. Does B disprove A's claim? Same specific issue only, not just same topic.

Output pattern (always use this exact shape):
A: <phrase>
B: <phrase>
Answer: Yes/No

Examples:

A: no_evident_not_easy_check-in
B: customer_wait_10_minute_for_greet
Answer: Yes

A: no_evident_not_easy_check-in
B: no_one_give_key_on_late_check-in
Answer: No

A: no_evident_not_great_quality
B: shampoo_seem_cheap_considering_hotel_cost
Answer: Yes

A: no_evident_not_great_quality
B: expensive_hotel
Answer: No

Now answer for this pair. Output ONLY the final line ""Answer: Yes"" or ""Answer: No"" — no other text.

A: no_evident_not_staff_bring_back
B: staff_need_keep_update
Answer:
","A: no_evident_not_staff_bring_back
B: staff_need_keep_update
Answer: No"
2026-08-10 23:29:54,3,4161,no_evident_not_staff_help_with_car_rental,staff_not_understand_English_well,"Task: decide if Proposition B contradicts Assumption A.

Steps:
1. A defends a claim (strip ""no_evident_not_"" / ""have_evident_"" to see it).
2. B states a fact.
3. Does B disprove A's claim? Same specific issue only, not just same topic.

Output pattern (always use this exact shape):
A: <phrase>
B: <phrase>
Answer: Yes/No

Examples:

A: no_evident_not_easy_check-in
B: customer_wait_10_minute_for_greet
Answer: Yes

A: no_evident_not_easy_check-in
B: no_one_give_key_on_late_check-in
Answer: No

A: no_evident_not_great_quality
B: shampoo_seem_cheap_considering_hotel_cost
Answer: Yes

A: no_evident_not_great_quality
B: expensive_hotel
Answer: No

Now answer for this pair. Output ONLY the final line ""Answer: Yes"" or ""Answer: No"" — no other text.

A: no_evident_not_staff_help_with_car_rental
B: staff_not_understand_English_well
Answer:
","A: no_evident_not_staff_help_with_car_rental
B: staff_not_understand_English_well
Answer: Yes"
2026-08-10 23:29:54,3,657,no_evident_not_staff_explain_information_clearly,staff_not_justify_booking_issue,"Task: decide if Proposition B contradicts Assumption A.

Steps:
1. A defends a claim (strip ""no_evident_not_"" / ""have_evident_"" to see it).
2. B states a fact.
3. Does B disprove A's claim? Same specific issue only, not just same topic.

Output pattern (always use this exact shape):
A: <phrase>
B: <phrase>
Answer: Yes/No

Examples:

A: no_evident_not_easy_check-in
B: customer_wait_10_minute_for_greet
Answer: Yes

A: no_evident_not_easy_check-in
B: no_one_give_key_on_late_check-in
Answer: No

A: no_evident_not_great_quality
B: shampoo_seem_cheap_considering_hotel_cost
Answer: Yes

A: no_evident_not_great_quality
B: expensive_hotel
Answer: No

Now answer for this pair. Output ONLY the final line ""Answer: Yes"" or ""Answer: No"" — no other text.

A: no_evident_not_staff_explain_information_clearly
B: staff_not_justify_booking_issue
Answer:
","A: no_evident_not_staff_explain_information_clearly
B: staff_not_explain_information_clearly
Answer: Yes"
2026-08-10 23:29:54,3,1523,no_evident_not_staff_track_flight,staff_need_improve_collaboration,"Task: decide if Proposition B contradicts Assumption A.

Steps:
1. A defends a claim (strip ""no_evident_not_"" / ""have_evident_"" to see it).
2. B states a fact.
3. Does B disprove A's claim? Same specific issue only, not just same topic.

Output pattern (always use this exact shape):
A: <phrase>
B: <phrase>
Answer: Yes/No

Examples:

A: no_evident_not_easy_check-in
B: customer_wait_10_minute_for_greet
Answer: Yes

A: no_evident_not_easy_check-in
B: no_one_give_key_on_late_check-in
Answer: No

A: no_evident_not_great_quality
B: shampoo_seem_cheap_considering_hotel_cost
Answer: Yes

A: no_evident_not_great_quality
B: expensive_hotel
Answer: No

Now answer for this pair. Output ONLY the final line ""Answer: Yes"" or ""Answer: No"" — no other text.

A: no_evident_not_staff_track_flight
B: staff_need_improve_collaboration
Answer:
",Answer: Yes
2026-08-10 23:29:55,3,562,no_evident_not_wonderful_staff,staff_fail_to_guest_request,"Task: decide if Proposition B contradicts Assumption A.

Steps:
1. A defends a claim (strip ""no_evident_not_"" / ""have_evident_"" to see it).
2. B states a fact.
3. Does B disprove A's claim? Same specific issue only, not just same topic.

Output pattern (always use this exact shape):
A: <phrase>
B: <phrase>
Answer: Yes/No

Examples:

A: no_evident_not_easy_check-in
B: customer_wait_10_minute_for_greet
Answer: Yes

A: no_evident_not_easy_check-in
B: no_one_give_key_on_late_check-in
Answer: No

A: no_evident_not_great_quality
B: shampoo_seem_cheap_considering_hotel_cost
Answer: Yes

A: no_evident_not_great_quality
B: expensive_hotel
Answer: No

Now answer for this pair. Output ONLY the final line ""Answer: Yes"" or ""Answer: No"" — no other text.

A: no_evident_not_wonderful_staff
B: staff_fail_to_guest_request
Answer:
","A: no_evident_not_wonderful_staff
B: staff_fail_to_guest_request
Answer: Yes"
2026-08-10 23:29:55,3,4875,no_evident_not_staff_think_all_detail,staff_cannot_give_bus_to_airport_information,"Task: decide if Proposition B contradicts Assumption A.

Steps:
1. A defends a claim (strip ""no_evident_not_"" / ""have_evident_"" to see it).
2. B states a fact.
3. Does B disprove A's claim? Same specific issue only, not just same topic.

Output pattern (always use this exact shape):
A: <phrase>
B: <phrase>
Answer: Yes/No

Examples:

A: no_evident_not_easy_check-in
B: customer_wait_10_minute_for_greet
Answer: Yes

A: no_evident_not_easy_check-in
B: no_one_give_key_on_late_check-in
Answer: No

A: no_evident_not_great_quality
B: shampoo_seem_cheap_considering_hotel_cost
Answer: Yes

A: no_evident_not_great_quality
B: expensive_hotel
Answer: No

Now answer for this pair. Output ONLY the final line ""Answer: Yes"" or ""Answer: No"" — no other text.

A: no_evident_not_staff_think_all_detail
B: staff_cannot_give_bus_to_airport_information
Answer:
","A: no_evident_not_staff_think_all_detail
B: staff_cannot_give_bus_to_airport_information
Answer: Yes"
2026-08-10 23:29:55,3,557,no_evident_not_wonderful_staff,staff_need_improve_collaboration,"Task: decide if Proposition B contradicts Assumption A.

Steps:
1. A defends a claim (strip ""no_evident_not_"" / ""have_evident_"" to see it).
2. B states a fact.
3. Does B disprove A's claim? Same specific issue only, not just same topic.

Output pattern (always use this exact shape):
A: <phrase>
B: <phrase>
Answer: Yes/No

Examples:

A: no_evident_not_easy_check-in
B: customer_wait_10_minute_for_greet
Answer: Yes

A: no_evident_not_easy_check-in
B: no_one_give_key_on_late_check-in
Answer: No

A: no_evident_not_great_quality
B: shampoo_seem_cheap_considering_hotel_cost
Answer: Yes

A: no_evident_not_great_quality
B: expensive_hotel
Answer: No

Now answer for this pair. Output ONLY the final line ""Answer: Yes"" or ""Answer: No"" — no other text.

A: no_evident_not_wonderful_staff
B: staff_need_improve_collaboration
Answer:
",Answer: Yes
2026-08-10 23:29:56,3,5532,no_evident_not_staff_clean_everyday,offended_staff,"Task: decide if Proposition B contradicts Assumption A.

Steps:
1. A defends a claim (strip ""no_evident_not_"" / ""have_evident_"" to see it).
2. B states a fact.
3. Does B disprove A's claim? Same specific issue only, not just same topic.

Output pattern (always use this exact shape):
A: <phrase>
B: <phrase>
Answer: Yes/No

Examples:

A: no_evident_not_easy_check-in
B: customer_wait_10_minute_for_greet
Answer: Yes

A: no_evident_not_easy_check-in
B: no_one_give_key_on_late_check-in
Answer: No

A: no_evident_not_great_quality
B: shampoo_seem_cheap_considering_hotel_cost
Answer: Yes

A: no_evident_not_great_quality
B: expensive_hotel
Answer: No

Now answer for this pair. Output ONLY the final line ""Answer: Yes"" or ""Answer: No"" — no other text.

A: no_evident_not_staff_clean_everyday
B: offended_staff
Answer:
","A: no_evident_not_staff_clean_everyday
B: offended_staff
Answer: Yes"
2026-08-10 23:29:56,3,1927,no_evident_not_professional_staff,staff_has_unaceptable_manner,"Task: decide if Proposition B contradicts Assumption A.

Steps:
1. A defends a claim (strip ""no_evident_not_"" / ""have_evident_"" to see it).
2. B states a fact.
3. Does B disprove A's claim? Same specific issue only, not just same topic.

Output pattern (always use this exact shape):
A: <phrase>
B: <phrase>
Answer: Yes/No

Examples:

A: no_evident_not_easy_check-in
B: customer_wait_10_minute_for_greet
Answer: Yes

A: no_evident_not_easy_check-in
B: no_one_give_key_on_late_check-in
Answer: No

A: no_evident_not_great_quality
B: shampoo_seem_cheap_considering_hotel_cost
Answer: Yes

A: no_evident_not_great_quality
B: expensive_hotel
Answer: No

Now answer for this pair. Output ONLY the final line ""Answer: Yes"" or ""Answer: No"" — no other text.

A: no_evident_not_professional_staff
B: staff_has_unaceptable_manner
Answer:
","A: no_evident_not_professional_staff
B: staff_has_unacceptable_manner
Answer: Yes"
2026-08-10 23:29:56,3,3308,no_evident_not_good_team,staff_not_speak_Cypriot_language,"Task: decide if Proposition B contradicts Assumption A.

Steps:
1. A defends a claim (strip ""no_evident_not_"" / ""have_evident_"" to see it).
2. B states a fact.
3. Does B disprove A's claim? Same specific issue only, not just same topic.

Output pattern (always use this exact shape):
A: <phrase>
B: <phrase>
Answer: Yes/No

Examples:

A: no_evident_not_easy_check-in
B: customer_wait_10_minute_for_greet
Answer: Yes

A: no_evident_not_easy_check-in
B: no_one_give_key_on_late_check-in
Answer: No

A: no_evident_not_great_quality
B: shampoo_seem_cheap_considering_hotel_cost
Answer: Yes

A: no_evident_not_great_quality
B: expensive_hotel
Answer: No

Now answer for this pair. Output ONLY the final line ""Answer: Yes"" or ""Answer: No"" — no other text.

A: no_evident_not_good_team
B: staff_not_speak_Cypriot_language
Answer:
","A: no_evident_not_good_team
B: staff_not_speak_Cypriot_language
Answer: Yes"
2026-08-10 23:29:57,3,983,no_evident_not_excellent_staff,staff_not_provide_good_solution,"Task: decide if Proposition B contradicts Assumption A.

Steps:
1. A defends a claim (strip ""no_evident_not_"" / ""have_evident_"" to see it).
2. B states a fact.
3. Does B disprove A's claim? Same specific issue only, not just same topic.

Output pattern (always use this exact shape):
A: <phrase>
B: <phrase>
Answer: Yes/No

Examples:

A: no_evident_not_easy_check-in
B: customer_wait_10_minute_for_greet
Answer: Yes

A: no_evident_not_easy_check-in
B: no_one_give_key_on_late_check-in
Answer: No

A: no_evident_not_great_quality
B: shampoo_seem_cheap_considering_hotel_cost
Answer: Yes

A: no_evident_not_great_quality
B: expensive_hotel
Answer: No

Now answer for this pair. Output ONLY the final line ""Answer: Yes"" or ""Answer: No"" — no other text.

A: no_evident_not_excellent_staff
B: staff_not_provide_good_solution
Answer:
","A: no_evident_not_excellent_staff
B: staff_not_provide_good_solution
Answer: Yes"
2026-08-10 23:29:57,3,4667,no_evident_not_staff_help_with_everything_needed,staff_not_understand_English_well,"Task: decide if Proposition B contradicts Assumption A.

Steps:
1. A defends a claim (strip ""no_evident_not_"" / ""have_evident_"" to see it).
2. B states a fact.
3. Does B disprove A's claim? Same specific issue only, not just same topic.

Output pattern (always use this exact shape):
A: <phrase>
B: <phrase>
Answer: Yes/No

Examples:

A: no_evident_not_easy_check-in
B: customer_wait_10_minute_for_greet
Answer: Yes

A: no_evident_not_easy_check-in
B: no_one_give_key_on_late_check-in
Answer: No

A: no_evident_not_great_quality
B: shampoo_seem_cheap_considering_hotel_cost
Answer: Yes

A: no_evident_not_great_quality
B: expensive_hotel
Answer: No

Now answer for this pair. Output ONLY the final line ""Answer: Yes"" or ""Answer: No"" — no other text.

A: no_evident_not_staff_help_with_everything_needed
B: staff_not_understand_English_well
Answer:
","A: no_evident_not_staff_help_with_everything_needed
B: staff_not_understand_English_well
Answer: Yes"
2026-08-10 23:29:57,3,2017,no_evident_not_eager_to_help,staff_mistakenly_throw_valuable_item_during_cleaning_service,"Task: decide if Proposition B contradicts Assumption A.

Steps:
1. A defends a claim (strip ""no_evident_not_"" / ""have_evident_"" to see it).
2. B states a fact.
3. Does B disprove A's claim? Same specific issue only, not just same topic.

Output pattern (always use this exact shape):
A: <phrase>
B: <phrase>
Answer: Yes/No

Examples:

A: no_evident_not_easy_check-in
B: customer_wait_10_minute_for_greet
Answer: Yes

A: no_evident_not_easy_check-in
B: no_one_give_key_on_late_check-in
Answer: No

A: no_evident_not_great_quality
B: shampoo_seem_cheap_considering_hotel_cost
Answer: Yes

A: no_evident_not_great_quality
B: expensive_hotel
Answer: No

Now answer for this pair. Output ONLY the final line ""Answer: Yes"" or ""Answer: No"" — no other text.

A: no_evident_not_eager_to_help
B: staff_mistakenly_throw_valuable_item_during_cleaning_service
Answer:
","A: no_evident_not_eager_to_help
B: staff_mistakenly_throw_valuable_item_during_cleaning_service
Answer: Yes"
2026-08-10 23:29:58,3,4743,no_evident_not_staff_left_precise_information_for_arrival,staff_need_improve_collaboration,"Task: decide if Proposition B contradicts Assumption A.

Steps:
1. A defends a claim (strip ""no_evident_not_"" / ""have_evident_"" to see it).
2. B states a fact.
3. Does B disprove A's claim? Same specific issue only, not just same topic.

Output pattern (always use this exact shape):
A: <phrase>
B: <phrase>
Answer: Yes/No

Examples:

A: no_evident_not_easy_check-in
B: customer_wait_10_minute_for_greet
Answer: Yes

A: no_evident_not_easy_check-in
B: no_one_give_key_on_late_check-in
Answer: No

A: no_evident_not_great_quality
B: shampoo_seem_cheap_considering_hotel_cost
Answer: Yes

A: no_evident_not_great_quality
B: expensive_hotel
Answer: No

Now answer for this pair. Output ONLY the final line ""Answer: Yes"" or ""Answer: No"" — no other text.

A: no_evident_not_staff_left_precise_information_for_arrival
B: staff_need_improve_collaboration
Answer:
","A: no_evident_not_staff_left_precise_information_for_arrival
B: staff_need_improve_collaboration
Answer: No"
2026-08-10 23:29:58,3,4871,no_evident_not_staff_think_all_detail,staff_has_unaceptable_manner,"Task: decide if Proposition B contradicts Assumption A.

Steps:
1. A defends a claim (strip ""no_evident_not_"" / ""have_evident_"" to see it).
2. B states a fact.
3. Does B disprove A's claim? Same specific issue only, not just same topic.

Output pattern (always use this exact shape):
A: <phrase>
B: <phrase>
Answer: Yes/No

Examples:

A: no_evident_not_easy_check-in
B: customer_wait_10_minute_for_greet
Answer: Yes

A: no_evident_not_easy_check-in
B: no_one_give_key_on_late_check-in
Answer: No

A: no_evident_not_great_quality
B: shampoo_seem_cheap_considering_hotel_cost
Answer: Yes

A: no_evident_not_great_quality
B: expensive_hotel
Answer: No

Now answer for this pair. Output ONLY the final line ""Answer: Yes"" or ""Answer: No"" — no other text.

A: no_evident_not_staff_think_all_detail
B: staff_has_unaceptable_manner
Answer:
","A: no_evident_not_staff_think_all_detail
B: staff_has_unacceptable_manner
Answer: Yes"
2026-08-10 23:29:58,3,326,no_evident_not_staff_go_out_of_their_way_for_us,staff_need_improve_organization,"Task: decide if Proposition B contradicts Assumption A.

Steps:
1. A defends a claim (strip ""no_evident_not_"" / ""have_evident_"" to see it).
2. B states a fact.
3. Does B disprove A's claim? Same specific issue only, not just same topic.

Output pattern (always use this exact shape):
A: <phrase>
B: <phrase>
Answer: Yes/No

Examples:

A: no_evident_not_easy_check-in
B: customer_wait_10_minute_for_greet
Answer: Yes

A: no_evident_not_easy_check-in
B: no_one_give_key_on_late_check-in
Answer: No

A: no_evident_not_great_quality
B: shampoo_seem_cheap_considering_hotel_cost
Answer: Yes

A: no_evident_not_great_quality
B: expensive_hotel
Answer: No

Now answer for this pair. Output ONLY the final line ""Answer: Yes"" or ""Answer: No"" — no other text.

A: no_evident_not_staff_go_out_of_their_way_for_us
B: staff_need_improve_organization
Answer:
",Answer: Yes
2026-08-10 23:29:59,3,5074,no_evident_not_staff_take_care_well-being_of_guest,staff_charge_for_cancellation_while_no_cancellation_charge_in_Booking.com,"Task: decide if Proposition B contradicts Assumption A.

Steps:
1. A defends a claim (strip ""no_evident_not_"" / ""have_evident_"" to see it).
2. B states a fact.
3. Does B disprove A's claim? Same specific issue only, not just same topic.

Output pattern (always use this exact shape):
A: <phrase>
B: <phrase>
Answer: Yes/No

Examples:

A: no_evident_not_easy_check-in
B: customer_wait_10_minute_for_greet
Answer: Yes

A: no_evident_not_easy_check-in
B: no_one_give_key_on_late_check-in
Answer: No

A: no_evident_not_great_quality
B: shampoo_seem_cheap_considering_hotel_cost
Answer: Yes

A: no_evident_not_great_quality
B: expensive_hotel
Answer: No

Now answer for this pair. Output ONLY the final line ""Answer: Yes"" or ""Answer: No"" — no other text.

A: no_evident_not_staff_take_care_well-being_of_guest
B: staff_charge_for_cancellation_while_no_cancellation_charge_in_Booking.com
Answer:
","A: no_evident_not_staff_take_care_well-being_of_guest
B: staff_charge_for_cancellation_while_no_cancellation_charge_in_Booking.com
Answer: Yes"
2026-08-10 23:29:59,3,672,no_evident_not_hospitality_staff,staff_need_improve_collaboration,"Task: decide if Proposition B contradicts Assumption A.

Steps:
1. A defends a claim (strip ""no_evident_not_"" / ""have_evident_"" to see it).
2. B states a fact.
3. Does B disprove A's claim? Same specific issue only, not just same topic.

Output pattern (always use this exact shape):
A: <phrase>
B: <phrase>
Answer: Yes/No

Examples:

A: no_evident_not_easy_check-in
B: customer_wait_10_minute_for_greet
Answer: Yes

A: no_evident_not_easy_check-in
B: no_one_give_key_on_late_check-in
Answer: No

A: no_evident_not_great_quality
B: shampoo_seem_cheap_considering_hotel_cost
Answer: Yes

A: no_evident_not_great_quality
B: expensive_hotel
Answer: No

Now answer for this pair. Output ONLY the final line ""Answer: Yes"" or ""Answer: No"" — no other text.

A: no_evident_not_hospitality_staff
B: staff_need_improve_collaboration
Answer:
",Answer: Yes
2026-08-10 23:29:59,3,3435,no_evident_not_grateful_for_staff,no_empathy_staff,"Task: decide if Proposition B contradicts Assumption A.

Steps:
1. A defends a claim (strip ""no_evident_not_"" / ""have_evident_"" to see it).
2. B states a fact.
3. Does B disprove A's claim? Same specific issue only, not just same topic.

Output pattern (always use this exact shape):
A: <phrase>
B: <phrase>
Answer: Yes/No

Examples:

A: no_evident_not_easy_check-in
B: customer_wait_10_minute_for_greet
Answer: Yes

A: no_evident_not_easy_check-in
B: no_one_give_key_on_late_check-in
Answer: No

A: no_evident_not_great_quality
B: shampoo_seem_cheap_considering_hotel_cost
Answer: Yes

A: no_evident_not_great_quality
B: expensive_hotel
Answer: No

Now answer for this pair. Output ONLY the final line ""Answer: Yes"" or ""Answer: No"" — no other text.

A: no_evident_not_grateful_for_staff
B: no_empathy_staff
Answer:
","A: no_evident_not_grateful_for_staff
B: no_empathy_staff
Answer: Yes"
2026-08-10 23:29:59,3,5386,no_evident_not_staff_give_early_check-in,staff_need_improve_organization,"Task: decide if Proposition B contradicts Assumption A.

Steps:
1. A defends a claim (strip ""no_evident_not_"" / ""have_evident_"" to see it).
2. B states a fact.
3. Does B disprove A's claim? Same specific issue only, not just same topic.

Output pattern (always use this exact shape):
A: <phrase>
B: <phrase>
Answer: Yes/No

Examples:

A: no_evident_not_easy_check-in
B: customer_wait_10_minute_for_greet
Answer: Yes

A: no_evident_not_easy_check-in
B: no_one_give_key_on_late_check-in
Answer: No

A: no_evident_not_great_quality
B: shampoo_seem_cheap_considering_hotel_cost
Answer: Yes

A: no_evident_not_great_quality
B: expensive_hotel
Answer: No

Now answer for this pair. Output ONLY the final line ""Answer: Yes"" or ""Answer: No"" — no other text.

A: no_evident_not_staff_give_early_check-in
B: staff_need_improve_organization
Answer:
",Answer: Yes
2026-08-10 23:30:00,3,4782,no_evident_not_staff_send_phot_for_arrival,staff_not_understand_English_well,"Task: decide if Proposition B contradicts Assumption A.

Steps:
1. A defends a claim (strip ""no_evident_not_"" / ""have_evident_"" to see it).
2. B states a fact.
3. Does B disprove A's claim? Same specific issue only, not just same topic.

Output pattern (always use this exact shape):
A: <phrase>
B: <phrase>
Answer: Yes/No

Examples:

A: no_evident_not_easy_check-in
B: customer_wait_10_minute_for_greet
Answer: Yes

A: no_evident_not_easy_check-in
B: no_one_give_key_on_late_check-in
Answer: No

A: no_evident_not_great_quality
B: shampoo_seem_cheap_considering_hotel_cost
Answer: Yes

A: no_evident_not_great_quality
B: expensive_hotel
Answer: No

Now answer for this pair. Output ONLY the final line ""Answer: Yes"" or ""Answer: No"" — no other text.

A: no_evident_not_staff_send_phot_for_arrival
B: staff_not_understand_English_well
Answer:
","A: no_evident_not_staff_send_phot_for_arrival
B: staff_not_understand_English_well
Answer: Yes"
2026-08-10 23:30:00,3,4631,no_evident_not_staff_help_with_all_question,no_empathy_staff,"Task: decide if Proposition B contradicts Assumption A.

Steps:
1. A defends a claim (strip ""no_evident_not_"" / ""have_evident_"" to see it).
2. B states a fact.
3. Does B disprove A's claim? Same specific issue only, not just same topic.

Output pattern (always use this exact shape):
A: <phrase>
B: <phrase>
Answer: Yes/No

Examples:

A: no_evident_not_easy_check-in
B: customer_wait_10_minute_for_greet
Answer: Yes

A: no_evident_not_easy_check-in
B: no_one_give_key_on_late_check-in
Answer: No

A: no_evident_not_great_quality
B: shampoo_seem_cheap_considering_hotel_cost
Answer: Yes

A: no_evident_not_great_quality
B: expensive_hotel
Answer: No

Now answer for this pair. Output ONLY the final line ""Answer: Yes"" or ""Answer: No"" — no other text.

A: no_evident_not_staff_help_with_all_question
B: no_empathy_staff
Answer:
","A: no_evident_not_staff_help_with_all_question
B: no_empathy_staff
Answer: Yes"
2026-08-10 23:30:00,3,4283,no_evident_not_staff_ready_to_help,staff_need_improve_collaboration,"Task: decide if Proposition B contradicts Assumption A.

Steps:
1. A defends a claim (strip ""no_evident_not_"" / ""have_evident_"" to see it).
2. B states a fact.
3. Does B disprove A's claim? Same specific issue only, not just same topic.

Output pattern (always use this exact shape):
A: <phrase>
B: <phrase>
Answer: Yes/No

Examples:

A: no_evident_not_easy_check-in
B: customer_wait_10_minute_for_greet
Answer: Yes

A: no_evident_not_easy_check-in
B: no_one_give_key_on_late_check-in
Answer: No

A: no_evident_not_great_quality
B: shampoo_seem_cheap_considering_hotel_cost
Answer: Yes

A: no_evident_not_great_quality
B: expensive_hotel
Answer: No

Now answer for this pair. Output ONLY the final line ""Answer: Yes"" or ""Answer: No"" — no other text.

A: no_evident_not_staff_ready_to_help
B: staff_need_improve_collaboration
Answer:
",Answer: Yes
2026-08-10 23:30:01,3,2592,no_evident_not_customer-centric_staff,staff_mistakenly_throw_valuable_item_during_cleaning_service,"Task: decide if Proposition B contradicts Assumption A.

Steps:
1. A defends a claim (strip ""no_evident_not_"" / ""have_evident_"" to see it).
2. B states a fact.
3. Does B disprove A's claim? Same specific issue only, not just same topic.

Output pattern (always use this exact shape):
A: <phrase>
B: <phrase>
Answer: Yes/No

Examples:

A: no_evident_not_easy_check-in
B: customer_wait_10_minute_for_greet
Answer: Yes

A: no_evident_not_easy_check-in
B: no_one_give_key_on_late_check-in
Answer: No

A: no_evident_not_great_quality
B: shampoo_seem_cheap_considering_hotel_cost
Answer: Yes

A: no_evident_not_great_quality
B: expensive_hotel
Answer: No

Now answer for this pair. Output ONLY the final line ""Answer: Yes"" or ""Answer: No"" — no other text.

A: no_evident_not_customer-centric_staff
B: staff_mistakenly_throw_valuable_item_during_cleaning_service
Answer:
","A: no_evident_not_customer-centric_staff
B: staff_mistakenly_throw_valuable_item_during_cleaning_service
Answer: Yes"
2026-08-10 23:30:01,3,2137,no_evident_not_staff_allow_to_keep_room_longer_because_flight_cancelled,staff_not_understand_English_well,"Task: decide if Proposition B contradicts Assumption A.

Steps:
1. A defends a claim (strip ""no_evident_not_"" / ""have_evident_"" to see it).
2. B states a fact.
3. Does B disprove A's claim? Same specific issue only, not just same topic.

Output pattern (always use this exact shape):
A: <phrase>
B: <phrase>
Answer: Yes/No

Examples:

A: no_evident_not_easy_check-in
B: customer_wait_10_minute_for_greet
Answer: Yes

A: no_evident_not_easy_check-in
B: no_one_give_key_on_late_check-in
Answer: No

A: no_evident_not_great_quality
B: shampoo_seem_cheap_considering_hotel_cost
Answer: Yes

A: no_evident_not_great_quality
B: expensive_hotel
Answer: No

Now answer for this pair. Output ONLY the final line ""Answer: Yes"" or ""Answer: No"" — no other text.

A: no_evident_not_staff_allow_to_keep_room_longer_because_flight_cancelled
B: staff_not_understand_English_well
Answer:
","A: no_evident_not_staff_allow_to_keep_room_longer_because_flight_cancelled
B: staff_not_understand_English_well
Answer: Yes"
2026-08-10 23:30:02,3,1674,no_evident_not_staff_make_late_check-in_simple,staff_has_unaceptable_manner,"Task: decide if Proposition B contradicts Assumption A.

Steps:
1. A defends a claim (strip ""no_evident_not_"" / ""have_evident_"" to see it).
2. B states a fact.
3. Does B disprove A's claim? Same specific issue only, not just same topic.

Output pattern (always use this exact shape):
A: <phrase>
B: <phrase>
Answer: Yes/No

Examples:

A: no_evident_not_easy_check-in
B: customer_wait_10_minute_for_greet
Answer: Yes

A: no_evident_not_easy_check-in
B: no_one_give_key_on_late_check-in
Answer: No

A: no_evident_not_great_quality
B: shampoo_seem_cheap_considering_hotel_cost
Answer: Yes

A: no_evident_not_great_quality
B: expensive_hotel
Answer: No

Now answer for this pair. Output ONLY the final line ""Answer: Yes"" or ""Answer: No"" — no other text.

A: no_evident_not_staff_make_late_check-in_simple
B: staff_has_unaceptable_manner
Answer:
","A: no_evident_not_staff_make_late_check-in_simple
B: staff_has_unacceptable_manner
Answer: Yes"
2026-08-10 23:30:02,3,5487,no_evident_not_staff_pick_up_at_bus_stop,staff_not_justify_booking_issue,"Task: decide if Proposition B contradicts Assumption A.

Steps:
1. A defends a claim (strip ""no_evident_not_"" / ""have_evident_"" to see it).
2. B states a fact.
3. Does B disprove A's claim? Same specific issue only, not just same topic.

Output pattern (always use this exact shape):
A: <phrase>
B: <phrase>
Answer: Yes/No

Examples:

A: no_evident_not_easy_check-in
B: customer_wait_10_minute_for_greet
Answer: Yes

A: no_evident_not_easy_check-in
B: no_one_give_key_on_late_check-in
Answer: No

A: no_evident_not_great_quality
B: shampoo_seem_cheap_considering_hotel_cost
Answer: Yes

A: no_evident_not_great_quality
B: expensive_hotel
Answer: No

Now answer for this pair. Output ONLY the final line ""Answer: Yes"" or ""Answer: No"" — no other text.

A: no_evident_not_staff_pick_up_at_bus_stop
B: staff_not_justify_booking_issue
Answer:
","A: no_evident_not_staff_pick_up_at_bus_stop
B: staff_not_justify_booking_issue
Answer: Yes"
2026-08-10 23:30:02,3,5868,no_evident_not_cordial_staff,staff_should_learn_better_English,"Task: decide if Proposition B contradicts Assumption A.

Steps:
1. A defends a claim (strip ""no_evident_not_"" / ""have_evident_"" to see it).
2. B states a fact.
3. Does B disprove A's claim? Same specific issue only, not just same topic.

Output pattern (always use this exact shape):
A: <phrase>
B: <phrase>
Answer: Yes/No

Examples:

A: no_evident_not_easy_check-in
B: customer_wait_10_minute_for_greet
Answer: Yes

A: no_evident_not_easy_check-in
B: no_one_give_key_on_late_check-in
Answer: No

A: no_evident_not_great_quality
B: shampoo_seem_cheap_considering_hotel_cost
Answer: Yes

A: no_evident_not_great_quality
B: expensive_hotel
Answer: No

Now answer for this pair. Output ONLY the final line ""Answer: Yes"" or ""Answer: No"" — no other text.

A: no_evident_not_cordial_staff
B: staff_should_learn_better_English
Answer:
",Answer: Yes
2026-08-10 23:30:03,3,2574,no_evident_not_staff_make_sure_we_had_great_stay,staff_not_understand_English_well,"Task: decide if Proposition B contradicts Assumption A.

Steps:
1. A defends a claim (strip ""no_evident_not_"" / ""have_evident_"" to see it).
2. B states a fact.
3. Does B disprove A's claim? Same specific issue only, not just same topic.

Output pattern (always use this exact shape):
A: <phrase>
B: <phrase>
Answer: Yes/No

Examples:

A: no_evident_not_easy_check-in
B: customer_wait_10_minute_for_greet
Answer: Yes

A: no_evident_not_easy_check-in
B: no_one_give_key_on_late_check-in
Answer: No

A: no_evident_not_great_quality
B: shampoo_seem_cheap_considering_hotel_cost
Answer: Yes

A: no_evident_not_great_quality
B: expensive_hotel
Answer: No

Now answer for this pair. Output ONLY the final line ""Answer: Yes"" or ""Answer: No"" — no other text.

A: no_evident_not_staff_make_sure_we_had_great_stay
B: staff_not_understand_English_well
Answer:
","A: no_evident_not_staff_make_sure_we_had_great_stay
B: staff_not_understand_English_well
Answer: Yes"
2026-08-10 23:30:03,3,1956,no_evident_not_staff_arrange_taxi_from_airport,staff_not_speak_English_properly,"Task: decide if Proposition B contradicts Assumption A.

Steps:
1. A defends a claim (strip ""no_evident_not_"" / ""have_evident_"" to see it).
2. B states a fact.
3. Does B disprove A's claim? Same specific issue only, not just same topic.

Output pattern (always use this exact shape):
A: <phrase>
B: <phrase>
Answer: Yes/No

Examples:

A: no_evident_not_easy_check-in
B: customer_wait_10_minute_for_greet
Answer: Yes

A: no_evident_not_easy_check-in
B: no_one_give_key_on_late_check-in
Answer: No

A: no_evident_not_great_quality
B: shampoo_seem_cheap_considering_hotel_cost
Answer: Yes

A: no_evident_not_great_quality
B: expensive_hotel
Answer: No

Now answer for this pair. Output ONLY the final line ""Answer: Yes"" or ""Answer: No"" — no other text.

A: no_evident_not_staff_arrange_taxi_from_airport
B: staff_not_speak_English_properly
Answer:
","A: no_evident_not_staff_arrange_taxi_from_airport
B: staff_not_speak_English_properly
Answer: Yes"
2026-08-10 23:30:04,3,2176,no_evident_not_happy_to_help_with_Covid_restriction,staff_charge_for_cancellation_while_no_cancellation_charge_in_Booking.com,"Task: decide if Proposition B contradicts Assumption A.

Steps:
1. A defends a claim (strip ""no_evident_not_"" / ""have_evident_"" to see it).
2. B states a fact.
3. Does B disprove A's claim? Same specific issue only, not just same topic.

Output pattern (always use this exact shape):
A: <phrase>
B: <phrase>
Answer: Yes/No

Examples:

A: no_evident_not_easy_check-in
B: customer_wait_10_minute_for_greet
Answer: Yes

A: no_evident_not_easy_check-in
B: no_one_give_key_on_late_check-in
Answer: No

A: no_evident_not_great_quality
B: shampoo_seem_cheap_considering_hotel_cost
Answer: Yes

A: no_evident_not_great_quality
B: expensive_hotel
Answer: No

Now answer for this pair. Output ONLY the final line ""Answer: Yes"" or ""Answer: No"" — no other text.

A: no_evident_not_happy_to_help_with_Covid_restriction
B: staff_charge_for_cancellation_while_no_cancellation_charge_in_Booking.com
Answer:
","A: no_evident_not_happy_to-help-with-Covid-restriction
B: staff_charge_for_cancellation_while_no-cancellation-charge-in-Booking.com
Answer: Yes"
2026-08-10 23:30:04,3,3243,no_evident_not_staff_recommend_place,only_one_staff_wear_mask,"Task: decide if Proposition B contradicts Assumption A.

Steps:
1. A defends a claim (strip ""no_evident_not_"" / ""have_evident_"" to see it).
2. B states a fact.
3. Does B disprove A's claim? Same specific issue only, not just same topic.

Output pattern (always use this exact shape):
A: <phrase>
B: <phrase>
Answer: Yes/No

Examples:

A: no_evident_not_easy_check-in
B: customer_wait_10_minute_for_greet
Answer: Yes

A: no_evident_not_easy_check-in
B: no_one_give_key_on_late_check-in
Answer: No

A: no_evident_not_great_quality
B: shampoo_seem_cheap_considering_hotel_cost
Answer: Yes

A: no_evident_not_great_quality
B: expensive_hotel
Answer: No

Now answer for this pair. Output ONLY the final line ""Answer: Yes"" or ""Answer: No"" — no other text.

A: no_evident_not_staff_recommend_place
B: only_one_staff_wear_mask
Answer:
","A: no_evident_not_staff_recommend_place
B: only_one_staff_wear_mask
Answer: Yes"
2026-08-10 23:30:04,3,1073,no_evident_not_fantastic_service,staff_enforce_cancellation_charge,"Task: decide if Proposition B contradicts Assumption A.

Steps:
1. A defends a claim (strip ""no_evident_not_"" / ""have_evident_"" to see it).
2. B states a fact.
3. Does B disprove A's claim? Same specific issue only, not just same topic.

Output pattern (always use this exact shape):
A: <phrase>
B: <phrase>
Answer: Yes/No

Examples:

A: no_evident_not_easy_check-in
B: customer_wait_10_minute_for_greet
Answer: Yes

A: no_evident_not_easy_check-in
B: no_one_give_key_on_late_check-in
Answer: No

A: no_evident_not_great_quality
B: shampoo_seem_cheap_considering_hotel_cost
Answer: Yes

A: no_evident_not_great_quality
B: expensive_hotel
Answer: No

Now answer for this pair. Output ONLY the final line ""Answer: Yes"" or ""Answer: No"" — no other text.

A: no_evident_not_fantastic_service
B: staff_enforce_cancellation_charge
Answer:
","A: no_evident_not_fantastic_service
B: staff_enforce_cancellation_charge
Answer: Yes"
2026-08-10 23:30:05,3,5288,no_evident_not_pleasant_welcome,staff_not_understand_English_well,"Task: decide if Proposition B contradicts Assumption A.

Steps:
1. A defends a claim (strip ""no_evident_not_"" / ""have_evident_"" to see it).
2. B states a fact.
3. Does B disprove A's claim? Same specific issue only, not just same topic.

Output pattern (always use this exact shape):
A: <phrase>
B: <phrase>
Answer: Yes/No

Examples:

A: no_evident_not_easy_check-in
B: customer_wait_10_minute_for_greet
Answer: Yes

A: no_evident_not_easy_check-in
B: no_one_give_key_on_late_check-in
Answer: No

A: no_evident_not_great_quality
B: shampoo_seem_cheap_considering_hotel_cost
Answer: Yes

A: no_evident_not_great_quality
B: expensive_hotel
Answer: No

Now answer for this pair. Output ONLY the final line ""Answer: Yes"" or ""Answer: No"" — no other text.

A: no_evident_not_pleasant_welcome
B: staff_not_understand_English_well
Answer:
","A: no_evident_not_pleasant_welcome
B: staff_not_understand_English_well
Answer: Yes"
2026-08-10 23:30:05,3,2458,no_evident_not_quick_response_staff,no_staff_at_night,"Task: decide if Proposition B contradicts Assumption A.

Steps:
1. A defends a claim (strip ""no_evident_not_"" / ""have_evident_"" to see it).
2. B states a fact.
3. Does B disprove A's claim? Same specific issue only, not just same topic.

Output pattern (always use this exact shape):
A: <phrase>
B: <phrase>
Answer: Yes/No

Examples:

A: no_evident_not_easy_check-in
B: customer_wait_10_minute_for_greet
Answer: Yes

A: no_evident_not_easy_check-in
B: no_one_give_key_on_late_check-in
Answer: No

A: no_evident_not_great_quality
B: shampoo_seem_cheap_considering_hotel_cost
Answer: Yes

A: no_evident_not_great_quality
B: expensive_hotel
Answer: No

Now answer for this pair. Output ONLY the final line ""Answer: Yes"" or ""Answer: No"" — no other text.

A: no_evident_not_quick_response_staff
B: no_staff_at_night
Answer:
",Answer: Yes
2026-08-10 23:30:05,3,3746,no_evident_not_can_speak_French,no_staff_at_night,"Task: decide if Proposition B contradicts Assumption A.

Steps:
1. A defends a claim (strip ""no_evident_not_"" / ""have_evident_"" to see it).
2. B states a fact.
3. Does B disprove A's claim? Same specific issue only, not just same topic.

Output pattern (always use this exact shape):
A: <phrase>
B: <phrase>
Answer: Yes/No

Examples:

A: no_evident_not_easy_check-in
B: customer_wait_10_minute_for_greet
Answer: Yes

A: no_evident_not_easy_check-in
B: no_one_give_key_on_late_check-in
Answer: No

A: no_evident_not_great_quality
B: shampoo_seem_cheap_considering_hotel_cost
Answer: Yes

A: no_evident_not_great_quality
B: expensive_hotel
Answer: No

Now answer for this pair. Output ONLY the final line ""Answer: Yes"" or ""Answer: No"" — no other text.

A: no_evident_not_can_speak_French
B: no_staff_at_night
Answer:
","A: no_evident_not_can_speak_French
B: no_staff_at_night
Answer: Yes"
2026-08-10 23:30:05,3,2591,no_evident_not_customer-centric_staff,staff_enforce_cancellation_charge,"Task: decide if Proposition B contradicts Assumption A.

Steps:
1. A defends a claim (strip ""no_evident_not_"" / ""have_evident_"" to see it).
2. B states a fact.
3. Does B disprove A's claim? Same specific issue only, not just same topic.

Output pattern (always use this exact shape):
A: <phrase>
B: <phrase>
Answer: Yes/No

Examples:

A: no_evident_not_easy_check-in
B: customer_wait_10_minute_for_greet
Answer: Yes

A: no_evident_not_easy_check-in
B: no_one_give_key_on_late_check-in
Answer: No

A: no_evident_not_great_quality
B: shampoo_seem_cheap_considering_hotel_cost
Answer: Yes

A: no_evident_not_great_quality
B: expensive_hotel
Answer: No

Now answer for this pair. Output ONLY the final line ""Answer: Yes"" or ""Answer: No"" — no other text.

A: no_evident_not_customer-centric_staff
B: staff_enforce_cancellation_charge
Answer:
","A: no_evident_not_customer-centric_staff
B: staff_enforce_cancellation_charge
Answer: Yes"
2026-08-10 23:30:06,3,6160,no_evident_not_warm_welcome_in_French,staff_not_speak_Cypriot_language,"Task: decide if Proposition B contradicts Assumption A.

Steps:
1. A defends a claim (strip ""no_evident_not_"" / ""have_evident_"" to see it).
2. B states a fact.
3. Does B disprove A's claim? Same specific issue only, not just same topic.

Output pattern (always use this exact shape):
A: <phrase>
B: <phrase>
Answer: Yes/No

Examples:

A: no_evident_not_easy_check-in
B: customer_wait_10_minute_for_greet
Answer: Yes

A: no_evident_not_easy_check-in
B: no_one_give_key_on_late_check-in
Answer: No

A: no_evident_not_great_quality
B: shampoo_seem_cheap_considering_hotel_cost
Answer: Yes

A: no_evident_not_great_quality
B: expensive_hotel
Answer: No

Now answer for this pair. Output ONLY the final line ""Answer: Yes"" or ""Answer: No"" — no other text.

A: no_evident_not_warm_welcome_in_French
B: staff_not_speak_Cypriot_language
Answer:
","A: no_evident_not_warm_welcome_in_French
B: staff_not_speak_Cypriot_language
Answer: Yes"
2026-08-10 23:30:06,3,595,no_evident_not_polite_staff,no_staff_at_night,"Task: decide if Proposition B contradicts Assumption A.

Steps:
1. A defends a claim (strip ""no_evident_not_"" / ""have_evident_"" to see it).
2. B states a fact.
3. Does B disprove A's claim? Same specific issue only, not just same topic.

Output pattern (always use this exact shape):
A: <phrase>
B: <phrase>
Answer: Yes/No

Examples:

A: no_evident_not_easy_check-in
B: customer_wait_10_minute_for_greet
Answer: Yes

A: no_evident_not_easy_check-in
B: no_one_give_key_on_late_check-in
Answer: No

A: no_evident_not_great_quality
B: shampoo_seem_cheap_considering_hotel_cost
Answer: Yes

A: no_evident_not_great_quality
B: expensive_hotel
Answer: No

Now answer for this pair. Output ONLY the final line ""Answer: Yes"" or ""Answer: No"" — no other text.

A: no_evident_not_polite_staff
B: no_staff_at_night
Answer:
","A: no_evident_not_polite_staff
B: no_staff_at_night
Answer: Yes"
2026-08-10 23:30:07,3,77,no_evident_not_great_staff,no_empathy_staff,"Task: decide if Proposition B contradicts Assumption A.

Steps:
1. A defends a claim (strip ""no_evident_not_"" / ""have_evident_"" to see it).
2. B states a fact.
3. Does B disprove A's claim? Same specific issue only, not just same topic.

Output pattern (always use this exact shape):
A: <phrase>
B: <phrase>
Answer: Yes/No

Examples:

A: no_evident_not_easy_check-in
B: customer_wait_10_minute_for_greet
Answer: Yes

A: no_evident_not_easy_check-in
B: no_one_give_key_on_late_check-in
Answer: No

A: no_evident_not_great_quality
B: shampoo_seem_cheap_considering_hotel_cost
Answer: Yes

A: no_evident_not_great_quality
B: expensive_hotel
Answer: No

Now answer for this pair. Output ONLY the final line ""Answer: Yes"" or ""Answer: No"" — no other text.

A: no_evident_not_great_staff
B: no_empathy_staff
Answer:
","A: no_evident_not_great_staff
B: no_empathy_staff
Answer: Yes"
2026-08-10 23:30:07,3,3755,no_evident_not_competent_staff,staff_need_keep_update,"Task: decide if Proposition B contradicts Assumption A.

Steps:
1. A defends a claim (strip ""no_evident_not_"" / ""have_evident_"" to see it).
2. B states a fact.
3. Does B disprove A's claim? Same specific issue only, not just same topic.

Output pattern (always use this exact shape):
A: <phrase>
B: <phrase>
Answer: Yes/No

Examples:

A: no_evident_not_easy_check-in
B: customer_wait_10_minute_for_greet
Answer: Yes

A: no_evident_not_easy_check-in
B: no_one_give_key_on_late_check-in
Answer: No

A: no_evident_not_great_quality
B: shampoo_seem_cheap_considering_hotel_cost
Answer: Yes

A: no_evident_not_great_quality
B: expensive_hotel
Answer: No

Now answer for this pair. Output ONLY the final line ""Answer: Yes"" or ""Answer: No"" — no other text.

A: no_evident_not_competent_staff
B: staff_need_keep_update
Answer:
","A: no_evident_not_competent_staff
B: staff_need_keep_update
Answer: No"
2026-08-10 23:30:07,3,5089,no_evident_not_incredible_staff,staff_need_keep_update,"Task: decide if Proposition B contradicts Assumption A.

Steps:
1. A defends a claim (strip ""no_evident_not_"" / ""have_evident_"" to see it).
2. B states a fact.
3. Does B disprove A's claim? Same specific issue only, not just same topic.

Output pattern (always use this exact shape):
A: <phrase>
B: <phrase>
Answer: Yes/No

Examples:

A: no_evident_not_easy_check-in
B: customer_wait_10_minute_for_greet
Answer: Yes

A: no_evident_not_easy_check-in
B: no_one_give_key_on_late_check-in
Answer: No

A: no_evident_not_great_quality
B: shampoo_seem_cheap_considering_hotel_cost
Answer: Yes

A: no_evident_not_great_quality
B: expensive_hotel
Answer: No

Now answer for this pair. Output ONLY the final line ""Answer: Yes"" or ""Answer: No"" — no other text.

A: no_evident_not_incredible_staff
B: staff_need_keep_update
Answer:
","A: no_evident_not_incredible_staff
B: staff_need_keep_update
Answer: Yes"
2026-08-10 23:30:08,3,4613,no_evident_not_staff_give_arrival_explanation,staff_not_justify_booking_issue,"Task: decide if Proposition B contradicts Assumption A.

Steps:
1. A defends a claim (strip ""no_evident_not_"" / ""have_evident_"" to see it).
2. B states a fact.
3. Does B disprove A's claim? Same specific issue only, not just same topic.

Output pattern (always use this exact shape):
A: <phrase>
B: <phrase>
Answer: Yes/No

Examples:

A: no_evident_not_easy_check-in
B: customer_wait_10_minute_for_greet
Answer: Yes

A: no_evident_not_easy_check-in
B: no_one_give_key_on_late_check-in
Answer: No

A: no_evident_not_great_quality
B: shampoo_seem_cheap_considering_hotel_cost
Answer: Yes

A: no_evident_not_great_quality
B: expensive_hotel
Answer: No

Now answer for this pair. Output ONLY the final line ""Answer: Yes"" or ""Answer: No"" — no other text.

A: no_evident_not_staff_give_arrival_explanation
B: staff_not_justify_booking_issue
Answer:
","A: no_evident_not_staff_give_arrival_explanation
B: staff_not_give_arrival_explanation
Answer: Yes"
2026-08-10 23:30:08,3,820,no_evident_not_lovely_smiling_staff,staff_enforce_cancellation_charge,"Task: decide if Proposition B contradicts Assumption A.

Steps:
1. A defends a claim (strip ""no_evident_not_"" / ""have_evident_"" to see it).
2. B states a fact.
3. Does B disprove A's claim? Same specific issue only, not just same topic.

Output pattern (always use this exact shape):
A: <phrase>
B: <phrase>
Answer: Yes/No

Examples:

A: no_evident_not_easy_check-in
B: customer_wait_10_minute_for_greet
Answer: Yes

A: no_evident_not_easy_check-in
B: no_one_give_key_on_late_check-in
Answer: No

A: no_evident_not_great_quality
B: shampoo_seem_cheap_considering_hotel_cost
Answer: Yes

A: no_evident_not_great_quality
B: expensive_hotel
Answer: No

Now answer for this pair. Output ONLY the final line ""Answer: Yes"" or ""Answer: No"" — no other text.

A: no_evident_not_lovely_smiling_staff
B: staff_enforce_cancellation_charge
Answer:
","A: no_evident_not_lovely_smiling_staff
B: staff_enforce_cancellation_charge
Answer: Yes"
2026-08-10 23:30:08,3,601,no_evident_not_caring_staff,staff_should_learn_better_English,"Task: decide if Proposition B contradicts Assumption A.

Steps:
1. A defends a claim (strip ""no_evident_not_"" / ""have_evident_"" to see it).
2. B states a fact.
3. Does B disprove A's claim? Same specific issue only, not just same topic.

Output pattern (always use this exact shape):
A: <phrase>
B: <phrase>
Answer: Yes/No

Examples:

A: no_evident_not_easy_check-in
B: customer_wait_10_minute_for_greet
Answer: Yes

A: no_evident_not_easy_check-in
B: no_one_give_key_on_late_check-in
Answer: No

A: no_evident_not_great_quality
B: shampoo_seem_cheap_considering_hotel_cost
Answer: Yes

A: no_evident_not_great_quality
B: expensive_hotel
Answer: No

Now answer for this pair. Output ONLY the final line ""Answer: Yes"" or ""Answer: No"" — no other text.

A: no_evident_not_caring_staff
B: staff_should_learn_better_English
Answer:
",Answer: Yes
2026-08-10 23:30:08,3,4405,no_evident_not_can_speak_4_language,offended_staff,"Task: decide if Proposition B contradicts Assumption A.

Steps:
1. A defends a claim (strip ""no_evident_not_"" / ""have_evident_"" to see it).
2. B states a fact.
3. Does B disprove A's claim? Same specific issue only, not just same topic.

Output pattern (always use this exact shape):
A: <phrase>
B: <phrase>
Answer: Yes/No

Examples:

A: no_evident_not_easy_check-in
B: customer_wait_10_minute_for_greet
Answer: Yes

A: no_evident_not_easy_check-in
B: no_one_give_key_on_late_check-in
Answer: No

A: no_evident_not_great_quality
B: shampoo_seem_cheap_considering_hotel_cost
Answer: Yes

A: no_evident_not_great_quality
B: expensive_hotel
Answer: No

Now answer for this pair. Output ONLY the final line ""Answer: Yes"" or ""Answer: No"" — no other text.

A: no_evident_not_can_speak_4_language
B: offended_staff
Answer:
","A: no_evident_not_can_speak_4_language
B: offended_staff
Answer: Yes"
2026-08-10 23:30:09,3,1747,no_evident_not_friendly_service,staff_cannot_give_bus_to_airport_information,"Task: decide if Proposition B contradicts Assumption A.

Steps:
1. A defends a claim (strip ""no_evident_not_"" / ""have_evident_"" to see it).
2. B states a fact.
3. Does B disprove A's claim? Same specific issue only, not just same topic.

Output pattern (always use this exact shape):
A: <phrase>
B: <phrase>
Answer: Yes/No

Examples:

A: no_evident_not_easy_check-in
B: customer_wait_10_minute_for_greet
Answer: Yes

A: no_evident_not_easy_check-in
B: no_one_give_key_on_late_check-in
Answer: No

A: no_evident_not_great_quality
B: shampoo_seem_cheap_considering_hotel_cost
Answer: Yes

A: no_evident_not_great_quality
B: expensive_hotel
Answer: No

Now answer for this pair. Output ONLY the final line ""Answer: Yes"" or ""Answer: No"" — no other text.

A: no_evident_not_friendly_service
B: staff_cannot_give_bus_to_airport_information
Answer:
","A: no_evident_not_friendly_service
B: staff_cannot_give_bus_to_airport_information
Answer: Yes"
2026-08-10 23:30:09,3,4145,no_evident_not_staff_help_with_car_rental,staff_need_improve_collaboration,"Task: decide if Proposition B contradicts Assumption A.

Steps:
1. A defends a claim (strip ""no_evident_not_"" / ""have_evident_"" to see it).
2. B states a fact.
3. Does B disprove A's claim? Same specific issue only, not just same topic.

Output pattern (always use this exact shape):
A: <phrase>
B: <phrase>
Answer: Yes/No

Examples:

A: no_evident_not_easy_check-in
B: customer_wait_10_minute_for_greet
Answer: Yes

A: no_evident_not_easy_check-in
B: no_one_give_key_on_late_check-in
Answer: No

A: no_evident_not_great_quality
B: shampoo_seem_cheap_considering_hotel_cost
Answer: Yes

A: no_evident_not_great_quality
B: expensive_hotel
Answer: No

Now answer for this pair. Output ONLY the final line ""Answer: Yes"" or ""Answer: No"" — no other text.

A: no_evident_not_staff_help_with_car_rental
B: staff_need_improve_collaboration
Answer:
",Answer: Yes
2026-08-10 23:30:09,3,1086,no_evident_not_kindest_staff,staff_need_improve_collaboration,"Task: decide if Proposition B contradicts Assumption A.

Steps:
1. A defends a claim (strip ""no_evident_not_"" / ""have_evident_"" to see it).
2. B states a fact.
3. Does B disprove A's claim? Same specific issue only, not just same topic.

Output pattern (always use this exact shape):
A: <phrase>
B: <phrase>
Answer: Yes/No

Examples:

A: no_evident_not_easy_check-in
B: customer_wait_10_minute_for_greet
Answer: Yes

A: no_evident_not_easy_check-in
B: no_one_give_key_on_late_check-in
Answer: No

A: no_evident_not_great_quality
B: shampoo_seem_cheap_considering_hotel_cost
Answer: Yes

A: no_evident_not_great_quality
B: expensive_hotel
Answer: No

Now answer for this pair. Output ONLY the final line ""Answer: Yes"" or ""Answer: No"" — no other text.

A: no_evident_not_kindest_staff
B: staff_need_improve_collaboration
Answer:
","A: no_evident_not_kindest_staff
B: staff_need_improve_collaboration
Answer: Yes"
2026-08-10 23:30:10,3,2860,no_evident_not_make_stay_enjoyable,no_empathy_staff,"Task: decide if Proposition B contradicts Assumption A.

Steps:
1. A defends a claim (strip ""no_evident_not_"" / ""have_evident_"" to see it).
2. B states a fact.
3. Does B disprove A's claim? Same specific issue only, not just same topic.

Output pattern (always use this exact shape):
A: <phrase>
B: <phrase>
Answer: Yes/No

Examples:

A: no_evident_not_easy_check-in
B: customer_wait_10_minute_for_greet
Answer: Yes

A: no_evident_not_easy_check-in
B: no_one_give_key_on_late_check-in
Answer: No

A: no_evident_not_great_quality
B: shampoo_seem_cheap_considering_hotel_cost
Answer: Yes

A: no_evident_not_great_quality
B: expensive_hotel
Answer: No

Now answer for this pair. Output ONLY the final line ""Answer: Yes"" or ""Answer: No"" — no other text.

A: no_evident_not_make_stay_enjoyable
B: no_empathy_staff
Answer:
","A: no_evident_not_make_stay_enjoyable
B: no_empathy_staff
Answer: Yes"
2026-08-10 23:30:10,3,564,no_evident_not_wonderful_staff,offended_staff,"Task: decide if Proposition B contradicts Assumption A.

Steps:
1. A defends a claim (strip ""no_evident_not_"" / ""have_evident_"" to see it).
2. B states a fact.
3. Does B disprove A's claim? Same specific issue only, not just same topic.

Output pattern (always use this exact shape):
A: <phrase>
B: <phrase>
Answer: Yes/No

Examples:

A: no_evident_not_easy_check-in
B: customer_wait_10_minute_for_greet
Answer: Yes

A: no_evident_not_easy_check-in
B: no_one_give_key_on_late_check-in
Answer: No

A: no_evident_not_great_quality
B: shampoo_seem_cheap_considering_hotel_cost
Answer: Yes

A: no_evident_not_great_quality
B: expensive_hotel
Answer: No

Now answer for this pair. Output ONLY the final line ""Answer: Yes"" or ""Answer: No"" — no other text.

A: no_evident_not_wonderful_staff
B: offended_staff
Answer:
","A: no_evident_not_wonderful_staff
B: offended_staff
Answer: Yes"
2026-08-10 23:30:10,3,2002,no_evident_not_eager_to_help,staff_not_speak_English_properly,"Task: decide if Proposition B contradicts Assumption A.

Steps:
1. A defends a claim (strip ""no_evident_not_"" / ""have_evident_"" to see it).
2. B states a fact.
3. Does B disprove A's claim? Same specific issue only, not just same topic.

Output pattern (always use this exact shape):
A: <phrase>
B: <phrase>
Answer: Yes/No

Examples:

A: no_evident_not_easy_check-in
B: customer_wait_10_minute_for_greet
Answer: Yes

A: no_evident_not_easy_check-in
B: no_one_give_key_on_late_check-in
Answer: No

A: no_evident_not_great_quality
B: shampoo_seem_cheap_considering_hotel_cost
Answer: Yes

A: no_evident_not_great_quality
B: expensive_hotel
Answer: No

Now answer for this pair. Output ONLY the final line ""Answer: Yes"" or ""Answer: No"" — no other text.

A: no_evident_not_eager_to_help
B: staff_not_speak_English_properly
Answer:
","A: no_evident_not_eager_to_help
B: staff_not_speak_English_properly
Answer: No"
2026-08-10 23:30:11,3,3028,no_evident_not_staff_facilitate_shuttle_service_from_airport,staff_enforce_cancellation_charge,"Task: decide if Proposition B contradicts Assumption A.

Steps:
1. A defends a claim (strip ""no_evident_not_"" / ""have_evident_"" to see it).
2. B states a fact.
3. Does B disprove A's claim? Same specific issue only, not just same topic.

Output pattern (always use this exact shape):
A: <phrase>
B: <phrase>
Answer: Yes/No

Examples:

A: no_evident_not_easy_check-in
B: customer_wait_10_minute_for_greet
Answer: Yes

A: no_evident_not_easy_check-in
B: no_one_give_key_on_late_check-in
Answer: No

A: no_evident_not_great_quality
B: shampoo_seem_cheap_considering_hotel_cost
Answer: Yes

A: no_evident_not_great_quality
B: expensive_hotel
Answer: No

Now answer for this pair. Output ONLY the final line ""Answer: Yes"" or ""Answer: No"" — no other text.

A: no_evident_not_staff_facilitate_shuttle_service_from_airport
B: staff_enforce_cancellation_charge
Answer:
","A: no_evident_not_staff_facilitate_shuttle_service_from_airport
B: staff_enforce_cancellation_charge
Answer: Yes"
2026-08-10 23:30:11,3,2335,no_evident_not_gone_above_and_beyond_to_help_us,offended_staff,"Task: decide if Proposition B contradicts Assumption A.

Steps:
1. A defends a claim (strip ""no_evident_not_"" / ""have_evident_"" to see it).
2. B states a fact.
3. Does B disprove A's claim? Same specific issue only, not just same topic.

Output pattern (always use this exact shape):
A: <phrase>
B: <phrase>
Answer: Yes/No

Examples:

A: no_evident_not_easy_check-in
B: customer_wait_10_minute_for_greet
Answer: Yes

A: no_evident_not_easy_check-in
B: no_one_give_key_on_late_check-in
Answer: No

A: no_evident_not_great_quality
B: shampoo_seem_cheap_considering_hotel_cost
Answer: Yes

A: no_evident_not_great_quality
B: expensive_hotel
Answer: No

Now answer for this pair. Output ONLY the final line ""Answer: Yes"" or ""Answer: No"" — no other text.

A: no_evident_not_gone_above_and_beyond_to_help_us
B: offended_staff
Answer:
","A: no_evident_not_gone_above_and_beyond_to_help_us
B: offended_staff
Answer: Yes"
2026-08-10 23:30:11,3,1293,no_evident_not_stored_luggage_for_us,staff_need_improve_collaboration,"Task: decide if Proposition B contradicts Assumption A.

Steps:
1. A defends a claim (strip ""no_evident_not_"" / ""have_evident_"" to see it).
2. B states a fact.
3. Does B disprove A's claim? Same specific issue only, not just same topic.

Output pattern (always use this exact shape):
A: <phrase>
B: <phrase>
Answer: Yes/No

Examples:

A: no_evident_not_easy_check-in
B: customer_wait_10_minute_for_greet
Answer: Yes

A: no_evident_not_easy_check-in
B: no_one_give_key_on_late_check-in
Answer: No

A: no_evident_not_great_quality
B: shampoo_seem_cheap_considering_hotel_cost
Answer: Yes

A: no_evident_not_great_quality
B: expensive_hotel
Answer: No

Now answer for this pair. Output ONLY the final line ""Answer: Yes"" or ""Answer: No"" — no other text.

A: no_evident_not_stored_luggage_for_us
B: staff_need_improve_collaboration
Answer:
",Answer: No
2026-08-10 23:30:12,3,3590,no_evident_not_staff_make_guest_comfortable,staff_clean_after_complaint,"Task: decide if Proposition B contradicts Assumption A.

Steps:
1. A defends a claim (strip ""no_evident_not_"" / ""have_evident_"" to see it).
2. B states a fact.
3. Does B disprove A's claim? Same specific issue only, not just same topic.

Output pattern (always use this exact shape):
A: <phrase>
B: <phrase>
Answer: Yes/No

Examples:

A: no_evident_not_easy_check-in
B: customer_wait_10_minute_for_greet
Answer: Yes

A: no_evident_not_easy_check-in
B: no_one_give_key_on_late_check-in
Answer: No

A: no_evident_not_great_quality
B: shampoo_seem_cheap_considering_hotel_cost
Answer: Yes

A: no_evident_not_great_quality
B: expensive_hotel
Answer: No

Now answer for this pair. Output ONLY the final line ""Answer: Yes"" or ""Answer: No"" — no other text.

A: no_evident_not_staff_make_guest_comfortable
B: staff_clean_after_complaint
Answer:
","A: no_evident_not_staff_make_guest_comfortable
B: staff_clean_after_complaint
Answer: Yes"
2026-08-10 23:30:12,3,4451,no_evident_not_can_speak_English,offended_staff,"Task: decide if Proposition B contradicts Assumption A.

Steps:
1. A defends a claim (strip ""no_evident_not_"" / ""have_evident_"" to see it).
2. B states a fact.
3. Does B disprove A's claim? Same specific issue only, not just same topic.

Output pattern (always use this exact shape):
A: <phrase>
B: <phrase>
Answer: Yes/No

Examples:

A: no_evident_not_easy_check-in
B: customer_wait_10_minute_for_greet
Answer: Yes

A: no_evident_not_easy_check-in
B: no_one_give_key_on_late_check-in
Answer: No

A: no_evident_not_great_quality
B: shampoo_seem_cheap_considering_hotel_cost
Answer: Yes

A: no_evident_not_great_quality
B: expensive_hotel
Answer: No

Now answer for this pair. Output ONLY the final line ""Answer: Yes"" or ""Answer: No"" — no other text.

A: no_evident_not_can_speak_English
B: offended_staff
Answer:
","A: no_evident_not_can_speak_English
B: offended_staff
Answer: Yes"
2026-08-10 23:30:13,3,5764,no_evident_not_staff_help_immediately_with_adapter,staff_charge_for_cancellation_while_no_cancellation_charge_in_Booking.com,"Task: decide if Proposition B contradicts Assumption A.

Steps:
1. A defends a claim (strip ""no_evident_not_"" / ""have_evident_"" to see it).
2. B states a fact.
3. Does B disprove A's claim? Same specific issue only, not just same topic.

Output pattern (always use this exact shape):
A: <phrase>
B: <phrase>
Answer: Yes/No

Examples:

A: no_evident_not_easy_check-in
B: customer_wait_10_minute_for_greet
Answer: Yes

A: no_evident_not_easy_check-in
B: no_one_give_key_on_late_check-in
Answer: No

A: no_evident_not_great_quality
B: shampoo_seem_cheap_considering_hotel_cost
Answer: Yes

A: no_evident_not_great_quality
B: expensive_hotel
Answer: No

Now answer for this pair. Output ONLY the final line ""Answer: Yes"" or ""Answer: No"" — no other text.

A: no_evident_not_staff_help_immediately_with_adapter
B: staff_charge_for_cancellation_while_no_cancellation_charge_in_Booking.com
Answer:
","A: no_evident_not_staff_help_immediately_with_adapter
B: staff_charge_for_cancellation_while_no_cancellation_charge_in_Booking.com
Answer: Yes"
2026-08-10 23:30:13,3,2479,no_evident_not_flexible_to_our_schedule,staff_has_unaceptable_manner,"Task: decide if Proposition B contradicts Assumption A.

Steps:
1. A defends a claim (strip ""no_evident_not_"" / ""have_evident_"" to see it).
2. B states a fact.
3. Does B disprove A's claim? Same specific issue only, not just same topic.

Output pattern (always use this exact shape):
A: <phrase>
B: <phrase>
Answer: Yes/No

Examples:

A: no_evident_not_easy_check-in
B: customer_wait_10_minute_for_greet
Answer: Yes

A: no_evident_not_easy_check-in
B: no_one_give_key_on_late_check-in
Answer: No

A: no_evident_not_great_quality
B: shampoo_seem_cheap_considering_hotel_cost
Answer: Yes

A: no_evident_not_great_quality
B: expensive_hotel
Answer: No

Now answer for this pair. Output ONLY the final line ""Answer: Yes"" or ""Answer: No"" — no other text.

A: no_evident_not_flexible_to_our_schedule
B: staff_has_unaceptable_manner
Answer:
","A: no_evident_not_flexible_to_our_schedule
B: staff_has_unacceptable_manner
Answer: Yes"
2026-08-10 23:30:13,3,5011,no_evident_not_staff_communicate_before_arrival,no_staff_at_night,"Task: decide if Proposition B contradicts Assumption A.

Steps:
1. A defends a claim (strip ""no_evident_not_"" / ""have_evident_"" to see it).
2. B states a fact.
3. Does B disprove A's claim? Same specific issue only, not just same topic.

Output pattern (always use this exact shape):
A: <phrase>
B: <phrase>
Answer: Yes/No

Examples:

A: no_evident_not_easy_check-in
B: customer_wait_10_minute_for_greet
Answer: Yes

A: no_evident_not_easy_check-in
B: no_one_give_key_on_late_check-in
Answer: No

A: no_evident_not_great_quality
B: shampoo_seem_cheap_considering_hotel_cost
Answer: Yes

A: no_evident_not_great_quality
B: expensive_hotel
Answer: No

Now answer for this pair. Output ONLY the final line ""Answer: Yes"" or ""Answer: No"" — no other text.

A: no_evident_not_staff_communicate_before_arrival
B: no_staff_at_night
Answer:
","A: no_evident_not_staff_communicate_before_arrival
B: no_staff_at_night
Answer: Yes"
2026-08-10 23:30:14,3,5358,no_evident_not_service_of_staff,staff_cannot_give_bus_to_airport_information,"Task: decide if Proposition B contradicts Assumption A.

Steps:
1. A defends a claim (strip ""no_evident_not_"" / ""have_evident_"" to see it).
2. B states a fact.
3. Does B disprove A's claim? Same specific issue only, not just same topic.

Output pattern (always use this exact shape):
A: <phrase>
B: <phrase>
Answer: Yes/No

Examples:

A: no_evident_not_easy_check-in
B: customer_wait_10_minute_for_greet
Answer: Yes

A: no_evident_not_easy_check-in
B: no_one_give_key_on_late_check-in
Answer: No

A: no_evident_not_great_quality
B: shampoo_seem_cheap_considering_hotel_cost
Answer: Yes

A: no_evident_not_great_quality
B: expensive_hotel
Answer: No

Now answer for this pair. Output ONLY the final line ""Answer: Yes"" or ""Answer: No"" — no other text.

A: no_evident_not_service_of_staff
B: staff_cannot_give_bus_to_airport_information
Answer:
","A: no_evident_not_service_of_staff
B: staff_cannot_give_bus_to_airport_information
Answer: Yes"
2026-08-10 23:30:14,3,4334,no_evident_not_staff_give_free_room_upgrade_to_superior_room,staff_fail_to_guest_request,"Task: decide if Proposition B contradicts Assumption A.

Steps:
1. A defends a claim (strip ""no_evident_not_"" / ""have_evident_"" to see it).
2. B states a fact.
3. Does B disprove A's claim? Same specific issue only, not just same topic.

Output pattern (always use this exact shape):
A: <phrase>
B: <phrase>
Answer: Yes/No

Examples:

A: no_evident_not_easy_check-in
B: customer_wait_10_minute_for_greet
Answer: Yes

A: no_evident_not_easy_check-in
B: no_one_give_key_on_late_check-in
Answer: No

A: no_evident_not_great_quality
B: shampoo_seem_cheap_considering_hotel_cost
Answer: Yes

A: no_evident_not_great_quality
B: expensive_hotel
Answer: No

Now answer for this pair. Output ONLY the final line ""Answer: Yes"" or ""Answer: No"" — no other text.

A: no_evident_not_staff_give_free_room_upgrade_to_superior_room
B: staff_fail_to_guest_request
Answer:
","A: no_evident_not_staff_give_free_room_upgrade_to_superior_room
B: staff_fail_to_guest_request
Answer: Yes"
2026-08-10 23:30:14,3,65,no_evident_not_nice_staff,staff_not_speak_Cypriot_language,"Task: decide if Proposition B contradicts Assumption A.

Steps:
1. A defends a claim (strip ""no_evident_not_"" / ""have_evident_"" to see it).
2. B states a fact.
3. Does B disprove A's claim? Same specific issue only, not just same topic.

Output pattern (always use this exact shape):
A: <phrase>
B: <phrase>
Answer: Yes/No

Examples:

A: no_evident_not_easy_check-in
B: customer_wait_10_minute_for_greet
Answer: Yes

A: no_evident_not_easy_check-in
B: no_one_give_key_on_late_check-in
Answer: No

A: no_evident_not_great_quality
B: shampoo_seem_cheap_considering_hotel_cost
Answer: Yes

A: no_evident_not_great_quality
B: expensive_hotel
Answer: No

Now answer for this pair. Output ONLY the final line ""Answer: Yes"" or ""Answer: No"" — no other text.

A: no_evident_not_nice_staff
B: staff_not_speak_Cypriot_language
Answer:
","A: no_evident_not_nice_staff
B: staff_not_speak_Cypriot_language
Answer: Yes"
2026-08-10 23:30:15,3,5472,no_evident_not_staff_give_instruction_to_get_to_hotel,staff_not_understand_English_well,"Task: decide if Proposition B contradicts Assumption A.

Steps:
1. A defends a claim (strip ""no_evident_not_"" / ""have_evident_"" to see it).
2. B states a fact.
3. Does B disprove A's claim? Same specific issue only, not just same topic.

Output pattern (always use this exact shape):
A: <phrase>
B: <phrase>
Answer: Yes/No

Examples:

A: no_evident_not_easy_check-in
B: customer_wait_10_minute_for_greet
Answer: Yes

A: no_evident_not_easy_check-in
B: no_one_give_key_on_late_check-in
Answer: No

A: no_evident_not_great_quality
B: shampoo_seem_cheap_considering_hotel_cost
Answer: Yes

A: no_evident_not_great_quality
B: expensive_hotel
Answer: No

Now answer for this pair. Output ONLY the final line ""Answer: Yes"" or ""Answer: No"" — no other text.

A: no_evident_not_staff_give_instruction_to_get_to_hotel
B: staff_not_understand_English_well
Answer:
","A: no_evident_not_staff_give_instruction_to_get_to_hotel
B: staff_not_understand_English_well
Answer: Yes"
2026-08-10 23:30:15,3,4544,no_evident_not_charming_staff,staff_not_justify_booking_issue,"Task: decide if Proposition B contradicts Assumption A.

Steps:
1. A defends a claim (strip ""no_evident_not_"" / ""have_evident_"" to see it).
2. B states a fact.
3. Does B disprove A's claim? Same specific issue only, not just same topic.

Output pattern (always use this exact shape):
A: <phrase>
B: <phrase>
Answer: Yes/No

Examples:

A: no_evident_not_easy_check-in
B: customer_wait_10_minute_for_greet
Answer: Yes

A: no_evident_not_easy_check-in
B: no_one_give_key_on_late_check-in
Answer: No

A: no_evident_not_great_quality
B: shampoo_seem_cheap_considering_hotel_cost
Answer: Yes

A: no_evident_not_great_quality
B: expensive_hotel
Answer: No

Now answer for this pair. Output ONLY the final line ""Answer: Yes"" or ""Answer: No"" — no other text.

A: no_evident_not_charming_staff
B: staff_not_justify_booking_issue
Answer:
","A: no_evident_not_charming_staff
B: staff_not_justify_booking_issue
Answer: Yes"
2026-08-10 23:30:15,3,2453,no_evident_not_quick_response_staff,staff_enforce_cancellation_charge,"Task: decide if Proposition B contradicts Assumption A.

Steps:
1. A defends a claim (strip ""no_evident_not_"" / ""have_evident_"" to see it).
2. B states a fact.
3. Does B disprove A's claim? Same specific issue only, not just same topic.

Output pattern (always use this exact shape):
A: <phrase>
B: <phrase>
Answer: Yes/No

Examples:

A: no_evident_not_easy_check-in
B: customer_wait_10_minute_for_greet
Answer: Yes

A: no_evident_not_easy_check-in
B: no_one_give_key_on_late_check-in
Answer: No

A: no_evident_not_great_quality
B: shampoo_seem_cheap_considering_hotel_cost
Answer: Yes

A: no_evident_not_great_quality
B: expensive_hotel
Answer: No

Now answer for this pair. Output ONLY the final line ""Answer: Yes"" or ""Answer: No"" — no other text.

A: no_evident_not_quick_response_staff
B: staff_enforce_cancellation_charge
Answer:
",Answer: Yes
2026-08-10 23:30:16,3,5435,no_evident_not_staff_arrange_transfer_to_airport,not_kind_staff,"Task: decide if Proposition B contradicts Assumption A.

Steps:
1. A defends a claim (strip ""no_evident_not_"" / ""have_evident_"" to see it).
2. B states a fact.
3. Does B disprove A's claim? Same specific issue only, not just same topic.

Output pattern (always use this exact shape):
A: <phrase>
B: <phrase>
Answer: Yes/No

Examples:

A: no_evident_not_easy_check-in
B: customer_wait_10_minute_for_greet
Answer: Yes

A: no_evident_not_easy_check-in
B: no_one_give_key_on_late_check-in
Answer: No

A: no_evident_not_great_quality
B: shampoo_seem_cheap_considering_hotel_cost
Answer: Yes

A: no_evident_not_great_quality
B: expensive_hotel
Answer: No

Now answer for this pair. Output ONLY the final line ""Answer: Yes"" or ""Answer: No"" — no other text.

A: no_evident_not_staff_arrange_transfer_to_airport
B: not_kind_staff
Answer:
","A: no_evident_not_staff_arrange_transfer_to_airport
B: not_kind_staff
Answer: Yes"
2026-08-10 23:30:16,3,849,no_evident_not_staff_alway_assist,staff_not_understand_English_well,"Task: decide if Proposition B contradicts Assumption A.

Steps:
1. A defends a claim (strip ""no_evident_not_"" / ""have_evident_"" to see it).
2. B states a fact.
3. Does B disprove A's claim? Same specific issue only, not just same topic.

Output pattern (always use this exact shape):
A: <phrase>
B: <phrase>
Answer: Yes/No

Examples:

A: no_evident_not_easy_check-in
B: customer_wait_10_minute_for_greet
Answer: Yes

A: no_evident_not_easy_check-in
B: no_one_give_key_on_late_check-in
Answer: No

A: no_evident_not_great_quality
B: shampoo_seem_cheap_considering_hotel_cost
Answer: Yes

A: no_evident_not_great_quality
B: expensive_hotel
Answer: No

Now answer for this pair. Output ONLY the final line ""Answer: Yes"" or ""Answer: No"" — no other text.

A: no_evident_not_staff_alway_assist
B: staff_not_understand_English_well
Answer:
","A: no_evident_not_staff_alway_assist
B: staff_not_understand_English_well
Answer: Yes"
2026-08-10 23:30:17,3,1101,no_evident_not_kindest_staff,no_staff_at_night,"Task: decide if Proposition B contradicts Assumption A.

Steps:
1. A defends a claim (strip ""no_evident_not_"" / ""have_evident_"" to see it).
2. B states a fact.
3. Does B disprove A's claim? Same specific issue only, not just same topic.

Output pattern (always use this exact shape):
A: <phrase>
B: <phrase>
Answer: Yes/No

Examples:

A: no_evident_not_easy_check-in
B: customer_wait_10_minute_for_greet
Answer: Yes

A: no_evident_not_easy_check-in
B: no_one_give_key_on_late_check-in
Answer: No

A: no_evident_not_great_quality
B: shampoo_seem_cheap_considering_hotel_cost
Answer: Yes

A: no_evident_not_great_quality
B: expensive_hotel
Answer: No

Now answer for this pair. Output ONLY the final line ""Answer: Yes"" or ""Answer: No"" — no other text.

A: no_evident_not_kindest_staff
B: no_staff_at_night
Answer:
","A: no_evident_not_kindest_staff
B: no_staff_at_night
Answer: Yes"
2026-08-10 23:30:17,3,946,no_evident_not_hospitable_staff,staff_should_learn_better_English,"Task: decide if Proposition B contradicts Assumption A.

Steps:
1. A defends a claim (strip ""no_evident_not_"" / ""have_evident_"" to see it).
2. B states a fact.
3. Does B disprove A's claim? Same specific issue only, not just same topic.

Output pattern (always use this exact shape):
A: <phrase>
B: <phrase>
Answer: Yes/No

Examples:

A: no_evident_not_easy_check-in
B: customer_wait_10_minute_for_greet
Answer: Yes

A: no_evident_not_easy_check-in
B: no_one_give_key_on_late_check-in
Answer: No

A: no_evident_not_great_quality
B: shampoo_seem_cheap_considering_hotel_cost
Answer: Yes

A: no_evident_not_great_quality
B: expensive_hotel
Answer: No

Now answer for this pair. Output ONLY the final line ""Answer: Yes"" or ""Answer: No"" — no other text.

A: no_evident_not_hospitable_staff
B: staff_should_learn_better_English
Answer:
",Answer: Yes
2026-08-10 23:30:17,3,877,no_evident_not_can_not_do_enough_for_guest,staff_should_learn_better_English,"Task: decide if Proposition B contradicts Assumption A.

Steps:
1. A defends a claim (strip ""no_evident_not_"" / ""have_evident_"" to see it).
2. B states a fact.
3. Does B disprove A's claim? Same specific issue only, not just same topic.

Output pattern (always use this exact shape):
A: <phrase>
B: <phrase>
Answer: Yes/No

Examples:

A: no_evident_not_easy_check-in
B: customer_wait_10_minute_for_greet
Answer: Yes

A: no_evident_not_easy_check-in
B: no_one_give_key_on_late_check-in
Answer: No

A: no_evident_not_great_quality
B: shampoo_seem_cheap_considering_hotel_cost
Answer: Yes

A: no_evident_not_great_quality
B: expensive_hotel
Answer: No

Now answer for this pair. Output ONLY the final line ""Answer: Yes"" or ""Answer: No"" — no other text.

A: no_evident_not_can_not_do_enough_for_guest
B: staff_should_learn_better_English
Answer:
",Answer: Yes
2026-08-10 23:30:17,3,6082,no_evident_not_staff_prepare_roof_garden,staff_fail_to_guest_request,"Task: decide if Proposition B contradicts Assumption A.

Steps:
1. A defends a claim (strip ""no_evident_not_"" / ""have_evident_"" to see it).
2. B states a fact.
3. Does B disprove A's claim? Same specific issue only, not just same topic.

Output pattern (always use this exact shape):
A: <phrase>
B: <phrase>
Answer: Yes/No

Examples:

A: no_evident_not_easy_check-in
B: customer_wait_10_minute_for_greet
Answer: Yes

A: no_evident_not_easy_check-in
B: no_one_give_key_on_late_check-in
Answer: No

A: no_evident_not_great_quality
B: shampoo_seem_cheap_considering_hotel_cost
Answer: Yes

A: no_evident_not_great_quality
B: expensive_hotel
Answer: No

Now answer for this pair. Output ONLY the final line ""Answer: Yes"" or ""Answer: No"" — no other text.

A: no_evident_not_staff_prepare_roof_garden
B: staff_fail_to_guest_request
Answer:
","A: no_evident_not_staff_prepare_roof_garden
B: staff_fail_to_guest_request
Answer: Yes"
2026-08-10 23:30:18,3,2232,no_evident_not_happy_to_help_any_situation,staff_not_speak_English_properly,"Task: decide if Proposition B contradicts Assumption A.

Steps:
1. A defends a claim (strip ""no_evident_not_"" / ""have_evident_"" to see it).
2. B states a fact.
3. Does B disprove A's claim? Same specific issue only, not just same topic.

Output pattern (always use this exact shape):
A: <phrase>
B: <phrase>
Answer: Yes/No

Examples:

A: no_evident_not_easy_check-in
B: customer_wait_10_minute_for_greet
Answer: Yes

A: no_evident_not_easy_check-in
B: no_one_give_key_on_late_check-in
Answer: No

A: no_evident_not_great_quality
B: shampoo_seem_cheap_considering_hotel_cost
Answer: Yes

A: no_evident_not_great_quality
B: expensive_hotel
Answer: No

Now answer for this pair. Output ONLY the final line ""Answer: Yes"" or ""Answer: No"" — no other text.

A: no_evident_not_happy_to_help_any_situation
B: staff_not_speak_English_properly
Answer:
","A: no_evident_not_happy_to-help_any_situation
B: staff_not_speak_English_properly
Answer: Yes"
2026-08-10 23:30:18,3,2309,no_evident_not_easy_to_deal_with,staff_fail_to_communicate_with_taxi,"Task: decide if Proposition B contradicts Assumption A.

Steps:
1. A defends a claim (strip ""no_evident_not_"" / ""have_evident_"" to see it).
2. B states a fact.
3. Does B disprove A's claim? Same specific issue only, not just same topic.

Output pattern (always use this exact shape):
A: <phrase>
B: <phrase>
Answer: Yes/No

Examples:

A: no_evident_not_easy_check-in
B: customer_wait_10_minute_for_greet
Answer: Yes

A: no_evident_not_easy_check-in
B: no_one_give_key_on_late_check-in
Answer: No

A: no_evident_not_great_quality
B: shampoo_seem_cheap_considering_hotel_cost
Answer: Yes

A: no_evident_not_great_quality
B: expensive_hotel
Answer: No

Now answer for this pair. Output ONLY the final line ""Answer: Yes"" or ""Answer: No"" — no other text.

A: no_evident_not_easy_to_deal_with
B: staff_fail_to_communicate_with_taxi
Answer:
",Answer: Yes
2026-08-10 23:30:18,3,4955,no_evident_not_accompanying_staff,staff_fail_to_guest_request,"Task: decide if Proposition B contradicts Assumption A.

Steps:
1. A defends a claim (strip ""no_evident_not_"" / ""have_evident_"" to see it).
2. B states a fact.
3. Does B disprove A's claim? Same specific issue only, not just same topic.

Output pattern (always use this exact shape):
A: <phrase>
B: <phrase>
Answer: Yes/No

Examples:

A: no_evident_not_easy_check-in
B: customer_wait_10_minute_for_greet
Answer: Yes

A: no_evident_not_easy_check-in
B: no_one_give_key_on_late_check-in
Answer: No

A: no_evident_not_great_quality
B: shampoo_seem_cheap_considering_hotel_cost
Answer: Yes

A: no_evident_not_great_quality
B: expensive_hotel
Answer: No

Now answer for this pair. Output ONLY the final line ""Answer: Yes"" or ""Answer: No"" — no other text.

A: no_evident_not_accompanying_staff
B: staff_fail_to_guest_request
Answer:
","A: no_evident_not_accompanying_staff
B: staff_fail_to_guest_request
Answer: Yes"
2026-08-10 23:30:18,3,1726,no_evident_not_friendly_service,staff_not_speak_English_properly,"Task: decide if Proposition B contradicts Assumption A.

Steps:
1. A defends a claim (strip ""no_evident_not_"" / ""have_evident_"" to see it).
2. B states a fact.
3. Does B disprove A's claim? Same specific issue only, not just same topic.

Output pattern (always use this exact shape):
A: <phrase>
B: <phrase>
Answer: Yes/No

Examples:

A: no_evident_not_easy_check-in
B: customer_wait_10_minute_for_greet
Answer: Yes

A: no_evident_not_easy_check-in
B: no_one_give_key_on_late_check-in
Answer: No

A: no_evident_not_great_quality
B: shampoo_seem_cheap_considering_hotel_cost
Answer: Yes

A: no_evident_not_great_quality
B: expensive_hotel
Answer: No

Now answer for this pair. Output ONLY the final line ""Answer: Yes"" or ""Answer: No"" — no other text.

A: no_evident_not_friendly_service
B: staff_not_speak_English_properly
Answer:
",Answer: Yes
2026-08-10 23:30:18,3,5879,no_evident_not_cordial_staff,staff_charge_for_cancellation_while_no_cancellation_charge_in_Booking.com,"Task: decide if Proposition B contradicts Assumption A.

Steps:
1. A defends a claim (strip ""no_evident_not_"" / ""have_evident_"" to see it).
2. B states a fact.
3. Does B disprove A's claim? Same specific issue only, not just same topic.

Output pattern (always use this exact shape):
A: <phrase>
B: <phrase>
Answer: Yes/No

Examples:

A: no_evident_not_easy_check-in
B: customer_wait_10_minute_for_greet
Answer: Yes

A: no_evident_not_easy_check-in
B: no_one_give_key_on_late_check-in
Answer: No

A: no_evident_not_great_quality
B: shampoo_seem_cheap_considering_hotel_cost
Answer: Yes

A: no_evident_not_great_quality
B: expensive_hotel
Answer: No

Now answer for this pair. Output ONLY the final line ""Answer: Yes"" or ""Answer: No"" — no other text.

A: no_evident_not_cordial_staff
B: staff_charge_for_cancellation_while_no_cancellation_charge_in_Booking.com
Answer:
","A: no_evident_not_cordial_staff
B: staff_charge_for_cancellation_while_no_cancellation_charge_in_Booking.com
Answer: Yes"
2026-08-10 23:30:19,3,2809,no_evident_not_staff_nothing_too_much_for_them,staff_should_learn_better_English,"Task: decide if Proposition B contradicts Assumption A.

Steps:
1. A defends a claim (strip ""no_evident_not_"" / ""have_evident_"" to see it).
2. B states a fact.
3. Does B disprove A's claim? Same specific issue only, not just same topic.

Output pattern (always use this exact shape):
A: <phrase>
B: <phrase>
Answer: Yes/No

Examples:

A: no_evident_not_easy_check-in
B: customer_wait_10_minute_for_greet
Answer: Yes

A: no_evident_not_easy_check-in
B: no_one_give_key_on_late_check-in
Answer: No

A: no_evident_not_great_quality
B: shampoo_seem_cheap_considering_hotel_cost
Answer: Yes

A: no_evident_not_great_quality
B: expensive_hotel
Answer: No

Now answer for this pair. Output ONLY the final line ""Answer: Yes"" or ""Answer: No"" — no other text.

A: no_evident_not_staff_nothing_too_much_for_them
B: staff_should_learn_better_English
Answer:
","A: no_evident_not_staff_nothing_too_much_for_them
B: staff_should_learn_better_English
Answer: Yes"
2026-08-10 23:30:19,3,1668,no_evident_not_staff_make_late_check-in_simple,offended_staff,"Task: decide if Proposition B contradicts Assumption A.

Steps:
1. A defends a claim (strip ""no_evident_not_"" / ""have_evident_"" to see it).
2. B states a fact.
3. Does B disprove A's claim? Same specific issue only, not just same topic.

Output pattern (always use this exact shape):
A: <phrase>
B: <phrase>
Answer: Yes/No

Examples:

A: no_evident_not_easy_check-in
B: customer_wait_10_minute_for_greet
Answer: Yes

A: no_evident_not_easy_check-in
B: no_one_give_key_on_late_check-in
Answer: No

A: no_evident_not_great_quality
B: shampoo_seem_cheap_considering_hotel_cost
Answer: Yes

A: no_evident_not_great_quality
B: expensive_hotel
Answer: No

Now answer for this pair. Output ONLY the final line ""Answer: Yes"" or ""Answer: No"" — no other text.

A: no_evident_not_staff_make_late_check-in_simple
B: offended_staff
Answer:
","A: no_evident_not_staff_make_late_check-in_simple
B: offended_staff
Answer: Yes"
2026-08-10 23:30:20,3,5632,no_evident_not_staff_solve_wish_immediately,no_staff_at_night,"Task: decide if Proposition B contradicts Assumption A.

Steps:
1. A defends a claim (strip ""no_evident_not_"" / ""have_evident_"" to see it).
2. B states a fact.
3. Does B disprove A's claim? Same specific issue only, not just same topic.

Output pattern (always use this exact shape):
A: <phrase>
B: <phrase>
Answer: Yes/No

Examples:

A: no_evident_not_easy_check-in
B: customer_wait_10_minute_for_greet
Answer: Yes

A: no_evident_not_easy_check-in
B: no_one_give_key_on_late_check-in
Answer: No

A: no_evident_not_great_quality
B: shampoo_seem_cheap_considering_hotel_cost
Answer: Yes

A: no_evident_not_great_quality
B: expensive_hotel
Answer: No

Now answer for this pair. Output ONLY the final line ""Answer: Yes"" or ""Answer: No"" — no other text.

A: no_evident_not_staff_solve_wish_immediately
B: no_staff_at_night
Answer:
","A: no_evident_not_staff_solve_wish_immediately
B: no_staff_at_night
Answer: Yes"
2026-08-10 23:30:20,3,5196,no_evident_not_staff_call_us_taxi,staff_not_understand_English_well,"Task: decide if Proposition B contradicts Assumption A.

Steps:
1. A defends a claim (strip ""no_evident_not_"" / ""have_evident_"" to see it).
2. B states a fact.
3. Does B disprove A's claim? Same specific issue only, not just same topic.

Output pattern (always use this exact shape):
A: <phrase>
B: <phrase>
Answer: Yes/No

Examples:

A: no_evident_not_easy_check-in
B: customer_wait_10_minute_for_greet
Answer: Yes

A: no_evident_not_easy_check-in
B: no_one_give_key_on_late_check-in
Answer: No

A: no_evident_not_great_quality
B: shampoo_seem_cheap_considering_hotel_cost
Answer: Yes

A: no_evident_not_great_quality
B: expensive_hotel
Answer: No

Now answer for this pair. Output ONLY the final line ""Answer: Yes"" or ""Answer: No"" — no other text.

A: no_evident_not_staff_call_us_taxi
B: staff_not_understand_English_well
Answer:
","A: no_evident_not_staff_call_us_taxi
B: staff_not_understand_English_well
Answer: Yes"
2026-08-10 23:30:21,3,2163,no_evident_not_happy_to_help_with_Covid_restriction,staff_not_speak_English_properly,"Task: decide if Proposition B contradicts Assumption A.

Steps:
1. A defends a claim (strip ""no_evident_not_"" / ""have_evident_"" to see it).
2. B states a fact.
3. Does B disprove A's claim? Same specific issue only, not just same topic.

Output pattern (always use this exact shape):
A: <phrase>
B: <phrase>
Answer: Yes/No

Examples:

A: no_evident_not_easy_check-in
B: customer_wait_10_minute_for_greet
Answer: Yes

A: no_evident_not_easy_check-in
B: no_one_give_key_on_late_check-in
Answer: No

A: no_evident_not_great_quality
B: shampoo_seem_cheap_considering_hotel_cost
Answer: Yes

A: no_evident_not_great_quality
B: expensive_hotel
Answer: No

Now answer for this pair. Output ONLY the final line ""Answer: Yes"" or ""Answer: No"" — no other text.

A: no_evident_not_happy_to_help_with_Covid_restriction
B: staff_not_speak_English_properly
Answer:
","A: no_evident_not_happy_to-help-with-Covid-restriction
B: staff_not_speak_English_properly
Answer: No"
2026-08-10 23:30:21,3,4141,no_evident_not_staff_help_with_car_rental,staff_not_speak_English_properly,"Task: decide if Proposition B contradicts Assumption A.

Steps:
1. A defends a claim (strip ""no_evident_not_"" / ""have_evident_"" to see it).
2. B states a fact.
3. Does B disprove A's claim? Same specific issue only, not just same topic.

Output pattern (always use this exact shape):
A: <phrase>
B: <phrase>
Answer: Yes/No

Examples:

A: no_evident_not_easy_check-in
B: customer_wait_10_minute_for_greet
Answer: Yes

A: no_evident_not_easy_check-in
B: no_one_give_key_on_late_check-in
Answer: No

A: no_evident_not_great_quality
B: shampoo_seem_cheap_considering_hotel_cost
Answer: Yes

A: no_evident_not_great_quality
B: expensive_hotel
Answer: No

Now answer for this pair. Output ONLY the final line ""Answer: Yes"" or ""Answer: No"" — no other text.

A: no_evident_not_staff_help_with_car_rental
B: staff_not_speak_English_properly
Answer:
","A: no_evident_not_staff_help_with_car_rental
B: staff_not_speak_English_properly
Answer: Yes"
2026-08-10 23:30:21,3,2058,no_evident_not_staff_allow_early_check-in_in_morning,staff_cannot_provide_double_bed,"Task: decide if Proposition B contradicts Assumption A.

Steps:
1. A defends a claim (strip ""no_evident_not_"" / ""have_evident_"" to see it).
2. B states a fact.
3. Does B disprove A's claim? Same specific issue only, not just same topic.

Output pattern (always use this exact shape):
A: <phrase>
B: <phrase>
Answer: Yes/No

Examples:

A: no_evident_not_easy_check-in
B: customer_wait_10_minute_for_greet
Answer: Yes

A: no_evident_not_easy_check-in
B: no_one_give_key_on_late_check-in
Answer: No

A: no_evident_not_great_quality
B: shampoo_seem_cheap_considering_hotel_cost
Answer: Yes

A: no_evident_not_great_quality
B: expensive_hotel
Answer: No

Now answer for this pair. Output ONLY the final line ""Answer: Yes"" or ""Answer: No"" — no other text.

A: no_evident_not_staff_allow_early_check-in_in_morning
B: staff_cannot_provide_double_bed
Answer:
","A: no_evident_not_staff_allow_early_check-in_in_morning
B: staff_cannot_provide_double_bed
Answer: Yes"
2026-08-10 23:30:22,3,417,no_evident_not_supportive_staff,staff_should_learn_better_English,"Task: decide if Proposition B contradicts Assumption A.

Steps:
1. A defends a claim (strip ""no_evident_not_"" / ""have_evident_"" to see it).
2. B states a fact.
3. Does B disprove A's claim? Same specific issue only, not just same topic.

Output pattern (always use this exact shape):
A: <phrase>
B: <phrase>
Answer: Yes/No

Examples:

A: no_evident_not_easy_check-in
B: customer_wait_10_minute_for_greet
Answer: Yes

A: no_evident_not_easy_check-in
B: no_one_give_key_on_late_check-in
Answer: No

A: no_evident_not_great_quality
B: shampoo_seem_cheap_considering_hotel_cost
Answer: Yes

A: no_evident_not_great_quality
B: expensive_hotel
Answer: No

Now answer for this pair. Output ONLY the final line ""Answer: Yes"" or ""Answer: No"" — no other text.

A: no_evident_not_supportive_staff
B: staff_should_learn_better_English
Answer:
",Answer: Yes
2026-08-10 23:30:22,3,757,no_evident_not_staff_order_taxi_for_us,staff_not_understand_English_well,"Task: decide if Proposition B contradicts Assumption A.

Steps:
1. A defends a claim (strip ""no_evident_not_"" / ""have_evident_"" to see it).
2. B states a fact.
3. Does B disprove A's claim? Same specific issue only, not just same topic.

Output pattern (always use this exact shape):
A: <phrase>
B: <phrase>
Answer: Yes/No

Examples:

A: no_evident_not_easy_check-in
B: customer_wait_10_minute_for_greet
Answer: Yes

A: no_evident_not_easy_check-in
B: no_one_give_key_on_late_check-in
Answer: No

A: no_evident_not_great_quality
B: shampoo_seem_cheap_considering_hotel_cost
Answer: Yes

A: no_evident_not_great_quality
B: expensive_hotel
Answer: No

Now answer for this pair. Output ONLY the final line ""Answer: Yes"" or ""Answer: No"" — no other text.

A: no_evident_not_staff_order_taxi_for_us
B: staff_not_understand_English_well
Answer:
","A: no_evident_not_staff_order_taxi_for_us
B: staff_not_understand_English_well
Answer: Yes"
2026-08-10 23:30:22,3,5197,no_evident_not_staff_call_us_taxi,staff_cannot_give_bus_to_airport_information,"Task: decide if Proposition B contradicts Assumption A.

Steps:
1. A defends a claim (strip ""no_evident_not_"" / ""have_evident_"" to see it).
2. B states a fact.
3. Does B disprove A's claim? Same specific issue only, not just same topic.

Output pattern (always use this exact shape):
A: <phrase>
B: <phrase>
Answer: Yes/No

Examples:

A: no_evident_not_easy_check-in
B: customer_wait_10_minute_for_greet
Answer: Yes

A: no_evident_not_easy_check-in
B: no_one_give_key_on_late_check-in
Answer: No

A: no_evident_not_great_quality
B: shampoo_seem_cheap_considering_hotel_cost
Answer: Yes

A: no_evident_not_great_quality
B: expensive_hotel
Answer: No

Now answer for this pair. Output ONLY the final line ""Answer: Yes"" or ""Answer: No"" — no other text.

A: no_evident_not_staff_call_us_taxi
B: staff_cannot_give_bus_to_airport_information
Answer:
",Answer: Yes
2026-08-10 23:30:22,3,2267,no_evident_not_happy_to_help_any_question,staff_not_justify_booking_issue,"Task: decide if Proposition B contradicts Assumption A.

Steps:
1. A defends a claim (strip ""no_evident_not_"" / ""have_evident_"" to see it).
2. B states a fact.
3. Does B disprove A's claim? Same specific issue only, not just same topic.

Output pattern (always use this exact shape):
A: <phrase>
B: <phrase>
Answer: Yes/No

Examples:

A: no_evident_not_easy_check-in
B: customer_wait_10_minute_for_greet
Answer: Yes

A: no_evident_not_easy_check-in
B: no_one_give_key_on_late_check-in
Answer: No

A: no_evident_not_great_quality
B: shampoo_seem_cheap_considering_hotel_cost
Answer: Yes

A: no_evident_not_great_quality
B: expensive_hotel
Answer: No

Now answer for this pair. Output ONLY the final line ""Answer: Yes"" or ""Answer: No"" — no other text.

A: no_evident_not_happy_to_help_any_question
B: staff_not_justify_booking_issue
Answer:
","A: no_evident_not_happy_to-help_any_question
B: staff_not_justify_booking_issue
Answer: Yes"
2026-08-10 23:30:23,3,362,no_evident_not_welcoming_staff,staff_not_provide_good_solution,"Task: decide if Proposition B contradicts Assumption A.

Steps:
1. A defends a claim (strip ""no_evident_not_"" / ""have_evident_"" to see it).
2. B states a fact.
3. Does B disprove A's claim? Same specific issue only, not just same topic.

Output pattern (always use this exact shape):
A: <phrase>
B: <phrase>
Answer: Yes/No

Examples:

A: no_evident_not_easy_check-in
B: customer_wait_10_minute_for_greet
Answer: Yes

A: no_evident_not_easy_check-in
B: no_one_give_key_on_late_check-in
Answer: No

A: no_evident_not_great_quality
B: shampoo_seem_cheap_considering_hotel_cost
Answer: Yes

A: no_evident_not_great_quality
B: expensive_hotel
Answer: No

Now answer for this pair. Output ONLY the final line ""Answer: Yes"" or ""Answer: No"" — no other text.

A: no_evident_not_welcoming_staff
B: staff_not_provide_good_solution
Answer:
","A: no_evident_not_welcoming_staff
B: staff_not_provide_good_solution
Answer: Yes"
2026-08-10 23:30:23,3,30,no_evident_not_easy_to_communicate_with,not_kind_staff,"Task: decide if Proposition B contradicts Assumption A.

Steps:
1. A defends a claim (strip ""no_evident_not_"" / ""have_evident_"" to see it).
2. B states a fact.
3. Does B disprove A's claim? Same specific issue only, not just same topic.

Output pattern (always use this exact shape):
A: <phrase>
B: <phrase>
Answer: Yes/No

Examples:

A: no_evident_not_easy_check-in
B: customer_wait_10_minute_for_greet
Answer: Yes

A: no_evident_not_easy_check-in
B: no_one_give_key_on_late_check-in
Answer: No

A: no_evident_not_great_quality
B: shampoo_seem_cheap_considering_hotel_cost
Answer: Yes

A: no_evident_not_great_quality
B: expensive_hotel
Answer: No

Now answer for this pair. Output ONLY the final line ""Answer: Yes"" or ""Answer: No"" — no other text.

A: no_evident_not_easy_to_communicate_with
B: not_kind_staff
Answer:
","A: no_evident_not_easy_to_communicate_with
B: not_kind_staff
Answer: Yes"
2026-08-10 23:30:24,3,2733,no_evident_not_pleasing_staff,staff_not_speak_Cypriot_language,"Task: decide if Proposition B contradicts Assumption A.

Steps:
1. A defends a claim (strip ""no_evident_not_"" / ""have_evident_"" to see it).
2. B states a fact.
3. Does B disprove A's claim? Same specific issue only, not just same topic.

Output pattern (always use this exact shape):
A: <phrase>
B: <phrase>
Answer: Yes/No

Examples:

A: no_evident_not_easy_check-in
B: customer_wait_10_minute_for_greet
Answer: Yes

A: no_evident_not_easy_check-in
B: no_one_give_key_on_late_check-in
Answer: No

A: no_evident_not_great_quality
B: shampoo_seem_cheap_considering_hotel_cost
Answer: Yes

A: no_evident_not_great_quality
B: expensive_hotel
Answer: No

Now answer for this pair. Output ONLY the final line ""Answer: Yes"" or ""Answer: No"" — no other text.

A: no_evident_not_pleasing_staff
B: staff_not_speak_Cypriot_language
Answer:
","A: no_evident_not_pleasing_staff
B: staff_not_speak_Cypriot_language
Answer: Yes"
2026-08-10 23:30:24,3,1072,no_evident_not_fantastic_service,staff_charge_for_cancellation_while_no_cancellation_charge_in_Booking.com,"Task: decide if Proposition B contradicts Assumption A.

Steps:
1. A defends a claim (strip ""no_evident_not_"" / ""have_evident_"" to see it).
2. B states a fact.
3. Does B disprove A's claim? Same specific issue only, not just same topic.

Output pattern (always use this exact shape):
A: <phrase>
B: <phrase>
Answer: Yes/No

Examples:

A: no_evident_not_easy_check-in
B: customer_wait_10_minute_for_greet
Answer: Yes

A: no_evident_not_easy_check-in
B: no_one_give_key_on_late_check-in
Answer: No

A: no_evident_not_great_quality
B: shampoo_seem_cheap_considering_hotel_cost
Answer: Yes

A: no_evident_not_great_quality
B: expensive_hotel
Answer: No

Now answer for this pair. Output ONLY the final line ""Answer: Yes"" or ""Answer: No"" — no other text.

A: no_evident_not_fantastic_service
B: staff_charge_for_cancellation_while_no_cancellation_charge_in_Booking.com
Answer:
","A: no_evident_not_fantastic_service
B: staff_charge_for_cancellation_while_no_cancellation_charge_in_Booking.com
Answer: Yes"
2026-08-10 23:30:24,3,5220,no_evident_not_staff_no_charge_lost_room_ticket,staff_cannot_give_bus_to_airport_information,"Task: decide if Proposition B contradicts Assumption A.

Steps:
1. A defends a claim (strip ""no_evident_not_"" / ""have_evident_"" to see it).
2. B states a fact.
3. Does B disprove A's claim? Same specific issue only, not just same topic.

Output pattern (always use this exact shape):
A: <phrase>
B: <phrase>
Answer: Yes/No

Examples:

A: no_evident_not_easy_check-in
B: customer_wait_10_minute_for_greet
Answer: Yes

A: no_evident_not_easy_check-in
B: no_one_give_key_on_late_check-in
Answer: No

A: no_evident_not_great_quality
B: shampoo_seem_cheap_considering_hotel_cost
Answer: Yes

A: no_evident_not_great_quality
B: expensive_hotel
Answer: No

Now answer for this pair. Output ONLY the final line ""Answer: Yes"" or ""Answer: No"" — no other text.

A: no_evident_not_staff_no_charge_lost_room_ticket
B: staff_cannot_give_bus_to_airport_information
Answer:
","A: no_evident_not_staff_no_charge_lost_room_ticket
B: staff_cannot_give_bus_to_airport_information
Answer: Yes"
2026-08-10 23:30:25,3,2146,no_evident_not_staff_responsive_to_pre-arrival_question,not_kind_staff,"Task: decide if Proposition B contradicts Assumption A.

Steps:
1. A defends a claim (strip ""no_evident_not_"" / ""have_evident_"" to see it).
2. B states a fact.
3. Does B disprove A's claim? Same specific issue only, not just same topic.

Output pattern (always use this exact shape):
A: <phrase>
B: <phrase>
Answer: Yes/No

Examples:

A: no_evident_not_easy_check-in
B: customer_wait_10_minute_for_greet
Answer: Yes

A: no_evident_not_easy_check-in
B: no_one_give_key_on_late_check-in
Answer: No

A: no_evident_not_great_quality
B: shampoo_seem_cheap_considering_hotel_cost
Answer: Yes

A: no_evident_not_great_quality
B: expensive_hotel
Answer: No

Now answer for this pair. Output ONLY the final line ""Answer: Yes"" or ""Answer: No"" — no other text.

A: no_evident_not_staff_responsive_to_pre-arrival_question
B: not_kind_staff
Answer:
","A: no_evident_not_staff_responsive_to_pre-arrival_question
B: not_kind_staff
Answer: Yes"
2026-08-10 23:30:25,3,6073,no_evident_not_staff_prepare_roof_garden,staff_not_speak_English_properly,"Task: decide if Proposition B contradicts Assumption A.

Steps:
1. A defends a claim (strip ""no_evident_not_"" / ""have_evident_"" to see it).
2. B states a fact.
3. Does B disprove A's claim? Same specific issue only, not just same topic.

Output pattern (always use this exact shape):
A: <phrase>
B: <phrase>
Answer: Yes/No

Examples:

A: no_evident_not_easy_check-in
B: customer_wait_10_minute_for_greet
Answer: Yes

A: no_evident_not_easy_check-in
B: no_one_give_key_on_late_check-in
Answer: No

A: no_evident_not_great_quality
B: shampoo_seem_cheap_considering_hotel_cost
Answer: Yes

A: no_evident_not_great_quality
B: expensive_hotel
Answer: No

Now answer for this pair. Output ONLY the final line ""Answer: Yes"" or ""Answer: No"" — no other text.

A: no_evident_not_staff_prepare_roof_garden
B: staff_not_speak_English_properly
Answer:
","A: no_evident_not_staff_prepare_roof_garden
B: staff_not_speak_English_properly
Answer: Yes"
2026-08-10 23:30:25,3,3620,no_evident_not_staff_help_amazing,staff_fail_to_communicate_with_taxi,"Task: decide if Proposition B contradicts Assumption A.

Steps:
1. A defends a claim (strip ""no_evident_not_"" / ""have_evident_"" to see it).
2. B states a fact.
3. Does B disprove A's claim? Same specific issue only, not just same topic.

Output pattern (always use this exact shape):
A: <phrase>
B: <phrase>
Answer: Yes/No

Examples:

A: no_evident_not_easy_check-in
B: customer_wait_10_minute_for_greet
Answer: Yes

A: no_evident_not_easy_check-in
B: no_one_give_key_on_late_check-in
Answer: No

A: no_evident_not_great_quality
B: shampoo_seem_cheap_considering_hotel_cost
Answer: Yes

A: no_evident_not_great_quality
B: expensive_hotel
Answer: No

Now answer for this pair. Output ONLY the final line ""Answer: Yes"" or ""Answer: No"" — no other text.

A: no_evident_not_staff_help_amazing
B: staff_fail_to_communicate_with_taxi
Answer:
",Answer: Yes
2026-08-10 23:30:26,3,4520,no_evident_not_kind_hospitality_staff,offended_staff,"Task: decide if Proposition B contradicts Assumption A.

Steps:
1. A defends a claim (strip ""no_evident_not_"" / ""have_evident_"" to see it).
2. B states a fact.
3. Does B disprove A's claim? Same specific issue only, not just same topic.

Output pattern (always use this exact shape):
A: <phrase>
B: <phrase>
Answer: Yes/No

Examples:

A: no_evident_not_easy_check-in
B: customer_wait_10_minute_for_greet
Answer: Yes

A: no_evident_not_easy_check-in
B: no_one_give_key_on_late_check-in
Answer: No

A: no_evident_not_great_quality
B: shampoo_seem_cheap_considering_hotel_cost
Answer: Yes

A: no_evident_not_great_quality
B: expensive_hotel
Answer: No

Now answer for this pair. Output ONLY the final line ""Answer: Yes"" or ""Answer: No"" — no other text.

A: no_evident_not_kind_hospitality_staff
B: offended_staff
Answer:
","A: no_evident_not_kind_hospitality_staff
B: offended_staff
Answer: Yes"
2026-08-10 23:30:26,3,5781,no_evident_not_staff_drive_me_to_airport,no_empathy_staff,"Task: decide if Proposition B contradicts Assumption A.

Steps:
1. A defends a claim (strip ""no_evident_not_"" / ""have_evident_"" to see it).
2. B states a fact.
3. Does B disprove A's claim? Same specific issue only, not just same topic.

Output pattern (always use this exact shape):
A: <phrase>
B: <phrase>
Answer: Yes/No

Examples:

A: no_evident_not_easy_check-in
B: customer_wait_10_minute_for_greet
Answer: Yes

A: no_evident_not_easy_check-in
B: no_one_give_key_on_late_check-in
Answer: No

A: no_evident_not_great_quality
B: shampoo_seem_cheap_considering_hotel_cost
Answer: Yes

A: no_evident_not_great_quality
B: expensive_hotel
Answer: No

Now answer for this pair. Output ONLY the final line ""Answer: Yes"" or ""Answer: No"" — no other text.

A: no_evident_not_staff_drive_me_to_airport
B: no_empathy_staff
Answer:
","A: no_evident_not_staff_drive_me_to_airport
B: no_empathy_staff
Answer: Yes"
2026-08-10 23:30:26,3,3504,no_evident_not_willing_to_do_more,no_empathy_staff,"Task: decide if Proposition B contradicts Assumption A.

Steps:
1. A defends a claim (strip ""no_evident_not_"" / ""have_evident_"" to see it).
2. B states a fact.
3. Does B disprove A's claim? Same specific issue only, not just same topic.

Output pattern (always use this exact shape):
A: <phrase>
B: <phrase>
Answer: Yes/No

Examples:

A: no_evident_not_easy_check-in
B: customer_wait_10_minute_for_greet
Answer: Yes

A: no_evident_not_easy_check-in
B: no_one_give_key_on_late_check-in
Answer: No

A: no_evident_not_great_quality
B: shampoo_seem_cheap_considering_hotel_cost
Answer: Yes

A: no_evident_not_great_quality
B: expensive_hotel
Answer: No

Now answer for this pair. Output ONLY the final line ""Answer: Yes"" or ""Answer: No"" — no other text.

A: no_evident_not_willing_to_do_more
B: no_empathy_staff
Answer:
","A: no_evident_not_willing_to_do_more
B: no_empathy_staff
Answer: Yes"
2026-08-10 23:30:27,3,4595,no_evident_not_staff_agree_to_every_request,staff_has_unaceptable_manner,"Task: decide if Proposition B contradicts Assumption A.

Steps:
1. A defends a claim (strip ""no_evident_not_"" / ""have_evident_"" to see it).
2. B states a fact.
3. Does B disprove A's claim? Same specific issue only, not just same topic.

Output pattern (always use this exact shape):
A: <phrase>
B: <phrase>
Answer: Yes/No

Examples:

A: no_evident_not_easy_check-in
B: customer_wait_10_minute_for_greet
Answer: Yes

A: no_evident_not_easy_check-in
B: no_one_give_key_on_late_check-in
Answer: No

A: no_evident_not_great_quality
B: shampoo_seem_cheap_considering_hotel_cost
Answer: Yes

A: no_evident_not_great_quality
B: expensive_hotel
Answer: No

Now answer for this pair. Output ONLY the final line ""Answer: Yes"" or ""Answer: No"" — no other text.

A: no_evident_not_staff_agree_to_every_request
B: staff_has_unaceptable_manner
Answer:
","A: no_evident_not_staff_agree_to_every_request
B: staff_has_unacceptable_manner
Answer: Yes"
2026-08-10 23:30:27,3,80,no_evident_not_great_staff,staff_cannot_provide_double_bed,"Task: decide if Proposition B contradicts Assumption A.

Steps:
1. A defends a claim (strip ""no_evident_not_"" / ""have_evident_"" to see it).
2. B states a fact.
3. Does B disprove A's claim? Same specific issue only, not just same topic.

Output pattern (always use this exact shape):
A: <phrase>
B: <phrase>
Answer: Yes/No

Examples:

A: no_evident_not_easy_check-in
B: customer_wait_10_minute_for_greet
Answer: Yes

A: no_evident_not_easy_check-in
B: no_one_give_key_on_late_check-in
Answer: No

A: no_evident_not_great_quality
B: shampoo_seem_cheap_considering_hotel_cost
Answer: Yes

A: no_evident_not_great_quality
B: expensive_hotel
Answer: No

Now answer for this pair. Output ONLY the final line ""Answer: Yes"" or ""Answer: No"" — no other text.

A: no_evident_not_great_staff
B: staff_cannot_provide_double_bed
Answer:
","A: no_evident_not_great_staff
B: staff_cannot_provide_double_bed
Answer: Yes"
2026-08-10 23:30:28,3,617,no_evident_not_caring_staff,staff_not_speak_Cypriot_language,"Task: decide if Proposition B contradicts Assumption A.

Steps:
1. A defends a claim (strip ""no_evident_not_"" / ""have_evident_"" to see it).
2. B states a fact.
3. Does B disprove A's claim? Same specific issue only, not just same topic.

Output pattern (always use this exact shape):
A: <phrase>
B: <phrase>
Answer: Yes/No

Examples:

A: no_evident_not_easy_check-in
B: customer_wait_10_minute_for_greet
Answer: Yes

A: no_evident_not_easy_check-in
B: no_one_give_key_on_late_check-in
Answer: No

A: no_evident_not_great_quality
B: shampoo_seem_cheap_considering_hotel_cost
Answer: Yes

A: no_evident_not_great_quality
B: expensive_hotel
Answer: No

Now answer for this pair. Output ONLY the final line ""Answer: Yes"" or ""Answer: No"" — no other text.

A: no_evident_not_caring_staff
B: staff_not_speak_Cypriot_language
Answer:
","A: no_evident_not_caring_staff
B: staff_not_speak_Cypriot_language
Answer: Yes"
2026-08-10 23:30:28,3,5661,no_evident_not_staff_welcome_in_French,staff_should_learn_better_English,"Task: decide if Proposition B contradicts Assumption A.

Steps:
1. A defends a claim (strip ""no_evident_not_"" / ""have_evident_"" to see it).
2. B states a fact.
3. Does B disprove A's claim? Same specific issue only, not just same topic.

Output pattern (always use this exact shape):
A: <phrase>
B: <phrase>
Answer: Yes/No

Examples:

A: no_evident_not_easy_check-in
B: customer_wait_10_minute_for_greet
Answer: Yes

A: no_evident_not_easy_check-in
B: no_one_give_key_on_late_check-in
Answer: No

A: no_evident_not_great_quality
B: shampoo_seem_cheap_considering_hotel_cost
Answer: Yes

A: no_evident_not_great_quality
B: expensive_hotel
Answer: No

Now answer for this pair. Output ONLY the final line ""Answer: Yes"" or ""Answer: No"" — no other text.

A: no_evident_not_staff_welcome_in_French
B: staff_should_learn_better_English
Answer:
",Answer: Yes
2026-08-10 23:30:28,3,1222,no_evident_not_staff_let_us_into_room_soon,staff_should_learn_better_English,"Task: decide if Proposition B contradicts Assumption A.

Steps:
1. A defends a claim (strip ""no_evident_not_"" / ""have_evident_"" to see it).
2. B states a fact.
3. Does B disprove A's claim? Same specific issue only, not just same topic.

Output pattern (always use this exact shape):
A: <phrase>
B: <phrase>
Answer: Yes/No

Examples:

A: no_evident_not_easy_check-in
B: customer_wait_10_minute_for_greet
Answer: Yes

A: no_evident_not_easy_check-in
B: no_one_give_key_on_late_check-in
Answer: No

A: no_evident_not_great_quality
B: shampoo_seem_cheap_considering_hotel_cost
Answer: Yes

A: no_evident_not_great_quality
B: expensive_hotel
Answer: No

Now answer for this pair. Output ONLY the final line ""Answer: Yes"" or ""Answer: No"" — no other text.

A: no_evident_not_staff_let_us_into_room_soon
B: staff_should_learn_better_English
Answer:
",Answer: Yes
2026-08-10 23:30:28,3,4470,no_evident_not_can_speak_Arabic,no_empathy_staff,"Task: decide if Proposition B contradicts Assumption A.

Steps:
1. A defends a claim (strip ""no_evident_not_"" / ""have_evident_"" to see it).
2. B states a fact.
3. Does B disprove A's claim? Same specific issue only, not just same topic.

Output pattern (always use this exact shape):
A: <phrase>
B: <phrase>
Answer: Yes/No

Examples:

A: no_evident_not_easy_check-in
B: customer_wait_10_minute_for_greet
Answer: Yes

A: no_evident_not_easy_check-in
B: no_one_give_key_on_late_check-in
Answer: No

A: no_evident_not_great_quality
B: shampoo_seem_cheap_considering_hotel_cost
Answer: Yes

A: no_evident_not_great_quality
B: expensive_hotel
Answer: No

Now answer for this pair. Output ONLY the final line ""Answer: Yes"" or ""Answer: No"" — no other text.

A: no_evident_not_can_speak_Arabic
B: no_empathy_staff
Answer:
","A: no_evident_not_can_speak_Arabic
B: no_empathy_staff
Answer: Yes"
2026-08-10 23:30:28,3,296,no_evident_not_nice_to_talk_to,no_staff_at_night,"Task: decide if Proposition B contradicts Assumption A.

Steps:
1. A defends a claim (strip ""no_evident_not_"" / ""have_evident_"" to see it).
2. B states a fact.
3. Does B disprove A's claim? Same specific issue only, not just same topic.

Output pattern (always use this exact shape):
A: <phrase>
B: <phrase>
Answer: Yes/No

Examples:

A: no_evident_not_easy_check-in
B: customer_wait_10_minute_for_greet
Answer: Yes

A: no_evident_not_easy_check-in
B: no_one_give_key_on_late_check-in
Answer: No

A: no_evident_not_great_quality
B: shampoo_seem_cheap_considering_hotel_cost
Answer: Yes

A: no_evident_not_great_quality
B: expensive_hotel
Answer: No

Now answer for this pair. Output ONLY the final line ""Answer: Yes"" or ""Answer: No"" — no other text.

A: no_evident_not_nice_to_talk_to
B: no_staff_at_night
Answer:
","A: no_evident_not_nice_to_talk_to
B: no_staff_at_night
Answer: Yes"
2026-08-10 23:30:29,3,3025,no_evident_not_staff_facilitate_shuttle_service_from_airport,offended_staff,"Task: decide if Proposition B contradicts Assumption A.

Steps:
1. A defends a claim (strip ""no_evident_not_"" / ""have_evident_"" to see it).
2. B states a fact.
3. Does B disprove A's claim? Same specific issue only, not just same topic.

Output pattern (always use this exact shape):
A: <phrase>
B: <phrase>
Answer: Yes/No

Examples:

A: no_evident_not_easy_check-in
B: customer_wait_10_minute_for_greet
Answer: Yes

A: no_evident_not_easy_check-in
B: no_one_give_key_on_late_check-in
Answer: No

A: no_evident_not_great_quality
B: shampoo_seem_cheap_considering_hotel_cost
Answer: Yes

A: no_evident_not_great_quality
B: expensive_hotel
Answer: No

Now answer for this pair. Output ONLY the final line ""Answer: Yes"" or ""Answer: No"" — no other text.

A: no_evident_not_staff_facilitate_shuttle_service_from_airport
B: offended_staff
Answer:
","A: no_evident_not_staff_facilitate_shuttle_service_from_airport
B: airport_staff_not_provide_shuttle_service
Answer: Yes"
2026-08-10 23:30:29,3,4772,no_evident_not_staff_send_phot_for_arrival,staff_cannot_provide_double_bed,"Task: decide if Proposition B contradicts Assumption A.

Steps:
1. A defends a claim (strip ""no_evident_not_"" / ""have_evident_"" to see it).
2. B states a fact.
3. Does B disprove A's claim? Same specific issue only, not just same topic.

Output pattern (always use this exact shape):
A: <phrase>
B: <phrase>
Answer: Yes/No

Examples:

A: no_evident_not_easy_check-in
B: customer_wait_10_minute_for_greet
Answer: Yes

A: no_evident_not_easy_check-in
B: no_one_give_key_on_late_check-in
Answer: No

A: no_evident_not_great_quality
B: shampoo_seem_cheap_considering_hotel_cost
Answer: Yes

A: no_evident_not_great_quality
B: expensive_hotel
Answer: No

Now answer for this pair. Output ONLY the final line ""Answer: Yes"" or ""Answer: No"" — no other text.

A: no_evident_not_staff_send_phot_for_arrival
B: staff_cannot_provide_double_bed
Answer:
","A: no_evident_not_staff_send_phot_for_arrival
B: staff_cannot_provide_double_bed
Answer: Yes"
2026-08-10 23:30:30,3,4527,no_evident_not_kind_hospitality_staff,staff_not_speak_Cypriot_language,"Task: decide if Proposition B contradicts Assumption A.

Steps:
1. A defends a claim (strip ""no_evident_not_"" / ""have_evident_"" to see it).
2. B states a fact.
3. Does B disprove A's claim? Same specific issue only, not just same topic.

Output pattern (always use this exact shape):
A: <phrase>
B: <phrase>
Answer: Yes/No

Examples:

A: no_evident_not_easy_check-in
B: customer_wait_10_minute_for_greet
Answer: Yes

A: no_evident_not_easy_check-in
B: no_one_give_key_on_late_check-in
Answer: No

A: no_evident_not_great_quality
B: shampoo_seem_cheap_considering_hotel_cost
Answer: Yes

A: no_evident_not_great_quality
B: expensive_hotel
Answer: No

Now answer for this pair. Output ONLY the final line ""Answer: Yes"" or ""Answer: No"" — no other text.

A: no_evident_not_kind_hospitality_staff
B: staff_not_speak_Cypriot_language
Answer:
","A: no_evident_not_kind_hospitality_staff
B: staff_not_speak_Cypriot_language
Answer: Yes"
2026-08-10 23:30:30,3,1214,no_evident_not_staff_make_everything_possible,staff_has_unaceptable_manner,"Task: decide if Proposition B contradicts Assumption A.

Steps:
1. A defends a claim (strip ""no_evident_not_"" / ""have_evident_"" to see it).
2. B states a fact.
3. Does B disprove A's claim? Same specific issue only, not just same topic.

Output pattern (always use this exact shape):
A: <phrase>
B: <phrase>
Answer: Yes/No

Examples:

A: no_evident_not_easy_check-in
B: customer_wait_10_minute_for_greet
Answer: Yes

A: no_evident_not_easy_check-in
B: no_one_give_key_on_late_check-in
Answer: No

A: no_evident_not_great_quality
B: shampoo_seem_cheap_considering_hotel_cost
Answer: Yes

A: no_evident_not_great_quality
B: expensive_hotel
Answer: No

Now answer for this pair. Output ONLY the final line ""Answer: Yes"" or ""Answer: No"" — no other text.

A: no_evident_not_staff_make_everything_possible
B: staff_has_unaceptable_manner
Answer:
","A: no_evident_not_staff_make_everything_possible
B: staff_has_unacceptable_manner
Answer: Yes"
2026-08-10 23:30:31,3,3521,no_evident_not_staff_make_guest_better_stay,staff_clean_after_complaint,"Task: decide if Proposition B contradicts Assumption A.

Steps:
1. A defends a claim (strip ""no_evident_not_"" / ""have_evident_"" to see it).
2. B states a fact.
3. Does B disprove A's claim? Same specific issue only, not just same topic.

Output pattern (always use this exact shape):
A: <phrase>
B: <phrase>
Answer: Yes/No

Examples:

A: no_evident_not_easy_check-in
B: customer_wait_10_minute_for_greet
Answer: Yes

A: no_evident_not_easy_check-in
B: no_one_give_key_on_late_check-in
Answer: No

A: no_evident_not_great_quality
B: shampoo_seem_cheap_considering_hotel_cost
Answer: Yes

A: no_evident_not_great_quality
B: expensive_hotel
Answer: No

Now answer for this pair. Output ONLY the final line ""Answer: Yes"" or ""Answer: No"" — no other text.

A: no_evident_not_staff_make_guest_better_stay
B: staff_clean_after_complaint
Answer:
","A: no_evident_not_staff_make_guest_better_stay
B: staff_clean_after_complaint
Answer: Yes"
2026-08-10 23:30:31,3,1045,no_evident_not_perfect_staff,staff_fail_to_guest_request,"Task: decide if Proposition B contradicts Assumption A.

Steps:
1. A defends a claim (strip ""no_evident_not_"" / ""have_evident_"" to see it).
2. B states a fact.
3. Does B disprove A's claim? Same specific issue only, not just same topic.

Output pattern (always use this exact shape):
A: <phrase>
B: <phrase>
Answer: Yes/No

Examples:

A: no_evident_not_easy_check-in
B: customer_wait_10_minute_for_greet
Answer: Yes

A: no_evident_not_easy_check-in
B: no_one_give_key_on_late_check-in
Answer: No

A: no_evident_not_great_quality
B: shampoo_seem_cheap_considering_hotel_cost
Answer: Yes

A: no_evident_not_great_quality
B: expensive_hotel
Answer: No

Now answer for this pair. Output ONLY the final line ""Answer: Yes"" or ""Answer: No"" — no other text.

A: no_evident_not_perfect_staff
B: staff_fail_to_guest_request
Answer:
","A: no_evident_not_perfect_staff
B: staff_fail_to_guest_request
Answer: Yes"
2026-08-10 23:30:31,3,343,no_evident_not_staff_go_out_of_their_way_for_us,staff_not_understand_English_well,"Task: decide if Proposition B contradicts Assumption A.

Steps:
1. A defends a claim (strip ""no_evident_not_"" / ""have_evident_"" to see it).
2. B states a fact.
3. Does B disprove A's claim? Same specific issue only, not just same topic.

Output pattern (always use this exact shape):
A: <phrase>
B: <phrase>
Answer: Yes/No

Examples:

A: no_evident_not_easy_check-in
B: customer_wait_10_minute_for_greet
Answer: Yes

A: no_evident_not_easy_check-in
B: no_one_give_key_on_late_check-in
Answer: No

A: no_evident_not_great_quality
B: shampoo_seem_cheap_considering_hotel_cost
Answer: Yes

A: no_evident_not_great_quality
B: expensive_hotel
Answer: No

Now answer for this pair. Output ONLY the final line ""Answer: Yes"" or ""Answer: No"" — no other text.

A: no_evident_not_staff_go_out_of_their_way_for_us
B: staff_not_understand_English_well
Answer:
","A: no_evident_not_staff_go_out_of_their_way_for_us
B: staff_not_understand_English_well
Answer: Yes"
2026-08-10 23:30:32,3,2526,no_evident_not_staff_make_room_ready_early,staff_not_speak_Cypriot_language,"Task: decide if Proposition B contradicts Assumption A.

Steps:
1. A defends a claim (strip ""no_evident_not_"" / ""have_evident_"" to see it).
2. B states a fact.
3. Does B disprove A's claim? Same specific issue only, not just same topic.

Output pattern (always use this exact shape):
A: <phrase>
B: <phrase>
Answer: Yes/No

Examples:

A: no_evident_not_easy_check-in
B: customer_wait_10_minute_for_greet
Answer: Yes

A: no_evident_not_easy_check-in
B: no_one_give_key_on_late_check-in
Answer: No

A: no_evident_not_great_quality
B: shampoo_seem_cheap_considering_hotel_cost
Answer: Yes

A: no_evident_not_great_quality
B: expensive_hotel
Answer: No

Now answer for this pair. Output ONLY the final line ""Answer: Yes"" or ""Answer: No"" — no other text.

A: no_evident_not_staff_make_room_ready_early
B: staff_not_speak_Cypriot_language
Answer:
","A: no_evident_not_staff_make_room_ready_early
B: staff_not_speak_Cypriot_language
Answer: Yes"
2026-08-10 23:30:32,3,2988,no_evident_not_staff_help_with_taxi,staff_not_understand_English_well,"Task: decide if Proposition B contradicts Assumption A.

Steps:
1. A defends a claim (strip ""no_evident_not_"" / ""have_evident_"" to see it).
2. B states a fact.
3. Does B disprove A's claim? Same specific issue only, not just same topic.

Output pattern (always use this exact shape):
A: <phrase>
B: <phrase>
Answer: Yes/No

Examples:

A: no_evident_not_easy_check-in
B: customer_wait_10_minute_for_greet
Answer: Yes

A: no_evident_not_easy_check-in
B: no_one_give_key_on_late_check-in
Answer: No

A: no_evident_not_great_quality
B: shampoo_seem_cheap_considering_hotel_cost
Answer: Yes

A: no_evident_not_great_quality
B: expensive_hotel
Answer: No

Now answer for this pair. Output ONLY the final line ""Answer: Yes"" or ""Answer: No"" — no other text.

A: no_evident_not_staff_help_with_taxi
B: staff_not_understand_English_well
Answer:
","A: no_evident_not_staff_help_with_taxi
B: staff_not_understand_English_well
Answer: Yes"
2026-08-10 23:30:32,3,327,no_evident_not_staff_go_out_of_their_way_for_us,staff_need_improve_collaboration,"Task: decide if Proposition B contradicts Assumption A.

Steps:
1. A defends a claim (strip ""no_evident_not_"" / ""have_evident_"" to see it).
2. B states a fact.
3. Does B disprove A's claim? Same specific issue only, not just same topic.

Output pattern (always use this exact shape):
A: <phrase>
B: <phrase>
Answer: Yes/No

Examples:

A: no_evident_not_easy_check-in
B: customer_wait_10_minute_for_greet
Answer: Yes

A: no_evident_not_easy_check-in
B: no_one_give_key_on_late_check-in
Answer: No

A: no_evident_not_great_quality
B: shampoo_seem_cheap_considering_hotel_cost
Answer: Yes

A: no_evident_not_great_quality
B: expensive_hotel
Answer: No

Now answer for this pair. Output ONLY the final line ""Answer: Yes"" or ""Answer: No"" — no other text.

A: no_evident_not_staff_go_out_of_their_way_for_us
B: staff_need_improve_collaboration
Answer:
",Answer: Yes
2026-08-10 23:30:33,3,2932,no_evident_not_best_staff_ever,staff_cannot_provide_double_bed,"Task: decide if Proposition B contradicts Assumption A.

Steps:
1. A defends a claim (strip ""no_evident_not_"" / ""have_evident_"" to see it).
2. B states a fact.
3. Does B disprove A's claim? Same specific issue only, not just same topic.

Output pattern (always use this exact shape):
A: <phrase>
B: <phrase>
Answer: Yes/No

Examples:

A: no_evident_not_easy_check-in
B: customer_wait_10_minute_for_greet
Answer: Yes

A: no_evident_not_easy_check-in
B: no_one_give_key_on_late_check-in
Answer: No

A: no_evident_not_great_quality
B: shampoo_seem_cheap_considering_hotel_cost
Answer: Yes

A: no_evident_not_great_quality
B: expensive_hotel
Answer: No

Now answer for this pair. Output ONLY the final line ""Answer: Yes"" or ""Answer: No"" — no other text.

A: no_evident_not_best_staff_ever
B: staff_cannot_provide_double_bed
Answer:
","A: no_evident_not_best_staff_ever
B: staff_cannot_provide_double_bed
Answer: Yes"
2026-08-10 23:30:33,3,1721,no_evident_not_big_smile,staff_not_speak_Cypriot_language,"Task: decide if Proposition B contradicts Assumption A.

Steps:
1. A defends a claim (strip ""no_evident_not_"" / ""have_evident_"" to see it).
2. B states a fact.
3. Does B disprove A's claim? Same specific issue only, not just same topic.

Output pattern (always use this exact shape):
A: <phrase>
B: <phrase>
Answer: Yes/No

Examples:

A: no_evident_not_easy_check-in
B: customer_wait_10_minute_for_greet
Answer: Yes

A: no_evident_not_easy_check-in
B: no_one_give_key_on_late_check-in
Answer: No

A: no_evident_not_great_quality
B: shampoo_seem_cheap_considering_hotel_cost
Answer: Yes

A: no_evident_not_great_quality
B: expensive_hotel
Answer: No

Now answer for this pair. Output ONLY the final line ""Answer: Yes"" or ""Answer: No"" — no other text.

A: no_evident_not_big_smile
B: staff_not_speak_Cypriot_language
Answer:
","A: no_evident_not_big_smile
B: staff_not_speak_Cypriot_language
Answer: Yes"
2026-08-10 23:30:33,3,5588,no_evident_not_staff_wait_until_2am,staff_cannot_give_bus_to_airport_information,"Task: decide if Proposition B contradicts Assumption A.

Steps:
1. A defends a claim (strip ""no_evident_not_"" / ""have_evident_"" to see it).
2. B states a fact.
3. Does B disprove A's claim? Same specific issue only, not just same topic.

Output pattern (always use this exact shape):
A: <phrase>
B: <phrase>
Answer: Yes/No

Examples:

A: no_evident_not_easy_check-in
B: customer_wait_10_minute_for_greet
Answer: Yes

A: no_evident_not_easy_check-in
B: no_one_give_key_on_late_check-in
Answer: No

A: no_evident_not_great_quality
B: shampoo_seem_cheap_considering_hotel_cost
Answer: Yes

A: no_evident_not_great_quality
B: expensive_hotel
Answer: No

Now answer for this pair. Output ONLY the final line ""Answer: Yes"" or ""Answer: No"" — no other text.

A: no_evident_not_staff_wait_until_2am
B: staff_cannot_give_bus_to_airport_information
Answer:
","A: no_evident_not_staff_wait_until_2am
B: staff_cannot_give_bus_to_airport_information
Answer: Yes"
2026-08-10 23:30:34,3,2045,no_evident_not_staff_make_stay_enjoyable,staff_not_understand_English_well,"Task: decide if Proposition B contradicts Assumption A.

Steps:
1. A defends a claim (strip ""no_evident_not_"" / ""have_evident_"" to see it).
2. B states a fact.
3. Does B disprove A's claim? Same specific issue only, not just same topic.

Output pattern (always use this exact shape):
A: <phrase>
B: <phrase>
Answer: Yes/No

Examples:

A: no_evident_not_easy_check-in
B: customer_wait_10_minute_for_greet
Answer: Yes

A: no_evident_not_easy_check-in
B: no_one_give_key_on_late_check-in
Answer: No

A: no_evident_not_great_quality
B: shampoo_seem_cheap_considering_hotel_cost
Answer: Yes

A: no_evident_not_great_quality
B: expensive_hotel
Answer: No

Now answer for this pair. Output ONLY the final line ""Answer: Yes"" or ""Answer: No"" — no other text.

A: no_evident_not_staff_make_stay_enjoyable
B: staff_not_understand_English_well
Answer:
","A: no_evident_not_staff_make_stay_enjoyable
B: staff_not_understand_English_well
Answer: Yes"
2026-08-10 23:30:34,3,5464,no_evident_not_staff_give_instruction_to_get_to_hotel,staff_not_justify_booking_issue,"Task: decide if Proposition B contradicts Assumption A.

Steps:
1. A defends a claim (strip ""no_evident_not_"" / ""have_evident_"" to see it).
2. B states a fact.
3. Does B disprove A's claim? Same specific issue only, not just same topic.

Output pattern (always use this exact shape):
A: <phrase>
B: <phrase>
Answer: Yes/No

Examples:

A: no_evident_not_easy_check-in
B: customer_wait_10_minute_for_greet
Answer: Yes

A: no_evident_not_easy_check-in
B: no_one_give_key_on_late_check-in
Answer: No

A: no_evident_not_great_quality
B: shampoo_seem_cheap_considering_hotel_cost
Answer: Yes

A: no_evident_not_great_quality
B: expensive_hotel
Answer: No

Now answer for this pair. Output ONLY the final line ""Answer: Yes"" or ""Answer: No"" — no other text.

A: no_evident_not_staff_give_instruction_to_get_to_hotel
B: staff_not_justify_booking_issue
Answer:
","A: no_evident_not_staff_give_instruction_to_get_to_hotel
B: staff_not_justify_booking_issue
Answer: Yes"
2026-08-10 23:30:35,3,843,no_evident_not_staff_alway_assist,staff_enforce_cancellation_charge,"Task: decide if Proposition B contradicts Assumption A.

Steps:
1. A defends a claim (strip ""no_evident_not_"" / ""have_evident_"" to see it).
2. B states a fact.
3. Does B disprove A's claim? Same specific issue only, not just same topic.

Output pattern (always use this exact shape):
A: <phrase>
B: <phrase>
Answer: Yes/No

Examples:

A: no_evident_not_easy_check-in
B: customer_wait_10_minute_for_greet
Answer: Yes

A: no_evident_not_easy_check-in
B: no_one_give_key_on_late_check-in
Answer: No

A: no_evident_not_great_quality
B: shampoo_seem_cheap_considering_hotel_cost
Answer: Yes

A: no_evident_not_great_quality
B: expensive_hotel
Answer: No

Now answer for this pair. Output ONLY the final line ""Answer: Yes"" or ""Answer: No"" — no other text.

A: no_evident_not_staff_alway_assist
B: staff_enforce_cancellation_charge
Answer:
","A: no_evident_not_staff_alway_assist
B: staff_enforce_cancellation_charge
Answer: Yes"
2026-08-10 23:30:35,3,2898,no_evident_not_staff_ensure_our_stay_plesant,only_one_staff_wear_mask,"Task: decide if Proposition B contradicts Assumption A.

Steps:
1. A defends a claim (strip ""no_evident_not_"" / ""have_evident_"" to see it).
2. B states a fact.
3. Does B disprove A's claim? Same specific issue only, not just same topic.

Output pattern (always use this exact shape):
A: <phrase>
B: <phrase>
Answer: Yes/No

Examples:

A: no_evident_not_easy_check-in
B: customer_wait_10_minute_for_greet
Answer: Yes

A: no_evident_not_easy_check-in
B: no_one_give_key_on_late_check-in
Answer: No

A: no_evident_not_great_quality
B: shampoo_seem_cheap_considering_hotel_cost
Answer: Yes

A: no_evident_not_great_quality
B: expensive_hotel
Answer: No

Now answer for this pair. Output ONLY the final line ""Answer: Yes"" or ""Answer: No"" — no other text.

A: no_evident_not_staff_ensure_our_stay_plesant
B: only_one_staff_wear_mask
Answer:
","A: no_evident_not_staff_ensure_our_stay_plesant
B: only_one_staff_wear_mask
Answer: Yes"
2026-08-10 23:30:35,3,4587,no_evident_not_staff_agree_to_every_request,staff_fail_to_guest_request,"Task: decide if Proposition B contradicts Assumption A.

Steps:
1. A defends a claim (strip ""no_evident_not_"" / ""have_evident_"" to see it).
2. B states a fact.
3. Does B disprove A's claim? Same specific issue only, not just same topic.

Output pattern (always use this exact shape):
A: <phrase>
B: <phrase>
Answer: Yes/No

Examples:

A: no_evident_not_easy_check-in
B: customer_wait_10_minute_for_greet
Answer: Yes

A: no_evident_not_easy_check-in
B: no_one_give_key_on_late_check-in
Answer: No

A: no_evident_not_great_quality
B: shampoo_seem_cheap_considering_hotel_cost
Answer: Yes

A: no_evident_not_great_quality
B: expensive_hotel
Answer: No

Now answer for this pair. Output ONLY the final line ""Answer: Yes"" or ""Answer: No"" — no other text.

A: no_evident_not_staff_agree_to_every_request
B: staff_fail_to_guest_request
Answer:
",Answer: Yes
2026-08-10 23:30:36,3,5085,no_evident_not_incredible_staff,staff_clean_after_complaint,"Task: decide if Proposition B contradicts Assumption A.

Steps:
1. A defends a claim (strip ""no_evident_not_"" / ""have_evident_"" to see it).
2. B states a fact.
3. Does B disprove A's claim? Same specific issue only, not just same topic.

Output pattern (always use this exact shape):
A: <phrase>
B: <phrase>
Answer: Yes/No

Examples:

A: no_evident_not_easy_check-in
B: customer_wait_10_minute_for_greet
Answer: Yes

A: no_evident_not_easy_check-in
B: no_one_give_key_on_late_check-in
Answer: No

A: no_evident_not_great_quality
B: shampoo_seem_cheap_considering_hotel_cost
Answer: Yes

A: no_evident_not_great_quality
B: expensive_hotel
Answer: No

Now answer for this pair. Output ONLY the final line ""Answer: Yes"" or ""Answer: No"" — no other text.

A: no_evident_not_incredible_staff
B: staff_clean_after_complaint
Answer:
","A: no_evident_not_incredible_staff
B: staff_clean_after_complaint
Answer: No"
2026-08-10 23:30:36,3,6140,no_evident_not_willing_to_help_staff,staff_cannot_give_bus_to_airport_information,"Task: decide if Proposition B contradicts Assumption A.

Steps:
1. A defends a claim (strip ""no_evident_not_"" / ""have_evident_"" to see it).
2. B states a fact.
3. Does B disprove A's claim? Same specific issue only, not just same topic.

Output pattern (always use this exact shape):
A: <phrase>
B: <phrase>
Answer: Yes/No

Examples:

A: no_evident_not_easy_check-in
B: customer_wait_10_minute_for_greet
Answer: Yes

A: no_evident_not_easy_check-in
B: no_one_give_key_on_late_check-in
Answer: No

A: no_evident_not_great_quality
B: shampoo_seem_cheap_considering_hotel_cost
Answer: Yes

A: no_evident_not_great_quality
B: expensive_hotel
Answer: No

Now answer for this pair. Output ONLY the final line ""Answer: Yes"" or ""Answer: No"" — no other text.

A: no_evident_not_willing_to_help_staff
B: staff_cannot_give_bus_to_airport_information
Answer:
","A: no_evident_not_willing_to-help-staff
B: staff_cannot_give-bus-to-airport-information
Answer: Yes"
2026-08-10 23:30:36,3,1267,no_evident_not_staff_quick_check-in,staff_clean_after_complaint,"Task: decide if Proposition B contradicts Assumption A.

Steps:
1. A defends a claim (strip ""no_evident_not_"" / ""have_evident_"" to see it).
2. B states a fact.
3. Does B disprove A's claim? Same specific issue only, not just same topic.

Output pattern (always use this exact shape):
A: <phrase>
B: <phrase>
Answer: Yes/No

Examples:

A: no_evident_not_easy_check-in
B: customer_wait_10_minute_for_greet
Answer: Yes

A: no_evident_not_easy_check-in
B: no_one_give_key_on_late_check-in
Answer: No

A: no_evident_not_great_quality
B: shampoo_seem_cheap_considering_hotel_cost
Answer: Yes

A: no_evident_not_great_quality
B: expensive_hotel
Answer: No

Now answer for this pair. Output ONLY the final line ""Answer: Yes"" or ""Answer: No"" — no other text.

A: no_evident_not_staff_quick_check-in
B: staff_clean_after_complaint
Answer:
","A: no_evident_not_staff_quick_check-in
B: staff_clean_after_complaint
Answer: No"
2026-08-10 23:30:37,3,1940,no_evident_not_staff_arrange_car_to_airport,no_empathy_staff,"Task: decide if Proposition B contradicts Assumption A.

Steps:
1. A defends a claim (strip ""no_evident_not_"" / ""have_evident_"" to see it).
2. B states a fact.
3. Does B disprove A's claim? Same specific issue only, not just same topic.

Output pattern (always use this exact shape):
A: <phrase>
B: <phrase>
Answer: Yes/No

Examples:

A: no_evident_not_easy_check-in
B: customer_wait_10_minute_for_greet
Answer: Yes

A: no_evident_not_easy_check-in
B: no_one_give_key_on_late_check-in
Answer: No

A: no_evident_not_great_quality
B: shampoo_seem_cheap_considering_hotel_cost
Answer: Yes

A: no_evident_not_great_quality
B: expensive_hotel
Answer: No

Now answer for this pair. Output ONLY the final line ""Answer: Yes"" or ""Answer: No"" — no other text.

A: no_evident_not_staff_arrange_car_to_airport
B: no_empathy_staff
Answer:
","A: no_evident_not_staff_arrange_car_to_airport
B: no_empathy_staff
Answer: Yes"
2026-08-10 23:30:37,3,1332,no_evident_not_staff_call_taxi_for_us,staff_not_understand_English_well,"Task: decide if Proposition B contradicts Assumption A.

Steps:
1. A defends a claim (strip ""no_evident_not_"" / ""have_evident_"" to see it).
2. B states a fact.
3. Does B disprove A's claim? Same specific issue only, not just same topic.

Output pattern (always use this exact shape):
A: <phrase>
B: <phrase>
Answer: Yes/No

Examples:

A: no_evident_not_easy_check-in
B: customer_wait_10_minute_for_greet
Answer: Yes

A: no_evident_not_easy_check-in
B: no_one_give_key_on_late_check-in
Answer: No

A: no_evident_not_great_quality
B: shampoo_seem_cheap_considering_hotel_cost
Answer: Yes

A: no_evident_not_great_quality
B: expensive_hotel
Answer: No

Now answer for this pair. Output ONLY the final line ""Answer: Yes"" or ""Answer: No"" — no other text.

A: no_evident_not_staff_call_taxi_for_us
B: staff_not_understand_English_well
Answer:
",Answer: Yes
2026-08-10 23:30:37,3,1451,no_evident_not_staff_make_difference,staff_clean_after_complaint,"Task: decide if Proposition B contradicts Assumption A.

Steps:
1. A defends a claim (strip ""no_evident_not_"" / ""have_evident_"" to see it).
2. B states a fact.
3. Does B disprove A's claim? Same specific issue only, not just same topic.

Output pattern (always use this exact shape):
A: <phrase>
B: <phrase>
Answer: Yes/No

Examples:

A: no_evident_not_easy_check-in
B: customer_wait_10_minute_for_greet
Answer: Yes

A: no_evident_not_easy_check-in
B: no_one_give_key_on_late_check-in
Answer: No

A: no_evident_not_great_quality
B: shampoo_seem_cheap_considering_hotel_cost
Answer: Yes

A: no_evident_not_great_quality
B: expensive_hotel
Answer: No

Now answer for this pair. Output ONLY the final line ""Answer: Yes"" or ""Answer: No"" — no other text.

A: no_evident_not_staff_make_difference
B: staff_clean_after_complaint
Answer:
","A: no_evident_not_staff_make_difference
B: staff_clean_after_complaint
Answer: No"
2026-08-10 23:30:37,3,3378,no_evident_not_ready_to_help,no_staff_at_night,"Task: decide if Proposition B contradicts Assumption A.

Steps:
1. A defends a claim (strip ""no_evident_not_"" / ""have_evident_"" to see it).
2. B states a fact.
3. Does B disprove A's claim? Same specific issue only, not just same topic.

Output pattern (always use this exact shape):
A: <phrase>
B: <phrase>
Answer: Yes/No

Examples:

A: no_evident_not_easy_check-in
B: customer_wait_10_minute_for_greet
Answer: Yes

A: no_evident_not_easy_check-in
B: no_one_give_key_on_late_check-in
Answer: No

A: no_evident_not_great_quality
B: shampoo_seem_cheap_considering_hotel_cost
Answer: Yes

A: no_evident_not_great_quality
B: expensive_hotel
Answer: No

Now answer for this pair. Output ONLY the final line ""Answer: Yes"" or ""Answer: No"" — no other text.

A: no_evident_not_ready_to_help
B: no_staff_at_night
Answer:
","A: no_evident_not_ready_to_help
B: no_staff_at_night
Answer: Yes"
2026-08-10 23:30:38,3,204,no_evident_not_beyond_expectation,no_staff_at_night,"Task: decide if Proposition B contradicts Assumption A.

Steps:
1. A defends a claim (strip ""no_evident_not_"" / ""have_evident_"" to see it).
2. B states a fact.
3. Does B disprove A's claim? Same specific issue only, not just same topic.

Output pattern (always use this exact shape):
A: <phrase>
B: <phrase>
Answer: Yes/No

Examples:

A: no_evident_not_easy_check-in
B: customer_wait_10_minute_for_greet
Answer: Yes

A: no_evident_not_easy_check-in
B: no_one_give_key_on_late_check-in
Answer: No

A: no_evident_not_great_quality
B: shampoo_seem_cheap_considering_hotel_cost
Answer: Yes

A: no_evident_not_great_quality
B: expensive_hotel
Answer: No

Now answer for this pair. Output ONLY the final line ""Answer: Yes"" or ""Answer: No"" — no other text.

A: no_evident_not_beyond_expectation
B: no_staff_at_night
Answer:
","A: no_evident_not_beyond_expectation
B: no_staff_at_night
Answer: Yes"
2026-08-10 23:30:38,3,1470,no_evident_not_staff_make_difference,staff_not_understand_English_well,"Task: decide if Proposition B contradicts Assumption A.

Steps:
1. A defends a claim (strip ""no_evident_not_"" / ""have_evident_"" to see it).
2. B states a fact.
3. Does B disprove A's claim? Same specific issue only, not just same topic.

Output pattern (always use this exact shape):
A: <phrase>
B: <phrase>
Answer: Yes/No

Examples:

A: no_evident_not_easy_check-in
B: customer_wait_10_minute_for_greet
Answer: Yes

A: no_evident_not_easy_check-in
B: no_one_give_key_on_late_check-in
Answer: No

A: no_evident_not_great_quality
B: shampoo_seem_cheap_considering_hotel_cost
Answer: Yes

A: no_evident_not_great_quality
B: expensive_hotel
Answer: No

Now answer for this pair. Output ONLY the final line ""Answer: Yes"" or ""Answer: No"" — no other text.

A: no_evident_not_staff_make_difference
B: staff_not_understand_English_well
Answer:
","A: no_evident_not_staff_make_difference
B: staff_not_understand_English_well
Answer: Yes"
2026-08-10 23:30:39,3,2722,no_evident_not_pleasing_staff,no_empathy_staff,"Task: decide if Proposition B contradicts Assumption A.

Steps:
1. A defends a claim (strip ""no_evident_not_"" / ""have_evident_"" to see it).
2. B states a fact.
3. Does B disprove A's claim? Same specific issue only, not just same topic.

Output pattern (always use this exact shape):
A: <phrase>
B: <phrase>
Answer: Yes/No

Examples:

A: no_evident_not_easy_check-in
B: customer_wait_10_minute_for_greet
Answer: Yes

A: no_evident_not_easy_check-in
B: no_one_give_key_on_late_check-in
Answer: No

A: no_evident_not_great_quality
B: shampoo_seem_cheap_considering_hotel_cost
Answer: Yes

A: no_evident_not_great_quality
B: expensive_hotel
Answer: No

Now answer for this pair. Output ONLY the final line ""Answer: Yes"" or ""Answer: No"" — no other text.

A: no_evident_not_pleasing_staff
B: no_empathy_staff
Answer:
","A: no_evident_not_pleasing_staff
B: no_empathy_staff
Answer: Yes"
2026-08-10 23:30:39,3,3373,no_evident_not_ready_to_help,staff_enforce_cancellation_charge,"Task: decide if Proposition B contradicts Assumption A.

Steps:
1. A defends a claim (strip ""no_evident_not_"" / ""have_evident_"" to see it).
2. B states a fact.
3. Does B disprove A's claim? Same specific issue only, not just same topic.

Output pattern (always use this exact shape):
A: <phrase>
B: <phrase>
Answer: Yes/No

Examples:

A: no_evident_not_easy_check-in
B: customer_wait_10_minute_for_greet
Answer: Yes

A: no_evident_not_easy_check-in
B: no_one_give_key_on_late_check-in
Answer: No

A: no_evident_not_great_quality
B: shampoo_seem_cheap_considering_hotel_cost
Answer: Yes

A: no_evident_not_great_quality
B: expensive_hotel
Answer: No

Now answer for this pair. Output ONLY the final line ""Answer: Yes"" or ""Answer: No"" — no other text.

A: no_evident_not_ready_to_help
B: staff_enforce_cancellation_charge
Answer:
","A: no_evident_not_ready_to_help
B: staff_enforce_cancellation_charge
Answer: Yes"
2026-08-10 23:30:39,3,5488,no_evident_not_staff_pick_up_at_bus_stop,staff_charge_for_cancellation_while_no_cancellation_charge_in_Booking.com,"Task: decide if Proposition B contradicts Assumption A.

Steps:
1. A defends a claim (strip ""no_evident_not_"" / ""have_evident_"" to see it).
2. B states a fact.
3. Does B disprove A's claim? Same specific issue only, not just same topic.

Output pattern (always use this exact shape):
A: <phrase>
B: <phrase>
Answer: Yes/No

Examples:

A: no_evident_not_easy_check-in
B: customer_wait_10_minute_for_greet
Answer: Yes

A: no_evident_not_easy_check-in
B: no_one_give_key_on_late_check-in
Answer: No

A: no_evident_not_great_quality
B: shampoo_seem_cheap_considering_hotel_cost
Answer: Yes

A: no_evident_not_great_quality
B: expensive_hotel
Answer: No

Now answer for this pair. Output ONLY the final line ""Answer: Yes"" or ""Answer: No"" — no other text.

A: no_evident_not_staff_pick_up_at_bus_stop
B: staff_charge_for_cancellation_while_no_cancellation_charge_in_Booking.com
Answer:
","A: no_evident_not_staff_pick_up_at_bus_stop
B: staff_charge_for_cancellation_while_no_cancellation_charge_in_Booking.com
Answer: Yes"
2026-08-10 23:30:40,3,6022,no_evident_not_staff_prepare_a_lot,staff_not_speak_Cypriot_language,"Task: decide if Proposition B contradicts Assumption A.

Steps:
1. A defends a claim (strip ""no_evident_not_"" / ""have_evident_"" to see it).
2. B states a fact.
3. Does B disprove A's claim? Same specific issue only, not just same topic.

Output pattern (always use this exact shape):
A: <phrase>
B: <phrase>
Answer: Yes/No

Examples:

A: no_evident_not_easy_check-in
B: customer_wait_10_minute_for_greet
Answer: Yes

A: no_evident_not_easy_check-in
B: no_one_give_key_on_late_check-in
Answer: No

A: no_evident_not_great_quality
B: shampoo_seem_cheap_considering_hotel_cost
Answer: Yes

A: no_evident_not_great_quality
B: expensive_hotel
Answer: No

Now answer for this pair. Output ONLY the final line ""Answer: Yes"" or ""Answer: No"" — no other text.

A: no_evident_not_staff_prepare_a_lot
B: staff_not_speak_Cypriot_language
Answer:
","A: no_evident_not_staff_prepare_a_lot
B: staff_not_speak_Cypriot_language
Answer: Yes"
2026-08-10 23:30:40,3,2033,no_evident_not_staff_make_stay_enjoyable,staff_fail_to_communicate_with_taxi,"Task: decide if Proposition B contradicts Assumption A.

Steps:
1. A defends a claim (strip ""no_evident_not_"" / ""have_evident_"" to see it).
2. B states a fact.
3. Does B disprove A's claim? Same specific issue only, not just same topic.

Output pattern (always use this exact shape):
A: <phrase>
B: <phrase>
Answer: Yes/No

Examples:

A: no_evident_not_easy_check-in
B: customer_wait_10_minute_for_greet
Answer: Yes

A: no_evident_not_easy_check-in
B: no_one_give_key_on_late_check-in
Answer: No

A: no_evident_not_great_quality
B: shampoo_seem_cheap_considering_hotel_cost
Answer: Yes

A: no_evident_not_great_quality
B: expensive_hotel
Answer: No

Now answer for this pair. Output ONLY the final line ""Answer: Yes"" or ""Answer: No"" — no other text.

A: no_evident_not_staff_make_stay_enjoyable
B: staff_fail_to_communicate_with_taxi
Answer:
",Answer: Yes
2026-08-10 23:30:40,3,1305,no_evident_not_stored_luggage_for_us,staff_not_provide_good_solution,"Task: decide if Proposition B contradicts Assumption A.

Steps:
1. A defends a claim (strip ""no_evident_not_"" / ""have_evident_"" to see it).
2. B states a fact.
3. Does B disprove A's claim? Same specific issue only, not just same topic.

Output pattern (always use this exact shape):
A: <phrase>
B: <phrase>
Answer: Yes/No

Examples:

A: no_evident_not_easy_check-in
B: customer_wait_10_minute_for_greet
Answer: Yes

A: no_evident_not_easy_check-in
B: no_one_give_key_on_late_check-in
Answer: No

A: no_evident_not_great_quality
B: shampoo_seem_cheap_considering_hotel_cost
Answer: Yes

A: no_evident_not_great_quality
B: expensive_hotel
Answer: No

Now answer for this pair. Output ONLY the final line ""Answer: Yes"" or ""Answer: No"" — no other text.

A: no_evident_not_stored_luggage_for_us
B: staff_not_provide_good_solution
Answer:
","A: no_evident_not_stored_luggage_for_us
B: staff_not_provide_good_solution
Answer: Yes"
2026-08-10 23:30:41,3,5745,no_evident_not_super_service_staff,staff_has_unaceptable_manner,"Task: decide if Proposition B contradicts Assumption A.

Steps:
1. A defends a claim (strip ""no_evident_not_"" / ""have_evident_"" to see it).
2. B states a fact.
3. Does B disprove A's claim? Same specific issue only, not just same topic.

Output pattern (always use this exact shape):
A: <phrase>
B: <phrase>
Answer: Yes/No

Examples:

A: no_evident_not_easy_check-in
B: customer_wait_10_minute_for_greet
Answer: Yes

A: no_evident_not_easy_check-in
B: no_one_give_key_on_late_check-in
Answer: No

A: no_evident_not_great_quality
B: shampoo_seem_cheap_considering_hotel_cost
Answer: Yes

A: no_evident_not_great_quality
B: expensive_hotel
Answer: No

Now answer for this pair. Output ONLY the final line ""Answer: Yes"" or ""Answer: No"" — no other text.

A: no_evident_not_super_service_staff
B: staff_has_unaceptable_manner
Answer:
","A: no_evident_not_super_service_staff
B: staff_has_unacceptable_manner
Answer: Yes"
2026-08-10 23:30:41,3,886,no_evident_not_can_not_do_enough_for_guest,offended_staff,"Task: decide if Proposition B contradicts Assumption A.

Steps:
1. A defends a claim (strip ""no_evident_not_"" / ""have_evident_"" to see it).
2. B states a fact.
3. Does B disprove A's claim? Same specific issue only, not just same topic.

Output pattern (always use this exact shape):
A: <phrase>
B: <phrase>
Answer: Yes/No

Examples:

A: no_evident_not_easy_check-in
B: customer_wait_10_minute_for_greet
Answer: Yes

A: no_evident_not_easy_check-in
B: no_one_give_key_on_late_check-in
Answer: No

A: no_evident_not_great_quality
B: shampoo_seem_cheap_considering_hotel_cost
Answer: Yes

A: no_evident_not_great_quality
B: expensive_hotel
Answer: No

Now answer for this pair. Output ONLY the final line ""Answer: Yes"" or ""Answer: No"" — no other text.

A: no_evident_not_can_not_do_enough_for_guest
B: offended_staff
Answer:
","A: no_evident_not_can_not_do_enough_for_guest
B: offended_staff
Answer: Yes"
2026-08-10 23:30:41,3,3134,no_evident_not_effective_staff,staff_need_keep_update,"Task: decide if Proposition B contradicts Assumption A.

Steps:
1. A defends a claim (strip ""no_evident_not_"" / ""have_evident_"" to see it).
2. B states a fact.
3. Does B disprove A's claim? Same specific issue only, not just same topic.

Output pattern (always use this exact shape):
A: <phrase>
B: <phrase>
Answer: Yes/No

Examples:

A: no_evident_not_easy_check-in
B: customer_wait_10_minute_for_greet
Answer: Yes

A: no_evident_not_easy_check-in
B: no_one_give_key_on_late_check-in
Answer: No

A: no_evident_not_great_quality
B: shampoo_seem_cheap_considering_hotel_cost
Answer: Yes

A: no_evident_not_great_quality
B: expensive_hotel
Answer: No

Now answer for this pair. Output ONLY the final line ""Answer: Yes"" or ""Answer: No"" — no other text.

A: no_evident_not_effective_staff
B: staff_need_keep_update
Answer:
","A: no_evident_not_effective_staff
B: staff_need_keep_update
Answer: No"
2026-08-10 23:30:42,3,318,no_evident_not_exceptional_staff,staff_not_speak_Cypriot_language,"Task: decide if Proposition B contradicts Assumption A.

Steps:
1. A defends a claim (strip ""no_evident_not_"" / ""have_evident_"" to see it).
2. B states a fact.
3. Does B disprove A's claim? Same specific issue only, not just same topic.

Output pattern (always use this exact shape):
A: <phrase>
B: <phrase>
Answer: Yes/No

Examples:

A: no_evident_not_easy_check-in
B: customer_wait_10_minute_for_greet
Answer: Yes

A: no_evident_not_easy_check-in
B: no_one_give_key_on_late_check-in
Answer: No

A: no_evident_not_great_quality
B: shampoo_seem_cheap_considering_hotel_cost
Answer: Yes

A: no_evident_not_great_quality
B: expensive_hotel
Answer: No

Now answer for this pair. Output ONLY the final line ""Answer: Yes"" or ""Answer: No"" — no other text.

A: no_evident_not_exceptional_staff
B: staff_not_speak_Cypriot_language
Answer:
","A: no_evident_not_exceptional_staff
B: staff_not_speak_Cypriot_language
Answer: Yes"
2026-08-10 23:30:42,3,3856,no_evident_not_listening_staff,staff_enforce_cancellation_charge,"Task: decide if Proposition B contradicts Assumption A.

Steps:
1. A defends a claim (strip ""no_evident_not_"" / ""have_evident_"" to see it).
2. B states a fact.
3. Does B disprove A's claim? Same specific issue only, not just same topic.

Output pattern (always use this exact shape):
A: <phrase>
B: <phrase>
Answer: Yes/No

Examples:

A: no_evident_not_easy_check-in
B: customer_wait_10_minute_for_greet
Answer: Yes

A: no_evident_not_easy_check-in
B: no_one_give_key_on_late_check-in
Answer: No

A: no_evident_not_great_quality
B: shampoo_seem_cheap_considering_hotel_cost
Answer: Yes

A: no_evident_not_great_quality
B: expensive_hotel
Answer: No

Now answer for this pair. Output ONLY the final line ""Answer: Yes"" or ""Answer: No"" — no other text.

A: no_evident_not_listening_staff
B: staff_enforce_cancellation_charge
Answer:
","A: no_evident_not_listening_staff
B: staff_enforce_cancellation_charge
Answer: Yes"
2026-08-10 23:30:42,3,1823,no_evident_not_informative,staff_need_keep_update,"Task: decide if Proposition B contradicts Assumption A.

Steps:
1. A defends a claim (strip ""no_evident_not_"" / ""have_evident_"" to see it).
2. B states a fact.
3. Does B disprove A's claim? Same specific issue only, not just same topic.

Output pattern (always use this exact shape):
A: <phrase>
B: <phrase>
Answer: Yes/No

Examples:

A: no_evident_not_easy_check-in
B: customer_wait_10_minute_for_greet
Answer: Yes

A: no_evident_not_easy_check-in
B: no_one_give_key_on_late_check-in
Answer: No

A: no_evident_not_great_quality
B: shampoo_seem_cheap_considering_hotel_cost
Answer: Yes

A: no_evident_not_great_quality
B: expensive_hotel
Answer: No

Now answer for this pair. Output ONLY the final line ""Answer: Yes"" or ""Answer: No"" — no other text.

A: no_evident_not_informative
B: staff_need_keep_update
Answer:
","A: no_evident_not_informative
B: staff_need_keep_update
Answer: No"
2026-08-10 23:30:43,3,1635,no_evident_not_can_speak_perfect_English,staff_clean_after_complaint,"Task: decide if Proposition B contradicts Assumption A.

Steps:
1. A defends a claim (strip ""no_evident_not_"" / ""have_evident_"" to see it).
2. B states a fact.
3. Does B disprove A's claim? Same specific issue only, not just same topic.

Output pattern (always use this exact shape):
A: <phrase>
B: <phrase>
Answer: Yes/No

Examples:

A: no_evident_not_easy_check-in
B: customer_wait_10_minute_for_greet
Answer: Yes

A: no_evident_not_easy_check-in
B: no_one_give_key_on_late_check-in
Answer: No

A: no_evident_not_great_quality
B: shampoo_seem_cheap_considering_hotel_cost
Answer: Yes

A: no_evident_not_great_quality
B: expensive_hotel
Answer: No

Now answer for this pair. Output ONLY the final line ""Answer: Yes"" or ""Answer: No"" — no other text.

A: no_evident_not_can_speak_perfect_English
B: staff_clean_after_complaint
Answer:
","A: no_evident_not_can_speak_perfect_English
B: staff_clean_after_complaint
Answer: No"
2026-08-10 23:30:43,3,3771,no_evident_not_competent_staff,staff_cannot_give_bus_to_airport_information,"Task: decide if Proposition B contradicts Assumption A.

Steps:
1. A defends a claim (strip ""no_evident_not_"" / ""have_evident_"" to see it).
2. B states a fact.
3. Does B disprove A's claim? Same specific issue only, not just same topic.

Output pattern (always use this exact shape):
A: <phrase>
B: <phrase>
Answer: Yes/No

Examples:

A: no_evident_not_easy_check-in
B: customer_wait_10_minute_for_greet
Answer: Yes

A: no_evident_not_easy_check-in
B: no_one_give_key_on_late_check-in
Answer: No

A: no_evident_not_great_quality
B: shampoo_seem_cheap_considering_hotel_cost
Answer: Yes

A: no_evident_not_great_quality
B: expensive_hotel
Answer: No

Now answer for this pair. Output ONLY the final line ""Answer: Yes"" or ""Answer: No"" — no other text.

A: no_evident_not_competent_staff
B: staff_cannot_give_bus_to_airport_information
Answer:
","A: no_evident_not_competent_staff
B: staff_cannot_give_bus_to_airport_information
Answer: Yes"
2026-08-10 23:30:43,3,2865,no_evident_not_make_stay_enjoyable,staff_not_justify_booking_issue,"Task: decide if Proposition B contradicts Assumption A.

Steps:
1. A defends a claim (strip ""no_evident_not_"" / ""have_evident_"" to see it).
2. B states a fact.
3. Does B disprove A's claim? Same specific issue only, not just same topic.

Output pattern (always use this exact shape):
A: <phrase>
B: <phrase>
Answer: Yes/No

Examples:

A: no_evident_not_easy_check-in
B: customer_wait_10_minute_for_greet
Answer: Yes

A: no_evident_not_easy_check-in
B: no_one_give_key_on_late_check-in
Answer: No

A: no_evident_not_great_quality
B: shampoo_seem_cheap_considering_hotel_cost
Answer: Yes

A: no_evident_not_great_quality
B: expensive_hotel
Answer: No

Now answer for this pair. Output ONLY the final line ""Answer: Yes"" or ""Answer: No"" — no other text.

A: no_evident_not_make_stay_enjoyable
B: staff_not_justify_booking_issue
Answer:
","A: no_evident_not_make_stay_enjoyable
B: staff_not_help_resolve_problem
Answer: Yes"
2026-08-10 23:30:44,3,2501,no_evident_not_staff_wait_for_arrival_after_open_hour,staff_not_provide_good_solution,"Task: decide if Proposition B contradicts Assumption A.

Steps:
1. A defends a claim (strip ""no_evident_not_"" / ""have_evident_"" to see it).
2. B states a fact.
3. Does B disprove A's claim? Same specific issue only, not just same topic.

Output pattern (always use this exact shape):
A: <phrase>
B: <phrase>
Answer: Yes/No

Examples:

A: no_evident_not_easy_check-in
B: customer_wait_10_minute_for_greet
Answer: Yes

A: no_evident_not_easy_check-in
B: no_one_give_key_on_late_check-in
Answer: No

A: no_evident_not_great_quality
B: shampoo_seem_cheap_considering_hotel_cost
Answer: Yes

A: no_evident_not_great_quality
B: expensive_hotel
Answer: No

Now answer for this pair. Output ONLY the final line ""Answer: Yes"" or ""Answer: No"" — no other text.

A: no_evident_not_staff_wait_for_arrival_after_open_hour
B: staff_not_provide_good_solution
Answer:
","A: no_evident_not_staff_wait_for_arrival_after_open_hour
B: staff_not_provide_good_solution
Answer: Yes"
2026-08-10 23:30:44,3,1865,no_evident_not_5_star_service,staff_clean_after_complaint,"Task: decide if Proposition B contradicts Assumption A.

Steps:
1. A defends a claim (strip ""no_evident_not_"" / ""have_evident_"" to see it).
2. B states a fact.
3. Does B disprove A's claim? Same specific issue only, not just same topic.

Output pattern (always use this exact shape):
A: <phrase>
B: <phrase>
Answer: Yes/No

Examples:

A: no_evident_not_easy_check-in
B: customer_wait_10_minute_for_greet
Answer: Yes

A: no_evident_not_easy_check-in
B: no_one_give_key_on_late_check-in
Answer: No

A: no_evident_not_great_quality
B: shampoo_seem_cheap_considering_hotel_cost
Answer: Yes

A: no_evident_not_great_quality
B: expensive_hotel
Answer: No

Now answer for this pair. Output ONLY the final line ""Answer: Yes"" or ""Answer: No"" — no other text.

A: no_evident_not_5_star_service
B: staff_clean_after_complaint
Answer:
",Answer: No
