Timestamp,Run,ID,PhraseA,PhraseB,Prompt,RawOutput
2026-08-16 22:18:37,3,4573,no_evident_not_allow_stay_with_animal,feel_welcome_from_arrival_moment,"Task: decide if Proposition B contradicts Assumption A.

Steps:
1. A defends a claim (strip ""no_evident_not_"" / ""have_evident_"" to see it).
2. B states a fact.
3. Does B disprove A's claim? Same specific issue only, not just same topic.

Output pattern (always use this exact shape):
A: <phrase>
B: <phrase>
Answer: Yes/No

Examples:

A: no_evident_not_easy_check-in
B: customer_wait_10_minute_for_greet
Answer: Yes

A: no_evident_not_easy_check-in
B: no_one_give_key_on_late_check-in
Answer: No

A: no_evident_not_great_quality
B: shampoo_seem_cheap_considering_hotel_cost
Answer: Yes

A: no_evident_not_great_quality
B: expensive_hotel
Answer: No

Now answer for this pair. Output ONLY the final line ""Answer: Yes"" or ""Answer: No"" — no other text.

A: no_evident_not_allow_stay_with_animal
B: feel_welcome_from_arrival_moment
Answer:
",Answer: No
2026-08-16 22:18:37,3,24300,no_evident_not_as_expected_hotel,cozy_atmosphere,"Task: decide if Proposition B contradicts Assumption A.

Steps:
1. A defends a claim (strip ""no_evident_not_"" / ""have_evident_"" to see it).
2. B states a fact.
3. Does B disprove A's claim? Same specific issue only, not just same topic.

Output pattern (always use this exact shape):
A: <phrase>
B: <phrase>
Answer: Yes/No

Examples:

A: no_evident_not_easy_check-in
B: customer_wait_10_minute_for_greet
Answer: Yes

A: no_evident_not_easy_check-in
B: no_one_give_key_on_late_check-in
Answer: No

A: no_evident_not_great_quality
B: shampoo_seem_cheap_considering_hotel_cost
Answer: Yes

A: no_evident_not_great_quality
B: expensive_hotel
Answer: No

Now answer for this pair. Output ONLY the final line ""Answer: Yes"" or ""Answer: No"" — no other text.

A: no_evident_not_as_expected_hotel
B: cozy_atmosphere
Answer:
","A: no_evident_not_as_expected_hotel
B: cozy_atmosphere
Answer: No"
2026-08-16 22:18:38,3,9013,no_evident_not_small_hotel_which_we_like,clean_hotel,"Task: decide if Proposition B contradicts Assumption A.

Steps:
1. A defends a claim (strip ""no_evident_not_"" / ""have_evident_"" to see it).
2. B states a fact.
3. Does B disprove A's claim? Same specific issue only, not just same topic.

Output pattern (always use this exact shape):
A: <phrase>
B: <phrase>
Answer: Yes/No

Examples:

A: no_evident_not_easy_check-in
B: customer_wait_10_minute_for_greet
Answer: Yes

A: no_evident_not_easy_check-in
B: no_one_give_key_on_late_check-in
Answer: No

A: no_evident_not_great_quality
B: shampoo_seem_cheap_considering_hotel_cost
Answer: Yes

A: no_evident_not_great_quality
B: expensive_hotel
Answer: No

Now answer for this pair. Output ONLY the final line ""Answer: Yes"" or ""Answer: No"" — no other text.

A: no_evident_not_small_hotel_which_we_like
B: clean_hotel
Answer:
","A: no_evident_not_small_hotel_which_we_like
B: clean_hotel
Answer: No"
2026-08-16 22:18:38,3,820,no_evident_not_not_big_hotel,welcoming_hotel,"Task: decide if Proposition B contradicts Assumption A.

Steps:
1. A defends a claim (strip ""no_evident_not_"" / ""have_evident_"" to see it).
2. B states a fact.
3. Does B disprove A's claim? Same specific issue only, not just same topic.

Output pattern (always use this exact shape):
A: <phrase>
B: <phrase>
Answer: Yes/No

Examples:

A: no_evident_not_easy_check-in
B: customer_wait_10_minute_for_greet
Answer: Yes

A: no_evident_not_easy_check-in
B: no_one_give_key_on_late_check-in
Answer: No

A: no_evident_not_great_quality
B: shampoo_seem_cheap_considering_hotel_cost
Answer: Yes

A: no_evident_not_great_quality
B: expensive_hotel
Answer: No

Now answer for this pair. Output ONLY the final line ""Answer: Yes"" or ""Answer: No"" — no other text.

A: no_evident_not_not_big_hotel
B: welcoming_hotel
Answer:
","A: no_evident_not_not_big_hotel
B: welcoming_hotel
Answer: No"
2026-08-16 22:18:38,3,3649,no_evident_not_spacious_hotel,beautifully_kept_hotel,"Task: decide if Proposition B contradicts Assumption A.

Steps:
1. A defends a claim (strip ""no_evident_not_"" / ""have_evident_"" to see it).
2. B states a fact.
3. Does B disprove A's claim? Same specific issue only, not just same topic.

Output pattern (always use this exact shape):
A: <phrase>
B: <phrase>
Answer: Yes/No

Examples:

A: no_evident_not_easy_check-in
B: customer_wait_10_minute_for_greet
Answer: Yes

A: no_evident_not_easy_check-in
B: no_one_give_key_on_late_check-in
Answer: No

A: no_evident_not_great_quality
B: shampoo_seem_cheap_considering_hotel_cost
Answer: Yes

A: no_evident_not_great_quality
B: expensive_hotel
Answer: No

Now answer for this pair. Output ONLY the final line ""Answer: Yes"" or ""Answer: No"" — no other text.

A: no_evident_not_spacious_hotel
B: beautifully_kept_hotel
Answer:
","A: no_evident_not_spacious_hotel
B: beautifully_kept_hotel
Answer: No"
2026-08-16 22:18:39,3,8025,no_evident_not_offered_food,brand_new_fitting,"Task: decide if Proposition B contradicts Assumption A.

Steps:
1. A defends a claim (strip ""no_evident_not_"" / ""have_evident_"" to see it).
2. B states a fact.
3. Does B disprove A's claim? Same specific issue only, not just same topic.

Output pattern (always use this exact shape):
A: <phrase>
B: <phrase>
Answer: Yes/No

Examples:

A: no_evident_not_easy_check-in
B: customer_wait_10_minute_for_greet
Answer: Yes

A: no_evident_not_easy_check-in
B: no_one_give_key_on_late_check-in
Answer: No

A: no_evident_not_great_quality
B: shampoo_seem_cheap_considering_hotel_cost
Answer: Yes

A: no_evident_not_great_quality
B: expensive_hotel
Answer: No

Now answer for this pair. Output ONLY the final line ""Answer: Yes"" or ""Answer: No"" — no other text.

A: no_evident_not_offered_food
B: brand_new_fitting
Answer:
","A: no_evident_not_offered_food
B: brand_new_fitting
Answer: No"
2026-08-16 22:18:39,3,7315,no_evident_not_quiet_hotel,pet_friendly,"Task: decide if Proposition B contradicts Assumption A.

Steps:
1. A defends a claim (strip ""no_evident_not_"" / ""have_evident_"" to see it).
2. B states a fact.
3. Does B disprove A's claim? Same specific issue only, not just same topic.

Output pattern (always use this exact shape):
A: <phrase>
B: <phrase>
Answer: Yes/No

Examples:

A: no_evident_not_easy_check-in
B: customer_wait_10_minute_for_greet
Answer: Yes

A: no_evident_not_easy_check-in
B: no_one_give_key_on_late_check-in
Answer: No

A: no_evident_not_great_quality
B: shampoo_seem_cheap_considering_hotel_cost
Answer: Yes

A: no_evident_not_great_quality
B: expensive_hotel
Answer: No

Now answer for this pair. Output ONLY the final line ""Answer: Yes"" or ""Answer: No"" — no other text.

A: no_evident_not_quiet_hotel
B: pet_friendly
Answer:
","A: no_evident_not_quiet_hotel
B: pet_friendly
Answer: No"
2026-08-16 22:18:39,3,20953,no_evident_not_spotless_hotel,feel_welcome_from_arrival_moment,"Task: decide if Proposition B contradicts Assumption A.

Steps:
1. A defends a claim (strip ""no_evident_not_"" / ""have_evident_"" to see it).
2. B states a fact.
3. Does B disprove A's claim? Same specific issue only, not just same topic.

Output pattern (always use this exact shape):
A: <phrase>
B: <phrase>
Answer: Yes/No

Examples:

A: no_evident_not_easy_check-in
B: customer_wait_10_minute_for_greet
Answer: Yes

A: no_evident_not_easy_check-in
B: no_one_give_key_on_late_check-in
Answer: No

A: no_evident_not_great_quality
B: shampoo_seem_cheap_considering_hotel_cost
Answer: Yes

A: no_evident_not_great_quality
B: expensive_hotel
Answer: No

Now answer for this pair. Output ONLY the final line ""Answer: Yes"" or ""Answer: No"" — no other text.

A: no_evident_not_spotless_hotel
B: feel_welcome_from_arrival_moment
Answer:
",Answer: No
2026-08-16 22:18:39,3,24133,no_evident_not_as_expected_hotel,clean_hotel,"Task: decide if Proposition B contradicts Assumption A.

Steps:
1. A defends a claim (strip ""no_evident_not_"" / ""have_evident_"" to see it).
2. B states a fact.
3. Does B disprove A's claim? Same specific issue only, not just same topic.

Output pattern (always use this exact shape):
A: <phrase>
B: <phrase>
Answer: Yes/No

Examples:

A: no_evident_not_easy_check-in
B: customer_wait_10_minute_for_greet
Answer: Yes

A: no_evident_not_easy_check-in
B: no_one_give_key_on_late_check-in
Answer: No

A: no_evident_not_great_quality
B: shampoo_seem_cheap_considering_hotel_cost
Answer: Yes

A: no_evident_not_great_quality
B: expensive_hotel
Answer: No

Now answer for this pair. Output ONLY the final line ""Answer: Yes"" or ""Answer: No"" — no other text.

A: no_evident_not_as_expected_hotel
B: clean_hotel
Answer:
","A: no_evident_not_as_expected_hotel
B: clean_hotel
Answer: No"
2026-08-16 22:18:40,3,3359,no_evident_not_lovely_little_hotel,airy_hotel,"Task: decide if Proposition B contradicts Assumption A.

Steps:
1. A defends a claim (strip ""no_evident_not_"" / ""have_evident_"" to see it).
2. B states a fact.
3. Does B disprove A's claim? Same specific issue only, not just same topic.

Output pattern (always use this exact shape):
A: <phrase>
B: <phrase>
Answer: Yes/No

Examples:

A: no_evident_not_easy_check-in
B: customer_wait_10_minute_for_greet
Answer: Yes

A: no_evident_not_easy_check-in
B: no_one_give_key_on_late_check-in
Answer: No

A: no_evident_not_great_quality
B: shampoo_seem_cheap_considering_hotel_cost
Answer: Yes

A: no_evident_not_great_quality
B: expensive_hotel
Answer: No

Now answer for this pair. Output ONLY the final line ""Answer: Yes"" or ""Answer: No"" — no other text.

A: no_evident_not_lovely_little_hotel
B: airy_hotel
Answer:
","A: no_evident_not_lovely_little_hotel
B: airy_hotel
Answer: Yes"
2026-08-16 22:18:40,3,22175,no_evident_not_friendly_hotel,fantastic_service,"Task: decide if Proposition B contradicts Assumption A.

Steps:
1. A defends a claim (strip ""no_evident_not_"" / ""have_evident_"" to see it).
2. B states a fact.
3. Does B disprove A's claim? Same specific issue only, not just same topic.

Output pattern (always use this exact shape):
A: <phrase>
B: <phrase>
Answer: Yes/No

Examples:

A: no_evident_not_easy_check-in
B: customer_wait_10_minute_for_greet
Answer: Yes

A: no_evident_not_easy_check-in
B: no_one_give_key_on_late_check-in
Answer: No

A: no_evident_not_great_quality
B: shampoo_seem_cheap_considering_hotel_cost
Answer: Yes

A: no_evident_not_great_quality
B: expensive_hotel
Answer: No

Now answer for this pair. Output ONLY the final line ""Answer: Yes"" or ""Answer: No"" — no other text.

A: no_evident_not_friendly_hotel
B: fantastic_service
Answer:
",Answer: No
2026-08-16 22:18:40,3,24271,no_evident_not_as_expected_hotel,innovative_hotel,"Task: decide if Proposition B contradicts Assumption A.

Steps:
1. A defends a claim (strip ""no_evident_not_"" / ""have_evident_"" to see it).
2. B states a fact.
3. Does B disprove A's claim? Same specific issue only, not just same topic.

Output pattern (always use this exact shape):
A: <phrase>
B: <phrase>
Answer: Yes/No

Examples:

A: no_evident_not_easy_check-in
B: customer_wait_10_minute_for_greet
Answer: Yes

A: no_evident_not_easy_check-in
B: no_one_give_key_on_late_check-in
Answer: No

A: no_evident_not_great_quality
B: shampoo_seem_cheap_considering_hotel_cost
Answer: Yes

A: no_evident_not_great_quality
B: expensive_hotel
Answer: No

Now answer for this pair. Output ONLY the final line ""Answer: Yes"" or ""Answer: No"" — no other text.

A: no_evident_not_as_expected_hotel
B: innovative_hotel
Answer:
","A: no_evident_not_as_expected_hotel
B: innovative_hotel
Answer: No"
2026-08-16 22:18:41,3,29235,no_evident_not_comfortable_hall,no_extra_charge_for_dog,"Task: decide if Proposition B contradicts Assumption A.

Steps:
1. A defends a claim (strip ""no_evident_not_"" / ""have_evident_"" to see it).
2. B states a fact.
3. Does B disprove A's claim? Same specific issue only, not just same topic.

Output pattern (always use this exact shape):
A: <phrase>
B: <phrase>
Answer: Yes/No

Examples:

A: no_evident_not_easy_check-in
B: customer_wait_10_minute_for_greet
Answer: Yes

A: no_evident_not_easy_check-in
B: no_one_give_key_on_late_check-in
Answer: No

A: no_evident_not_great_quality
B: shampoo_seem_cheap_considering_hotel_cost
Answer: Yes

A: no_evident_not_great_quality
B: expensive_hotel
Answer: No

Now answer for this pair. Output ONLY the final line ""Answer: Yes"" or ""Answer: No"" — no other text.

A: no_evident_not_comfortable_hall
B: no_extra_charge_for_dog
Answer:
","A: no_evident_not_comfortable_hall
B: no_extra_charge_for_dog
Answer: No"
2026-08-16 22:18:41,3,17871,no_evident_not_welcoming_hotel,small_hotel_which_we_like,"Task: decide if Proposition B contradicts Assumption A.

Steps:
1. A defends a claim (strip ""no_evident_not_"" / ""have_evident_"" to see it).
2. B states a fact.
3. Does B disprove A's claim? Same specific issue only, not just same topic.

Output pattern (always use this exact shape):
A: <phrase>
B: <phrase>
Answer: Yes/No

Examples:

A: no_evident_not_easy_check-in
B: customer_wait_10_minute_for_greet
Answer: Yes

A: no_evident_not_easy_check-in
B: no_one_give_key_on_late_check-in
Answer: No

A: no_evident_not_great_quality
B: shampoo_seem_cheap_considering_hotel_cost
Answer: Yes

A: no_evident_not_great_quality
B: expensive_hotel
Answer: No

Now answer for this pair. Output ONLY the final line ""Answer: Yes"" or ""Answer: No"" — no other text.

A: no_evident_not_welcoming_hotel
B: small_hotel_which_we_like
Answer:
","A: no_evident_not_welcoming_hotel
B: small_hotel_which_we_like
Answer: No"
2026-08-16 22:18:41,3,2849,no_evident_not_everything_spotless_clean,stunning_hotel,"Task: decide if Proposition B contradicts Assumption A.

Steps:
1. A defends a claim (strip ""no_evident_not_"" / ""have_evident_"" to see it).
2. B states a fact.
3. Does B disprove A's claim? Same specific issue only, not just same topic.

Output pattern (always use this exact shape):
A: <phrase>
B: <phrase>
Answer: Yes/No

Examples:

A: no_evident_not_easy_check-in
B: customer_wait_10_minute_for_greet
Answer: Yes

A: no_evident_not_easy_check-in
B: no_one_give_key_on_late_check-in
Answer: No

A: no_evident_not_great_quality
B: shampoo_seem_cheap_considering_hotel_cost
Answer: Yes

A: no_evident_not_great_quality
B: expensive_hotel
Answer: No

Now answer for this pair. Output ONLY the final line ""Answer: Yes"" or ""Answer: No"" — no other text.

A: no_evident_not_everything_spotless_clean
B: stunning_hotel
Answer:
",Answer: No
2026-08-16 22:18:41,3,19350,no_evident_not_recently_renovated_hotel,clear_decoration,"Task: decide if Proposition B contradicts Assumption A.

Steps:
1. A defends a claim (strip ""no_evident_not_"" / ""have_evident_"" to see it).
2. B states a fact.
3. Does B disprove A's claim? Same specific issue only, not just same topic.

Output pattern (always use this exact shape):
A: <phrase>
B: <phrase>
Answer: Yes/No

Examples:

A: no_evident_not_easy_check-in
B: customer_wait_10_minute_for_greet
Answer: Yes

A: no_evident_not_easy_check-in
B: no_one_give_key_on_late_check-in
Answer: No

A: no_evident_not_great_quality
B: shampoo_seem_cheap_considering_hotel_cost
Answer: Yes

A: no_evident_not_great_quality
B: expensive_hotel
Answer: No

Now answer for this pair. Output ONLY the final line ""Answer: Yes"" or ""Answer: No"" — no other text.

A: no_evident_not_recently_renovated_hotel
B: clear_decoration
Answer:
","A: no_evident_not_recently_renovated_hotel
B: clear_decoration
Answer: No"
2026-08-16 22:18:41,3,13826,no_evident_not_good_wifi,have_parking,"Task: decide if Proposition B contradicts Assumption A.

Steps:
1. A defends a claim (strip ""no_evident_not_"" / ""have_evident_"" to see it).
2. B states a fact.
3. Does B disprove A's claim? Same specific issue only, not just same topic.

Output pattern (always use this exact shape):
A: <phrase>
B: <phrase>
Answer: Yes/No

Examples:

A: no_evident_not_easy_check-in
B: customer_wait_10_minute_for_greet
Answer: Yes

A: no_evident_not_easy_check-in
B: no_one_give_key_on_late_check-in
Answer: No

A: no_evident_not_great_quality
B: shampoo_seem_cheap_considering_hotel_cost
Answer: Yes

A: no_evident_not_great_quality
B: expensive_hotel
Answer: No

Now answer for this pair. Output ONLY the final line ""Answer: Yes"" or ""Answer: No"" — no other text.

A: no_evident_not_good_wifi
B: have_parking
Answer:
",Answer: No
2026-08-16 22:18:42,3,1042,no_evident_not_nice_hotel,recently_freshed_up,"Task: decide if Proposition B contradicts Assumption A.

Steps:
1. A defends a claim (strip ""no_evident_not_"" / ""have_evident_"" to see it).
2. B states a fact.
3. Does B disprove A's claim? Same specific issue only, not just same topic.

Output pattern (always use this exact shape):
A: <phrase>
B: <phrase>
Answer: Yes/No

Examples:

A: no_evident_not_easy_check-in
B: customer_wait_10_minute_for_greet
Answer: Yes

A: no_evident_not_easy_check-in
B: no_one_give_key_on_late_check-in
Answer: No

A: no_evident_not_great_quality
B: shampoo_seem_cheap_considering_hotel_cost
Answer: Yes

A: no_evident_not_great_quality
B: expensive_hotel
Answer: No

Now answer for this pair. Output ONLY the final line ""Answer: Yes"" or ""Answer: No"" — no other text.

A: no_evident_not_nice_hotel
B: recently_freshed_up
Answer:
","A: no_evident_not_nice_hotel
B: recently_freshed_up
Answer: No"
2026-08-16 22:18:42,3,977,no_evident_not_nice_hotel,good_wifi,"Task: decide if Proposition B contradicts Assumption A.

Steps:
1. A defends a claim (strip ""no_evident_not_"" / ""have_evident_"" to see it).
2. B states a fact.
3. Does B disprove A's claim? Same specific issue only, not just same topic.

Output pattern (always use this exact shape):
A: <phrase>
B: <phrase>
Answer: Yes/No

Examples:

A: no_evident_not_easy_check-in
B: customer_wait_10_minute_for_greet
Answer: Yes

A: no_evident_not_easy_check-in
B: no_one_give_key_on_late_check-in
Answer: No

A: no_evident_not_great_quality
B: shampoo_seem_cheap_considering_hotel_cost
Answer: Yes

A: no_evident_not_great_quality
B: expensive_hotel
Answer: No

Now answer for this pair. Output ONLY the final line ""Answer: Yes"" or ""Answer: No"" — no other text.

A: no_evident_not_nice_hotel
B: good_wifi
Answer:
",Answer: No
2026-08-16 22:18:42,3,3071,no_evident_not_has_plenty_of_chair,lovely_hotel,"Task: decide if Proposition B contradicts Assumption A.

Steps:
1. A defends a claim (strip ""no_evident_not_"" / ""have_evident_"" to see it).
2. B states a fact.
3. Does B disprove A's claim? Same specific issue only, not just same topic.

Output pattern (always use this exact shape):
A: <phrase>
B: <phrase>
Answer: Yes/No

Examples:

A: no_evident_not_easy_check-in
B: customer_wait_10_minute_for_greet
Answer: Yes

A: no_evident_not_easy_check-in
B: no_one_give_key_on_late_check-in
Answer: No

A: no_evident_not_great_quality
B: shampoo_seem_cheap_considering_hotel_cost
Answer: Yes

A: no_evident_not_great_quality
B: expensive_hotel
Answer: No

Now answer for this pair. Output ONLY the final line ""Answer: Yes"" or ""Answer: No"" — no other text.

A: no_evident_not_has_plenty_of_chair
B: lovely_hotel
Answer:
",Answer: No
2026-08-16 22:18:42,3,7165,no_evident_not_great_hotel,has_cozy_courtyard,"Task: decide if Proposition B contradicts Assumption A.

Steps:
1. A defends a claim (strip ""no_evident_not_"" / ""have_evident_"" to see it).
2. B states a fact.
3. Does B disprove A's claim? Same specific issue only, not just same topic.

Output pattern (always use this exact shape):
A: <phrase>
B: <phrase>
Answer: Yes/No

Examples:

A: no_evident_not_easy_check-in
B: customer_wait_10_minute_for_greet
Answer: Yes

A: no_evident_not_easy_check-in
B: no_one_give_key_on_late_check-in
Answer: No

A: no_evident_not_great_quality
B: shampoo_seem_cheap_considering_hotel_cost
Answer: Yes

A: no_evident_not_great_quality
B: expensive_hotel
Answer: No

Now answer for this pair. Output ONLY the final line ""Answer: Yes"" or ""Answer: No"" — no other text.

A: no_evident_not_great_hotel
B: has_cozy_courtyard
Answer:
",Answer: No
2026-08-16 22:18:42,3,7624,no_evident_not_beautiful_hotel,boutique_hotel,"Task: decide if Proposition B contradicts Assumption A.

Steps:
1. A defends a claim (strip ""no_evident_not_"" / ""have_evident_"" to see it).
2. B states a fact.
3. Does B disprove A's claim? Same specific issue only, not just same topic.

Output pattern (always use this exact shape):
A: <phrase>
B: <phrase>
Answer: Yes/No

Examples:

A: no_evident_not_easy_check-in
B: customer_wait_10_minute_for_greet
Answer: Yes

A: no_evident_not_easy_check-in
B: no_one_give_key_on_late_check-in
Answer: No

A: no_evident_not_great_quality
B: shampoo_seem_cheap_considering_hotel_cost
Answer: Yes

A: no_evident_not_great_quality
B: expensive_hotel
Answer: No

Now answer for this pair. Output ONLY the final line ""Answer: Yes"" or ""Answer: No"" — no other text.

A: no_evident_not_beautiful_hotel
B: boutique_hotel
Answer:
","A: no_evident_not_beautiful_hotel
B: boutique_hotel
Answer: No"
2026-08-16 22:18:42,3,16560,no_evident_not_nice_atmosphere,cozy_atmosphere,"Task: decide if Proposition B contradicts Assumption A.

Steps:
1. A defends a claim (strip ""no_evident_not_"" / ""have_evident_"" to see it).
2. B states a fact.
3. Does B disprove A's claim? Same specific issue only, not just same topic.

Output pattern (always use this exact shape):
A: <phrase>
B: <phrase>
Answer: Yes/No

Examples:

A: no_evident_not_easy_check-in
B: customer_wait_10_minute_for_greet
Answer: Yes

A: no_evident_not_easy_check-in
B: no_one_give_key_on_late_check-in
Answer: No

A: no_evident_not_great_quality
B: shampoo_seem_cheap_considering_hotel_cost
Answer: Yes

A: no_evident_not_great_quality
B: expensive_hotel
Answer: No

Now answer for this pair. Output ONLY the final line ""Answer: Yes"" or ""Answer: No"" — no other text.

A: no_evident_not_nice_atmosphere
B: cozy_atmosphere
Answer:
",Answer: No
2026-08-16 22:18:43,3,19727,no_evident_not_5*_facility,affordable_hotel,"Task: decide if Proposition B contradicts Assumption A.

Steps:
1. A defends a claim (strip ""no_evident_not_"" / ""have_evident_"" to see it).
2. B states a fact.
3. Does B disprove A's claim? Same specific issue only, not just same topic.

Output pattern (always use this exact shape):
A: <phrase>
B: <phrase>
Answer: Yes/No

Examples:

A: no_evident_not_easy_check-in
B: customer_wait_10_minute_for_greet
Answer: Yes

A: no_evident_not_easy_check-in
B: no_one_give_key_on_late_check-in
Answer: No

A: no_evident_not_great_quality
B: shampoo_seem_cheap_considering_hotel_cost
Answer: Yes

A: no_evident_not_great_quality
B: expensive_hotel
Answer: No

Now answer for this pair. Output ONLY the final line ""Answer: Yes"" or ""Answer: No"" — no other text.

A: no_evident_not_5*_facility
B: affordable_hotel
Answer:
",Answer: Yes
2026-08-16 22:18:43,3,870,no_evident_not_not_big_hotel,aesthetic_hotel,"Task: decide if Proposition B contradicts Assumption A.

Steps:
1. A defends a claim (strip ""no_evident_not_"" / ""have_evident_"" to see it).
2. B states a fact.
3. Does B disprove A's claim? Same specific issue only, not just same topic.

Output pattern (always use this exact shape):
A: <phrase>
B: <phrase>
Answer: Yes/No

Examples:

A: no_evident_not_easy_check-in
B: customer_wait_10_minute_for_greet
Answer: Yes

A: no_evident_not_easy_check-in
B: no_one_give_key_on_late_check-in
Answer: No

A: no_evident_not_great_quality
B: shampoo_seem_cheap_considering_hotel_cost
Answer: Yes

A: no_evident_not_great_quality
B: expensive_hotel
Answer: No

Now answer for this pair. Output ONLY the final line ""Answer: Yes"" or ""Answer: No"" — no other text.

A: no_evident_not_not_big_hotel
B: aesthetic_hotel
Answer:
","A: no_evident_not_not_big_hotel
B: aesthetic_hotel
Answer: No"
2026-08-16 22:18:43,3,18391,no_evident_not_hotel_received_package_prior_arrival,everything_beautiful,"Task: decide if Proposition B contradicts Assumption A.

Steps:
1. A defends a claim (strip ""no_evident_not_"" / ""have_evident_"" to see it).
2. B states a fact.
3. Does B disprove A's claim? Same specific issue only, not just same topic.

Output pattern (always use this exact shape):
A: <phrase>
B: <phrase>
Answer: Yes/No

Examples:

A: no_evident_not_easy_check-in
B: customer_wait_10_minute_for_greet
Answer: Yes

A: no_evident_not_easy_check-in
B: no_one_give_key_on_late_check-in
Answer: No

A: no_evident_not_great_quality
B: shampoo_seem_cheap_considering_hotel_cost
Answer: Yes

A: no_evident_not_great_quality
B: expensive_hotel
Answer: No

Now answer for this pair. Output ONLY the final line ""Answer: Yes"" or ""Answer: No"" — no other text.

A: no_evident_not_hotel_received_package_prior_arrival
B: everything_beautiful
Answer:
",Answer: No
2026-08-16 22:18:43,3,6516,no_evident_not_amazing_hotel,perfect_hotel,"Task: decide if Proposition B contradicts Assumption A.

Steps:
1. A defends a claim (strip ""no_evident_not_"" / ""have_evident_"" to see it).
2. B states a fact.
3. Does B disprove A's claim? Same specific issue only, not just same topic.

Output pattern (always use this exact shape):
A: <phrase>
B: <phrase>
Answer: Yes/No

Examples:

A: no_evident_not_easy_check-in
B: customer_wait_10_minute_for_greet
Answer: Yes

A: no_evident_not_easy_check-in
B: no_one_give_key_on_late_check-in
Answer: No

A: no_evident_not_great_quality
B: shampoo_seem_cheap_considering_hotel_cost
Answer: Yes

A: no_evident_not_great_quality
B: expensive_hotel
Answer: No

Now answer for this pair. Output ONLY the final line ""Answer: Yes"" or ""Answer: No"" — no other text.

A: no_evident_not_amazing_hotel
B: perfect_hotel
Answer:
",Answer: Yes
2026-08-16 22:18:43,3,23463,no_evident_not_furnished_hotel,allow_to_take_dog,"Task: decide if Proposition B contradicts Assumption A.

Steps:
1. A defends a claim (strip ""no_evident_not_"" / ""have_evident_"" to see it).
2. B states a fact.
3. Does B disprove A's claim? Same specific issue only, not just same topic.

Output pattern (always use this exact shape):
A: <phrase>
B: <phrase>
Answer: Yes/No

Examples:

A: no_evident_not_easy_check-in
B: customer_wait_10_minute_for_greet
Answer: Yes

A: no_evident_not_easy_check-in
B: no_one_give_key_on_late_check-in
Answer: No

A: no_evident_not_great_quality
B: shampoo_seem_cheap_considering_hotel_cost
Answer: Yes

A: no_evident_not_great_quality
B: expensive_hotel
Answer: No

Now answer for this pair. Output ONLY the final line ""Answer: Yes"" or ""Answer: No"" — no other text.

A: no_evident_not_furnished_hotel
B: allow_to_take_dog
Answer:
","A: no_evident_not_furnished_hotel
B: allow_to_take_dog
Answer: No"
2026-08-16 22:18:44,3,21296,no_evident_not_airy_hotel,family_run_small_hotel,"Task: decide if Proposition B contradicts Assumption A.

Steps:
1. A defends a claim (strip ""no_evident_not_"" / ""have_evident_"" to see it).
2. B states a fact.
3. Does B disprove A's claim? Same specific issue only, not just same topic.

Output pattern (always use this exact shape):
A: <phrase>
B: <phrase>
Answer: Yes/No

Examples:

A: no_evident_not_easy_check-in
B: customer_wait_10_minute_for_greet
Answer: Yes

A: no_evident_not_easy_check-in
B: no_one_give_key_on_late_check-in
Answer: No

A: no_evident_not_great_quality
B: shampoo_seem_cheap_considering_hotel_cost
Answer: Yes

A: no_evident_not_great_quality
B: expensive_hotel
Answer: No

Now answer for this pair. Output ONLY the final line ""Answer: Yes"" or ""Answer: No"" — no other text.

A: no_evident_not_airy_hotel
B: family_run_small_hotel
Answer:
","A: no_evident_not_airy_hotel
B: family_run_small_hotel
Answer: No"
2026-08-16 22:18:44,3,22982,no_evident_not_many_free_parking_space_available_on_early_November,take_COVID_prevention_measure,"Task: decide if Proposition B contradicts Assumption A.

Steps:
1. A defends a claim (strip ""no_evident_not_"" / ""have_evident_"" to see it).
2. B states a fact.
3. Does B disprove A's claim? Same specific issue only, not just same topic.

Output pattern (always use this exact shape):
A: <phrase>
B: <phrase>
Answer: Yes/No

Examples:

A: no_evident_not_easy_check-in
B: customer_wait_10_minute_for_greet
Answer: Yes

A: no_evident_not_easy_check-in
B: no_one_give_key_on_late_check-in
Answer: No

A: no_evident_not_great_quality
B: shampoo_seem_cheap_considering_hotel_cost
Answer: Yes

A: no_evident_not_great_quality
B: expensive_hotel
Answer: No

Now answer for this pair. Output ONLY the final line ""Answer: Yes"" or ""Answer: No"" — no other text.

A: no_evident_not_many_free_parking_space_available_on_early_November
B: take_COVID_prevention_measure
Answer:
","A: no_evident_not_many_free_parking_space_available_on_early_November
B: take_COVID_prevention_measure
Answer: No"
2026-08-16 22:18:44,3,17857,no_evident_not_welcoming_hotel,amazing_hotel,"Task: decide if Proposition B contradicts Assumption A.

Steps:
1. A defends a claim (strip ""no_evident_not_"" / ""have_evident_"" to see it).
2. B states a fact.
3. Does B disprove A's claim? Same specific issue only, not just same topic.

Output pattern (always use this exact shape):
A: <phrase>
B: <phrase>
Answer: Yes/No

Examples:

A: no_evident_not_easy_check-in
B: customer_wait_10_minute_for_greet
Answer: Yes

A: no_evident_not_easy_check-in
B: no_one_give_key_on_late_check-in
Answer: No

A: no_evident_not_great_quality
B: shampoo_seem_cheap_considering_hotel_cost
Answer: Yes

A: no_evident_not_great_quality
B: expensive_hotel
Answer: No

Now answer for this pair. Output ONLY the final line ""Answer: Yes"" or ""Answer: No"" — no other text.

A: no_evident_not_welcoming_hotel
B: amazing_hotel
Answer:
",Answer: No
2026-08-16 22:18:45,3,13747,no_evident_not_good_wifi,everything_great,"Task: decide if Proposition B contradicts Assumption A.

Steps:
1. A defends a claim (strip ""no_evident_not_"" / ""have_evident_"" to see it).
2. B states a fact.
3. Does B disprove A's claim? Same specific issue only, not just same topic.

Output pattern (always use this exact shape):
A: <phrase>
B: <phrase>
Answer: Yes/No

Examples:

A: no_evident_not_easy_check-in
B: customer_wait_10_minute_for_greet
Answer: Yes

A: no_evident_not_easy_check-in
B: no_one_give_key_on_late_check-in
Answer: No

A: no_evident_not_great_quality
B: shampoo_seem_cheap_considering_hotel_cost
Answer: Yes

A: no_evident_not_great_quality
B: expensive_hotel
Answer: No

Now answer for this pair. Output ONLY the final line ""Answer: Yes"" or ""Answer: No"" — no other text.

A: no_evident_not_good_wifi
B: everything_great
Answer:
","A: no_evident_not_good_wifi
B: everything_great
Answer: No"
2026-08-16 22:18:45,3,7224,no_evident_not_quiet_hotel,recently_refurbished_hotel,"Task: decide if Proposition B contradicts Assumption A.

Steps:
1. A defends a claim (strip ""no_evident_not_"" / ""have_evident_"" to see it).
2. B states a fact.
3. Does B disprove A's claim? Same specific issue only, not just same topic.

Output pattern (always use this exact shape):
A: <phrase>
B: <phrase>
Answer: Yes/No

Examples:

A: no_evident_not_easy_check-in
B: customer_wait_10_minute_for_greet
Answer: Yes

A: no_evident_not_easy_check-in
B: no_one_give_key_on_late_check-in
Answer: No

A: no_evident_not_great_quality
B: shampoo_seem_cheap_considering_hotel_cost
Answer: Yes

A: no_evident_not_great_quality
B: expensive_hotel
Answer: No

Now answer for this pair. Output ONLY the final line ""Answer: Yes"" or ""Answer: No"" — no other text.

A: no_evident_not_quiet_hotel
B: recently_refurbished_hotel
Answer:
","A: no_evident_not_quiet_hotel
B: recently_refurbished_hotel
Answer: No"
2026-08-16 22:18:45,3,14720,no_evident_not_spotlessly_clean,has_parking_next_to_hotel,"Task: decide if Proposition B contradicts Assumption A.

Steps:
1. A defends a claim (strip ""no_evident_not_"" / ""have_evident_"" to see it).
2. B states a fact.
3. Does B disprove A's claim? Same specific issue only, not just same topic.

Output pattern (always use this exact shape):
A: <phrase>
B: <phrase>
Answer: Yes/No

Examples:

A: no_evident_not_easy_check-in
B: customer_wait_10_minute_for_greet
Answer: Yes

A: no_evident_not_easy_check-in
B: no_one_give_key_on_late_check-in
Answer: No

A: no_evident_not_great_quality
B: shampoo_seem_cheap_considering_hotel_cost
Answer: Yes

A: no_evident_not_great_quality
B: expensive_hotel
Answer: No

Now answer for this pair. Output ONLY the final line ""Answer: Yes"" or ""Answer: No"" — no other text.

A: no_evident_not_spotlessly_clean
B: has_parking_next_to_hotel
Answer:
",Answer: No
2026-08-16 22:18:45,3,19310,no_evident_not_recently_renovated_hotel,happy_with_service,"Task: decide if Proposition B contradicts Assumption A.

Steps:
1. A defends a claim (strip ""no_evident_not_"" / ""have_evident_"" to see it).
2. B states a fact.
3. Does B disprove A's claim? Same specific issue only, not just same topic.

Output pattern (always use this exact shape):
A: <phrase>
B: <phrase>
Answer: Yes/No

Examples:

A: no_evident_not_easy_check-in
B: customer_wait_10_minute_for_greet
Answer: Yes

A: no_evident_not_easy_check-in
B: no_one_give_key_on_late_check-in
Answer: No

A: no_evident_not_great_quality
B: shampoo_seem_cheap_considering_hotel_cost
Answer: Yes

A: no_evident_not_great_quality
B: expensive_hotel
Answer: No

Now answer for this pair. Output ONLY the final line ""Answer: Yes"" or ""Answer: No"" — no other text.

A: no_evident_not_recently_renovated_hotel
B: happy_with_service
Answer:
","A: no_evident_not_recently_renovated_hotel
B: happy_with_service
Answer: No"
2026-08-16 22:18:46,3,9116,no_evident_not_small_hotel_which_we_like,made_for_comfortable_stay,"Task: decide if Proposition B contradicts Assumption A.

Steps:
1. A defends a claim (strip ""no_evident_not_"" / ""have_evident_"" to see it).
2. B states a fact.
3. Does B disprove A's claim? Same specific issue only, not just same topic.

Output pattern (always use this exact shape):
A: <phrase>
B: <phrase>
Answer: Yes/No

Examples:

A: no_evident_not_easy_check-in
B: customer_wait_10_minute_for_greet
Answer: Yes

A: no_evident_not_easy_check-in
B: no_one_give_key_on_late_check-in
Answer: No

A: no_evident_not_great_quality
B: shampoo_seem_cheap_considering_hotel_cost
Answer: Yes

A: no_evident_not_great_quality
B: expensive_hotel
Answer: No

Now answer for this pair. Output ONLY the final line ""Answer: Yes"" or ""Answer: No"" — no other text.

A: no_evident_not_small_hotel_which_we_like
B: made_for_comfortable_stay
Answer:
","A: no_evident_not_small_hotel_which_we_like
B: made_for_comfortable_stay
Answer: Yes"
2026-08-16 22:18:46,3,26524,no_evident_not_neat_hotel,boutique_hotel,"Task: decide if Proposition B contradicts Assumption A.

Steps:
1. A defends a claim (strip ""no_evident_not_"" / ""have_evident_"" to see it).
2. B states a fact.
3. Does B disprove A's claim? Same specific issue only, not just same topic.

Output pattern (always use this exact shape):
A: <phrase>
B: <phrase>
Answer: Yes/No

Examples:

A: no_evident_not_easy_check-in
B: customer_wait_10_minute_for_greet
Answer: Yes

A: no_evident_not_easy_check-in
B: no_one_give_key_on_late_check-in
Answer: No

A: no_evident_not_great_quality
B: shampoo_seem_cheap_considering_hotel_cost
Answer: Yes

A: no_evident_not_great_quality
B: expensive_hotel
Answer: No

Now answer for this pair. Output ONLY the final line ""Answer: Yes"" or ""Answer: No"" — no other text.

A: no_evident_not_neat_hotel
B: boutique_hotel
Answer:
","A: no_evident_not_neat_hotel
B: boutique_hotel
Answer: No"
2026-08-16 22:18:46,3,28486,no_evident_not_excellent_option,offered_drink,"Task: decide if Proposition B contradicts Assumption A.

Steps:
1. A defends a claim (strip ""no_evident_not_"" / ""have_evident_"" to see it).
2. B states a fact.
3. Does B disprove A's claim? Same specific issue only, not just same topic.

Output pattern (always use this exact shape):
A: <phrase>
B: <phrase>
Answer: Yes/No

Examples:

A: no_evident_not_easy_check-in
B: customer_wait_10_minute_for_greet
Answer: Yes

A: no_evident_not_easy_check-in
B: no_one_give_key_on_late_check-in
Answer: No

A: no_evident_not_great_quality
B: shampoo_seem_cheap_considering_hotel_cost
Answer: Yes

A: no_evident_not_great_quality
B: expensive_hotel
Answer: No

Now answer for this pair. Output ONLY the final line ""Answer: Yes"" or ""Answer: No"" — no other text.

A: no_evident_not_excellent_option
B: offered_drink
Answer:
","A: no_evident_not_excellent_option
B: offered_drink
Answer: No"
2026-08-16 22:18:47,3,213,no_evident_not_comfortable_hotel,brand_new_facility,"Task: decide if Proposition B contradicts Assumption A.

Steps:
1. A defends a claim (strip ""no_evident_not_"" / ""have_evident_"" to see it).
2. B states a fact.
3. Does B disprove A's claim? Same specific issue only, not just same topic.

Output pattern (always use this exact shape):
A: <phrase>
B: <phrase>
Answer: Yes/No

Examples:

A: no_evident_not_easy_check-in
B: customer_wait_10_minute_for_greet
Answer: Yes

A: no_evident_not_easy_check-in
B: no_one_give_key_on_late_check-in
Answer: No

A: no_evident_not_great_quality
B: shampoo_seem_cheap_considering_hotel_cost
Answer: Yes

A: no_evident_not_great_quality
B: expensive_hotel
Answer: No

Now answer for this pair. Output ONLY the final line ""Answer: Yes"" or ""Answer: No"" — no other text.

A: no_evident_not_comfortable_hotel
B: brand_new_facility
Answer:
","A: no_evident_not_comfortable_hotel
B: brand_new_facility
Answer: No"
2026-08-16 22:18:47,3,24865,no_evident_not_cozy_terrace,simple_hotel,"Task: decide if Proposition B contradicts Assumption A.

Steps:
1. A defends a claim (strip ""no_evident_not_"" / ""have_evident_"" to see it).
2. B states a fact.
3. Does B disprove A's claim? Same specific issue only, not just same topic.

Output pattern (always use this exact shape):
A: <phrase>
B: <phrase>
Answer: Yes/No

Examples:

A: no_evident_not_easy_check-in
B: customer_wait_10_minute_for_greet
Answer: Yes

A: no_evident_not_easy_check-in
B: no_one_give_key_on_late_check-in
Answer: No

A: no_evident_not_great_quality
B: shampoo_seem_cheap_considering_hotel_cost
Answer: Yes

A: no_evident_not_great_quality
B: expensive_hotel
Answer: No

Now answer for this pair. Output ONLY the final line ""Answer: Yes"" or ""Answer: No"" — no other text.

A: no_evident_not_cozy_terrace
B: simple_hotel
Answer:
","A: no_evident_not_cozy_terrace
B: no_terrace
Answer: Yes"
2026-08-16 22:18:47,3,26406,no_evident_not_pleasant_terrace,pleasant_hotel,"Task: decide if Proposition B contradicts Assumption A.

Steps:
1. A defends a claim (strip ""no_evident_not_"" / ""have_evident_"" to see it).
2. B states a fact.
3. Does B disprove A's claim? Same specific issue only, not just same topic.

Output pattern (always use this exact shape):
A: <phrase>
B: <phrase>
Answer: Yes/No

Examples:

A: no_evident_not_easy_check-in
B: customer_wait_10_minute_for_greet
Answer: Yes

A: no_evident_not_easy_check-in
B: no_one_give_key_on_late_check-in
Answer: No

A: no_evident_not_great_quality
B: shampoo_seem_cheap_considering_hotel_cost
Answer: Yes

A: no_evident_not_great_quality
B: expensive_hotel
Answer: No

Now answer for this pair. Output ONLY the final line ""Answer: Yes"" or ""Answer: No"" — no other text.

A: no_evident_not_pleasant_terrace
B: pleasant_hotel
Answer:
","A: no_evident_not_pleasant_terrace
B: pleasant_hotel
Answer: No"
2026-08-16 22:18:48,3,5232,no_evident_not_everything_new,peaceful_facility,"Task: decide if Proposition B contradicts Assumption A.

Steps:
1. A defends a claim (strip ""no_evident_not_"" / ""have_evident_"" to see it).
2. B states a fact.
3. Does B disprove A's claim? Same specific issue only, not just same topic.

Output pattern (always use this exact shape):
A: <phrase>
B: <phrase>
Answer: Yes/No

Examples:

A: no_evident_not_easy_check-in
B: customer_wait_10_minute_for_greet
Answer: Yes

A: no_evident_not_easy_check-in
B: no_one_give_key_on_late_check-in
Answer: No

A: no_evident_not_great_quality
B: shampoo_seem_cheap_considering_hotel_cost
Answer: Yes

A: no_evident_not_great_quality
B: expensive_hotel
Answer: No

Now answer for this pair. Output ONLY the final line ""Answer: Yes"" or ""Answer: No"" — no other text.

A: no_evident_not_everything_new
B: peaceful_facility
Answer:
","A: no_evident_not_everything_new
B: peaceful_facility
Answer: No"
2026-08-16 22:18:48,3,22877,no_evident_not_many_free_parking_space_available_on_early_November,everywhere_spotless_clean,"Task: decide if Proposition B contradicts Assumption A.

Steps:
1. A defends a claim (strip ""no_evident_not_"" / ""have_evident_"" to see it).
2. B states a fact.
3. Does B disprove A's claim? Same specific issue only, not just same topic.

Output pattern (always use this exact shape):
A: <phrase>
B: <phrase>
Answer: Yes/No

Examples:

A: no_evident_not_easy_check-in
B: customer_wait_10_minute_for_greet
Answer: Yes

A: no_evident_not_easy_check-in
B: no_one_give_key_on_late_check-in
Answer: No

A: no_evident_not_great_quality
B: shampoo_seem_cheap_considering_hotel_cost
Answer: Yes

A: no_evident_not_great_quality
B: expensive_hotel
Answer: No

Now answer for this pair. Output ONLY the final line ""Answer: Yes"" or ""Answer: No"" — no other text.

A: no_evident_not_many_free_parking_space_available_on_early_November
B: everywhere_spotless_clean
Answer:
","A: no_evident_not_many_free_parking_space_available_on_early_November
B: everywhere_spotless_clean
Answer: No"
2026-08-16 22:18:48,3,13849,no_evident_not_good_wifi,free_parking_along_street,"Task: decide if Proposition B contradicts Assumption A.

Steps:
1. A defends a claim (strip ""no_evident_not_"" / ""have_evident_"" to see it).
2. B states a fact.
3. Does B disprove A's claim? Same specific issue only, not just same topic.

Output pattern (always use this exact shape):
A: <phrase>
B: <phrase>
Answer: Yes/No

Examples:

A: no_evident_not_easy_check-in
B: customer_wait_10_minute_for_greet
Answer: Yes

A: no_evident_not_easy_check-in
B: no_one_give_key_on_late_check-in
Answer: No

A: no_evident_not_great_quality
B: shampoo_seem_cheap_considering_hotel_cost
Answer: Yes

A: no_evident_not_great_quality
B: expensive_hotel
Answer: No

Now answer for this pair. Output ONLY the final line ""Answer: Yes"" or ""Answer: No"" — no other text.

A: no_evident_not_good_wifi
B: free_parking_along_street
Answer:
",Answer: No
2026-08-16 22:18:48,3,11150,no_evident_not_flexible_with_our_schedule,well_kept_hotel,"Task: decide if Proposition B contradicts Assumption A.

Steps:
1. A defends a claim (strip ""no_evident_not_"" / ""have_evident_"" to see it).
2. B states a fact.
3. Does B disprove A's claim? Same specific issue only, not just same topic.

Output pattern (always use this exact shape):
A: <phrase>
B: <phrase>
Answer: Yes/No

Examples:

A: no_evident_not_easy_check-in
B: customer_wait_10_minute_for_greet
Answer: Yes

A: no_evident_not_easy_check-in
B: no_one_give_key_on_late_check-in
Answer: No

A: no_evident_not_great_quality
B: shampoo_seem_cheap_considering_hotel_cost
Answer: Yes

A: no_evident_not_great_quality
B: expensive_hotel
Answer: No

Now answer for this pair. Output ONLY the final line ""Answer: Yes"" or ""Answer: No"" — no other text.

A: no_evident_not_flexible_with_our_schedule
B: well_kept_hotel
Answer:
","A: no_evident_not_flexible_with_our_schedule
B: well_kept_hotel
Answer: No"
2026-08-16 22:18:49,3,9106,no_evident_not_small_hotel_which_we_like,brand_new_furniture,"Task: decide if Proposition B contradicts Assumption A.

Steps:
1. A defends a claim (strip ""no_evident_not_"" / ""have_evident_"" to see it).
2. B states a fact.
3. Does B disprove A's claim? Same specific issue only, not just same topic.

Output pattern (always use this exact shape):
A: <phrase>
B: <phrase>
Answer: Yes/No

Examples:

A: no_evident_not_easy_check-in
B: customer_wait_10_minute_for_greet
Answer: Yes

A: no_evident_not_easy_check-in
B: no_one_give_key_on_late_check-in
Answer: No

A: no_evident_not_great_quality
B: shampoo_seem_cheap_considering_hotel_cost
Answer: Yes

A: no_evident_not_great_quality
B: expensive_hotel
Answer: No

Now answer for this pair. Output ONLY the final line ""Answer: Yes"" or ""Answer: No"" — no other text.

A: no_evident_not_small_hotel_which_we_like
B: brand_new_furniture
Answer:
","A: no_evident_not_small_hotel_which_we_like
B: brand_new_furniture
Answer: No"
2026-08-16 22:18:49,3,5095,no_evident_not_fantastic_hotel,brand_new_hotel,"Task: decide if Proposition B contradicts Assumption A.

Steps:
1. A defends a claim (strip ""no_evident_not_"" / ""have_evident_"" to see it).
2. B states a fact.
3. Does B disprove A's claim? Same specific issue only, not just same topic.

Output pattern (always use this exact shape):
A: <phrase>
B: <phrase>
Answer: Yes/No

Examples:

A: no_evident_not_easy_check-in
B: customer_wait_10_minute_for_greet
Answer: Yes

A: no_evident_not_easy_check-in
B: no_one_give_key_on_late_check-in
Answer: No

A: no_evident_not_great_quality
B: shampoo_seem_cheap_considering_hotel_cost
Answer: Yes

A: no_evident_not_great_quality
B: expensive_hotel
Answer: No

Now answer for this pair. Output ONLY the final line ""Answer: Yes"" or ""Answer: No"" — no other text.

A: no_evident_not_fantastic_hotel
B: brand_new_hotel
Answer:
","A: no_evident_not_fantastic_hotel
B: brand_new_hotel
Answer: No"
2026-08-16 22:18:49,3,7056,no_evident_not_great_hotel,perfect_hotel,"Task: decide if Proposition B contradicts Assumption A.

Steps:
1. A defends a claim (strip ""no_evident_not_"" / ""have_evident_"" to see it).
2. B states a fact.
3. Does B disprove A's claim? Same specific issue only, not just same topic.

Output pattern (always use this exact shape):
A: <phrase>
B: <phrase>
Answer: Yes/No

Examples:

A: no_evident_not_easy_check-in
B: customer_wait_10_minute_for_greet
Answer: Yes

A: no_evident_not_easy_check-in
B: no_one_give_key_on_late_check-in
Answer: No

A: no_evident_not_great_quality
B: shampoo_seem_cheap_considering_hotel_cost
Answer: Yes

A: no_evident_not_great_quality
B: expensive_hotel
Answer: No

Now answer for this pair. Output ONLY the final line ""Answer: Yes"" or ""Answer: No"" — no other text.

A: no_evident_not_great_hotel
B: perfect_hotel
Answer:
",Answer: Yes
2026-08-16 22:18:49,3,31366,no_evident_not_possible_with_animal,offered_drink,"Task: decide if Proposition B contradicts Assumption A.

Steps:
1. A defends a claim (strip ""no_evident_not_"" / ""have_evident_"" to see it).
2. B states a fact.
3. Does B disprove A's claim? Same specific issue only, not just same topic.

Output pattern (always use this exact shape):
A: <phrase>
B: <phrase>
Answer: Yes/No

Examples:

A: no_evident_not_easy_check-in
B: customer_wait_10_minute_for_greet
Answer: Yes

A: no_evident_not_easy_check-in
B: no_one_give_key_on_late_check-in
Answer: No

A: no_evident_not_great_quality
B: shampoo_seem_cheap_considering_hotel_cost
Answer: Yes

A: no_evident_not_great_quality
B: expensive_hotel
Answer: No

Now answer for this pair. Output ONLY the final line ""Answer: Yes"" or ""Answer: No"" — no other text.

A: no_evident_not_possible_with_animal
B: offered_drink
Answer:
",Answer: No
2026-08-16 22:18:50,3,25019,no_evident_not_cozy_terrace,compact_hotel,"Task: decide if Proposition B contradicts Assumption A.

Steps:
1. A defends a claim (strip ""no_evident_not_"" / ""have_evident_"" to see it).
2. B states a fact.
3. Does B disprove A's claim? Same specific issue only, not just same topic.

Output pattern (always use this exact shape):
A: <phrase>
B: <phrase>
Answer: Yes/No

Examples:

A: no_evident_not_easy_check-in
B: customer_wait_10_minute_for_greet
Answer: Yes

A: no_evident_not_easy_check-in
B: no_one_give_key_on_late_check-in
Answer: No

A: no_evident_not_great_quality
B: shampoo_seem_cheap_considering_hotel_cost
Answer: Yes

A: no_evident_not_great_quality
B: expensive_hotel
Answer: No

Now answer for this pair. Output ONLY the final line ""Answer: Yes"" or ""Answer: No"" — no other text.

A: no_evident_not_cozy_terrace
B: compact_hotel
Answer:
","A: no_evident_not_cozy_terrace
B: compact_hotel
Answer: Yes"
2026-08-16 22:18:50,3,11030,no_evident_not_flexible_with_our_schedule,happy_with_service,"Task: decide if Proposition B contradicts Assumption A.

Steps:
1. A defends a claim (strip ""no_evident_not_"" / ""have_evident_"" to see it).
2. B states a fact.
3. Does B disprove A's claim? Same specific issue only, not just same topic.

Output pattern (always use this exact shape):
A: <phrase>
B: <phrase>
Answer: Yes/No

Examples:

A: no_evident_not_easy_check-in
B: customer_wait_10_minute_for_greet
Answer: Yes

A: no_evident_not_easy_check-in
B: no_one_give_key_on_late_check-in
Answer: No

A: no_evident_not_great_quality
B: shampoo_seem_cheap_considering_hotel_cost
Answer: Yes

A: no_evident_not_great_quality
B: expensive_hotel
Answer: No

Now answer for this pair. Output ONLY the final line ""Answer: Yes"" or ""Answer: No"" — no other text.

A: no_evident_not_flexible_with_our_schedule
B: happy_with_service
Answer:
",Answer: No
2026-08-16 22:18:50,3,3350,no_evident_not_lovely_little_hotel,5*_facility,"Task: decide if Proposition B contradicts Assumption A.

Steps:
1. A defends a claim (strip ""no_evident_not_"" / ""have_evident_"" to see it).
2. B states a fact.
3. Does B disprove A's claim? Same specific issue only, not just same topic.

Output pattern (always use this exact shape):
A: <phrase>
B: <phrase>
Answer: Yes/No

Examples:

A: no_evident_not_easy_check-in
B: customer_wait_10_minute_for_greet
Answer: Yes

A: no_evident_not_easy_check-in
B: no_one_give_key_on_late_check-in
Answer: No

A: no_evident_not_great_quality
B: shampoo_seem_cheap_considering_hotel_cost
Answer: Yes

A: no_evident_not_great_quality
B: expensive_hotel
Answer: No

Now answer for this pair. Output ONLY the final line ""Answer: Yes"" or ""Answer: No"" — no other text.

A: no_evident_not_lovely_little_hotel
B: 5*_facility
Answer:
","A: no_evident_not_lovely_little_hotel
B: 5_star_facility
Answer: Yes"
2026-08-16 22:18:50,3,3040,no_evident_not_everywhere_spotless_clean,clean_street_terrace,"Task: decide if Proposition B contradicts Assumption A.

Steps:
1. A defends a claim (strip ""no_evident_not_"" / ""have_evident_"" to see it).
2. B states a fact.
3. Does B disprove A's claim? Same specific issue only, not just same topic.

Output pattern (always use this exact shape):
A: <phrase>
B: <phrase>
Answer: Yes/No

Examples:

A: no_evident_not_easy_check-in
B: customer_wait_10_minute_for_greet
Answer: Yes

A: no_evident_not_easy_check-in
B: no_one_give_key_on_late_check-in
Answer: No

A: no_evident_not_great_quality
B: shampoo_seem_cheap_considering_hotel_cost
Answer: Yes

A: no_evident_not_great_quality
B: expensive_hotel
Answer: No

Now answer for this pair. Output ONLY the final line ""Answer: Yes"" or ""Answer: No"" — no other text.

A: no_evident_not_everywhere_spotless_clean
B: clean_street_terrace
Answer:
",Answer: No
2026-08-16 22:18:50,3,12450,no_evident_not_Christmas_vibe_hotel,everything_new,"Task: decide if Proposition B contradicts Assumption A.

Steps:
1. A defends a claim (strip ""no_evident_not_"" / ""have_evident_"" to see it).
2. B states a fact.
3. Does B disprove A's claim? Same specific issue only, not just same topic.

Output pattern (always use this exact shape):
A: <phrase>
B: <phrase>
Answer: Yes/No

Examples:

A: no_evident_not_easy_check-in
B: customer_wait_10_minute_for_greet
Answer: Yes

A: no_evident_not_easy_check-in
B: no_one_give_key_on_late_check-in
Answer: No

A: no_evident_not_great_quality
B: shampoo_seem_cheap_considering_hotel_cost
Answer: Yes

A: no_evident_not_great_quality
B: expensive_hotel
Answer: No

Now answer for this pair. Output ONLY the final line ""Answer: Yes"" or ""Answer: No"" — no other text.

A: no_evident_not_Christmas_vibe_hotel
B: everything_new
Answer:
","A: no_evident_not_Christmas_vibe_hotel
B: everything_new
Answer: No"
2026-08-16 22:18:51,3,3170,no_evident_not_has_plenty_of_chair,5*_facility,"Task: decide if Proposition B contradicts Assumption A.

Steps:
1. A defends a claim (strip ""no_evident_not_"" / ""have_evident_"" to see it).
2. B states a fact.
3. Does B disprove A's claim? Same specific issue only, not just same topic.

Output pattern (always use this exact shape):
A: <phrase>
B: <phrase>
Answer: Yes/No

Examples:

A: no_evident_not_easy_check-in
B: customer_wait_10_minute_for_greet
Answer: Yes

A: no_evident_not_easy_check-in
B: no_one_give_key_on_late_check-in
Answer: No

A: no_evident_not_great_quality
B: shampoo_seem_cheap_considering_hotel_cost
Answer: Yes

A: no_evident_not_great_quality
B: expensive_hotel
Answer: No

Now answer for this pair. Output ONLY the final line ""Answer: Yes"" or ""Answer: No"" — no other text.

A: no_evident_not_has_plenty_of_chair
B: 5*_facility
Answer:
","A: no_evident_not_has_plenty_of_chair
B: 5*_facility
Answer: Yes"
2026-08-16 22:18:51,3,11764,no_evident_not_clean_boutique_hotel,boutique_hotel,"Task: decide if Proposition B contradicts Assumption A.

Steps:
1. A defends a claim (strip ""no_evident_not_"" / ""have_evident_"" to see it).
2. B states a fact.
3. Does B disprove A's claim? Same specific issue only, not just same topic.

Output pattern (always use this exact shape):
A: <phrase>
B: <phrase>
Answer: Yes/No

Examples:

A: no_evident_not_easy_check-in
B: customer_wait_10_minute_for_greet
Answer: Yes

A: no_evident_not_easy_check-in
B: no_one_give_key_on_late_check-in
Answer: No

A: no_evident_not_great_quality
B: shampoo_seem_cheap_considering_hotel_cost
Answer: Yes

A: no_evident_not_great_quality
B: expensive_hotel
Answer: No

Now answer for this pair. Output ONLY the final line ""Answer: Yes"" or ""Answer: No"" — no other text.

A: no_evident_not_clean_boutique_hotel
B: boutique_hotel
Answer:
","A: no_evident_not_clean_boutique_hotel
B: boutique_hotel
Answer: No"
2026-08-16 22:18:52,3,27771,no_evident_not_brilliant_hotel,small_hotel_which_we_like,"Task: decide if Proposition B contradicts Assumption A.

Steps:
1. A defends a claim (strip ""no_evident_not_"" / ""have_evident_"" to see it).
2. B states a fact.
3. Does B disprove A's claim? Same specific issue only, not just same topic.

Output pattern (always use this exact shape):
A: <phrase>
B: <phrase>
Answer: Yes/No

Examples:

A: no_evident_not_easy_check-in
B: customer_wait_10_minute_for_greet
Answer: Yes

A: no_evident_not_easy_check-in
B: no_one_give_key_on_late_check-in
Answer: No

A: no_evident_not_great_quality
B: shampoo_seem_cheap_considering_hotel_cost
Answer: Yes

A: no_evident_not_great_quality
B: expensive_hotel
Answer: No

Now answer for this pair. Output ONLY the final line ""Answer: Yes"" or ""Answer: No"" — no other text.

A: no_evident_not_brilliant_hotel
B: small_hotel_which_we_like
Answer:
","A: no_evident_not_brilliant_hotel
B: small_hotel_which_we_like
Answer: No"
2026-08-16 22:18:52,3,11271,no_evident_not_allow_to_take_dog,wonderful_hotel,"Task: decide if Proposition B contradicts Assumption A.

Steps:
1. A defends a claim (strip ""no_evident_not_"" / ""have_evident_"" to see it).
2. B states a fact.
3. Does B disprove A's claim? Same specific issue only, not just same topic.

Output pattern (always use this exact shape):
A: <phrase>
B: <phrase>
Answer: Yes/No

Examples:

A: no_evident_not_easy_check-in
B: customer_wait_10_minute_for_greet
Answer: Yes

A: no_evident_not_easy_check-in
B: no_one_give_key_on_late_check-in
Answer: No

A: no_evident_not_great_quality
B: shampoo_seem_cheap_considering_hotel_cost
Answer: Yes

A: no_evident_not_great_quality
B: expensive_hotel
Answer: No

Now answer for this pair. Output ONLY the final line ""Answer: Yes"" or ""Answer: No"" — no other text.

A: no_evident_not_allow_to_take_dog
B: wonderful_hotel
Answer:
","A: no_evident_not_allow_to_take_dog
B: allow_dog_in_room
Answer: Yes"
2026-08-16 22:18:52,3,19783,no_evident_not_5*_facility,comfortable_hall,"Task: decide if Proposition B contradicts Assumption A.

Steps:
1. A defends a claim (strip ""no_evident_not_"" / ""have_evident_"" to see it).
2. B states a fact.
3. Does B disprove A's claim? Same specific issue only, not just same topic.

Output pattern (always use this exact shape):
A: <phrase>
B: <phrase>
Answer: Yes/No

Examples:

A: no_evident_not_easy_check-in
B: customer_wait_10_minute_for_greet
Answer: Yes

A: no_evident_not_easy_check-in
B: no_one_give_key_on_late_check-in
Answer: No

A: no_evident_not_great_quality
B: shampoo_seem_cheap_considering_hotel_cost
Answer: Yes

A: no_evident_not_great_quality
B: expensive_hotel
Answer: No

Now answer for this pair. Output ONLY the final line ""Answer: Yes"" or ""Answer: No"" — no other text.

A: no_evident_not_5*_facility
B: comfortable_hall
Answer:
","A: no_evident_not_5*_facility
B: comfortable_hall
Answer: No"
2026-08-16 22:18:53,3,8668,no_evident_not_beautifully_kept_hotel,beautiful_inside,"Task: decide if Proposition B contradicts Assumption A.

Steps:
1. A defends a claim (strip ""no_evident_not_"" / ""have_evident_"" to see it).
2. B states a fact.
3. Does B disprove A's claim? Same specific issue only, not just same topic.

Output pattern (always use this exact shape):
A: <phrase>
B: <phrase>
Answer: Yes/No

Examples:

A: no_evident_not_easy_check-in
B: customer_wait_10_minute_for_greet
Answer: Yes

A: no_evident_not_easy_check-in
B: no_one_give_key_on_late_check-in
Answer: No

A: no_evident_not_great_quality
B: shampoo_seem_cheap_considering_hotel_cost
Answer: Yes

A: no_evident_not_great_quality
B: expensive_hotel
Answer: No

Now answer for this pair. Output ONLY the final line ""Answer: Yes"" or ""Answer: No"" — no other text.

A: no_evident_not_beautifully_kept_hotel
B: beautiful_inside
Answer:
","A: no_evident_not_beautifully_kept_hotel
B: beautiful_inside
Answer: No"
2026-08-16 22:18:53,3,26448,no_evident_not_pleasant_terrace,free_parking_in_front_of_hotel,"Task: decide if Proposition B contradicts Assumption A.

Steps:
1. A defends a claim (strip ""no_evident_not_"" / ""have_evident_"" to see it).
2. B states a fact.
3. Does B disprove A's claim? Same specific issue only, not just same topic.

Output pattern (always use this exact shape):
A: <phrase>
B: <phrase>
Answer: Yes/No

Examples:

A: no_evident_not_easy_check-in
B: customer_wait_10_minute_for_greet
Answer: Yes

A: no_evident_not_easy_check-in
B: no_one_give_key_on_late_check-in
Answer: No

A: no_evident_not_great_quality
B: shampoo_seem_cheap_considering_hotel_cost
Answer: Yes

A: no_evident_not_great_quality
B: expensive_hotel
Answer: No

Now answer for this pair. Output ONLY the final line ""Answer: Yes"" or ""Answer: No"" — no other text.

A: no_evident_not_pleasant_terrace
B: free_parking_in_front_of_hotel
Answer:
","A: no_evident_not_pleasant_terrace
B: free_parking_in_front_of_hotel
Answer: No"
2026-08-16 22:18:53,3,1424,no_evident_not_high_standard_renovated,clean_lobby,"Task: decide if Proposition B contradicts Assumption A.

Steps:
1. A defends a claim (strip ""no_evident_not_"" / ""have_evident_"" to see it).
2. B states a fact.
3. Does B disprove A's claim? Same specific issue only, not just same topic.

Output pattern (always use this exact shape):
A: <phrase>
B: <phrase>
Answer: Yes/No

Examples:

A: no_evident_not_easy_check-in
B: customer_wait_10_minute_for_greet
Answer: Yes

A: no_evident_not_easy_check-in
B: no_one_give_key_on_late_check-in
Answer: No

A: no_evident_not_great_quality
B: shampoo_seem_cheap_considering_hotel_cost
Answer: Yes

A: no_evident_not_great_quality
B: expensive_hotel
Answer: No

Now answer for this pair. Output ONLY the final line ""Answer: Yes"" or ""Answer: No"" — no other text.

A: no_evident_not_high_standard_renovated
B: clean_lobby
Answer:
","A: no_evident_not_high_standard_renovated
B: clean_lobby
Answer: No"
2026-08-16 22:18:54,3,23912,no_evident_not_new_reception,interesting_service,"Task: decide if Proposition B contradicts Assumption A.

Steps:
1. A defends a claim (strip ""no_evident_not_"" / ""have_evident_"" to see it).
2. B states a fact.
3. Does B disprove A's claim? Same specific issue only, not just same topic.

Output pattern (always use this exact shape):
A: <phrase>
B: <phrase>
Answer: Yes/No

Examples:

A: no_evident_not_easy_check-in
B: customer_wait_10_minute_for_greet
Answer: Yes

A: no_evident_not_easy_check-in
B: no_one_give_key_on_late_check-in
Answer: No

A: no_evident_not_great_quality
B: shampoo_seem_cheap_considering_hotel_cost
Answer: Yes

A: no_evident_not_great_quality
B: expensive_hotel
Answer: No

Now answer for this pair. Output ONLY the final line ""Answer: Yes"" or ""Answer: No"" — no other text.

A: no_evident_not_new_reception
B: interesting_service
Answer:
","A: no_evident_not_new_reception
B: receptionist_use_old_software
Answer: Yes"
2026-08-16 22:18:54,3,15055,no_evident_not_friendly_atmosphere,pet_friendly,"Task: decide if Proposition B contradicts Assumption A.

Steps:
1. A defends a claim (strip ""no_evident_not_"" / ""have_evident_"" to see it).
2. B states a fact.
3. Does B disprove A's claim? Same specific issue only, not just same topic.

Output pattern (always use this exact shape):
A: <phrase>
B: <phrase>
Answer: Yes/No

Examples:

A: no_evident_not_easy_check-in
B: customer_wait_10_minute_for_greet
Answer: Yes

A: no_evident_not_easy_check-in
B: no_one_give_key_on_late_check-in
Answer: No

A: no_evident_not_great_quality
B: shampoo_seem_cheap_considering_hotel_cost
Answer: Yes

A: no_evident_not_great_quality
B: expensive_hotel
Answer: No

Now answer for this pair. Output ONLY the final line ""Answer: Yes"" or ""Answer: No"" — no other text.

A: no_evident_not_friendly_atmosphere
B: pet_friendly
Answer:
",Answer: No
2026-08-16 22:18:54,3,17572,no_evident_not_easy_hotel,exceeded_expectation_hotel,"Task: decide if Proposition B contradicts Assumption A.

Steps:
1. A defends a claim (strip ""no_evident_not_"" / ""have_evident_"" to see it).
2. B states a fact.
3. Does B disprove A's claim? Same specific issue only, not just same topic.

Output pattern (always use this exact shape):
A: <phrase>
B: <phrase>
Answer: Yes/No

Examples:

A: no_evident_not_easy_check-in
B: customer_wait_10_minute_for_greet
Answer: Yes

A: no_evident_not_easy_check-in
B: no_one_give_key_on_late_check-in
Answer: No

A: no_evident_not_great_quality
B: shampoo_seem_cheap_considering_hotel_cost
Answer: Yes

A: no_evident_not_great_quality
B: expensive_hotel
Answer: No

Now answer for this pair. Output ONLY the final line ""Answer: Yes"" or ""Answer: No"" — no other text.

A: no_evident_not_easy_hotel
B: exceeded_expectation_hotel
Answer:
",Answer: Yes
2026-08-16 22:18:54,3,4091,no_evident_not_refurbished_hotel,furnished_hotel,"Task: decide if Proposition B contradicts Assumption A.

Steps:
1. A defends a claim (strip ""no_evident_not_"" / ""have_evident_"" to see it).
2. B states a fact.
3. Does B disprove A's claim? Same specific issue only, not just same topic.

Output pattern (always use this exact shape):
A: <phrase>
B: <phrase>
Answer: Yes/No

Examples:

A: no_evident_not_easy_check-in
B: customer_wait_10_minute_for_greet
Answer: Yes

A: no_evident_not_easy_check-in
B: no_one_give_key_on_late_check-in
Answer: No

A: no_evident_not_great_quality
B: shampoo_seem_cheap_considering_hotel_cost
Answer: Yes

A: no_evident_not_great_quality
B: expensive_hotel
Answer: No

Now answer for this pair. Output ONLY the final line ""Answer: Yes"" or ""Answer: No"" — no other text.

A: no_evident_not_refurbished_hotel
B: furnished_hotel
Answer:
","A: no_evident_not_refurbished_hotel
B: furnished_hotel
Answer: No"
2026-08-16 22:18:54,3,31888,no_evident_not_suitable_for_overnight_stay,beautiful_inside,"Task: decide if Proposition B contradicts Assumption A.

Steps:
1. A defends a claim (strip ""no_evident_not_"" / ""have_evident_"" to see it).
2. B states a fact.
3. Does B disprove A's claim? Same specific issue only, not just same topic.

Output pattern (always use this exact shape):
A: <phrase>
B: <phrase>
Answer: Yes/No

Examples:

A: no_evident_not_easy_check-in
B: customer_wait_10_minute_for_greet
Answer: Yes

A: no_evident_not_easy_check-in
B: no_one_give_key_on_late_check-in
Answer: No

A: no_evident_not_great_quality
B: shampoo_seem_cheap_considering_hotel_cost
Answer: Yes

A: no_evident_not_great_quality
B: expensive_hotel
Answer: No

Now answer for this pair. Output ONLY the final line ""Answer: Yes"" or ""Answer: No"" — no other text.

A: no_evident_not_suitable_for_overnight_stay
B: beautiful_inside
Answer:
","A: no_evident_not_suitable_for_overnight_stay
B: beautiful_inside
Answer: No"
2026-08-16 22:18:55,3,30222,no_evident_not_free_parking_in_front_of_hotel,clean_hall,"Task: decide if Proposition B contradicts Assumption A.

Steps:
1. A defends a claim (strip ""no_evident_not_"" / ""have_evident_"" to see it).
2. B states a fact.
3. Does B disprove A's claim? Same specific issue only, not just same topic.

Output pattern (always use this exact shape):
A: <phrase>
B: <phrase>
Answer: Yes/No

Examples:

A: no_evident_not_easy_check-in
B: customer_wait_10_minute_for_greet
Answer: Yes

A: no_evident_not_easy_check-in
B: no_one_give_key_on_late_check-in
Answer: No

A: no_evident_not_great_quality
B: shampoo_seem_cheap_considering_hotel_cost
Answer: Yes

A: no_evident_not_great_quality
B: expensive_hotel
Answer: No

Now answer for this pair. Output ONLY the final line ""Answer: Yes"" or ""Answer: No"" — no other text.

A: no_evident_not_free_parking_in_front_of_hotel
B: clean_hall
Answer:
","A: no_evident_not_free_parking_in_front_of_hotel
B: clean_hall
Answer: No"
2026-08-16 22:18:55,3,12404,no_evident_not_feel_like_home_atmosphere,clean_lobby,"Task: decide if Proposition B contradicts Assumption A.

Steps:
1. A defends a claim (strip ""no_evident_not_"" / ""have_evident_"" to see it).
2. B states a fact.
3. Does B disprove A's claim? Same specific issue only, not just same topic.

Output pattern (always use this exact shape):
A: <phrase>
B: <phrase>
Answer: Yes/No

Examples:

A: no_evident_not_easy_check-in
B: customer_wait_10_minute_for_greet
Answer: Yes

A: no_evident_not_easy_check-in
B: no_one_give_key_on_late_check-in
Answer: No

A: no_evident_not_great_quality
B: shampoo_seem_cheap_considering_hotel_cost
Answer: Yes

A: no_evident_not_great_quality
B: expensive_hotel
Answer: No

Now answer for this pair. Output ONLY the final line ""Answer: Yes"" or ""Answer: No"" — no other text.

A: no_evident_not_feel_like_home_atmosphere
B: clean_lobby
Answer:
","A: no_evident_not_feel_like_home_atmosphere
B: clean_lobby
Answer: No"
2026-08-16 22:18:55,3,2583,no_evident_not_everything_clean,allow_to_take_dog,"Task: decide if Proposition B contradicts Assumption A.

Steps:
1. A defends a claim (strip ""no_evident_not_"" / ""have_evident_"" to see it).
2. B states a fact.
3. Does B disprove A's claim? Same specific issue only, not just same topic.

Output pattern (always use this exact shape):
A: <phrase>
B: <phrase>
Answer: Yes/No

Examples:

A: no_evident_not_easy_check-in
B: customer_wait_10_minute_for_greet
Answer: Yes

A: no_evident_not_easy_check-in
B: no_one_give_key_on_late_check-in
Answer: No

A: no_evident_not_great_quality
B: shampoo_seem_cheap_considering_hotel_cost
Answer: Yes

A: no_evident_not_great_quality
B: expensive_hotel
Answer: No

Now answer for this pair. Output ONLY the final line ""Answer: Yes"" or ""Answer: No"" — no other text.

A: no_evident_not_everything_clean
B: allow_to_take_dog
Answer:
","A: no_evident_not_everything_clean
B: allow_to_take_dog
Answer: No"
2026-08-16 22:18:56,3,18090,no_evident_not_clear_interior,clear_decoration,"Task: decide if Proposition B contradicts Assumption A.

Steps:
1. A defends a claim (strip ""no_evident_not_"" / ""have_evident_"" to see it).
2. B states a fact.
3. Does B disprove A's claim? Same specific issue only, not just same topic.

Output pattern (always use this exact shape):
A: <phrase>
B: <phrase>
Answer: Yes/No

Examples:

A: no_evident_not_easy_check-in
B: customer_wait_10_minute_for_greet
Answer: Yes

A: no_evident_not_easy_check-in
B: no_one_give_key_on_late_check-in
Answer: No

A: no_evident_not_great_quality
B: shampoo_seem_cheap_considering_hotel_cost
Answer: Yes

A: no_evident_not_great_quality
B: expensive_hotel
Answer: No

Now answer for this pair. Output ONLY the final line ""Answer: Yes"" or ""Answer: No"" — no other text.

A: no_evident_not_clear_interior
B: clear_decoration
Answer:
","A: no_evident_not_clear_interior
B: clear_decoration
Answer: No"
2026-08-16 22:18:56,3,9607,no_evident_not_comfortable_lobby,everything_great,"Task: decide if Proposition B contradicts Assumption A.

Steps:
1. A defends a claim (strip ""no_evident_not_"" / ""have_evident_"" to see it).
2. B states a fact.
3. Does B disprove A's claim? Same specific issue only, not just same topic.

Output pattern (always use this exact shape):
A: <phrase>
B: <phrase>
Answer: Yes/No

Examples:

A: no_evident_not_easy_check-in
B: customer_wait_10_minute_for_greet
Answer: Yes

A: no_evident_not_easy_check-in
B: no_one_give_key_on_late_check-in
Answer: No

A: no_evident_not_great_quality
B: shampoo_seem_cheap_considering_hotel_cost
Answer: Yes

A: no_evident_not_great_quality
B: expensive_hotel
Answer: No

Now answer for this pair. Output ONLY the final line ""Answer: Yes"" or ""Answer: No"" — no other text.

A: no_evident_not_comfortable_lobby
B: everything_great
Answer:
","A: no_evident_not_comfortable_lobby
B: everything_great
Answer: No"
2026-08-16 22:18:56,3,27178,no_evident_not_innovative_hotel,suitable_for_overnight_stay,"Task: decide if Proposition B contradicts Assumption A.

Steps:
1. A defends a claim (strip ""no_evident_not_"" / ""have_evident_"" to see it).
2. B states a fact.
3. Does B disprove A's claim? Same specific issue only, not just same topic.

Output pattern (always use this exact shape):
A: <phrase>
B: <phrase>
Answer: Yes/No

Examples:

A: no_evident_not_easy_check-in
B: customer_wait_10_minute_for_greet
Answer: Yes

A: no_evident_not_easy_check-in
B: no_one_give_key_on_late_check-in
Answer: No

A: no_evident_not_great_quality
B: shampoo_seem_cheap_considering_hotel_cost
Answer: Yes

A: no_evident_not_great_quality
B: expensive_hotel
Answer: No

Now answer for this pair. Output ONLY the final line ""Answer: Yes"" or ""Answer: No"" — no other text.

A: no_evident_not_innovative_hotel
B: suitable_for_overnight_stay
Answer:
","A: no_evident_not_innovative_hotel
B: suitable_for_overnight_stay
Answer: No"
2026-08-16 22:18:57,3,20600,no_evident_not_pet_friendly,all_you_need_for_great_holiday,"Task: decide if Proposition B contradicts Assumption A.

Steps:
1. A defends a claim (strip ""no_evident_not_"" / ""have_evident_"" to see it).
2. B states a fact.
3. Does B disprove A's claim? Same specific issue only, not just same topic.

Output pattern (always use this exact shape):
A: <phrase>
B: <phrase>
Answer: Yes/No

Examples:

A: no_evident_not_easy_check-in
B: customer_wait_10_minute_for_greet
Answer: Yes

A: no_evident_not_easy_check-in
B: no_one_give_key_on_late_check-in
Answer: No

A: no_evident_not_great_quality
B: shampoo_seem_cheap_considering_hotel_cost
Answer: Yes

A: no_evident_not_great_quality
B: expensive_hotel
Answer: No

Now answer for this pair. Output ONLY the final line ""Answer: Yes"" or ""Answer: No"" — no other text.

A: no_evident_not_pet_friendly
B: all_you_need_for_great_holiday
Answer:
","A: no_evident_not_pet_friendly
B: all_you_need_for_great_holiday
Answer: Yes"
2026-08-16 22:18:57,3,20268,no_evident_not_nice_front_of_hotel,recently_renovated_hotel,"Task: decide if Proposition B contradicts Assumption A.

Steps:
1. A defends a claim (strip ""no_evident_not_"" / ""have_evident_"" to see it).
2. B states a fact.
3. Does B disprove A's claim? Same specific issue only, not just same topic.

Output pattern (always use this exact shape):
A: <phrase>
B: <phrase>
Answer: Yes/No

Examples:

A: no_evident_not_easy_check-in
B: customer_wait_10_minute_for_greet
Answer: Yes

A: no_evident_not_easy_check-in
B: no_one_give_key_on_late_check-in
Answer: No

A: no_evident_not_great_quality
B: shampoo_seem_cheap_considering_hotel_cost
Answer: Yes

A: no_evident_not_great_quality
B: expensive_hotel
Answer: No

Now answer for this pair. Output ONLY the final line ""Answer: Yes"" or ""Answer: No"" — no other text.

A: no_evident_not_nice_front_of_hotel
B: recently_renovated_hotel
Answer:
","A: no_evident_not_nice_front_of_hotel
B: recently_renovated_hotel
Answer: No"
2026-08-16 22:18:57,3,29015,no_evident_not_clean_hall,fantastic_service,"Task: decide if Proposition B contradicts Assumption A.

Steps:
1. A defends a claim (strip ""no_evident_not_"" / ""have_evident_"" to see it).
2. B states a fact.
3. Does B disprove A's claim? Same specific issue only, not just same topic.

Output pattern (always use this exact shape):
A: <phrase>
B: <phrase>
Answer: Yes/No

Examples:

A: no_evident_not_easy_check-in
B: customer_wait_10_minute_for_greet
Answer: Yes

A: no_evident_not_easy_check-in
B: no_one_give_key_on_late_check-in
Answer: No

A: no_evident_not_great_quality
B: shampoo_seem_cheap_considering_hotel_cost
Answer: Yes

A: no_evident_not_great_quality
B: expensive_hotel
Answer: No

Now answer for this pair. Output ONLY the final line ""Answer: Yes"" or ""Answer: No"" — no other text.

A: no_evident_not_clean_hall
B: fantastic_service
Answer:
",Answer: No
2026-08-16 22:18:57,3,28237,no_evident_not_welcoming_environment,welcoming_environment,"Task: decide if Proposition B contradicts Assumption A.

Steps:
1. A defends a claim (strip ""no_evident_not_"" / ""have_evident_"" to see it).
2. B states a fact.
3. Does B disprove A's claim? Same specific issue only, not just same topic.

Output pattern (always use this exact shape):
A: <phrase>
B: <phrase>
Answer: Yes/No

Examples:

A: no_evident_not_easy_check-in
B: customer_wait_10_minute_for_greet
Answer: Yes

A: no_evident_not_easy_check-in
B: no_one_give_key_on_late_check-in
Answer: No

A: no_evident_not_great_quality
B: shampoo_seem_cheap_considering_hotel_cost
Answer: Yes

A: no_evident_not_great_quality
B: expensive_hotel
Answer: No

Now answer for this pair. Output ONLY the final line ""Answer: Yes"" or ""Answer: No"" — no other text.

A: no_evident_not_welcoming_environment
B: welcoming_environment
Answer:
",Answer: No
2026-08-16 22:18:58,3,11851,no_evident_not_clean_boutique_hotel,innovative_hotel,"Task: decide if Proposition B contradicts Assumption A.

Steps:
1. A defends a claim (strip ""no_evident_not_"" / ""have_evident_"" to see it).
2. B states a fact.
3. Does B disprove A's claim? Same specific issue only, not just same topic.

Output pattern (always use this exact shape):
A: <phrase>
B: <phrase>
Answer: Yes/No

Examples:

A: no_evident_not_easy_check-in
B: customer_wait_10_minute_for_greet
Answer: Yes

A: no_evident_not_easy_check-in
B: no_one_give_key_on_late_check-in
Answer: No

A: no_evident_not_great_quality
B: shampoo_seem_cheap_considering_hotel_cost
Answer: Yes

A: no_evident_not_great_quality
B: expensive_hotel
Answer: No

Now answer for this pair. Output ONLY the final line ""Answer: Yes"" or ""Answer: No"" — no other text.

A: no_evident_not_clean_boutique_hotel
B: innovative_hotel
Answer:
","A: no_evident_not_clean_boutique_hotel
B: innovative_hotel
Answer: No"
2026-08-16 22:18:58,3,18919,no_evident_not_brand_new_furniture,lovely_little_hotel,"Task: decide if Proposition B contradicts Assumption A.

Steps:
1. A defends a claim (strip ""no_evident_not_"" / ""have_evident_"" to see it).
2. B states a fact.
3. Does B disprove A's claim? Same specific issue only, not just same topic.

Output pattern (always use this exact shape):
A: <phrase>
B: <phrase>
Answer: Yes/No

Examples:

A: no_evident_not_easy_check-in
B: customer_wait_10_minute_for_greet
Answer: Yes

A: no_evident_not_easy_check-in
B: no_one_give_key_on_late_check-in
Answer: No

A: no_evident_not_great_quality
B: shampoo_seem_cheap_considering_hotel_cost
Answer: Yes

A: no_evident_not_great_quality
B: expensive_hotel
Answer: No

Now answer for this pair. Output ONLY the final line ""Answer: Yes"" or ""Answer: No"" — no other text.

A: no_evident_not_brand_new_furniture
B: lovely_little_hotel
Answer:
","A: no_evident_not_brand_new_furniture
B: lovely_little_hotel
Answer: Yes"
2026-08-16 22:18:58,3,6301,no_evident_not_perfect_hotel,new_hotel,"Task: decide if Proposition B contradicts Assumption A.

Steps:
1. A defends a claim (strip ""no_evident_not_"" / ""have_evident_"" to see it).
2. B states a fact.
3. Does B disprove A's claim? Same specific issue only, not just same topic.

Output pattern (always use this exact shape):
A: <phrase>
B: <phrase>
Answer: Yes/No

Examples:

A: no_evident_not_easy_check-in
B: customer_wait_10_minute_for_greet
Answer: Yes

A: no_evident_not_easy_check-in
B: no_one_give_key_on_late_check-in
Answer: No

A: no_evident_not_great_quality
B: shampoo_seem_cheap_considering_hotel_cost
Answer: Yes

A: no_evident_not_great_quality
B: expensive_hotel
Answer: No

Now answer for this pair. Output ONLY the final line ""Answer: Yes"" or ""Answer: No"" — no other text.

A: no_evident_not_perfect_hotel
B: new_hotel
Answer:
","A: no_evident_not_perfect_hotel
B: new_hotel
Answer: No"
2026-08-16 22:18:59,3,23088,no_evident_not_open_air_car_park,fresh_hotel,"Task: decide if Proposition B contradicts Assumption A.

Steps:
1. A defends a claim (strip ""no_evident_not_"" / ""have_evident_"" to see it).
2. B states a fact.
3. Does B disprove A's claim? Same specific issue only, not just same topic.

Output pattern (always use this exact shape):
A: <phrase>
B: <phrase>
Answer: Yes/No

Examples:

A: no_evident_not_easy_check-in
B: customer_wait_10_minute_for_greet
Answer: Yes

A: no_evident_not_easy_check-in
B: no_one_give_key_on_late_check-in
Answer: No

A: no_evident_not_great_quality
B: shampoo_seem_cheap_considering_hotel_cost
Answer: Yes

A: no_evident_not_great_quality
B: expensive_hotel
Answer: No

Now answer for this pair. Output ONLY the final line ""Answer: Yes"" or ""Answer: No"" — no other text.

A: no_evident_not_open_air_car_park
B: fresh_hotel
Answer:
","A: no_evident_not_open_air_car_park
B: no_car_park
Answer: Yes"
2026-08-16 22:18:59,3,2280,no_evident_not_clean_hotel,light_hotel,"Task: decide if Proposition B contradicts Assumption A.

Steps:
1. A defends a claim (strip ""no_evident_not_"" / ""have_evident_"" to see it).
2. B states a fact.
3. Does B disprove A's claim? Same specific issue only, not just same topic.

Output pattern (always use this exact shape):
A: <phrase>
B: <phrase>
Answer: Yes/No

Examples:

A: no_evident_not_easy_check-in
B: customer_wait_10_minute_for_greet
Answer: Yes

A: no_evident_not_easy_check-in
B: no_one_give_key_on_late_check-in
Answer: No

A: no_evident_not_great_quality
B: shampoo_seem_cheap_considering_hotel_cost
Answer: Yes

A: no_evident_not_great_quality
B: expensive_hotel
Answer: No

Now answer for this pair. Output ONLY the final line ""Answer: Yes"" or ""Answer: No"" — no other text.

A: no_evident_not_clean_hotel
B: light_hotel
Answer:
","A: no_evident_not_clean_hotel
B: light_hotel
Answer: No"
2026-08-16 22:18:59,3,1502,no_evident_not_up_to_4*_standard,flexible_with_our_schedule,"Task: decide if Proposition B contradicts Assumption A.

Steps:
1. A defends a claim (strip ""no_evident_not_"" / ""have_evident_"" to see it).
2. B states a fact.
3. Does B disprove A's claim? Same specific issue only, not just same topic.

Output pattern (always use this exact shape):
A: <phrase>
B: <phrase>
Answer: Yes/No

Examples:

A: no_evident_not_easy_check-in
B: customer_wait_10_minute_for_greet
Answer: Yes

A: no_evident_not_easy_check-in
B: no_one_give_key_on_late_check-in
Answer: No

A: no_evident_not_great_quality
B: shampoo_seem_cheap_considering_hotel_cost
Answer: Yes

A: no_evident_not_great_quality
B: expensive_hotel
Answer: No

Now answer for this pair. Output ONLY the final line ""Answer: Yes"" or ""Answer: No"" — no other text.

A: no_evident_not_up_to_4*_standard
B: flexible_with_our_schedule
Answer:
","A: no_evident_not_up_to_4*_standard
B: flexible_with_our_schedule
Answer: No"
2026-08-16 22:19:00,3,21669,no_evident_not_neat_facility,feel_like_home_atmosphere,"Task: decide if Proposition B contradicts Assumption A.

Steps:
1. A defends a claim (strip ""no_evident_not_"" / ""have_evident_"" to see it).
2. B states a fact.
3. Does B disprove A's claim? Same specific issue only, not just same topic.

Output pattern (always use this exact shape):
A: <phrase>
B: <phrase>
Answer: Yes/No

Examples:

A: no_evident_not_easy_check-in
B: customer_wait_10_minute_for_greet
Answer: Yes

A: no_evident_not_easy_check-in
B: no_one_give_key_on_late_check-in
Answer: No

A: no_evident_not_great_quality
B: shampoo_seem_cheap_considering_hotel_cost
Answer: Yes

A: no_evident_not_great_quality
B: expensive_hotel
Answer: No

Now answer for this pair. Output ONLY the final line ""Answer: Yes"" or ""Answer: No"" — no other text.

A: no_evident_not_neat_facility
B: feel_like_home_atmosphere
Answer:
","A: no_evident_not_neat_facility
B: feel_like_home_atmosphere
Answer: No"
2026-08-16 22:19:00,3,7468,no_evident_not_contemporary_hotel,easy_parking,"Task: decide if Proposition B contradicts Assumption A.

Steps:
1. A defends a claim (strip ""no_evident_not_"" / ""have_evident_"" to see it).
2. B states a fact.
3. Does B disprove A's claim? Same specific issue only, not just same topic.

Output pattern (always use this exact shape):
A: <phrase>
B: <phrase>
Answer: Yes/No

Examples:

A: no_evident_not_easy_check-in
B: customer_wait_10_minute_for_greet
Answer: Yes

A: no_evident_not_easy_check-in
B: no_one_give_key_on_late_check-in
Answer: No

A: no_evident_not_great_quality
B: shampoo_seem_cheap_considering_hotel_cost
Answer: Yes

A: no_evident_not_great_quality
B: expensive_hotel
Answer: No

Now answer for this pair. Output ONLY the final line ""Answer: Yes"" or ""Answer: No"" — no other text.

A: no_evident_not_contemporary_hotel
B: easy_parking
Answer:
",Answer: No
2026-08-16 22:19:00,3,25332,no_evident_not_able_to_bring_dog,nice_facility,"Task: decide if Proposition B contradicts Assumption A.

Steps:
1. A defends a claim (strip ""no_evident_not_"" / ""have_evident_"" to see it).
2. B states a fact.
3. Does B disprove A's claim? Same specific issue only, not just same topic.

Output pattern (always use this exact shape):
A: <phrase>
B: <phrase>
Answer: Yes/No

Examples:

A: no_evident_not_easy_check-in
B: customer_wait_10_minute_for_greet
Answer: Yes

A: no_evident_not_easy_check-in
B: no_one_give_key_on_late_check-in
Answer: No

A: no_evident_not_great_quality
B: shampoo_seem_cheap_considering_hotel_cost
Answer: Yes

A: no_evident_not_great_quality
B: expensive_hotel
Answer: No

Now answer for this pair. Output ONLY the final line ""Answer: Yes"" or ""Answer: No"" — no other text.

A: no_evident_not_able_to_bring_dog
B: nice_facility
Answer:
","A: no_evident_not_able_to_bring_dog
B: no_dogs_allowed
Answer: Yes"
2026-08-16 22:19:00,3,9483,no_evident_not_modern_lobby,feel_like_home_hotel,"Task: decide if Proposition B contradicts Assumption A.

Steps:
1. A defends a claim (strip ""no_evident_not_"" / ""have_evident_"" to see it).
2. B states a fact.
3. Does B disprove A's claim? Same specific issue only, not just same topic.

Output pattern (always use this exact shape):
A: <phrase>
B: <phrase>
Answer: Yes/No

Examples:

A: no_evident_not_easy_check-in
B: customer_wait_10_minute_for_greet
Answer: Yes

A: no_evident_not_easy_check-in
B: no_one_give_key_on_late_check-in
Answer: No

A: no_evident_not_great_quality
B: shampoo_seem_cheap_considering_hotel_cost
Answer: Yes

A: no_evident_not_great_quality
B: expensive_hotel
Answer: No

Now answer for this pair. Output ONLY the final line ""Answer: Yes"" or ""Answer: No"" — no other text.

A: no_evident_not_modern_lobby
B: feel_like_home_hotel
Answer:
","A: no_evident_not_modern_lobby
B: feel_like_home_hotel
Answer: No"
2026-08-16 22:19:01,3,32284,no_evident_not_cozy_atmosphere,boutique_hotel,"Task: decide if Proposition B contradicts Assumption A.

Steps:
1. A defends a claim (strip ""no_evident_not_"" / ""have_evident_"" to see it).
2. B states a fact.
3. Does B disprove A's claim? Same specific issue only, not just same topic.

Output pattern (always use this exact shape):
A: <phrase>
B: <phrase>
Answer: Yes/No

Examples:

A: no_evident_not_easy_check-in
B: customer_wait_10_minute_for_greet
Answer: Yes

A: no_evident_not_easy_check-in
B: no_one_give_key_on_late_check-in
Answer: No

A: no_evident_not_great_quality
B: shampoo_seem_cheap_considering_hotel_cost
Answer: Yes

A: no_evident_not_great_quality
B: expensive_hotel
Answer: No

Now answer for this pair. Output ONLY the final line ""Answer: Yes"" or ""Answer: No"" — no other text.

A: no_evident_not_cozy_atmosphere
B: boutique_hotel
Answer:
","A: no_evident_not_cozy_atmosphere
B: boutique_hotel
Answer: No"
2026-08-16 22:19:01,3,2615,no_evident_not_everything_clean,bright_hotel,"Task: decide if Proposition B contradicts Assumption A.

Steps:
1. A defends a claim (strip ""no_evident_not_"" / ""have_evident_"" to see it).
2. B states a fact.
3. Does B disprove A's claim? Same specific issue only, not just same topic.

Output pattern (always use this exact shape):
A: <phrase>
B: <phrase>
Answer: Yes/No

Examples:

A: no_evident_not_easy_check-in
B: customer_wait_10_minute_for_greet
Answer: Yes

A: no_evident_not_easy_check-in
B: no_one_give_key_on_late_check-in
Answer: No

A: no_evident_not_great_quality
B: shampoo_seem_cheap_considering_hotel_cost
Answer: Yes

A: no_evident_not_great_quality
B: expensive_hotel
Answer: No

Now answer for this pair. Output ONLY the final line ""Answer: Yes"" or ""Answer: No"" — no other text.

A: no_evident_not_everything_clean
B: bright_hotel
Answer:
","A: no_evident_not_everything_clean
B: bright_hotel
Answer: No"
2026-08-16 22:19:01,3,28028,no_evident_not_family_hotel,many_free_parking_space_available_on_early_November,"Task: decide if Proposition B contradicts Assumption A.

Steps:
1. A defends a claim (strip ""no_evident_not_"" / ""have_evident_"" to see it).
2. B states a fact.
3. Does B disprove A's claim? Same specific issue only, not just same topic.

Output pattern (always use this exact shape):
A: <phrase>
B: <phrase>
Answer: Yes/No

Examples:

A: no_evident_not_easy_check-in
B: customer_wait_10_minute_for_greet
Answer: Yes

A: no_evident_not_easy_check-in
B: no_one_give_key_on_late_check-in
Answer: No

A: no_evident_not_great_quality
B: shampoo_seem_cheap_considering_hotel_cost
Answer: Yes

A: no_evident_not_great_quality
B: expensive_hotel
Answer: No

Now answer for this pair. Output ONLY the final line ""Answer: Yes"" or ""Answer: No"" — no other text.

A: no_evident_not_family_hotel
B: many_free_parking_space_available_on_early_November
Answer:
","A: no_evident_not_family_hotel
B: many_free_parking_space_available_on_early_November
Answer: No"
2026-08-16 22:19:02,3,7629,no_evident_not_beautiful_hotel,feel_like_home_atmosphere,"Task: decide if Proposition B contradicts Assumption A.

Steps:
1. A defends a claim (strip ""no_evident_not_"" / ""have_evident_"" to see it).
2. B states a fact.
3. Does B disprove A's claim? Same specific issue only, not just same topic.

Output pattern (always use this exact shape):
A: <phrase>
B: <phrase>
Answer: Yes/No

Examples:

A: no_evident_not_easy_check-in
B: customer_wait_10_minute_for_greet
Answer: Yes

A: no_evident_not_easy_check-in
B: no_one_give_key_on_late_check-in
Answer: No

A: no_evident_not_great_quality
B: shampoo_seem_cheap_considering_hotel_cost
Answer: Yes

A: no_evident_not_great_quality
B: expensive_hotel
Answer: No

Now answer for this pair. Output ONLY the final line ""Answer: Yes"" or ""Answer: No"" — no other text.

A: no_evident_not_beautiful_hotel
B: feel_like_home_atmosphere
Answer:
","A: no_evident_not_beautiful_hotel
B: feel_like_home_atmosphere
Answer: No"
2026-08-16 22:19:02,3,28393,no_evident_not_has_place_to_park_car,new_reception,"Task: decide if Proposition B contradicts Assumption A.

Steps:
1. A defends a claim (strip ""no_evident_not_"" / ""have_evident_"" to see it).
2. B states a fact.
3. Does B disprove A's claim? Same specific issue only, not just same topic.

Output pattern (always use this exact shape):
A: <phrase>
B: <phrase>
Answer: Yes/No

Examples:

A: no_evident_not_easy_check-in
B: customer_wait_10_minute_for_greet
Answer: Yes

A: no_evident_not_easy_check-in
B: no_one_give_key_on_late_check-in
Answer: No

A: no_evident_not_great_quality
B: shampoo_seem_cheap_considering_hotel_cost
Answer: Yes

A: no_evident_not_great_quality
B: expensive_hotel
Answer: No

Now answer for this pair. Output ONLY the final line ""Answer: Yes"" or ""Answer: No"" — no other text.

A: no_evident_not_has_place_to_park_car
B: new_reception
Answer:
","A: no_evident_not_has_place_to_park_car
B: new_reception
Answer: No"
2026-08-16 22:19:02,3,3310,no_evident_not_lovely_little_hotel,Christmas_vibe_hotel,"Task: decide if Proposition B contradicts Assumption A.

Steps:
1. A defends a claim (strip ""no_evident_not_"" / ""have_evident_"" to see it).
2. B states a fact.
3. Does B disprove A's claim? Same specific issue only, not just same topic.

Output pattern (always use this exact shape):
A: <phrase>
B: <phrase>
Answer: Yes/No

Examples:

A: no_evident_not_easy_check-in
B: customer_wait_10_minute_for_greet
Answer: Yes

A: no_evident_not_easy_check-in
B: no_one_give_key_on_late_check-in
Answer: No

A: no_evident_not_great_quality
B: shampoo_seem_cheap_considering_hotel_cost
Answer: Yes

A: no_evident_not_great_quality
B: expensive_hotel
Answer: No

Now answer for this pair. Output ONLY the final line ""Answer: Yes"" or ""Answer: No"" — no other text.

A: no_evident_not_lovely_little_hotel
B: Christmas_vibe_hotel
Answer:
","A: no_evident_not_lovely_little_hotel
B: Christmas_vibe_hotel
Answer: No"
2026-08-16 22:19:03,3,12456,no_evident_not_Christmas_vibe_hotel,perfect_hotel,"Task: decide if Proposition B contradicts Assumption A.

Steps:
1. A defends a claim (strip ""no_evident_not_"" / ""have_evident_"" to see it).
2. B states a fact.
3. Does B disprove A's claim? Same specific issue only, not just same topic.

Output pattern (always use this exact shape):
A: <phrase>
B: <phrase>
Answer: Yes/No

Examples:

A: no_evident_not_easy_check-in
B: customer_wait_10_minute_for_greet
Answer: Yes

A: no_evident_not_easy_check-in
B: no_one_give_key_on_late_check-in
Answer: No

A: no_evident_not_great_quality
B: shampoo_seem_cheap_considering_hotel_cost
Answer: Yes

A: no_evident_not_great_quality
B: expensive_hotel
Answer: No

Now answer for this pair. Output ONLY the final line ""Answer: Yes"" or ""Answer: No"" — no other text.

A: no_evident_not_Christmas_vibe_hotel
B: perfect_hotel
Answer:
","A: no_evident_not_Christmas_vibe_hotel
B: perfect_hotel
Answer: Yes"
2026-08-16 22:19:03,3,9109,no_evident_not_small_hotel_which_we_like,amazing_place,"Task: decide if Proposition B contradicts Assumption A.

Steps:
1. A defends a claim (strip ""no_evident_not_"" / ""have_evident_"" to see it).
2. B states a fact.
3. Does B disprove A's claim? Same specific issue only, not just same topic.

Output pattern (always use this exact shape):
A: <phrase>
B: <phrase>
Answer: Yes/No

Examples:

A: no_evident_not_easy_check-in
B: customer_wait_10_minute_for_greet
Answer: Yes

A: no_evident_not_easy_check-in
B: no_one_give_key_on_late_check-in
Answer: No

A: no_evident_not_great_quality
B: shampoo_seem_cheap_considering_hotel_cost
Answer: Yes

A: no_evident_not_great_quality
B: expensive_hotel
Answer: No

Now answer for this pair. Output ONLY the final line ""Answer: Yes"" or ""Answer: No"" — no other text.

A: no_evident_not_small_hotel_which_we_like
B: amazing_place
Answer:
","A: no_evident_not_small_hotel_which_we_like
B: amazing_place
Answer: No"
2026-08-16 22:19:03,3,14858,no_evident_not_best_hotel,easy_hotel,"Task: decide if Proposition B contradicts Assumption A.

Steps:
1. A defends a claim (strip ""no_evident_not_"" / ""have_evident_"" to see it).
2. B states a fact.
3. Does B disprove A's claim? Same specific issue only, not just same topic.

Output pattern (always use this exact shape):
A: <phrase>
B: <phrase>
Answer: Yes/No

Examples:

A: no_evident_not_easy_check-in
B: customer_wait_10_minute_for_greet
Answer: Yes

A: no_evident_not_easy_check-in
B: no_one_give_key_on_late_check-in
Answer: No

A: no_evident_not_great_quality
B: shampoo_seem_cheap_considering_hotel_cost
Answer: Yes

A: no_evident_not_great_quality
B: expensive_hotel
Answer: No

Now answer for this pair. Output ONLY the final line ""Answer: Yes"" or ""Answer: No"" — no other text.

A: no_evident_not_best_hotel
B: easy_hotel
Answer:
","A: no_evident_not_best_hotel
B: easy_hotel
Answer: No"
2026-08-16 22:19:04,3,20831,no_evident_not_made_for_comfortable_stay,furnished_hotel,"Task: decide if Proposition B contradicts Assumption A.

Steps:
1. A defends a claim (strip ""no_evident_not_"" / ""have_evident_"" to see it).
2. B states a fact.
3. Does B disprove A's claim? Same specific issue only, not just same topic.

Output pattern (always use this exact shape):
A: <phrase>
B: <phrase>
Answer: Yes/No

Examples:

A: no_evident_not_easy_check-in
B: customer_wait_10_minute_for_greet
Answer: Yes

A: no_evident_not_easy_check-in
B: no_one_give_key_on_late_check-in
Answer: No

A: no_evident_not_great_quality
B: shampoo_seem_cheap_considering_hotel_cost
Answer: Yes

A: no_evident_not_great_quality
B: expensive_hotel
Answer: No

Now answer for this pair. Output ONLY the final line ""Answer: Yes"" or ""Answer: No"" — no other text.

A: no_evident_not_made_for_comfortable_stay
B: furnished_hotel
Answer:
","A: no_evident_not_made_for_comfortable_stay
B: furnished_hotel
Answer: Yes"
2026-08-16 22:19:04,3,27333,no_evident_not_interesting_service,can_request_by_push_button,"Task: decide if Proposition B contradicts Assumption A.

Steps:
1. A defends a claim (strip ""no_evident_not_"" / ""have_evident_"" to see it).
2. B states a fact.
3. Does B disprove A's claim? Same specific issue only, not just same topic.

Output pattern (always use this exact shape):
A: <phrase>
B: <phrase>
Answer: Yes/No

Examples:

A: no_evident_not_easy_check-in
B: customer_wait_10_minute_for_greet
Answer: Yes

A: no_evident_not_easy_check-in
B: no_one_give_key_on_late_check-in
Answer: No

A: no_evident_not_great_quality
B: shampoo_seem_cheap_considering_hotel_cost
Answer: Yes

A: no_evident_not_great_quality
B: expensive_hotel
Answer: No

Now answer for this pair. Output ONLY the final line ""Answer: Yes"" or ""Answer: No"" — no other text.

A: no_evident_not_interesting_service
B: can_request_by_push_button
Answer:
","A: no_evident_not_interesting_service
B: can_request_by_push_button
Answer: No"
2026-08-16 22:19:04,3,11955,no_evident_not_everything_great,no_extra_charge_for_dog,"Task: decide if Proposition B contradicts Assumption A.

Steps:
1. A defends a claim (strip ""no_evident_not_"" / ""have_evident_"" to see it).
2. B states a fact.
3. Does B disprove A's claim? Same specific issue only, not just same topic.

Output pattern (always use this exact shape):
A: <phrase>
B: <phrase>
Answer: Yes/No

Examples:

A: no_evident_not_easy_check-in
B: customer_wait_10_minute_for_greet
Answer: Yes

A: no_evident_not_easy_check-in
B: no_one_give_key_on_late_check-in
Answer: No

A: no_evident_not_great_quality
B: shampoo_seem_cheap_considering_hotel_cost
Answer: Yes

A: no_evident_not_great_quality
B: expensive_hotel
Answer: No

Now answer for this pair. Output ONLY the final line ""Answer: Yes"" or ""Answer: No"" — no other text.

A: no_evident_not_everything_great
B: no_extra_charge_for_dog
Answer:
","A: no_evident_not_everything_great
B: no_extra_charge_for_dog
Answer: Yes"
2026-08-16 22:19:05,3,5330,no_evident_not_everything_new,5*_facility,"Task: decide if Proposition B contradicts Assumption A.

Steps:
1. A defends a claim (strip ""no_evident_not_"" / ""have_evident_"" to see it).
2. B states a fact.
3. Does B disprove A's claim? Same specific issue only, not just same topic.

Output pattern (always use this exact shape):
A: <phrase>
B: <phrase>
Answer: Yes/No

Examples:

A: no_evident_not_easy_check-in
B: customer_wait_10_minute_for_greet
Answer: Yes

A: no_evident_not_easy_check-in
B: no_one_give_key_on_late_check-in
Answer: No

A: no_evident_not_great_quality
B: shampoo_seem_cheap_considering_hotel_cost
Answer: Yes

A: no_evident_not_great_quality
B: expensive_hotel
Answer: No

Now answer for this pair. Output ONLY the final line ""Answer: Yes"" or ""Answer: No"" — no other text.

A: no_evident_not_everything_new
B: 5*_facility
Answer:
","A: no_evident_not_everything_new
B: 5_star_facility
Answer: Yes"
2026-08-16 22:19:05,3,12131,no_evident_not_well_furnished_hotel,nice_ambiance_hotel,"Task: decide if Proposition B contradicts Assumption A.

Steps:
1. A defends a claim (strip ""no_evident_not_"" / ""have_evident_"" to see it).
2. B states a fact.
3. Does B disprove A's claim? Same specific issue only, not just same topic.

Output pattern (always use this exact shape):
A: <phrase>
B: <phrase>
Answer: Yes/No

Examples:

A: no_evident_not_easy_check-in
B: customer_wait_10_minute_for_greet
Answer: Yes

A: no_evident_not_easy_check-in
B: no_one_give_key_on_late_check-in
Answer: No

A: no_evident_not_great_quality
B: shampoo_seem_cheap_considering_hotel_cost
Answer: Yes

A: no_evident_not_great_quality
B: expensive_hotel
Answer: No

Now answer for this pair. Output ONLY the final line ""Answer: Yes"" or ""Answer: No"" — no other text.

A: no_evident_not_well_furnished_hotel
B: nice_ambiance_hotel
Answer:
","A: no_evident_not_well_furnished_hotel
B: nice_ambiance_hotel
Answer: No"
2026-08-16 22:19:05,3,11642,no_evident_not_nice_boutique_hotel,take_COVID_prevention_measure,"Task: decide if Proposition B contradicts Assumption A.

Steps:
1. A defends a claim (strip ""no_evident_not_"" / ""have_evident_"" to see it).
2. B states a fact.
3. Does B disprove A's claim? Same specific issue only, not just same topic.

Output pattern (always use this exact shape):
A: <phrase>
B: <phrase>
Answer: Yes/No

Examples:

A: no_evident_not_easy_check-in
B: customer_wait_10_minute_for_greet
Answer: Yes

A: no_evident_not_easy_check-in
B: no_one_give_key_on_late_check-in
Answer: No

A: no_evident_not_great_quality
B: shampoo_seem_cheap_considering_hotel_cost
Answer: Yes

A: no_evident_not_great_quality
B: expensive_hotel
Answer: No

Now answer for this pair. Output ONLY the final line ""Answer: Yes"" or ""Answer: No"" — no other text.

A: no_evident_not_nice_boutique_hotel
B: take_COVID_prevention_measure
Answer:
",Answer: No
2026-08-16 22:19:05,3,6866,no_evident_not_family_establishment,allow_stay_with_animal,"Task: decide if Proposition B contradicts Assumption A.

Steps:
1. A defends a claim (strip ""no_evident_not_"" / ""have_evident_"" to see it).
2. B states a fact.
3. Does B disprove A's claim? Same specific issue only, not just same topic.

Output pattern (always use this exact shape):
A: <phrase>
B: <phrase>
Answer: Yes/No

Examples:

A: no_evident_not_easy_check-in
B: customer_wait_10_minute_for_greet
Answer: Yes

A: no_evident_not_easy_check-in
B: no_one_give_key_on_late_check-in
Answer: No

A: no_evident_not_great_quality
B: shampoo_seem_cheap_considering_hotel_cost
Answer: Yes

A: no_evident_not_great_quality
B: expensive_hotel
Answer: No

Now answer for this pair. Output ONLY the final line ""Answer: Yes"" or ""Answer: No"" — no other text.

A: no_evident_not_family_establishment
B: allow_stay_with_animal
Answer:
","A: no_evident_not_family_establishment
B: allow_stay_with_animal
Answer: No"
2026-08-16 22:19:06,3,21961,no_evident_not_feel_like_home_hotel,new_hotel,"Task: decide if Proposition B contradicts Assumption A.

Steps:
1. A defends a claim (strip ""no_evident_not_"" / ""have_evident_"" to see it).
2. B states a fact.
3. Does B disprove A's claim? Same specific issue only, not just same topic.

Output pattern (always use this exact shape):
A: <phrase>
B: <phrase>
Answer: Yes/No

Examples:

A: no_evident_not_easy_check-in
B: customer_wait_10_minute_for_greet
Answer: Yes

A: no_evident_not_easy_check-in
B: no_one_give_key_on_late_check-in
Answer: No

A: no_evident_not_great_quality
B: shampoo_seem_cheap_considering_hotel_cost
Answer: Yes

A: no_evident_not_great_quality
B: expensive_hotel
Answer: No

Now answer for this pair. Output ONLY the final line ""Answer: Yes"" or ""Answer: No"" — no other text.

A: no_evident_not_feel_like_home_hotel
B: new_hotel
Answer:
","A: no_evident_not_feel_like_home_hotel
B: new_hotel
Answer: No"
2026-08-16 22:19:06,3,8749,no_evident_not_beautifully_kept_hotel,amazing_place,"Task: decide if Proposition B contradicts Assumption A.

Steps:
1. A defends a claim (strip ""no_evident_not_"" / ""have_evident_"" to see it).
2. B states a fact.
3. Does B disprove A's claim? Same specific issue only, not just same topic.

Output pattern (always use this exact shape):
A: <phrase>
B: <phrase>
Answer: Yes/No

Examples:

A: no_evident_not_easy_check-in
B: customer_wait_10_minute_for_greet
Answer: Yes

A: no_evident_not_easy_check-in
B: no_one_give_key_on_late_check-in
Answer: No

A: no_evident_not_great_quality
B: shampoo_seem_cheap_considering_hotel_cost
Answer: Yes

A: no_evident_not_great_quality
B: expensive_hotel
Answer: No

Now answer for this pair. Output ONLY the final line ""Answer: Yes"" or ""Answer: No"" — no other text.

A: no_evident_not_beautifully_kept_hotel
B: amazing_place
Answer:
","A: no_evident_not_beautifully_kept_hotel
B: amazing_place
Answer: No"
2026-08-16 22:19:07,3,22998,no_evident_not_many_free_parking_space_available_on_early_November,intimate_hotel,"Task: decide if Proposition B contradicts Assumption A.

Steps:
1. A defends a claim (strip ""no_evident_not_"" / ""have_evident_"" to see it).
2. B states a fact.
3. Does B disprove A's claim? Same specific issue only, not just same topic.

Output pattern (always use this exact shape):
A: <phrase>
B: <phrase>
Answer: Yes/No

Examples:

A: no_evident_not_easy_check-in
B: customer_wait_10_minute_for_greet
Answer: Yes

A: no_evident_not_easy_check-in
B: no_one_give_key_on_late_check-in
Answer: No

A: no_evident_not_great_quality
B: shampoo_seem_cheap_considering_hotel_cost
Answer: Yes

A: no_evident_not_great_quality
B: expensive_hotel
Answer: No

Now answer for this pair. Output ONLY the final line ""Answer: Yes"" or ""Answer: No"" — no other text.

A: no_evident_not_many_free_parking_space_available_on_early_November
B: intimate_hotel
Answer:
","A: no_evident_not_many_free_parking_space_available_on_early_November
B: intimate_hotel
Answer: Yes"
2026-08-16 22:19:07,3,30693,no_evident_not_stylish_hotel,just_renovated_hotel,"Task: decide if Proposition B contradicts Assumption A.

Steps:
1. A defends a claim (strip ""no_evident_not_"" / ""have_evident_"" to see it).
2. B states a fact.
3. Does B disprove A's claim? Same specific issue only, not just same topic.

Output pattern (always use this exact shape):
A: <phrase>
B: <phrase>
Answer: Yes/No

Examples:

A: no_evident_not_easy_check-in
B: customer_wait_10_minute_for_greet
Answer: Yes

A: no_evident_not_easy_check-in
B: no_one_give_key_on_late_check-in
Answer: No

A: no_evident_not_great_quality
B: shampoo_seem_cheap_considering_hotel_cost
Answer: Yes

A: no_evident_not_great_quality
B: expensive_hotel
Answer: No

Now answer for this pair. Output ONLY the final line ""Answer: Yes"" or ""Answer: No"" — no other text.

A: no_evident_not_stylish_hotel
B: just_renovated_hotel
Answer:
","A: no_evident_not_stylish_hotel
B: just_renovated_hotel
Answer: No"
2026-08-16 22:19:07,3,22399,no_evident_not_cleanest_hotel_in_Cyprus,nice_small_hotel,"Task: decide if Proposition B contradicts Assumption A.

Steps:
1. A defends a claim (strip ""no_evident_not_"" / ""have_evident_"" to see it).
2. B states a fact.
3. Does B disprove A's claim? Same specific issue only, not just same topic.

Output pattern (always use this exact shape):
A: <phrase>
B: <phrase>
Answer: Yes/No

Examples:

A: no_evident_not_easy_check-in
B: customer_wait_10_minute_for_greet
Answer: Yes

A: no_evident_not_easy_check-in
B: no_one_give_key_on_late_check-in
Answer: No

A: no_evident_not_great_quality
B: shampoo_seem_cheap_considering_hotel_cost
Answer: Yes

A: no_evident_not_great_quality
B: expensive_hotel
Answer: No

Now answer for this pair. Output ONLY the final line ""Answer: Yes"" or ""Answer: No"" — no other text.

A: no_evident_not_cleanest_hotel_in_Cyprus
B: nice_small_hotel
Answer:
","A: no_evident_not_cleanest_hotel_in_Cyprus
B: nice_small_hotel
Answer: No"
2026-08-16 22:19:07,3,21235,no_evident_not_free_parking,possible_with_animal,"Task: decide if Proposition B contradicts Assumption A.

Steps:
1. A defends a claim (strip ""no_evident_not_"" / ""have_evident_"" to see it).
2. B states a fact.
3. Does B disprove A's claim? Same specific issue only, not just same topic.

Output pattern (always use this exact shape):
A: <phrase>
B: <phrase>
Answer: Yes/No

Examples:

A: no_evident_not_easy_check-in
B: customer_wait_10_minute_for_greet
Answer: Yes

A: no_evident_not_easy_check-in
B: no_one_give_key_on_late_check-in
Answer: No

A: no_evident_not_great_quality
B: shampoo_seem_cheap_considering_hotel_cost
Answer: Yes

A: no_evident_not_great_quality
B: expensive_hotel
Answer: No

Now answer for this pair. Output ONLY the final line ""Answer: Yes"" or ""Answer: No"" — no other text.

A: no_evident_not_free_parking
B: possible_with_animal
Answer:
",Answer: Yes
2026-08-16 22:19:08,3,2340,no_evident_not_clean_hotel,cozy_atmosphere,"Task: decide if Proposition B contradicts Assumption A.

Steps:
1. A defends a claim (strip ""no_evident_not_"" / ""have_evident_"" to see it).
2. B states a fact.
3. Does B disprove A's claim? Same specific issue only, not just same topic.

Output pattern (always use this exact shape):
A: <phrase>
B: <phrase>
Answer: Yes/No

Examples:

A: no_evident_not_easy_check-in
B: customer_wait_10_minute_for_greet
Answer: Yes

A: no_evident_not_easy_check-in
B: no_one_give_key_on_late_check-in
Answer: No

A: no_evident_not_great_quality
B: shampoo_seem_cheap_considering_hotel_cost
Answer: Yes

A: no_evident_not_great_quality
B: expensive_hotel
Answer: No

Now answer for this pair. Output ONLY the final line ""Answer: Yes"" or ""Answer: No"" — no other text.

A: no_evident_not_clean_hotel
B: cozy_atmosphere
Answer:
",Answer: No
2026-08-16 22:19:08,3,19961,no_evident_not_wonderful_hotel,comfortable_street_terrace,"Task: decide if Proposition B contradicts Assumption A.

Steps:
1. A defends a claim (strip ""no_evident_not_"" / ""have_evident_"" to see it).
2. B states a fact.
3. Does B disprove A's claim? Same specific issue only, not just same topic.

Output pattern (always use this exact shape):
A: <phrase>
B: <phrase>
Answer: Yes/No

Examples:

A: no_evident_not_easy_check-in
B: customer_wait_10_minute_for_greet
Answer: Yes

A: no_evident_not_easy_check-in
B: no_one_give_key_on_late_check-in
Answer: No

A: no_evident_not_great_quality
B: shampoo_seem_cheap_considering_hotel_cost
Answer: Yes

A: no_evident_not_great_quality
B: expensive_hotel
Answer: No

Now answer for this pair. Output ONLY the final line ""Answer: Yes"" or ""Answer: No"" — no other text.

A: no_evident_not_wonderful_hotel
B: comfortable_street_terrace
Answer:
","A: no_evident_not_wonderful_hotel
B: comfortable_street_terrace
Answer: No"
2026-08-16 22:19:08,3,20807,no_evident_not_made_for_comfortable_stay,affordable_hotel,"Task: decide if Proposition B contradicts Assumption A.

Steps:
1. A defends a claim (strip ""no_evident_not_"" / ""have_evident_"" to see it).
2. B states a fact.
3. Does B disprove A's claim? Same specific issue only, not just same topic.

Output pattern (always use this exact shape):
A: <phrase>
B: <phrase>
Answer: Yes/No

Examples:

A: no_evident_not_easy_check-in
B: customer_wait_10_minute_for_greet
Answer: Yes

A: no_evident_not_easy_check-in
B: no_one_give_key_on_late_check-in
Answer: No

A: no_evident_not_great_quality
B: shampoo_seem_cheap_considering_hotel_cost
Answer: Yes

A: no_evident_not_great_quality
B: expensive_hotel
Answer: No

Now answer for this pair. Output ONLY the final line ""Answer: Yes"" or ""Answer: No"" — no other text.

A: no_evident_not_made_for_comfortable_stay
B: affordable_hotel
Answer:
","A: no_evident_not_made_for_comfortable_stay
B: affordable_hotel
Answer: Yes"
2026-08-16 22:19:09,3,5608,no_evident_not_wonderful_facility,beautiful_inside,"Task: decide if Proposition B contradicts Assumption A.

Steps:
1. A defends a claim (strip ""no_evident_not_"" / ""have_evident_"" to see it).
2. B states a fact.
3. Does B disprove A's claim? Same specific issue only, not just same topic.

Output pattern (always use this exact shape):
A: <phrase>
B: <phrase>
Answer: Yes/No

Examples:

A: no_evident_not_easy_check-in
B: customer_wait_10_minute_for_greet
Answer: Yes

A: no_evident_not_easy_check-in
B: no_one_give_key_on_late_check-in
Answer: No

A: no_evident_not_great_quality
B: shampoo_seem_cheap_considering_hotel_cost
Answer: Yes

A: no_evident_not_great_quality
B: expensive_hotel
Answer: No

Now answer for this pair. Output ONLY the final line ""Answer: Yes"" or ""Answer: No"" — no other text.

A: no_evident_not_wonderful_facility
B: beautiful_inside
Answer:
","A: no_evident_not_wonderful_facility
B: beautiful_inside
Answer: No"
2026-08-16 22:19:09,3,17503,no_evident_not_easy_hotel,beautiful_hotel,"Task: decide if Proposition B contradicts Assumption A.

Steps:
1. A defends a claim (strip ""no_evident_not_"" / ""have_evident_"" to see it).
2. B states a fact.
3. Does B disprove A's claim? Same specific issue only, not just same topic.

Output pattern (always use this exact shape):
A: <phrase>
B: <phrase>
Answer: Yes/No

Examples:

A: no_evident_not_easy_check-in
B: customer_wait_10_minute_for_greet
Answer: Yes

A: no_evident_not_easy_check-in
B: no_one_give_key_on_late_check-in
Answer: No

A: no_evident_not_great_quality
B: shampoo_seem_cheap_considering_hotel_cost
Answer: Yes

A: no_evident_not_great_quality
B: expensive_hotel
Answer: No

Now answer for this pair. Output ONLY the final line ""Answer: Yes"" or ""Answer: No"" — no other text.

A: no_evident_not_easy_hotel
B: beautiful_hotel
Answer:
",Answer: No
2026-08-16 22:19:09,3,23893,no_evident_not_new_reception,new_reception,"Task: decide if Proposition B contradicts Assumption A.

Steps:
1. A defends a claim (strip ""no_evident_not_"" / ""have_evident_"" to see it).
2. B states a fact.
3. Does B disprove A's claim? Same specific issue only, not just same topic.

Output pattern (always use this exact shape):
A: <phrase>
B: <phrase>
Answer: Yes/No

Examples:

A: no_evident_not_easy_check-in
B: customer_wait_10_minute_for_greet
Answer: Yes

A: no_evident_not_easy_check-in
B: no_one_give_key_on_late_check-in
Answer: No

A: no_evident_not_great_quality
B: shampoo_seem_cheap_considering_hotel_cost
Answer: Yes

A: no_evident_not_great_quality
B: expensive_hotel
Answer: No

Now answer for this pair. Output ONLY the final line ""Answer: Yes"" or ""Answer: No"" — no other text.

A: no_evident_not_new_reception
B: new_reception
Answer:
","A: no_evident_not_new_reception
B: new_reception
Answer: No"
2026-08-16 22:19:09,3,8022,no_evident_not_offered_food,recently_renovated_interior,"Task: decide if Proposition B contradicts Assumption A.

Steps:
1. A defends a claim (strip ""no_evident_not_"" / ""have_evident_"" to see it).
2. B states a fact.
3. Does B disprove A's claim? Same specific issue only, not just same topic.

Output pattern (always use this exact shape):
A: <phrase>
B: <phrase>
Answer: Yes/No

Examples:

A: no_evident_not_easy_check-in
B: customer_wait_10_minute_for_greet
Answer: Yes

A: no_evident_not_easy_check-in
B: no_one_give_key_on_late_check-in
Answer: No

A: no_evident_not_great_quality
B: shampoo_seem_cheap_considering_hotel_cost
Answer: Yes

A: no_evident_not_great_quality
B: expensive_hotel
Answer: No

Now answer for this pair. Output ONLY the final line ""Answer: Yes"" or ""Answer: No"" — no other text.

A: no_evident_not_offered_food
B: recently_renovated_interior
Answer:
","A: no_evident_not_offered_food
B: no_food_service_available
Answer: Yes"
2026-08-16 22:19:10,3,5355,no_evident_not_everything_new,as_expected_hotel,"Task: decide if Proposition B contradicts Assumption A.

Steps:
1. A defends a claim (strip ""no_evident_not_"" / ""have_evident_"" to see it).
2. B states a fact.
3. Does B disprove A's claim? Same specific issue only, not just same topic.

Output pattern (always use this exact shape):
A: <phrase>
B: <phrase>
Answer: Yes/No

Examples:

A: no_evident_not_easy_check-in
B: customer_wait_10_minute_for_greet
Answer: Yes

A: no_evident_not_easy_check-in
B: no_one_give_key_on_late_check-in
Answer: No

A: no_evident_not_great_quality
B: shampoo_seem_cheap_considering_hotel_cost
Answer: Yes

A: no_evident_not_great_quality
B: expensive_hotel
Answer: No

Now answer for this pair. Output ONLY the final line ""Answer: Yes"" or ""Answer: No"" — no other text.

A: no_evident_not_everything_new
B: as_expected_hotel
Answer:
","A: no_evident_not_everything_new
B: as_expected_hotel
Answer: No"
2026-08-16 22:19:10,3,15148,no_evident_not_comfortable_atmosphere,beautiful_inside,"Task: decide if Proposition B contradicts Assumption A.

Steps:
1. A defends a claim (strip ""no_evident_not_"" / ""have_evident_"" to see it).
2. B states a fact.
3. Does B disprove A's claim? Same specific issue only, not just same topic.

Output pattern (always use this exact shape):
A: <phrase>
B: <phrase>
Answer: Yes/No

Examples:

A: no_evident_not_easy_check-in
B: customer_wait_10_minute_for_greet
Answer: Yes

A: no_evident_not_easy_check-in
B: no_one_give_key_on_late_check-in
Answer: No

A: no_evident_not_great_quality
B: shampoo_seem_cheap_considering_hotel_cost
Answer: Yes

A: no_evident_not_great_quality
B: expensive_hotel
Answer: No

Now answer for this pair. Output ONLY the final line ""Answer: Yes"" or ""Answer: No"" — no other text.

A: no_evident_not_comfortable_atmosphere
B: beautiful_inside
Answer:
","A: no_evident_not_comfortable_atmosphere
B: beautiful_inside
Answer: No"
2026-08-16 22:19:10,3,12434,no_evident_not_Christmas_vibe_hotel,feel_new,"Task: decide if Proposition B contradicts Assumption A.

Steps:
1. A defends a claim (strip ""no_evident_not_"" / ""have_evident_"" to see it).
2. B states a fact.
3. Does B disprove A's claim? Same specific issue only, not just same topic.

Output pattern (always use this exact shape):
A: <phrase>
B: <phrase>
Answer: Yes/No

Examples:

A: no_evident_not_easy_check-in
B: customer_wait_10_minute_for_greet
Answer: Yes

A: no_evident_not_easy_check-in
B: no_one_give_key_on_late_check-in
Answer: No

A: no_evident_not_great_quality
B: shampoo_seem_cheap_considering_hotel_cost
Answer: Yes

A: no_evident_not_great_quality
B: expensive_hotel
Answer: No

Now answer for this pair. Output ONLY the final line ""Answer: Yes"" or ""Answer: No"" — no other text.

A: no_evident_not_Christmas_vibe_hotel
B: feel_new
Answer:
","A: no_evident_not_Christmas_vibe_hotel
B: feel_new
Answer: No"
2026-08-16 22:19:11,3,8846,no_evident_not_happy_with_service,allow_stay_with_animal,"Task: decide if Proposition B contradicts Assumption A.

Steps:
1. A defends a claim (strip ""no_evident_not_"" / ""have_evident_"" to see it).
2. B states a fact.
3. Does B disprove A's claim? Same specific issue only, not just same topic.

Output pattern (always use this exact shape):
A: <phrase>
B: <phrase>
Answer: Yes/No

Examples:

A: no_evident_not_easy_check-in
B: customer_wait_10_minute_for_greet
Answer: Yes

A: no_evident_not_easy_check-in
B: no_one_give_key_on_late_check-in
Answer: No

A: no_evident_not_great_quality
B: shampoo_seem_cheap_considering_hotel_cost
Answer: Yes

A: no_evident_not_great_quality
B: expensive_hotel
Answer: No

Now answer for this pair. Output ONLY the final line ""Answer: Yes"" or ""Answer: No"" — no other text.

A: no_evident_not_happy_with_service
B: allow_stay_with_animal
Answer:
","A: no_evident_not_happy_with_service
B: allow_stay_with_animal
Answer: No"
2026-08-16 22:19:11,3,30324,no_evident_not_free_parking_along_street,friendly_atmosphere,"Task: decide if Proposition B contradicts Assumption A.

Steps:
1. A defends a claim (strip ""no_evident_not_"" / ""have_evident_"" to see it).
2. B states a fact.
3. Does B disprove A's claim? Same specific issue only, not just same topic.

Output pattern (always use this exact shape):
A: <phrase>
B: <phrase>
Answer: Yes/No

Examples:

A: no_evident_not_easy_check-in
B: customer_wait_10_minute_for_greet
Answer: Yes

A: no_evident_not_easy_check-in
B: no_one_give_key_on_late_check-in
Answer: No

A: no_evident_not_great_quality
B: shampoo_seem_cheap_considering_hotel_cost
Answer: Yes

A: no_evident_not_great_quality
B: expensive_hotel
Answer: No

Now answer for this pair. Output ONLY the final line ""Answer: Yes"" or ""Answer: No"" — no other text.

A: no_evident_not_free_parking_along_street
B: friendly_atmosphere
Answer:
",Answer: No
2026-08-16 22:19:11,3,20972,no_evident_not_spotless_hotel,nice_atmosphere,"Task: decide if Proposition B contradicts Assumption A.

Steps:
1. A defends a claim (strip ""no_evident_not_"" / ""have_evident_"" to see it).
2. B states a fact.
3. Does B disprove A's claim? Same specific issue only, not just same topic.

Output pattern (always use this exact shape):
A: <phrase>
B: <phrase>
Answer: Yes/No

Examples:

A: no_evident_not_easy_check-in
B: customer_wait_10_minute_for_greet
Answer: Yes

A: no_evident_not_easy_check-in
B: no_one_give_key_on_late_check-in
Answer: No

A: no_evident_not_great_quality
B: shampoo_seem_cheap_considering_hotel_cost
Answer: Yes

A: no_evident_not_great_quality
B: expensive_hotel
Answer: No

Now answer for this pair. Output ONLY the final line ""Answer: Yes"" or ""Answer: No"" — no other text.

A: no_evident_not_spotless_hotel
B: nice_atmosphere
Answer:
",Answer: No
2026-08-16 22:19:11,3,22550,no_evident_not_pleasant_hotel,happy_with_service,"Task: decide if Proposition B contradicts Assumption A.

Steps:
1. A defends a claim (strip ""no_evident_not_"" / ""have_evident_"" to see it).
2. B states a fact.
3. Does B disprove A's claim? Same specific issue only, not just same topic.

Output pattern (always use this exact shape):
A: <phrase>
B: <phrase>
Answer: Yes/No

Examples:

A: no_evident_not_easy_check-in
B: customer_wait_10_minute_for_greet
Answer: Yes

A: no_evident_not_easy_check-in
B: no_one_give_key_on_late_check-in
Answer: No

A: no_evident_not_great_quality
B: shampoo_seem_cheap_considering_hotel_cost
Answer: Yes

A: no_evident_not_great_quality
B: expensive_hotel
Answer: No

Now answer for this pair. Output ONLY the final line ""Answer: Yes"" or ""Answer: No"" — no other text.

A: no_evident_not_pleasant_hotel
B: happy_with_service
Answer:
",Answer: No
2026-08-16 22:19:11,3,18251,no_evident_not_recently_renovated_interior,nice_ambiance_hotel,"Task: decide if Proposition B contradicts Assumption A.

Steps:
1. A defends a claim (strip ""no_evident_not_"" / ""have_evident_"" to see it).
2. B states a fact.
3. Does B disprove A's claim? Same specific issue only, not just same topic.

Output pattern (always use this exact shape):
A: <phrase>
B: <phrase>
Answer: Yes/No

Examples:

A: no_evident_not_easy_check-in
B: customer_wait_10_minute_for_greet
Answer: Yes

A: no_evident_not_easy_check-in
B: no_one_give_key_on_late_check-in
Answer: No

A: no_evident_not_great_quality
B: shampoo_seem_cheap_considering_hotel_cost
Answer: Yes

A: no_evident_not_great_quality
B: expensive_hotel
Answer: No

Now answer for this pair. Output ONLY the final line ""Answer: Yes"" or ""Answer: No"" — no other text.

A: no_evident_not_recently_renovated_interior
B: nice_ambiance_hotel
Answer:
","A: no_evident_not_recently_renovated_interior
B: nice_ambiance_hotel
Answer: Yes"
2026-08-16 22:19:11,3,7197,no_evident_not_great_hotel,all_furniture_new,"Task: decide if Proposition B contradicts Assumption A.

Steps:
1. A defends a claim (strip ""no_evident_not_"" / ""have_evident_"" to see it).
2. B states a fact.
3. Does B disprove A's claim? Same specific issue only, not just same topic.

Output pattern (always use this exact shape):
A: <phrase>
B: <phrase>
Answer: Yes/No

Examples:

A: no_evident_not_easy_check-in
B: customer_wait_10_minute_for_greet
Answer: Yes

A: no_evident_not_easy_check-in
B: no_one_give_key_on_late_check-in
Answer: No

A: no_evident_not_great_quality
B: shampoo_seem_cheap_considering_hotel_cost
Answer: Yes

A: no_evident_not_great_quality
B: expensive_hotel
Answer: No

Now answer for this pair. Output ONLY the final line ""Answer: Yes"" or ""Answer: No"" — no other text.

A: no_evident_not_great_hotel
B: all_furniture_new
Answer:
","A: no_evident_not_great_hotel
B: all_furniture_new
Answer: No"
2026-08-16 22:19:12,3,22434,no_evident_not_cleanest_hotel_in_Cyprus,front_to_unwind_evening,"Task: decide if Proposition B contradicts Assumption A.

Steps:
1. A defends a claim (strip ""no_evident_not_"" / ""have_evident_"" to see it).
2. B states a fact.
3. Does B disprove A's claim? Same specific issue only, not just same topic.

Output pattern (always use this exact shape):
A: <phrase>
B: <phrase>
Answer: Yes/No

Examples:

A: no_evident_not_easy_check-in
B: customer_wait_10_minute_for_greet
Answer: Yes

A: no_evident_not_easy_check-in
B: no_one_give_key_on_late_check-in
Answer: No

A: no_evident_not_great_quality
B: shampoo_seem_cheap_considering_hotel_cost
Answer: Yes

A: no_evident_not_great_quality
B: expensive_hotel
Answer: No

Now answer for this pair. Output ONLY the final line ""Answer: Yes"" or ""Answer: No"" — no other text.

A: no_evident_not_cleanest_hotel_in_Cyprus
B: front_to_unwind_evening
Answer:
","A: no_evident_not_cleanest_hotel_in_Cyprus
B: front_to_unwind_evening
Answer: No"
2026-08-16 22:19:12,3,10627,no_evident_not_easy_to_park_car_outside,renovated_hotel,"Task: decide if Proposition B contradicts Assumption A.

Steps:
1. A defends a claim (strip ""no_evident_not_"" / ""have_evident_"" to see it).
2. B states a fact.
3. Does B disprove A's claim? Same specific issue only, not just same topic.

Output pattern (always use this exact shape):
A: <phrase>
B: <phrase>
Answer: Yes/No

Examples:

A: no_evident_not_easy_check-in
B: customer_wait_10_minute_for_greet
Answer: Yes

A: no_evident_not_easy_check-in
B: no_one_give_key_on_late_check-in
Answer: No

A: no_evident_not_great_quality
B: shampoo_seem_cheap_considering_hotel_cost
Answer: Yes

A: no_evident_not_great_quality
B: expensive_hotel
Answer: No

Now answer for this pair. Output ONLY the final line ""Answer: Yes"" or ""Answer: No"" — no other text.

A: no_evident_not_easy_to_park_car_outside
B: renovated_hotel
Answer:
","A: no_evident_not_easy_to_park_car_outside
B: renovated_hotel
Answer: No"
2026-08-16 22:19:12,3,27619,no_evident_not_plenty_of_parking,nice_small_hotel,"Task: decide if Proposition B contradicts Assumption A.

Steps:
1. A defends a claim (strip ""no_evident_not_"" / ""have_evident_"" to see it).
2. B states a fact.
3. Does B disprove A's claim? Same specific issue only, not just same topic.

Output pattern (always use this exact shape):
A: <phrase>
B: <phrase>
Answer: Yes/No

Examples:

A: no_evident_not_easy_check-in
B: customer_wait_10_minute_for_greet
Answer: Yes

A: no_evident_not_easy_check-in
B: no_one_give_key_on_late_check-in
Answer: No

A: no_evident_not_great_quality
B: shampoo_seem_cheap_considering_hotel_cost
Answer: Yes

A: no_evident_not_great_quality
B: expensive_hotel
Answer: No

Now answer for this pair. Output ONLY the final line ""Answer: Yes"" or ""Answer: No"" — no other text.

A: no_evident_not_plenty_of_parking
B: nice_small_hotel
Answer:
",Answer: Yes
2026-08-16 22:19:12,3,25177,no_evident_not_has_parking_next_to_hotel,welcoming_environment,"Task: decide if Proposition B contradicts Assumption A.

Steps:
1. A defends a claim (strip ""no_evident_not_"" / ""have_evident_"" to see it).
2. B states a fact.
3. Does B disprove A's claim? Same specific issue only, not just same topic.

Output pattern (always use this exact shape):
A: <phrase>
B: <phrase>
Answer: Yes/No

Examples:

A: no_evident_not_easy_check-in
B: customer_wait_10_minute_for_greet
Answer: Yes

A: no_evident_not_easy_check-in
B: no_one_give_key_on_late_check-in
Answer: No

A: no_evident_not_great_quality
B: shampoo_seem_cheap_considering_hotel_cost
Answer: Yes

A: no_evident_not_great_quality
B: expensive_hotel
Answer: No

Now answer for this pair. Output ONLY the final line ""Answer: Yes"" or ""Answer: No"" — no other text.

A: no_evident_not_has_parking_next_to_hotel
B: welcoming_environment
Answer:
",Answer: No
2026-08-16 22:19:13,3,25428,no_evident_not_recently_freshed_up,fresh_hotel,"Task: decide if Proposition B contradicts Assumption A.

Steps:
1. A defends a claim (strip ""no_evident_not_"" / ""have_evident_"" to see it).
2. B states a fact.
3. Does B disprove A's claim? Same specific issue only, not just same topic.

Output pattern (always use this exact shape):
A: <phrase>
B: <phrase>
Answer: Yes/No

Examples:

A: no_evident_not_easy_check-in
B: customer_wait_10_minute_for_greet
Answer: Yes

A: no_evident_not_easy_check-in
B: no_one_give_key_on_late_check-in
Answer: No

A: no_evident_not_great_quality
B: shampoo_seem_cheap_considering_hotel_cost
Answer: Yes

A: no_evident_not_great_quality
B: expensive_hotel
Answer: No

Now answer for this pair. Output ONLY the final line ""Answer: Yes"" or ""Answer: No"" — no other text.

A: no_evident_not_recently_freshed_up
B: fresh_hotel
Answer:
","A: no_evident_not_recently_freshed_up
B: fresh_hotel
Answer: No"
2026-08-16 22:19:13,3,1833,no_evident_not_lovely_hotel,brand_new_facility,"Task: decide if Proposition B contradicts Assumption A.

Steps:
1. A defends a claim (strip ""no_evident_not_"" / ""have_evident_"" to see it).
2. B states a fact.
3. Does B disprove A's claim? Same specific issue only, not just same topic.

Output pattern (always use this exact shape):
A: <phrase>
B: <phrase>
Answer: Yes/No

Examples:

A: no_evident_not_easy_check-in
B: customer_wait_10_minute_for_greet
Answer: Yes

A: no_evident_not_easy_check-in
B: no_one_give_key_on_late_check-in
Answer: No

A: no_evident_not_great_quality
B: shampoo_seem_cheap_considering_hotel_cost
Answer: Yes

A: no_evident_not_great_quality
B: expensive_hotel
Answer: No

Now answer for this pair. Output ONLY the final line ""Answer: Yes"" or ""Answer: No"" — no other text.

A: no_evident_not_lovely_hotel
B: brand_new_facility
Answer:
","A: no_evident_not_lovely_hotel
B: brand_new_facility
Answer: No"
2026-08-16 22:19:13,3,7506,no_evident_not_contemporary_hotel,pleasant_hotel,"Task: decide if Proposition B contradicts Assumption A.

Steps:
1. A defends a claim (strip ""no_evident_not_"" / ""have_evident_"" to see it).
2. B states a fact.
3. Does B disprove A's claim? Same specific issue only, not just same topic.

Output pattern (always use this exact shape):
A: <phrase>
B: <phrase>
Answer: Yes/No

Examples:

A: no_evident_not_easy_check-in
B: customer_wait_10_minute_for_greet
Answer: Yes

A: no_evident_not_easy_check-in
B: no_one_give_key_on_late_check-in
Answer: No

A: no_evident_not_great_quality
B: shampoo_seem_cheap_considering_hotel_cost
Answer: Yes

A: no_evident_not_great_quality
B: expensive_hotel
Answer: No

Now answer for this pair. Output ONLY the final line ""Answer: Yes"" or ""Answer: No"" — no other text.

A: no_evident_not_contemporary_hotel
B: pleasant_hotel
Answer:
","A: no_evident_not_contemporary_hotel
B: pleasant_hotel
Answer: No"
2026-08-16 22:19:14,3,26929,no_evident_not_aesthetic_hotel,amazing_place,"Task: decide if Proposition B contradicts Assumption A.

Steps:
1. A defends a claim (strip ""no_evident_not_"" / ""have_evident_"" to see it).
2. B states a fact.
3. Does B disprove A's claim? Same specific issue only, not just same topic.

Output pattern (always use this exact shape):
A: <phrase>
B: <phrase>
Answer: Yes/No

Examples:

A: no_evident_not_easy_check-in
B: customer_wait_10_minute_for_greet
Answer: Yes

A: no_evident_not_easy_check-in
B: no_one_give_key_on_late_check-in
Answer: No

A: no_evident_not_great_quality
B: shampoo_seem_cheap_considering_hotel_cost
Answer: Yes

A: no_evident_not_great_quality
B: expensive_hotel
Answer: No

Now answer for this pair. Output ONLY the final line ""Answer: Yes"" or ""Answer: No"" — no other text.

A: no_evident_not_aesthetic_hotel
B: amazing_place
Answer:
","A: no_evident_not_aesthetic_hotel
B: amazing_place
Answer: No"
2026-08-16 22:19:14,3,1052,no_evident_not_nice_hotel,interesting_service,"Task: decide if Proposition B contradicts Assumption A.

Steps:
1. A defends a claim (strip ""no_evident_not_"" / ""have_evident_"" to see it).
2. B states a fact.
3. Does B disprove A's claim? Same specific issue only, not just same topic.

Output pattern (always use this exact shape):
A: <phrase>
B: <phrase>
Answer: Yes/No

Examples:

A: no_evident_not_easy_check-in
B: customer_wait_10_minute_for_greet
Answer: Yes

A: no_evident_not_easy_check-in
B: no_one_give_key_on_late_check-in
Answer: No

A: no_evident_not_great_quality
B: shampoo_seem_cheap_considering_hotel_cost
Answer: Yes

A: no_evident_not_great_quality
B: expensive_hotel
Answer: No

Now answer for this pair. Output ONLY the final line ""Answer: Yes"" or ""Answer: No"" — no other text.

A: no_evident_not_nice_hotel
B: interesting_service
Answer:
","A: no_evident_not_nice_hotel
B: interesting_service
Answer: No"
2026-08-16 22:19:14,3,26380,no_evident_not_pleasant_terrace,welcoming_hotel,"Task: decide if Proposition B contradicts Assumption A.

Steps:
1. A defends a claim (strip ""no_evident_not_"" / ""have_evident_"" to see it).
2. B states a fact.
3. Does B disprove A's claim? Same specific issue only, not just same topic.

Output pattern (always use this exact shape):
A: <phrase>
B: <phrase>
Answer: Yes/No

Examples:

A: no_evident_not_easy_check-in
B: customer_wait_10_minute_for_greet
Answer: Yes

A: no_evident_not_easy_check-in
B: no_one_give_key_on_late_check-in
Answer: No

A: no_evident_not_great_quality
B: shampoo_seem_cheap_considering_hotel_cost
Answer: Yes

A: no_evident_not_great_quality
B: expensive_hotel
Answer: No

Now answer for this pair. Output ONLY the final line ""Answer: Yes"" or ""Answer: No"" — no other text.

A: no_evident_not_pleasant_terrace
B: welcoming_hotel
Answer:
","A: no_evident_not_pleasant_terrace
B: welcoming_hotel
Answer: No"
2026-08-16 22:19:14,3,10337,no_evident_not_everything_cozy,good_wifi,"Task: decide if Proposition B contradicts Assumption A.

Steps:
1. A defends a claim (strip ""no_evident_not_"" / ""have_evident_"" to see it).
2. B states a fact.
3. Does B disprove A's claim? Same specific issue only, not just same topic.

Output pattern (always use this exact shape):
A: <phrase>
B: <phrase>
Answer: Yes/No

Examples:

A: no_evident_not_easy_check-in
B: customer_wait_10_minute_for_greet
Answer: Yes

A: no_evident_not_easy_check-in
B: no_one_give_key_on_late_check-in
Answer: No

A: no_evident_not_great_quality
B: shampoo_seem_cheap_considering_hotel_cost
Answer: Yes

A: no_evident_not_great_quality
B: expensive_hotel
Answer: No

Now answer for this pair. Output ONLY the final line ""Answer: Yes"" or ""Answer: No"" — no other text.

A: no_evident_not_everything_cozy
B: good_wifi
Answer:
","A: no_evident_not_everything_cozy
B: good_wifi
Answer: No"
2026-08-16 22:19:15,3,13146,no_evident_not_pet_friendly_hotel,nice_hotel,"Task: decide if Proposition B contradicts Assumption A.

Steps:
1. A defends a claim (strip ""no_evident_not_"" / ""have_evident_"" to see it).
2. B states a fact.
3. Does B disprove A's claim? Same specific issue only, not just same topic.

Output pattern (always use this exact shape):
A: <phrase>
B: <phrase>
Answer: Yes/No

Examples:

A: no_evident_not_easy_check-in
B: customer_wait_10_minute_for_greet
Answer: Yes

A: no_evident_not_easy_check-in
B: no_one_give_key_on_late_check-in
Answer: No

A: no_evident_not_great_quality
B: shampoo_seem_cheap_considering_hotel_cost
Answer: Yes

A: no_evident_not_great_quality
B: expensive_hotel
Answer: No

Now answer for this pair. Output ONLY the final line ""Answer: Yes"" or ""Answer: No"" — no other text.

A: no_evident_not_pet_friendly_hotel
B: nice_hotel
Answer:
",Answer: No
2026-08-16 22:19:15,3,8774,no_evident_not_beautifully_kept_hotel,clean_reception,"Task: decide if Proposition B contradicts Assumption A.

Steps:
1. A defends a claim (strip ""no_evident_not_"" / ""have_evident_"" to see it).
2. B states a fact.
3. Does B disprove A's claim? Same specific issue only, not just same topic.

Output pattern (always use this exact shape):
A: <phrase>
B: <phrase>
Answer: Yes/No

Examples:

A: no_evident_not_easy_check-in
B: customer_wait_10_minute_for_greet
Answer: Yes

A: no_evident_not_easy_check-in
B: no_one_give_key_on_late_check-in
Answer: No

A: no_evident_not_great_quality
B: shampoo_seem_cheap_considering_hotel_cost
Answer: Yes

A: no_evident_not_great_quality
B: expensive_hotel
Answer: No

Now answer for this pair. Output ONLY the final line ""Answer: Yes"" or ""Answer: No"" — no other text.

A: no_evident_not_beautifully_kept_hotel
B: clean_reception
Answer:
","A: no_evident_not_beautifully_kept_hotel
B: clean_reception
Answer: No"
2026-08-16 22:19:15,3,2169,no_evident_not_clean_hotel,up_to_4*_standard,"Task: decide if Proposition B contradicts Assumption A.

Steps:
1. A defends a claim (strip ""no_evident_not_"" / ""have_evident_"" to see it).
2. B states a fact.
3. Does B disprove A's claim? Same specific issue only, not just same topic.

Output pattern (always use this exact shape):
A: <phrase>
B: <phrase>
Answer: Yes/No

Examples:

A: no_evident_not_easy_check-in
B: customer_wait_10_minute_for_greet
Answer: Yes

A: no_evident_not_easy_check-in
B: no_one_give_key_on_late_check-in
Answer: No

A: no_evident_not_great_quality
B: shampoo_seem_cheap_considering_hotel_cost
Answer: Yes

A: no_evident_not_great_quality
B: expensive_hotel
Answer: No

Now answer for this pair. Output ONLY the final line ""Answer: Yes"" or ""Answer: No"" — no other text.

A: no_evident_not_clean_hotel
B: up_to_4*_standard
Answer:
","A: no_evident_not_clean_hotel
B: up_to_4*_standard
Answer: No"
2026-08-16 22:19:15,3,6914,no_evident_not_family_establishment,pet_friendly_hotel,"Task: decide if Proposition B contradicts Assumption A.

Steps:
1. A defends a claim (strip ""no_evident_not_"" / ""have_evident_"" to see it).
2. B states a fact.
3. Does B disprove A's claim? Same specific issue only, not just same topic.

Output pattern (always use this exact shape):
A: <phrase>
B: <phrase>
Answer: Yes/No

Examples:

A: no_evident_not_easy_check-in
B: customer_wait_10_minute_for_greet
Answer: Yes

A: no_evident_not_easy_check-in
B: no_one_give_key_on_late_check-in
Answer: No

A: no_evident_not_great_quality
B: shampoo_seem_cheap_considering_hotel_cost
Answer: Yes

A: no_evident_not_great_quality
B: expensive_hotel
Answer: No

Now answer for this pair. Output ONLY the final line ""Answer: Yes"" or ""Answer: No"" — no other text.

A: no_evident_not_family_establishment
B: pet_friendly_hotel
Answer:
",Answer: Yes
2026-08-16 22:19:16,3,29922,no_evident_not_can_request_for_transfer_from_airport,contemporary_hotel,"Task: decide if Proposition B contradicts Assumption A.

Steps:
1. A defends a claim (strip ""no_evident_not_"" / ""have_evident_"" to see it).
2. B states a fact.
3. Does B disprove A's claim? Same specific issue only, not just same topic.

Output pattern (always use this exact shape):
A: <phrase>
B: <phrase>
Answer: Yes/No

Examples:

A: no_evident_not_easy_check-in
B: customer_wait_10_minute_for_greet
Answer: Yes

A: no_evident_not_easy_check-in
B: no_one_give_key_on_late_check-in
Answer: No

A: no_evident_not_great_quality
B: shampoo_seem_cheap_considering_hotel_cost
Answer: Yes

A: no_evident_not_great_quality
B: expensive_hotel
Answer: No

Now answer for this pair. Output ONLY the final line ""Answer: Yes"" or ""Answer: No"" — no other text.

A: no_evident_not_can_request_for_transfer_from_airport
B: contemporary_hotel
Answer:
","A: no_evident_not_can_request_for_transfer_from_airport
B: no_one_give_key_on_late_check-in
Answer: Yes"
2026-08-16 22:19:16,3,30898,no_evident_not_surprise_with_swimming_pool,free_parking,"Task: decide if Proposition B contradicts Assumption A.

Steps:
1. A defends a claim (strip ""no_evident_not_"" / ""have_evident_"" to see it).
2. B states a fact.
3. Does B disprove A's claim? Same specific issue only, not just same topic.

Output pattern (always use this exact shape):
A: <phrase>
B: <phrase>
Answer: Yes/No

Examples:

A: no_evident_not_easy_check-in
B: customer_wait_10_minute_for_greet
Answer: Yes

A: no_evident_not_easy_check-in
B: no_one_give_key_on_late_check-in
Answer: No

A: no_evident_not_great_quality
B: shampoo_seem_cheap_considering_hotel_cost
Answer: Yes

A: no_evident_not_great_quality
B: expensive_hotel
Answer: No

Now answer for this pair. Output ONLY the final line ""Answer: Yes"" or ""Answer: No"" — no other text.

A: no_evident_not_surprise_with_swimming_pool
B: free_parking
Answer:
","A: no_evident_not_surprise_with_swimming_pool
B: no_parking_available
Answer: Yes"
2026-08-16 22:19:16,3,18586,no_evident_not_clean_facility,offered_drink,"Task: decide if Proposition B contradicts Assumption A.

Steps:
1. A defends a claim (strip ""no_evident_not_"" / ""have_evident_"" to see it).
2. B states a fact.
3. Does B disprove A's claim? Same specific issue only, not just same topic.

Output pattern (always use this exact shape):
A: <phrase>
B: <phrase>
Answer: Yes/No

Examples:

A: no_evident_not_easy_check-in
B: customer_wait_10_minute_for_greet
Answer: Yes

A: no_evident_not_easy_check-in
B: no_one_give_key_on_late_check-in
Answer: No

A: no_evident_not_great_quality
B: shampoo_seem_cheap_considering_hotel_cost
Answer: Yes

A: no_evident_not_great_quality
B: expensive_hotel
Answer: No

Now answer for this pair. Output ONLY the final line ""Answer: Yes"" or ""Answer: No"" — no other text.

A: no_evident_not_clean_facility
B: offered_drink
Answer:
","A: no_evident_not_clean_facility
B: offered_drink
Answer: No"
2026-08-16 22:19:17,3,28717,no_evident_not_clean_street_terrace,well_situated_hotel,"Task: decide if Proposition B contradicts Assumption A.

Steps:
1. A defends a claim (strip ""no_evident_not_"" / ""have_evident_"" to see it).
2. B states a fact.
3. Does B disprove A's claim? Same specific issue only, not just same topic.

Output pattern (always use this exact shape):
A: <phrase>
B: <phrase>
Answer: Yes/No

Examples:

A: no_evident_not_easy_check-in
B: customer_wait_10_minute_for_greet
Answer: Yes

A: no_evident_not_easy_check-in
B: no_one_give_key_on_late_check-in
Answer: No

A: no_evident_not_great_quality
B: shampoo_seem_cheap_considering_hotel_cost
Answer: Yes

A: no_evident_not_great_quality
B: expensive_hotel
Answer: No

Now answer for this pair. Output ONLY the final line ""Answer: Yes"" or ""Answer: No"" — no other text.

A: no_evident_not_clean_street_terrace
B: well_situated_hotel
Answer:
","A: no_evident_not_clean_street_terrace
B: well_situated_hotel
Answer: No"
2026-08-16 22:19:17,3,23525,no_evident_not_furnished_hotel,cleanest_hotel_in_Cyprus,"Task: decide if Proposition B contradicts Assumption A.

Steps:
1. A defends a claim (strip ""no_evident_not_"" / ""have_evident_"" to see it).
2. B states a fact.
3. Does B disprove A's claim? Same specific issue only, not just same topic.

Output pattern (always use this exact shape):
A: <phrase>
B: <phrase>
Answer: Yes/No

Examples:

A: no_evident_not_easy_check-in
B: customer_wait_10_minute_for_greet
Answer: Yes

A: no_evident_not_easy_check-in
B: no_one_give_key_on_late_check-in
Answer: No

A: no_evident_not_great_quality
B: shampoo_seem_cheap_considering_hotel_cost
Answer: Yes

A: no_evident_not_great_quality
B: expensive_hotel
Answer: No

Now answer for this pair. Output ONLY the final line ""Answer: Yes"" or ""Answer: No"" — no other text.

A: no_evident_not_furnished_hotel
B: cleanest_hotel_in_Cyprus
Answer:
","A: no_evident_not_furnished_hotel
B: cleanest_hotel_in_Cyprus
Answer: No"
2026-08-16 22:19:17,3,10312,no_evident_not_everything_cozy,lovely_lobby,"Task: decide if Proposition B contradicts Assumption A.

Steps:
1. A defends a claim (strip ""no_evident_not_"" / ""have_evident_"" to see it).
2. B states a fact.
3. Does B disprove A's claim? Same specific issue only, not just same topic.

Output pattern (always use this exact shape):
A: <phrase>
B: <phrase>
Answer: Yes/No

Examples:

A: no_evident_not_easy_check-in
B: customer_wait_10_minute_for_greet
Answer: Yes

A: no_evident_not_easy_check-in
B: no_one_give_key_on_late_check-in
Answer: No

A: no_evident_not_great_quality
B: shampoo_seem_cheap_considering_hotel_cost
Answer: Yes

A: no_evident_not_great_quality
B: expensive_hotel
Answer: No

Now answer for this pair. Output ONLY the final line ""Answer: Yes"" or ""Answer: No"" — no other text.

A: no_evident_not_everything_cozy
B: lovely_lobby
Answer:
","A: no_evident_not_everything_cozy
B: lovely_lobby
Answer: No"
2026-08-16 22:19:18,3,6968,no_evident_not_family_establishment,many_free_parking_space_available_on_early_November,"Task: decide if Proposition B contradicts Assumption A.

Steps:
1. A defends a claim (strip ""no_evident_not_"" / ""have_evident_"" to see it).
2. B states a fact.
3. Does B disprove A's claim? Same specific issue only, not just same topic.

Output pattern (always use this exact shape):
A: <phrase>
B: <phrase>
Answer: Yes/No

Examples:

A: no_evident_not_easy_check-in
B: customer_wait_10_minute_for_greet
Answer: Yes

A: no_evident_not_easy_check-in
B: no_one_give_key_on_late_check-in
Answer: No

A: no_evident_not_great_quality
B: shampoo_seem_cheap_considering_hotel_cost
Answer: Yes

A: no_evident_not_great_quality
B: expensive_hotel
Answer: No

Now answer for this pair. Output ONLY the final line ""Answer: Yes"" or ""Answer: No"" — no other text.

A: no_evident_not_family_establishment
B: many_free_parking_space_available_on_early_November
Answer:
","A: no_evident_not_family_establishment
B: many_free_parking_space_available_on_early_November
Answer: No"
2026-08-16 22:19:18,3,21478,no_evident_not_light_hotel,everything_cozy,"Task: decide if Proposition B contradicts Assumption A.

Steps:
1. A defends a claim (strip ""no_evident_not_"" / ""have_evident_"" to see it).
2. B states a fact.
3. Does B disprove A's claim? Same specific issue only, not just same topic.

Output pattern (always use this exact shape):
A: <phrase>
B: <phrase>
Answer: Yes/No

Examples:

A: no_evident_not_easy_check-in
B: customer_wait_10_minute_for_greet
Answer: Yes

A: no_evident_not_easy_check-in
B: no_one_give_key_on_late_check-in
Answer: No

A: no_evident_not_great_quality
B: shampoo_seem_cheap_considering_hotel_cost
Answer: Yes

A: no_evident_not_great_quality
B: expensive_hotel
Answer: No

Now answer for this pair. Output ONLY the final line ""Answer: Yes"" or ""Answer: No"" — no other text.

A: no_evident_not_light_hotel
B: everything_cozy
Answer:
","A: no_evident_not_light_hotel
B: everything_cozy
Answer: No"
2026-08-16 22:19:18,3,16359,no_evident_not_contemporary_decoration,excellent_option,"Task: decide if Proposition B contradicts Assumption A.

Steps:
1. A defends a claim (strip ""no_evident_not_"" / ""have_evident_"" to see it).
2. B states a fact.
3. Does B disprove A's claim? Same specific issue only, not just same topic.

Output pattern (always use this exact shape):
A: <phrase>
B: <phrase>
Answer: Yes/No

Examples:

A: no_evident_not_easy_check-in
B: customer_wait_10_minute_for_greet
Answer: Yes

A: no_evident_not_easy_check-in
B: no_one_give_key_on_late_check-in
Answer: No

A: no_evident_not_great_quality
B: shampoo_seem_cheap_considering_hotel_cost
Answer: Yes

A: no_evident_not_great_quality
B: expensive_hotel
Answer: No

Now answer for this pair. Output ONLY the final line ""Answer: Yes"" or ""Answer: No"" — no other text.

A: no_evident_not_contemporary_decoration
B: excellent_option
Answer:
","A: no_evident_not_contemporary_decoration
B: excellent_option
Answer: No"
2026-08-16 22:19:19,3,12965,no_evident_not_feel_welcome_from_arrival_moment,not_big_hotel,"Task: decide if Proposition B contradicts Assumption A.

Steps:
1. A defends a claim (strip ""no_evident_not_"" / ""have_evident_"" to see it).
2. B states a fact.
3. Does B disprove A's claim? Same specific issue only, not just same topic.

Output pattern (always use this exact shape):
A: <phrase>
B: <phrase>
Answer: Yes/No

Examples:

A: no_evident_not_easy_check-in
B: customer_wait_10_minute_for_greet
Answer: Yes

A: no_evident_not_easy_check-in
B: no_one_give_key_on_late_check-in
Answer: No

A: no_evident_not_great_quality
B: shampoo_seem_cheap_considering_hotel_cost
Answer: Yes

A: no_evident_not_great_quality
B: expensive_hotel
Answer: No

Now answer for this pair. Output ONLY the final line ""Answer: Yes"" or ""Answer: No"" — no other text.

A: no_evident_not_feel_welcome_from_arrival_moment
B: not_big_hotel
Answer:
","A: no_evident_not_feel_welcome_from_arrival_moment
B: not_big_hotel
Answer: Yes"
2026-08-16 22:19:19,3,28990,no_evident_not_clean_hall,welcoming_entrance,"Task: decide if Proposition B contradicts Assumption A.

Steps:
1. A defends a claim (strip ""no_evident_not_"" / ""have_evident_"" to see it).
2. B states a fact.
3. Does B disprove A's claim? Same specific issue only, not just same topic.

Output pattern (always use this exact shape):
A: <phrase>
B: <phrase>
Answer: Yes/No

Examples:

A: no_evident_not_easy_check-in
B: customer_wait_10_minute_for_greet
Answer: Yes

A: no_evident_not_easy_check-in
B: no_one_give_key_on_late_check-in
Answer: No

A: no_evident_not_great_quality
B: shampoo_seem_cheap_considering_hotel_cost
Answer: Yes

A: no_evident_not_great_quality
B: expensive_hotel
Answer: No

Now answer for this pair. Output ONLY the final line ""Answer: Yes"" or ""Answer: No"" — no other text.

A: no_evident_not_clean_hall
B: welcoming_entrance
Answer:
","A: no_evident_not_clean_hall
B: welcoming_entrance
Answer: No"
2026-08-16 22:19:19,3,29968,no_evident_not_can_request_for_transfer_from_airport,easy_parking,"Task: decide if Proposition B contradicts Assumption A.

Steps:
1. A defends a claim (strip ""no_evident_not_"" / ""have_evident_"" to see it).
2. B states a fact.
3. Does B disprove A's claim? Same specific issue only, not just same topic.

Output pattern (always use this exact shape):
A: <phrase>
B: <phrase>
Answer: Yes/No

Examples:

A: no_evident_not_easy_check-in
B: customer_wait_10_minute_for_greet
Answer: Yes

A: no_evident_not_easy_check-in
B: no_one_give_key_on_late_check-in
Answer: No

A: no_evident_not_great_quality
B: shampoo_seem_cheap_considering_hotel_cost
Answer: Yes

A: no_evident_not_great_quality
B: expensive_hotel
Answer: No

Now answer for this pair. Output ONLY the final line ""Answer: Yes"" or ""Answer: No"" — no other text.

A: no_evident_not_can_request_for_transfer_from_airport
B: easy_parking
Answer:
","A: no_evident_not_can_request_for_transfer_from_airport
B: easy_parking
Answer: No"
2026-08-16 22:19:20,3,21065,no_evident_not_free_parking,not_big_hotel,"Task: decide if Proposition B contradicts Assumption A.

Steps:
1. A defends a claim (strip ""no_evident_not_"" / ""have_evident_"" to see it).
2. B states a fact.
3. Does B disprove A's claim? Same specific issue only, not just same topic.

Output pattern (always use this exact shape):
A: <phrase>
B: <phrase>
Answer: Yes/No

Examples:

A: no_evident_not_easy_check-in
B: customer_wait_10_minute_for_greet
Answer: Yes

A: no_evident_not_easy_check-in
B: no_one_give_key_on_late_check-in
Answer: No

A: no_evident_not_great_quality
B: shampoo_seem_cheap_considering_hotel_cost
Answer: Yes

A: no_evident_not_great_quality
B: expensive_hotel
Answer: No

Now answer for this pair. Output ONLY the final line ""Answer: Yes"" or ""Answer: No"" — no other text.

A: no_evident_not_free_parking
B: not_big_hotel
Answer:
","A: no_evident_not_free_parking
B: not_all_hotels_free_parking
Answer: Yes"
2026-08-16 22:19:20,3,15036,no_evident_not_friendly_atmosphere,look_like_almost_new_hotel,"Task: decide if Proposition B contradicts Assumption A.

Steps:
1. A defends a claim (strip ""no_evident_not_"" / ""have_evident_"" to see it).
2. B states a fact.
3. Does B disprove A's claim? Same specific issue only, not just same topic.

Output pattern (always use this exact shape):
A: <phrase>
B: <phrase>
Answer: Yes/No

Examples:

A: no_evident_not_easy_check-in
B: customer_wait_10_minute_for_greet
Answer: Yes

A: no_evident_not_easy_check-in
B: no_one_give_key_on_late_check-in
Answer: No

A: no_evident_not_great_quality
B: shampoo_seem_cheap_considering_hotel_cost
Answer: Yes

A: no_evident_not_great_quality
B: expensive_hotel
Answer: No

Now answer for this pair. Output ONLY the final line ""Answer: Yes"" or ""Answer: No"" — no other text.

A: no_evident_not_friendly_atmosphere
B: look_like_almost_new_hotel
Answer:
","A: no_evident_not_friendly_atmosphere
B: look_like_almost_new_hotel
Answer: Yes"
2026-08-16 22:19:20,3,4682,no_evident_not_clean_inside,comfortable_hotel,"Task: decide if Proposition B contradicts Assumption A.

Steps:
1. A defends a claim (strip ""no_evident_not_"" / ""have_evident_"" to see it).
2. B states a fact.
3. Does B disprove A's claim? Same specific issue only, not just same topic.

Output pattern (always use this exact shape):
A: <phrase>
B: <phrase>
Answer: Yes/No

Examples:

A: no_evident_not_easy_check-in
B: customer_wait_10_minute_for_greet
Answer: Yes

A: no_evident_not_easy_check-in
B: no_one_give_key_on_late_check-in
Answer: No

A: no_evident_not_great_quality
B: shampoo_seem_cheap_considering_hotel_cost
Answer: Yes

A: no_evident_not_great_quality
B: expensive_hotel
Answer: No

Now answer for this pair. Output ONLY the final line ""Answer: Yes"" or ""Answer: No"" — no other text.

A: no_evident_not_clean_inside
B: comfortable_hotel
Answer:
",Answer: No
2026-08-16 22:19:20,3,8680,no_evident_not_beautifully_kept_hotel,great_hotel,"Task: decide if Proposition B contradicts Assumption A.

Steps:
1. A defends a claim (strip ""no_evident_not_"" / ""have_evident_"" to see it).
2. B states a fact.
3. Does B disprove A's claim? Same specific issue only, not just same topic.

Output pattern (always use this exact shape):
A: <phrase>
B: <phrase>
Answer: Yes/No

Examples:

A: no_evident_not_easy_check-in
B: customer_wait_10_minute_for_greet
Answer: Yes

A: no_evident_not_easy_check-in
B: no_one_give_key_on_late_check-in
Answer: No

A: no_evident_not_great_quality
B: shampoo_seem_cheap_considering_hotel_cost
Answer: Yes

A: no_evident_not_great_quality
B: expensive_hotel
Answer: No

Now answer for this pair. Output ONLY the final line ""Answer: Yes"" or ""Answer: No"" — no other text.

A: no_evident_not_beautifully_kept_hotel
B: great_hotel
Answer:
",Answer: Yes
2026-08-16 22:19:20,3,4576,no_evident_not_allow_stay_with_animal,sufficient_parking,"Task: decide if Proposition B contradicts Assumption A.

Steps:
1. A defends a claim (strip ""no_evident_not_"" / ""have_evident_"" to see it).
2. B states a fact.
3. Does B disprove A's claim? Same specific issue only, not just same topic.

Output pattern (always use this exact shape):
A: <phrase>
B: <phrase>
Answer: Yes/No

Examples:

A: no_evident_not_easy_check-in
B: customer_wait_10_minute_for_greet
Answer: Yes

A: no_evident_not_easy_check-in
B: no_one_give_key_on_late_check-in
Answer: No

A: no_evident_not_great_quality
B: shampoo_seem_cheap_considering_hotel_cost
Answer: Yes

A: no_evident_not_great_quality
B: expensive_hotel
Answer: No

Now answer for this pair. Output ONLY the final line ""Answer: Yes"" or ""Answer: No"" — no other text.

A: no_evident_not_allow_stay_with_animal
B: sufficient_parking
Answer:
",Answer: No
2026-08-16 22:19:21,3,8082,no_evident_not_offered_food,clean_hall,"Task: decide if Proposition B contradicts Assumption A.

Steps:
1. A defends a claim (strip ""no_evident_not_"" / ""have_evident_"" to see it).
2. B states a fact.
3. Does B disprove A's claim? Same specific issue only, not just same topic.

Output pattern (always use this exact shape):
A: <phrase>
B: <phrase>
Answer: Yes/No

Examples:

A: no_evident_not_easy_check-in
B: customer_wait_10_minute_for_greet
Answer: Yes

A: no_evident_not_easy_check-in
B: no_one_give_key_on_late_check-in
Answer: No

A: no_evident_not_great_quality
B: shampoo_seem_cheap_considering_hotel_cost
Answer: Yes

A: no_evident_not_great_quality
B: expensive_hotel
Answer: No

Now answer for this pair. Output ONLY the final line ""Answer: Yes"" or ""Answer: No"" — no other text.

A: no_evident_not_offered_food
B: clean_hall
Answer:
","A: no_evident_not_offered_food
B: no_food_available
Answer: Yes"
2026-08-16 22:19:21,3,24412,no_evident_not_good_quality_hotel,exceeded_expectation_hotel,"Task: decide if Proposition B contradicts Assumption A.

Steps:
1. A defends a claim (strip ""no_evident_not_"" / ""have_evident_"" to see it).
2. B states a fact.
3. Does B disprove A's claim? Same specific issue only, not just same topic.

Output pattern (always use this exact shape):
A: <phrase>
B: <phrase>
Answer: Yes/No

Examples:

A: no_evident_not_easy_check-in
B: customer_wait_10_minute_for_greet
Answer: Yes

A: no_evident_not_easy_check-in
B: no_one_give_key_on_late_check-in
Answer: No

A: no_evident_not_great_quality
B: shampoo_seem_cheap_considering_hotel_cost
Answer: Yes

A: no_evident_not_great_quality
B: expensive_hotel
Answer: No

Now answer for this pair. Output ONLY the final line ""Answer: Yes"" or ""Answer: No"" — no other text.

A: no_evident_not_good_quality_hotel
B: exceeded_expectation_hotel
Answer:
","A: no_evident_not_good_quality_hotel
B: exceeded_expectation_hotel
Answer: No"
2026-08-16 22:19:21,3,18395,no_evident_not_hotel_received_package_prior_arrival,fantastic_service,"Task: decide if Proposition B contradicts Assumption A.

Steps:
1. A defends a claim (strip ""no_evident_not_"" / ""have_evident_"" to see it).
2. B states a fact.
3. Does B disprove A's claim? Same specific issue only, not just same topic.

Output pattern (always use this exact shape):
A: <phrase>
B: <phrase>
Answer: Yes/No

Examples:

A: no_evident_not_easy_check-in
B: customer_wait_10_minute_for_greet
Answer: Yes

A: no_evident_not_easy_check-in
B: no_one_give_key_on_late_check-in
Answer: No

A: no_evident_not_great_quality
B: shampoo_seem_cheap_considering_hotel_cost
Answer: Yes

A: no_evident_not_great_quality
B: expensive_hotel
Answer: No

Now answer for this pair. Output ONLY the final line ""Answer: Yes"" or ""Answer: No"" — no other text.

A: no_evident_not_hotel_received_package_prior_arrival
B: fantastic_service
Answer:
","A: no_evident_not_hotel_received_package_prior_arrival
B: hotel_provide_package_before_arrival
Answer: Yes"
2026-08-16 22:19:21,3,17662,no_evident_not_5_star_hotel,modern_hotel,"Task: decide if Proposition B contradicts Assumption A.

Steps:
1. A defends a claim (strip ""no_evident_not_"" / ""have_evident_"" to see it).
2. B states a fact.
3. Does B disprove A's claim? Same specific issue only, not just same topic.

Output pattern (always use this exact shape):
A: <phrase>
B: <phrase>
Answer: Yes/No

Examples:

A: no_evident_not_easy_check-in
B: customer_wait_10_minute_for_greet
Answer: Yes

A: no_evident_not_easy_check-in
B: no_one_give_key_on_late_check-in
Answer: No

A: no_evident_not_great_quality
B: shampoo_seem_cheap_considering_hotel_cost
Answer: Yes

A: no_evident_not_great_quality
B: expensive_hotel
Answer: No

Now answer for this pair. Output ONLY the final line ""Answer: Yes"" or ""Answer: No"" — no other text.

A: no_evident_not_5_star_hotel
B: modern_hotel
Answer:
",Answer: No
2026-08-16 22:19:22,3,8610,no_evident_not_fresh_hotel,aesthetic_hotel,"Task: decide if Proposition B contradicts Assumption A.

Steps:
1. A defends a claim (strip ""no_evident_not_"" / ""have_evident_"" to see it).
2. B states a fact.
3. Does B disprove A's claim? Same specific issue only, not just same topic.

Output pattern (always use this exact shape):
A: <phrase>
B: <phrase>
Answer: Yes/No

Examples:

A: no_evident_not_easy_check-in
B: customer_wait_10_minute_for_greet
Answer: Yes

A: no_evident_not_easy_check-in
B: no_one_give_key_on_late_check-in
Answer: No

A: no_evident_not_great_quality
B: shampoo_seem_cheap_considering_hotel_cost
Answer: Yes

A: no_evident_not_great_quality
B: expensive_hotel
Answer: No

Now answer for this pair. Output ONLY the final line ""Answer: Yes"" or ""Answer: No"" — no other text.

A: no_evident_not_fresh_hotel
B: aesthetic_hotel
Answer:
","A: no_evident_not_fresh_hotel
B: aesthetic_hotel
Answer: No"
2026-08-16 22:19:22,3,24479,no_evident_not_good_quality_hotel,compact_hotel,"Task: decide if Proposition B contradicts Assumption A.

Steps:
1. A defends a claim (strip ""no_evident_not_"" / ""have_evident_"" to see it).
2. B states a fact.
3. Does B disprove A's claim? Same specific issue only, not just same topic.

Output pattern (always use this exact shape):
A: <phrase>
B: <phrase>
Answer: Yes/No

Examples:

A: no_evident_not_easy_check-in
B: customer_wait_10_minute_for_greet
Answer: Yes

A: no_evident_not_easy_check-in
B: no_one_give_key_on_late_check-in
Answer: No

A: no_evident_not_great_quality
B: shampoo_seem_cheap_considering_hotel_cost
Answer: Yes

A: no_evident_not_great_quality
B: expensive_hotel
Answer: No

Now answer for this pair. Output ONLY the final line ""Answer: Yes"" or ""Answer: No"" — no other text.

A: no_evident_not_good_quality_hotel
B: compact_hotel
Answer:
","A: no_evident_not_good_quality_hotel
B: compact_hotel
Answer: No"
2026-08-16 22:19:22,3,19156,no_evident_not_affordable_hotel,sufficient_parking,"Task: decide if Proposition B contradicts Assumption A.

Steps:
1. A defends a claim (strip ""no_evident_not_"" / ""have_evident_"" to see it).
2. B states a fact.
3. Does B disprove A's claim? Same specific issue only, not just same topic.

Output pattern (always use this exact shape):
A: <phrase>
B: <phrase>
Answer: Yes/No

Examples:

A: no_evident_not_easy_check-in
B: customer_wait_10_minute_for_greet
Answer: Yes

A: no_evident_not_easy_check-in
B: no_one_give_key_on_late_check-in
Answer: No

A: no_evident_not_great_quality
B: shampoo_seem_cheap_considering_hotel_cost
Answer: Yes

A: no_evident_not_great_quality
B: expensive_hotel
Answer: No

Now answer for this pair. Output ONLY the final line ""Answer: Yes"" or ""Answer: No"" — no other text.

A: no_evident_not_affordable_hotel
B: sufficient_parking
Answer:
",Answer: No
2026-08-16 22:19:22,3,14039,no_evident_not_lovely_family_hotel,compact_hotel,"Task: decide if Proposition B contradicts Assumption A.

Steps:
1. A defends a claim (strip ""no_evident_not_"" / ""have_evident_"" to see it).
2. B states a fact.
3. Does B disprove A's claim? Same specific issue only, not just same topic.

Output pattern (always use this exact shape):
A: <phrase>
B: <phrase>
Answer: Yes/No

Examples:

A: no_evident_not_easy_check-in
B: customer_wait_10_minute_for_greet
Answer: Yes

A: no_evident_not_easy_check-in
B: no_one_give_key_on_late_check-in
Answer: No

A: no_evident_not_great_quality
B: shampoo_seem_cheap_considering_hotel_cost
Answer: Yes

A: no_evident_not_great_quality
B: expensive_hotel
Answer: No

Now answer for this pair. Output ONLY the final line ""Answer: Yes"" or ""Answer: No"" — no other text.

A: no_evident_not_lovely_family_hotel
B: compact_hotel
Answer:
","A: no_evident_not_lovely_family_hotel
B: compact_hotel
Answer: No"
2026-08-16 22:19:23,3,29420,no_evident_not_clean_lobby,all_you_need_for_great_holiday,"Task: decide if Proposition B contradicts Assumption A.

Steps:
1. A defends a claim (strip ""no_evident_not_"" / ""have_evident_"" to see it).
2. B states a fact.
3. Does B disprove A's claim? Same specific issue only, not just same topic.

Output pattern (always use this exact shape):
A: <phrase>
B: <phrase>
Answer: Yes/No

Examples:

A: no_evident_not_easy_check-in
B: customer_wait_10_minute_for_greet
Answer: Yes

A: no_evident_not_easy_check-in
B: no_one_give_key_on_late_check-in
Answer: No

A: no_evident_not_great_quality
B: shampoo_seem_cheap_considering_hotel_cost
Answer: Yes

A: no_evident_not_great_quality
B: expensive_hotel
Answer: No

Now answer for this pair. Output ONLY the final line ""Answer: Yes"" or ""Answer: No"" — no other text.

A: no_evident_not_clean_lobby
B: all_you_need_for_great_holiday
Answer:
","A: no_evident_not_clean_lobby
B: all_you_need_for_great_holiday
Answer: No"
2026-08-16 22:19:23,3,19122,no_evident_not_affordable_hotel,contemporary_hotel,"Task: decide if Proposition B contradicts Assumption A.

Steps:
1. A defends a claim (strip ""no_evident_not_"" / ""have_evident_"" to see it).
2. B states a fact.
3. Does B disprove A's claim? Same specific issue only, not just same topic.

Output pattern (always use this exact shape):
A: <phrase>
B: <phrase>
Answer: Yes/No

Examples:

A: no_evident_not_easy_check-in
B: customer_wait_10_minute_for_greet
Answer: Yes

A: no_evident_not_easy_check-in
B: no_one_give_key_on_late_check-in
Answer: No

A: no_evident_not_great_quality
B: shampoo_seem_cheap_considering_hotel_cost
Answer: Yes

A: no_evident_not_great_quality
B: expensive_hotel
Answer: No

Now answer for this pair. Output ONLY the final line ""Answer: Yes"" or ""Answer: No"" — no other text.

A: no_evident_not_affordable_hotel
B: contemporary_hotel
Answer:
","A: no_evident_not_affordable_hotel
B: contemporary_hotel
Answer: No"
2026-08-16 22:19:24,3,13088,no_evident_not_feel_welcome_from_arrival_moment,many_free_parking_space_available_on_early_November,"Task: decide if Proposition B contradicts Assumption A.

Steps:
1. A defends a claim (strip ""no_evident_not_"" / ""have_evident_"" to see it).
2. B states a fact.
3. Does B disprove A's claim? Same specific issue only, not just same topic.

Output pattern (always use this exact shape):
A: <phrase>
B: <phrase>
Answer: Yes/No

Examples:

A: no_evident_not_easy_check-in
B: customer_wait_10_minute_for_greet
Answer: Yes

A: no_evident_not_easy_check-in
B: no_one_give_key_on_late_check-in
Answer: No

A: no_evident_not_great_quality
B: shampoo_seem_cheap_considering_hotel_cost
Answer: Yes

A: no_evident_not_great_quality
B: expensive_hotel
Answer: No

Now answer for this pair. Output ONLY the final line ""Answer: Yes"" or ""Answer: No"" — no other text.

A: no_evident_not_feel_welcome_from_arrival_moment
B: many_free_parking_space_available_on_early_November
Answer:
","A: no_evident_not_feel_welcome_from_arrival_moment
B: many_free_parking_space_available_on_early_November
Answer: No"
2026-08-16 22:19:24,3,11862,no_evident_not_clean_boutique_hotel,clean_hall,"Task: decide if Proposition B contradicts Assumption A.

Steps:
1. A defends a claim (strip ""no_evident_not_"" / ""have_evident_"" to see it).
2. B states a fact.
3. Does B disprove A's claim? Same specific issue only, not just same topic.

Output pattern (always use this exact shape):
A: <phrase>
B: <phrase>
Answer: Yes/No

Examples:

A: no_evident_not_easy_check-in
B: customer_wait_10_minute_for_greet
Answer: Yes

A: no_evident_not_easy_check-in
B: no_one_give_key_on_late_check-in
Answer: No

A: no_evident_not_great_quality
B: shampoo_seem_cheap_considering_hotel_cost
Answer: Yes

A: no_evident_not_great_quality
B: expensive_hotel
Answer: No

Now answer for this pair. Output ONLY the final line ""Answer: Yes"" or ""Answer: No"" — no other text.

A: no_evident_not_clean_boutique_hotel
B: clean_hall
Answer:
","A: no_evident_not_clean_boutique_hotel
B: clean_hall
Answer: No"
2026-08-16 22:19:24,3,7187,no_evident_not_great_hotel,can_request_for_transfer_from_airport,"Task: decide if Proposition B contradicts Assumption A.

Steps:
1. A defends a claim (strip ""no_evident_not_"" / ""have_evident_"" to see it).
2. B states a fact.
3. Does B disprove A's claim? Same specific issue only, not just same topic.

Output pattern (always use this exact shape):
A: <phrase>
B: <phrase>
Answer: Yes/No

Examples:

A: no_evident_not_easy_check-in
B: customer_wait_10_minute_for_greet
Answer: Yes

A: no_evident_not_easy_check-in
B: no_one_give_key_on_late_check-in
Answer: No

A: no_evident_not_great_quality
B: shampoo_seem_cheap_considering_hotel_cost
Answer: Yes

A: no_evident_not_great_quality
B: expensive_hotel
Answer: No

Now answer for this pair. Output ONLY the final line ""Answer: Yes"" or ""Answer: No"" — no other text.

A: no_evident_not_great_hotel
B: can_request_for_transfer_from_airport
Answer:
",Answer: No
2026-08-16 22:19:24,3,4533,no_evident_not_allow_stay_with_animal,brand_new_facility,"Task: decide if Proposition B contradicts Assumption A.

Steps:
1. A defends a claim (strip ""no_evident_not_"" / ""have_evident_"" to see it).
2. B states a fact.
3. Does B disprove A's claim? Same specific issue only, not just same topic.

Output pattern (always use this exact shape):
A: <phrase>
B: <phrase>
Answer: Yes/No

Examples:

A: no_evident_not_easy_check-in
B: customer_wait_10_minute_for_greet
Answer: Yes

A: no_evident_not_easy_check-in
B: no_one_give_key_on_late_check-in
Answer: No

A: no_evident_not_great_quality
B: shampoo_seem_cheap_considering_hotel_cost
Answer: Yes

A: no_evident_not_great_quality
B: expensive_hotel
Answer: No

Now answer for this pair. Output ONLY the final line ""Answer: Yes"" or ""Answer: No"" — no other text.

A: no_evident_not_allow_stay_with_animal
B: brand_new_facility
Answer:
","A: no_evident_not_allow_stay_with_animal
B: allow_stay_with_animal
Answer: Yes"
2026-08-16 22:19:25,3,16697,no_evident_not_just_renovated_hotel,small_hotel,"Task: decide if Proposition B contradicts Assumption A.

Steps:
1. A defends a claim (strip ""no_evident_not_"" / ""have_evident_"" to see it).
2. B states a fact.
3. Does B disprove A's claim? Same specific issue only, not just same topic.

Output pattern (always use this exact shape):
A: <phrase>
B: <phrase>
Answer: Yes/No

Examples:

A: no_evident_not_easy_check-in
B: customer_wait_10_minute_for_greet
Answer: Yes

A: no_evident_not_easy_check-in
B: no_one_give_key_on_late_check-in
Answer: No

A: no_evident_not_great_quality
B: shampoo_seem_cheap_considering_hotel_cost
Answer: Yes

A: no_evident_not_great_quality
B: expensive_hotel
Answer: No

Now answer for this pair. Output ONLY the final line ""Answer: Yes"" or ""Answer: No"" — no other text.

A: no_evident_not_just_renovated_hotel
B: small_hotel
Answer:
","A: no_evident_not_just_renovated_hotel
B: small_hotel
Answer: No"
2026-08-16 22:19:25,3,16172,no_evident_not_clear_decoration,interesting_service,"Task: decide if Proposition B contradicts Assumption A.

Steps:
1. A defends a claim (strip ""no_evident_not_"" / ""have_evident_"" to see it).
2. B states a fact.
3. Does B disprove A's claim? Same specific issue only, not just same topic.

Output pattern (always use this exact shape):
A: <phrase>
B: <phrase>
Answer: Yes/No

Examples:

A: no_evident_not_easy_check-in
B: customer_wait_10_minute_for_greet
Answer: Yes

A: no_evident_not_easy_check-in
B: no_one_give_key_on_late_check-in
Answer: No

A: no_evident_not_great_quality
B: shampoo_seem_cheap_considering_hotel_cost
Answer: Yes

A: no_evident_not_great_quality
B: expensive_hotel
Answer: No

Now answer for this pair. Output ONLY the final line ""Answer: Yes"" or ""Answer: No"" — no other text.

A: no_evident_not_clear_decoration
B: interesting_service
Answer:
","A: no_evident_not_clear_decoration
B: interesting_service
Answer: No"
2026-08-16 22:19:25,3,2979,no_evident_not_everywhere_spotless_clean,5_star_hotel,"Task: decide if Proposition B contradicts Assumption A.

Steps:
1. A defends a claim (strip ""no_evident_not_"" / ""have_evident_"" to see it).
2. B states a fact.
3. Does B disprove A's claim? Same specific issue only, not just same topic.

Output pattern (always use this exact shape):
A: <phrase>
B: <phrase>
Answer: Yes/No

Examples:

A: no_evident_not_easy_check-in
B: customer_wait_10_minute_for_greet
Answer: Yes

A: no_evident_not_easy_check-in
B: no_one_give_key_on_late_check-in
Answer: No

A: no_evident_not_great_quality
B: shampoo_seem_cheap_considering_hotel_cost
Answer: Yes

A: no_evident_not_great_quality
B: expensive_hotel
Answer: No

Now answer for this pair. Output ONLY the final line ""Answer: Yes"" or ""Answer: No"" — no other text.

A: no_evident_not_everywhere_spotless_clean
B: 5_star_hotel
Answer:
",Answer: No
2026-08-16 22:19:25,3,24766,no_evident_not_intimate_hotel,brand_new_furniture,"Task: decide if Proposition B contradicts Assumption A.

Steps:
1. A defends a claim (strip ""no_evident_not_"" / ""have_evident_"" to see it).
2. B states a fact.
3. Does B disprove A's claim? Same specific issue only, not just same topic.

Output pattern (always use this exact shape):
A: <phrase>
B: <phrase>
Answer: Yes/No

Examples:

A: no_evident_not_easy_check-in
B: customer_wait_10_minute_for_greet
Answer: Yes

A: no_evident_not_easy_check-in
B: no_one_give_key_on_late_check-in
Answer: No

A: no_evident_not_great_quality
B: shampoo_seem_cheap_considering_hotel_cost
Answer: Yes

A: no_evident_not_great_quality
B: expensive_hotel
Answer: No

Now answer for this pair. Output ONLY the final line ""Answer: Yes"" or ""Answer: No"" — no other text.

A: no_evident_not_intimate_hotel
B: brand_new_furniture
Answer:
","A: no_evident_not_intimate_hotel
B: brand_new_furniture
Answer: No"
2026-08-16 22:19:26,3,1544,no_evident_not_up_to_4*_standard,clean_facility,"Task: decide if Proposition B contradicts Assumption A.

Steps:
1. A defends a claim (strip ""no_evident_not_"" / ""have_evident_"" to see it).
2. B states a fact.
3. Does B disprove A's claim? Same specific issue only, not just same topic.

Output pattern (always use this exact shape):
A: <phrase>
B: <phrase>
Answer: Yes/No

Examples:

A: no_evident_not_easy_check-in
B: customer_wait_10_minute_for_greet
Answer: Yes

A: no_evident_not_easy_check-in
B: no_one_give_key_on_late_check-in
Answer: No

A: no_evident_not_great_quality
B: shampoo_seem_cheap_considering_hotel_cost
Answer: Yes

A: no_evident_not_great_quality
B: expensive_hotel
Answer: No

Now answer for this pair. Output ONLY the final line ""Answer: Yes"" or ""Answer: No"" — no other text.

A: no_evident_not_up_to_4*_standard
B: clean_facility
Answer:
","A: no_evident_not_up_to_4*_standard
B: clean_facility
Answer: No"
2026-08-16 22:19:26,3,28217,no_evident_not_welcoming_environment,small_hotel,"Task: decide if Proposition B contradicts Assumption A.

Steps:
1. A defends a claim (strip ""no_evident_not_"" / ""have_evident_"" to see it).
2. B states a fact.
3. Does B disprove A's claim? Same specific issue only, not just same topic.

Output pattern (always use this exact shape):
A: <phrase>
B: <phrase>
Answer: Yes/No

Examples:

A: no_evident_not_easy_check-in
B: customer_wait_10_minute_for_greet
Answer: Yes

A: no_evident_not_easy_check-in
B: no_one_give_key_on_late_check-in
Answer: No

A: no_evident_not_great_quality
B: shampoo_seem_cheap_considering_hotel_cost
Answer: Yes

A: no_evident_not_great_quality
B: expensive_hotel
Answer: No

Now answer for this pair. Output ONLY the final line ""Answer: Yes"" or ""Answer: No"" — no other text.

A: no_evident_not_welcoming_environment
B: small_hotel
Answer:
","A: no_evident_not_welcoming_environment
B: small_hotel
Answer: No"
2026-08-16 22:19:26,3,3593,no_evident_not_modern_facility,has_swimming_pool,"Task: decide if Proposition B contradicts Assumption A.

Steps:
1. A defends a claim (strip ""no_evident_not_"" / ""have_evident_"" to see it).
2. B states a fact.
3. Does B disprove A's claim? Same specific issue only, not just same topic.

Output pattern (always use this exact shape):
A: <phrase>
B: <phrase>
Answer: Yes/No

Examples:

A: no_evident_not_easy_check-in
B: customer_wait_10_minute_for_greet
Answer: Yes

A: no_evident_not_easy_check-in
B: no_one_give_key_on_late_check-in
Answer: No

A: no_evident_not_great_quality
B: shampoo_seem_cheap_considering_hotel_cost
Answer: Yes

A: no_evident_not_great_quality
B: expensive_hotel
Answer: No

Now answer for this pair. Output ONLY the final line ""Answer: Yes"" or ""Answer: No"" — no other text.

A: no_evident_not_modern_facility
B: has_swimming_pool
Answer:
","A: no_evident_not_modern_facility
B: has_swimming_pool
Answer: No"
2026-08-16 22:19:27,3,5009,no_evident_not_beautiful_inside,stunning_hotel,"Task: decide if Proposition B contradicts Assumption A.

Steps:
1. A defends a claim (strip ""no_evident_not_"" / ""have_evident_"" to see it).
2. B states a fact.
3. Does B disprove A's claim? Same specific issue only, not just same topic.

Output pattern (always use this exact shape):
A: <phrase>
B: <phrase>
Answer: Yes/No

Examples:

A: no_evident_not_easy_check-in
B: customer_wait_10_minute_for_greet
Answer: Yes

A: no_evident_not_easy_check-in
B: no_one_give_key_on_late_check-in
Answer: No

A: no_evident_not_great_quality
B: shampoo_seem_cheap_considering_hotel_cost
Answer: Yes

A: no_evident_not_great_quality
B: expensive_hotel
Answer: No

Now answer for this pair. Output ONLY the final line ""Answer: Yes"" or ""Answer: No"" — no other text.

A: no_evident_not_beautiful_inside
B: stunning_hotel
Answer:
","A: no_evident_not_beautiful_inside
B: stunning_hotel
Answer: Yes"
2026-08-16 22:19:27,3,20561,no_evident_not_pet_friendly,quiet_hotel,"Task: decide if Proposition B contradicts Assumption A.

Steps:
1. A defends a claim (strip ""no_evident_not_"" / ""have_evident_"" to see it).
2. B states a fact.
3. Does B disprove A's claim? Same specific issue only, not just same topic.

Output pattern (always use this exact shape):
A: <phrase>
B: <phrase>
Answer: Yes/No

Examples:

A: no_evident_not_easy_check-in
B: customer_wait_10_minute_for_greet
Answer: Yes

A: no_evident_not_easy_check-in
B: no_one_give_key_on_late_check-in
Answer: No

A: no_evident_not_great_quality
B: shampoo_seem_cheap_considering_hotel_cost
Answer: Yes

A: no_evident_not_great_quality
B: expensive_hotel
Answer: No

Now answer for this pair. Output ONLY the final line ""Answer: Yes"" or ""Answer: No"" — no other text.

A: no_evident_not_pet_friendly
B: quiet_hotel
Answer:
","A: no_evident_not_pet_friendly
B: quiet_hotel
Answer: No"
2026-08-16 22:19:27,3,5243,no_evident_not_everything_new,refurbished_hotel,"Task: decide if Proposition B contradicts Assumption A.

Steps:
1. A defends a claim (strip ""no_evident_not_"" / ""have_evident_"" to see it).
2. B states a fact.
3. Does B disprove A's claim? Same specific issue only, not just same topic.

Output pattern (always use this exact shape):
A: <phrase>
B: <phrase>
Answer: Yes/No

Examples:

A: no_evident_not_easy_check-in
B: customer_wait_10_minute_for_greet
Answer: Yes

A: no_evident_not_easy_check-in
B: no_one_give_key_on_late_check-in
Answer: No

A: no_evident_not_great_quality
B: shampoo_seem_cheap_considering_hotel_cost
Answer: Yes

A: no_evident_not_great_quality
B: expensive_hotel
Answer: No

Now answer for this pair. Output ONLY the final line ""Answer: Yes"" or ""Answer: No"" — no other text.

A: no_evident_not_everything_new
B: refurbished_hotel
Answer:
","A: no_evident_not_everything_new
B: refurbished_hotel
Answer: No"
2026-08-16 22:19:28,3,25955,no_evident_not_has_cozy_courtyard,fantastic_service,"Task: decide if Proposition B contradicts Assumption A.

Steps:
1. A defends a claim (strip ""no_evident_not_"" / ""have_evident_"" to see it).
2. B states a fact.
3. Does B disprove A's claim? Same specific issue only, not just same topic.

Output pattern (always use this exact shape):
A: <phrase>
B: <phrase>
Answer: Yes/No

Examples:

A: no_evident_not_easy_check-in
B: customer_wait_10_minute_for_greet
Answer: Yes

A: no_evident_not_easy_check-in
B: no_one_give_key_on_late_check-in
Answer: No

A: no_evident_not_great_quality
B: shampoo_seem_cheap_considering_hotel_cost
Answer: Yes

A: no_evident_not_great_quality
B: expensive_hotel
Answer: No

Now answer for this pair. Output ONLY the final line ""Answer: Yes"" or ""Answer: No"" — no other text.

A: no_evident_not_has_cozy_courtyard
B: fantastic_service
Answer:
","A: no_evident_not_has_cozy_courtyard
B: fantastic_service
Answer: No"
2026-08-16 22:19:28,3,22299,no_evident_not_friendly_hotel,excellent_option,"Task: decide if Proposition B contradicts Assumption A.

Steps:
1. A defends a claim (strip ""no_evident_not_"" / ""have_evident_"" to see it).
2. B states a fact.
3. Does B disprove A's claim? Same specific issue only, not just same topic.

Output pattern (always use this exact shape):
A: <phrase>
B: <phrase>
Answer: Yes/No

Examples:

A: no_evident_not_easy_check-in
B: customer_wait_10_minute_for_greet
Answer: Yes

A: no_evident_not_easy_check-in
B: no_one_give_key_on_late_check-in
Answer: No

A: no_evident_not_great_quality
B: shampoo_seem_cheap_considering_hotel_cost
Answer: Yes

A: no_evident_not_great_quality
B: expensive_hotel
Answer: No

Now answer for this pair. Output ONLY the final line ""Answer: Yes"" or ""Answer: No"" — no other text.

A: no_evident_not_friendly_hotel
B: excellent_option
Answer:
",Answer: No
2026-08-16 22:19:28,3,13834,no_evident_not_good_wifi,plenty_of_parking,"Task: decide if Proposition B contradicts Assumption A.

Steps:
1. A defends a claim (strip ""no_evident_not_"" / ""have_evident_"" to see it).
2. B states a fact.
3. Does B disprove A's claim? Same specific issue only, not just same topic.

Output pattern (always use this exact shape):
A: <phrase>
B: <phrase>
Answer: Yes/No

Examples:

A: no_evident_not_easy_check-in
B: customer_wait_10_minute_for_greet
Answer: Yes

A: no_evident_not_easy_check-in
B: no_one_give_key_on_late_check-in
Answer: No

A: no_evident_not_great_quality
B: shampoo_seem_cheap_considering_hotel_cost
Answer: Yes

A: no_evident_not_great_quality
B: expensive_hotel
Answer: No

Now answer for this pair. Output ONLY the final line ""Answer: Yes"" or ""Answer: No"" — no other text.

A: no_evident_not_good_wifi
B: plenty_of_parking
Answer:
",Answer: No
2026-08-16 22:19:28,3,19544,no_evident_not_amazing_place,clean_facility,"Task: decide if Proposition B contradicts Assumption A.

Steps:
1. A defends a claim (strip ""no_evident_not_"" / ""have_evident_"" to see it).
2. B states a fact.
3. Does B disprove A's claim? Same specific issue only, not just same topic.

Output pattern (always use this exact shape):
A: <phrase>
B: <phrase>
Answer: Yes/No

Examples:

A: no_evident_not_easy_check-in
B: customer_wait_10_minute_for_greet
Answer: Yes

A: no_evident_not_easy_check-in
B: no_one_give_key_on_late_check-in
Answer: No

A: no_evident_not_great_quality
B: shampoo_seem_cheap_considering_hotel_cost
Answer: Yes

A: no_evident_not_great_quality
B: expensive_hotel
Answer: No

Now answer for this pair. Output ONLY the final line ""Answer: Yes"" or ""Answer: No"" — no other text.

A: no_evident_not_amazing_place
B: clean_facility
Answer:
","A: no_evident_not_amazing_place
B: clean_facility
Answer: No"
2026-08-16 22:19:28,3,2082,no_evident_not_peaceful_facility,recently_renovated_interior,"Task: decide if Proposition B contradicts Assumption A.

Steps:
1. A defends a claim (strip ""no_evident_not_"" / ""have_evident_"" to see it).
2. B states a fact.
3. Does B disprove A's claim? Same specific issue only, not just same topic.

Output pattern (always use this exact shape):
A: <phrase>
B: <phrase>
Answer: Yes/No

Examples:

A: no_evident_not_easy_check-in
B: customer_wait_10_minute_for_greet
Answer: Yes

A: no_evident_not_easy_check-in
B: no_one_give_key_on_late_check-in
Answer: No

A: no_evident_not_great_quality
B: shampoo_seem_cheap_considering_hotel_cost
Answer: Yes

A: no_evident_not_great_quality
B: expensive_hotel
Answer: No

Now answer for this pair. Output ONLY the final line ""Answer: Yes"" or ""Answer: No"" — no other text.

A: no_evident_not_peaceful_facility
B: recently_renovated_interior
Answer:
","A: no_evident_not_peaceful_facility
B: recently_renovated_interior
Answer: No"
2026-08-16 22:19:29,3,12609,no_evident_not_nice_ambiance_hotel,up_to_4*_standard,"Task: decide if Proposition B contradicts Assumption A.

Steps:
1. A defends a claim (strip ""no_evident_not_"" / ""have_evident_"" to see it).
2. B states a fact.
3. Does B disprove A's claim? Same specific issue only, not just same topic.

Output pattern (always use this exact shape):
A: <phrase>
B: <phrase>
Answer: Yes/No

Examples:

A: no_evident_not_easy_check-in
B: customer_wait_10_minute_for_greet
Answer: Yes

A: no_evident_not_easy_check-in
B: no_one_give_key_on_late_check-in
Answer: No

A: no_evident_not_great_quality
B: shampoo_seem_cheap_considering_hotel_cost
Answer: Yes

A: no_evident_not_great_quality
B: expensive_hotel
Answer: No

Now answer for this pair. Output ONLY the final line ""Answer: Yes"" or ""Answer: No"" — no other text.

A: no_evident_not_nice_ambiance_hotel
B: up_to_4*_standard
Answer:
","A: no_evident_not_nice_ambiance_hotel
B: up_to_4*_standard
Answer: No"
2026-08-16 22:19:29,3,12505,no_evident_not_Christmas_vibe_hotel,comfortable_atmosphere,"Task: decide if Proposition B contradicts Assumption A.

Steps:
1. A defends a claim (strip ""no_evident_not_"" / ""have_evident_"" to see it).
2. B states a fact.
3. Does B disprove A's claim? Same specific issue only, not just same topic.

Output pattern (always use this exact shape):
A: <phrase>
B: <phrase>
Answer: Yes/No

Examples:

A: no_evident_not_easy_check-in
B: customer_wait_10_minute_for_greet
Answer: Yes

A: no_evident_not_easy_check-in
B: no_one_give_key_on_late_check-in
Answer: No

A: no_evident_not_great_quality
B: shampoo_seem_cheap_considering_hotel_cost
Answer: Yes

A: no_evident_not_great_quality
B: expensive_hotel
Answer: No

Now answer for this pair. Output ONLY the final line ""Answer: Yes"" or ""Answer: No"" — no other text.

A: no_evident_not_Christmas_vibe_hotel
B: comfortable_atmosphere
Answer:
","A: no_evident_not_Christmas_vibe_hotel
B: comfortable_atmosphere
Answer: No"
2026-08-16 22:19:29,3,19527,no_evident_not_amazing_place,excellent_inside,"Task: decide if Proposition B contradicts Assumption A.

Steps:
1. A defends a claim (strip ""no_evident_not_"" / ""have_evident_"" to see it).
2. B states a fact.
3. Does B disprove A's claim? Same specific issue only, not just same topic.

Output pattern (always use this exact shape):
A: <phrase>
B: <phrase>
Answer: Yes/No

Examples:

A: no_evident_not_easy_check-in
B: customer_wait_10_minute_for_greet
Answer: Yes

A: no_evident_not_easy_check-in
B: no_one_give_key_on_late_check-in
Answer: No

A: no_evident_not_great_quality
B: shampoo_seem_cheap_considering_hotel_cost
Answer: Yes

A: no_evident_not_great_quality
B: expensive_hotel
Answer: No

Now answer for this pair. Output ONLY the final line ""Answer: Yes"" or ""Answer: No"" — no other text.

A: no_evident_not_amazing_place
B: excellent_inside
Answer:
","A: no_evident_not_amazing_place
B: excellent_inside
Answer: No"
2026-08-16 22:19:30,3,15338,no_evident_not_family_run_hotel,well_run,"Task: decide if Proposition B contradicts Assumption A.

Steps:
1. A defends a claim (strip ""no_evident_not_"" / ""have_evident_"" to see it).
2. B states a fact.
3. Does B disprove A's claim? Same specific issue only, not just same topic.

Output pattern (always use this exact shape):
A: <phrase>
B: <phrase>
Answer: Yes/No

Examples:

A: no_evident_not_easy_check-in
B: customer_wait_10_minute_for_greet
Answer: Yes

A: no_evident_not_easy_check-in
B: no_one_give_key_on_late_check-in
Answer: No

A: no_evident_not_great_quality
B: shampoo_seem_cheap_considering_hotel_cost
Answer: Yes

A: no_evident_not_great_quality
B: expensive_hotel
Answer: No

Now answer for this pair. Output ONLY the final line ""Answer: Yes"" or ""Answer: No"" — no other text.

A: no_evident_not_family_run_hotel
B: well_run
Answer:
",Answer: No
2026-08-16 22:19:30,3,17339,no_evident_not_well_situated_hotel,basic_hotel,"Task: decide if Proposition B contradicts Assumption A.

Steps:
1. A defends a claim (strip ""no_evident_not_"" / ""have_evident_"" to see it).
2. B states a fact.
3. Does B disprove A's claim? Same specific issue only, not just same topic.

Output pattern (always use this exact shape):
A: <phrase>
B: <phrase>
Answer: Yes/No

Examples:

A: no_evident_not_easy_check-in
B: customer_wait_10_minute_for_greet
Answer: Yes

A: no_evident_not_easy_check-in
B: no_one_give_key_on_late_check-in
Answer: No

A: no_evident_not_great_quality
B: shampoo_seem_cheap_considering_hotel_cost
Answer: Yes

A: no_evident_not_great_quality
B: expensive_hotel
Answer: No

Now answer for this pair. Output ONLY the final line ""Answer: Yes"" or ""Answer: No"" — no other text.

A: no_evident_not_well_situated_hotel
B: basic_hotel
Answer:
","A: no_evident_not_well_situated_hotel
B: basic_hotel
Answer: Yes"
2026-08-16 22:19:30,3,8239,no_evident_not_offered_drink,cozy_terrace,"Task: decide if Proposition B contradicts Assumption A.

Steps:
1. A defends a claim (strip ""no_evident_not_"" / ""have_evident_"" to see it).
2. B states a fact.
3. Does B disprove A's claim? Same specific issue only, not just same topic.

Output pattern (always use this exact shape):
A: <phrase>
B: <phrase>
Answer: Yes/No

Examples:

A: no_evident_not_easy_check-in
B: customer_wait_10_minute_for_greet
Answer: Yes

A: no_evident_not_easy_check-in
B: no_one_give_key_on_late_check-in
Answer: No

A: no_evident_not_great_quality
B: shampoo_seem_cheap_considering_hotel_cost
Answer: Yes

A: no_evident_not_great_quality
B: expensive_hotel
Answer: No

Now answer for this pair. Output ONLY the final line ""Answer: Yes"" or ""Answer: No"" — no other text.

A: no_evident_not_offered_drink
B: cozy_terrace
Answer:
","A: no_evident_not_offered_drink
B: no_drink_offered
Answer: Yes"
2026-08-16 22:19:31,3,31821,no_evident_not_all_furniture_new,able_to_bring_dog,"Task: decide if Proposition B contradicts Assumption A.

Steps:
1. A defends a claim (strip ""no_evident_not_"" / ""have_evident_"" to see it).
2. B states a fact.
3. Does B disprove A's claim? Same specific issue only, not just same topic.

Output pattern (always use this exact shape):
A: <phrase>
B: <phrase>
Answer: Yes/No

Examples:

A: no_evident_not_easy_check-in
B: customer_wait_10_minute_for_greet
Answer: Yes

A: no_evident_not_easy_check-in
B: no_one_give_key_on_late_check-in
Answer: No

A: no_evident_not_great_quality
B: shampoo_seem_cheap_considering_hotel_cost
Answer: Yes

A: no_evident_not_great_quality
B: expensive_hotel
Answer: No

Now answer for this pair. Output ONLY the final line ""Answer: Yes"" or ""Answer: No"" — no other text.

A: no_evident_not_all_furniture_new
B: able_to_bring_dog
Answer:
","A: no_evident_not_all_furniture_new
B: able_to_bring_dog
Answer: No"
2026-08-16 22:19:31,3,18129,no_evident_not_clear_interior,open_air_car_park,"Task: decide if Proposition B contradicts Assumption A.

Steps:
1. A defends a claim (strip ""no_evident_not_"" / ""have_evident_"" to see it).
2. B states a fact.
3. Does B disprove A's claim? Same specific issue only, not just same topic.

Output pattern (always use this exact shape):
A: <phrase>
B: <phrase>
Answer: Yes/No

Examples:

A: no_evident_not_easy_check-in
B: customer_wait_10_minute_for_greet
Answer: Yes

A: no_evident_not_easy_check-in
B: no_one_give_key_on_late_check-in
Answer: No

A: no_evident_not_great_quality
B: shampoo_seem_cheap_considering_hotel_cost
Answer: Yes

A: no_evident_not_great_quality
B: expensive_hotel
Answer: No

Now answer for this pair. Output ONLY the final line ""Answer: Yes"" or ""Answer: No"" — no other text.

A: no_evident_not_clear_interior
B: open_air_car_park
Answer:
","A: no_evident_not_clear_interior
B: open_air_car_park
Answer: No"
2026-08-16 22:19:31,3,28207,no_evident_not_welcoming_environment,same_as_photo,"Task: decide if Proposition B contradicts Assumption A.

Steps:
1. A defends a claim (strip ""no_evident_not_"" / ""have_evident_"" to see it).
2. B states a fact.
3. Does B disprove A's claim? Same specific issue only, not just same topic.

Output pattern (always use this exact shape):
A: <phrase>
B: <phrase>
Answer: Yes/No

Examples:

A: no_evident_not_easy_check-in
B: customer_wait_10_minute_for_greet
Answer: Yes

A: no_evident_not_easy_check-in
B: no_one_give_key_on_late_check-in
Answer: No

A: no_evident_not_great_quality
B: shampoo_seem_cheap_considering_hotel_cost
Answer: Yes

A: no_evident_not_great_quality
B: expensive_hotel
Answer: No

Now answer for this pair. Output ONLY the final line ""Answer: Yes"" or ""Answer: No"" — no other text.

A: no_evident_not_welcoming_environment
B: same_as_photo
Answer:
","A: no_evident_not_welcoming_environment
B: same_as_photo
Answer: No"
2026-08-16 22:19:32,3,30882,no_evident_not_surprise_with_swimming_pool,recently_renovated_interior,"Task: decide if Proposition B contradicts Assumption A.

Steps:
1. A defends a claim (strip ""no_evident_not_"" / ""have_evident_"" to see it).
2. B states a fact.
3. Does B disprove A's claim? Same specific issue only, not just same topic.

Output pattern (always use this exact shape):
A: <phrase>
B: <phrase>
Answer: Yes/No

Examples:

A: no_evident_not_easy_check-in
B: customer_wait_10_minute_for_greet
Answer: Yes

A: no_evident_not_easy_check-in
B: no_one_give_key_on_late_check-in
Answer: No

A: no_evident_not_great_quality
B: shampoo_seem_cheap_considering_hotel_cost
Answer: Yes

A: no_evident_not_great_quality
B: expensive_hotel
Answer: No

Now answer for this pair. Output ONLY the final line ""Answer: Yes"" or ""Answer: No"" — no other text.

A: no_evident_not_surprise_with_swimming_pool
B: recently_renovated_interior
Answer:
","A: no_evident_not_surprise_with_swimming_pool
B: recently_renovated_interior
Answer: No"
2026-08-16 22:19:32,3,377,no_evident_not_family_atmosphere_hotel,everywhere_spotless_clean,"Task: decide if Proposition B contradicts Assumption A.

Steps:
1. A defends a claim (strip ""no_evident_not_"" / ""have_evident_"" to see it).
2. B states a fact.
3. Does B disprove A's claim? Same specific issue only, not just same topic.

Output pattern (always use this exact shape):
A: <phrase>
B: <phrase>
Answer: Yes/No

Examples:

A: no_evident_not_easy_check-in
B: customer_wait_10_minute_for_greet
Answer: Yes

A: no_evident_not_easy_check-in
B: no_one_give_key_on_late_check-in
Answer: No

A: no_evident_not_great_quality
B: shampoo_seem_cheap_considering_hotel_cost
Answer: Yes

A: no_evident_not_great_quality
B: expensive_hotel
Answer: No

Now answer for this pair. Output ONLY the final line ""Answer: Yes"" or ""Answer: No"" — no other text.

A: no_evident_not_family_atmosphere_hotel
B: everywhere_spotless_clean
Answer:
","A: no_evident_not_family_atmosphere_hotel
B: everywhere_spotless_clean
Answer: No"
2026-08-16 22:19:32,3,22292,no_evident_not_friendly_hotel,interesting_service,"Task: decide if Proposition B contradicts Assumption A.

Steps:
1. A defends a claim (strip ""no_evident_not_"" / ""have_evident_"" to see it).
2. B states a fact.
3. Does B disprove A's claim? Same specific issue only, not just same topic.

Output pattern (always use this exact shape):
A: <phrase>
B: <phrase>
Answer: Yes/No

Examples:

A: no_evident_not_easy_check-in
B: customer_wait_10_minute_for_greet
Answer: Yes

A: no_evident_not_easy_check-in
B: no_one_give_key_on_late_check-in
Answer: No

A: no_evident_not_great_quality
B: shampoo_seem_cheap_considering_hotel_cost
Answer: Yes

A: no_evident_not_great_quality
B: expensive_hotel
Answer: No

Now answer for this pair. Output ONLY the final line ""Answer: Yes"" or ""Answer: No"" — no other text.

A: no_evident_not_friendly_hotel
B: interesting_service
Answer:
",Answer: No
2026-08-16 22:19:32,3,23617,no_evident_not_nice_facility,amazing_hotel,"Task: decide if Proposition B contradicts Assumption A.

Steps:
1. A defends a claim (strip ""no_evident_not_"" / ""have_evident_"" to see it).
2. B states a fact.
3. Does B disprove A's claim? Same specific issue only, not just same topic.

Output pattern (always use this exact shape):
A: <phrase>
B: <phrase>
Answer: Yes/No

Examples:

A: no_evident_not_easy_check-in
B: customer_wait_10_minute_for_greet
Answer: Yes

A: no_evident_not_easy_check-in
B: no_one_give_key_on_late_check-in
Answer: No

A: no_evident_not_great_quality
B: shampoo_seem_cheap_considering_hotel_cost
Answer: Yes

A: no_evident_not_great_quality
B: expensive_hotel
Answer: No

Now answer for this pair. Output ONLY the final line ""Answer: Yes"" or ""Answer: No"" — no other text.

A: no_evident_not_nice_facility
B: amazing_hotel
Answer:
",Answer: Yes
2026-08-16 22:19:32,3,3754,no_evident_not_spacious_hotel,plenty_of_parking,"Task: decide if Proposition B contradicts Assumption A.

Steps:
1. A defends a claim (strip ""no_evident_not_"" / ""have_evident_"" to see it).
2. B states a fact.
3. Does B disprove A's claim? Same specific issue only, not just same topic.

Output pattern (always use this exact shape):
A: <phrase>
B: <phrase>
Answer: Yes/No

Examples:

A: no_evident_not_easy_check-in
B: customer_wait_10_minute_for_greet
Answer: Yes

A: no_evident_not_easy_check-in
B: no_one_give_key_on_late_check-in
Answer: No

A: no_evident_not_great_quality
B: shampoo_seem_cheap_considering_hotel_cost
Answer: Yes

A: no_evident_not_great_quality
B: expensive_hotel
Answer: No

Now answer for this pair. Output ONLY the final line ""Answer: Yes"" or ""Answer: No"" — no other text.

A: no_evident_not_spacious_hotel
B: plenty_of_parking
Answer:
",Answer: No
2026-08-16 22:19:33,3,22339,no_evident_not_cleanest_hotel_in_Cyprus,lovely_little_hotel,"Task: decide if Proposition B contradicts Assumption A.

Steps:
1. A defends a claim (strip ""no_evident_not_"" / ""have_evident_"" to see it).
2. B states a fact.
3. Does B disprove A's claim? Same specific issue only, not just same topic.

Output pattern (always use this exact shape):
A: <phrase>
B: <phrase>
Answer: Yes/No

Examples:

A: no_evident_not_easy_check-in
B: customer_wait_10_minute_for_greet
Answer: Yes

A: no_evident_not_easy_check-in
B: no_one_give_key_on_late_check-in
Answer: No

A: no_evident_not_great_quality
B: shampoo_seem_cheap_considering_hotel_cost
Answer: Yes

A: no_evident_not_great_quality
B: expensive_hotel
Answer: No

Now answer for this pair. Output ONLY the final line ""Answer: Yes"" or ""Answer: No"" — no other text.

A: no_evident_not_cleanest_hotel_in_Cyprus
B: lovely_little_hotel
Answer:
","A: no_evident_not_cleanest_hotel_in_Cyprus
B: lovely_little_hotel
Answer: No"
2026-08-16 22:19:33,3,28993,no_evident_not_clean_hall,clean_hotel,"Task: decide if Proposition B contradicts Assumption A.

Steps:
1. A defends a claim (strip ""no_evident_not_"" / ""have_evident_"" to see it).
2. B states a fact.
3. Does B disprove A's claim? Same specific issue only, not just same topic.

Output pattern (always use this exact shape):
A: <phrase>
B: <phrase>
Answer: Yes/No

Examples:

A: no_evident_not_easy_check-in
B: customer_wait_10_minute_for_greet
Answer: Yes

A: no_evident_not_easy_check-in
B: no_one_give_key_on_late_check-in
Answer: No

A: no_evident_not_great_quality
B: shampoo_seem_cheap_considering_hotel_cost
Answer: Yes

A: no_evident_not_great_quality
B: expensive_hotel
Answer: No

Now answer for this pair. Output ONLY the final line ""Answer: Yes"" or ""Answer: No"" — no other text.

A: no_evident_not_clean_hall
B: clean_hotel
Answer:
","A: no_evident_not_clean_hall
B: clean_hotel
Answer: No"
2026-08-16 22:19:33,3,17596,no_evident_not_easy_hotel,good_quality_hotel,"Task: decide if Proposition B contradicts Assumption A.

Steps:
1. A defends a claim (strip ""no_evident_not_"" / ""have_evident_"" to see it).
2. B states a fact.
3. Does B disprove A's claim? Same specific issue only, not just same topic.

Output pattern (always use this exact shape):
A: <phrase>
B: <phrase>
Answer: Yes/No

Examples:

A: no_evident_not_easy_check-in
B: customer_wait_10_minute_for_greet
Answer: Yes

A: no_evident_not_easy_check-in
B: no_one_give_key_on_late_check-in
Answer: No

A: no_evident_not_great_quality
B: shampoo_seem_cheap_considering_hotel_cost
Answer: Yes

A: no_evident_not_great_quality
B: expensive_hotel
Answer: No

Now answer for this pair. Output ONLY the final line ""Answer: Yes"" or ""Answer: No"" — no other text.

A: no_evident_not_easy_hotel
B: good_quality_hotel
Answer:
",Answer: Yes
2026-08-16 22:19:33,3,24605,no_evident_not_small_hotel,cleanest_hotel_in_Cyprus,"Task: decide if Proposition B contradicts Assumption A.

Steps:
1. A defends a claim (strip ""no_evident_not_"" / ""have_evident_"" to see it).
2. B states a fact.
3. Does B disprove A's claim? Same specific issue only, not just same topic.

Output pattern (always use this exact shape):
A: <phrase>
B: <phrase>
Answer: Yes/No

Examples:

A: no_evident_not_easy_check-in
B: customer_wait_10_minute_for_greet
Answer: Yes

A: no_evident_not_easy_check-in
B: no_one_give_key_on_late_check-in
Answer: No

A: no_evident_not_great_quality
B: shampoo_seem_cheap_considering_hotel_cost
Answer: Yes

A: no_evident_not_great_quality
B: expensive_hotel
Answer: No

Now answer for this pair. Output ONLY the final line ""Answer: Yes"" or ""Answer: No"" — no other text.

A: no_evident_not_small_hotel
B: cleanest_hotel_in_Cyprus
Answer:
","A: no_evident_not_small_hotel
B: cleanest_hotel_in_Cyprus
Answer: No"
2026-08-16 22:19:34,3,8744,no_evident_not_beautifully_kept_hotel,clean_facility,"Task: decide if Proposition B contradicts Assumption A.

Steps:
1. A defends a claim (strip ""no_evident_not_"" / ""have_evident_"" to see it).
2. B states a fact.
3. Does B disprove A's claim? Same specific issue only, not just same topic.

Output pattern (always use this exact shape):
A: <phrase>
B: <phrase>
Answer: Yes/No

Examples:

A: no_evident_not_easy_check-in
B: customer_wait_10_minute_for_greet
Answer: Yes

A: no_evident_not_easy_check-in
B: no_one_give_key_on_late_check-in
Answer: No

A: no_evident_not_great_quality
B: shampoo_seem_cheap_considering_hotel_cost
Answer: Yes

A: no_evident_not_great_quality
B: expensive_hotel
Answer: No

Now answer for this pair. Output ONLY the final line ""Answer: Yes"" or ""Answer: No"" — no other text.

A: no_evident_not_beautifully_kept_hotel
B: clean_facility
Answer:
","A: no_evident_not_beautifully_kept_hotel
B: clean_facility
Answer: No"
2026-08-16 22:19:34,3,25186,no_evident_not_has_parking_next_to_hotel,has_parking_in_hotel_area,"Task: decide if Proposition B contradicts Assumption A.

Steps:
1. A defends a claim (strip ""no_evident_not_"" / ""have_evident_"" to see it).
2. B states a fact.
3. Does B disprove A's claim? Same specific issue only, not just same topic.

Output pattern (always use this exact shape):
A: <phrase>
B: <phrase>
Answer: Yes/No

Examples:

A: no_evident_not_easy_check-in
B: customer_wait_10_minute_for_greet
Answer: Yes

A: no_evident_not_easy_check-in
B: no_one_give_key_on_late_check-in
Answer: No

A: no_evident_not_great_quality
B: shampoo_seem_cheap_considering_hotel_cost
Answer: Yes

A: no_evident_not_great_quality
B: expensive_hotel
Answer: No

Now answer for this pair. Output ONLY the final line ""Answer: Yes"" or ""Answer: No"" — no other text.

A: no_evident_not_has_parking_next_to_hotel
B: has_parking_in_hotel_area
Answer:
",Answer: No
2026-08-16 22:19:34,3,21004,no_evident_not_spotless_hotel,friendly_hotel,"Task: decide if Proposition B contradicts Assumption A.

Steps:
1. A defends a claim (strip ""no_evident_not_"" / ""have_evident_"" to see it).
2. B states a fact.
3. Does B disprove A's claim? Same specific issue only, not just same topic.

Output pattern (always use this exact shape):
A: <phrase>
B: <phrase>
Answer: Yes/No

Examples:

A: no_evident_not_easy_check-in
B: customer_wait_10_minute_for_greet
Answer: Yes

A: no_evident_not_easy_check-in
B: no_one_give_key_on_late_check-in
Answer: No

A: no_evident_not_great_quality
B: shampoo_seem_cheap_considering_hotel_cost
Answer: Yes

A: no_evident_not_great_quality
B: expensive_hotel
Answer: No

Now answer for this pair. Output ONLY the final line ""Answer: Yes"" or ""Answer: No"" — no other text.

A: no_evident_not_spotless_hotel
B: friendly_hotel
Answer:
","A: no_evident_not_spotless_hotel
B: friendly_hotel
Answer: No"
2026-08-16 22:19:34,3,11147,no_evident_not_flexible_with_our_schedule,can_request_for_transfer_from_airport,"Task: decide if Proposition B contradicts Assumption A.

Steps:
1. A defends a claim (strip ""no_evident_not_"" / ""have_evident_"" to see it).
2. B states a fact.
3. Does B disprove A's claim? Same specific issue only, not just same topic.

Output pattern (always use this exact shape):
A: <phrase>
B: <phrase>
Answer: Yes/No

Examples:

A: no_evident_not_easy_check-in
B: customer_wait_10_minute_for_greet
Answer: Yes

A: no_evident_not_easy_check-in
B: no_one_give_key_on_late_check-in
Answer: No

A: no_evident_not_great_quality
B: shampoo_seem_cheap_considering_hotel_cost
Answer: Yes

A: no_evident_not_great_quality
B: expensive_hotel
Answer: No

Now answer for this pair. Output ONLY the final line ""Answer: Yes"" or ""Answer: No"" — no other text.

A: no_evident_not_flexible_with_our_schedule
B: can_request_for_transfer_from_airport
Answer:
",Answer: No
2026-08-16 22:19:34,3,3656,no_evident_not_spacious_hotel,family_run_small_hotel,"Task: decide if Proposition B contradicts Assumption A.

Steps:
1. A defends a claim (strip ""no_evident_not_"" / ""have_evident_"" to see it).
2. B states a fact.
3. Does B disprove A's claim? Same specific issue only, not just same topic.

Output pattern (always use this exact shape):
A: <phrase>
B: <phrase>
Answer: Yes/No

Examples:

A: no_evident_not_easy_check-in
B: customer_wait_10_minute_for_greet
Answer: Yes

A: no_evident_not_easy_check-in
B: no_one_give_key_on_late_check-in
Answer: No

A: no_evident_not_great_quality
B: shampoo_seem_cheap_considering_hotel_cost
Answer: Yes

A: no_evident_not_great_quality
B: expensive_hotel
Answer: No

Now answer for this pair. Output ONLY the final line ""Answer: Yes"" or ""Answer: No"" — no other text.

A: no_evident_not_spacious_hotel
B: family_run_small_hotel
Answer:
","A: no_evident_not_spacious_hotel
B: family_run_small_hotel
Answer: Yes"
2026-08-16 22:19:34,3,9618,no_evident_not_comfortable_lobby,lovely_family_hotel,"Task: decide if Proposition B contradicts Assumption A.

Steps:
1. A defends a claim (strip ""no_evident_not_"" / ""have_evident_"" to see it).
2. B states a fact.
3. Does B disprove A's claim? Same specific issue only, not just same topic.

Output pattern (always use this exact shape):
A: <phrase>
B: <phrase>
Answer: Yes/No

Examples:

A: no_evident_not_easy_check-in
B: customer_wait_10_minute_for_greet
Answer: Yes

A: no_evident_not_easy_check-in
B: no_one_give_key_on_late_check-in
Answer: No

A: no_evident_not_great_quality
B: shampoo_seem_cheap_considering_hotel_cost
Answer: Yes

A: no_evident_not_great_quality
B: expensive_hotel
Answer: No

Now answer for this pair. Output ONLY the final line ""Answer: Yes"" or ""Answer: No"" — no other text.

A: no_evident_not_comfortable_lobby
B: lovely_family_hotel
Answer:
",Answer: No
2026-08-16 22:19:35,3,14247,no_evident_not_all_you_need_for_great_holiday,clean_inside,"Task: decide if Proposition B contradicts Assumption A.

Steps:
1. A defends a claim (strip ""no_evident_not_"" / ""have_evident_"" to see it).
2. B states a fact.
3. Does B disprove A's claim? Same specific issue only, not just same topic.

Output pattern (always use this exact shape):
A: <phrase>
B: <phrase>
Answer: Yes/No

Examples:

A: no_evident_not_easy_check-in
B: customer_wait_10_minute_for_greet
Answer: Yes

A: no_evident_not_easy_check-in
B: no_one_give_key_on_late_check-in
Answer: No

A: no_evident_not_great_quality
B: shampoo_seem_cheap_considering_hotel_cost
Answer: Yes

A: no_evident_not_great_quality
B: expensive_hotel
Answer: No

Now answer for this pair. Output ONLY the final line ""Answer: Yes"" or ""Answer: No"" — no other text.

A: no_evident_not_all_you_need_for_great_holiday
B: clean_inside
Answer:
","A: no_evident_not_all_you_need_for_great_holiday
B: clean_inside
Answer: No"
2026-08-16 22:19:35,3,5183,no_evident_not_fantastic_hotel,newly_refurbished_hotel,"Task: decide if Proposition B contradicts Assumption A.

Steps:
1. A defends a claim (strip ""no_evident_not_"" / ""have_evident_"" to see it).
2. B states a fact.
3. Does B disprove A's claim? Same specific issue only, not just same topic.

Output pattern (always use this exact shape):
A: <phrase>
B: <phrase>
Answer: Yes/No

Examples:

A: no_evident_not_easy_check-in
B: customer_wait_10_minute_for_greet
Answer: Yes

A: no_evident_not_easy_check-in
B: no_one_give_key_on_late_check-in
Answer: No

A: no_evident_not_great_quality
B: shampoo_seem_cheap_considering_hotel_cost
Answer: Yes

A: no_evident_not_great_quality
B: expensive_hotel
Answer: No

Now answer for this pair. Output ONLY the final line ""Answer: Yes"" or ""Answer: No"" — no other text.

A: no_evident_not_fantastic_hotel
B: newly_refurbished_hotel
Answer:
","A: no_evident_not_fantastic_hotel
B: newly_refurbished_hotel
Answer: No"
2026-08-16 22:19:35,3,14868,no_evident_not_best_hotel,recently_renovated_hotel,"Task: decide if Proposition B contradicts Assumption A.

Steps:
1. A defends a claim (strip ""no_evident_not_"" / ""have_evident_"" to see it).
2. B states a fact.
3. Does B disprove A's claim? Same specific issue only, not just same topic.

Output pattern (always use this exact shape):
A: <phrase>
B: <phrase>
Answer: Yes/No

Examples:

A: no_evident_not_easy_check-in
B: customer_wait_10_minute_for_greet
Answer: Yes

A: no_evident_not_easy_check-in
B: no_one_give_key_on_late_check-in
Answer: No

A: no_evident_not_great_quality
B: shampoo_seem_cheap_considering_hotel_cost
Answer: Yes

A: no_evident_not_great_quality
B: expensive_hotel
Answer: No

Now answer for this pair. Output ONLY the final line ""Answer: Yes"" or ""Answer: No"" — no other text.

A: no_evident_not_best_hotel
B: recently_renovated_hotel
Answer:
","A: no_evident_not_best_hotel
B: recently_renovated_hotel
Answer: No"
2026-08-16 22:19:36,3,107,no_evident_not_new_hotel,affordable_hotel,"Task: decide if Proposition B contradicts Assumption A.

Steps:
1. A defends a claim (strip ""no_evident_not_"" / ""have_evident_"" to see it).
2. B states a fact.
3. Does B disprove A's claim? Same specific issue only, not just same topic.

Output pattern (always use this exact shape):
A: <phrase>
B: <phrase>
Answer: Yes/No

Examples:

A: no_evident_not_easy_check-in
B: customer_wait_10_minute_for_greet
Answer: Yes

A: no_evident_not_easy_check-in
B: no_one_give_key_on_late_check-in
Answer: No

A: no_evident_not_great_quality
B: shampoo_seem_cheap_considering_hotel_cost
Answer: Yes

A: no_evident_not_great_quality
B: expensive_hotel
Answer: No

Now answer for this pair. Output ONLY the final line ""Answer: Yes"" or ""Answer: No"" — no other text.

A: no_evident_not_new_hotel
B: affordable_hotel
Answer:
",Answer: Yes
2026-08-16 22:19:36,3,31255,no_evident_not_completely_redone_hotel,pet_friendly,"Task: decide if Proposition B contradicts Assumption A.

Steps:
1. A defends a claim (strip ""no_evident_not_"" / ""have_evident_"" to see it).
2. B states a fact.
3. Does B disprove A's claim? Same specific issue only, not just same topic.

Output pattern (always use this exact shape):
A: <phrase>
B: <phrase>
Answer: Yes/No

Examples:

A: no_evident_not_easy_check-in
B: customer_wait_10_minute_for_greet
Answer: Yes

A: no_evident_not_easy_check-in
B: no_one_give_key_on_late_check-in
Answer: No

A: no_evident_not_great_quality
B: shampoo_seem_cheap_considering_hotel_cost
Answer: Yes

A: no_evident_not_great_quality
B: expensive_hotel
Answer: No

Now answer for this pair. Output ONLY the final line ""Answer: Yes"" or ""Answer: No"" — no other text.

A: no_evident_not_completely_redone_hotel
B: pet_friendly
Answer:
","A: no_evident_not_completely_redone_hotel
B: pet_friendly
Answer: No"
2026-08-16 22:19:36,3,23662,no_evident_not_nice_facility,spotlessly_clean,"Task: decide if Proposition B contradicts Assumption A.

Steps:
1. A defends a claim (strip ""no_evident_not_"" / ""have_evident_"" to see it).
2. B states a fact.
3. Does B disprove A's claim? Same specific issue only, not just same topic.

Output pattern (always use this exact shape):
A: <phrase>
B: <phrase>
Answer: Yes/No

Examples:

A: no_evident_not_easy_check-in
B: customer_wait_10_minute_for_greet
Answer: Yes

A: no_evident_not_easy_check-in
B: no_one_give_key_on_late_check-in
Answer: No

A: no_evident_not_great_quality
B: shampoo_seem_cheap_considering_hotel_cost
Answer: Yes

A: no_evident_not_great_quality
B: expensive_hotel
Answer: No

Now answer for this pair. Output ONLY the final line ""Answer: Yes"" or ""Answer: No"" — no other text.

A: no_evident_not_nice_facility
B: spotlessly_clean
Answer:
","A: no_evident_not_nice_facility
B: spotlessly_clean
Answer: No"
2026-08-16 22:19:37,3,28700,no_evident_not_clean_street_terrace,all_you_need_for_great_holiday,"Task: decide if Proposition B contradicts Assumption A.

Steps:
1. A defends a claim (strip ""no_evident_not_"" / ""have_evident_"" to see it).
2. B states a fact.
3. Does B disprove A's claim? Same specific issue only, not just same topic.

Output pattern (always use this exact shape):
A: <phrase>
B: <phrase>
Answer: Yes/No

Examples:

A: no_evident_not_easy_check-in
B: customer_wait_10_minute_for_greet
Answer: Yes

A: no_evident_not_easy_check-in
B: no_one_give_key_on_late_check-in
Answer: No

A: no_evident_not_great_quality
B: shampoo_seem_cheap_considering_hotel_cost
Answer: Yes

A: no_evident_not_great_quality
B: expensive_hotel
Answer: No

Now answer for this pair. Output ONLY the final line ""Answer: Yes"" or ""Answer: No"" — no other text.

A: no_evident_not_clean_street_terrace
B: all_you_need_for_great_holiday
Answer:
","A: no_evident_not_clean_street_terrace
B: all_you_need_for_great_holiday
Answer: No"
2026-08-16 22:19:37,3,23583,no_evident_not_nice_facility,family_atmosphere_hotel,"Task: decide if Proposition B contradicts Assumption A.

Steps:
1. A defends a claim (strip ""no_evident_not_"" / ""have_evident_"" to see it).
2. B states a fact.
3. Does B disprove A's claim? Same specific issue only, not just same topic.

Output pattern (always use this exact shape):
A: <phrase>
B: <phrase>
Answer: Yes/No

Examples:

A: no_evident_not_easy_check-in
B: customer_wait_10_minute_for_greet
Answer: Yes

A: no_evident_not_easy_check-in
B: no_one_give_key_on_late_check-in
Answer: No

A: no_evident_not_great_quality
B: shampoo_seem_cheap_considering_hotel_cost
Answer: Yes

A: no_evident_not_great_quality
B: expensive_hotel
Answer: No

Now answer for this pair. Output ONLY the final line ""Answer: Yes"" or ""Answer: No"" — no other text.

A: no_evident_not_nice_facility
B: family_atmosphere_hotel
Answer:
","A: no_evident_not_nice_facility
B: family_atmosphere_hotel
Answer: No"
2026-08-16 22:19:37,3,8631,no_evident_not_fresh_hotel,stylish_hotel,"Task: decide if Proposition B contradicts Assumption A.

Steps:
1. A defends a claim (strip ""no_evident_not_"" / ""have_evident_"" to see it).
2. B states a fact.
3. Does B disprove A's claim? Same specific issue only, not just same topic.

Output pattern (always use this exact shape):
A: <phrase>
B: <phrase>
Answer: Yes/No

Examples:

A: no_evident_not_easy_check-in
B: customer_wait_10_minute_for_greet
Answer: Yes

A: no_evident_not_easy_check-in
B: no_one_give_key_on_late_check-in
Answer: No

A: no_evident_not_great_quality
B: shampoo_seem_cheap_considering_hotel_cost
Answer: Yes

A: no_evident_not_great_quality
B: expensive_hotel
Answer: No

Now answer for this pair. Output ONLY the final line ""Answer: Yes"" or ""Answer: No"" — no other text.

A: no_evident_not_fresh_hotel
B: stylish_hotel
Answer:
","A: no_evident_not_fresh_hotel
B: stylish_hotel
Answer: No"
2026-08-16 22:19:38,3,31847,no_evident_not_all_furniture_new,can_request_for_transfer_from_airport,"Task: decide if Proposition B contradicts Assumption A.

Steps:
1. A defends a claim (strip ""no_evident_not_"" / ""have_evident_"" to see it).
2. B states a fact.
3. Does B disprove A's claim? Same specific issue only, not just same topic.

Output pattern (always use this exact shape):
A: <phrase>
B: <phrase>
Answer: Yes/No

Examples:

A: no_evident_not_easy_check-in
B: customer_wait_10_minute_for_greet
Answer: Yes

A: no_evident_not_easy_check-in
B: no_one_give_key_on_late_check-in
Answer: No

A: no_evident_not_great_quality
B: shampoo_seem_cheap_considering_hotel_cost
Answer: Yes

A: no_evident_not_great_quality
B: expensive_hotel
Answer: No

Now answer for this pair. Output ONLY the final line ""Answer: Yes"" or ""Answer: No"" — no other text.

A: no_evident_not_all_furniture_new
B: can_request_for_transfer_from_airport
Answer:
","A: no_evident_not_all_furniture_new
B: can_request_for_transfer_from_airport
Answer: No"
2026-08-16 22:19:38,3,16404,no_evident_not_nice_atmosphere,recently_refurbished_hotel,"Task: decide if Proposition B contradicts Assumption A.

Steps:
1. A defends a claim (strip ""no_evident_not_"" / ""have_evident_"" to see it).
2. B states a fact.
3. Does B disprove A's claim? Same specific issue only, not just same topic.

Output pattern (always use this exact shape):
A: <phrase>
B: <phrase>
Answer: Yes/No

Examples:

A: no_evident_not_easy_check-in
B: customer_wait_10_minute_for_greet
Answer: Yes

A: no_evident_not_easy_check-in
B: no_one_give_key_on_late_check-in
Answer: No

A: no_evident_not_great_quality
B: shampoo_seem_cheap_considering_hotel_cost
Answer: Yes

A: no_evident_not_great_quality
B: expensive_hotel
Answer: No

Now answer for this pair. Output ONLY the final line ""Answer: Yes"" or ""Answer: No"" — no other text.

A: no_evident_not_nice_atmosphere
B: recently_refurbished_hotel
Answer:
","A: no_evident_not_nice_atmosphere
B: recently_refurbished_hotel
Answer: No"
2026-08-16 22:19:38,3,24968,no_evident_not_cozy_terrace,many_free_parking_space_available_on_early_November,"Task: decide if Proposition B contradicts Assumption A.

Steps:
1. A defends a claim (strip ""no_evident_not_"" / ""have_evident_"" to see it).
2. B states a fact.
3. Does B disprove A's claim? Same specific issue only, not just same topic.

Output pattern (always use this exact shape):
A: <phrase>
B: <phrase>
Answer: Yes/No

Examples:

A: no_evident_not_easy_check-in
B: customer_wait_10_minute_for_greet
Answer: Yes

A: no_evident_not_easy_check-in
B: no_one_give_key_on_late_check-in
Answer: No

A: no_evident_not_great_quality
B: shampoo_seem_cheap_considering_hotel_cost
Answer: Yes

A: no_evident_not_great_quality
B: expensive_hotel
Answer: No

Now answer for this pair. Output ONLY the final line ""Answer: Yes"" or ""Answer: No"" — no other text.

A: no_evident_not_cozy_terrace
B: many_free_parking_space_available_on_early_November
Answer:
","A: no_evident_not_cozy_terrace
B: many_free_parking_space_available_on_early_November
Answer: No"
2026-08-16 22:19:39,3,5855,no_evident_not_brand_new_facility,bright_hotel,"Task: decide if Proposition B contradicts Assumption A.

Steps:
1. A defends a claim (strip ""no_evident_not_"" / ""have_evident_"" to see it).
2. B states a fact.
3. Does B disprove A's claim? Same specific issue only, not just same topic.

Output pattern (always use this exact shape):
A: <phrase>
B: <phrase>
Answer: Yes/No

Examples:

A: no_evident_not_easy_check-in
B: customer_wait_10_minute_for_greet
Answer: Yes

A: no_evident_not_easy_check-in
B: no_one_give_key_on_late_check-in
Answer: No

A: no_evident_not_great_quality
B: shampoo_seem_cheap_considering_hotel_cost
Answer: Yes

A: no_evident_not_great_quality
B: expensive_hotel
Answer: No

Now answer for this pair. Output ONLY the final line ""Answer: Yes"" or ""Answer: No"" — no other text.

A: no_evident_not_brand_new_facility
B: bright_hotel
Answer:
","A: no_evident_not_brand_new_facility
B: bright_hotel
Answer: No"
2026-08-16 22:19:39,3,16636,no_evident_not_just_renovated_hotel,sufficient_parking,"Task: decide if Proposition B contradicts Assumption A.

Steps:
1. A defends a claim (strip ""no_evident_not_"" / ""have_evident_"" to see it).
2. B states a fact.
3. Does B disprove A's claim? Same specific issue only, not just same topic.

Output pattern (always use this exact shape):
A: <phrase>
B: <phrase>
Answer: Yes/No

Examples:

A: no_evident_not_easy_check-in
B: customer_wait_10_minute_for_greet
Answer: Yes

A: no_evident_not_easy_check-in
B: no_one_give_key_on_late_check-in
Answer: No

A: no_evident_not_great_quality
B: shampoo_seem_cheap_considering_hotel_cost
Answer: Yes

A: no_evident_not_great_quality
B: expensive_hotel
Answer: No

Now answer for this pair. Output ONLY the final line ""Answer: Yes"" or ""Answer: No"" — no other text.

A: no_evident_not_just_renovated_hotel
B: sufficient_parking
Answer:
","A: no_evident_not_just_renovated_hotel
B: sufficient_parking
Answer: No"
2026-08-16 22:19:39,3,29905,no_evident_not_can_request_for_transfer_from_airport,simple_hotel,"Task: decide if Proposition B contradicts Assumption A.

Steps:
1. A defends a claim (strip ""no_evident_not_"" / ""have_evident_"" to see it).
2. B states a fact.
3. Does B disprove A's claim? Same specific issue only, not just same topic.

Output pattern (always use this exact shape):
A: <phrase>
B: <phrase>
Answer: Yes/No

Examples:

A: no_evident_not_easy_check-in
B: customer_wait_10_minute_for_greet
Answer: Yes

A: no_evident_not_easy_check-in
B: no_one_give_key_on_late_check-in
Answer: No

A: no_evident_not_great_quality
B: shampoo_seem_cheap_considering_hotel_cost
Answer: Yes

A: no_evident_not_great_quality
B: expensive_hotel
Answer: No

Now answer for this pair. Output ONLY the final line ""Answer: Yes"" or ""Answer: No"" — no other text.

A: no_evident_not_can_request_for_transfer_from_airport
B: simple_hotel
Answer:
","A: no_evident_not_can_request_for_transfer_from_airport
B: simple_hotel
Answer: No"
2026-08-16 22:19:40,3,3487,no_evident_not_modern_facility,everything_great,"Task: decide if Proposition B contradicts Assumption A.

Steps:
1. A defends a claim (strip ""no_evident_not_"" / ""have_evident_"" to see it).
2. B states a fact.
3. Does B disprove A's claim? Same specific issue only, not just same topic.

Output pattern (always use this exact shape):
A: <phrase>
B: <phrase>
Answer: Yes/No

Examples:

A: no_evident_not_easy_check-in
B: customer_wait_10_minute_for_greet
Answer: Yes

A: no_evident_not_easy_check-in
B: no_one_give_key_on_late_check-in
Answer: No

A: no_evident_not_great_quality
B: shampoo_seem_cheap_considering_hotel_cost
Answer: Yes

A: no_evident_not_great_quality
B: expensive_hotel
Answer: No

Now answer for this pair. Output ONLY the final line ""Answer: Yes"" or ""Answer: No"" — no other text.

A: no_evident_not_modern_facility
B: everything_great
Answer:
","A: no_evident_not_modern_facility
B: everything_great
Answer: No"
2026-08-16 22:19:40,3,28526,no_evident_not_excellent_option,family_run_hotel,"Task: decide if Proposition B contradicts Assumption A.

Steps:
1. A defends a claim (strip ""no_evident_not_"" / ""have_evident_"" to see it).
2. B states a fact.
3. Does B disprove A's claim? Same specific issue only, not just same topic.

Output pattern (always use this exact shape):
A: <phrase>
B: <phrase>
Answer: Yes/No

Examples:

A: no_evident_not_easy_check-in
B: customer_wait_10_minute_for_greet
Answer: Yes

A: no_evident_not_easy_check-in
B: no_one_give_key_on_late_check-in
Answer: No

A: no_evident_not_great_quality
B: shampoo_seem_cheap_considering_hotel_cost
Answer: Yes

A: no_evident_not_great_quality
B: expensive_hotel
Answer: No

Now answer for this pair. Output ONLY the final line ""Answer: Yes"" or ""Answer: No"" — no other text.

A: no_evident_not_excellent_option
B: family_run_hotel
Answer:
","A: no_evident_not_excellent_option
B: family_run_hotel
Answer: No"
2026-08-16 22:19:40,3,20490,no_evident_not_front_to_unwind_evening,aesthetic_hotel,"Task: decide if Proposition B contradicts Assumption A.

Steps:
1. A defends a claim (strip ""no_evident_not_"" / ""have_evident_"" to see it).
2. B states a fact.
3. Does B disprove A's claim? Same specific issue only, not just same topic.

Output pattern (always use this exact shape):
A: <phrase>
B: <phrase>
Answer: Yes/No

Examples:

A: no_evident_not_easy_check-in
B: customer_wait_10_minute_for_greet
Answer: Yes

A: no_evident_not_easy_check-in
B: no_one_give_key_on_late_check-in
Answer: No

A: no_evident_not_great_quality
B: shampoo_seem_cheap_considering_hotel_cost
Answer: Yes

A: no_evident_not_great_quality
B: expensive_hotel
Answer: No

Now answer for this pair. Output ONLY the final line ""Answer: Yes"" or ""Answer: No"" — no other text.

A: no_evident_not_front_to_unwind_evening
B: aesthetic_hotel
Answer:
","A: no_evident_not_front_to_unwind_evening
B: aesthetic_hotel
Answer: No"
2026-08-16 22:19:40,3,9780,no_evident_not_brand_new_hotel,easy_to_park_car_outside,"Task: decide if Proposition B contradicts Assumption A.

Steps:
1. A defends a claim (strip ""no_evident_not_"" / ""have_evident_"" to see it).
2. B states a fact.
3. Does B disprove A's claim? Same specific issue only, not just same topic.

Output pattern (always use this exact shape):
A: <phrase>
B: <phrase>
Answer: Yes/No

Examples:

A: no_evident_not_easy_check-in
B: customer_wait_10_minute_for_greet
Answer: Yes

A: no_evident_not_easy_check-in
B: no_one_give_key_on_late_check-in
Answer: No

A: no_evident_not_great_quality
B: shampoo_seem_cheap_considering_hotel_cost
Answer: Yes

A: no_evident_not_great_quality
B: expensive_hotel
Answer: No

Now answer for this pair. Output ONLY the final line ""Answer: Yes"" or ""Answer: No"" — no other text.

A: no_evident_not_brand_new_hotel
B: easy_to_park_car_outside
Answer:
",Answer: No
2026-08-16 22:19:40,3,27580,no_evident_not_plenty_of_parking,great_hotel,"Task: decide if Proposition B contradicts Assumption A.

Steps:
1. A defends a claim (strip ""no_evident_not_"" / ""have_evident_"" to see it).
2. B states a fact.
3. Does B disprove A's claim? Same specific issue only, not just same topic.

Output pattern (always use this exact shape):
A: <phrase>
B: <phrase>
Answer: Yes/No

Examples:

A: no_evident_not_easy_check-in
B: customer_wait_10_minute_for_greet
Answer: Yes

A: no_evident_not_easy_check-in
B: no_one_give_key_on_late_check-in
Answer: No

A: no_evident_not_great_quality
B: shampoo_seem_cheap_considering_hotel_cost
Answer: Yes

A: no_evident_not_great_quality
B: expensive_hotel
Answer: No

Now answer for this pair. Output ONLY the final line ""Answer: Yes"" or ""Answer: No"" — no other text.

A: no_evident_not_plenty_of_parking
B: great_hotel
Answer:
",Answer: Yes
2026-08-16 22:19:41,3,20938,no_evident_not_spotless_hotel,everything_cozy,"Task: decide if Proposition B contradicts Assumption A.

Steps:
1. A defends a claim (strip ""no_evident_not_"" / ""have_evident_"" to see it).
2. B states a fact.
3. Does B disprove A's claim? Same specific issue only, not just same topic.

Output pattern (always use this exact shape):
A: <phrase>
B: <phrase>
Answer: Yes/No

Examples:

A: no_evident_not_easy_check-in
B: customer_wait_10_minute_for_greet
Answer: Yes

A: no_evident_not_easy_check-in
B: no_one_give_key_on_late_check-in
Answer: No

A: no_evident_not_great_quality
B: shampoo_seem_cheap_considering_hotel_cost
Answer: Yes

A: no_evident_not_great_quality
B: expensive_hotel
Answer: No

Now answer for this pair. Output ONLY the final line ""Answer: Yes"" or ""Answer: No"" — no other text.

A: no_evident_not_spotless_hotel
B: everything_cozy
Answer:
","A: no_evident_not_spotless_hotel
B: everything_cozy
Answer: No"
2026-08-16 22:19:41,3,19955,no_evident_not_wonderful_hotel,brilliant_hotel,"Task: decide if Proposition B contradicts Assumption A.

Steps:
1. A defends a claim (strip ""no_evident_not_"" / ""have_evident_"" to see it).
2. B states a fact.
3. Does B disprove A's claim? Same specific issue only, not just same topic.

Output pattern (always use this exact shape):
A: <phrase>
B: <phrase>
Answer: Yes/No

Examples:

A: no_evident_not_easy_check-in
B: customer_wait_10_minute_for_greet
Answer: Yes

A: no_evident_not_easy_check-in
B: no_one_give_key_on_late_check-in
Answer: No

A: no_evident_not_great_quality
B: shampoo_seem_cheap_considering_hotel_cost
Answer: Yes

A: no_evident_not_great_quality
B: expensive_hotel
Answer: No

Now answer for this pair. Output ONLY the final line ""Answer: Yes"" or ""Answer: No"" — no other text.

A: no_evident_not_wonderful_hotel
B: brilliant_hotel
Answer:
",Answer: Yes
2026-08-16 22:19:41,3,6518,no_evident_not_amazing_hotel,well_run,"Task: decide if Proposition B contradicts Assumption A.

Steps:
1. A defends a claim (strip ""no_evident_not_"" / ""have_evident_"" to see it).
2. B states a fact.
3. Does B disprove A's claim? Same specific issue only, not just same topic.

Output pattern (always use this exact shape):
A: <phrase>
B: <phrase>
Answer: Yes/No

Examples:

A: no_evident_not_easy_check-in
B: customer_wait_10_minute_for_greet
Answer: Yes

A: no_evident_not_easy_check-in
B: no_one_give_key_on_late_check-in
Answer: No

A: no_evident_not_great_quality
B: shampoo_seem_cheap_considering_hotel_cost
Answer: Yes

A: no_evident_not_great_quality
B: expensive_hotel
Answer: No

Now answer for this pair. Output ONLY the final line ""Answer: Yes"" or ""Answer: No"" — no other text.

A: no_evident_not_amazing_hotel
B: well_run
Answer:
","A: no_evident_not_amazing_hotel
B: well_run
Answer: No"
2026-08-16 22:19:41,3,12253,no_evident_not_feel_like_home_atmosphere,clean_hotel,"Task: decide if Proposition B contradicts Assumption A.

Steps:
1. A defends a claim (strip ""no_evident_not_"" / ""have_evident_"" to see it).
2. B states a fact.
3. Does B disprove A's claim? Same specific issue only, not just same topic.

Output pattern (always use this exact shape):
A: <phrase>
B: <phrase>
Answer: Yes/No

Examples:

A: no_evident_not_easy_check-in
B: customer_wait_10_minute_for_greet
Answer: Yes

A: no_evident_not_easy_check-in
B: no_one_give_key_on_late_check-in
Answer: No

A: no_evident_not_great_quality
B: shampoo_seem_cheap_considering_hotel_cost
Answer: Yes

A: no_evident_not_great_quality
B: expensive_hotel
Answer: No

Now answer for this pair. Output ONLY the final line ""Answer: Yes"" or ""Answer: No"" — no other text.

A: no_evident_not_feel_like_home_atmosphere
B: clean_hotel
Answer:
","A: no_evident_not_feel_like_home_atmosphere
B: clean_hotel
Answer: No"
2026-08-16 22:19:41,3,24986,no_evident_not_cozy_terrace,have_parking,"Task: decide if Proposition B contradicts Assumption A.

Steps:
1. A defends a claim (strip ""no_evident_not_"" / ""have_evident_"" to see it).
2. B states a fact.
3. Does B disprove A's claim? Same specific issue only, not just same topic.

Output pattern (always use this exact shape):
A: <phrase>
B: <phrase>
Answer: Yes/No

Examples:

A: no_evident_not_easy_check-in
B: customer_wait_10_minute_for_greet
Answer: Yes

A: no_evident_not_easy_check-in
B: no_one_give_key_on_late_check-in
Answer: No

A: no_evident_not_great_quality
B: shampoo_seem_cheap_considering_hotel_cost
Answer: Yes

A: no_evident_not_great_quality
B: expensive_hotel
Answer: No

Now answer for this pair. Output ONLY the final line ""Answer: Yes"" or ""Answer: No"" — no other text.

A: no_evident_not_cozy_terrace
B: have_parking
Answer:
",Answer: No
2026-08-16 22:19:42,3,5294,no_evident_not_everything_new,pet_friendly_hotel,"Task: decide if Proposition B contradicts Assumption A.

Steps:
1. A defends a claim (strip ""no_evident_not_"" / ""have_evident_"" to see it).
2. B states a fact.
3. Does B disprove A's claim? Same specific issue only, not just same topic.

Output pattern (always use this exact shape):
A: <phrase>
B: <phrase>
Answer: Yes/No

Examples:

A: no_evident_not_easy_check-in
B: customer_wait_10_minute_for_greet
Answer: Yes

A: no_evident_not_easy_check-in
B: no_one_give_key_on_late_check-in
Answer: No

A: no_evident_not_great_quality
B: shampoo_seem_cheap_considering_hotel_cost
Answer: Yes

A: no_evident_not_great_quality
B: expensive_hotel
Answer: No

Now answer for this pair. Output ONLY the final line ""Answer: Yes"" or ""Answer: No"" — no other text.

A: no_evident_not_everything_new
B: pet_friendly_hotel
Answer:
","A: no_evident_not_everything_new
B: pet_friendly_hotel
Answer: No"
2026-08-16 22:19:42,3,17675,no_evident_not_5_star_hotel,fantastic_service,"Task: decide if Proposition B contradicts Assumption A.

Steps:
1. A defends a claim (strip ""no_evident_not_"" / ""have_evident_"" to see it).
2. B states a fact.
3. Does B disprove A's claim? Same specific issue only, not just same topic.

Output pattern (always use this exact shape):
A: <phrase>
B: <phrase>
Answer: Yes/No

Examples:

A: no_evident_not_easy_check-in
B: customer_wait_10_minute_for_greet
Answer: Yes

A: no_evident_not_easy_check-in
B: no_one_give_key_on_late_check-in
Answer: No

A: no_evident_not_great_quality
B: shampoo_seem_cheap_considering_hotel_cost
Answer: Yes

A: no_evident_not_great_quality
B: expensive_hotel
Answer: No

Now answer for this pair. Output ONLY the final line ""Answer: Yes"" or ""Answer: No"" — no other text.

A: no_evident_not_5_star_hotel
B: fantastic_service
Answer:
",Answer: No
2026-08-16 22:19:42,3,31245,no_evident_not_completely_redone_hotel,brand_new_fitting,"Task: decide if Proposition B contradicts Assumption A.

Steps:
1. A defends a claim (strip ""no_evident_not_"" / ""have_evident_"" to see it).
2. B states a fact.
3. Does B disprove A's claim? Same specific issue only, not just same topic.

Output pattern (always use this exact shape):
A: <phrase>
B: <phrase>
Answer: Yes/No

Examples:

A: no_evident_not_easy_check-in
B: customer_wait_10_minute_for_greet
Answer: Yes

A: no_evident_not_easy_check-in
B: no_one_give_key_on_late_check-in
Answer: No

A: no_evident_not_great_quality
B: shampoo_seem_cheap_considering_hotel_cost
Answer: Yes

A: no_evident_not_great_quality
B: expensive_hotel
Answer: No

Now answer for this pair. Output ONLY the final line ""Answer: Yes"" or ""Answer: No"" — no other text.

A: no_evident_not_completely_redone_hotel
B: brand_new_fitting
Answer:
","A: no_evident_not_completely_redone_hotel
B: brand_new_fitting
Answer: No"
2026-08-16 22:19:43,3,25515,no_evident_not_recently_freshed_up,as_expected_hotel,"Task: decide if Proposition B contradicts Assumption A.

Steps:
1. A defends a claim (strip ""no_evident_not_"" / ""have_evident_"" to see it).
2. B states a fact.
3. Does B disprove A's claim? Same specific issue only, not just same topic.

Output pattern (always use this exact shape):
A: <phrase>
B: <phrase>
Answer: Yes/No

Examples:

A: no_evident_not_easy_check-in
B: customer_wait_10_minute_for_greet
Answer: Yes

A: no_evident_not_easy_check-in
B: no_one_give_key_on_late_check-in
Answer: No

A: no_evident_not_great_quality
B: shampoo_seem_cheap_considering_hotel_cost
Answer: Yes

A: no_evident_not_great_quality
B: expensive_hotel
Answer: No

Now answer for this pair. Output ONLY the final line ""Answer: Yes"" or ""Answer: No"" — no other text.

A: no_evident_not_recently_freshed_up
B: as_expected_hotel
Answer:
","A: no_evident_not_recently_freshed_up
B: as_expected_hotel
Answer: No"
2026-08-16 22:19:43,3,30227,no_evident_not_free_parking_in_front_of_hotel,can_request_for_transfer_from_airport,"Task: decide if Proposition B contradicts Assumption A.

Steps:
1. A defends a claim (strip ""no_evident_not_"" / ""have_evident_"" to see it).
2. B states a fact.
3. Does B disprove A's claim? Same specific issue only, not just same topic.

Output pattern (always use this exact shape):
A: <phrase>
B: <phrase>
Answer: Yes/No

Examples:

A: no_evident_not_easy_check-in
B: customer_wait_10_minute_for_greet
Answer: Yes

A: no_evident_not_easy_check-in
B: no_one_give_key_on_late_check-in
Answer: No

A: no_evident_not_great_quality
B: shampoo_seem_cheap_considering_hotel_cost
Answer: Yes

A: no_evident_not_great_quality
B: expensive_hotel
Answer: No

Now answer for this pair. Output ONLY the final line ""Answer: Yes"" or ""Answer: No"" — no other text.

A: no_evident_not_free_parking_in_front_of_hotel
B: can_request_for_transfer_from_airport
Answer:
",Answer: No
2026-08-16 22:19:43,3,17379,no_evident_not_well_situated_hotel,5_star_hotel,"Task: decide if Proposition B contradicts Assumption A.

Steps:
1. A defends a claim (strip ""no_evident_not_"" / ""have_evident_"" to see it).
2. B states a fact.
3. Does B disprove A's claim? Same specific issue only, not just same topic.

Output pattern (always use this exact shape):
A: <phrase>
B: <phrase>
Answer: Yes/No

Examples:

A: no_evident_not_easy_check-in
B: customer_wait_10_minute_for_greet
Answer: Yes

A: no_evident_not_easy_check-in
B: no_one_give_key_on_late_check-in
Answer: No

A: no_evident_not_great_quality
B: shampoo_seem_cheap_considering_hotel_cost
Answer: Yes

A: no_evident_not_great_quality
B: expensive_hotel
Answer: No

Now answer for this pair. Output ONLY the final line ""Answer: Yes"" or ""Answer: No"" — no other text.

A: no_evident_not_well_situated_hotel
B: 5_star_hotel
Answer:
","A: no_evident_not_well_situated_hotel
B: 5_star_hotel
Answer: Yes"
2026-08-16 22:19:43,3,30098,no_evident_not_free_parking_in_front_of_hotel,well_run,"Task: decide if Proposition B contradicts Assumption A.

Steps:
1. A defends a claim (strip ""no_evident_not_"" / ""have_evident_"" to see it).
2. B states a fact.
3. Does B disprove A's claim? Same specific issue only, not just same topic.

Output pattern (always use this exact shape):
A: <phrase>
B: <phrase>
Answer: Yes/No

Examples:

A: no_evident_not_easy_check-in
B: customer_wait_10_minute_for_greet
Answer: Yes

A: no_evident_not_easy_check-in
B: no_one_give_key_on_late_check-in
Answer: No

A: no_evident_not_great_quality
B: shampoo_seem_cheap_considering_hotel_cost
Answer: Yes

A: no_evident_not_great_quality
B: expensive_hotel
Answer: No

Now answer for this pair. Output ONLY the final line ""Answer: Yes"" or ""Answer: No"" — no other text.

A: no_evident_not_free_parking_in_front_of_hotel
B: well_run
Answer:
","A: no_evident_not_free_parking_in_front_of_hotel
B: well_run
Answer: No"
2026-08-16 22:19:44,3,19,no_evident_not_new_hotel,lovely_little_hotel,"Task: decide if Proposition B contradicts Assumption A.

Steps:
1. A defends a claim (strip ""no_evident_not_"" / ""have_evident_"" to see it).
2. B states a fact.
3. Does B disprove A's claim? Same specific issue only, not just same topic.

Output pattern (always use this exact shape):
A: <phrase>
B: <phrase>
Answer: Yes/No

Examples:

A: no_evident_not_easy_check-in
B: customer_wait_10_minute_for_greet
Answer: Yes

A: no_evident_not_easy_check-in
B: no_one_give_key_on_late_check-in
Answer: No

A: no_evident_not_great_quality
B: shampoo_seem_cheap_considering_hotel_cost
Answer: Yes

A: no_evident_not_great_quality
B: expensive_hotel
Answer: No

Now answer for this pair. Output ONLY the final line ""Answer: Yes"" or ""Answer: No"" — no other text.

A: no_evident_not_new_hotel
B: lovely_little_hotel
Answer:
","A: no_evident_not_new_hotel
B: lovely_little_hotel
Answer: No"
2026-08-16 22:19:44,3,19627,no_evident_not_5*_facility,renovated_hotel,"Task: decide if Proposition B contradicts Assumption A.

Steps:
1. A defends a claim (strip ""no_evident_not_"" / ""have_evident_"" to see it).
2. B states a fact.
3. Does B disprove A's claim? Same specific issue only, not just same topic.

Output pattern (always use this exact shape):
A: <phrase>
B: <phrase>
Answer: Yes/No

Examples:

A: no_evident_not_easy_check-in
B: customer_wait_10_minute_for_greet
Answer: Yes

A: no_evident_not_easy_check-in
B: no_one_give_key_on_late_check-in
Answer: No

A: no_evident_not_great_quality
B: shampoo_seem_cheap_considering_hotel_cost
Answer: Yes

A: no_evident_not_great_quality
B: expensive_hotel
Answer: No

Now answer for this pair. Output ONLY the final line ""Answer: Yes"" or ""Answer: No"" — no other text.

A: no_evident_not_5*_facility
B: renovated_hotel
Answer:
","A: no_evident_not_5*_facility
B: renovated_hotel
Answer: Yes"
2026-08-16 22:19:44,3,10622,no_evident_not_easy_to_park_car_outside,comfortable_hotel,"Task: decide if Proposition B contradicts Assumption A.

Steps:
1. A defends a claim (strip ""no_evident_not_"" / ""have_evident_"" to see it).
2. B states a fact.
3. Does B disprove A's claim? Same specific issue only, not just same topic.

Output pattern (always use this exact shape):
A: <phrase>
B: <phrase>
Answer: Yes/No

Examples:

A: no_evident_not_easy_check-in
B: customer_wait_10_minute_for_greet
Answer: Yes

A: no_evident_not_easy_check-in
B: no_one_give_key_on_late_check-in
Answer: No

A: no_evident_not_great_quality
B: shampoo_seem_cheap_considering_hotel_cost
Answer: Yes

A: no_evident_not_great_quality
B: expensive_hotel
Answer: No

Now answer for this pair. Output ONLY the final line ""Answer: Yes"" or ""Answer: No"" — no other text.

A: no_evident_not_easy_to_park_car_outside
B: comfortable_hotel
Answer:
",Answer: No
2026-08-16 22:19:44,3,16011,no_evident_not_simple_decoration,stylish_hotel,"Task: decide if Proposition B contradicts Assumption A.

Steps:
1. A defends a claim (strip ""no_evident_not_"" / ""have_evident_"" to see it).
2. B states a fact.
3. Does B disprove A's claim? Same specific issue only, not just same topic.

Output pattern (always use this exact shape):
A: <phrase>
B: <phrase>
Answer: Yes/No

Examples:

A: no_evident_not_easy_check-in
B: customer_wait_10_minute_for_greet
Answer: Yes

A: no_evident_not_easy_check-in
B: no_one_give_key_on_late_check-in
Answer: No

A: no_evident_not_great_quality
B: shampoo_seem_cheap_considering_hotel_cost
Answer: Yes

A: no_evident_not_great_quality
B: expensive_hotel
Answer: No

Now answer for this pair. Output ONLY the final line ""Answer: Yes"" or ""Answer: No"" — no other text.

A: no_evident_not_simple_decoration
B: stylish_hotel
Answer:
","A: no_evident_not_simple_decoration
B: stylish_hotel
Answer: Yes"
2026-08-16 22:19:45,3,639,no_evident_not_cozy_hotel,5_star_hotel,"Task: decide if Proposition B contradicts Assumption A.

Steps:
1. A defends a claim (strip ""no_evident_not_"" / ""have_evident_"" to see it).
2. B states a fact.
3. Does B disprove A's claim? Same specific issue only, not just same topic.

Output pattern (always use this exact shape):
A: <phrase>
B: <phrase>
Answer: Yes/No

Examples:

A: no_evident_not_easy_check-in
B: customer_wait_10_minute_for_greet
Answer: Yes

A: no_evident_not_easy_check-in
B: no_one_give_key_on_late_check-in
Answer: No

A: no_evident_not_great_quality
B: shampoo_seem_cheap_considering_hotel_cost
Answer: Yes

A: no_evident_not_great_quality
B: expensive_hotel
Answer: No

Now answer for this pair. Output ONLY the final line ""Answer: Yes"" or ""Answer: No"" — no other text.

A: no_evident_not_cozy_hotel
B: 5_star_hotel
Answer:
","A: no_evident_not_cozy_hotel
B: 5_star_hotel
Answer: No"
2026-08-16 22:19:45,3,3666,no_evident_not_spacious_hotel,clean_boutique_hotel,"Task: decide if Proposition B contradicts Assumption A.

Steps:
1. A defends a claim (strip ""no_evident_not_"" / ""have_evident_"" to see it).
2. B states a fact.
3. Does B disprove A's claim? Same specific issue only, not just same topic.

Output pattern (always use this exact shape):
A: <phrase>
B: <phrase>
Answer: Yes/No

Examples:

A: no_evident_not_easy_check-in
B: customer_wait_10_minute_for_greet
Answer: Yes

A: no_evident_not_easy_check-in
B: no_one_give_key_on_late_check-in
Answer: No

A: no_evident_not_great_quality
B: shampoo_seem_cheap_considering_hotel_cost
Answer: Yes

A: no_evident_not_great_quality
B: expensive_hotel
Answer: No

Now answer for this pair. Output ONLY the final line ""Answer: Yes"" or ""Answer: No"" — no other text.

A: no_evident_not_spacious_hotel
B: clean_boutique_hotel
Answer:
","A: no_evident_not_spacious_hotel
B: clean_boutique_hotel
Answer: No"
2026-08-16 22:19:45,3,30445,no_evident_not_well_kept_hotel,simple_hotel,"Task: decide if Proposition B contradicts Assumption A.

Steps:
1. A defends a claim (strip ""no_evident_not_"" / ""have_evident_"" to see it).
2. B states a fact.
3. Does B disprove A's claim? Same specific issue only, not just same topic.

Output pattern (always use this exact shape):
A: <phrase>
B: <phrase>
Answer: Yes/No

Examples:

A: no_evident_not_easy_check-in
B: customer_wait_10_minute_for_greet
Answer: Yes

A: no_evident_not_easy_check-in
B: no_one_give_key_on_late_check-in
Answer: No

A: no_evident_not_great_quality
B: shampoo_seem_cheap_considering_hotel_cost
Answer: Yes

A: no_evident_not_great_quality
B: expensive_hotel
Answer: No

Now answer for this pair. Output ONLY the final line ""Answer: Yes"" or ""Answer: No"" — no other text.

A: no_evident_not_well_kept_hotel
B: simple_hotel
Answer:
","A: no_evident_not_well_kept_hotel
B: simple_hotel
Answer: Yes"
2026-08-16 22:19:46,3,11895,no_evident_not_everything_great,everything_clean,"Task: decide if Proposition B contradicts Assumption A.

Steps:
1. A defends a claim (strip ""no_evident_not_"" / ""have_evident_"" to see it).
2. B states a fact.
3. Does B disprove A's claim? Same specific issue only, not just same topic.

Output pattern (always use this exact shape):
A: <phrase>
B: <phrase>
Answer: Yes/No

Examples:

A: no_evident_not_easy_check-in
B: customer_wait_10_minute_for_greet
Answer: Yes

A: no_evident_not_easy_check-in
B: no_one_give_key_on_late_check-in
Answer: No

A: no_evident_not_great_quality
B: shampoo_seem_cheap_considering_hotel_cost
Answer: Yes

A: no_evident_not_great_quality
B: expensive_hotel
Answer: No

Now answer for this pair. Output ONLY the final line ""Answer: Yes"" or ""Answer: No"" — no other text.

A: no_evident_not_everything_great
B: everything_clean
Answer:
","A: no_evident_not_everything_great
B: everything_clean
Answer: No"
2026-08-16 22:19:46,3,28794,no_evident_not_clean_street_terrace,completely_redone_hotel,"Task: decide if Proposition B contradicts Assumption A.

Steps:
1. A defends a claim (strip ""no_evident_not_"" / ""have_evident_"" to see it).
2. B states a fact.
3. Does B disprove A's claim? Same specific issue only, not just same topic.

Output pattern (always use this exact shape):
A: <phrase>
B: <phrase>
Answer: Yes/No

Examples:

A: no_evident_not_easy_check-in
B: customer_wait_10_minute_for_greet
Answer: Yes

A: no_evident_not_easy_check-in
B: no_one_give_key_on_late_check-in
Answer: No

A: no_evident_not_great_quality
B: shampoo_seem_cheap_considering_hotel_cost
Answer: Yes

A: no_evident_not_great_quality
B: expensive_hotel
Answer: No

Now answer for this pair. Output ONLY the final line ""Answer: Yes"" or ""Answer: No"" — no other text.

A: no_evident_not_clean_street_terrace
B: completely_redone_hotel
Answer:
","A: no_evident_not_clean_street_terrace
B: completely_redone_hotel
Answer: Yes"
2026-08-16 22:19:46,3,32288,no_evident_not_cozy_atmosphere,well_furnished_hotel,"Task: decide if Proposition B contradicts Assumption A.

Steps:
1. A defends a claim (strip ""no_evident_not_"" / ""have_evident_"" to see it).
2. B states a fact.
3. Does B disprove A's claim? Same specific issue only, not just same topic.

Output pattern (always use this exact shape):
A: <phrase>
B: <phrase>
Answer: Yes/No

Examples:

A: no_evident_not_easy_check-in
B: customer_wait_10_minute_for_greet
Answer: Yes

A: no_evident_not_easy_check-in
B: no_one_give_key_on_late_check-in
Answer: No

A: no_evident_not_great_quality
B: shampoo_seem_cheap_considering_hotel_cost
Answer: Yes

A: no_evident_not_great_quality
B: expensive_hotel
Answer: No

Now answer for this pair. Output ONLY the final line ""Answer: Yes"" or ""Answer: No"" — no other text.

A: no_evident_not_cozy_atmosphere
B: well_furnished_hotel
Answer:
","A: no_evident_not_cozy_atmosphere
B: well_furnished_hotel
Answer: No"
2026-08-16 22:19:47,3,27253,no_evident_not_interesting_service,feel_welcome_from_arrival_moment,"Task: decide if Proposition B contradicts Assumption A.

Steps:
1. A defends a claim (strip ""no_evident_not_"" / ""have_evident_"" to see it).
2. B states a fact.
3. Does B disprove A's claim? Same specific issue only, not just same topic.

Output pattern (always use this exact shape):
A: <phrase>
B: <phrase>
Answer: Yes/No

Examples:

A: no_evident_not_easy_check-in
B: customer_wait_10_minute_for_greet
Answer: Yes

A: no_evident_not_easy_check-in
B: no_one_give_key_on_late_check-in
Answer: No

A: no_evident_not_great_quality
B: shampoo_seem_cheap_considering_hotel_cost
Answer: Yes

A: no_evident_not_great_quality
B: expensive_hotel
Answer: No

Now answer for this pair. Output ONLY the final line ""Answer: Yes"" or ""Answer: No"" — no other text.

A: no_evident_not_interesting_service
B: feel_welcome_from_arrival_moment
Answer:
","A: no_evident_not_interesting_service
B: feel_welcome_from_arrival_moment
Answer: No"
2026-08-16 22:19:47,3,26437,no_evident_not_pleasant_terrace,welcoming_environment,"Task: decide if Proposition B contradicts Assumption A.

Steps:
1. A defends a claim (strip ""no_evident_not_"" / ""have_evident_"" to see it).
2. B states a fact.
3. Does B disprove A's claim? Same specific issue only, not just same topic.

Output pattern (always use this exact shape):
A: <phrase>
B: <phrase>
Answer: Yes/No

Examples:

A: no_evident_not_easy_check-in
B: customer_wait_10_minute_for_greet
Answer: Yes

A: no_evident_not_easy_check-in
B: no_one_give_key_on_late_check-in
Answer: No

A: no_evident_not_great_quality
B: shampoo_seem_cheap_considering_hotel_cost
Answer: Yes

A: no_evident_not_great_quality
B: expensive_hotel
Answer: No

Now answer for this pair. Output ONLY the final line ""Answer: Yes"" or ""Answer: No"" — no other text.

A: no_evident_not_pleasant_terrace
B: welcoming_environment
Answer:
","A: no_evident_not_pleasant_terrace
B: welcoming_environment
Answer: No"
2026-08-16 22:19:47,3,10077,no_evident_not_family_run_small_hotel,all_furniture_new,"Task: decide if Proposition B contradicts Assumption A.

Steps:
1. A defends a claim (strip ""no_evident_not_"" / ""have_evident_"" to see it).
2. B states a fact.
3. Does B disprove A's claim? Same specific issue only, not just same topic.

Output pattern (always use this exact shape):
A: <phrase>
B: <phrase>
Answer: Yes/No

Examples:

A: no_evident_not_easy_check-in
B: customer_wait_10_minute_for_greet
Answer: Yes

A: no_evident_not_easy_check-in
B: no_one_give_key_on_late_check-in
Answer: No

A: no_evident_not_great_quality
B: shampoo_seem_cheap_considering_hotel_cost
Answer: Yes

A: no_evident_not_great_quality
B: expensive_hotel
Answer: No

Now answer for this pair. Output ONLY the final line ""Answer: Yes"" or ""Answer: No"" — no other text.

A: no_evident_not_family_run_small_hotel
B: all_furniture_new
Answer:
","A: no_evident_not_family_run_small_hotel
B: all_furniture_new
Answer: No"
2026-08-16 22:19:47,3,7847,no_evident_not_new_facility,affordable_hotel,"Task: decide if Proposition B contradicts Assumption A.

Steps:
1. A defends a claim (strip ""no_evident_not_"" / ""have_evident_"" to see it).
2. B states a fact.
3. Does B disprove A's claim? Same specific issue only, not just same topic.

Output pattern (always use this exact shape):
A: <phrase>
B: <phrase>
Answer: Yes/No

Examples:

A: no_evident_not_easy_check-in
B: customer_wait_10_minute_for_greet
Answer: Yes

A: no_evident_not_easy_check-in
B: no_one_give_key_on_late_check-in
Answer: No

A: no_evident_not_great_quality
B: shampoo_seem_cheap_considering_hotel_cost
Answer: Yes

A: no_evident_not_great_quality
B: expensive_hotel
Answer: No

Now answer for this pair. Output ONLY the final line ""Answer: Yes"" or ""Answer: No"" — no other text.

A: no_evident_not_new_facility
B: affordable_hotel
Answer:
",Answer: Yes
2026-08-16 22:19:48,3,1899,no_evident_not_lovely_hotel,5_star_hotel,"Task: decide if Proposition B contradicts Assumption A.

Steps:
1. A defends a claim (strip ""no_evident_not_"" / ""have_evident_"" to see it).
2. B states a fact.
3. Does B disprove A's claim? Same specific issue only, not just same topic.

Output pattern (always use this exact shape):
A: <phrase>
B: <phrase>
Answer: Yes/No

Examples:

A: no_evident_not_easy_check-in
B: customer_wait_10_minute_for_greet
Answer: Yes

A: no_evident_not_easy_check-in
B: no_one_give_key_on_late_check-in
Answer: No

A: no_evident_not_great_quality
B: shampoo_seem_cheap_considering_hotel_cost
Answer: Yes

A: no_evident_not_great_quality
B: expensive_hotel
Answer: No

Now answer for this pair. Output ONLY the final line ""Answer: Yes"" or ""Answer: No"" — no other text.

A: no_evident_not_lovely_hotel
B: 5_star_hotel
Answer:
","A: no_evident_not_lovely_hotel
B: 5_star_hotel
Answer: No"
2026-08-16 22:19:48,3,7893,no_evident_not_new_facility,can_request_by_push_button,"Task: decide if Proposition B contradicts Assumption A.

Steps:
1. A defends a claim (strip ""no_evident_not_"" / ""have_evident_"" to see it).
2. B states a fact.
3. Does B disprove A's claim? Same specific issue only, not just same topic.

Output pattern (always use this exact shape):
A: <phrase>
B: <phrase>
Answer: Yes/No

Examples:

A: no_evident_not_easy_check-in
B: customer_wait_10_minute_for_greet
Answer: Yes

A: no_evident_not_easy_check-in
B: no_one_give_key_on_late_check-in
Answer: No

A: no_evident_not_great_quality
B: shampoo_seem_cheap_considering_hotel_cost
Answer: Yes

A: no_evident_not_great_quality
B: expensive_hotel
Answer: No

Now answer for this pair. Output ONLY the final line ""Answer: Yes"" or ""Answer: No"" — no other text.

A: no_evident_not_new_facility
B: can_request_by_push_button
Answer:
","A: no_evident_not_new_facility
B: can_request_by_push_button
Answer: No"
2026-08-16 22:19:48,3,28771,no_evident_not_clean_street_terrace,innovative_hotel,"Task: decide if Proposition B contradicts Assumption A.

Steps:
1. A defends a claim (strip ""no_evident_not_"" / ""have_evident_"" to see it).
2. B states a fact.
3. Does B disprove A's claim? Same specific issue only, not just same topic.

Output pattern (always use this exact shape):
A: <phrase>
B: <phrase>
Answer: Yes/No

Examples:

A: no_evident_not_easy_check-in
B: customer_wait_10_minute_for_greet
Answer: Yes

A: no_evident_not_easy_check-in
B: no_one_give_key_on_late_check-in
Answer: No

A: no_evident_not_great_quality
B: shampoo_seem_cheap_considering_hotel_cost
Answer: Yes

A: no_evident_not_great_quality
B: expensive_hotel
Answer: No

Now answer for this pair. Output ONLY the final line ""Answer: Yes"" or ""Answer: No"" — no other text.

A: no_evident_not_clean_street_terrace
B: innovative_hotel
Answer:
","A: no_evident_not_clean_street_terrace
B: innovative_hotel
Answer: No"
2026-08-16 22:19:48,3,18592,no_evident_not_clean_facility,lovely_lobby,"Task: decide if Proposition B contradicts Assumption A.

Steps:
1. A defends a claim (strip ""no_evident_not_"" / ""have_evident_"" to see it).
2. B states a fact.
3. Does B disprove A's claim? Same specific issue only, not just same topic.

Output pattern (always use this exact shape):
A: <phrase>
B: <phrase>
Answer: Yes/No

Examples:

A: no_evident_not_easy_check-in
B: customer_wait_10_minute_for_greet
Answer: Yes

A: no_evident_not_easy_check-in
B: no_one_give_key_on_late_check-in
Answer: No

A: no_evident_not_great_quality
B: shampoo_seem_cheap_considering_hotel_cost
Answer: Yes

A: no_evident_not_great_quality
B: expensive_hotel
Answer: No

Now answer for this pair. Output ONLY the final line ""Answer: Yes"" or ""Answer: No"" — no other text.

A: no_evident_not_clean_facility
B: lovely_lobby
Answer:
",Answer: No
2026-08-16 22:19:48,3,31030,no_evident_not_has_swimming_pool,Christmas_vibe_hotel,"Task: decide if Proposition B contradicts Assumption A.

Steps:
1. A defends a claim (strip ""no_evident_not_"" / ""have_evident_"" to see it).
2. B states a fact.
3. Does B disprove A's claim? Same specific issue only, not just same topic.

Output pattern (always use this exact shape):
A: <phrase>
B: <phrase>
Answer: Yes/No

Examples:

A: no_evident_not_easy_check-in
B: customer_wait_10_minute_for_greet
Answer: Yes

A: no_evident_not_easy_check-in
B: no_one_give_key_on_late_check-in
Answer: No

A: no_evident_not_great_quality
B: shampoo_seem_cheap_considering_hotel_cost
Answer: Yes

A: no_evident_not_great_quality
B: expensive_hotel
Answer: No

Now answer for this pair. Output ONLY the final line ""Answer: Yes"" or ""Answer: No"" — no other text.

A: no_evident_not_has_swimming_pool
B: Christmas_vibe_hotel
Answer:
",Answer: No
2026-08-16 22:19:49,3,2581,no_evident_not_everything_clean,everything_modern,"Task: decide if Proposition B contradicts Assumption A.

Steps:
1. A defends a claim (strip ""no_evident_not_"" / ""have_evident_"" to see it).
2. B states a fact.
3. Does B disprove A's claim? Same specific issue only, not just same topic.

Output pattern (always use this exact shape):
A: <phrase>
B: <phrase>
Answer: Yes/No

Examples:

A: no_evident_not_easy_check-in
B: customer_wait_10_minute_for_greet
Answer: Yes

A: no_evident_not_easy_check-in
B: no_one_give_key_on_late_check-in
Answer: No

A: no_evident_not_great_quality
B: shampoo_seem_cheap_considering_hotel_cost
Answer: Yes

A: no_evident_not_great_quality
B: expensive_hotel
Answer: No

Now answer for this pair. Output ONLY the final line ""Answer: Yes"" or ""Answer: No"" — no other text.

A: no_evident_not_everything_clean
B: everything_modern
Answer:
","A: no_evident_not_everything_clean
B: everything_modern
Answer: No"
2026-08-16 22:19:49,3,2807,no_evident_not_everything_spotless_clean,affordable_hotel,"Task: decide if Proposition B contradicts Assumption A.

Steps:
1. A defends a claim (strip ""no_evident_not_"" / ""have_evident_"" to see it).
2. B states a fact.
3. Does B disprove A's claim? Same specific issue only, not just same topic.

Output pattern (always use this exact shape):
A: <phrase>
B: <phrase>
Answer: Yes/No

Examples:

A: no_evident_not_easy_check-in
B: customer_wait_10_minute_for_greet
Answer: Yes

A: no_evident_not_easy_check-in
B: no_one_give_key_on_late_check-in
Answer: No

A: no_evident_not_great_quality
B: shampoo_seem_cheap_considering_hotel_cost
Answer: Yes

A: no_evident_not_great_quality
B: expensive_hotel
Answer: No

Now answer for this pair. Output ONLY the final line ""Answer: Yes"" or ""Answer: No"" — no other text.

A: no_evident_not_everything_spotless_clean
B: affordable_hotel
Answer:
",Answer: No
2026-08-16 22:19:49,3,23984,no_evident_not_clean_reception,new_facility,"Task: decide if Proposition B contradicts Assumption A.

Steps:
1. A defends a claim (strip ""no_evident_not_"" / ""have_evident_"" to see it).
2. B states a fact.
3. Does B disprove A's claim? Same specific issue only, not just same topic.

Output pattern (always use this exact shape):
A: <phrase>
B: <phrase>
Answer: Yes/No

Examples:

A: no_evident_not_easy_check-in
B: customer_wait_10_minute_for_greet
Answer: Yes

A: no_evident_not_easy_check-in
B: no_one_give_key_on_late_check-in
Answer: No

A: no_evident_not_great_quality
B: shampoo_seem_cheap_considering_hotel_cost
Answer: Yes

A: no_evident_not_great_quality
B: expensive_hotel
Answer: No

Now answer for this pair. Output ONLY the final line ""Answer: Yes"" or ""Answer: No"" — no other text.

A: no_evident_not_clean_reception
B: new_facility
Answer:
","A: no_evident_not_clean_reception
B: new_facility
Answer: No"
2026-08-16 22:19:49,3,15925,no_evident_not_simple_decoration,comfortable_atmosphere,"Task: decide if Proposition B contradicts Assumption A.

Steps:
1. A defends a claim (strip ""no_evident_not_"" / ""have_evident_"" to see it).
2. B states a fact.
3. Does B disprove A's claim? Same specific issue only, not just same topic.

Output pattern (always use this exact shape):
A: <phrase>
B: <phrase>
Answer: Yes/No

Examples:

A: no_evident_not_easy_check-in
B: customer_wait_10_minute_for_greet
Answer: Yes

A: no_evident_not_easy_check-in
B: no_one_give_key_on_late_check-in
Answer: No

A: no_evident_not_great_quality
B: shampoo_seem_cheap_considering_hotel_cost
Answer: Yes

A: no_evident_not_great_quality
B: expensive_hotel
Answer: No

Now answer for this pair. Output ONLY the final line ""Answer: Yes"" or ""Answer: No"" — no other text.

A: no_evident_not_simple_decoration
B: comfortable_atmosphere
Answer:
","A: no_evident_not_simple_decoration
B: comfortable_atmosphere
Answer: No"
2026-08-16 22:19:50,3,26740,no_evident_not_stunning_hotel,welcoming_hotel,"Task: decide if Proposition B contradicts Assumption A.

Steps:
1. A defends a claim (strip ""no_evident_not_"" / ""have_evident_"" to see it).
2. B states a fact.
3. Does B disprove A's claim? Same specific issue only, not just same topic.

Output pattern (always use this exact shape):
A: <phrase>
B: <phrase>
Answer: Yes/No

Examples:

A: no_evident_not_easy_check-in
B: customer_wait_10_minute_for_greet
Answer: Yes

A: no_evident_not_easy_check-in
B: no_one_give_key_on_late_check-in
Answer: No

A: no_evident_not_great_quality
B: shampoo_seem_cheap_considering_hotel_cost
Answer: Yes

A: no_evident_not_great_quality
B: expensive_hotel
Answer: No

Now answer for this pair. Output ONLY the final line ""Answer: Yes"" or ""Answer: No"" — no other text.

A: no_evident_not_stunning_hotel
B: welcoming_hotel
Answer:
","A: no_evident_not_stunning_hotel
B: welcoming_hotel
Answer: No"
2026-08-16 22:19:50,3,2268,no_evident_not_clean_hotel,recently_renovated_hotel,"Task: decide if Proposition B contradicts Assumption A.

Steps:
1. A defends a claim (strip ""no_evident_not_"" / ""have_evident_"" to see it).
2. B states a fact.
3. Does B disprove A's claim? Same specific issue only, not just same topic.

Output pattern (always use this exact shape):
A: <phrase>
B: <phrase>
Answer: Yes/No

Examples:

A: no_evident_not_easy_check-in
B: customer_wait_10_minute_for_greet
Answer: Yes

A: no_evident_not_easy_check-in
B: no_one_give_key_on_late_check-in
Answer: No

A: no_evident_not_great_quality
B: shampoo_seem_cheap_considering_hotel_cost
Answer: Yes

A: no_evident_not_great_quality
B: expensive_hotel
Answer: No

Now answer for this pair. Output ONLY the final line ""Answer: Yes"" or ""Answer: No"" — no other text.

A: no_evident_not_clean_hotel
B: recently_renovated_hotel
Answer:
","A: no_evident_not_clean_hotel
B: recently_renovated_hotel
Answer: No"
2026-08-16 22:19:50,3,32047,no_evident_not_compact_hotel,renovated_hotel,"Task: decide if Proposition B contradicts Assumption A.

Steps:
1. A defends a claim (strip ""no_evident_not_"" / ""have_evident_"" to see it).
2. B states a fact.
3. Does B disprove A's claim? Same specific issue only, not just same topic.

Output pattern (always use this exact shape):
A: <phrase>
B: <phrase>
Answer: Yes/No

Examples:

A: no_evident_not_easy_check-in
B: customer_wait_10_minute_for_greet
Answer: Yes

A: no_evident_not_easy_check-in
B: no_one_give_key_on_late_check-in
Answer: No

A: no_evident_not_great_quality
B: shampoo_seem_cheap_considering_hotel_cost
Answer: Yes

A: no_evident_not_great_quality
B: expensive_hotel
Answer: No

Now answer for this pair. Output ONLY the final line ""Answer: Yes"" or ""Answer: No"" — no other text.

A: no_evident_not_compact_hotel
B: renovated_hotel
Answer:
","A: no_evident_not_compact_hotel
B: renovated_hotel
Answer: No"
2026-08-16 22:19:51,3,24924,no_evident_not_cozy_terrace,friendly_atmosphere,"Task: decide if Proposition B contradicts Assumption A.

Steps:
1. A defends a claim (strip ""no_evident_not_"" / ""have_evident_"" to see it).
2. B states a fact.
3. Does B disprove A's claim? Same specific issue only, not just same topic.

Output pattern (always use this exact shape):
A: <phrase>
B: <phrase>
Answer: Yes/No

Examples:

A: no_evident_not_easy_check-in
B: customer_wait_10_minute_for_greet
Answer: Yes

A: no_evident_not_easy_check-in
B: no_one_give_key_on_late_check-in
Answer: No

A: no_evident_not_great_quality
B: shampoo_seem_cheap_considering_hotel_cost
Answer: Yes

A: no_evident_not_great_quality
B: expensive_hotel
Answer: No

Now answer for this pair. Output ONLY the final line ""Answer: Yes"" or ""Answer: No"" — no other text.

A: no_evident_not_cozy_terrace
B: friendly_atmosphere
Answer:
","A: no_evident_not_cozy_terrace
B: friendly_atmosphere
Answer: No"
2026-08-16 22:19:51,3,17456,no_evident_not_well_situated_hotel,well_equipped_hotel,"Task: decide if Proposition B contradicts Assumption A.

Steps:
1. A defends a claim (strip ""no_evident_not_"" / ""have_evident_"" to see it).
2. B states a fact.
3. Does B disprove A's claim? Same specific issue only, not just same topic.

Output pattern (always use this exact shape):
A: <phrase>
B: <phrase>
Answer: Yes/No

Examples:

A: no_evident_not_easy_check-in
B: customer_wait_10_minute_for_greet
Answer: Yes

A: no_evident_not_easy_check-in
B: no_one_give_key_on_late_check-in
Answer: No

A: no_evident_not_great_quality
B: shampoo_seem_cheap_considering_hotel_cost
Answer: Yes

A: no_evident_not_great_quality
B: expensive_hotel
Answer: No

Now answer for this pair. Output ONLY the final line ""Answer: Yes"" or ""Answer: No"" — no other text.

A: no_evident_not_well_situated_hotel
B: well_equipped_hotel
Answer:
","A: no_evident_not_well_situated_hotel
B: well_equipped_hotel
Answer: No"
2026-08-16 22:19:51,3,25095,no_evident_not_has_parking_next_to_hotel,no_extra_charge_for_dog,"Task: decide if Proposition B contradicts Assumption A.

Steps:
1. A defends a claim (strip ""no_evident_not_"" / ""have_evident_"" to see it).
2. B states a fact.
3. Does B disprove A's claim? Same specific issue only, not just same topic.

Output pattern (always use this exact shape):
A: <phrase>
B: <phrase>
Answer: Yes/No

Examples:

A: no_evident_not_easy_check-in
B: customer_wait_10_minute_for_greet
Answer: Yes

A: no_evident_not_easy_check-in
B: no_one_give_key_on_late_check-in
Answer: No

A: no_evident_not_great_quality
B: shampoo_seem_cheap_considering_hotel_cost
Answer: Yes

A: no_evident_not_great_quality
B: expensive_hotel
Answer: No

Now answer for this pair. Output ONLY the final line ""Answer: Yes"" or ""Answer: No"" — no other text.

A: no_evident_not_has_parking_next_to_hotel
B: no_extra_charge_for_dog
Answer:
","A: no_evident_not_has_parking_next_to_hotel
B: no_extra_charge_for_dog
Answer: No"
2026-08-16 22:19:52,3,4121,no_evident_not_refurbished_hotel,comfortable_street_terrace,"Task: decide if Proposition B contradicts Assumption A.

Steps:
1. A defends a claim (strip ""no_evident_not_"" / ""have_evident_"" to see it).
2. B states a fact.
3. Does B disprove A's claim? Same specific issue only, not just same topic.

Output pattern (always use this exact shape):
A: <phrase>
B: <phrase>
Answer: Yes/No

Examples:

A: no_evident_not_easy_check-in
B: customer_wait_10_minute_for_greet
Answer: Yes

A: no_evident_not_easy_check-in
B: no_one_give_key_on_late_check-in
Answer: No

A: no_evident_not_great_quality
B: shampoo_seem_cheap_considering_hotel_cost
Answer: Yes

A: no_evident_not_great_quality
B: expensive_hotel
Answer: No

Now answer for this pair. Output ONLY the final line ""Answer: Yes"" or ""Answer: No"" — no other text.

A: no_evident_not_refurbished_hotel
B: comfortable_street_terrace
Answer:
","A: no_evident_not_refurbished_hotel
B: comfortable_street_terrace
Answer: No"
2026-08-16 22:19:52,3,4208,no_evident_not_recently_refurbished_hotel,well_furnished_hotel,"Task: decide if Proposition B contradicts Assumption A.

Steps:
1. A defends a claim (strip ""no_evident_not_"" / ""have_evident_"" to see it).
2. B states a fact.
3. Does B disprove A's claim? Same specific issue only, not just same topic.

Output pattern (always use this exact shape):
A: <phrase>
B: <phrase>
Answer: Yes/No

Examples:

A: no_evident_not_easy_check-in
B: customer_wait_10_minute_for_greet
Answer: Yes

A: no_evident_not_easy_check-in
B: no_one_give_key_on_late_check-in
Answer: No

A: no_evident_not_great_quality
B: shampoo_seem_cheap_considering_hotel_cost
Answer: Yes

A: no_evident_not_great_quality
B: expensive_hotel
Answer: No

Now answer for this pair. Output ONLY the final line ""Answer: Yes"" or ""Answer: No"" — no other text.

A: no_evident_not_recently_refurbished_hotel
B: well_furnished_hotel
Answer:
","A: no_evident_not_recently_refurbished_hotel
B: well_furnished_hotel
Answer: No"
2026-08-16 22:19:52,3,21619,no_evident_not_neat_facility,lovely_little_hotel,"Task: decide if Proposition B contradicts Assumption A.

Steps:
1. A defends a claim (strip ""no_evident_not_"" / ""have_evident_"" to see it).
2. B states a fact.
3. Does B disprove A's claim? Same specific issue only, not just same topic.

Output pattern (always use this exact shape):
A: <phrase>
B: <phrase>
Answer: Yes/No

Examples:

A: no_evident_not_easy_check-in
B: customer_wait_10_minute_for_greet
Answer: Yes

A: no_evident_not_easy_check-in
B: no_one_give_key_on_late_check-in
Answer: No

A: no_evident_not_great_quality
B: shampoo_seem_cheap_considering_hotel_cost
Answer: Yes

A: no_evident_not_great_quality
B: expensive_hotel
Answer: No

Now answer for this pair. Output ONLY the final line ""Answer: Yes"" or ""Answer: No"" — no other text.

A: no_evident_not_neat_facility
B: lovely_little_hotel
Answer:
","A: no_evident_not_neat_facility
B: lovely_little_hotel
Answer: No"
2026-08-16 22:19:53,3,15575,no_evident_not_excellent_inside,bright_hotel,"Task: decide if Proposition B contradicts Assumption A.

Steps:
1. A defends a claim (strip ""no_evident_not_"" / ""have_evident_"" to see it).
2. B states a fact.
3. Does B disprove A's claim? Same specific issue only, not just same topic.

Output pattern (always use this exact shape):
A: <phrase>
B: <phrase>
Answer: Yes/No

Examples:

A: no_evident_not_easy_check-in
B: customer_wait_10_minute_for_greet
Answer: Yes

A: no_evident_not_easy_check-in
B: no_one_give_key_on_late_check-in
Answer: No

A: no_evident_not_great_quality
B: shampoo_seem_cheap_considering_hotel_cost
Answer: Yes

A: no_evident_not_great_quality
B: expensive_hotel
Answer: No

Now answer for this pair. Output ONLY the final line ""Answer: Yes"" or ""Answer: No"" — no other text.

A: no_evident_not_excellent_inside
B: bright_hotel
Answer:
","A: no_evident_not_excellent_inside
B: bright_hotel
Answer: No"
2026-08-16 22:19:53,3,31027,no_evident_not_has_swimming_pool,everything_great,"Task: decide if Proposition B contradicts Assumption A.

Steps:
1. A defends a claim (strip ""no_evident_not_"" / ""have_evident_"" to see it).
2. B states a fact.
3. Does B disprove A's claim? Same specific issue only, not just same topic.

Output pattern (always use this exact shape):
A: <phrase>
B: <phrase>
Answer: Yes/No

Examples:

A: no_evident_not_easy_check-in
B: customer_wait_10_minute_for_greet
Answer: Yes

A: no_evident_not_easy_check-in
B: no_one_give_key_on_late_check-in
Answer: No

A: no_evident_not_great_quality
B: shampoo_seem_cheap_considering_hotel_cost
Answer: Yes

A: no_evident_not_great_quality
B: expensive_hotel
Answer: No

Now answer for this pair. Output ONLY the final line ""Answer: Yes"" or ""Answer: No"" — no other text.

A: no_evident_not_has_swimming_pool
B: everything_great
Answer:
","A: no_evident_not_has_swimming_pool
B: everything_great
Answer: No"
2026-08-16 22:19:53,3,18016,no_evident_not_clear_interior,everything_spotless_clean,"Task: decide if Proposition B contradicts Assumption A.

Steps:
1. A defends a claim (strip ""no_evident_not_"" / ""have_evident_"" to see it).
2. B states a fact.
3. Does B disprove A's claim? Same specific issue only, not just same topic.

Output pattern (always use this exact shape):
A: <phrase>
B: <phrase>
Answer: Yes/No

Examples:

A: no_evident_not_easy_check-in
B: customer_wait_10_minute_for_greet
Answer: Yes

A: no_evident_not_easy_check-in
B: no_one_give_key_on_late_check-in
Answer: No

A: no_evident_not_great_quality
B: shampoo_seem_cheap_considering_hotel_cost
Answer: Yes

A: no_evident_not_great_quality
B: expensive_hotel
Answer: No

Now answer for this pair. Output ONLY the final line ""Answer: Yes"" or ""Answer: No"" — no other text.

A: no_evident_not_clear_interior
B: everything_spotless_clean
Answer:
","A: no_evident_not_clear_interior
B: everything_spotless_clean
Answer: No"
2026-08-16 22:19:54,3,5411,no_evident_not_everything_beautiful,lovely_hotel,"Task: decide if Proposition B contradicts Assumption A.

Steps:
1. A defends a claim (strip ""no_evident_not_"" / ""have_evident_"" to see it).
2. B states a fact.
3. Does B disprove A's claim? Same specific issue only, not just same topic.

Output pattern (always use this exact shape):
A: <phrase>
B: <phrase>
Answer: Yes/No

Examples:

A: no_evident_not_easy_check-in
B: customer_wait_10_minute_for_greet
Answer: Yes

A: no_evident_not_easy_check-in
B: no_one_give_key_on_late_check-in
Answer: No

A: no_evident_not_great_quality
B: shampoo_seem_cheap_considering_hotel_cost
Answer: Yes

A: no_evident_not_great_quality
B: expensive_hotel
Answer: No

Now answer for this pair. Output ONLY the final line ""Answer: Yes"" or ""Answer: No"" — no other text.

A: no_evident_not_everything_beautiful
B: lovely_hotel
Answer:
","A: no_evident_not_everything_beautiful
B: lovely_hotel
Answer: No"
2026-08-16 22:19:54,3,8686,no_evident_not_beautifully_kept_hotel,offered_drink,"Task: decide if Proposition B contradicts Assumption A.

Steps:
1. A defends a claim (strip ""no_evident_not_"" / ""have_evident_"" to see it).
2. B states a fact.
3. Does B disprove A's claim? Same specific issue only, not just same topic.

Output pattern (always use this exact shape):
A: <phrase>
B: <phrase>
Answer: Yes/No

Examples:

A: no_evident_not_easy_check-in
B: customer_wait_10_minute_for_greet
Answer: Yes

A: no_evident_not_easy_check-in
B: no_one_give_key_on_late_check-in
Answer: No

A: no_evident_not_great_quality
B: shampoo_seem_cheap_considering_hotel_cost
Answer: Yes

A: no_evident_not_great_quality
B: expensive_hotel
Answer: No

Now answer for this pair. Output ONLY the final line ""Answer: Yes"" or ""Answer: No"" — no other text.

A: no_evident_not_beautifully_kept_hotel
B: offered_drink
Answer:
","A: no_evident_not_beautifully_kept_hotel
B: offered_drink
Answer: No"
2026-08-16 22:19:54,3,17291,no_evident_not_well_situated_hotel,lovely_hotel,"Task: decide if Proposition B contradicts Assumption A.

Steps:
1. A defends a claim (strip ""no_evident_not_"" / ""have_evident_"" to see it).
2. B states a fact.
3. Does B disprove A's claim? Same specific issue only, not just same topic.

Output pattern (always use this exact shape):
A: <phrase>
B: <phrase>
Answer: Yes/No

Examples:

A: no_evident_not_easy_check-in
B: customer_wait_10_minute_for_greet
Answer: Yes

A: no_evident_not_easy_check-in
B: no_one_give_key_on_late_check-in
Answer: No

A: no_evident_not_great_quality
B: shampoo_seem_cheap_considering_hotel_cost
Answer: Yes

A: no_evident_not_great_quality
B: expensive_hotel
Answer: No

Now answer for this pair. Output ONLY the final line ""Answer: Yes"" or ""Answer: No"" — no other text.

A: no_evident_not_well_situated_hotel
B: lovely_hotel
Answer:
","A: no_evident_not_well_situated_hotel
B: lovely_hotel
Answer: No"
2026-08-16 22:19:55,3,28588,no_evident_not_excellent_option,neat_hotel,"Task: decide if Proposition B contradicts Assumption A.

Steps:
1. A defends a claim (strip ""no_evident_not_"" / ""have_evident_"" to see it).
2. B states a fact.
3. Does B disprove A's claim? Same specific issue only, not just same topic.

Output pattern (always use this exact shape):
A: <phrase>
B: <phrase>
Answer: Yes/No

Examples:

A: no_evident_not_easy_check-in
B: customer_wait_10_minute_for_greet
Answer: Yes

A: no_evident_not_easy_check-in
B: no_one_give_key_on_late_check-in
Answer: No

A: no_evident_not_great_quality
B: shampoo_seem_cheap_considering_hotel_cost
Answer: Yes

A: no_evident_not_great_quality
B: expensive_hotel
Answer: No

Now answer for this pair. Output ONLY the final line ""Answer: Yes"" or ""Answer: No"" — no other text.

A: no_evident_not_excellent_option
B: neat_hotel
Answer:
","A: no_evident_not_excellent_option
B: neat_hotel
Answer: No"
2026-08-16 22:19:55,3,19877,no_evident_not_wonderful_hotel,good_wifi,"Task: decide if Proposition B contradicts Assumption A.

Steps:
1. A defends a claim (strip ""no_evident_not_"" / ""have_evident_"" to see it).
2. B states a fact.
3. Does B disprove A's claim? Same specific issue only, not just same topic.

Output pattern (always use this exact shape):
A: <phrase>
B: <phrase>
Answer: Yes/No

Examples:

A: no_evident_not_easy_check-in
B: customer_wait_10_minute_for_greet
Answer: Yes

A: no_evident_not_easy_check-in
B: no_one_give_key_on_late_check-in
Answer: No

A: no_evident_not_great_quality
B: shampoo_seem_cheap_considering_hotel_cost
Answer: Yes

A: no_evident_not_great_quality
B: expensive_hotel
Answer: No

Now answer for this pair. Output ONLY the final line ""Answer: Yes"" or ""Answer: No"" — no other text.

A: no_evident_not_wonderful_hotel
B: good_wifi
Answer:
",Answer: No
2026-08-16 22:19:55,3,13866,no_evident_not_lovely_family_hotel,nice_hotel,"Task: decide if Proposition B contradicts Assumption A.

Steps:
1. A defends a claim (strip ""no_evident_not_"" / ""have_evident_"" to see it).
2. B states a fact.
3. Does B disprove A's claim? Same specific issue only, not just same topic.

Output pattern (always use this exact shape):
A: <phrase>
B: <phrase>
Answer: Yes/No

Examples:

A: no_evident_not_easy_check-in
B: customer_wait_10_minute_for_greet
Answer: Yes

A: no_evident_not_easy_check-in
B: no_one_give_key_on_late_check-in
Answer: No

A: no_evident_not_great_quality
B: shampoo_seem_cheap_considering_hotel_cost
Answer: Yes

A: no_evident_not_great_quality
B: expensive_hotel
Answer: No

Now answer for this pair. Output ONLY the final line ""Answer: Yes"" or ""Answer: No"" — no other text.

A: no_evident_not_lovely_family_hotel
B: nice_hotel
Answer:
","A: no_evident_not_lovely_family_hotel
B: nice_hotel
Answer: No"
2026-08-16 22:19:55,3,31601,no_evident_not_well_equipped_hotel,clear_interior,"Task: decide if Proposition B contradicts Assumption A.

Steps:
1. A defends a claim (strip ""no_evident_not_"" / ""have_evident_"" to see it).
2. B states a fact.
3. Does B disprove A's claim? Same specific issue only, not just same topic.

Output pattern (always use this exact shape):
A: <phrase>
B: <phrase>
Answer: Yes/No

Examples:

A: no_evident_not_easy_check-in
B: customer_wait_10_minute_for_greet
Answer: Yes

A: no_evident_not_easy_check-in
B: no_one_give_key_on_late_check-in
Answer: No

A: no_evident_not_great_quality
B: shampoo_seem_cheap_considering_hotel_cost
Answer: Yes

A: no_evident_not_great_quality
B: expensive_hotel
Answer: No

Now answer for this pair. Output ONLY the final line ""Answer: Yes"" or ""Answer: No"" — no other text.

A: no_evident_not_well_equipped_hotel
B: clear_interior
Answer:
","A: no_evident_not_well_equipped_hotel
B: clear_interior
Answer: No"
2026-08-16 22:19:56,3,6941,no_evident_not_family_establishment,clear_interior,"Task: decide if Proposition B contradicts Assumption A.

Steps:
1. A defends a claim (strip ""no_evident_not_"" / ""have_evident_"" to see it).
2. B states a fact.
3. Does B disprove A's claim? Same specific issue only, not just same topic.

Output pattern (always use this exact shape):
A: <phrase>
B: <phrase>
Answer: Yes/No

Examples:

A: no_evident_not_easy_check-in
B: customer_wait_10_minute_for_greet
Answer: Yes

A: no_evident_not_easy_check-in
B: no_one_give_key_on_late_check-in
Answer: No

A: no_evident_not_great_quality
B: shampoo_seem_cheap_considering_hotel_cost
Answer: Yes

A: no_evident_not_great_quality
B: expensive_hotel
Answer: No

Now answer for this pair. Output ONLY the final line ""Answer: Yes"" or ""Answer: No"" — no other text.

A: no_evident_not_family_establishment
B: clear_interior
Answer:
","A: no_evident_not_family_establishment
B: clear_interior
Answer: No"
2026-08-16 22:19:56,3,30439,no_evident_not_well_kept_hotel,lovely_little_hotel,"Task: decide if Proposition B contradicts Assumption A.

Steps:
1. A defends a claim (strip ""no_evident_not_"" / ""have_evident_"" to see it).
2. B states a fact.
3. Does B disprove A's claim? Same specific issue only, not just same topic.

Output pattern (always use this exact shape):
A: <phrase>
B: <phrase>
Answer: Yes/No

Examples:

A: no_evident_not_easy_check-in
B: customer_wait_10_minute_for_greet
Answer: Yes

A: no_evident_not_easy_check-in
B: no_one_give_key_on_late_check-in
Answer: No

A: no_evident_not_great_quality
B: shampoo_seem_cheap_considering_hotel_cost
Answer: Yes

A: no_evident_not_great_quality
B: expensive_hotel
Answer: No

Now answer for this pair. Output ONLY the final line ""Answer: Yes"" or ""Answer: No"" — no other text.

A: no_evident_not_well_kept_hotel
B: lovely_little_hotel
Answer:
","A: no_evident_not_well_kept_hotel
B: lovely_little_hotel
Answer: No"
2026-08-16 22:19:56,3,17672,no_evident_not_5_star_hotel,wonderful_facility,"Task: decide if Proposition B contradicts Assumption A.

Steps:
1. A defends a claim (strip ""no_evident_not_"" / ""have_evident_"" to see it).
2. B states a fact.
3. Does B disprove A's claim? Same specific issue only, not just same topic.

Output pattern (always use this exact shape):
A: <phrase>
B: <phrase>
Answer: Yes/No

Examples:

A: no_evident_not_easy_check-in
B: customer_wait_10_minute_for_greet
Answer: Yes

A: no_evident_not_easy_check-in
B: no_one_give_key_on_late_check-in
Answer: No

A: no_evident_not_great_quality
B: shampoo_seem_cheap_considering_hotel_cost
Answer: Yes

A: no_evident_not_great_quality
B: expensive_hotel
Answer: No

Now answer for this pair. Output ONLY the final line ""Answer: Yes"" or ""Answer: No"" — no other text.

A: no_evident_not_5_star_hotel
B: wonderful_facility
Answer:
",Answer: No
2026-08-16 22:19:56,3,24749,no_evident_not_intimate_hotel,simple_decoration,"Task: decide if Proposition B contradicts Assumption A.

Steps:
1. A defends a claim (strip ""no_evident_not_"" / ""have_evident_"" to see it).
2. B states a fact.
3. Does B disprove A's claim? Same specific issue only, not just same topic.

Output pattern (always use this exact shape):
A: <phrase>
B: <phrase>
Answer: Yes/No

Examples:

A: no_evident_not_easy_check-in
B: customer_wait_10_minute_for_greet
Answer: Yes

A: no_evident_not_easy_check-in
B: no_one_give_key_on_late_check-in
Answer: No

A: no_evident_not_great_quality
B: shampoo_seem_cheap_considering_hotel_cost
Answer: Yes

A: no_evident_not_great_quality
B: expensive_hotel
Answer: No

Now answer for this pair. Output ONLY the final line ""Answer: Yes"" or ""Answer: No"" — no other text.

A: no_evident_not_intimate_hotel
B: simple_decoration
Answer:
","A: no_evident_not_intimate_hotel
B: simple_decoration
Answer: No"
2026-08-16 22:19:57,3,23919,no_evident_not_new_reception,excellent_option,"Task: decide if Proposition B contradicts Assumption A.

Steps:
1. A defends a claim (strip ""no_evident_not_"" / ""have_evident_"" to see it).
2. B states a fact.
3. Does B disprove A's claim? Same specific issue only, not just same topic.

Output pattern (always use this exact shape):
A: <phrase>
B: <phrase>
Answer: Yes/No

Examples:

A: no_evident_not_easy_check-in
B: customer_wait_10_minute_for_greet
Answer: Yes

A: no_evident_not_easy_check-in
B: no_one_give_key_on_late_check-in
Answer: No

A: no_evident_not_great_quality
B: shampoo_seem_cheap_considering_hotel_cost
Answer: Yes

A: no_evident_not_great_quality
B: expensive_hotel
Answer: No

Now answer for this pair. Output ONLY the final line ""Answer: Yes"" or ""Answer: No"" — no other text.

A: no_evident_not_new_reception
B: excellent_option
Answer:
","A: no_evident_not_new_reception
B: reception_area_being_renovated
Answer: Yes"
2026-08-16 22:19:57,3,22606,no_evident_not_pleasant_hotel,brand_new_furniture,"Task: decide if Proposition B contradicts Assumption A.

Steps:
1. A defends a claim (strip ""no_evident_not_"" / ""have_evident_"" to see it).
2. B states a fact.
3. Does B disprove A's claim? Same specific issue only, not just same topic.

Output pattern (always use this exact shape):
A: <phrase>
B: <phrase>
Answer: Yes/No

Examples:

A: no_evident_not_easy_check-in
B: customer_wait_10_minute_for_greet
Answer: Yes

A: no_evident_not_easy_check-in
B: no_one_give_key_on_late_check-in
Answer: No

A: no_evident_not_great_quality
B: shampoo_seem_cheap_considering_hotel_cost
Answer: Yes

A: no_evident_not_great_quality
B: expensive_hotel
Answer: No

Now answer for this pair. Output ONLY the final line ""Answer: Yes"" or ""Answer: No"" — no other text.

A: no_evident_not_pleasant_hotel
B: brand_new_furniture
Answer:
","A: no_evident_not_pleasant_hotel
B: brand_new_furniture
Answer: No"
2026-08-16 22:19:57,3,6592,no_evident_not_amazing_hotel,exceeded_expectation_hotel,"Task: decide if Proposition B contradicts Assumption A.

Steps:
1. A defends a claim (strip ""no_evident_not_"" / ""have_evident_"" to see it).
2. B states a fact.
3. Does B disprove A's claim? Same specific issue only, not just same topic.

Output pattern (always use this exact shape):
A: <phrase>
B: <phrase>
Answer: Yes/No

Examples:

A: no_evident_not_easy_check-in
B: customer_wait_10_minute_for_greet
Answer: Yes

A: no_evident_not_easy_check-in
B: no_one_give_key_on_late_check-in
Answer: No

A: no_evident_not_great_quality
B: shampoo_seem_cheap_considering_hotel_cost
Answer: Yes

A: no_evident_not_great_quality
B: expensive_hotel
Answer: No

Now answer for this pair. Output ONLY the final line ""Answer: Yes"" or ""Answer: No"" — no other text.

A: no_evident_not_amazing_hotel
B: exceeded_expectation_hotel
Answer:
","A: no_evident_not_amazing_hotel
B: exceeded_expectation_hotel
Answer: Yes"
2026-08-16 22:19:58,3,23362,no_evident_not_close_car_park,recently_freshed_up,"Task: decide if Proposition B contradicts Assumption A.

Steps:
1. A defends a claim (strip ""no_evident_not_"" / ""have_evident_"" to see it).
2. B states a fact.
3. Does B disprove A's claim? Same specific issue only, not just same topic.

Output pattern (always use this exact shape):
A: <phrase>
B: <phrase>
Answer: Yes/No

Examples:

A: no_evident_not_easy_check-in
B: customer_wait_10_minute_for_greet
Answer: Yes

A: no_evident_not_easy_check-in
B: no_one_give_key_on_late_check-in
Answer: No

A: no_evident_not_great_quality
B: shampoo_seem_cheap_considering_hotel_cost
Answer: Yes

A: no_evident_not_great_quality
B: expensive_hotel
Answer: No

Now answer for this pair. Output ONLY the final line ""Answer: Yes"" or ""Answer: No"" — no other text.

A: no_evident_not_close_car_park
B: recently_freshed_up
Answer:
","A: no_evident_not_close_car_park
B: recently_freshed_up
Answer: No"
2026-08-16 22:19:58,3,10215,no_evident_not_modern_small_hotel,as_expected_hotel,"Task: decide if Proposition B contradicts Assumption A.

Steps:
1. A defends a claim (strip ""no_evident_not_"" / ""have_evident_"" to see it).
2. B states a fact.
3. Does B disprove A's claim? Same specific issue only, not just same topic.

Output pattern (always use this exact shape):
A: <phrase>
B: <phrase>
Answer: Yes/No

Examples:

A: no_evident_not_easy_check-in
B: customer_wait_10_minute_for_greet
Answer: Yes

A: no_evident_not_easy_check-in
B: no_one_give_key_on_late_check-in
Answer: No

A: no_evident_not_great_quality
B: shampoo_seem_cheap_considering_hotel_cost
Answer: Yes

A: no_evident_not_great_quality
B: expensive_hotel
Answer: No

Now answer for this pair. Output ONLY the final line ""Answer: Yes"" or ""Answer: No"" — no other text.

A: no_evident_not_modern_small_hotel
B: as_expected_hotel
Answer:
","A: no_evident_not_modern_small_hotel
B: as_expected_hotel
Answer: No"
2026-08-16 22:19:58,3,13075,no_evident_not_feel_welcome_from_arrival_moment,pet_friendly,"Task: decide if Proposition B contradicts Assumption A.

Steps:
1. A defends a claim (strip ""no_evident_not_"" / ""have_evident_"" to see it).
2. B states a fact.
3. Does B disprove A's claim? Same specific issue only, not just same topic.

Output pattern (always use this exact shape):
A: <phrase>
B: <phrase>
Answer: Yes/No

Examples:

A: no_evident_not_easy_check-in
B: customer_wait_10_minute_for_greet
Answer: Yes

A: no_evident_not_easy_check-in
B: no_one_give_key_on_late_check-in
Answer: No

A: no_evident_not_great_quality
B: shampoo_seem_cheap_considering_hotel_cost
Answer: Yes

A: no_evident_not_great_quality
B: expensive_hotel
Answer: No

Now answer for this pair. Output ONLY the final line ""Answer: Yes"" or ""Answer: No"" — no other text.

A: no_evident_not_feel_welcome_from_arrival_moment
B: pet_friendly
Answer:
","A: no_evident_not_feel_welcome_from_arrival_moment
B: pet_friendly
Answer: No"
2026-08-16 22:19:59,3,22010,no_evident_not_feel_like_home_hotel,happy_with_service,"Task: decide if Proposition B contradicts Assumption A.

Steps:
1. A defends a claim (strip ""no_evident_not_"" / ""have_evident_"" to see it).
2. B states a fact.
3. Does B disprove A's claim? Same specific issue only, not just same topic.

Output pattern (always use this exact shape):
A: <phrase>
B: <phrase>
Answer: Yes/No

Examples:

A: no_evident_not_easy_check-in
B: customer_wait_10_minute_for_greet
Answer: Yes

A: no_evident_not_easy_check-in
B: no_one_give_key_on_late_check-in
Answer: No

A: no_evident_not_great_quality
B: shampoo_seem_cheap_considering_hotel_cost
Answer: Yes

A: no_evident_not_great_quality
B: expensive_hotel
Answer: No

Now answer for this pair. Output ONLY the final line ""Answer: Yes"" or ""Answer: No"" — no other text.

A: no_evident_not_feel_like_home_hotel
B: happy_with_service
Answer:
","A: no_evident_not_feel_like_home_hotel
B: happy_with_service
Answer: No"
2026-08-16 22:19:59,3,12237,no_evident_not_well_furnished_hotel,all_furniture_new,"Task: decide if Proposition B contradicts Assumption A.

Steps:
1. A defends a claim (strip ""no_evident_not_"" / ""have_evident_"" to see it).
2. B states a fact.
3. Does B disprove A's claim? Same specific issue only, not just same topic.

Output pattern (always use this exact shape):
A: <phrase>
B: <phrase>
Answer: Yes/No

Examples:

A: no_evident_not_easy_check-in
B: customer_wait_10_minute_for_greet
Answer: Yes

A: no_evident_not_easy_check-in
B: no_one_give_key_on_late_check-in
Answer: No

A: no_evident_not_great_quality
B: shampoo_seem_cheap_considering_hotel_cost
Answer: Yes

A: no_evident_not_great_quality
B: expensive_hotel
Answer: No

Now answer for this pair. Output ONLY the final line ""Answer: Yes"" or ""Answer: No"" — no other text.

A: no_evident_not_well_furnished_hotel
B: all_furniture_new
Answer:
","A: no_evident_not_well_furnished_hotel
B: all_furniture_new
Answer: No"
2026-08-16 22:19:59,3,14356,no_evident_not_all_you_need_for_great_holiday,good_quality_hotel,"Task: decide if Proposition B contradicts Assumption A.

Steps:
1. A defends a claim (strip ""no_evident_not_"" / ""have_evident_"" to see it).
2. B states a fact.
3. Does B disprove A's claim? Same specific issue only, not just same topic.

Output pattern (always use this exact shape):
A: <phrase>
B: <phrase>
Answer: Yes/No

Examples:

A: no_evident_not_easy_check-in
B: customer_wait_10_minute_for_greet
Answer: Yes

A: no_evident_not_easy_check-in
B: no_one_give_key_on_late_check-in
Answer: No

A: no_evident_not_great_quality
B: shampoo_seem_cheap_considering_hotel_cost
Answer: Yes

A: no_evident_not_great_quality
B: expensive_hotel
Answer: No

Now answer for this pair. Output ONLY the final line ""Answer: Yes"" or ""Answer: No"" — no other text.

A: no_evident_not_all_you_need_for_great_holiday
B: good_quality_hotel
Answer:
","A: no_evident_not_all_you_need_for_great_holiday
B: good_quality_hotel
Answer: No"
2026-08-16 22:19:59,3,29479,no_evident_not_clean_lobby,cozy_terrace,"Task: decide if Proposition B contradicts Assumption A.

Steps:
1. A defends a claim (strip ""no_evident_not_"" / ""have_evident_"" to see it).
2. B states a fact.
3. Does B disprove A's claim? Same specific issue only, not just same topic.

Output pattern (always use this exact shape):
A: <phrase>
B: <phrase>
Answer: Yes/No

Examples:

A: no_evident_not_easy_check-in
B: customer_wait_10_minute_for_greet
Answer: Yes

A: no_evident_not_easy_check-in
B: no_one_give_key_on_late_check-in
Answer: No

A: no_evident_not_great_quality
B: shampoo_seem_cheap_considering_hotel_cost
Answer: Yes

A: no_evident_not_great_quality
B: expensive_hotel
Answer: No

Now answer for this pair. Output ONLY the final line ""Answer: Yes"" or ""Answer: No"" — no other text.

A: no_evident_not_clean_lobby
B: cozy_terrace
Answer:
",Answer: No
2026-08-16 22:20:00,3,16960,no_evident_not_bright_hotel,great_hotel,"Task: decide if Proposition B contradicts Assumption A.

Steps:
1. A defends a claim (strip ""no_evident_not_"" / ""have_evident_"" to see it).
2. B states a fact.
3. Does B disprove A's claim? Same specific issue only, not just same topic.

Output pattern (always use this exact shape):
A: <phrase>
B: <phrase>
Answer: Yes/No

Examples:

A: no_evident_not_easy_check-in
B: customer_wait_10_minute_for_greet
Answer: Yes

A: no_evident_not_easy_check-in
B: no_one_give_key_on_late_check-in
Answer: No

A: no_evident_not_great_quality
B: shampoo_seem_cheap_considering_hotel_cost
Answer: Yes

A: no_evident_not_great_quality
B: expensive_hotel
Answer: No

Now answer for this pair. Output ONLY the final line ""Answer: Yes"" or ""Answer: No"" — no other text.

A: no_evident_not_bright_hotel
B: great_hotel
Answer:
",Answer: Yes
2026-08-16 22:20:00,3,14795,no_evident_not_best_hotel,fantastic_service,"Task: decide if Proposition B contradicts Assumption A.

Steps:
1. A defends a claim (strip ""no_evident_not_"" / ""have_evident_"" to see it).
2. B states a fact.
3. Does B disprove A's claim? Same specific issue only, not just same topic.

Output pattern (always use this exact shape):
A: <phrase>
B: <phrase>
Answer: Yes/No

Examples:

A: no_evident_not_easy_check-in
B: customer_wait_10_minute_for_greet
Answer: Yes

A: no_evident_not_easy_check-in
B: no_one_give_key_on_late_check-in
Answer: No

A: no_evident_not_great_quality
B: shampoo_seem_cheap_considering_hotel_cost
Answer: Yes

A: no_evident_not_great_quality
B: expensive_hotel
Answer: No

Now answer for this pair. Output ONLY the final line ""Answer: Yes"" or ""Answer: No"" — no other text.

A: no_evident_not_best_hotel
B: fantastic_service
Answer:
",Answer: No
2026-08-16 22:20:00,3,3966,no_evident_not_refurbished_hotel,nice_hotel,"Task: decide if Proposition B contradicts Assumption A.

Steps:
1. A defends a claim (strip ""no_evident_not_"" / ""have_evident_"" to see it).
2. B states a fact.
3. Does B disprove A's claim? Same specific issue only, not just same topic.

Output pattern (always use this exact shape):
A: <phrase>
B: <phrase>
Answer: Yes/No

Examples:

A: no_evident_not_easy_check-in
B: customer_wait_10_minute_for_greet
Answer: Yes

A: no_evident_not_easy_check-in
B: no_one_give_key_on_late_check-in
Answer: No

A: no_evident_not_great_quality
B: shampoo_seem_cheap_considering_hotel_cost
Answer: Yes

A: no_evident_not_great_quality
B: expensive_hotel
Answer: No

Now answer for this pair. Output ONLY the final line ""Answer: Yes"" or ""Answer: No"" — no other text.

A: no_evident_not_refurbished_hotel
B: nice_hotel
Answer:
","A: no_evident_not_refurbished_hotel
B: nice_hotel
Answer: No"
2026-08-16 22:20:00,3,8124,no_evident_not_offered_drink,recently_refurbished_hotel,"Task: decide if Proposition B contradicts Assumption A.

Steps:
1. A defends a claim (strip ""no_evident_not_"" / ""have_evident_"" to see it).
2. B states a fact.
3. Does B disprove A's claim? Same specific issue only, not just same topic.

Output pattern (always use this exact shape):
A: <phrase>
B: <phrase>
Answer: Yes/No

Examples:

A: no_evident_not_easy_check-in
B: customer_wait_10_minute_for_greet
Answer: Yes

A: no_evident_not_easy_check-in
B: no_one_give_key_on_late_check-in
Answer: No

A: no_evident_not_great_quality
B: shampoo_seem_cheap_considering_hotel_cost
Answer: Yes

A: no_evident_not_great_quality
B: expensive_hotel
Answer: No

Now answer for this pair. Output ONLY the final line ""Answer: Yes"" or ""Answer: No"" — no other text.

A: no_evident_not_offered_drink
B: recently_refurbished_hotel
Answer:
","A: no_evident_not_offered_drink
B: recently_refurbished_hotel
Answer: No"
2026-08-16 22:20:01,3,7363,no_evident_not_quiet_hotel,comfortable_hall,"Task: decide if Proposition B contradicts Assumption A.

Steps:
1. A defends a claim (strip ""no_evident_not_"" / ""have_evident_"" to see it).
2. B states a fact.
3. Does B disprove A's claim? Same specific issue only, not just same topic.

Output pattern (always use this exact shape):
A: <phrase>
B: <phrase>
Answer: Yes/No

Examples:

A: no_evident_not_easy_check-in
B: customer_wait_10_minute_for_greet
Answer: Yes

A: no_evident_not_easy_check-in
B: no_one_give_key_on_late_check-in
Answer: No

A: no_evident_not_great_quality
B: shampoo_seem_cheap_considering_hotel_cost
Answer: Yes

A: no_evident_not_great_quality
B: expensive_hotel
Answer: No

Now answer for this pair. Output ONLY the final line ""Answer: Yes"" or ""Answer: No"" — no other text.

A: no_evident_not_quiet_hotel
B: comfortable_hall
Answer:
","A: no_evident_not_quiet_hotel
B: comfortable_hall
Answer: No"
2026-08-16 22:20:01,3,2099,no_evident_not_peaceful_facility,airy_hotel,"Task: decide if Proposition B contradicts Assumption A.

Steps:
1. A defends a claim (strip ""no_evident_not_"" / ""have_evident_"" to see it).
2. B states a fact.
3. Does B disprove A's claim? Same specific issue only, not just same topic.

Output pattern (always use this exact shape):
A: <phrase>
B: <phrase>
Answer: Yes/No

Examples:

A: no_evident_not_easy_check-in
B: customer_wait_10_minute_for_greet
Answer: Yes

A: no_evident_not_easy_check-in
B: no_one_give_key_on_late_check-in
Answer: No

A: no_evident_not_great_quality
B: shampoo_seem_cheap_considering_hotel_cost
Answer: Yes

A: no_evident_not_great_quality
B: expensive_hotel
Answer: No

Now answer for this pair. Output ONLY the final line ""Answer: Yes"" or ""Answer: No"" — no other text.

A: no_evident_not_peaceful_facility
B: airy_hotel
Answer:
","A: no_evident_not_peaceful_facility
B: airy_hotel
Answer: No"
2026-08-16 22:20:01,3,11079,no_evident_not_flexible_with_our_schedule,5_star_hotel,"Task: decide if Proposition B contradicts Assumption A.

Steps:
1. A defends a claim (strip ""no_evident_not_"" / ""have_evident_"" to see it).
2. B states a fact.
3. Does B disprove A's claim? Same specific issue only, not just same topic.

Output pattern (always use this exact shape):
A: <phrase>
B: <phrase>
Answer: Yes/No

Examples:

A: no_evident_not_easy_check-in
B: customer_wait_10_minute_for_greet
Answer: Yes

A: no_evident_not_easy_check-in
B: no_one_give_key_on_late_check-in
Answer: No

A: no_evident_not_great_quality
B: shampoo_seem_cheap_considering_hotel_cost
Answer: Yes

A: no_evident_not_great_quality
B: expensive_hotel
Answer: No

Now answer for this pair. Output ONLY the final line ""Answer: Yes"" or ""Answer: No"" — no other text.

A: no_evident_not_flexible_with_our_schedule
B: 5_star_hotel
Answer:
","A: no_evident_not_flexible_with_our_schedule
B: 5_star_hotel
Answer: No"
2026-08-16 22:20:02,3,690,no_evident_not_cozy_hotel,aesthetic_hotel,"Task: decide if Proposition B contradicts Assumption A.

Steps:
1. A defends a claim (strip ""no_evident_not_"" / ""have_evident_"" to see it).
2. B states a fact.
3. Does B disprove A's claim? Same specific issue only, not just same topic.

Output pattern (always use this exact shape):
A: <phrase>
B: <phrase>
Answer: Yes/No

Examples:

A: no_evident_not_easy_check-in
B: customer_wait_10_minute_for_greet
Answer: Yes

A: no_evident_not_easy_check-in
B: no_one_give_key_on_late_check-in
Answer: No

A: no_evident_not_great_quality
B: shampoo_seem_cheap_considering_hotel_cost
Answer: Yes

A: no_evident_not_great_quality
B: expensive_hotel
Answer: No

Now answer for this pair. Output ONLY the final line ""Answer: Yes"" or ""Answer: No"" — no other text.

A: no_evident_not_cozy_hotel
B: aesthetic_hotel
Answer:
","A: no_evident_not_cozy_hotel
B: aesthetic_hotel
Answer: No"
2026-08-16 22:20:02,3,19278,no_evident_not_recently_renovated_hotel,has_plenty_of_chair,"Task: decide if Proposition B contradicts Assumption A.

Steps:
1. A defends a claim (strip ""no_evident_not_"" / ""have_evident_"" to see it).
2. B states a fact.
3. Does B disprove A's claim? Same specific issue only, not just same topic.

Output pattern (always use this exact shape):
A: <phrase>
B: <phrase>
Answer: Yes/No

Examples:

A: no_evident_not_easy_check-in
B: customer_wait_10_minute_for_greet
Answer: Yes

A: no_evident_not_easy_check-in
B: no_one_give_key_on_late_check-in
Answer: No

A: no_evident_not_great_quality
B: shampoo_seem_cheap_considering_hotel_cost
Answer: Yes

A: no_evident_not_great_quality
B: expensive_hotel
Answer: No

Now answer for this pair. Output ONLY the final line ""Answer: Yes"" or ""Answer: No"" — no other text.

A: no_evident_not_recently_renovated_hotel
B: has_plenty_of_chair
Answer:
","A: no_evident_not_recently_renovated_hotel
B: has_plenty_of_chair
Answer: No"
2026-08-16 22:20:02,3,18151,no_evident_not_clear_interior,innovative_hotel,"Task: decide if Proposition B contradicts Assumption A.

Steps:
1. A defends a claim (strip ""no_evident_not_"" / ""have_evident_"" to see it).
2. B states a fact.
3. Does B disprove A's claim? Same specific issue only, not just same topic.

Output pattern (always use this exact shape):
A: <phrase>
B: <phrase>
Answer: Yes/No

Examples:

A: no_evident_not_easy_check-in
B: customer_wait_10_minute_for_greet
Answer: Yes

A: no_evident_not_easy_check-in
B: no_one_give_key_on_late_check-in
Answer: No

A: no_evident_not_great_quality
B: shampoo_seem_cheap_considering_hotel_cost
Answer: Yes

A: no_evident_not_great_quality
B: expensive_hotel
Answer: No

Now answer for this pair. Output ONLY the final line ""Answer: Yes"" or ""Answer: No"" — no other text.

A: no_evident_not_clear_interior
B: innovative_hotel
Answer:
","A: no_evident_not_clear_interior
B: innovative_hotel
Answer: No"
2026-08-16 22:20:03,3,7541,no_evident_not_contemporary_hotel,comfortable_street_terrace,"Task: decide if Proposition B contradicts Assumption A.

Steps:
1. A defends a claim (strip ""no_evident_not_"" / ""have_evident_"" to see it).
2. B states a fact.
3. Does B disprove A's claim? Same specific issue only, not just same topic.

Output pattern (always use this exact shape):
A: <phrase>
B: <phrase>
Answer: Yes/No

Examples:

A: no_evident_not_easy_check-in
B: customer_wait_10_minute_for_greet
Answer: Yes

A: no_evident_not_easy_check-in
B: no_one_give_key_on_late_check-in
Answer: No

A: no_evident_not_great_quality
B: shampoo_seem_cheap_considering_hotel_cost
Answer: Yes

A: no_evident_not_great_quality
B: expensive_hotel
Answer: No

Now answer for this pair. Output ONLY the final line ""Answer: Yes"" or ""Answer: No"" — no other text.

A: no_evident_not_contemporary_hotel
B: comfortable_street_terrace
Answer:
","A: no_evident_not_contemporary_hotel
B: comfortable_street_terrace
Answer: No"
2026-08-16 22:20:03,3,19283,no_evident_not_recently_renovated_hotel,refurbished_hotel,"Task: decide if Proposition B contradicts Assumption A.

Steps:
1. A defends a claim (strip ""no_evident_not_"" / ""have_evident_"" to see it).
2. B states a fact.
3. Does B disprove A's claim? Same specific issue only, not just same topic.

Output pattern (always use this exact shape):
A: <phrase>
B: <phrase>
Answer: Yes/No

Examples:

A: no_evident_not_easy_check-in
B: customer_wait_10_minute_for_greet
Answer: Yes

A: no_evident_not_easy_check-in
B: no_one_give_key_on_late_check-in
Answer: No

A: no_evident_not_great_quality
B: shampoo_seem_cheap_considering_hotel_cost
Answer: Yes

A: no_evident_not_great_quality
B: expensive_hotel
Answer: No

Now answer for this pair. Output ONLY the final line ""Answer: Yes"" or ""Answer: No"" — no other text.

A: no_evident_not_recently_renovated_hotel
B: refurbished_hotel
Answer:
","A: no_evident_not_recently_renovated_hotel
B: refurbished_hotel
Answer: Yes"
2026-08-16 22:20:03,3,7217,no_evident_not_quiet_hotel,everywhere_spotless_clean,"Task: decide if Proposition B contradicts Assumption A.

Steps:
1. A defends a claim (strip ""no_evident_not_"" / ""have_evident_"" to see it).
2. B states a fact.
3. Does B disprove A's claim? Same specific issue only, not just same topic.

Output pattern (always use this exact shape):
A: <phrase>
B: <phrase>
Answer: Yes/No

Examples:

A: no_evident_not_easy_check-in
B: customer_wait_10_minute_for_greet
Answer: Yes

A: no_evident_not_easy_check-in
B: no_one_give_key_on_late_check-in
Answer: No

A: no_evident_not_great_quality
B: shampoo_seem_cheap_considering_hotel_cost
Answer: Yes

A: no_evident_not_great_quality
B: expensive_hotel
Answer: No

Now answer for this pair. Output ONLY the final line ""Answer: Yes"" or ""Answer: No"" — no other text.

A: no_evident_not_quiet_hotel
B: everywhere_spotless_clean
Answer:
","A: no_evident_not_quiet_hotel
B: everywhere_spotless_clean
Answer: No"
2026-08-16 22:20:04,3,236,no_evident_not_comfortable_hotel,family_run_small_hotel,"Task: decide if Proposition B contradicts Assumption A.

Steps:
1. A defends a claim (strip ""no_evident_not_"" / ""have_evident_"" to see it).
2. B states a fact.
3. Does B disprove A's claim? Same specific issue only, not just same topic.

Output pattern (always use this exact shape):
A: <phrase>
B: <phrase>
Answer: Yes/No

Examples:

A: no_evident_not_easy_check-in
B: customer_wait_10_minute_for_greet
Answer: Yes

A: no_evident_not_easy_check-in
B: no_one_give_key_on_late_check-in
Answer: No

A: no_evident_not_great_quality
B: shampoo_seem_cheap_considering_hotel_cost
Answer: Yes

A: no_evident_not_great_quality
B: expensive_hotel
Answer: No

Now answer for this pair. Output ONLY the final line ""Answer: Yes"" or ""Answer: No"" — no other text.

A: no_evident_not_comfortable_hotel
B: family_run_small_hotel
Answer:
","A: no_evident_not_comfortable_hotel
B: family_run_small_hotel
Answer: Yes"
2026-08-16 22:20:04,3,2327,no_evident_not_clean_hotel,can_request_for_transfer_from_airport,"Task: decide if Proposition B contradicts Assumption A.

Steps:
1. A defends a claim (strip ""no_evident_not_"" / ""have_evident_"" to see it).
2. B states a fact.
3. Does B disprove A's claim? Same specific issue only, not just same topic.

Output pattern (always use this exact shape):
A: <phrase>
B: <phrase>
Answer: Yes/No

Examples:

A: no_evident_not_easy_check-in
B: customer_wait_10_minute_for_greet
Answer: Yes

A: no_evident_not_easy_check-in
B: no_one_give_key_on_late_check-in
Answer: No

A: no_evident_not_great_quality
B: shampoo_seem_cheap_considering_hotel_cost
Answer: Yes

A: no_evident_not_great_quality
B: expensive_hotel
Answer: No

Now answer for this pair. Output ONLY the final line ""Answer: Yes"" or ""Answer: No"" — no other text.

A: no_evident_not_clean_hotel
B: can_request_for_transfer_from_airport
Answer:
","A: no_evident_not_clean_hotel
B: can_request_for_transfer_from_airport
Answer: No"
2026-08-16 22:20:04,3,23195,no_evident_not_open_air_car_park,brilliant_hotel,"Task: decide if Proposition B contradicts Assumption A.

Steps:
1. A defends a claim (strip ""no_evident_not_"" / ""have_evident_"" to see it).
2. B states a fact.
3. Does B disprove A's claim? Same specific issue only, not just same topic.

Output pattern (always use this exact shape):
A: <phrase>
B: <phrase>
Answer: Yes/No

Examples:

A: no_evident_not_easy_check-in
B: customer_wait_10_minute_for_greet
Answer: Yes

A: no_evident_not_easy_check-in
B: no_one_give_key_on_late_check-in
Answer: No

A: no_evident_not_great_quality
B: shampoo_seem_cheap_considering_hotel_cost
Answer: Yes

A: no_evident_not_great_quality
B: expensive_hotel
Answer: No

Now answer for this pair. Output ONLY the final line ""Answer: Yes"" or ""Answer: No"" — no other text.

A: no_evident_not_open_air_car_park
B: brilliant_hotel
Answer:
","A: no_evident_not_open_air_car_park
B: brilliant_hotel
Answer: Yes"
2026-08-16 22:20:04,3,20680,no_evident_not_pet_friendly,clean_street_terrace,"Task: decide if Proposition B contradicts Assumption A.

Steps:
1. A defends a claim (strip ""no_evident_not_"" / ""have_evident_"" to see it).
2. B states a fact.
3. Does B disprove A's claim? Same specific issue only, not just same topic.

Output pattern (always use this exact shape):
A: <phrase>
B: <phrase>
Answer: Yes/No

Examples:

A: no_evident_not_easy_check-in
B: customer_wait_10_minute_for_greet
Answer: Yes

A: no_evident_not_easy_check-in
B: no_one_give_key_on_late_check-in
Answer: No

A: no_evident_not_great_quality
B: shampoo_seem_cheap_considering_hotel_cost
Answer: Yes

A: no_evident_not_great_quality
B: expensive_hotel
Answer: No

Now answer for this pair. Output ONLY the final line ""Answer: Yes"" or ""Answer: No"" — no other text.

A: no_evident_not_pet_friendly
B: clean_street_terrace
Answer:
","A: no_evident_not_pet_friendly
B: clean_street_terrace
Answer: No"
2026-08-16 22:20:05,3,1930,no_evident_not_lovely_hotel,close_car_park,"Task: decide if Proposition B contradicts Assumption A.

Steps:
1. A defends a claim (strip ""no_evident_not_"" / ""have_evident_"" to see it).
2. B states a fact.
3. Does B disprove A's claim? Same specific issue only, not just same topic.

Output pattern (always use this exact shape):
A: <phrase>
B: <phrase>
Answer: Yes/No

Examples:

A: no_evident_not_easy_check-in
B: customer_wait_10_minute_for_greet
Answer: Yes

A: no_evident_not_easy_check-in
B: no_one_give_key_on_late_check-in
Answer: No

A: no_evident_not_great_quality
B: shampoo_seem_cheap_considering_hotel_cost
Answer: Yes

A: no_evident_not_great_quality
B: expensive_hotel
Answer: No

Now answer for this pair. Output ONLY the final line ""Answer: Yes"" or ""Answer: No"" — no other text.

A: no_evident_not_lovely_hotel
B: close_car_park
Answer:
","A: no_evident_not_lovely_hotel
B: close_car_park
Answer: No"
2026-08-16 22:20:05,3,7502,no_evident_not_contemporary_hotel,take_COVID_prevention_measure,"Task: decide if Proposition B contradicts Assumption A.

Steps:
1. A defends a claim (strip ""no_evident_not_"" / ""have_evident_"" to see it).
2. B states a fact.
3. Does B disprove A's claim? Same specific issue only, not just same topic.

Output pattern (always use this exact shape):
A: <phrase>
B: <phrase>
Answer: Yes/No

Examples:

A: no_evident_not_easy_check-in
B: customer_wait_10_minute_for_greet
Answer: Yes

A: no_evident_not_easy_check-in
B: no_one_give_key_on_late_check-in
Answer: No

A: no_evident_not_great_quality
B: shampoo_seem_cheap_considering_hotel_cost
Answer: Yes

A: no_evident_not_great_quality
B: expensive_hotel
Answer: No

Now answer for this pair. Output ONLY the final line ""Answer: Yes"" or ""Answer: No"" — no other text.

A: no_evident_not_contemporary_hotel
B: take_COVID_prevention_measure
Answer:
",Answer: No
2026-08-16 22:20:05,3,2209,no_evident_not_clean_hotel,beautifully_kept_hotel,"Task: decide if Proposition B contradicts Assumption A.

Steps:
1. A defends a claim (strip ""no_evident_not_"" / ""have_evident_"" to see it).
2. B states a fact.
3. Does B disprove A's claim? Same specific issue only, not just same topic.

Output pattern (always use this exact shape):
A: <phrase>
B: <phrase>
Answer: Yes/No

Examples:

A: no_evident_not_easy_check-in
B: customer_wait_10_minute_for_greet
Answer: Yes

A: no_evident_not_easy_check-in
B: no_one_give_key_on_late_check-in
Answer: No

A: no_evident_not_great_quality
B: shampoo_seem_cheap_considering_hotel_cost
Answer: Yes

A: no_evident_not_great_quality
B: expensive_hotel
Answer: No

Now answer for this pair. Output ONLY the final line ""Answer: Yes"" or ""Answer: No"" — no other text.

A: no_evident_not_clean_hotel
B: beautifully_kept_hotel
Answer:
",Answer: No
2026-08-16 22:20:05,3,29669,no_evident_not_homely_atmosphere,stunning_hotel,"Task: decide if Proposition B contradicts Assumption A.

Steps:
1. A defends a claim (strip ""no_evident_not_"" / ""have_evident_"" to see it).
2. B states a fact.
3. Does B disprove A's claim? Same specific issue only, not just same topic.

Output pattern (always use this exact shape):
A: <phrase>
B: <phrase>
Answer: Yes/No

Examples:

A: no_evident_not_easy_check-in
B: customer_wait_10_minute_for_greet
Answer: Yes

A: no_evident_not_easy_check-in
B: no_one_give_key_on_late_check-in
Answer: No

A: no_evident_not_great_quality
B: shampoo_seem_cheap_considering_hotel_cost
Answer: Yes

A: no_evident_not_great_quality
B: expensive_hotel
Answer: No

Now answer for this pair. Output ONLY the final line ""Answer: Yes"" or ""Answer: No"" — no other text.

A: no_evident_not_homely_atmosphere
B: stunning_hotel
Answer:
","A: no_evident_not_homely_atmosphere
B: stunning_hotel
Answer: Yes"
2026-08-16 22:20:06,3,1030,no_evident_not_nice_hotel,close_car_park,"Task: decide if Proposition B contradicts Assumption A.

Steps:
1. A defends a claim (strip ""no_evident_not_"" / ""have_evident_"" to see it).
2. B states a fact.
3. Does B disprove A's claim? Same specific issue only, not just same topic.

Output pattern (always use this exact shape):
A: <phrase>
B: <phrase>
Answer: Yes/No

Examples:

A: no_evident_not_easy_check-in
B: customer_wait_10_minute_for_greet
Answer: Yes

A: no_evident_not_easy_check-in
B: no_one_give_key_on_late_check-in
Answer: No

A: no_evident_not_great_quality
B: shampoo_seem_cheap_considering_hotel_cost
Answer: Yes

A: no_evident_not_great_quality
B: expensive_hotel
Answer: No

Now answer for this pair. Output ONLY the final line ""Answer: Yes"" or ""Answer: No"" — no other text.

A: no_evident_not_nice_hotel
B: close_car_park
Answer:
","A: no_evident_not_nice_hotel
B: close_car_park
Answer: No"
2026-08-16 22:20:06,3,28169,no_evident_not_welcoming_environment,simple_decoration,"Task: decide if Proposition B contradicts Assumption A.

Steps:
1. A defends a claim (strip ""no_evident_not_"" / ""have_evident_"" to see it).
2. B states a fact.
3. Does B disprove A's claim? Same specific issue only, not just same topic.

Output pattern (always use this exact shape):
A: <phrase>
B: <phrase>
Answer: Yes/No

Examples:

A: no_evident_not_easy_check-in
B: customer_wait_10_minute_for_greet
Answer: Yes

A: no_evident_not_easy_check-in
B: no_one_give_key_on_late_check-in
Answer: No

A: no_evident_not_great_quality
B: shampoo_seem_cheap_considering_hotel_cost
Answer: Yes

A: no_evident_not_great_quality
B: expensive_hotel
Answer: No

Now answer for this pair. Output ONLY the final line ""Answer: Yes"" or ""Answer: No"" — no other text.

A: no_evident_not_welcoming_environment
B: simple_decoration
Answer:
","A: no_evident_not_welcoming_environment
B: simple_decoration
Answer: No"
2026-08-16 22:20:06,3,10828,no_evident_not_everything_modern,beautiful_inside,"Task: decide if Proposition B contradicts Assumption A.

Steps:
1. A defends a claim (strip ""no_evident_not_"" / ""have_evident_"" to see it).
2. B states a fact.
3. Does B disprove A's claim? Same specific issue only, not just same topic.

Output pattern (always use this exact shape):
A: <phrase>
B: <phrase>
Answer: Yes/No

Examples:

A: no_evident_not_easy_check-in
B: customer_wait_10_minute_for_greet
Answer: Yes

A: no_evident_not_easy_check-in
B: no_one_give_key_on_late_check-in
Answer: No

A: no_evident_not_great_quality
B: shampoo_seem_cheap_considering_hotel_cost
Answer: Yes

A: no_evident_not_great_quality
B: expensive_hotel
Answer: No

Now answer for this pair. Output ONLY the final line ""Answer: Yes"" or ""Answer: No"" — no other text.

A: no_evident_not_everything_modern
B: beautiful_inside
Answer:
","A: no_evident_not_everything_modern
B: beautiful_inside
Answer: No"
2026-08-16 22:20:06,3,2322,no_evident_not_clean_hotel,clean_hall,"Task: decide if Proposition B contradicts Assumption A.

Steps:
1. A defends a claim (strip ""no_evident_not_"" / ""have_evident_"" to see it).
2. B states a fact.
3. Does B disprove A's claim? Same specific issue only, not just same topic.

Output pattern (always use this exact shape):
A: <phrase>
B: <phrase>
Answer: Yes/No

Examples:

A: no_evident_not_easy_check-in
B: customer_wait_10_minute_for_greet
Answer: Yes

A: no_evident_not_easy_check-in
B: no_one_give_key_on_late_check-in
Answer: No

A: no_evident_not_great_quality
B: shampoo_seem_cheap_considering_hotel_cost
Answer: Yes

A: no_evident_not_great_quality
B: expensive_hotel
Answer: No

Now answer for this pair. Output ONLY the final line ""Answer: Yes"" or ""Answer: No"" — no other text.

A: no_evident_not_clean_hotel
B: clean_hall
Answer:
","A: no_evident_not_clean_hotel
B: clean_hall
Answer: No"
2026-08-16 22:20:07,3,16848,no_evident_not_convenient_for_short_stay,recently_renovated_hotel,"Task: decide if Proposition B contradicts Assumption A.

Steps:
1. A defends a claim (strip ""no_evident_not_"" / ""have_evident_"" to see it).
2. B states a fact.
3. Does B disprove A's claim? Same specific issue only, not just same topic.

Output pattern (always use this exact shape):
A: <phrase>
B: <phrase>
Answer: Yes/No

Examples:

A: no_evident_not_easy_check-in
B: customer_wait_10_minute_for_greet
Answer: Yes

A: no_evident_not_easy_check-in
B: no_one_give_key_on_late_check-in
Answer: No

A: no_evident_not_great_quality
B: shampoo_seem_cheap_considering_hotel_cost
Answer: Yes

A: no_evident_not_great_quality
B: expensive_hotel
Answer: No

Now answer for this pair. Output ONLY the final line ""Answer: Yes"" or ""Answer: No"" — no other text.

A: no_evident_not_convenient_for_short_stay
B: recently_renovated_hotel
Answer:
","A: no_evident_not_convenient_for_short_stay
B: recently_renovated_hotel
Answer: No"
2026-08-16 22:20:07,3,7799,no_evident_not_new_facility,basic_hotel,"Task: decide if Proposition B contradicts Assumption A.

Steps:
1. A defends a claim (strip ""no_evident_not_"" / ""have_evident_"" to see it).
2. B states a fact.
3. Does B disprove A's claim? Same specific issue only, not just same topic.

Output pattern (always use this exact shape):
A: <phrase>
B: <phrase>
Answer: Yes/No

Examples:

A: no_evident_not_easy_check-in
B: customer_wait_10_minute_for_greet
Answer: Yes

A: no_evident_not_easy_check-in
B: no_one_give_key_on_late_check-in
Answer: No

A: no_evident_not_great_quality
B: shampoo_seem_cheap_considering_hotel_cost
Answer: Yes

A: no_evident_not_great_quality
B: expensive_hotel
Answer: No

Now answer for this pair. Output ONLY the final line ""Answer: Yes"" or ""Answer: No"" — no other text.

A: no_evident_not_new_facility
B: basic_hotel
Answer:
","A: no_evident_not_new_facility
B: basic_hotel
Answer: Yes"
2026-08-16 22:20:07,3,9126,no_evident_not_small_hotel_which_we_like,pleasant_hotel,"Task: decide if Proposition B contradicts Assumption A.

Steps:
1. A defends a claim (strip ""no_evident_not_"" / ""have_evident_"" to see it).
2. B states a fact.
3. Does B disprove A's claim? Same specific issue only, not just same topic.

Output pattern (always use this exact shape):
A: <phrase>
B: <phrase>
Answer: Yes/No

Examples:

A: no_evident_not_easy_check-in
B: customer_wait_10_minute_for_greet
Answer: Yes

A: no_evident_not_easy_check-in
B: no_one_give_key_on_late_check-in
Answer: No

A: no_evident_not_great_quality
B: shampoo_seem_cheap_considering_hotel_cost
Answer: Yes

A: no_evident_not_great_quality
B: expensive_hotel
Answer: No

Now answer for this pair. Output ONLY the final line ""Answer: Yes"" or ""Answer: No"" — no other text.

A: no_evident_not_small_hotel_which_we_like
B: pleasant_hotel
Answer:
","A: no_evident_not_small_hotel_which_we_like
B: pleasant_hotel
Answer: No"
2026-08-16 22:20:08,3,21922,no_evident_not_take_COVID_prevention_measure,recently_freshed_up,"Task: decide if Proposition B contradicts Assumption A.

Steps:
1. A defends a claim (strip ""no_evident_not_"" / ""have_evident_"" to see it).
2. B states a fact.
3. Does B disprove A's claim? Same specific issue only, not just same topic.

Output pattern (always use this exact shape):
A: <phrase>
B: <phrase>
Answer: Yes/No

Examples:

A: no_evident_not_easy_check-in
B: customer_wait_10_minute_for_greet
Answer: Yes

A: no_evident_not_easy_check-in
B: no_one_give_key_on_late_check-in
Answer: No

A: no_evident_not_great_quality
B: shampoo_seem_cheap_considering_hotel_cost
Answer: Yes

A: no_evident_not_great_quality
B: expensive_hotel
Answer: No

Now answer for this pair. Output ONLY the final line ""Answer: Yes"" or ""Answer: No"" — no other text.

A: no_evident_not_take_COVID_prevention_measure
B: recently_freshed_up
Answer:
","A: no_evident_not_take_COVID_prevention_measure
B: recently_freshed_up
Answer: No"
2026-08-16 22:20:08,3,15907,no_evident_not_simple_decoration,everything_great,"Task: decide if Proposition B contradicts Assumption A.

Steps:
1. A defends a claim (strip ""no_evident_not_"" / ""have_evident_"" to see it).
2. B states a fact.
3. Does B disprove A's claim? Same specific issue only, not just same topic.

Output pattern (always use this exact shape):
A: <phrase>
B: <phrase>
Answer: Yes/No

Examples:

A: no_evident_not_easy_check-in
B: customer_wait_10_minute_for_greet
Answer: Yes

A: no_evident_not_easy_check-in
B: no_one_give_key_on_late_check-in
Answer: No

A: no_evident_not_great_quality
B: shampoo_seem_cheap_considering_hotel_cost
Answer: Yes

A: no_evident_not_great_quality
B: expensive_hotel
Answer: No

Now answer for this pair. Output ONLY the final line ""Answer: Yes"" or ""Answer: No"" — no other text.

A: no_evident_not_simple_decoration
B: everything_great
Answer:
","A: no_evident_not_simple_decoration
B: everything_great
Answer: No"
2026-08-16 22:20:08,3,7021,no_evident_not_great_hotel,new_hotel,"Task: decide if Proposition B contradicts Assumption A.

Steps:
1. A defends a claim (strip ""no_evident_not_"" / ""have_evident_"" to see it).
2. B states a fact.
3. Does B disprove A's claim? Same specific issue only, not just same topic.

Output pattern (always use this exact shape):
A: <phrase>
B: <phrase>
Answer: Yes/No

Examples:

A: no_evident_not_easy_check-in
B: customer_wait_10_minute_for_greet
Answer: Yes

A: no_evident_not_easy_check-in
B: no_one_give_key_on_late_check-in
Answer: No

A: no_evident_not_great_quality
B: shampoo_seem_cheap_considering_hotel_cost
Answer: Yes

A: no_evident_not_great_quality
B: expensive_hotel
Answer: No

Now answer for this pair. Output ONLY the final line ""Answer: Yes"" or ""Answer: No"" — no other text.

A: no_evident_not_great_hotel
B: new_hotel
Answer:
",Answer: No
2026-08-16 22:20:08,3,17670,no_evident_not_5_star_hotel,everything_new,"Task: decide if Proposition B contradicts Assumption A.

Steps:
1. A defends a claim (strip ""no_evident_not_"" / ""have_evident_"" to see it).
2. B states a fact.
3. Does B disprove A's claim? Same specific issue only, not just same topic.

Output pattern (always use this exact shape):
A: <phrase>
B: <phrase>
Answer: Yes/No

Examples:

A: no_evident_not_easy_check-in
B: customer_wait_10_minute_for_greet
Answer: Yes

A: no_evident_not_easy_check-in
B: no_one_give_key_on_late_check-in
Answer: No

A: no_evident_not_great_quality
B: shampoo_seem_cheap_considering_hotel_cost
Answer: Yes

A: no_evident_not_great_quality
B: expensive_hotel
Answer: No

Now answer for this pair. Output ONLY the final line ""Answer: Yes"" or ""Answer: No"" — no other text.

A: no_evident_not_5_star_hotel
B: everything_new
Answer:
","A: no_evident_not_5_star_hotel
B: everything_new
Answer: No"
2026-08-16 22:20:09,3,4336,no_evident_not_simple_hotel,everything_spotless_clean,"Task: decide if Proposition B contradicts Assumption A.

Steps:
1. A defends a claim (strip ""no_evident_not_"" / ""have_evident_"" to see it).
2. B states a fact.
3. Does B disprove A's claim? Same specific issue only, not just same topic.

Output pattern (always use this exact shape):
A: <phrase>
B: <phrase>
Answer: Yes/No

Examples:

A: no_evident_not_easy_check-in
B: customer_wait_10_minute_for_greet
Answer: Yes

A: no_evident_not_easy_check-in
B: no_one_give_key_on_late_check-in
Answer: No

A: no_evident_not_great_quality
B: shampoo_seem_cheap_considering_hotel_cost
Answer: Yes

A: no_evident_not_great_quality
B: expensive_hotel
Answer: No

Now answer for this pair. Output ONLY the final line ""Answer: Yes"" or ""Answer: No"" — no other text.

A: no_evident_not_simple_hotel
B: everything_spotless_clean
Answer:
","A: no_evident_not_simple_hotel
B: everything_spotless_clean
Answer: No"
2026-08-16 22:20:09,3,23703,no_evident_not_nice_facility,feel_like_home_hotel,"Task: decide if Proposition B contradicts Assumption A.

Steps:
1. A defends a claim (strip ""no_evident_not_"" / ""have_evident_"" to see it).
2. B states a fact.
3. Does B disprove A's claim? Same specific issue only, not just same topic.

Output pattern (always use this exact shape):
A: <phrase>
B: <phrase>
Answer: Yes/No

Examples:

A: no_evident_not_easy_check-in
B: customer_wait_10_minute_for_greet
Answer: Yes

A: no_evident_not_easy_check-in
B: no_one_give_key_on_late_check-in
Answer: No

A: no_evident_not_great_quality
B: shampoo_seem_cheap_considering_hotel_cost
Answer: Yes

A: no_evident_not_great_quality
B: expensive_hotel
Answer: No

Now answer for this pair. Output ONLY the final line ""Answer: Yes"" or ""Answer: No"" — no other text.

A: no_evident_not_nice_facility
B: feel_like_home_hotel
Answer:
","A: no_evident_not_nice_facility
B: feel_like_home_hotel
Answer: Yes"
2026-08-16 22:20:09,3,30655,no_evident_not_stylish_hotel,brand_new_hotel,"Task: decide if Proposition B contradicts Assumption A.

Steps:
1. A defends a claim (strip ""no_evident_not_"" / ""have_evident_"" to see it).
2. B states a fact.
3. Does B disprove A's claim? Same specific issue only, not just same topic.

Output pattern (always use this exact shape):
A: <phrase>
B: <phrase>
Answer: Yes/No

Examples:

A: no_evident_not_easy_check-in
B: customer_wait_10_minute_for_greet
Answer: Yes

A: no_evident_not_easy_check-in
B: no_one_give_key_on_late_check-in
Answer: No

A: no_evident_not_great_quality
B: shampoo_seem_cheap_considering_hotel_cost
Answer: Yes

A: no_evident_not_great_quality
B: expensive_hotel
Answer: No

Now answer for this pair. Output ONLY the final line ""Answer: Yes"" or ""Answer: No"" — no other text.

A: no_evident_not_stylish_hotel
B: brand_new_hotel
Answer:
","A: no_evident_not_stylish_hotel
B: brand_new_hotel
Answer: No"
2026-08-16 22:20:10,3,28914,no_evident_not_comfortable_street_terrace,front_to_unwind_evening,"Task: decide if Proposition B contradicts Assumption A.

Steps:
1. A defends a claim (strip ""no_evident_not_"" / ""have_evident_"" to see it).
2. B states a fact.
3. Does B disprove A's claim? Same specific issue only, not just same topic.

Output pattern (always use this exact shape):
A: <phrase>
B: <phrase>
Answer: Yes/No

Examples:

A: no_evident_not_easy_check-in
B: customer_wait_10_minute_for_greet
Answer: Yes

A: no_evident_not_easy_check-in
B: no_one_give_key_on_late_check-in
Answer: No

A: no_evident_not_great_quality
B: shampoo_seem_cheap_considering_hotel_cost
Answer: Yes

A: no_evident_not_great_quality
B: expensive_hotel
Answer: No

Now answer for this pair. Output ONLY the final line ""Answer: Yes"" or ""Answer: No"" — no other text.

A: no_evident_not_comfortable_street_terrace
B: front_to_unwind_evening
Answer:
","A: no_evident_not_comfortable_street_terrace
B: front_to_unwind_evening
Answer: No"
2026-08-16 22:20:10,3,18712,no_evident_not_clean_facility,surprise_with_swimming_pool,"Task: decide if Proposition B contradicts Assumption A.

Steps:
1. A defends a claim (strip ""no_evident_not_"" / ""have_evident_"" to see it).
2. B states a fact.
3. Does B disprove A's claim? Same specific issue only, not just same topic.

Output pattern (always use this exact shape):
A: <phrase>
B: <phrase>
Answer: Yes/No

Examples:

A: no_evident_not_easy_check-in
B: customer_wait_10_minute_for_greet
Answer: Yes

A: no_evident_not_easy_check-in
B: no_one_give_key_on_late_check-in
Answer: No

A: no_evident_not_great_quality
B: shampoo_seem_cheap_considering_hotel_cost
Answer: Yes

A: no_evident_not_great_quality
B: expensive_hotel
Answer: No

Now answer for this pair. Output ONLY the final line ""Answer: Yes"" or ""Answer: No"" — no other text.

A: no_evident_not_clean_facility
B: surprise_with_swimming_pool
Answer:
","A: no_evident_not_clean_facility
B: surprise_with_swimming_pool
Answer: No"
2026-08-16 22:20:10,3,18882,no_evident_not_brand_new_fitting,clean_hall,"Task: decide if Proposition B contradicts Assumption A.

Steps:
1. A defends a claim (strip ""no_evident_not_"" / ""have_evident_"" to see it).
2. B states a fact.
3. Does B disprove A's claim? Same specific issue only, not just same topic.

Output pattern (always use this exact shape):
A: <phrase>
B: <phrase>
Answer: Yes/No

Examples:

A: no_evident_not_easy_check-in
B: customer_wait_10_minute_for_greet
Answer: Yes

A: no_evident_not_easy_check-in
B: no_one_give_key_on_late_check-in
Answer: No

A: no_evident_not_great_quality
B: shampoo_seem_cheap_considering_hotel_cost
Answer: Yes

A: no_evident_not_great_quality
B: expensive_hotel
Answer: No

Now answer for this pair. Output ONLY the final line ""Answer: Yes"" or ""Answer: No"" — no other text.

A: no_evident_not_brand_new_fitting
B: clean_hall
Answer:
","A: no_evident_not_brand_new_fitting
B: clean_hall
Answer: No"
2026-08-16 22:20:11,3,15489,no_evident_not_excellent_inside,up_to_4*_standard,"Task: decide if Proposition B contradicts Assumption A.

Steps:
1. A defends a claim (strip ""no_evident_not_"" / ""have_evident_"" to see it).
2. B states a fact.
3. Does B disprove A's claim? Same specific issue only, not just same topic.

Output pattern (always use this exact shape):
A: <phrase>
B: <phrase>
Answer: Yes/No

Examples:

A: no_evident_not_easy_check-in
B: customer_wait_10_minute_for_greet
Answer: Yes

A: no_evident_not_easy_check-in
B: no_one_give_key_on_late_check-in
Answer: No

A: no_evident_not_great_quality
B: shampoo_seem_cheap_considering_hotel_cost
Answer: Yes

A: no_evident_not_great_quality
B: expensive_hotel
Answer: No

Now answer for this pair. Output ONLY the final line ""Answer: Yes"" or ""Answer: No"" — no other text.

A: no_evident_not_excellent_inside
B: up_to_4*_standard
Answer:
","A: no_evident_not_excellent_inside
B: up_to_4*_standard
Answer: Yes"
2026-08-16 22:20:11,3,7963,no_evident_not_offered_food,beautiful_hotel,"Task: decide if Proposition B contradicts Assumption A.

Steps:
1. A defends a claim (strip ""no_evident_not_"" / ""have_evident_"" to see it).
2. B states a fact.
3. Does B disprove A's claim? Same specific issue only, not just same topic.

Output pattern (always use this exact shape):
A: <phrase>
B: <phrase>
Answer: Yes/No

Examples:

A: no_evident_not_easy_check-in
B: customer_wait_10_minute_for_greet
Answer: Yes

A: no_evident_not_easy_check-in
B: no_one_give_key_on_late_check-in
Answer: No

A: no_evident_not_great_quality
B: shampoo_seem_cheap_considering_hotel_cost
Answer: Yes

A: no_evident_not_great_quality
B: expensive_hotel
Answer: No

Now answer for this pair. Output ONLY the final line ""Answer: Yes"" or ""Answer: No"" — no other text.

A: no_evident_not_offered_food
B: beautiful_hotel
Answer:
",Answer: No
2026-08-16 22:20:11,3,25711,no_evident_not_newly_refurbished_hotel,innovative_hotel,"Task: decide if Proposition B contradicts Assumption A.

Steps:
1. A defends a claim (strip ""no_evident_not_"" / ""have_evident_"" to see it).
2. B states a fact.
3. Does B disprove A's claim? Same specific issue only, not just same topic.

Output pattern (always use this exact shape):
A: <phrase>
B: <phrase>
Answer: Yes/No

Examples:

A: no_evident_not_easy_check-in
B: customer_wait_10_minute_for_greet
Answer: Yes

A: no_evident_not_easy_check-in
B: no_one_give_key_on_late_check-in
Answer: No

A: no_evident_not_great_quality
B: shampoo_seem_cheap_considering_hotel_cost
Answer: Yes

A: no_evident_not_great_quality
B: expensive_hotel
Answer: No

Now answer for this pair. Output ONLY the final line ""Answer: Yes"" or ""Answer: No"" — no other text.

A: no_evident_not_newly_refurbished_hotel
B: innovative_hotel
Answer:
","A: no_evident_not_newly_refurbished_hotel
B: innovative_hotel
Answer: Yes"
2026-08-16 22:20:12,3,15499,no_evident_not_excellent_inside,lovely_little_hotel,"Task: decide if Proposition B contradicts Assumption A.

Steps:
1. A defends a claim (strip ""no_evident_not_"" / ""have_evident_"" to see it).
2. B states a fact.
3. Does B disprove A's claim? Same specific issue only, not just same topic.

Output pattern (always use this exact shape):
A: <phrase>
B: <phrase>
Answer: Yes/No

Examples:

A: no_evident_not_easy_check-in
B: customer_wait_10_minute_for_greet
Answer: Yes

A: no_evident_not_easy_check-in
B: no_one_give_key_on_late_check-in
Answer: No

A: no_evident_not_great_quality
B: shampoo_seem_cheap_considering_hotel_cost
Answer: Yes

A: no_evident_not_great_quality
B: expensive_hotel
Answer: No

Now answer for this pair. Output ONLY the final line ""Answer: Yes"" or ""Answer: No"" — no other text.

A: no_evident_not_excellent_inside
B: lovely_little_hotel
Answer:
","A: no_evident_not_excellent_inside
B: lovely_little_hotel
Answer: No"
2026-08-16 22:20:12,3,26461,no_evident_not_neat_hotel,new_hotel,"Task: decide if Proposition B contradicts Assumption A.

Steps:
1. A defends a claim (strip ""no_evident_not_"" / ""have_evident_"" to see it).
2. B states a fact.
3. Does B disprove A's claim? Same specific issue only, not just same topic.

Output pattern (always use this exact shape):
A: <phrase>
B: <phrase>
Answer: Yes/No

Examples:

A: no_evident_not_easy_check-in
B: customer_wait_10_minute_for_greet
Answer: Yes

A: no_evident_not_easy_check-in
B: no_one_give_key_on_late_check-in
Answer: No

A: no_evident_not_great_quality
B: shampoo_seem_cheap_considering_hotel_cost
Answer: Yes

A: no_evident_not_great_quality
B: expensive_hotel
Answer: No

Now answer for this pair. Output ONLY the final line ""Answer: Yes"" or ""Answer: No"" — no other text.

A: no_evident_not_neat_hotel
B: new_hotel
Answer:
","A: no_evident_not_neat_hotel
B: new_hotel
Answer: No"
2026-08-16 22:20:12,3,13339,no_evident_not_no_extra_charge_for_dog,lovely_little_hotel,"Task: decide if Proposition B contradicts Assumption A.

Steps:
1. A defends a claim (strip ""no_evident_not_"" / ""have_evident_"" to see it).
2. B states a fact.
3. Does B disprove A's claim? Same specific issue only, not just same topic.

Output pattern (always use this exact shape):
A: <phrase>
B: <phrase>
Answer: Yes/No

Examples:

A: no_evident_not_easy_check-in
B: customer_wait_10_minute_for_greet
Answer: Yes

A: no_evident_not_easy_check-in
B: no_one_give_key_on_late_check-in
Answer: No

A: no_evident_not_great_quality
B: shampoo_seem_cheap_considering_hotel_cost
Answer: Yes

A: no_evident_not_great_quality
B: expensive_hotel
Answer: No

Now answer for this pair. Output ONLY the final line ""Answer: Yes"" or ""Answer: No"" — no other text.

A: no_evident_not_no_extra_charge_for_dog
B: lovely_little_hotel
Answer:
","A: no_evident_not_no_extra_charge_for_dog
B: no_one_give_key_on_late_check-in
Answer: No"
2026-08-16 22:20:13,3,6240,no_evident_not_fantastic_service,light_hotel,"Task: decide if Proposition B contradicts Assumption A.

Steps:
1. A defends a claim (strip ""no_evident_not_"" / ""have_evident_"" to see it).
2. B states a fact.
3. Does B disprove A's claim? Same specific issue only, not just same topic.

Output pattern (always use this exact shape):
A: <phrase>
B: <phrase>
Answer: Yes/No

Examples:

A: no_evident_not_easy_check-in
B: customer_wait_10_minute_for_greet
Answer: Yes

A: no_evident_not_easy_check-in
B: no_one_give_key_on_late_check-in
Answer: No

A: no_evident_not_great_quality
B: shampoo_seem_cheap_considering_hotel_cost
Answer: Yes

A: no_evident_not_great_quality
B: expensive_hotel
Answer: No

Now answer for this pair. Output ONLY the final line ""Answer: Yes"" or ""Answer: No"" — no other text.

A: no_evident_not_fantastic_service
B: light_hotel
Answer:
","A: no_evident_not_fantastic_service
B: light_hotel
Answer: Yes"
2026-08-16 22:20:13,3,3091,no_evident_not_has_plenty_of_chair,everything_beautiful,"Task: decide if Proposition B contradicts Assumption A.

Steps:
1. A defends a claim (strip ""no_evident_not_"" / ""have_evident_"" to see it).
2. B states a fact.
3. Does B disprove A's claim? Same specific issue only, not just same topic.

Output pattern (always use this exact shape):
A: <phrase>
B: <phrase>
Answer: Yes/No

Examples:

A: no_evident_not_easy_check-in
B: customer_wait_10_minute_for_greet
Answer: Yes

A: no_evident_not_easy_check-in
B: no_one_give_key_on_late_check-in
Answer: No

A: no_evident_not_great_quality
B: shampoo_seem_cheap_considering_hotel_cost
Answer: Yes

A: no_evident_not_great_quality
B: expensive_hotel
Answer: No

Now answer for this pair. Output ONLY the final line ""Answer: Yes"" or ""Answer: No"" — no other text.

A: no_evident_not_has_plenty_of_chair
B: everything_beautiful
Answer:
","A: no_evident_not_has_plenty_of_chair
B: everything_beautiful
Answer: No"
2026-08-16 22:20:13,3,3177,no_evident_not_has_plenty_of_chair,spotless_hotel,"Task: decide if Proposition B contradicts Assumption A.

Steps:
1. A defends a claim (strip ""no_evident_not_"" / ""have_evident_"" to see it).
2. B states a fact.
3. Does B disprove A's claim? Same specific issue only, not just same topic.

Output pattern (always use this exact shape):
A: <phrase>
B: <phrase>
Answer: Yes/No

Examples:

A: no_evident_not_easy_check-in
B: customer_wait_10_minute_for_greet
Answer: Yes

A: no_evident_not_easy_check-in
B: no_one_give_key_on_late_check-in
Answer: No

A: no_evident_not_great_quality
B: shampoo_seem_cheap_considering_hotel_cost
Answer: Yes

A: no_evident_not_great_quality
B: expensive_hotel
Answer: No

Now answer for this pair. Output ONLY the final line ""Answer: Yes"" or ""Answer: No"" — no other text.

A: no_evident_not_has_plenty_of_chair
B: spotless_hotel
Answer:
","A: no_evident_not_has_plenty_of_chair
B: spotless_hotel
Answer: No"
2026-08-16 22:20:14,3,21594,no_evident_not_light_hotel,completely_redone_hotel,"Task: decide if Proposition B contradicts Assumption A.

Steps:
1. A defends a claim (strip ""no_evident_not_"" / ""have_evident_"" to see it).
2. B states a fact.
3. Does B disprove A's claim? Same specific issue only, not just same topic.

Output pattern (always use this exact shape):
A: <phrase>
B: <phrase>
Answer: Yes/No

Examples:

A: no_evident_not_easy_check-in
B: customer_wait_10_minute_for_greet
Answer: Yes

A: no_evident_not_easy_check-in
B: no_one_give_key_on_late_check-in
Answer: No

A: no_evident_not_great_quality
B: shampoo_seem_cheap_considering_hotel_cost
Answer: Yes

A: no_evident_not_great_quality
B: expensive_hotel
Answer: No

Now answer for this pair. Output ONLY the final line ""Answer: Yes"" or ""Answer: No"" — no other text.

A: no_evident_not_light_hotel
B: completely_redone_hotel
Answer:
","A: no_evident_not_light_hotel
B: completely_redone_hotel
Answer: Yes"
2026-08-16 22:20:14,3,14125,no_evident_not_nice_small_hotel,comfortable_atmosphere,"Task: decide if Proposition B contradicts Assumption A.

Steps:
1. A defends a claim (strip ""no_evident_not_"" / ""have_evident_"" to see it).
2. B states a fact.
3. Does B disprove A's claim? Same specific issue only, not just same topic.

Output pattern (always use this exact shape):
A: <phrase>
B: <phrase>
Answer: Yes/No

Examples:

A: no_evident_not_easy_check-in
B: customer_wait_10_minute_for_greet
Answer: Yes

A: no_evident_not_easy_check-in
B: no_one_give_key_on_late_check-in
Answer: No

A: no_evident_not_great_quality
B: shampoo_seem_cheap_considering_hotel_cost
Answer: Yes

A: no_evident_not_great_quality
B: expensive_hotel
Answer: No

Now answer for this pair. Output ONLY the final line ""Answer: Yes"" or ""Answer: No"" — no other text.

A: no_evident_not_nice_small_hotel
B: comfortable_atmosphere
Answer:
","A: no_evident_not_nice_small_hotel
B: comfortable_atmosphere
Answer: No"
2026-08-16 22:20:14,3,11610,no_evident_not_nice_boutique_hotel,clear_decoration,"Task: decide if Proposition B contradicts Assumption A.

Steps:
1. A defends a claim (strip ""no_evident_not_"" / ""have_evident_"" to see it).
2. B states a fact.
3. Does B disprove A's claim? Same specific issue only, not just same topic.

Output pattern (always use this exact shape):
A: <phrase>
B: <phrase>
Answer: Yes/No

Examples:

A: no_evident_not_easy_check-in
B: customer_wait_10_minute_for_greet
Answer: Yes

A: no_evident_not_easy_check-in
B: no_one_give_key_on_late_check-in
Answer: No

A: no_evident_not_great_quality
B: shampoo_seem_cheap_considering_hotel_cost
Answer: Yes

A: no_evident_not_great_quality
B: expensive_hotel
Answer: No

Now answer for this pair. Output ONLY the final line ""Answer: Yes"" or ""Answer: No"" — no other text.

A: no_evident_not_nice_boutique_hotel
B: clear_decoration
Answer:
",Answer: No
2026-08-16 22:20:14,3,13880,no_evident_not_lovely_family_hotel,modern_facility,"Task: decide if Proposition B contradicts Assumption A.

Steps:
1. A defends a claim (strip ""no_evident_not_"" / ""have_evident_"" to see it).
2. B states a fact.
3. Does B disprove A's claim? Same specific issue only, not just same topic.

Output pattern (always use this exact shape):
A: <phrase>
B: <phrase>
Answer: Yes/No

Examples:

A: no_evident_not_easy_check-in
B: customer_wait_10_minute_for_greet
Answer: Yes

A: no_evident_not_easy_check-in
B: no_one_give_key_on_late_check-in
Answer: No

A: no_evident_not_great_quality
B: shampoo_seem_cheap_considering_hotel_cost
Answer: Yes

A: no_evident_not_great_quality
B: expensive_hotel
Answer: No

Now answer for this pair. Output ONLY the final line ""Answer: Yes"" or ""Answer: No"" — no other text.

A: no_evident_not_lovely_family_hotel
B: modern_facility
Answer:
","A: no_evident_not_lovely_family_hotel
B: modern_facility
Answer: No"
2026-08-16 22:20:15,3,13471,no_evident_not_no_extra_charge_for_dog,innovative_hotel,"Task: decide if Proposition B contradicts Assumption A.

Steps:
1. A defends a claim (strip ""no_evident_not_"" / ""have_evident_"" to see it).
2. B states a fact.
3. Does B disprove A's claim? Same specific issue only, not just same topic.

Output pattern (always use this exact shape):
A: <phrase>
B: <phrase>
Answer: Yes/No

Examples:

A: no_evident_not_easy_check-in
B: customer_wait_10_minute_for_greet
Answer: Yes

A: no_evident_not_easy_check-in
B: no_one_give_key_on_late_check-in
Answer: No

A: no_evident_not_great_quality
B: shampoo_seem_cheap_considering_hotel_cost
Answer: Yes

A: no_evident_not_great_quality
B: expensive_hotel
Answer: No

Now answer for this pair. Output ONLY the final line ""Answer: Yes"" or ""Answer: No"" — no other text.

A: no_evident_not_no_extra_charge_for_dog
B: innovative_hotel
Answer:
","A: no_evident_not_no_extra_charge_for_dog
B: some_hotel_charge_dog
Answer: Yes"
2026-08-16 22:20:15,3,15304,no_evident_not_family_run_hotel,cozy_hotel,"Task: decide if Proposition B contradicts Assumption A.

Steps:
1. A defends a claim (strip ""no_evident_not_"" / ""have_evident_"" to see it).
2. B states a fact.
3. Does B disprove A's claim? Same specific issue only, not just same topic.

Output pattern (always use this exact shape):
A: <phrase>
B: <phrase>
Answer: Yes/No

Examples:

A: no_evident_not_easy_check-in
B: customer_wait_10_minute_for_greet
Answer: Yes

A: no_evident_not_easy_check-in
B: no_one_give_key_on_late_check-in
Answer: No

A: no_evident_not_great_quality
B: shampoo_seem_cheap_considering_hotel_cost
Answer: Yes

A: no_evident_not_great_quality
B: expensive_hotel
Answer: No

Now answer for this pair. Output ONLY the final line ""Answer: Yes"" or ""Answer: No"" — no other text.

A: no_evident_not_family_run_hotel
B: cozy_hotel
Answer:
",Answer: No
2026-08-16 22:20:15,3,28307,no_evident_not_has_place_to_park_car,no_complaint_about_hotel,"Task: decide if Proposition B contradicts Assumption A.

Steps:
1. A defends a claim (strip ""no_evident_not_"" / ""have_evident_"" to see it).
2. B states a fact.
3. Does B disprove A's claim? Same specific issue only, not just same topic.

Output pattern (always use this exact shape):
A: <phrase>
B: <phrase>
Answer: Yes/No

Examples:

A: no_evident_not_easy_check-in
B: customer_wait_10_minute_for_greet
Answer: Yes

A: no_evident_not_easy_check-in
B: no_one_give_key_on_late_check-in
Answer: No

A: no_evident_not_great_quality
B: shampoo_seem_cheap_considering_hotel_cost
Answer: Yes

A: no_evident_not_great_quality
B: expensive_hotel
Answer: No

Now answer for this pair. Output ONLY the final line ""Answer: Yes"" or ""Answer: No"" — no other text.

A: no_evident_not_has_place_to_park_car
B: no_complaint_about_hotel
Answer:
","A: no_evident_not_has_place_to_park_car
B: no_complaint_about_hotel
Answer: No"
2026-08-16 22:20:15,3,23891,no_evident_not_new_reception,furnished_hotel,"Task: decide if Proposition B contradicts Assumption A.

Steps:
1. A defends a claim (strip ""no_evident_not_"" / ""have_evident_"" to see it).
2. B states a fact.
3. Does B disprove A's claim? Same specific issue only, not just same topic.

Output pattern (always use this exact shape):
A: <phrase>
B: <phrase>
Answer: Yes/No

Examples:

A: no_evident_not_easy_check-in
B: customer_wait_10_minute_for_greet
Answer: Yes

A: no_evident_not_easy_check-in
B: no_one_give_key_on_late_check-in
Answer: No

A: no_evident_not_great_quality
B: shampoo_seem_cheap_considering_hotel_cost
Answer: Yes

A: no_evident_not_great_quality
B: expensive_hotel
Answer: No

Now answer for this pair. Output ONLY the final line ""Answer: Yes"" or ""Answer: No"" — no other text.

A: no_evident_not_new_reception
B: furnished_hotel
Answer:
","A: no_evident_not_new_reception
B: furnished_hotel
Answer: Yes"
2026-08-16 22:20:16,3,1776,no_evident_not_welcoming_entrance,family_hotel,"Task: decide if Proposition B contradicts Assumption A.

Steps:
1. A defends a claim (strip ""no_evident_not_"" / ""have_evident_"" to see it).
2. B states a fact.
3. Does B disprove A's claim? Same specific issue only, not just same topic.

Output pattern (always use this exact shape):
A: <phrase>
B: <phrase>
Answer: Yes/No

Examples:

A: no_evident_not_easy_check-in
B: customer_wait_10_minute_for_greet
Answer: Yes

A: no_evident_not_easy_check-in
B: no_one_give_key_on_late_check-in
Answer: No

A: no_evident_not_great_quality
B: shampoo_seem_cheap_considering_hotel_cost
Answer: Yes

A: no_evident_not_great_quality
B: expensive_hotel
Answer: No

Now answer for this pair. Output ONLY the final line ""Answer: Yes"" or ""Answer: No"" — no other text.

A: no_evident_not_welcoming_entrance
B: family_hotel
Answer:
","A: no_evident_not_welcoming_entrance
B: family_hotel
Answer: No"
2026-08-16 22:20:16,3,22065,no_evident_not_feel_like_home_hotel,brand_new_fitting,"Task: decide if Proposition B contradicts Assumption A.

Steps:
1. A defends a claim (strip ""no_evident_not_"" / ""have_evident_"" to see it).
2. B states a fact.
3. Does B disprove A's claim? Same specific issue only, not just same topic.

Output pattern (always use this exact shape):
A: <phrase>
B: <phrase>
Answer: Yes/No

Examples:

A: no_evident_not_easy_check-in
B: customer_wait_10_minute_for_greet
Answer: Yes

A: no_evident_not_easy_check-in
B: no_one_give_key_on_late_check-in
Answer: No

A: no_evident_not_great_quality
B: shampoo_seem_cheap_considering_hotel_cost
Answer: Yes

A: no_evident_not_great_quality
B: expensive_hotel
Answer: No

Now answer for this pair. Output ONLY the final line ""Answer: Yes"" or ""Answer: No"" — no other text.

A: no_evident_not_feel_like_home_hotel
B: brand_new_fitting
Answer:
","A: no_evident_not_feel_like_home_hotel
B: brand_new_fitting
Answer: No"
2026-08-16 22:20:16,3,21413,no_evident_not_airy_hotel,has_swimming_pool,"Task: decide if Proposition B contradicts Assumption A.

Steps:
1. A defends a claim (strip ""no_evident_not_"" / ""have_evident_"" to see it).
2. B states a fact.
3. Does B disprove A's claim? Same specific issue only, not just same topic.

Output pattern (always use this exact shape):
A: <phrase>
B: <phrase>
Answer: Yes/No

Examples:

A: no_evident_not_easy_check-in
B: customer_wait_10_minute_for_greet
Answer: Yes

A: no_evident_not_easy_check-in
B: no_one_give_key_on_late_check-in
Answer: No

A: no_evident_not_great_quality
B: shampoo_seem_cheap_considering_hotel_cost
Answer: Yes

A: no_evident_not_great_quality
B: expensive_hotel
Answer: No

Now answer for this pair. Output ONLY the final line ""Answer: Yes"" or ""Answer: No"" — no other text.

A: no_evident_not_airy_hotel
B: has_swimming_pool
Answer:
","A: no_evident_not_airy_hotel
B: has_swimming_pool
Answer: No"
2026-08-16 22:20:17,3,32250,no_evident_not_cozy_atmosphere,everything_new,"Task: decide if Proposition B contradicts Assumption A.

Steps:
1. A defends a claim (strip ""no_evident_not_"" / ""have_evident_"" to see it).
2. B states a fact.
3. Does B disprove A's claim? Same specific issue only, not just same topic.

Output pattern (always use this exact shape):
A: <phrase>
B: <phrase>
Answer: Yes/No

Examples:

A: no_evident_not_easy_check-in
B: customer_wait_10_minute_for_greet
Answer: Yes

A: no_evident_not_easy_check-in
B: no_one_give_key_on_late_check-in
Answer: No

A: no_evident_not_great_quality
B: shampoo_seem_cheap_considering_hotel_cost
Answer: Yes

A: no_evident_not_great_quality
B: expensive_hotel
Answer: No

Now answer for this pair. Output ONLY the final line ""Answer: Yes"" or ""Answer: No"" — no other text.

A: no_evident_not_cozy_atmosphere
B: everything_new
Answer:
","A: no_evident_not_cozy_atmosphere
B: everything_new
Answer: No"
2026-08-16 22:20:17,3,21175,no_evident_not_free_parking,pet_friendly,"Task: decide if Proposition B contradicts Assumption A.

Steps:
1. A defends a claim (strip ""no_evident_not_"" / ""have_evident_"" to see it).
2. B states a fact.
3. Does B disprove A's claim? Same specific issue only, not just same topic.

Output pattern (always use this exact shape):
A: <phrase>
B: <phrase>
Answer: Yes/No

Examples:

A: no_evident_not_easy_check-in
B: customer_wait_10_minute_for_greet
Answer: Yes

A: no_evident_not_easy_check-in
B: no_one_give_key_on_late_check-in
Answer: No

A: no_evident_not_great_quality
B: shampoo_seem_cheap_considering_hotel_cost
Answer: Yes

A: no_evident_not_great_quality
B: expensive_hotel
Answer: No

Now answer for this pair. Output ONLY the final line ""Answer: Yes"" or ""Answer: No"" — no other text.

A: no_evident_not_free_parking
B: pet_friendly
Answer:
",Answer: No
2026-08-16 22:20:17,3,3225,no_evident_not_has_plenty_of_chair,homely_atmosphere,"Task: decide if Proposition B contradicts Assumption A.

Steps:
1. A defends a claim (strip ""no_evident_not_"" / ""have_evident_"" to see it).
2. B states a fact.
3. Does B disprove A's claim? Same specific issue only, not just same topic.

Output pattern (always use this exact shape):
A: <phrase>
B: <phrase>
Answer: Yes/No

Examples:

A: no_evident_not_easy_check-in
B: customer_wait_10_minute_for_greet
Answer: Yes

A: no_evident_not_easy_check-in
B: no_one_give_key_on_late_check-in
Answer: No

A: no_evident_not_great_quality
B: shampoo_seem_cheap_considering_hotel_cost
Answer: Yes

A: no_evident_not_great_quality
B: expensive_hotel
Answer: No

Now answer for this pair. Output ONLY the final line ""Answer: Yes"" or ""Answer: No"" — no other text.

A: no_evident_not_has_plenty_of_chair
B: homely_atmosphere
Answer:
","A: no_evident_not_has_plenty_of_chair
B: homely_atmosphere
Answer: Yes"
2026-08-16 22:20:17,3,1987,no_evident_not_peaceful_facility,renovated_hotel,"Task: decide if Proposition B contradicts Assumption A.

Steps:
1. A defends a claim (strip ""no_evident_not_"" / ""have_evident_"" to see it).
2. B states a fact.
3. Does B disprove A's claim? Same specific issue only, not just same topic.

Output pattern (always use this exact shape):
A: <phrase>
B: <phrase>
Answer: Yes/No

Examples:

A: no_evident_not_easy_check-in
B: customer_wait_10_minute_for_greet
Answer: Yes

A: no_evident_not_easy_check-in
B: no_one_give_key_on_late_check-in
Answer: No

A: no_evident_not_great_quality
B: shampoo_seem_cheap_considering_hotel_cost
Answer: Yes

A: no_evident_not_great_quality
B: expensive_hotel
Answer: No

Now answer for this pair. Output ONLY the final line ""Answer: Yes"" or ""Answer: No"" — no other text.

A: no_evident_not_peaceful_facility
B: renovated_hotel
Answer:
","A: no_evident_not_peaceful_facility
B: renovated_hotel
Answer: No"
2026-08-16 22:20:18,3,13194,no_evident_not_pet_friendly_hotel,comfortable_lobby,"Task: decide if Proposition B contradicts Assumption A.

Steps:
1. A defends a claim (strip ""no_evident_not_"" / ""have_evident_"" to see it).
2. B states a fact.
3. Does B disprove A's claim? Same specific issue only, not just same topic.

Output pattern (always use this exact shape):
A: <phrase>
B: <phrase>
Answer: Yes/No

Examples:

A: no_evident_not_easy_check-in
B: customer_wait_10_minute_for_greet
Answer: Yes

A: no_evident_not_easy_check-in
B: no_one_give_key_on_late_check-in
Answer: No

A: no_evident_not_great_quality
B: shampoo_seem_cheap_considering_hotel_cost
Answer: Yes

A: no_evident_not_great_quality
B: expensive_hotel
Answer: No

Now answer for this pair. Output ONLY the final line ""Answer: Yes"" or ""Answer: No"" — no other text.

A: no_evident_not_pet_friendly_hotel
B: comfortable_lobby
Answer:
",Answer: No
2026-08-16 22:20:18,3,23863,no_evident_not_new_reception,hotel_received_package_prior_arrival,"Task: decide if Proposition B contradicts Assumption A.

Steps:
1. A defends a claim (strip ""no_evident_not_"" / ""have_evident_"" to see it).
2. B states a fact.
3. Does B disprove A's claim? Same specific issue only, not just same topic.

Output pattern (always use this exact shape):
A: <phrase>
B: <phrase>
Answer: Yes/No

Examples:

A: no_evident_not_easy_check-in
B: customer_wait_10_minute_for_greet
Answer: Yes

A: no_evident_not_easy_check-in
B: no_one_give_key_on_late_check-in
Answer: No

A: no_evident_not_great_quality
B: shampoo_seem_cheap_considering_hotel_cost
Answer: Yes

A: no_evident_not_great_quality
B: expensive_hotel
Answer: No

Now answer for this pair. Output ONLY the final line ""Answer: Yes"" or ""Answer: No"" — no other text.

A: no_evident_not_new_reception
B: hotel_received_package_prior_arrival
Answer:
","A: no_evident_not_new_reception
B: hotel_received_package_prior_arrival
Answer: Yes"
2026-08-16 22:20:18,3,11119,no_evident_not_flexible_with_our_schedule,cozy_terrace,"Task: decide if Proposition B contradicts Assumption A.

Steps:
1. A defends a claim (strip ""no_evident_not_"" / ""have_evident_"" to see it).
2. B states a fact.
3. Does B disprove A's claim? Same specific issue only, not just same topic.

Output pattern (always use this exact shape):
A: <phrase>
B: <phrase>
Answer: Yes/No

Examples:

A: no_evident_not_easy_check-in
B: customer_wait_10_minute_for_greet
Answer: Yes

A: no_evident_not_easy_check-in
B: no_one_give_key_on_late_check-in
Answer: No

A: no_evident_not_great_quality
B: shampoo_seem_cheap_considering_hotel_cost
Answer: Yes

A: no_evident_not_great_quality
B: expensive_hotel
Answer: No

Now answer for this pair. Output ONLY the final line ""Answer: Yes"" or ""Answer: No"" — no other text.

A: no_evident_not_flexible_with_our_schedule
B: cozy_terrace
Answer:
","A: no_evident_not_flexible_with_our_schedule
B: no_one_book_certainly_more_than_one_day
Answer: Yes"
2026-08-16 22:20:18,3,26234,no_evident_not_have_parking,clean_reception,"Task: decide if Proposition B contradicts Assumption A.

Steps:
1. A defends a claim (strip ""no_evident_not_"" / ""have_evident_"" to see it).
2. B states a fact.
3. Does B disprove A's claim? Same specific issue only, not just same topic.

Output pattern (always use this exact shape):
A: <phrase>
B: <phrase>
Answer: Yes/No

Examples:

A: no_evident_not_easy_check-in
B: customer_wait_10_minute_for_greet
Answer: Yes

A: no_evident_not_easy_check-in
B: no_one_give_key_on_late_check-in
Answer: No

A: no_evident_not_great_quality
B: shampoo_seem_cheap_considering_hotel_cost
Answer: Yes

A: no_evident_not_great_quality
B: expensive_hotel
Answer: No

Now answer for this pair. Output ONLY the final line ""Answer: Yes"" or ""Answer: No"" — no other text.

A: no_evident_not_have_parking
B: clean_reception
Answer:
",Answer: No
2026-08-16 22:20:19,3,28236,no_evident_not_welcoming_environment,family_hotel,"Task: decide if Proposition B contradicts Assumption A.

Steps:
1. A defends a claim (strip ""no_evident_not_"" / ""have_evident_"" to see it).
2. B states a fact.
3. Does B disprove A's claim? Same specific issue only, not just same topic.

Output pattern (always use this exact shape):
A: <phrase>
B: <phrase>
Answer: Yes/No

Examples:

A: no_evident_not_easy_check-in
B: customer_wait_10_minute_for_greet
Answer: Yes

A: no_evident_not_easy_check-in
B: no_one_give_key_on_late_check-in
Answer: No

A: no_evident_not_great_quality
B: shampoo_seem_cheap_considering_hotel_cost
Answer: Yes

A: no_evident_not_great_quality
B: expensive_hotel
Answer: No

Now answer for this pair. Output ONLY the final line ""Answer: Yes"" or ""Answer: No"" — no other text.

A: no_evident_not_welcoming_environment
B: family_hotel
Answer:
","A: no_evident_not_welcoming_environment
B: family_hotel
Answer: No"
2026-08-16 22:20:19,3,3581,no_evident_not_modern_facility,comfortable_street_terrace,"Task: decide if Proposition B contradicts Assumption A.

Steps:
1. A defends a claim (strip ""no_evident_not_"" / ""have_evident_"" to see it).
2. B states a fact.
3. Does B disprove A's claim? Same specific issue only, not just same topic.

Output pattern (always use this exact shape):
A: <phrase>
B: <phrase>
Answer: Yes/No

Examples:

A: no_evident_not_easy_check-in
B: customer_wait_10_minute_for_greet
Answer: Yes

A: no_evident_not_easy_check-in
B: no_one_give_key_on_late_check-in
Answer: No

A: no_evident_not_great_quality
B: shampoo_seem_cheap_considering_hotel_cost
Answer: Yes

A: no_evident_not_great_quality
B: expensive_hotel
Answer: No

Now answer for this pair. Output ONLY the final line ""Answer: Yes"" or ""Answer: No"" — no other text.

A: no_evident_not_modern_facility
B: comfortable_street_terrace
Answer:
","A: no_evident_not_modern_facility
B: comfortable_street_terrace
Answer: No"
2026-08-16 22:20:19,3,8148,no_evident_not_offered_drink,fresh_hotel,"Task: decide if Proposition B contradicts Assumption A.

Steps:
1. A defends a claim (strip ""no_evident_not_"" / ""have_evident_"" to see it).
2. B states a fact.
3. Does B disprove A's claim? Same specific issue only, not just same topic.

Output pattern (always use this exact shape):
A: <phrase>
B: <phrase>
Answer: Yes/No

Examples:

A: no_evident_not_easy_check-in
B: customer_wait_10_minute_for_greet
Answer: Yes

A: no_evident_not_easy_check-in
B: no_one_give_key_on_late_check-in
Answer: No

A: no_evident_not_great_quality
B: shampoo_seem_cheap_considering_hotel_cost
Answer: Yes

A: no_evident_not_great_quality
B: expensive_hotel
Answer: No

Now answer for this pair. Output ONLY the final line ""Answer: Yes"" or ""Answer: No"" — no other text.

A: no_evident_not_offered_drink
B: fresh_hotel
Answer:
","A: no_evident_not_offered_drink
B: fresh_hotel
Answer: No"
2026-08-16 22:20:20,3,6279,no_evident_not_fantastic_service,excellent_option,"Task: decide if Proposition B contradicts Assumption A.

Steps:
1. A defends a claim (strip ""no_evident_not_"" / ""have_evident_"" to see it).
2. B states a fact.
3. Does B disprove A's claim? Same specific issue only, not just same topic.

Output pattern (always use this exact shape):
A: <phrase>
B: <phrase>
Answer: Yes/No

Examples:

A: no_evident_not_easy_check-in
B: customer_wait_10_minute_for_greet
Answer: Yes

A: no_evident_not_easy_check-in
B: no_one_give_key_on_late_check-in
Answer: No

A: no_evident_not_great_quality
B: shampoo_seem_cheap_considering_hotel_cost
Answer: Yes

A: no_evident_not_great_quality
B: expensive_hotel
Answer: No

Now answer for this pair. Output ONLY the final line ""Answer: Yes"" or ""Answer: No"" — no other text.

A: no_evident_not_fantastic_service
B: excellent_option
Answer:
","A: no_evident_not_fantastic_service
B: excellent_option
Answer: No"
2026-08-16 22:20:20,3,6233,no_evident_not_fantastic_service,nice_front_of_hotel,"Task: decide if Proposition B contradicts Assumption A.

Steps:
1. A defends a claim (strip ""no_evident_not_"" / ""have_evident_"" to see it).
2. B states a fact.
3. Does B disprove A's claim? Same specific issue only, not just same topic.

Output pattern (always use this exact shape):
A: <phrase>
B: <phrase>
Answer: Yes/No

Examples:

A: no_evident_not_easy_check-in
B: customer_wait_10_minute_for_greet
Answer: Yes

A: no_evident_not_easy_check-in
B: no_one_give_key_on_late_check-in
Answer: No

A: no_evident_not_great_quality
B: shampoo_seem_cheap_considering_hotel_cost
Answer: Yes

A: no_evident_not_great_quality
B: expensive_hotel
Answer: No

Now answer for this pair. Output ONLY the final line ""Answer: Yes"" or ""Answer: No"" — no other text.

A: no_evident_not_fantastic_service
B: nice_front_of_hotel
Answer:
","A: no_evident_not_fantastic_service
B: nice_front_of_hotel
Answer: No"
2026-08-16 22:20:20,3,17574,no_evident_not_easy_hotel,front_to_unwind_evening,"Task: decide if Proposition B contradicts Assumption A.

Steps:
1. A defends a claim (strip ""no_evident_not_"" / ""have_evident_"" to see it).
2. B states a fact.
3. Does B disprove A's claim? Same specific issue only, not just same topic.

Output pattern (always use this exact shape):
A: <phrase>
B: <phrase>
Answer: Yes/No

Examples:

A: no_evident_not_easy_check-in
B: customer_wait_10_minute_for_greet
Answer: Yes

A: no_evident_not_easy_check-in
B: no_one_give_key_on_late_check-in
Answer: No

A: no_evident_not_great_quality
B: shampoo_seem_cheap_considering_hotel_cost
Answer: Yes

A: no_evident_not_great_quality
B: expensive_hotel
Answer: No

Now answer for this pair. Output ONLY the final line ""Answer: Yes"" or ""Answer: No"" — no other text.

A: no_evident_not_easy_hotel
B: front_to_unwind_evening
Answer:
","A: no_evident_not_easy_hotel
B: front_to_unwind_evening
Answer: No"
2026-08-16 22:20:21,3,14701,no_evident_not_spotlessly_clean,neat_facility,"Task: decide if Proposition B contradicts Assumption A.

Steps:
1. A defends a claim (strip ""no_evident_not_"" / ""have_evident_"" to see it).
2. B states a fact.
3. Does B disprove A's claim? Same specific issue only, not just same topic.

Output pattern (always use this exact shape):
A: <phrase>
B: <phrase>
Answer: Yes/No

Examples:

A: no_evident_not_easy_check-in
B: customer_wait_10_minute_for_greet
Answer: Yes

A: no_evident_not_easy_check-in
B: no_one_give_key_on_late_check-in
Answer: No

A: no_evident_not_great_quality
B: shampoo_seem_cheap_considering_hotel_cost
Answer: Yes

A: no_evident_not_great_quality
B: expensive_hotel
Answer: No

Now answer for this pair. Output ONLY the final line ""Answer: Yes"" or ""Answer: No"" — no other text.

A: no_evident_not_spotlessly_clean
B: neat_facility
Answer:
","A: no_evident_not_spotlessly_clean
B: neat_facility
Answer: No"
2026-08-16 22:20:21,3,4594,no_evident_not_allow_stay_with_animal,convenient_for_short_stay,"Task: decide if Proposition B contradicts Assumption A.

Steps:
1. A defends a claim (strip ""no_evident_not_"" / ""have_evident_"" to see it).
2. B states a fact.
3. Does B disprove A's claim? Same specific issue only, not just same topic.

Output pattern (always use this exact shape):
A: <phrase>
B: <phrase>
Answer: Yes/No

Examples:

A: no_evident_not_easy_check-in
B: customer_wait_10_minute_for_greet
Answer: Yes

A: no_evident_not_easy_check-in
B: no_one_give_key_on_late_check-in
Answer: No

A: no_evident_not_great_quality
B: shampoo_seem_cheap_considering_hotel_cost
Answer: Yes

A: no_evident_not_great_quality
B: expensive_hotel
Answer: No

Now answer for this pair. Output ONLY the final line ""Answer: Yes"" or ""Answer: No"" — no other text.

A: no_evident_not_allow_stay_with_animal
B: convenient_for_short_stay
Answer:
","A: no_evident_not_allow_stay_with_animal
B: convenient_for_short_stay
Answer: No"
2026-08-16 22:20:21,3,13825,no_evident_not_good_wifi,has_cozy_courtyard,"Task: decide if Proposition B contradicts Assumption A.

Steps:
1. A defends a claim (strip ""no_evident_not_"" / ""have_evident_"" to see it).
2. B states a fact.
3. Does B disprove A's claim? Same specific issue only, not just same topic.

Output pattern (always use this exact shape):
A: <phrase>
B: <phrase>
Answer: Yes/No

Examples:

A: no_evident_not_easy_check-in
B: customer_wait_10_minute_for_greet
Answer: Yes

A: no_evident_not_easy_check-in
B: no_one_give_key_on_late_check-in
Answer: No

A: no_evident_not_great_quality
B: shampoo_seem_cheap_considering_hotel_cost
Answer: Yes

A: no_evident_not_great_quality
B: expensive_hotel
Answer: No

Now answer for this pair. Output ONLY the final line ""Answer: Yes"" or ""Answer: No"" — no other text.

A: no_evident_not_good_wifi
B: has_cozy_courtyard
Answer:
",Answer: No
2026-08-16 22:20:21,3,6013,no_evident_not_full_equiped,feel_welcome_from_arrival_moment,"Task: decide if Proposition B contradicts Assumption A.

Steps:
1. A defends a claim (strip ""no_evident_not_"" / ""have_evident_"" to see it).
2. B states a fact.
3. Does B disprove A's claim? Same specific issue only, not just same topic.

Output pattern (always use this exact shape):
A: <phrase>
B: <phrase>
Answer: Yes/No

Examples:

A: no_evident_not_easy_check-in
B: customer_wait_10_minute_for_greet
Answer: Yes

A: no_evident_not_easy_check-in
B: no_one_give_key_on_late_check-in
Answer: No

A: no_evident_not_great_quality
B: shampoo_seem_cheap_considering_hotel_cost
Answer: Yes

A: no_evident_not_great_quality
B: expensive_hotel
Answer: No

Now answer for this pair. Output ONLY the final line ""Answer: Yes"" or ""Answer: No"" — no other text.

A: no_evident_not_full_equiped
B: feel_welcome_from_arrival_moment
Answer:
","A: no_evident_not_full_equiped
B: feel_welcome_from_arrival_moment
Answer: No"
2026-08-16 22:20:22,3,9128,no_evident_not_small_hotel_which_we_like,many_free_parking_space_available_on_early_November,"Task: decide if Proposition B contradicts Assumption A.

Steps:
1. A defends a claim (strip ""no_evident_not_"" / ""have_evident_"" to see it).
2. B states a fact.
3. Does B disprove A's claim? Same specific issue only, not just same topic.

Output pattern (always use this exact shape):
A: <phrase>
B: <phrase>
Answer: Yes/No

Examples:

A: no_evident_not_easy_check-in
B: customer_wait_10_minute_for_greet
Answer: Yes

A: no_evident_not_easy_check-in
B: no_one_give_key_on_late_check-in
Answer: No

A: no_evident_not_great_quality
B: shampoo_seem_cheap_considering_hotel_cost
Answer: Yes

A: no_evident_not_great_quality
B: expensive_hotel
Answer: No

Now answer for this pair. Output ONLY the final line ""Answer: Yes"" or ""Answer: No"" — no other text.

A: no_evident_not_small_hotel_which_we_like
B: many_free_parking_space_available_on_early_November
Answer:
","A: no_evident_not_small_hotel_which_we_like
B: many_free_parking_space_available_on_early_November
Answer: No"
2026-08-16 22:20:22,3,15160,no_evident_not_comfortable_atmosphere,great_hotel,"Task: decide if Proposition B contradicts Assumption A.

Steps:
1. A defends a claim (strip ""no_evident_not_"" / ""have_evident_"" to see it).
2. B states a fact.
3. Does B disprove A's claim? Same specific issue only, not just same topic.

Output pattern (always use this exact shape):
A: <phrase>
B: <phrase>
Answer: Yes/No

Examples:

A: no_evident_not_easy_check-in
B: customer_wait_10_minute_for_greet
Answer: Yes

A: no_evident_not_easy_check-in
B: no_one_give_key_on_late_check-in
Answer: No

A: no_evident_not_great_quality
B: shampoo_seem_cheap_considering_hotel_cost
Answer: Yes

A: no_evident_not_great_quality
B: expensive_hotel
Answer: No

Now answer for this pair. Output ONLY the final line ""Answer: Yes"" or ""Answer: No"" — no other text.

A: no_evident_not_comfortable_atmosphere
B: great_hotel
Answer:
",Answer: No
2026-08-16 22:20:22,3,8186,no_evident_not_offered_drink,family_run_hotel,"Task: decide if Proposition B contradicts Assumption A.

Steps:
1. A defends a claim (strip ""no_evident_not_"" / ""have_evident_"" to see it).
2. B states a fact.
3. Does B disprove A's claim? Same specific issue only, not just same topic.

Output pattern (always use this exact shape):
A: <phrase>
B: <phrase>
Answer: Yes/No

Examples:

A: no_evident_not_easy_check-in
B: customer_wait_10_minute_for_greet
Answer: Yes

A: no_evident_not_easy_check-in
B: no_one_give_key_on_late_check-in
Answer: No

A: no_evident_not_great_quality
B: shampoo_seem_cheap_considering_hotel_cost
Answer: Yes

A: no_evident_not_great_quality
B: expensive_hotel
Answer: No

Now answer for this pair. Output ONLY the final line ""Answer: Yes"" or ""Answer: No"" — no other text.

A: no_evident_not_offered_drink
B: family_run_hotel
Answer:
","A: no_evident_not_offered_drink
B: family_run_hotel
Answer: Yes"
2026-08-16 22:20:23,3,28656,no_evident_not_clean_street_terrace,perfect_hotel,"Task: decide if Proposition B contradicts Assumption A.

Steps:
1. A defends a claim (strip ""no_evident_not_"" / ""have_evident_"" to see it).
2. B states a fact.
3. Does B disprove A's claim? Same specific issue only, not just same topic.

Output pattern (always use this exact shape):
A: <phrase>
B: <phrase>
Answer: Yes/No

Examples:

A: no_evident_not_easy_check-in
B: customer_wait_10_minute_for_greet
Answer: Yes

A: no_evident_not_easy_check-in
B: no_one_give_key_on_late_check-in
Answer: No

A: no_evident_not_great_quality
B: shampoo_seem_cheap_considering_hotel_cost
Answer: Yes

A: no_evident_not_great_quality
B: expensive_hotel
Answer: No

Now answer for this pair. Output ONLY the final line ""Answer: Yes"" or ""Answer: No"" — no other text.

A: no_evident_not_clean_street_terrace
B: perfect_hotel
Answer:
","A: no_evident_not_clean_street_terrace
B: perfect_hotel
Answer: No"
2026-08-16 22:20:23,3,30254,no_evident_not_free_parking_along_street,feel_new,"Task: decide if Proposition B contradicts Assumption A.

Steps:
1. A defends a claim (strip ""no_evident_not_"" / ""have_evident_"" to see it).
2. B states a fact.
3. Does B disprove A's claim? Same specific issue only, not just same topic.

Output pattern (always use this exact shape):
A: <phrase>
B: <phrase>
Answer: Yes/No

Examples:

A: no_evident_not_easy_check-in
B: customer_wait_10_minute_for_greet
Answer: Yes

A: no_evident_not_easy_check-in
B: no_one_give_key_on_late_check-in
Answer: No

A: no_evident_not_great_quality
B: shampoo_seem_cheap_considering_hotel_cost
Answer: Yes

A: no_evident_not_great_quality
B: expensive_hotel
Answer: No

Now answer for this pair. Output ONLY the final line ""Answer: Yes"" or ""Answer: No"" — no other text.

A: no_evident_not_free_parking_along_street
B: feel_new
Answer:
","A: no_evident_not_free_parking_along_street
B: feel_new
Answer: No"
2026-08-16 22:20:23,3,2471,no_evident_not_feel_new,furnished_hotel,"Task: decide if Proposition B contradicts Assumption A.

Steps:
1. A defends a claim (strip ""no_evident_not_"" / ""have_evident_"" to see it).
2. B states a fact.
3. Does B disprove A's claim? Same specific issue only, not just same topic.

Output pattern (always use this exact shape):
A: <phrase>
B: <phrase>
Answer: Yes/No

Examples:

A: no_evident_not_easy_check-in
B: customer_wait_10_minute_for_greet
Answer: Yes

A: no_evident_not_easy_check-in
B: no_one_give_key_on_late_check-in
Answer: No

A: no_evident_not_great_quality
B: shampoo_seem_cheap_considering_hotel_cost
Answer: Yes

A: no_evident_not_great_quality
B: expensive_hotel
Answer: No

Now answer for this pair. Output ONLY the final line ""Answer: Yes"" or ""Answer: No"" — no other text.

A: no_evident_not_feel_new
B: furnished_hotel
Answer:
","A: no_evident_not_feel_new
B: furnished_hotel
Answer: No"
2026-08-16 22:20:23,3,14521,no_evident_not_excellent_hotel,neat_facility,"Task: decide if Proposition B contradicts Assumption A.

Steps:
1. A defends a claim (strip ""no_evident_not_"" / ""have_evident_"" to see it).
2. B states a fact.
3. Does B disprove A's claim? Same specific issue only, not just same topic.

Output pattern (always use this exact shape):
A: <phrase>
B: <phrase>
Answer: Yes/No

Examples:

A: no_evident_not_easy_check-in
B: customer_wait_10_minute_for_greet
Answer: Yes

A: no_evident_not_easy_check-in
B: no_one_give_key_on_late_check-in
Answer: No

A: no_evident_not_great_quality
B: shampoo_seem_cheap_considering_hotel_cost
Answer: Yes

A: no_evident_not_great_quality
B: expensive_hotel
Answer: No

Now answer for this pair. Output ONLY the final line ""Answer: Yes"" or ""Answer: No"" — no other text.

A: no_evident_not_excellent_hotel
B: neat_facility
Answer:
","A: no_evident_not_excellent_hotel
B: neat_facility
Answer: No"
2026-08-16 22:20:24,3,26478,no_evident_not_neat_hotel,has_plenty_of_chair,"Task: decide if Proposition B contradicts Assumption A.

Steps:
1. A defends a claim (strip ""no_evident_not_"" / ""have_evident_"" to see it).
2. B states a fact.
3. Does B disprove A's claim? Same specific issue only, not just same topic.

Output pattern (always use this exact shape):
A: <phrase>
B: <phrase>
Answer: Yes/No

Examples:

A: no_evident_not_easy_check-in
B: customer_wait_10_minute_for_greet
Answer: Yes

A: no_evident_not_easy_check-in
B: no_one_give_key_on_late_check-in
Answer: No

A: no_evident_not_great_quality
B: shampoo_seem_cheap_considering_hotel_cost
Answer: Yes

A: no_evident_not_great_quality
B: expensive_hotel
Answer: No

Now answer for this pair. Output ONLY the final line ""Answer: Yes"" or ""Answer: No"" — no other text.

A: no_evident_not_neat_hotel
B: has_plenty_of_chair
Answer:
","A: no_evident_not_neat_hotel
B: has_plenty_of_chair
Answer: No"
2026-08-16 22:20:24,3,28225,no_evident_not_welcoming_environment,has_cozy_courtyard,"Task: decide if Proposition B contradicts Assumption A.

Steps:
1. A defends a claim (strip ""no_evident_not_"" / ""have_evident_"" to see it).
2. B states a fact.
3. Does B disprove A's claim? Same specific issue only, not just same topic.

Output pattern (always use this exact shape):
A: <phrase>
B: <phrase>
Answer: Yes/No

Examples:

A: no_evident_not_easy_check-in
B: customer_wait_10_minute_for_greet
Answer: Yes

A: no_evident_not_easy_check-in
B: no_one_give_key_on_late_check-in
Answer: No

A: no_evident_not_great_quality
B: shampoo_seem_cheap_considering_hotel_cost
Answer: Yes

A: no_evident_not_great_quality
B: expensive_hotel
Answer: No

Now answer for this pair. Output ONLY the final line ""Answer: Yes"" or ""Answer: No"" — no other text.

A: no_evident_not_welcoming_environment
B: has_cozy_courtyard
Answer:
","A: no_evident_not_welcoming_environment
B: has_cozy_courtyard
Answer: No"
2026-08-16 22:20:24,3,28049,no_evident_not_family_hotel,stunning_hotel,"Task: decide if Proposition B contradicts Assumption A.

Steps:
1. A defends a claim (strip ""no_evident_not_"" / ""have_evident_"" to see it).
2. B states a fact.
3. Does B disprove A's claim? Same specific issue only, not just same topic.

Output pattern (always use this exact shape):
A: <phrase>
B: <phrase>
Answer: Yes/No

Examples:

A: no_evident_not_easy_check-in
B: customer_wait_10_minute_for_greet
Answer: Yes

A: no_evident_not_easy_check-in
B: no_one_give_key_on_late_check-in
Answer: No

A: no_evident_not_great_quality
B: shampoo_seem_cheap_considering_hotel_cost
Answer: Yes

A: no_evident_not_great_quality
B: expensive_hotel
Answer: No

Now answer for this pair. Output ONLY the final line ""Answer: Yes"" or ""Answer: No"" — no other text.

A: no_evident_not_family_hotel
B: stunning_hotel
Answer:
",Answer: No
2026-08-16 22:20:25,3,18034,no_evident_not_clear_interior,full_equiped,"Task: decide if Proposition B contradicts Assumption A.

Steps:
1. A defends a claim (strip ""no_evident_not_"" / ""have_evident_"" to see it).
2. B states a fact.
3. Does B disprove A's claim? Same specific issue only, not just same topic.

Output pattern (always use this exact shape):
A: <phrase>
B: <phrase>
Answer: Yes/No

Examples:

A: no_evident_not_easy_check-in
B: customer_wait_10_minute_for_greet
Answer: Yes

A: no_evident_not_easy_check-in
B: no_one_give_key_on_late_check-in
Answer: No

A: no_evident_not_great_quality
B: shampoo_seem_cheap_considering_hotel_cost
Answer: Yes

A: no_evident_not_great_quality
B: expensive_hotel
Answer: No

Now answer for this pair. Output ONLY the final line ""Answer: Yes"" or ""Answer: No"" — no other text.

A: no_evident_not_clear_interior
B: full_equiped
Answer:
","A: no_evident_not_clear_interior
B: full_equiped
Answer: No"
2026-08-16 22:20:25,3,3209,no_evident_not_has_plenty_of_chair,stunning_hotel,"Task: decide if Proposition B contradicts Assumption A.

Steps:
1. A defends a claim (strip ""no_evident_not_"" / ""have_evident_"" to see it).
2. B states a fact.
3. Does B disprove A's claim? Same specific issue only, not just same topic.

Output pattern (always use this exact shape):
A: <phrase>
B: <phrase>
Answer: Yes/No

Examples:

A: no_evident_not_easy_check-in
B: customer_wait_10_minute_for_greet
Answer: Yes

A: no_evident_not_easy_check-in
B: no_one_give_key_on_late_check-in
Answer: No

A: no_evident_not_great_quality
B: shampoo_seem_cheap_considering_hotel_cost
Answer: Yes

A: no_evident_not_great_quality
B: expensive_hotel
Answer: No

Now answer for this pair. Output ONLY the final line ""Answer: Yes"" or ""Answer: No"" — no other text.

A: no_evident_not_has_plenty_of_chair
B: stunning_hotel
Answer:
","A: no_evident_not_has_plenty_of_chair
B: stunning_hotel
Answer: Yes"
2026-08-16 22:20:25,3,1658,no_evident_not_welcoming_entrance,well_run,"Task: decide if Proposition B contradicts Assumption A.

Steps:
1. A defends a claim (strip ""no_evident_not_"" / ""have_evident_"" to see it).
2. B states a fact.
3. Does B disprove A's claim? Same specific issue only, not just same topic.

Output pattern (always use this exact shape):
A: <phrase>
B: <phrase>
Answer: Yes/No

Examples:

A: no_evident_not_easy_check-in
B: customer_wait_10_minute_for_greet
Answer: Yes

A: no_evident_not_easy_check-in
B: no_one_give_key_on_late_check-in
Answer: No

A: no_evident_not_great_quality
B: shampoo_seem_cheap_considering_hotel_cost
Answer: Yes

A: no_evident_not_great_quality
B: expensive_hotel
Answer: No

Now answer for this pair. Output ONLY the final line ""Answer: Yes"" or ""Answer: No"" — no other text.

A: no_evident_not_welcoming_entrance
B: well_run
Answer:
","A: no_evident_not_welcoming_entrance
B: well_run
Answer: No"
2026-08-16 22:20:25,3,21370,no_evident_not_airy_hotel,close_car_park,"Task: decide if Proposition B contradicts Assumption A.

Steps:
1. A defends a claim (strip ""no_evident_not_"" / ""have_evident_"" to see it).
2. B states a fact.
3. Does B disprove A's claim? Same specific issue only, not just same topic.

Output pattern (always use this exact shape):
A: <phrase>
B: <phrase>
Answer: Yes/No

Examples:

A: no_evident_not_easy_check-in
B: customer_wait_10_minute_for_greet
Answer: Yes

A: no_evident_not_easy_check-in
B: no_one_give_key_on_late_check-in
Answer: No

A: no_evident_not_great_quality
B: shampoo_seem_cheap_considering_hotel_cost
Answer: Yes

A: no_evident_not_great_quality
B: expensive_hotel
Answer: No

Now answer for this pair. Output ONLY the final line ""Answer: Yes"" or ""Answer: No"" — no other text.

A: no_evident_not_airy_hotel
B: close_car_park
Answer:
","A: no_evident_not_airy_hotel
B: close_car_park
Answer: No"
2026-08-16 22:20:26,3,17714,no_evident_not_5_star_hotel,pet_friendly_hotel,"Task: decide if Proposition B contradicts Assumption A.

Steps:
1. A defends a claim (strip ""no_evident_not_"" / ""have_evident_"" to see it).
2. B states a fact.
3. Does B disprove A's claim? Same specific issue only, not just same topic.

Output pattern (always use this exact shape):
A: <phrase>
B: <phrase>
Answer: Yes/No

Examples:

A: no_evident_not_easy_check-in
B: customer_wait_10_minute_for_greet
Answer: Yes

A: no_evident_not_easy_check-in
B: no_one_give_key_on_late_check-in
Answer: No

A: no_evident_not_great_quality
B: shampoo_seem_cheap_considering_hotel_cost
Answer: Yes

A: no_evident_not_great_quality
B: expensive_hotel
Answer: No

Now answer for this pair. Output ONLY the final line ""Answer: Yes"" or ""Answer: No"" — no other text.

A: no_evident_not_5_star_hotel
B: pet_friendly_hotel
Answer:
",Answer: No
2026-08-16 22:20:26,3,27395,no_evident_not_can_request_by_push_button,fantastic_service,"Task: decide if Proposition B contradicts Assumption A.

Steps:
1. A defends a claim (strip ""no_evident_not_"" / ""have_evident_"" to see it).
2. B states a fact.
3. Does B disprove A's claim? Same specific issue only, not just same topic.

Output pattern (always use this exact shape):
A: <phrase>
B: <phrase>
Answer: Yes/No

Examples:

A: no_evident_not_easy_check-in
B: customer_wait_10_minute_for_greet
Answer: Yes

A: no_evident_not_easy_check-in
B: no_one_give_key_on_late_check-in
Answer: No

A: no_evident_not_great_quality
B: shampoo_seem_cheap_considering_hotel_cost
Answer: Yes

A: no_evident_not_great_quality
B: expensive_hotel
Answer: No

Now answer for this pair. Output ONLY the final line ""Answer: Yes"" or ""Answer: No"" — no other text.

A: no_evident_not_can_request_by_push_button
B: fantastic_service
Answer:
",Answer: No
2026-08-16 22:20:26,3,484,no_evident_not_family_atmosphere_hotel,friendly_hotel,"Task: decide if Proposition B contradicts Assumption A.

Steps:
1. A defends a claim (strip ""no_evident_not_"" / ""have_evident_"" to see it).
2. B states a fact.
3. Does B disprove A's claim? Same specific issue only, not just same topic.

Output pattern (always use this exact shape):
A: <phrase>
B: <phrase>
Answer: Yes/No

Examples:

A: no_evident_not_easy_check-in
B: customer_wait_10_minute_for_greet
Answer: Yes

A: no_evident_not_easy_check-in
B: no_one_give_key_on_late_check-in
Answer: No

A: no_evident_not_great_quality
B: shampoo_seem_cheap_considering_hotel_cost
Answer: Yes

A: no_evident_not_great_quality
B: expensive_hotel
Answer: No

Now answer for this pair. Output ONLY the final line ""Answer: Yes"" or ""Answer: No"" — no other text.

A: no_evident_not_family_atmosphere_hotel
B: friendly_hotel
Answer:
","A: no_evident_not_family_atmosphere_hotel
B: friendly_hotel
Answer: No"
2026-08-16 22:20:26,3,31753,no_evident_not_all_furniture_new,feel_welcome_from_arrival_moment,"Task: decide if Proposition B contradicts Assumption A.

Steps:
1. A defends a claim (strip ""no_evident_not_"" / ""have_evident_"" to see it).
2. B states a fact.
3. Does B disprove A's claim? Same specific issue only, not just same topic.

Output pattern (always use this exact shape):
A: <phrase>
B: <phrase>
Answer: Yes/No

Examples:

A: no_evident_not_easy_check-in
B: customer_wait_10_minute_for_greet
Answer: Yes

A: no_evident_not_easy_check-in
B: no_one_give_key_on_late_check-in
Answer: No

A: no_evident_not_great_quality
B: shampoo_seem_cheap_considering_hotel_cost
Answer: Yes

A: no_evident_not_great_quality
B: expensive_hotel
Answer: No

Now answer for this pair. Output ONLY the final line ""Answer: Yes"" or ""Answer: No"" — no other text.

A: no_evident_not_all_furniture_new
B: feel_welcome_from_arrival_moment
Answer:
","A: no_evident_not_all_furniture_new
B: feel_welcome_from_arrival_moment
Answer: No"
2026-08-16 22:20:27,3,3057,no_evident_not_everywhere_spotless_clean,all_furniture_new,"Task: decide if Proposition B contradicts Assumption A.

Steps:
1. A defends a claim (strip ""no_evident_not_"" / ""have_evident_"" to see it).
2. B states a fact.
3. Does B disprove A's claim? Same specific issue only, not just same topic.

Output pattern (always use this exact shape):
A: <phrase>
B: <phrase>
Answer: Yes/No

Examples:

A: no_evident_not_easy_check-in
B: customer_wait_10_minute_for_greet
Answer: Yes

A: no_evident_not_easy_check-in
B: no_one_give_key_on_late_check-in
Answer: No

A: no_evident_not_great_quality
B: shampoo_seem_cheap_considering_hotel_cost
Answer: Yes

A: no_evident_not_great_quality
B: expensive_hotel
Answer: No

Now answer for this pair. Output ONLY the final line ""Answer: Yes"" or ""Answer: No"" — no other text.

A: no_evident_not_everywhere_spotless_clean
B: all_furniture_new
Answer:
","A: no_evident_not_everywhere_spotless_clean
B: all_furniture_new
Answer: Yes"
2026-08-16 22:20:27,3,30356,no_evident_not_free_parking_along_street,made_for_comfortable_stay,"Task: decide if Proposition B contradicts Assumption A.

Steps:
1. A defends a claim (strip ""no_evident_not_"" / ""have_evident_"" to see it).
2. B states a fact.
3. Does B disprove A's claim? Same specific issue only, not just same topic.

Output pattern (always use this exact shape):
A: <phrase>
B: <phrase>
Answer: Yes/No

Examples:

A: no_evident_not_easy_check-in
B: customer_wait_10_minute_for_greet
Answer: Yes

A: no_evident_not_easy_check-in
B: no_one_give_key_on_late_check-in
Answer: No

A: no_evident_not_great_quality
B: shampoo_seem_cheap_considering_hotel_cost
Answer: Yes

A: no_evident_not_great_quality
B: expensive_hotel
Answer: No

Now answer for this pair. Output ONLY the final line ""Answer: Yes"" or ""Answer: No"" — no other text.

A: no_evident_not_free_parking_along_street
B: made_for_comfortable_stay
Answer:
","A: no_evident_not_free_parking_along_street
B: made_for_comfortable_stay
Answer: No"
2026-08-16 22:20:27,3,24693,no_evident_not_intimate_hotel,brand_new_facility,"Task: decide if Proposition B contradicts Assumption A.

Steps:
1. A defends a claim (strip ""no_evident_not_"" / ""have_evident_"" to see it).
2. B states a fact.
3. Does B disprove A's claim? Same specific issue only, not just same topic.

Output pattern (always use this exact shape):
A: <phrase>
B: <phrase>
Answer: Yes/No

Examples:

A: no_evident_not_easy_check-in
B: customer_wait_10_minute_for_greet
Answer: Yes

A: no_evident_not_easy_check-in
B: no_one_give_key_on_late_check-in
Answer: No

A: no_evident_not_great_quality
B: shampoo_seem_cheap_considering_hotel_cost
Answer: Yes

A: no_evident_not_great_quality
B: expensive_hotel
Answer: No

Now answer for this pair. Output ONLY the final line ""Answer: Yes"" or ""Answer: No"" — no other text.

A: no_evident_not_intimate_hotel
B: brand_new_facility
Answer:
","A: no_evident_not_intimate_hotel
B: brand_new_facility
Answer: No"
2026-08-16 22:20:28,3,27811,no_evident_not_brilliant_hotel,contemporary_decoration,"Task: decide if Proposition B contradicts Assumption A.

Steps:
1. A defends a claim (strip ""no_evident_not_"" / ""have_evident_"" to see it).
2. B states a fact.
3. Does B disprove A's claim? Same specific issue only, not just same topic.

Output pattern (always use this exact shape):
A: <phrase>
B: <phrase>
Answer: Yes/No

Examples:

A: no_evident_not_easy_check-in
B: customer_wait_10_minute_for_greet
Answer: Yes

A: no_evident_not_easy_check-in
B: no_one_give_key_on_late_check-in
Answer: No

A: no_evident_not_great_quality
B: shampoo_seem_cheap_considering_hotel_cost
Answer: Yes

A: no_evident_not_great_quality
B: expensive_hotel
Answer: No

Now answer for this pair. Output ONLY the final line ""Answer: Yes"" or ""Answer: No"" — no other text.

A: no_evident_not_brilliant_hotel
B: contemporary_decoration
Answer:
","A: no_evident_not_brilliant_hotel
B: contemporary_decoration
Answer: No"
2026-08-16 22:20:28,3,7746,no_evident_not_new_facility,nice_hotel,"Task: decide if Proposition B contradicts Assumption A.

Steps:
1. A defends a claim (strip ""no_evident_not_"" / ""have_evident_"" to see it).
2. B states a fact.
3. Does B disprove A's claim? Same specific issue only, not just same topic.

Output pattern (always use this exact shape):
A: <phrase>
B: <phrase>
Answer: Yes/No

Examples:

A: no_evident_not_easy_check-in
B: customer_wait_10_minute_for_greet
Answer: Yes

A: no_evident_not_easy_check-in
B: no_one_give_key_on_late_check-in
Answer: No

A: no_evident_not_great_quality
B: shampoo_seem_cheap_considering_hotel_cost
Answer: Yes

A: no_evident_not_great_quality
B: expensive_hotel
Answer: No

Now answer for this pair. Output ONLY the final line ""Answer: Yes"" or ""Answer: No"" — no other text.

A: no_evident_not_new_facility
B: nice_hotel
Answer:
","A: no_evident_not_new_facility
B: nice_hotel
Answer: No"
2026-08-16 22:20:28,3,5450,no_evident_not_everything_beautiful,happy_with_service,"Task: decide if Proposition B contradicts Assumption A.

Steps:
1. A defends a claim (strip ""no_evident_not_"" / ""have_evident_"" to see it).
2. B states a fact.
3. Does B disprove A's claim? Same specific issue only, not just same topic.

Output pattern (always use this exact shape):
A: <phrase>
B: <phrase>
Answer: Yes/No

Examples:

A: no_evident_not_easy_check-in
B: customer_wait_10_minute_for_greet
Answer: Yes

A: no_evident_not_easy_check-in
B: no_one_give_key_on_late_check-in
Answer: No

A: no_evident_not_great_quality
B: shampoo_seem_cheap_considering_hotel_cost
Answer: Yes

A: no_evident_not_great_quality
B: expensive_hotel
Answer: No

Now answer for this pair. Output ONLY the final line ""Answer: Yes"" or ""Answer: No"" — no other text.

A: no_evident_not_everything_beautiful
B: happy_with_service
Answer:
","A: no_evident_not_everything_beautiful
B: happy_with_service
Answer: No"
2026-08-16 22:20:29,3,13318,no_evident_not_pet_friendly_hotel,suitable_for_overnight_stay,"Task: decide if Proposition B contradicts Assumption A.

Steps:
1. A defends a claim (strip ""no_evident_not_"" / ""have_evident_"" to see it).
2. B states a fact.
3. Does B disprove A's claim? Same specific issue only, not just same topic.

Output pattern (always use this exact shape):
A: <phrase>
B: <phrase>
Answer: Yes/No

Examples:

A: no_evident_not_easy_check-in
B: customer_wait_10_minute_for_greet
Answer: Yes

A: no_evident_not_easy_check-in
B: no_one_give_key_on_late_check-in
Answer: No

A: no_evident_not_great_quality
B: shampoo_seem_cheap_considering_hotel_cost
Answer: Yes

A: no_evident_not_great_quality
B: expensive_hotel
Answer: No

Now answer for this pair. Output ONLY the final line ""Answer: Yes"" or ""Answer: No"" — no other text.

A: no_evident_not_pet_friendly_hotel
B: suitable_for_overnight_stay
Answer:
","A: no_evident_not_pet_friendly_hotel
B: suitable_for_overnight_stay
Answer: Yes"
2026-08-16 22:20:29,3,15914,no_evident_not_simple_decoration,pet_friendly_hotel,"Task: decide if Proposition B contradicts Assumption A.

Steps:
1. A defends a claim (strip ""no_evident_not_"" / ""have_evident_"" to see it).
2. B states a fact.
3. Does B disprove A's claim? Same specific issue only, not just same topic.

Output pattern (always use this exact shape):
A: <phrase>
B: <phrase>
Answer: Yes/No

Examples:

A: no_evident_not_easy_check-in
B: customer_wait_10_minute_for_greet
Answer: Yes

A: no_evident_not_easy_check-in
B: no_one_give_key_on_late_check-in
Answer: No

A: no_evident_not_great_quality
B: shampoo_seem_cheap_considering_hotel_cost
Answer: Yes

A: no_evident_not_great_quality
B: expensive_hotel
Answer: No

Now answer for this pair. Output ONLY the final line ""Answer: Yes"" or ""Answer: No"" — no other text.

A: no_evident_not_simple_decoration
B: pet_friendly_hotel
Answer:
","A: no_evident_not_simple_decoration
B: pet_friendly_hotel
Answer: No"
2026-08-16 22:20:29,3,15774,no_evident_not_easy_parking,front_to_unwind_evening,"Task: decide if Proposition B contradicts Assumption A.

Steps:
1. A defends a claim (strip ""no_evident_not_"" / ""have_evident_"" to see it).
2. B states a fact.
3. Does B disprove A's claim? Same specific issue only, not just same topic.

Output pattern (always use this exact shape):
A: <phrase>
B: <phrase>
Answer: Yes/No

Examples:

A: no_evident_not_easy_check-in
B: customer_wait_10_minute_for_greet
Answer: Yes

A: no_evident_not_easy_check-in
B: no_one_give_key_on_late_check-in
Answer: No

A: no_evident_not_great_quality
B: shampoo_seem_cheap_considering_hotel_cost
Answer: Yes

A: no_evident_not_great_quality
B: expensive_hotel
Answer: No

Now answer for this pair. Output ONLY the final line ""Answer: Yes"" or ""Answer: No"" — no other text.

A: no_evident_not_easy_parking
B: front_to_unwind_evening
Answer:
",Answer: No
2026-08-16 22:20:29,3,7005,no_evident_not_family_establishment,homely_atmosphere,"Task: decide if Proposition B contradicts Assumption A.

Steps:
1. A defends a claim (strip ""no_evident_not_"" / ""have_evident_"" to see it).
2. B states a fact.
3. Does B disprove A's claim? Same specific issue only, not just same topic.

Output pattern (always use this exact shape):
A: <phrase>
B: <phrase>
Answer: Yes/No

Examples:

A: no_evident_not_easy_check-in
B: customer_wait_10_minute_for_greet
Answer: Yes

A: no_evident_not_easy_check-in
B: no_one_give_key_on_late_check-in
Answer: No

A: no_evident_not_great_quality
B: shampoo_seem_cheap_considering_hotel_cost
Answer: Yes

A: no_evident_not_great_quality
B: expensive_hotel
Answer: No

Now answer for this pair. Output ONLY the final line ""Answer: Yes"" or ""Answer: No"" — no other text.

A: no_evident_not_family_establishment
B: homely_atmosphere
Answer:
","A: no_evident_not_family_establishment
B: homely_atmosphere
Answer: No"
2026-08-16 22:20:30,3,28333,no_evident_not_has_place_to_park_car,feel_welcome_from_arrival_moment,"Task: decide if Proposition B contradicts Assumption A.

Steps:
1. A defends a claim (strip ""no_evident_not_"" / ""have_evident_"" to see it).
2. B states a fact.
3. Does B disprove A's claim? Same specific issue only, not just same topic.

Output pattern (always use this exact shape):
A: <phrase>
B: <phrase>
Answer: Yes/No

Examples:

A: no_evident_not_easy_check-in
B: customer_wait_10_minute_for_greet
Answer: Yes

A: no_evident_not_easy_check-in
B: no_one_give_key_on_late_check-in
Answer: No

A: no_evident_not_great_quality
B: shampoo_seem_cheap_considering_hotel_cost
Answer: Yes

A: no_evident_not_great_quality
B: expensive_hotel
Answer: No

Now answer for this pair. Output ONLY the final line ""Answer: Yes"" or ""Answer: No"" — no other text.

A: no_evident_not_has_place_to_park_car
B: feel_welcome_from_arrival_moment
Answer:
",Answer: No
2026-08-16 22:20:30,3,13142,no_evident_not_pet_friendly_hotel,comfortable_hotel,"Task: decide if Proposition B contradicts Assumption A.

Steps:
1. A defends a claim (strip ""no_evident_not_"" / ""have_evident_"" to see it).
2. B states a fact.
3. Does B disprove A's claim? Same specific issue only, not just same topic.

Output pattern (always use this exact shape):
A: <phrase>
B: <phrase>
Answer: Yes/No

Examples:

A: no_evident_not_easy_check-in
B: customer_wait_10_minute_for_greet
Answer: Yes

A: no_evident_not_easy_check-in
B: no_one_give_key_on_late_check-in
Answer: No

A: no_evident_not_great_quality
B: shampoo_seem_cheap_considering_hotel_cost
Answer: Yes

A: no_evident_not_great_quality
B: expensive_hotel
Answer: No

Now answer for this pair. Output ONLY the final line ""Answer: Yes"" or ""Answer: No"" — no other text.

A: no_evident_not_pet_friendly_hotel
B: comfortable_hotel
Answer:
","A: no_evident_not_pet_friendly_hotel
B: comfortable_hotel
Answer: No"
2026-08-16 22:20:30,3,29572,no_evident_not_homely_atmosphere,lovely_lobby,"Task: decide if Proposition B contradicts Assumption A.

Steps:
1. A defends a claim (strip ""no_evident_not_"" / ""have_evident_"" to see it).
2. B states a fact.
3. Does B disprove A's claim? Same specific issue only, not just same topic.

Output pattern (always use this exact shape):
A: <phrase>
B: <phrase>
Answer: Yes/No

Examples:

A: no_evident_not_easy_check-in
B: customer_wait_10_minute_for_greet
Answer: Yes

A: no_evident_not_easy_check-in
B: no_one_give_key_on_late_check-in
Answer: No

A: no_evident_not_great_quality
B: shampoo_seem_cheap_considering_hotel_cost
Answer: Yes

A: no_evident_not_great_quality
B: expensive_hotel
Answer: No

Now answer for this pair. Output ONLY the final line ""Answer: Yes"" or ""Answer: No"" — no other text.

A: no_evident_not_homely_atmosphere
B: lovely_lobby
Answer:
","A: no_evident_not_homely_atmosphere
B: lovely_lobby
Answer: No"
2026-08-16 22:20:31,3,1922,no_evident_not_lovely_hotel,take_COVID_prevention_measure,"Task: decide if Proposition B contradicts Assumption A.

Steps:
1. A defends a claim (strip ""no_evident_not_"" / ""have_evident_"" to see it).
2. B states a fact.
3. Does B disprove A's claim? Same specific issue only, not just same topic.

Output pattern (always use this exact shape):
A: <phrase>
B: <phrase>
Answer: Yes/No

Examples:

A: no_evident_not_easy_check-in
B: customer_wait_10_minute_for_greet
Answer: Yes

A: no_evident_not_easy_check-in
B: no_one_give_key_on_late_check-in
Answer: No

A: no_evident_not_great_quality
B: shampoo_seem_cheap_considering_hotel_cost
Answer: Yes

A: no_evident_not_great_quality
B: expensive_hotel
Answer: No

Now answer for this pair. Output ONLY the final line ""Answer: Yes"" or ""Answer: No"" — no other text.

A: no_evident_not_lovely_hotel
B: take_COVID_prevention_measure
Answer:
","A: no_evident_not_lovely_hotel
B: take_COVID_prevention_measure
Answer: No"
2026-08-16 22:20:31,3,5395,no_evident_not_everything_new,possible_with_animal,"Task: decide if Proposition B contradicts Assumption A.

Steps:
1. A defends a claim (strip ""no_evident_not_"" / ""have_evident_"" to see it).
2. B states a fact.
3. Does B disprove A's claim? Same specific issue only, not just same topic.

Output pattern (always use this exact shape):
A: <phrase>
B: <phrase>
Answer: Yes/No

Examples:

A: no_evident_not_easy_check-in
B: customer_wait_10_minute_for_greet
Answer: Yes

A: no_evident_not_easy_check-in
B: no_one_give_key_on_late_check-in
Answer: No

A: no_evident_not_great_quality
B: shampoo_seem_cheap_considering_hotel_cost
Answer: Yes

A: no_evident_not_great_quality
B: expensive_hotel
Answer: No

Now answer for this pair. Output ONLY the final line ""Answer: Yes"" or ""Answer: No"" — no other text.

A: no_evident_not_everything_new
B: possible_with_animal
Answer:
","A: no_evident_not_everything_new
B: possible_with_animal
Answer: No"
2026-08-16 22:20:31,3,12419,no_evident_not_feel_like_home_atmosphere,compact_hotel,"Task: decide if Proposition B contradicts Assumption A.

Steps:
1. A defends a claim (strip ""no_evident_not_"" / ""have_evident_"" to see it).
2. B states a fact.
3. Does B disprove A's claim? Same specific issue only, not just same topic.

Output pattern (always use this exact shape):
A: <phrase>
B: <phrase>
Answer: Yes/No

Examples:

A: no_evident_not_easy_check-in
B: customer_wait_10_minute_for_greet
Answer: Yes

A: no_evident_not_easy_check-in
B: no_one_give_key_on_late_check-in
Answer: No

A: no_evident_not_great_quality
B: shampoo_seem_cheap_considering_hotel_cost
Answer: Yes

A: no_evident_not_great_quality
B: expensive_hotel
Answer: No

Now answer for this pair. Output ONLY the final line ""Answer: Yes"" or ""Answer: No"" — no other text.

A: no_evident_not_feel_like_home_atmosphere
B: compact_hotel
Answer:
","A: no_evident_not_feel_like_home_atmosphere
B: compact_hotel
Answer: No"
2026-08-16 22:20:32,3,71,no_evident_not_new_hotel,nice_ambiance_hotel,"Task: decide if Proposition B contradicts Assumption A.

Steps:
1. A defends a claim (strip ""no_evident_not_"" / ""have_evident_"" to see it).
2. B states a fact.
3. Does B disprove A's claim? Same specific issue only, not just same topic.

Output pattern (always use this exact shape):
A: <phrase>
B: <phrase>
Answer: Yes/No

Examples:

A: no_evident_not_easy_check-in
B: customer_wait_10_minute_for_greet
Answer: Yes

A: no_evident_not_easy_check-in
B: no_one_give_key_on_late_check-in
Answer: No

A: no_evident_not_great_quality
B: shampoo_seem_cheap_considering_hotel_cost
Answer: Yes

A: no_evident_not_great_quality
B: expensive_hotel
Answer: No

Now answer for this pair. Output ONLY the final line ""Answer: Yes"" or ""Answer: No"" — no other text.

A: no_evident_not_new_hotel
B: nice_ambiance_hotel
Answer:
","A: no_evident_not_new_hotel
B: nice_ambiance_hotel
Answer: No"
2026-08-16 22:20:32,3,32287,no_evident_not_cozy_atmosphere,everything_great,"Task: decide if Proposition B contradicts Assumption A.

Steps:
1. A defends a claim (strip ""no_evident_not_"" / ""have_evident_"" to see it).
2. B states a fact.
3. Does B disprove A's claim? Same specific issue only, not just same topic.

Output pattern (always use this exact shape):
A: <phrase>
B: <phrase>
Answer: Yes/No

Examples:

A: no_evident_not_easy_check-in
B: customer_wait_10_minute_for_greet
Answer: Yes

A: no_evident_not_easy_check-in
B: no_one_give_key_on_late_check-in
Answer: No

A: no_evident_not_great_quality
B: shampoo_seem_cheap_considering_hotel_cost
Answer: Yes

A: no_evident_not_great_quality
B: expensive_hotel
Answer: No

Now answer for this pair. Output ONLY the final line ""Answer: Yes"" or ""Answer: No"" — no other text.

A: no_evident_not_cozy_atmosphere
B: everything_great
Answer:
","A: no_evident_not_cozy_atmosphere
B: everything_great
Answer: No"
2026-08-16 22:20:32,3,12794,no_evident_not_good_hotel,feel_new,"Task: decide if Proposition B contradicts Assumption A.

Steps:
1. A defends a claim (strip ""no_evident_not_"" / ""have_evident_"" to see it).
2. B states a fact.
3. Does B disprove A's claim? Same specific issue only, not just same topic.

Output pattern (always use this exact shape):
A: <phrase>
B: <phrase>
Answer: Yes/No

Examples:

A: no_evident_not_easy_check-in
B: customer_wait_10_minute_for_greet
Answer: Yes

A: no_evident_not_easy_check-in
B: no_one_give_key_on_late_check-in
Answer: No

A: no_evident_not_great_quality
B: shampoo_seem_cheap_considering_hotel_cost
Answer: Yes

A: no_evident_not_great_quality
B: expensive_hotel
Answer: No

Now answer for this pair. Output ONLY the final line ""Answer: Yes"" or ""Answer: No"" — no other text.

A: no_evident_not_good_hotel
B: feel_new
Answer:
","A: no_evident_not_good_hotel
B: feel_new
Answer: No"
2026-08-16 22:20:32,3,8691,no_evident_not_beautifully_kept_hotel,small_hotel_which_we_like,"Task: decide if Proposition B contradicts Assumption A.

Steps:
1. A defends a claim (strip ""no_evident_not_"" / ""have_evident_"" to see it).
2. B states a fact.
3. Does B disprove A's claim? Same specific issue only, not just same topic.

Output pattern (always use this exact shape):
A: <phrase>
B: <phrase>
Answer: Yes/No

Examples:

A: no_evident_not_easy_check-in
B: customer_wait_10_minute_for_greet
Answer: Yes

A: no_evident_not_easy_check-in
B: no_one_give_key_on_late_check-in
Answer: No

A: no_evident_not_great_quality
B: shampoo_seem_cheap_considering_hotel_cost
Answer: Yes

A: no_evident_not_great_quality
B: expensive_hotel
Answer: No

Now answer for this pair. Output ONLY the final line ""Answer: Yes"" or ""Answer: No"" — no other text.

A: no_evident_not_beautifully_kept_hotel
B: small_hotel_which_we_like
Answer:
","A: no_evident_not_beautifully_kept_hotel
B: small_hotel_which_we_like
Answer: No"
2026-08-16 22:20:33,3,30361,no_evident_not_free_parking_along_street,neat_facility,"Task: decide if Proposition B contradicts Assumption A.

Steps:
1. A defends a claim (strip ""no_evident_not_"" / ""have_evident_"" to see it).
2. B states a fact.
3. Does B disprove A's claim? Same specific issue only, not just same topic.

Output pattern (always use this exact shape):
A: <phrase>
B: <phrase>
Answer: Yes/No

Examples:

A: no_evident_not_easy_check-in
B: customer_wait_10_minute_for_greet
Answer: Yes

A: no_evident_not_easy_check-in
B: no_one_give_key_on_late_check-in
Answer: No

A: no_evident_not_great_quality
B: shampoo_seem_cheap_considering_hotel_cost
Answer: Yes

A: no_evident_not_great_quality
B: expensive_hotel
Answer: No

Now answer for this pair. Output ONLY the final line ""Answer: Yes"" or ""Answer: No"" — no other text.

A: no_evident_not_free_parking_along_street
B: neat_facility
Answer:
","A: no_evident_not_free_parking_along_street
B: neat_facility
Answer: No"
2026-08-16 22:20:33,3,25693,no_evident_not_newly_refurbished_hotel,new_reception,"Task: decide if Proposition B contradicts Assumption A.

Steps:
1. A defends a claim (strip ""no_evident_not_"" / ""have_evident_"" to see it).
2. B states a fact.
3. Does B disprove A's claim? Same specific issue only, not just same topic.

Output pattern (always use this exact shape):
A: <phrase>
B: <phrase>
Answer: Yes/No

Examples:

A: no_evident_not_easy_check-in
B: customer_wait_10_minute_for_greet
Answer: Yes

A: no_evident_not_easy_check-in
B: no_one_give_key_on_late_check-in
Answer: No

A: no_evident_not_great_quality
B: shampoo_seem_cheap_considering_hotel_cost
Answer: Yes

A: no_evident_not_great_quality
B: expensive_hotel
Answer: No

Now answer for this pair. Output ONLY the final line ""Answer: Yes"" or ""Answer: No"" — no other text.

A: no_evident_not_newly_refurbished_hotel
B: new_reception
Answer:
","A: no_evident_not_newly_refurbished_hotel
B: new_reception
Answer: Yes"
2026-08-16 22:20:34,3,25728,no_evident_not_newly_refurbished_hotel,free_parking_in_front_of_hotel,"Task: decide if Proposition B contradicts Assumption A.

Steps:
1. A defends a claim (strip ""no_evident_not_"" / ""have_evident_"" to see it).
2. B states a fact.
3. Does B disprove A's claim? Same specific issue only, not just same topic.

Output pattern (always use this exact shape):
A: <phrase>
B: <phrase>
Answer: Yes/No

Examples:

A: no_evident_not_easy_check-in
B: customer_wait_10_minute_for_greet
Answer: Yes

A: no_evident_not_easy_check-in
B: no_one_give_key_on_late_check-in
Answer: No

A: no_evident_not_great_quality
B: shampoo_seem_cheap_considering_hotel_cost
Answer: Yes

A: no_evident_not_great_quality
B: expensive_hotel
Answer: No

Now answer for this pair. Output ONLY the final line ""Answer: Yes"" or ""Answer: No"" — no other text.

A: no_evident_not_newly_refurbished_hotel
B: free_parking_in_front_of_hotel
Answer:
","A: no_evident_not_newly_refurbished_hotel
B: free_parking_in_front_of_hotel
Answer: No"
2026-08-16 22:20:34,3,14910,no_evident_not_best_hotel,aesthetic_hotel,"Task: decide if Proposition B contradicts Assumption A.

Steps:
1. A defends a claim (strip ""no_evident_not_"" / ""have_evident_"" to see it).
2. B states a fact.
3. Does B disprove A's claim? Same specific issue only, not just same topic.

Output pattern (always use this exact shape):
A: <phrase>
B: <phrase>
Answer: Yes/No

Examples:

A: no_evident_not_easy_check-in
B: customer_wait_10_minute_for_greet
Answer: Yes

A: no_evident_not_easy_check-in
B: no_one_give_key_on_late_check-in
Answer: No

A: no_evident_not_great_quality
B: shampoo_seem_cheap_considering_hotel_cost
Answer: Yes

A: no_evident_not_great_quality
B: expensive_hotel
Answer: No

Now answer for this pair. Output ONLY the final line ""Answer: Yes"" or ""Answer: No"" — no other text.

A: no_evident_not_best_hotel
B: aesthetic_hotel
Answer:
","A: no_evident_not_best_hotel
B: aesthetic_hotel
Answer: No"
2026-08-16 22:20:34,3,9348,no_evident_not_lovely_lobby,free_parking_in_front_of_hotel,"Task: decide if Proposition B contradicts Assumption A.

Steps:
1. A defends a claim (strip ""no_evident_not_"" / ""have_evident_"" to see it).
2. B states a fact.
3. Does B disprove A's claim? Same specific issue only, not just same topic.

Output pattern (always use this exact shape):
A: <phrase>
B: <phrase>
Answer: Yes/No

Examples:

A: no_evident_not_easy_check-in
B: customer_wait_10_minute_for_greet
Answer: Yes

A: no_evident_not_easy_check-in
B: no_one_give_key_on_late_check-in
Answer: No

A: no_evident_not_great_quality
B: shampoo_seem_cheap_considering_hotel_cost
Answer: Yes

A: no_evident_not_great_quality
B: expensive_hotel
Answer: No

Now answer for this pair. Output ONLY the final line ""Answer: Yes"" or ""Answer: No"" — no other text.

A: no_evident_not_lovely_lobby
B: free_parking_in_front_of_hotel
Answer:
",Answer: No
2026-08-16 22:20:34,3,13862,no_evident_not_lovely_family_hotel,comfortable_hotel,"Task: decide if Proposition B contradicts Assumption A.

Steps:
1. A defends a claim (strip ""no_evident_not_"" / ""have_evident_"" to see it).
2. B states a fact.
3. Does B disprove A's claim? Same specific issue only, not just same topic.

Output pattern (always use this exact shape):
A: <phrase>
B: <phrase>
Answer: Yes/No

Examples:

A: no_evident_not_easy_check-in
B: customer_wait_10_minute_for_greet
Answer: Yes

A: no_evident_not_easy_check-in
B: no_one_give_key_on_late_check-in
Answer: No

A: no_evident_not_great_quality
B: shampoo_seem_cheap_considering_hotel_cost
Answer: Yes

A: no_evident_not_great_quality
B: expensive_hotel
Answer: No

Now answer for this pair. Output ONLY the final line ""Answer: Yes"" or ""Answer: No"" — no other text.

A: no_evident_not_lovely_family_hotel
B: comfortable_hotel
Answer:
","A: no_evident_not_lovely_family_hotel
B: comfortable_hotel
Answer: No"
2026-08-16 22:20:34,3,22826,no_evident_not_same_as_photo,have_parking,"Task: decide if Proposition B contradicts Assumption A.

Steps:
1. A defends a claim (strip ""no_evident_not_"" / ""have_evident_"" to see it).
2. B states a fact.
3. Does B disprove A's claim? Same specific issue only, not just same topic.

Output pattern (always use this exact shape):
A: <phrase>
B: <phrase>
Answer: Yes/No

Examples:

A: no_evident_not_easy_check-in
B: customer_wait_10_minute_for_greet
Answer: Yes

A: no_evident_not_easy_check-in
B: no_one_give_key_on_late_check-in
Answer: No

A: no_evident_not_great_quality
B: shampoo_seem_cheap_considering_hotel_cost
Answer: Yes

A: no_evident_not_great_quality
B: expensive_hotel
Answer: No

Now answer for this pair. Output ONLY the final line ""Answer: Yes"" or ""Answer: No"" — no other text.

A: no_evident_not_same_as_photo
B: have_parking
Answer:
",Answer: No
2026-08-16 22:20:34,3,31370,no_evident_not_possible_with_animal,happy_with_service,"Task: decide if Proposition B contradicts Assumption A.

Steps:
1. A defends a claim (strip ""no_evident_not_"" / ""have_evident_"" to see it).
2. B states a fact.
3. Does B disprove A's claim? Same specific issue only, not just same topic.

Output pattern (always use this exact shape):
A: <phrase>
B: <phrase>
Answer: Yes/No

Examples:

A: no_evident_not_easy_check-in
B: customer_wait_10_minute_for_greet
Answer: Yes

A: no_evident_not_easy_check-in
B: no_one_give_key_on_late_check-in
Answer: No

A: no_evident_not_great_quality
B: shampoo_seem_cheap_considering_hotel_cost
Answer: Yes

A: no_evident_not_great_quality
B: expensive_hotel
Answer: No

Now answer for this pair. Output ONLY the final line ""Answer: Yes"" or ""Answer: No"" — no other text.

A: no_evident_not_possible_with_animal
B: happy_with_service
Answer:
",Answer: No
2026-08-16 22:20:35,3,23938,no_evident_not_new_reception,suitable_for_overnight_stay,"Task: decide if Proposition B contradicts Assumption A.

Steps:
1. A defends a claim (strip ""no_evident_not_"" / ""have_evident_"" to see it).
2. B states a fact.
3. Does B disprove A's claim? Same specific issue only, not just same topic.

Output pattern (always use this exact shape):
A: <phrase>
B: <phrase>
Answer: Yes/No

Examples:

A: no_evident_not_easy_check-in
B: customer_wait_10_minute_for_greet
Answer: Yes

A: no_evident_not_easy_check-in
B: no_one_give_key_on_late_check-in
Answer: No

A: no_evident_not_great_quality
B: shampoo_seem_cheap_considering_hotel_cost
Answer: Yes

A: no_evident_not_great_quality
B: expensive_hotel
Answer: No

Now answer for this pair. Output ONLY the final line ""Answer: Yes"" or ""Answer: No"" — no other text.

A: no_evident_not_new_reception
B: suitable_for_overnight_stay
Answer:
","A: no_evident_not_new_reception
B: suitable_for_overnight_stay
Answer: Yes"
2026-08-16 22:20:35,3,25670,no_evident_not_newly_refurbished_hotel,5*_facility,"Task: decide if Proposition B contradicts Assumption A.

Steps:
1. A defends a claim (strip ""no_evident_not_"" / ""have_evident_"" to see it).
2. B states a fact.
3. Does B disprove A's claim? Same specific issue only, not just same topic.

Output pattern (always use this exact shape):
A: <phrase>
B: <phrase>
Answer: Yes/No

Examples:

A: no_evident_not_easy_check-in
B: customer_wait_10_minute_for_greet
Answer: Yes

A: no_evident_not_easy_check-in
B: no_one_give_key_on_late_check-in
Answer: No

A: no_evident_not_great_quality
B: shampoo_seem_cheap_considering_hotel_cost
Answer: Yes

A: no_evident_not_great_quality
B: expensive_hotel
Answer: No

Now answer for this pair. Output ONLY the final line ""Answer: Yes"" or ""Answer: No"" — no other text.

A: no_evident_not_newly_refurbished_hotel
B: 5*_facility
Answer:
","A: no_evident_not_newly_refurbished_hotel
B: 5_year_old_facility
Answer: Yes"
2026-08-16 22:20:35,3,18212,no_evident_not_recently_renovated_interior,wonderful_facility,"Task: decide if Proposition B contradicts Assumption A.

Steps:
1. A defends a claim (strip ""no_evident_not_"" / ""have_evident_"" to see it).
2. B states a fact.
3. Does B disprove A's claim? Same specific issue only, not just same topic.

Output pattern (always use this exact shape):
A: <phrase>
B: <phrase>
Answer: Yes/No

Examples:

A: no_evident_not_easy_check-in
B: customer_wait_10_minute_for_greet
Answer: Yes

A: no_evident_not_easy_check-in
B: no_one_give_key_on_late_check-in
Answer: No

A: no_evident_not_great_quality
B: shampoo_seem_cheap_considering_hotel_cost
Answer: Yes

A: no_evident_not_great_quality
B: expensive_hotel
Answer: No

Now answer for this pair. Output ONLY the final line ""Answer: Yes"" or ""Answer: No"" — no other text.

A: no_evident_not_recently_renovated_interior
B: wonderful_facility
Answer:
","A: no_evident_not_recently_renovated_interior
B: wonderful_facility
Answer: Yes"
2026-08-16 22:20:36,3,21689,no_evident_not_neat_facility,simple_decoration,"Task: decide if Proposition B contradicts Assumption A.

Steps:
1. A defends a claim (strip ""no_evident_not_"" / ""have_evident_"" to see it).
2. B states a fact.
3. Does B disprove A's claim? Same specific issue only, not just same topic.

Output pattern (always use this exact shape):
A: <phrase>
B: <phrase>
Answer: Yes/No

Examples:

A: no_evident_not_easy_check-in
B: customer_wait_10_minute_for_greet
Answer: Yes

A: no_evident_not_easy_check-in
B: no_one_give_key_on_late_check-in
Answer: No

A: no_evident_not_great_quality
B: shampoo_seem_cheap_considering_hotel_cost
Answer: Yes

A: no_evident_not_great_quality
B: expensive_hotel
Answer: No

Now answer for this pair. Output ONLY the final line ""Answer: Yes"" or ""Answer: No"" — no other text.

A: no_evident_not_neat_facility
B: simple_decoration
Answer:
","A: no_evident_not_neat_facility
B: simple_decoration
Answer: No"
2026-08-16 22:20:36,3,23541,no_evident_not_furnished_hotel,able_to_bring_dog,"Task: decide if Proposition B contradicts Assumption A.

Steps:
1. A defends a claim (strip ""no_evident_not_"" / ""have_evident_"" to see it).
2. B states a fact.
3. Does B disprove A's claim? Same specific issue only, not just same topic.

Output pattern (always use this exact shape):
A: <phrase>
B: <phrase>
Answer: Yes/No

Examples:

A: no_evident_not_easy_check-in
B: customer_wait_10_minute_for_greet
Answer: Yes

A: no_evident_not_easy_check-in
B: no_one_give_key_on_late_check-in
Answer: No

A: no_evident_not_great_quality
B: shampoo_seem_cheap_considering_hotel_cost
Answer: Yes

A: no_evident_not_great_quality
B: expensive_hotel
Answer: No

Now answer for this pair. Output ONLY the final line ""Answer: Yes"" or ""Answer: No"" — no other text.

A: no_evident_not_furnished_hotel
B: able_to_bring_dog
Answer:
","A: no_evident_not_furnished_hotel
B: able_to_bring_dog
Answer: No"
2026-08-16 22:20:36,3,15948,no_evident_not_simple_decoration,recently_renovated_hotel,"Task: decide if Proposition B contradicts Assumption A.

Steps:
1. A defends a claim (strip ""no_evident_not_"" / ""have_evident_"" to see it).
2. B states a fact.
3. Does B disprove A's claim? Same specific issue only, not just same topic.

Output pattern (always use this exact shape):
A: <phrase>
B: <phrase>
Answer: Yes/No

Examples:

A: no_evident_not_easy_check-in
B: customer_wait_10_minute_for_greet
Answer: Yes

A: no_evident_not_easy_check-in
B: no_one_give_key_on_late_check-in
Answer: No

A: no_evident_not_great_quality
B: shampoo_seem_cheap_considering_hotel_cost
Answer: Yes

A: no_evident_not_great_quality
B: expensive_hotel
Answer: No

Now answer for this pair. Output ONLY the final line ""Answer: Yes"" or ""Answer: No"" — no other text.

A: no_evident_not_simple_decoration
B: recently_renovated_hotel
Answer:
","A: no_evident_not_simple_decoration
B: recently_renovated_hotel
Answer: No"
2026-08-16 22:20:37,3,5073,no_evident_not_fantastic_hotel,brand_new_facility,"Task: decide if Proposition B contradicts Assumption A.

Steps:
1. A defends a claim (strip ""no_evident_not_"" / ""have_evident_"" to see it).
2. B states a fact.
3. Does B disprove A's claim? Same specific issue only, not just same topic.

Output pattern (always use this exact shape):
A: <phrase>
B: <phrase>
Answer: Yes/No

Examples:

A: no_evident_not_easy_check-in
B: customer_wait_10_minute_for_greet
Answer: Yes

A: no_evident_not_easy_check-in
B: no_one_give_key_on_late_check-in
Answer: No

A: no_evident_not_great_quality
B: shampoo_seem_cheap_considering_hotel_cost
Answer: Yes

A: no_evident_not_great_quality
B: expensive_hotel
Answer: No

Now answer for this pair. Output ONLY the final line ""Answer: Yes"" or ""Answer: No"" — no other text.

A: no_evident_not_fantastic_hotel
B: brand_new_facility
Answer:
","A: no_evident_not_fantastic_hotel
B: brand_new_facility
Answer: No"
2026-08-16 22:20:37,3,6223,no_evident_not_fantastic_service,hotel_received_package_prior_arrival,"Task: decide if Proposition B contradicts Assumption A.

Steps:
1. A defends a claim (strip ""no_evident_not_"" / ""have_evident_"" to see it).
2. B states a fact.
3. Does B disprove A's claim? Same specific issue only, not just same topic.

Output pattern (always use this exact shape):
A: <phrase>
B: <phrase>
Answer: Yes/No

Examples:

A: no_evident_not_easy_check-in
B: customer_wait_10_minute_for_greet
Answer: Yes

A: no_evident_not_easy_check-in
B: no_one_give_key_on_late_check-in
Answer: No

A: no_evident_not_great_quality
B: shampoo_seem_cheap_considering_hotel_cost
Answer: Yes

A: no_evident_not_great_quality
B: expensive_hotel
Answer: No

Now answer for this pair. Output ONLY the final line ""Answer: Yes"" or ""Answer: No"" — no other text.

A: no_evident_not_fantastic_service
B: hotel_received_package_prior_arrival
Answer:
","A: no_evident_not_fantastic_service
B: hotel_received_package_prior_arrival
Answer: Yes"
2026-08-16 22:20:37,3,9723,no_evident_not_brand_new_hotel,family_atmosphere_hotel,"Task: decide if Proposition B contradicts Assumption A.

Steps:
1. A defends a claim (strip ""no_evident_not_"" / ""have_evident_"" to see it).
2. B states a fact.
3. Does B disprove A's claim? Same specific issue only, not just same topic.

Output pattern (always use this exact shape):
A: <phrase>
B: <phrase>
Answer: Yes/No

Examples:

A: no_evident_not_easy_check-in
B: customer_wait_10_minute_for_greet
Answer: Yes

A: no_evident_not_easy_check-in
B: no_one_give_key_on_late_check-in
Answer: No

A: no_evident_not_great_quality
B: shampoo_seem_cheap_considering_hotel_cost
Answer: Yes

A: no_evident_not_great_quality
B: expensive_hotel
Answer: No

Now answer for this pair. Output ONLY the final line ""Answer: Yes"" or ""Answer: No"" — no other text.

A: no_evident_not_brand_new_hotel
B: family_atmosphere_hotel
Answer:
","A: no_evident_not_brand_new_hotel
B: family_atmosphere_hotel
Answer: No"
2026-08-16 22:20:38,3,7134,no_evident_not_great_hotel,front_to_unwind_evening,"Task: decide if Proposition B contradicts Assumption A.

Steps:
1. A defends a claim (strip ""no_evident_not_"" / ""have_evident_"" to see it).
2. B states a fact.
3. Does B disprove A's claim? Same specific issue only, not just same topic.

Output pattern (always use this exact shape):
A: <phrase>
B: <phrase>
Answer: Yes/No

Examples:

A: no_evident_not_easy_check-in
B: customer_wait_10_minute_for_greet
Answer: Yes

A: no_evident_not_easy_check-in
B: no_one_give_key_on_late_check-in
Answer: No

A: no_evident_not_great_quality
B: shampoo_seem_cheap_considering_hotel_cost
Answer: Yes

A: no_evident_not_great_quality
B: expensive_hotel
Answer: No

Now answer for this pair. Output ONLY the final line ""Answer: Yes"" or ""Answer: No"" — no other text.

A: no_evident_not_great_hotel
B: front_to_unwind_evening
Answer:
","A: no_evident_not_great_hotel
B: front_to_unwind_evening
Answer: No"
2026-08-16 22:20:38,3,31743,no_evident_not_all_furniture_new,allow_to_take_dog,"Task: decide if Proposition B contradicts Assumption A.

Steps:
1. A defends a claim (strip ""no_evident_not_"" / ""have_evident_"" to see it).
2. B states a fact.
3. Does B disprove A's claim? Same specific issue only, not just same topic.

Output pattern (always use this exact shape):
A: <phrase>
B: <phrase>
Answer: Yes/No

Examples:

A: no_evident_not_easy_check-in
B: customer_wait_10_minute_for_greet
Answer: Yes

A: no_evident_not_easy_check-in
B: no_one_give_key_on_late_check-in
Answer: No

A: no_evident_not_great_quality
B: shampoo_seem_cheap_considering_hotel_cost
Answer: Yes

A: no_evident_not_great_quality
B: expensive_hotel
Answer: No

Now answer for this pair. Output ONLY the final line ""Answer: Yes"" or ""Answer: No"" — no other text.

A: no_evident_not_all_furniture_new
B: allow_to_take_dog
Answer:
","A: no_evident_not_all_furniture_new
B: allow_to_take_dog
Answer: No"
2026-08-16 22:20:38,3,1917,no_evident_not_lovely_hotel,spotless_hotel,"Task: decide if Proposition B contradicts Assumption A.

Steps:
1. A defends a claim (strip ""no_evident_not_"" / ""have_evident_"" to see it).
2. B states a fact.
3. Does B disprove A's claim? Same specific issue only, not just same topic.

Output pattern (always use this exact shape):
A: <phrase>
B: <phrase>
Answer: Yes/No

Examples:

A: no_evident_not_easy_check-in
B: customer_wait_10_minute_for_greet
Answer: Yes

A: no_evident_not_easy_check-in
B: no_one_give_key_on_late_check-in
Answer: No

A: no_evident_not_great_quality
B: shampoo_seem_cheap_considering_hotel_cost
Answer: Yes

A: no_evident_not_great_quality
B: expensive_hotel
Answer: No

Now answer for this pair. Output ONLY the final line ""Answer: Yes"" or ""Answer: No"" — no other text.

A: no_evident_not_lovely_hotel
B: spotless_hotel
Answer:
","A: no_evident_not_lovely_hotel
B: spotless_hotel
Answer: No"
2026-08-16 22:20:39,3,18979,no_evident_not_brand_new_furniture,nice_small_hotel,"Task: decide if Proposition B contradicts Assumption A.

Steps:
1. A defends a claim (strip ""no_evident_not_"" / ""have_evident_"" to see it).
2. B states a fact.
3. Does B disprove A's claim? Same specific issue only, not just same topic.

Output pattern (always use this exact shape):
A: <phrase>
B: <phrase>
Answer: Yes/No

Examples:

A: no_evident_not_easy_check-in
B: customer_wait_10_minute_for_greet
Answer: Yes

A: no_evident_not_easy_check-in
B: no_one_give_key_on_late_check-in
Answer: No

A: no_evident_not_great_quality
B: shampoo_seem_cheap_considering_hotel_cost
Answer: Yes

A: no_evident_not_great_quality
B: expensive_hotel
Answer: No

Now answer for this pair. Output ONLY the final line ""Answer: Yes"" or ""Answer: No"" — no other text.

A: no_evident_not_brand_new_furniture
B: nice_small_hotel
Answer:
","A: no_evident_not_brand_new_furniture
B: nice_small_hotel
Answer: No"
2026-08-16 22:20:39,3,24109,no_evident_not_clean_reception,free_parking_along_street,"Task: decide if Proposition B contradicts Assumption A.

Steps:
1. A defends a claim (strip ""no_evident_not_"" / ""have_evident_"" to see it).
2. B states a fact.
3. Does B disprove A's claim? Same specific issue only, not just same topic.

Output pattern (always use this exact shape):
A: <phrase>
B: <phrase>
Answer: Yes/No

Examples:

A: no_evident_not_easy_check-in
B: customer_wait_10_minute_for_greet
Answer: Yes

A: no_evident_not_easy_check-in
B: no_one_give_key_on_late_check-in
Answer: No

A: no_evident_not_great_quality
B: shampoo_seem_cheap_considering_hotel_cost
Answer: Yes

A: no_evident_not_great_quality
B: expensive_hotel
Answer: No

Now answer for this pair. Output ONLY the final line ""Answer: Yes"" or ""Answer: No"" — no other text.

A: no_evident_not_clean_reception
B: free_parking_along_street
Answer:
",Answer: No
2026-08-16 22:20:39,3,17767,no_evident_not_5_star_hotel,same_as_photo,"Task: decide if Proposition B contradicts Assumption A.

Steps:
1. A defends a claim (strip ""no_evident_not_"" / ""have_evident_"" to see it).
2. B states a fact.
3. Does B disprove A's claim? Same specific issue only, not just same topic.

Output pattern (always use this exact shape):
A: <phrase>
B: <phrase>
Answer: Yes/No

Examples:

A: no_evident_not_easy_check-in
B: customer_wait_10_minute_for_greet
Answer: Yes

A: no_evident_not_easy_check-in
B: no_one_give_key_on_late_check-in
Answer: No

A: no_evident_not_great_quality
B: shampoo_seem_cheap_considering_hotel_cost
Answer: Yes

A: no_evident_not_great_quality
B: expensive_hotel
Answer: No

Now answer for this pair. Output ONLY the final line ""Answer: Yes"" or ""Answer: No"" — no other text.

A: no_evident_not_5_star_hotel
B: same_as_photo
Answer:
","A: no_evident_not_5_star_hotel
B: same_as_photo
Answer: No"
2026-08-16 22:20:40,3,1998,no_evident_not_peaceful_facility,has_plenty_of_chair,"Task: decide if Proposition B contradicts Assumption A.

Steps:
1. A defends a claim (strip ""no_evident_not_"" / ""have_evident_"" to see it).
2. B states a fact.
3. Does B disprove A's claim? Same specific issue only, not just same topic.

Output pattern (always use this exact shape):
A: <phrase>
B: <phrase>
Answer: Yes/No

Examples:

A: no_evident_not_easy_check-in
B: customer_wait_10_minute_for_greet
Answer: Yes

A: no_evident_not_easy_check-in
B: no_one_give_key_on_late_check-in
Answer: No

A: no_evident_not_great_quality
B: shampoo_seem_cheap_considering_hotel_cost
Answer: Yes

A: no_evident_not_great_quality
B: expensive_hotel
Answer: No

Now answer for this pair. Output ONLY the final line ""Answer: Yes"" or ""Answer: No"" — no other text.

A: no_evident_not_peaceful_facility
B: has_plenty_of_chair
Answer:
","A: no_evident_not_peaceful_facility
B: has_plenty_of_chair
Answer: No"
2026-08-16 22:20:40,3,24510,no_evident_not_small_hotel,everything_new,"Task: decide if Proposition B contradicts Assumption A.

Steps:
1. A defends a claim (strip ""no_evident_not_"" / ""have_evident_"" to see it).
2. B states a fact.
3. Does B disprove A's claim? Same specific issue only, not just same topic.

Output pattern (always use this exact shape):
A: <phrase>
B: <phrase>
Answer: Yes/No

Examples:

A: no_evident_not_easy_check-in
B: customer_wait_10_minute_for_greet
Answer: Yes

A: no_evident_not_easy_check-in
B: no_one_give_key_on_late_check-in
Answer: No

A: no_evident_not_great_quality
B: shampoo_seem_cheap_considering_hotel_cost
Answer: Yes

A: no_evident_not_great_quality
B: expensive_hotel
Answer: No

Now answer for this pair. Output ONLY the final line ""Answer: Yes"" or ""Answer: No"" — no other text.

A: no_evident_not_small_hotel
B: everything_new
Answer:
","A: no_evident_not_small_hotel
B: everything_new
Answer: No"
2026-08-16 22:20:40,3,10277,no_evident_not_everything_cozy,everywhere_spotless_clean,"Task: decide if Proposition B contradicts Assumption A.

Steps:
1. A defends a claim (strip ""no_evident_not_"" / ""have_evident_"" to see it).
2. B states a fact.
3. Does B disprove A's claim? Same specific issue only, not just same topic.

Output pattern (always use this exact shape):
A: <phrase>
B: <phrase>
Answer: Yes/No

Examples:

A: no_evident_not_easy_check-in
B: customer_wait_10_minute_for_greet
Answer: Yes

A: no_evident_not_easy_check-in
B: no_one_give_key_on_late_check-in
Answer: No

A: no_evident_not_great_quality
B: shampoo_seem_cheap_considering_hotel_cost
Answer: Yes

A: no_evident_not_great_quality
B: expensive_hotel
Answer: No

Now answer for this pair. Output ONLY the final line ""Answer: Yes"" or ""Answer: No"" — no other text.

A: no_evident_not_everything_cozy
B: everywhere_spotless_clean
Answer:
","A: no_evident_not_everything_cozy
B: everywhere_spotless_clean
Answer: No"
2026-08-16 22:20:40,3,1874,no_evident_not_lovely_hotel,pet_friendly_hotel,"Task: decide if Proposition B contradicts Assumption A.

Steps:
1. A defends a claim (strip ""no_evident_not_"" / ""have_evident_"" to see it).
2. B states a fact.
3. Does B disprove A's claim? Same specific issue only, not just same topic.

Output pattern (always use this exact shape):
A: <phrase>
B: <phrase>
Answer: Yes/No

Examples:

A: no_evident_not_easy_check-in
B: customer_wait_10_minute_for_greet
Answer: Yes

A: no_evident_not_easy_check-in
B: no_one_give_key_on_late_check-in
Answer: No

A: no_evident_not_great_quality
B: shampoo_seem_cheap_considering_hotel_cost
Answer: Yes

A: no_evident_not_great_quality
B: expensive_hotel
Answer: No

Now answer for this pair. Output ONLY the final line ""Answer: Yes"" or ""Answer: No"" — no other text.

A: no_evident_not_lovely_hotel
B: pet_friendly_hotel
Answer:
","A: no_evident_not_lovely_hotel
B: pet_friendly_hotel
Answer: No"
2026-08-16 22:20:41,3,1644,no_evident_not_welcoming_entrance,recently_refurbished_hotel,"Task: decide if Proposition B contradicts Assumption A.

Steps:
1. A defends a claim (strip ""no_evident_not_"" / ""have_evident_"" to see it).
2. B states a fact.
3. Does B disprove A's claim? Same specific issue only, not just same topic.

Output pattern (always use this exact shape):
A: <phrase>
B: <phrase>
Answer: Yes/No

Examples:

A: no_evident_not_easy_check-in
B: customer_wait_10_minute_for_greet
Answer: Yes

A: no_evident_not_easy_check-in
B: no_one_give_key_on_late_check-in
Answer: No

A: no_evident_not_great_quality
B: shampoo_seem_cheap_considering_hotel_cost
Answer: Yes

A: no_evident_not_great_quality
B: expensive_hotel
Answer: No

Now answer for this pair. Output ONLY the final line ""Answer: Yes"" or ""Answer: No"" — no other text.

A: no_evident_not_welcoming_entrance
B: recently_refurbished_hotel
Answer:
","A: no_evident_not_welcoming_entrance
B: recently_refurbished_hotel
Answer: No"
2026-08-16 22:20:41,3,19143,no_evident_not_affordable_hotel,allow_to_take_dog,"Task: decide if Proposition B contradicts Assumption A.

Steps:
1. A defends a claim (strip ""no_evident_not_"" / ""have_evident_"" to see it).
2. B states a fact.
3. Does B disprove A's claim? Same specific issue only, not just same topic.

Output pattern (always use this exact shape):
A: <phrase>
B: <phrase>
Answer: Yes/No

Examples:

A: no_evident_not_easy_check-in
B: customer_wait_10_minute_for_greet
Answer: Yes

A: no_evident_not_easy_check-in
B: no_one_give_key_on_late_check-in
Answer: No

A: no_evident_not_great_quality
B: shampoo_seem_cheap_considering_hotel_cost
Answer: Yes

A: no_evident_not_great_quality
B: expensive_hotel
Answer: No

Now answer for this pair. Output ONLY the final line ""Answer: Yes"" or ""Answer: No"" — no other text.

A: no_evident_not_affordable_hotel
B: allow_to_take_dog
Answer:
","A: no_evident_not_affordable_hotel
B: allow_to_take_dog
Answer: No"
2026-08-16 22:20:41,3,15624,no_evident_not_excellent_inside,tidy_hotel,"Task: decide if Proposition B contradicts Assumption A.

Steps:
1. A defends a claim (strip ""no_evident_not_"" / ""have_evident_"" to see it).
2. B states a fact.
3. Does B disprove A's claim? Same specific issue only, not just same topic.

Output pattern (always use this exact shape):
A: <phrase>
B: <phrase>
Answer: Yes/No

Examples:

A: no_evident_not_easy_check-in
B: customer_wait_10_minute_for_greet
Answer: Yes

A: no_evident_not_easy_check-in
B: no_one_give_key_on_late_check-in
Answer: No

A: no_evident_not_great_quality
B: shampoo_seem_cheap_considering_hotel_cost
Answer: Yes

A: no_evident_not_great_quality
B: expensive_hotel
Answer: No

Now answer for this pair. Output ONLY the final line ""Answer: Yes"" or ""Answer: No"" — no other text.

A: no_evident_not_excellent_inside
B: tidy_hotel
Answer:
","A: no_evident_not_excellent_inside
B: tidy_hotel
Answer: No"
2026-08-16 22:20:42,3,16478,no_evident_not_nice_atmosphere,easy_hotel,"Task: decide if Proposition B contradicts Assumption A.

Steps:
1. A defends a claim (strip ""no_evident_not_"" / ""have_evident_"" to see it).
2. B states a fact.
3. Does B disprove A's claim? Same specific issue only, not just same topic.

Output pattern (always use this exact shape):
A: <phrase>
B: <phrase>
Answer: Yes/No

Examples:

A: no_evident_not_easy_check-in
B: customer_wait_10_minute_for_greet
Answer: Yes

A: no_evident_not_easy_check-in
B: no_one_give_key_on_late_check-in
Answer: No

A: no_evident_not_great_quality
B: shampoo_seem_cheap_considering_hotel_cost
Answer: Yes

A: no_evident_not_great_quality
B: expensive_hotel
Answer: No

Now answer for this pair. Output ONLY the final line ""Answer: Yes"" or ""Answer: No"" — no other text.

A: no_evident_not_nice_atmosphere
B: easy_hotel
Answer:
","A: no_evident_not_nice_atmosphere
B: easy_hotel
Answer: No"
2026-08-16 22:20:42,3,30127,no_evident_not_free_parking_in_front_of_hotel,everything_great,"Task: decide if Proposition B contradicts Assumption A.

Steps:
1. A defends a claim (strip ""no_evident_not_"" / ""have_evident_"" to see it).
2. B states a fact.
3. Does B disprove A's claim? Same specific issue only, not just same topic.

Output pattern (always use this exact shape):
A: <phrase>
B: <phrase>
Answer: Yes/No

Examples:

A: no_evident_not_easy_check-in
B: customer_wait_10_minute_for_greet
Answer: Yes

A: no_evident_not_easy_check-in
B: no_one_give_key_on_late_check-in
Answer: No

A: no_evident_not_great_quality
B: shampoo_seem_cheap_considering_hotel_cost
Answer: Yes

A: no_evident_not_great_quality
B: expensive_hotel
Answer: No

Now answer for this pair. Output ONLY the final line ""Answer: Yes"" or ""Answer: No"" — no other text.

A: no_evident_not_free_parking_in_front_of_hotel
B: everything_great
Answer:
",Answer: No
2026-08-16 22:20:42,3,27942,no_evident_not_family_hotel,contemporary_hotel,"Task: decide if Proposition B contradicts Assumption A.

Steps:
1. A defends a claim (strip ""no_evident_not_"" / ""have_evident_"" to see it).
2. B states a fact.
3. Does B disprove A's claim? Same specific issue only, not just same topic.

Output pattern (always use this exact shape):
A: <phrase>
B: <phrase>
Answer: Yes/No

Examples:

A: no_evident_not_easy_check-in
B: customer_wait_10_minute_for_greet
Answer: Yes

A: no_evident_not_easy_check-in
B: no_one_give_key_on_late_check-in
Answer: No

A: no_evident_not_great_quality
B: shampoo_seem_cheap_considering_hotel_cost
Answer: Yes

A: no_evident_not_great_quality
B: expensive_hotel
Answer: No

Now answer for this pair. Output ONLY the final line ""Answer: Yes"" or ""Answer: No"" — no other text.

A: no_evident_not_family_hotel
B: contemporary_hotel
Answer:
","A: no_evident_not_family_hotel
B: contemporary_hotel
Answer: No"
2026-08-16 22:20:42,3,17404,no_evident_not_well_situated_hotel,friendly_hotel,"Task: decide if Proposition B contradicts Assumption A.

Steps:
1. A defends a claim (strip ""no_evident_not_"" / ""have_evident_"" to see it).
2. B states a fact.
3. Does B disprove A's claim? Same specific issue only, not just same topic.

Output pattern (always use this exact shape):
A: <phrase>
B: <phrase>
Answer: Yes/No

Examples:

A: no_evident_not_easy_check-in
B: customer_wait_10_minute_for_greet
Answer: Yes

A: no_evident_not_easy_check-in
B: no_one_give_key_on_late_check-in
Answer: No

A: no_evident_not_great_quality
B: shampoo_seem_cheap_considering_hotel_cost
Answer: Yes

A: no_evident_not_great_quality
B: expensive_hotel
Answer: No

Now answer for this pair. Output ONLY the final line ""Answer: Yes"" or ""Answer: No"" — no other text.

A: no_evident_not_well_situated_hotel
B: friendly_hotel
Answer:
","A: no_evident_not_well_situated_hotel
B: friendly_hotel
Answer: No"
2026-08-16 22:20:43,3,5159,no_evident_not_fantastic_hotel,airy_hotel,"Task: decide if Proposition B contradicts Assumption A.

Steps:
1. A defends a claim (strip ""no_evident_not_"" / ""have_evident_"" to see it).
2. B states a fact.
3. Does B disprove A's claim? Same specific issue only, not just same topic.

Output pattern (always use this exact shape):
A: <phrase>
B: <phrase>
Answer: Yes/No

Examples:

A: no_evident_not_easy_check-in
B: customer_wait_10_minute_for_greet
Answer: Yes

A: no_evident_not_easy_check-in
B: no_one_give_key_on_late_check-in
Answer: No

A: no_evident_not_great_quality
B: shampoo_seem_cheap_considering_hotel_cost
Answer: Yes

A: no_evident_not_great_quality
B: expensive_hotel
Answer: No

Now answer for this pair. Output ONLY the final line ""Answer: Yes"" or ""Answer: No"" — no other text.

A: no_evident_not_fantastic_hotel
B: airy_hotel
Answer:
","A: no_evident_not_fantastic_hotel
B: airy_hotel
Answer: No"
2026-08-16 22:20:43,3,1864,no_evident_not_lovely_hotel,boutique_hotel,"Task: decide if Proposition B contradicts Assumption A.

Steps:
1. A defends a claim (strip ""no_evident_not_"" / ""have_evident_"" to see it).
2. B states a fact.
3. Does B disprove A's claim? Same specific issue only, not just same topic.

Output pattern (always use this exact shape):
A: <phrase>
B: <phrase>
Answer: Yes/No

Examples:

A: no_evident_not_easy_check-in
B: customer_wait_10_minute_for_greet
Answer: Yes

A: no_evident_not_easy_check-in
B: no_one_give_key_on_late_check-in
Answer: No

A: no_evident_not_great_quality
B: shampoo_seem_cheap_considering_hotel_cost
Answer: Yes

A: no_evident_not_great_quality
B: expensive_hotel
Answer: No

Now answer for this pair. Output ONLY the final line ""Answer: Yes"" or ""Answer: No"" — no other text.

A: no_evident_not_lovely_hotel
B: boutique_hotel
Answer:
","A: no_evident_not_lovely_hotel
B: boutique_hotel
Answer: No"
2026-08-16 22:20:43,3,31483,no_evident_not_possible_with_animal,comfortable_hall,"Task: decide if Proposition B contradicts Assumption A.

Steps:
1. A defends a claim (strip ""no_evident_not_"" / ""have_evident_"" to see it).
2. B states a fact.
3. Does B disprove A's claim? Same specific issue only, not just same topic.

Output pattern (always use this exact shape):
A: <phrase>
B: <phrase>
Answer: Yes/No

Examples:

A: no_evident_not_easy_check-in
B: customer_wait_10_minute_for_greet
Answer: Yes

A: no_evident_not_easy_check-in
B: no_one_give_key_on_late_check-in
Answer: No

A: no_evident_not_great_quality
B: shampoo_seem_cheap_considering_hotel_cost
Answer: Yes

A: no_evident_not_great_quality
B: expensive_hotel
Answer: No

Now answer for this pair. Output ONLY the final line ""Answer: Yes"" or ""Answer: No"" — no other text.

A: no_evident_not_possible_with_animal
B: comfortable_hall
Answer:
","A: no_evident_not_possible_with_animal
B: animal_can_be_comfortable
Answer: Yes"
2026-08-16 22:20:44,3,16641,no_evident_not_just_renovated_hotel,excellent_hotel,"Task: decide if Proposition B contradicts Assumption A.

Steps:
1. A defends a claim (strip ""no_evident_not_"" / ""have_evident_"" to see it).
2. B states a fact.
3. Does B disprove A's claim? Same specific issue only, not just same topic.

Output pattern (always use this exact shape):
A: <phrase>
B: <phrase>
Answer: Yes/No

Examples:

A: no_evident_not_easy_check-in
B: customer_wait_10_minute_for_greet
Answer: Yes

A: no_evident_not_easy_check-in
B: no_one_give_key_on_late_check-in
Answer: No

A: no_evident_not_great_quality
B: shampoo_seem_cheap_considering_hotel_cost
Answer: Yes

A: no_evident_not_great_quality
B: expensive_hotel
Answer: No

Now answer for this pair. Output ONLY the final line ""Answer: Yes"" or ""Answer: No"" — no other text.

A: no_evident_not_just_renovated_hotel
B: excellent_hotel
Answer:
","A: no_evident_not_just_renovated_hotel
B: excellent_hotel
Answer: No"
2026-08-16 22:20:44,3,2626,no_evident_not_everything_clean,brand_new_furniture,"Task: decide if Proposition B contradicts Assumption A.

Steps:
1. A defends a claim (strip ""no_evident_not_"" / ""have_evident_"" to see it).
2. B states a fact.
3. Does B disprove A's claim? Same specific issue only, not just same topic.

Output pattern (always use this exact shape):
A: <phrase>
B: <phrase>
Answer: Yes/No

Examples:

A: no_evident_not_easy_check-in
B: customer_wait_10_minute_for_greet
Answer: Yes

A: no_evident_not_easy_check-in
B: no_one_give_key_on_late_check-in
Answer: No

A: no_evident_not_great_quality
B: shampoo_seem_cheap_considering_hotel_cost
Answer: Yes

A: no_evident_not_great_quality
B: expensive_hotel
Answer: No

Now answer for this pair. Output ONLY the final line ""Answer: Yes"" or ""Answer: No"" — no other text.

A: no_evident_not_everything_clean
B: brand_new_furniture
Answer:
","A: no_evident_not_everything_clean
B: brand_new_furniture
Answer: No"
2026-08-16 22:20:44,3,27897,no_evident_not_brilliant_hotel,all_furniture_new,"Task: decide if Proposition B contradicts Assumption A.

Steps:
1. A defends a claim (strip ""no_evident_not_"" / ""have_evident_"" to see it).
2. B states a fact.
3. Does B disprove A's claim? Same specific issue only, not just same topic.

Output pattern (always use this exact shape):
A: <phrase>
B: <phrase>
Answer: Yes/No

Examples:

A: no_evident_not_easy_check-in
B: customer_wait_10_minute_for_greet
Answer: Yes

A: no_evident_not_easy_check-in
B: no_one_give_key_on_late_check-in
Answer: No

A: no_evident_not_great_quality
B: shampoo_seem_cheap_considering_hotel_cost
Answer: Yes

A: no_evident_not_great_quality
B: expensive_hotel
Answer: No

Now answer for this pair. Output ONLY the final line ""Answer: Yes"" or ""Answer: No"" — no other text.

A: no_evident_not_brilliant_hotel
B: all_furniture_new
Answer:
","A: no_evident_not_brilliant_hotel
B: all_furniture_new
Answer: No"
2026-08-16 22:20:45,3,6090,no_evident_not_full_equiped,aesthetic_hotel,"Task: decide if Proposition B contradicts Assumption A.

Steps:
1. A defends a claim (strip ""no_evident_not_"" / ""have_evident_"" to see it).
2. B states a fact.
3. Does B disprove A's claim? Same specific issue only, not just same topic.

Output pattern (always use this exact shape):
A: <phrase>
B: <phrase>
Answer: Yes/No

Examples:

A: no_evident_not_easy_check-in
B: customer_wait_10_minute_for_greet
Answer: Yes

A: no_evident_not_easy_check-in
B: no_one_give_key_on_late_check-in
Answer: No

A: no_evident_not_great_quality
B: shampoo_seem_cheap_considering_hotel_cost
Answer: Yes

A: no_evident_not_great_quality
B: expensive_hotel
Answer: No

Now answer for this pair. Output ONLY the final line ""Answer: Yes"" or ""Answer: No"" — no other text.

A: no_evident_not_full_equiped
B: aesthetic_hotel
Answer:
","A: no_evident_not_full_equiped
B: aesthetic_hotel
Answer: No"
2026-08-16 22:20:45,3,2246,no_evident_not_clean_hotel,family_run_hotel,"Task: decide if Proposition B contradicts Assumption A.

Steps:
1. A defends a claim (strip ""no_evident_not_"" / ""have_evident_"" to see it).
2. B states a fact.
3. Does B disprove A's claim? Same specific issue only, not just same topic.

Output pattern (always use this exact shape):
A: <phrase>
B: <phrase>
Answer: Yes/No

Examples:

A: no_evident_not_easy_check-in
B: customer_wait_10_minute_for_greet
Answer: Yes

A: no_evident_not_easy_check-in
B: no_one_give_key_on_late_check-in
Answer: No

A: no_evident_not_great_quality
B: shampoo_seem_cheap_considering_hotel_cost
Answer: Yes

A: no_evident_not_great_quality
B: expensive_hotel
Answer: No

Now answer for this pair. Output ONLY the final line ""Answer: Yes"" or ""Answer: No"" — no other text.

A: no_evident_not_clean_hotel
B: family_run_hotel
Answer:
","A: no_evident_not_clean_hotel
B: family_run_hotel
Answer: Yes"
2026-08-16 22:20:45,3,19499,no_evident_not_amazing_place,basic_hotel,"Task: decide if Proposition B contradicts Assumption A.

Steps:
1. A defends a claim (strip ""no_evident_not_"" / ""have_evident_"" to see it).
2. B states a fact.
3. Does B disprove A's claim? Same specific issue only, not just same topic.

Output pattern (always use this exact shape):
A: <phrase>
B: <phrase>
Answer: Yes/No

Examples:

A: no_evident_not_easy_check-in
B: customer_wait_10_minute_for_greet
Answer: Yes

A: no_evident_not_easy_check-in
B: no_one_give_key_on_late_check-in
Answer: No

A: no_evident_not_great_quality
B: shampoo_seem_cheap_considering_hotel_cost
Answer: Yes

A: no_evident_not_great_quality
B: expensive_hotel
Answer: No

Now answer for this pair. Output ONLY the final line ""Answer: Yes"" or ""Answer: No"" — no other text.

A: no_evident_not_amazing_place
B: basic_hotel
Answer:
","A: no_evident_not_amazing_place
B: basic_hotel
Answer: Yes"
2026-08-16 22:20:46,3,2227,no_evident_not_clean_hotel,everything_great,"Task: decide if Proposition B contradicts Assumption A.

Steps:
1. A defends a claim (strip ""no_evident_not_"" / ""have_evident_"" to see it).
2. B states a fact.
3. Does B disprove A's claim? Same specific issue only, not just same topic.

Output pattern (always use this exact shape):
A: <phrase>
B: <phrase>
Answer: Yes/No

Examples:

A: no_evident_not_easy_check-in
B: customer_wait_10_minute_for_greet
Answer: Yes

A: no_evident_not_easy_check-in
B: no_one_give_key_on_late_check-in
Answer: No

A: no_evident_not_great_quality
B: shampoo_seem_cheap_considering_hotel_cost
Answer: Yes

A: no_evident_not_great_quality
B: expensive_hotel
Answer: No

Now answer for this pair. Output ONLY the final line ""Answer: Yes"" or ""Answer: No"" — no other text.

A: no_evident_not_clean_hotel
B: everything_great
Answer:
","A: no_evident_not_clean_hotel
B: everything_great
Answer: No"
2026-08-16 22:20:46,3,22126,no_evident_not_feel_like_home_hotel,has_parking_in_hotel_area,"Task: decide if Proposition B contradicts Assumption A.

Steps:
1. A defends a claim (strip ""no_evident_not_"" / ""have_evident_"" to see it).
2. B states a fact.
3. Does B disprove A's claim? Same specific issue only, not just same topic.

Output pattern (always use this exact shape):
A: <phrase>
B: <phrase>
Answer: Yes/No

Examples:

A: no_evident_not_easy_check-in
B: customer_wait_10_minute_for_greet
Answer: Yes

A: no_evident_not_easy_check-in
B: no_one_give_key_on_late_check-in
Answer: No

A: no_evident_not_great_quality
B: shampoo_seem_cheap_considering_hotel_cost
Answer: Yes

A: no_evident_not_great_quality
B: expensive_hotel
Answer: No

Now answer for this pair. Output ONLY the final line ""Answer: Yes"" or ""Answer: No"" — no other text.

A: no_evident_not_feel_like_home_hotel
B: has_parking_in_hotel_area
Answer:
",Answer: No
2026-08-16 22:20:46,3,28241,no_evident_not_welcoming_environment,comfortable_street_terrace,"Task: decide if Proposition B contradicts Assumption A.

Steps:
1. A defends a claim (strip ""no_evident_not_"" / ""have_evident_"" to see it).
2. B states a fact.
3. Does B disprove A's claim? Same specific issue only, not just same topic.

Output pattern (always use this exact shape):
A: <phrase>
B: <phrase>
Answer: Yes/No

Examples:

A: no_evident_not_easy_check-in
B: customer_wait_10_minute_for_greet
Answer: Yes

A: no_evident_not_easy_check-in
B: no_one_give_key_on_late_check-in
Answer: No

A: no_evident_not_great_quality
B: shampoo_seem_cheap_considering_hotel_cost
Answer: Yes

A: no_evident_not_great_quality
B: expensive_hotel
Answer: No

Now answer for this pair. Output ONLY the final line ""Answer: Yes"" or ""Answer: No"" — no other text.

A: no_evident_not_welcoming_environment
B: comfortable_street_terrace
Answer:
","A: no_evident_not_welcoming_environment
B: comfortable_street_terrace
Answer: No"
2026-08-16 22:20:46,3,7708,no_evident_not_beautiful_hotel,neat_hotel,"Task: decide if Proposition B contradicts Assumption A.

Steps:
1. A defends a claim (strip ""no_evident_not_"" / ""have_evident_"" to see it).
2. B states a fact.
3. Does B disprove A's claim? Same specific issue only, not just same topic.

Output pattern (always use this exact shape):
A: <phrase>
B: <phrase>
Answer: Yes/No

Examples:

A: no_evident_not_easy_check-in
B: customer_wait_10_minute_for_greet
Answer: Yes

A: no_evident_not_easy_check-in
B: no_one_give_key_on_late_check-in
Answer: No

A: no_evident_not_great_quality
B: shampoo_seem_cheap_considering_hotel_cost
Answer: Yes

A: no_evident_not_great_quality
B: expensive_hotel
Answer: No

Now answer for this pair. Output ONLY the final line ""Answer: Yes"" or ""Answer: No"" — no other text.

A: no_evident_not_beautiful_hotel
B: neat_hotel
Answer:
","A: no_evident_not_beautiful_hotel
B: neat_hotel
Answer: No"
2026-08-16 22:20:46,3,13231,no_evident_not_pet_friendly_hotel,contemporary_decoration,"Task: decide if Proposition B contradicts Assumption A.

Steps:
1. A defends a claim (strip ""no_evident_not_"" / ""have_evident_"" to see it).
2. B states a fact.
3. Does B disprove A's claim? Same specific issue only, not just same topic.

Output pattern (always use this exact shape):
A: <phrase>
B: <phrase>
Answer: Yes/No

Examples:

A: no_evident_not_easy_check-in
B: customer_wait_10_minute_for_greet
Answer: Yes

A: no_evident_not_easy_check-in
B: no_one_give_key_on_late_check-in
Answer: No

A: no_evident_not_great_quality
B: shampoo_seem_cheap_considering_hotel_cost
Answer: Yes

A: no_evident_not_great_quality
B: expensive_hotel
Answer: No

Now answer for this pair. Output ONLY the final line ""Answer: Yes"" or ""Answer: No"" — no other text.

A: no_evident_not_pet_friendly_hotel
B: contemporary_decoration
Answer:
",Answer: No
2026-08-16 22:20:46,3,3929,no_evident_not_modern_hotel,stunning_hotel,"Task: decide if Proposition B contradicts Assumption A.

Steps:
1. A defends a claim (strip ""no_evident_not_"" / ""have_evident_"" to see it).
2. B states a fact.
3. Does B disprove A's claim? Same specific issue only, not just same topic.

Output pattern (always use this exact shape):
A: <phrase>
B: <phrase>
Answer: Yes/No

Examples:

A: no_evident_not_easy_check-in
B: customer_wait_10_minute_for_greet
Answer: Yes

A: no_evident_not_easy_check-in
B: no_one_give_key_on_late_check-in
Answer: No

A: no_evident_not_great_quality
B: shampoo_seem_cheap_considering_hotel_cost
Answer: Yes

A: no_evident_not_great_quality
B: expensive_hotel
Answer: No

Now answer for this pair. Output ONLY the final line ""Answer: Yes"" or ""Answer: No"" — no other text.

A: no_evident_not_modern_hotel
B: stunning_hotel
Answer:
",Answer: No
2026-08-16 22:20:47,3,30855,no_evident_not_surprise_with_swimming_pool,no_extra_charge_for_dog,"Task: decide if Proposition B contradicts Assumption A.

Steps:
1. A defends a claim (strip ""no_evident_not_"" / ""have_evident_"" to see it).
2. B states a fact.
3. Does B disprove A's claim? Same specific issue only, not just same topic.

Output pattern (always use this exact shape):
A: <phrase>
B: <phrase>
Answer: Yes/No

Examples:

A: no_evident_not_easy_check-in
B: customer_wait_10_minute_for_greet
Answer: Yes

A: no_evident_not_easy_check-in
B: no_one_give_key_on_late_check-in
Answer: No

A: no_evident_not_great_quality
B: shampoo_seem_cheap_considering_hotel_cost
Answer: Yes

A: no_evident_not_great_quality
B: expensive_hotel
Answer: No

Now answer for this pair. Output ONLY the final line ""Answer: Yes"" or ""Answer: No"" — no other text.

A: no_evident_not_surprise_with_swimming_pool
B: no_extra_charge_for_dog
Answer:
","A: no_evident_not_surprise_with_swimming_pool
B: no_extra_charge_for_dog
Answer: Yes"
2026-08-16 22:20:47,3,29173,no_evident_not_comfortable_hall,clean_hotel,"Task: decide if Proposition B contradicts Assumption A.

Steps:
1. A defends a claim (strip ""no_evident_not_"" / ""have_evident_"" to see it).
2. B states a fact.
3. Does B disprove A's claim? Same specific issue only, not just same topic.

Output pattern (always use this exact shape):
A: <phrase>
B: <phrase>
Answer: Yes/No

Examples:

A: no_evident_not_easy_check-in
B: customer_wait_10_minute_for_greet
Answer: Yes

A: no_evident_not_easy_check-in
B: no_one_give_key_on_late_check-in
Answer: No

A: no_evident_not_great_quality
B: shampoo_seem_cheap_considering_hotel_cost
Answer: Yes

A: no_evident_not_great_quality
B: expensive_hotel
Answer: No

Now answer for this pair. Output ONLY the final line ""Answer: Yes"" or ""Answer: No"" — no other text.

A: no_evident_not_comfortable_hall
B: clean_hotel
Answer:
","A: no_evident_not_comfortable_hall
B: clean_hotel
Answer: No"
2026-08-16 22:20:47,3,18668,no_evident_not_clean_facility,many_free_parking_space_available_on_early_November,"Task: decide if Proposition B contradicts Assumption A.

Steps:
1. A defends a claim (strip ""no_evident_not_"" / ""have_evident_"" to see it).
2. B states a fact.
3. Does B disprove A's claim? Same specific issue only, not just same topic.

Output pattern (always use this exact shape):
A: <phrase>
B: <phrase>
Answer: Yes/No

Examples:

A: no_evident_not_easy_check-in
B: customer_wait_10_minute_for_greet
Answer: Yes

A: no_evident_not_easy_check-in
B: no_one_give_key_on_late_check-in
Answer: No

A: no_evident_not_great_quality
B: shampoo_seem_cheap_considering_hotel_cost
Answer: Yes

A: no_evident_not_great_quality
B: expensive_hotel
Answer: No

Now answer for this pair. Output ONLY the final line ""Answer: Yes"" or ""Answer: No"" — no other text.

A: no_evident_not_clean_facility
B: many_free_parking_space_available_on_early_November
Answer:
",Answer: No
2026-08-16 22:20:47,3,8068,no_evident_not_offered_food,neat_hotel,"Task: decide if Proposition B contradicts Assumption A.

Steps:
1. A defends a claim (strip ""no_evident_not_"" / ""have_evident_"" to see it).
2. B states a fact.
3. Does B disprove A's claim? Same specific issue only, not just same topic.

Output pattern (always use this exact shape):
A: <phrase>
B: <phrase>
Answer: Yes/No

Examples:

A: no_evident_not_easy_check-in
B: customer_wait_10_minute_for_greet
Answer: Yes

A: no_evident_not_easy_check-in
B: no_one_give_key_on_late_check-in
Answer: No

A: no_evident_not_great_quality
B: shampoo_seem_cheap_considering_hotel_cost
Answer: Yes

A: no_evident_not_great_quality
B: expensive_hotel
Answer: No

Now answer for this pair. Output ONLY the final line ""Answer: Yes"" or ""Answer: No"" — no other text.

A: no_evident_not_offered_food
B: neat_hotel
Answer:
","A: no_evident_not_offered_food
B: no_food_given_to_guest
Answer: Yes"
2026-08-16 22:20:48,3,18971,no_evident_not_brand_new_furniture,nice_ambiance_hotel,"Task: decide if Proposition B contradicts Assumption A.

Steps:
1. A defends a claim (strip ""no_evident_not_"" / ""have_evident_"" to see it).
2. B states a fact.
3. Does B disprove A's claim? Same specific issue only, not just same topic.

Output pattern (always use this exact shape):
A: <phrase>
B: <phrase>
Answer: Yes/No

Examples:

A: no_evident_not_easy_check-in
B: customer_wait_10_minute_for_greet
Answer: Yes

A: no_evident_not_easy_check-in
B: no_one_give_key_on_late_check-in
Answer: No

A: no_evident_not_great_quality
B: shampoo_seem_cheap_considering_hotel_cost
Answer: Yes

A: no_evident_not_great_quality
B: expensive_hotel
Answer: No

Now answer for this pair. Output ONLY the final line ""Answer: Yes"" or ""Answer: No"" — no other text.

A: no_evident_not_brand_new_furniture
B: nice_ambiance_hotel
Answer:
","A: no_evident_not_brand_new_furniture
B: nice_ambiance_hotel
Answer: No"
2026-08-16 22:20:48,3,19482,no_evident_not_amazing_place,contemporary_hotel,"Task: decide if Proposition B contradicts Assumption A.

Steps:
1. A defends a claim (strip ""no_evident_not_"" / ""have_evident_"" to see it).
2. B states a fact.
3. Does B disprove A's claim? Same specific issue only, not just same topic.

Output pattern (always use this exact shape):
A: <phrase>
B: <phrase>
Answer: Yes/No

Examples:

A: no_evident_not_easy_check-in
B: customer_wait_10_minute_for_greet
Answer: Yes

A: no_evident_not_easy_check-in
B: no_one_give_key_on_late_check-in
Answer: No

A: no_evident_not_great_quality
B: shampoo_seem_cheap_considering_hotel_cost
Answer: Yes

A: no_evident_not_great_quality
B: expensive_hotel
Answer: No

Now answer for this pair. Output ONLY the final line ""Answer: Yes"" or ""Answer: No"" — no other text.

A: no_evident_not_amazing_place
B: contemporary_hotel
Answer:
","A: no_evident_not_amazing_place
B: contemporary_hotel
Answer: No"
2026-08-16 22:20:48,3,1303,no_evident_not_high_standard_renovated,beautiful_hotel,"Task: decide if Proposition B contradicts Assumption A.

Steps:
1. A defends a claim (strip ""no_evident_not_"" / ""have_evident_"" to see it).
2. B states a fact.
3. Does B disprove A's claim? Same specific issue only, not just same topic.

Output pattern (always use this exact shape):
A: <phrase>
B: <phrase>
Answer: Yes/No

Examples:

A: no_evident_not_easy_check-in
B: customer_wait_10_minute_for_greet
Answer: Yes

A: no_evident_not_easy_check-in
B: no_one_give_key_on_late_check-in
Answer: No

A: no_evident_not_great_quality
B: shampoo_seem_cheap_considering_hotel_cost
Answer: Yes

A: no_evident_not_great_quality
B: expensive_hotel
Answer: No

Now answer for this pair. Output ONLY the final line ""Answer: Yes"" or ""Answer: No"" — no other text.

A: no_evident_not_high_standard_renovated
B: beautiful_hotel
Answer:
","A: no_evident_not_high_standard_renovated
B: beautiful_hotel
Answer: No"
2026-08-16 22:20:49,3,20296,no_evident_not_nice_front_of_hotel,good_quality_hotel,"Task: decide if Proposition B contradicts Assumption A.

Steps:
1. A defends a claim (strip ""no_evident_not_"" / ""have_evident_"" to see it).
2. B states a fact.
3. Does B disprove A's claim? Same specific issue only, not just same topic.

Output pattern (always use this exact shape):
A: <phrase>
B: <phrase>
Answer: Yes/No

Examples:

A: no_evident_not_easy_check-in
B: customer_wait_10_minute_for_greet
Answer: Yes

A: no_evident_not_easy_check-in
B: no_one_give_key_on_late_check-in
Answer: No

A: no_evident_not_great_quality
B: shampoo_seem_cheap_considering_hotel_cost
Answer: Yes

A: no_evident_not_great_quality
B: expensive_hotel
Answer: No

Now answer for this pair. Output ONLY the final line ""Answer: Yes"" or ""Answer: No"" — no other text.

A: no_evident_not_nice_front_of_hotel
B: good_quality_hotel
Answer:
","A: no_evident_not_nice_front_of_hotel
B: good_quality_hotel
Answer: No"
2026-08-16 22:20:49,3,2687,no_evident_not_everything_clean,can_request_for_transfer_from_airport,"Task: decide if Proposition B contradicts Assumption A.

Steps:
1. A defends a claim (strip ""no_evident_not_"" / ""have_evident_"" to see it).
2. B states a fact.
3. Does B disprove A's claim? Same specific issue only, not just same topic.

Output pattern (always use this exact shape):
A: <phrase>
B: <phrase>
Answer: Yes/No

Examples:

A: no_evident_not_easy_check-in
B: customer_wait_10_minute_for_greet
Answer: Yes

A: no_evident_not_easy_check-in
B: no_one_give_key_on_late_check-in
Answer: No

A: no_evident_not_great_quality
B: shampoo_seem_cheap_considering_hotel_cost
Answer: Yes

A: no_evident_not_great_quality
B: expensive_hotel
Answer: No

Now answer for this pair. Output ONLY the final line ""Answer: Yes"" or ""Answer: No"" — no other text.

A: no_evident_not_everything_clean
B: can_request_for_transfer_from_airport
Answer:
","A: no_evident_not_everything_clean
B: can_request_for_transfer_from_airport
Answer: No"
2026-08-16 22:20:49,3,13738,no_evident_not_good_wifi,everything_cozy,"Task: decide if Proposition B contradicts Assumption A.

Steps:
1. A defends a claim (strip ""no_evident_not_"" / ""have_evident_"" to see it).
2. B states a fact.
3. Does B disprove A's claim? Same specific issue only, not just same topic.

Output pattern (always use this exact shape):
A: <phrase>
B: <phrase>
Answer: Yes/No

Examples:

A: no_evident_not_easy_check-in
B: customer_wait_10_minute_for_greet
Answer: Yes

A: no_evident_not_easy_check-in
B: no_one_give_key_on_late_check-in
Answer: No

A: no_evident_not_great_quality
B: shampoo_seem_cheap_considering_hotel_cost
Answer: Yes

A: no_evident_not_great_quality
B: expensive_hotel
Answer: No

Now answer for this pair. Output ONLY the final line ""Answer: Yes"" or ""Answer: No"" — no other text.

A: no_evident_not_good_wifi
B: everything_cozy
Answer:
","A: no_evident_not_good_wifi
B: everything_cozy
Answer: No"
2026-08-16 22:20:50,3,21541,no_evident_not_light_hotel,neat_facility,"Task: decide if Proposition B contradicts Assumption A.

Steps:
1. A defends a claim (strip ""no_evident_not_"" / ""have_evident_"" to see it).
2. B states a fact.
3. Does B disprove A's claim? Same specific issue only, not just same topic.

Output pattern (always use this exact shape):
A: <phrase>
B: <phrase>
Answer: Yes/No

Examples:

A: no_evident_not_easy_check-in
B: customer_wait_10_minute_for_greet
Answer: Yes

A: no_evident_not_easy_check-in
B: no_one_give_key_on_late_check-in
Answer: No

A: no_evident_not_great_quality
B: shampoo_seem_cheap_considering_hotel_cost
Answer: Yes

A: no_evident_not_great_quality
B: expensive_hotel
Answer: No

Now answer for this pair. Output ONLY the final line ""Answer: Yes"" or ""Answer: No"" — no other text.

A: no_evident_not_light_hotel
B: neat_facility
Answer:
","A: no_evident_not_light_hotel
B: neat_facility
Answer: No"
2026-08-16 22:20:50,3,19126,no_evident_not_affordable_hotel,offered_drink,"Task: decide if Proposition B contradicts Assumption A.

Steps:
1. A defends a claim (strip ""no_evident_not_"" / ""have_evident_"" to see it).
2. B states a fact.
3. Does B disprove A's claim? Same specific issue only, not just same topic.

Output pattern (always use this exact shape):
A: <phrase>
B: <phrase>
Answer: Yes/No

Examples:

A: no_evident_not_easy_check-in
B: customer_wait_10_minute_for_greet
Answer: Yes

A: no_evident_not_easy_check-in
B: no_one_give_key_on_late_check-in
Answer: No

A: no_evident_not_great_quality
B: shampoo_seem_cheap_considering_hotel_cost
Answer: Yes

A: no_evident_not_great_quality
B: expensive_hotel
Answer: No

Now answer for this pair. Output ONLY the final line ""Answer: Yes"" or ""Answer: No"" — no other text.

A: no_evident_not_affordable_hotel
B: offered_drink
Answer:
",Answer: No
2026-08-16 22:20:50,3,18522,no_evident_not_hotel_received_package_prior_arrival,clean_hall,"Task: decide if Proposition B contradicts Assumption A.

Steps:
1. A defends a claim (strip ""no_evident_not_"" / ""have_evident_"" to see it).
2. B states a fact.
3. Does B disprove A's claim? Same specific issue only, not just same topic.

Output pattern (always use this exact shape):
A: <phrase>
B: <phrase>
Answer: Yes/No

Examples:

A: no_evident_not_easy_check-in
B: customer_wait_10_minute_for_greet
Answer: Yes

A: no_evident_not_easy_check-in
B: no_one_give_key_on_late_check-in
Answer: No

A: no_evident_not_great_quality
B: shampoo_seem_cheap_considering_hotel_cost
Answer: Yes

A: no_evident_not_great_quality
B: expensive_hotel
Answer: No

Now answer for this pair. Output ONLY the final line ""Answer: Yes"" or ""Answer: No"" — no other text.

A: no_evident_not_hotel_received_package_prior_arrival
B: clean_hall
Answer:
","A: no_evident_not_hotel_received_package_prior_arrival
B: clean_hall
Answer: No"
2026-08-16 22:20:50,3,17131,no_evident_not_look_like_almost_new_hotel,everything_beautiful,"Task: decide if Proposition B contradicts Assumption A.

Steps:
1. A defends a claim (strip ""no_evident_not_"" / ""have_evident_"" to see it).
2. B states a fact.
3. Does B disprove A's claim? Same specific issue only, not just same topic.

Output pattern (always use this exact shape):
A: <phrase>
B: <phrase>
Answer: Yes/No

Examples:

A: no_evident_not_easy_check-in
B: customer_wait_10_minute_for_greet
Answer: Yes

A: no_evident_not_easy_check-in
B: no_one_give_key_on_late_check-in
Answer: No

A: no_evident_not_great_quality
B: shampoo_seem_cheap_considering_hotel_cost
Answer: Yes

A: no_evident_not_great_quality
B: expensive_hotel
Answer: No

Now answer for this pair. Output ONLY the final line ""Answer: Yes"" or ""Answer: No"" — no other text.

A: no_evident_not_look_like_almost_new_hotel
B: everything_beautiful
Answer:
","A: no_evident_not_look_like_almost_new_hotel
B: everything_beautiful
Answer: No"
2026-08-16 22:20:51,3,10367,no_evident_not_everything_cozy,affordable_hotel,"Task: decide if Proposition B contradicts Assumption A.

Steps:
1. A defends a claim (strip ""no_evident_not_"" / ""have_evident_"" to see it).
2. B states a fact.
3. Does B disprove A's claim? Same specific issue only, not just same topic.

Output pattern (always use this exact shape):
A: <phrase>
B: <phrase>
Answer: Yes/No

Examples:

A: no_evident_not_easy_check-in
B: customer_wait_10_minute_for_greet
Answer: Yes

A: no_evident_not_easy_check-in
B: no_one_give_key_on_late_check-in
Answer: No

A: no_evident_not_great_quality
B: shampoo_seem_cheap_considering_hotel_cost
Answer: Yes

A: no_evident_not_great_quality
B: expensive_hotel
Answer: No

Now answer for this pair. Output ONLY the final line ""Answer: Yes"" or ""Answer: No"" — no other text.

A: no_evident_not_everything_cozy
B: affordable_hotel
Answer:
","A: no_evident_not_everything_cozy
B: affordable_hotel
Answer: Yes"
2026-08-16 22:20:51,3,30629,no_evident_not_stylish_hotel,fantastic_hotel,"Task: decide if Proposition B contradicts Assumption A.

Steps:
1. A defends a claim (strip ""no_evident_not_"" / ""have_evident_"" to see it).
2. B states a fact.
3. Does B disprove A's claim? Same specific issue only, not just same topic.

Output pattern (always use this exact shape):
A: <phrase>
B: <phrase>
Answer: Yes/No

Examples:

A: no_evident_not_easy_check-in
B: customer_wait_10_minute_for_greet
Answer: Yes

A: no_evident_not_easy_check-in
B: no_one_give_key_on_late_check-in
Answer: No

A: no_evident_not_great_quality
B: shampoo_seem_cheap_considering_hotel_cost
Answer: Yes

A: no_evident_not_great_quality
B: expensive_hotel
Answer: No

Now answer for this pair. Output ONLY the final line ""Answer: Yes"" or ""Answer: No"" — no other text.

A: no_evident_not_stylish_hotel
B: fantastic_hotel
Answer:
",Answer: No
2026-08-16 22:20:51,3,8545,no_evident_not_fresh_hotel,comfortable_atmosphere,"Task: decide if Proposition B contradicts Assumption A.

Steps:
1. A defends a claim (strip ""no_evident_not_"" / ""have_evident_"" to see it).
2. B states a fact.
3. Does B disprove A's claim? Same specific issue only, not just same topic.

Output pattern (always use this exact shape):
A: <phrase>
B: <phrase>
Answer: Yes/No

Examples:

A: no_evident_not_easy_check-in
B: customer_wait_10_minute_for_greet
Answer: Yes

A: no_evident_not_easy_check-in
B: no_one_give_key_on_late_check-in
Answer: No

A: no_evident_not_great_quality
B: shampoo_seem_cheap_considering_hotel_cost
Answer: Yes

A: no_evident_not_great_quality
B: expensive_hotel
Answer: No

Now answer for this pair. Output ONLY the final line ""Answer: Yes"" or ""Answer: No"" — no other text.

A: no_evident_not_fresh_hotel
B: comfortable_atmosphere
Answer:
","A: no_evident_not_fresh_hotel
B: comfortable_atmosphere
Answer: No"
2026-08-16 22:20:51,3,6694,no_evident_not_well_run,full_equiped,"Task: decide if Proposition B contradicts Assumption A.

Steps:
1. A defends a claim (strip ""no_evident_not_"" / ""have_evident_"" to see it).
2. B states a fact.
3. Does B disprove A's claim? Same specific issue only, not just same topic.

Output pattern (always use this exact shape):
A: <phrase>
B: <phrase>
Answer: Yes/No

Examples:

A: no_evident_not_easy_check-in
B: customer_wait_10_minute_for_greet
Answer: Yes

A: no_evident_not_easy_check-in
B: no_one_give_key_on_late_check-in
Answer: No

A: no_evident_not_great_quality
B: shampoo_seem_cheap_considering_hotel_cost
Answer: Yes

A: no_evident_not_great_quality
B: expensive_hotel
Answer: No

Now answer for this pair. Output ONLY the final line ""Answer: Yes"" or ""Answer: No"" — no other text.

A: no_evident_not_well_run
B: full_equiped
Answer:
","A: no_evident_not_well_run
B: full_equiped
Answer: No"
2026-08-16 22:20:51,3,21946,no_evident_not_take_COVID_prevention_measure,has_parking_in_hotel_area,"Task: decide if Proposition B contradicts Assumption A.

Steps:
1. A defends a claim (strip ""no_evident_not_"" / ""have_evident_"" to see it).
2. B states a fact.
3. Does B disprove A's claim? Same specific issue only, not just same topic.

Output pattern (always use this exact shape):
A: <phrase>
B: <phrase>
Answer: Yes/No

Examples:

A: no_evident_not_easy_check-in
B: customer_wait_10_minute_for_greet
Answer: Yes

A: no_evident_not_easy_check-in
B: no_one_give_key_on_late_check-in
Answer: No

A: no_evident_not_great_quality
B: shampoo_seem_cheap_considering_hotel_cost
Answer: Yes

A: no_evident_not_great_quality
B: expensive_hotel
Answer: No

Now answer for this pair. Output ONLY the final line ""Answer: Yes"" or ""Answer: No"" — no other text.

A: no_evident_not_take_COVID_prevention_measure
B: has_parking_in_hotel_area
Answer:
",Answer: No
2026-08-16 22:20:52,3,23469,no_evident_not_furnished_hotel,feel_like_home_atmosphere,"Task: decide if Proposition B contradicts Assumption A.

Steps:
1. A defends a claim (strip ""no_evident_not_"" / ""have_evident_"" to see it).
2. B states a fact.
3. Does B disprove A's claim? Same specific issue only, not just same topic.

Output pattern (always use this exact shape):
A: <phrase>
B: <phrase>
Answer: Yes/No

Examples:

A: no_evident_not_easy_check-in
B: customer_wait_10_minute_for_greet
Answer: Yes

A: no_evident_not_easy_check-in
B: no_one_give_key_on_late_check-in
Answer: No

A: no_evident_not_great_quality
B: shampoo_seem_cheap_considering_hotel_cost
Answer: Yes

A: no_evident_not_great_quality
B: expensive_hotel
Answer: No

Now answer for this pair. Output ONLY the final line ""Answer: Yes"" or ""Answer: No"" — no other text.

A: no_evident_not_furnished_hotel
B: feel_like_home_atmosphere
Answer:
","A: no_evident_not_furnished_hotel
B: feel_like_home_atmosphere
Answer: No"
2026-08-16 22:20:52,3,10296,no_evident_not_everything_cozy,perfect_hotel,"Task: decide if Proposition B contradicts Assumption A.

Steps:
1. A defends a claim (strip ""no_evident_not_"" / ""have_evident_"" to see it).
2. B states a fact.
3. Does B disprove A's claim? Same specific issue only, not just same topic.

Output pattern (always use this exact shape):
A: <phrase>
B: <phrase>
Answer: Yes/No

Examples:

A: no_evident_not_easy_check-in
B: customer_wait_10_minute_for_greet
Answer: Yes

A: no_evident_not_easy_check-in
B: no_one_give_key_on_late_check-in
Answer: No

A: no_evident_not_great_quality
B: shampoo_seem_cheap_considering_hotel_cost
Answer: Yes

A: no_evident_not_great_quality
B: expensive_hotel
Answer: No

Now answer for this pair. Output ONLY the final line ""Answer: Yes"" or ""Answer: No"" — no other text.

A: no_evident_not_everything_cozy
B: perfect_hotel
Answer:
","A: no_evident_not_everything_cozy
B: perfect_hotel
Answer: Yes"
2026-08-16 22:20:52,3,7822,no_evident_not_new_facility,spotlessly_clean,"Task: decide if Proposition B contradicts Assumption A.

Steps:
1. A defends a claim (strip ""no_evident_not_"" / ""have_evident_"" to see it).
2. B states a fact.
3. Does B disprove A's claim? Same specific issue only, not just same topic.

Output pattern (always use this exact shape):
A: <phrase>
B: <phrase>
Answer: Yes/No

Examples:

A: no_evident_not_easy_check-in
B: customer_wait_10_minute_for_greet
Answer: Yes

A: no_evident_not_easy_check-in
B: no_one_give_key_on_late_check-in
Answer: No

A: no_evident_not_great_quality
B: shampoo_seem_cheap_considering_hotel_cost
Answer: Yes

A: no_evident_not_great_quality
B: expensive_hotel
Answer: No

Now answer for this pair. Output ONLY the final line ""Answer: Yes"" or ""Answer: No"" — no other text.

A: no_evident_not_new_facility
B: spotlessly_clean
Answer:
","A: no_evident_not_new_facility
B: spotlessly_clean
Answer: No"
2026-08-16 22:20:53,3,8704,no_evident_not_beautifully_kept_hotel,boutique_hotel,"Task: decide if Proposition B contradicts Assumption A.

Steps:
1. A defends a claim (strip ""no_evident_not_"" / ""have_evident_"" to see it).
2. B states a fact.
3. Does B disprove A's claim? Same specific issue only, not just same topic.

Output pattern (always use this exact shape):
A: <phrase>
B: <phrase>
Answer: Yes/No

Examples:

A: no_evident_not_easy_check-in
B: customer_wait_10_minute_for_greet
Answer: Yes

A: no_evident_not_easy_check-in
B: no_one_give_key_on_late_check-in
Answer: No

A: no_evident_not_great_quality
B: shampoo_seem_cheap_considering_hotel_cost
Answer: Yes

A: no_evident_not_great_quality
B: expensive_hotel
Answer: No

Now answer for this pair. Output ONLY the final line ""Answer: Yes"" or ""Answer: No"" — no other text.

A: no_evident_not_beautifully_kept_hotel
B: boutique_hotel
Answer:
","A: no_evident_not_beautifully_kept_hotel
B: boutique_hotel
Answer: Yes"
2026-08-16 22:20:53,3,12970,no_evident_not_feel_welcome_from_arrival_moment,welcoming_entrance,"Task: decide if Proposition B contradicts Assumption A.

Steps:
1. A defends a claim (strip ""no_evident_not_"" / ""have_evident_"" to see it).
2. B states a fact.
3. Does B disprove A's claim? Same specific issue only, not just same topic.

Output pattern (always use this exact shape):
A: <phrase>
B: <phrase>
Answer: Yes/No

Examples:

A: no_evident_not_easy_check-in
B: customer_wait_10_minute_for_greet
Answer: Yes

A: no_evident_not_easy_check-in
B: no_one_give_key_on_late_check-in
Answer: No

A: no_evident_not_great_quality
B: shampoo_seem_cheap_considering_hotel_cost
Answer: Yes

A: no_evident_not_great_quality
B: expensive_hotel
Answer: No

Now answer for this pair. Output ONLY the final line ""Answer: Yes"" or ""Answer: No"" — no other text.

A: no_evident_not_feel_welcome_from_arrival_moment
B: welcoming_entrance
Answer:
","A: no_evident_not_feel_welcome_from_arrival_moment
B: welcoming_entrance
Answer: No"
2026-08-16 22:20:54,3,4289,no_evident_not_recently_refurbished_hotel,stunning_hotel,"Task: decide if Proposition B contradicts Assumption A.

Steps:
1. A defends a claim (strip ""no_evident_not_"" / ""have_evident_"" to see it).
2. B states a fact.
3. Does B disprove A's claim? Same specific issue only, not just same topic.

Output pattern (always use this exact shape):
A: <phrase>
B: <phrase>
Answer: Yes/No

Examples:

A: no_evident_not_easy_check-in
B: customer_wait_10_minute_for_greet
Answer: Yes

A: no_evident_not_easy_check-in
B: no_one_give_key_on_late_check-in
Answer: No

A: no_evident_not_great_quality
B: shampoo_seem_cheap_considering_hotel_cost
Answer: Yes

A: no_evident_not_great_quality
B: expensive_hotel
Answer: No

Now answer for this pair. Output ONLY the final line ""Answer: Yes"" or ""Answer: No"" — no other text.

A: no_evident_not_recently_refurbished_hotel
B: stunning_hotel
Answer:
","A: no_evident_not_recently_refurbished_hotel
B: stunning_hotel
Answer: Yes"
2026-08-16 22:20:54,3,21152,no_evident_not_free_parking,nice_atmosphere,"Task: decide if Proposition B contradicts Assumption A.

Steps:
1. A defends a claim (strip ""no_evident_not_"" / ""have_evident_"" to see it).
2. B states a fact.
3. Does B disprove A's claim? Same specific issue only, not just same topic.

Output pattern (always use this exact shape):
A: <phrase>
B: <phrase>
Answer: Yes/No

Examples:

A: no_evident_not_easy_check-in
B: customer_wait_10_minute_for_greet
Answer: Yes

A: no_evident_not_easy_check-in
B: no_one_give_key_on_late_check-in
Answer: No

A: no_evident_not_great_quality
B: shampoo_seem_cheap_considering_hotel_cost
Answer: Yes

A: no_evident_not_great_quality
B: expensive_hotel
Answer: No

Now answer for this pair. Output ONLY the final line ""Answer: Yes"" or ""Answer: No"" — no other text.

A: no_evident_not_free_parking
B: nice_atmosphere
Answer:
",Answer: No
2026-08-16 22:20:54,3,9831,no_evident_not_brand_new_hotel,wonderful_hotel,"Task: decide if Proposition B contradicts Assumption A.

Steps:
1. A defends a claim (strip ""no_evident_not_"" / ""have_evident_"" to see it).
2. B states a fact.
3. Does B disprove A's claim? Same specific issue only, not just same topic.

Output pattern (always use this exact shape):
A: <phrase>
B: <phrase>
Answer: Yes/No

Examples:

A: no_evident_not_easy_check-in
B: customer_wait_10_minute_for_greet
Answer: Yes

A: no_evident_not_easy_check-in
B: no_one_give_key_on_late_check-in
Answer: No

A: no_evident_not_great_quality
B: shampoo_seem_cheap_considering_hotel_cost
Answer: Yes

A: no_evident_not_great_quality
B: expensive_hotel
Answer: No

Now answer for this pair. Output ONLY the final line ""Answer: Yes"" or ""Answer: No"" — no other text.

A: no_evident_not_brand_new_hotel
B: wonderful_hotel
Answer:
","A: no_evident_not_brand_new_hotel
B: wonderful_hotel
Answer: No"
2026-08-16 22:20:54,3,14983,no_evident_not_friendly_atmosphere,beautiful_hotel,"Task: decide if Proposition B contradicts Assumption A.

Steps:
1. A defends a claim (strip ""no_evident_not_"" / ""have_evident_"" to see it).
2. B states a fact.
3. Does B disprove A's claim? Same specific issue only, not just same topic.

Output pattern (always use this exact shape):
A: <phrase>
B: <phrase>
Answer: Yes/No

Examples:

A: no_evident_not_easy_check-in
B: customer_wait_10_minute_for_greet
Answer: Yes

A: no_evident_not_easy_check-in
B: no_one_give_key_on_late_check-in
Answer: No

A: no_evident_not_great_quality
B: shampoo_seem_cheap_considering_hotel_cost
Answer: Yes

A: no_evident_not_great_quality
B: expensive_hotel
Answer: No

Now answer for this pair. Output ONLY the final line ""Answer: Yes"" or ""Answer: No"" — no other text.

A: no_evident_not_friendly_atmosphere
B: beautiful_hotel
Answer:
",Answer: No
2026-08-16 22:20:54,3,10361,no_evident_not_everything_cozy,clear_interior,"Task: decide if Proposition B contradicts Assumption A.

Steps:
1. A defends a claim (strip ""no_evident_not_"" / ""have_evident_"" to see it).
2. B states a fact.
3. Does B disprove A's claim? Same specific issue only, not just same topic.

Output pattern (always use this exact shape):
A: <phrase>
B: <phrase>
Answer: Yes/No

Examples:

A: no_evident_not_easy_check-in
B: customer_wait_10_minute_for_greet
Answer: Yes

A: no_evident_not_easy_check-in
B: no_one_give_key_on_late_check-in
Answer: No

A: no_evident_not_great_quality
B: shampoo_seem_cheap_considering_hotel_cost
Answer: Yes

A: no_evident_not_great_quality
B: expensive_hotel
Answer: No

Now answer for this pair. Output ONLY the final line ""Answer: Yes"" or ""Answer: No"" — no other text.

A: no_evident_not_everything_cozy
B: clear_interior
Answer:
","A: no_evident_not_everything_cozy
B: clear_interior
Answer: No"
2026-08-16 22:20:55,3,30443,no_evident_not_well_kept_hotel,refurbished_hotel,"Task: decide if Proposition B contradicts Assumption A.

Steps:
1. A defends a claim (strip ""no_evident_not_"" / ""have_evident_"" to see it).
2. B states a fact.
3. Does B disprove A's claim? Same specific issue only, not just same topic.

Output pattern (always use this exact shape):
A: <phrase>
B: <phrase>
Answer: Yes/No

Examples:

A: no_evident_not_easy_check-in
B: customer_wait_10_minute_for_greet
Answer: Yes

A: no_evident_not_easy_check-in
B: no_one_give_key_on_late_check-in
Answer: No

A: no_evident_not_great_quality
B: shampoo_seem_cheap_considering_hotel_cost
Answer: Yes

A: no_evident_not_great_quality
B: expensive_hotel
Answer: No

Now answer for this pair. Output ONLY the final line ""Answer: Yes"" or ""Answer: No"" — no other text.

A: no_evident_not_well_kept_hotel
B: refurbished_hotel
Answer:
","A: no_evident_not_well_kept_hotel
B: refurbished_hotel
Answer: Yes"
2026-08-16 22:20:55,3,24638,no_evident_not_small_hotel,has_place_to_park_car,"Task: decide if Proposition B contradicts Assumption A.

Steps:
1. A defends a claim (strip ""no_evident_not_"" / ""have_evident_"" to see it).
2. B states a fact.
3. Does B disprove A's claim? Same specific issue only, not just same topic.

Output pattern (always use this exact shape):
A: <phrase>
B: <phrase>
Answer: Yes/No

Examples:

A: no_evident_not_easy_check-in
B: customer_wait_10_minute_for_greet
Answer: Yes

A: no_evident_not_easy_check-in
B: no_one_give_key_on_late_check-in
Answer: No

A: no_evident_not_great_quality
B: shampoo_seem_cheap_considering_hotel_cost
Answer: Yes

A: no_evident_not_great_quality
B: expensive_hotel
Answer: No

Now answer for this pair. Output ONLY the final line ""Answer: Yes"" or ""Answer: No"" — no other text.

A: no_evident_not_small_hotel
B: has_place_to_park_car
Answer:
","A: no_evident_not_small_hotel
B: has_place_to_park_car
Answer: No"
2026-08-16 22:20:55,3,30663,no_evident_not_stylish_hotel,allow_to_take_dog,"Task: decide if Proposition B contradicts Assumption A.

Steps:
1. A defends a claim (strip ""no_evident_not_"" / ""have_evident_"" to see it).
2. B states a fact.
3. Does B disprove A's claim? Same specific issue only, not just same topic.

Output pattern (always use this exact shape):
A: <phrase>
B: <phrase>
Answer: Yes/No

Examples:

A: no_evident_not_easy_check-in
B: customer_wait_10_minute_for_greet
Answer: Yes

A: no_evident_not_easy_check-in
B: no_one_give_key_on_late_check-in
Answer: No

A: no_evident_not_great_quality
B: shampoo_seem_cheap_considering_hotel_cost
Answer: Yes

A: no_evident_not_great_quality
B: expensive_hotel
Answer: No

Now answer for this pair. Output ONLY the final line ""Answer: Yes"" or ""Answer: No"" — no other text.

A: no_evident_not_stylish_hotel
B: allow_to_take_dog
Answer:
","A: no_evident_not_stylish_hotel
B: allow_to_take_dog
Answer: No"
2026-08-16 22:20:56,3,2378,no_evident_not_feel_new,well_run,"Task: decide if Proposition B contradicts Assumption A.

Steps:
1. A defends a claim (strip ""no_evident_not_"" / ""have_evident_"" to see it).
2. B states a fact.
3. Does B disprove A's claim? Same specific issue only, not just same topic.

Output pattern (always use this exact shape):
A: <phrase>
B: <phrase>
Answer: Yes/No

Examples:

A: no_evident_not_easy_check-in
B: customer_wait_10_minute_for_greet
Answer: Yes

A: no_evident_not_easy_check-in
B: no_one_give_key_on_late_check-in
Answer: No

A: no_evident_not_great_quality
B: shampoo_seem_cheap_considering_hotel_cost
Answer: Yes

A: no_evident_not_great_quality
B: expensive_hotel
Answer: No

Now answer for this pair. Output ONLY the final line ""Answer: Yes"" or ""Answer: No"" — no other text.

A: no_evident_not_feel_new
B: well_run
Answer:
","A: no_evident_not_feel_new
B: well_run
Answer: No"
2026-08-16 22:20:56,3,306,no_evident_not_comfortable_hotel,pleasant_hotel,"Task: decide if Proposition B contradicts Assumption A.

Steps:
1. A defends a claim (strip ""no_evident_not_"" / ""have_evident_"" to see it).
2. B states a fact.
3. Does B disprove A's claim? Same specific issue only, not just same topic.

Output pattern (always use this exact shape):
A: <phrase>
B: <phrase>
Answer: Yes/No

Examples:

A: no_evident_not_easy_check-in
B: customer_wait_10_minute_for_greet
Answer: Yes

A: no_evident_not_easy_check-in
B: no_one_give_key_on_late_check-in
Answer: No

A: no_evident_not_great_quality
B: shampoo_seem_cheap_considering_hotel_cost
Answer: Yes

A: no_evident_not_great_quality
B: expensive_hotel
Answer: No

Now answer for this pair. Output ONLY the final line ""Answer: Yes"" or ""Answer: No"" — no other text.

A: no_evident_not_comfortable_hotel
B: pleasant_hotel
Answer:
",Answer: No
2026-08-16 22:20:56,3,15018,no_evident_not_friendly_atmosphere,lovely_family_hotel,"Task: decide if Proposition B contradicts Assumption A.

Steps:
1. A defends a claim (strip ""no_evident_not_"" / ""have_evident_"" to see it).
2. B states a fact.
3. Does B disprove A's claim? Same specific issue only, not just same topic.

Output pattern (always use this exact shape):
A: <phrase>
B: <phrase>
Answer: Yes/No

Examples:

A: no_evident_not_easy_check-in
B: customer_wait_10_minute_for_greet
Answer: Yes

A: no_evident_not_easy_check-in
B: no_one_give_key_on_late_check-in
Answer: No

A: no_evident_not_great_quality
B: shampoo_seem_cheap_considering_hotel_cost
Answer: Yes

A: no_evident_not_great_quality
B: expensive_hotel
Answer: No

Now answer for this pair. Output ONLY the final line ""Answer: Yes"" or ""Answer: No"" — no other text.

A: no_evident_not_friendly_atmosphere
B: lovely_family_hotel
Answer:
",Answer: No
2026-08-16 22:20:56,3,20355,no_evident_not_front_to_unwind_evening,everything_clean,"Task: decide if Proposition B contradicts Assumption A.

Steps:
1. A defends a claim (strip ""no_evident_not_"" / ""have_evident_"" to see it).
2. B states a fact.
3. Does B disprove A's claim? Same specific issue only, not just same topic.

Output pattern (always use this exact shape):
A: <phrase>
B: <phrase>
Answer: Yes/No

Examples:

A: no_evident_not_easy_check-in
B: customer_wait_10_minute_for_greet
Answer: Yes

A: no_evident_not_easy_check-in
B: no_one_give_key_on_late_check-in
Answer: No

A: no_evident_not_great_quality
B: shampoo_seem_cheap_considering_hotel_cost
Answer: Yes

A: no_evident_not_great_quality
B: expensive_hotel
Answer: No

Now answer for this pair. Output ONLY the final line ""Answer: Yes"" or ""Answer: No"" — no other text.

A: no_evident_not_front_to_unwind_evening
B: everything_clean
Answer:
","A: no_evident_not_front_to_unwind_evening
B: everything_clean
Answer: No"
2026-08-16 22:20:56,3,18449,no_evident_not_hotel_received_package_prior_arrival,simple_decoration,"Task: decide if Proposition B contradicts Assumption A.

Steps:
1. A defends a claim (strip ""no_evident_not_"" / ""have_evident_"" to see it).
2. B states a fact.
3. Does B disprove A's claim? Same specific issue only, not just same topic.

Output pattern (always use this exact shape):
A: <phrase>
B: <phrase>
Answer: Yes/No

Examples:

A: no_evident_not_easy_check-in
B: customer_wait_10_minute_for_greet
Answer: Yes

A: no_evident_not_easy_check-in
B: no_one_give_key_on_late_check-in
Answer: No

A: no_evident_not_great_quality
B: shampoo_seem_cheap_considering_hotel_cost
Answer: Yes

A: no_evident_not_great_quality
B: expensive_hotel
Answer: No

Now answer for this pair. Output ONLY the final line ""Answer: Yes"" or ""Answer: No"" — no other text.

A: no_evident_not_hotel_received_package_prior_arrival
B: simple_decoration
Answer:
","A: no_evident_not_hotel_received_package_prior_arrival
B: simple_decoration
Answer: No"
2026-08-16 22:20:57,3,3277,no_evident_not_lovely_little_hotel,amazing_hotel,"Task: decide if Proposition B contradicts Assumption A.

Steps:
1. A defends a claim (strip ""no_evident_not_"" / ""have_evident_"" to see it).
2. B states a fact.
3. Does B disprove A's claim? Same specific issue only, not just same topic.

Output pattern (always use this exact shape):
A: <phrase>
B: <phrase>
Answer: Yes/No

Examples:

A: no_evident_not_easy_check-in
B: customer_wait_10_minute_for_greet
Answer: Yes

A: no_evident_not_easy_check-in
B: no_one_give_key_on_late_check-in
Answer: No

A: no_evident_not_great_quality
B: shampoo_seem_cheap_considering_hotel_cost
Answer: Yes

A: no_evident_not_great_quality
B: expensive_hotel
Answer: No

Now answer for this pair. Output ONLY the final line ""Answer: Yes"" or ""Answer: No"" — no other text.

A: no_evident_not_lovely_little_hotel
B: amazing_hotel
Answer:
","A: no_evident_not_lovely_little_hotel
B: amazing_hotel
Answer: Yes"
2026-08-16 22:20:57,3,2401,no_evident_not_feel_new,everything_modern,"Task: decide if Proposition B contradicts Assumption A.

Steps:
1. A defends a claim (strip ""no_evident_not_"" / ""have_evident_"" to see it).
2. B states a fact.
3. Does B disprove A's claim? Same specific issue only, not just same topic.

Output pattern (always use this exact shape):
A: <phrase>
B: <phrase>
Answer: Yes/No

Examples:

A: no_evident_not_easy_check-in
B: customer_wait_10_minute_for_greet
Answer: Yes

A: no_evident_not_easy_check-in
B: no_one_give_key_on_late_check-in
Answer: No

A: no_evident_not_great_quality
B: shampoo_seem_cheap_considering_hotel_cost
Answer: Yes

A: no_evident_not_great_quality
B: expensive_hotel
Answer: No

Now answer for this pair. Output ONLY the final line ""Answer: Yes"" or ""Answer: No"" — no other text.

A: no_evident_not_feel_new
B: everything_modern
Answer:
","A: no_evident_not_feel_new
B: everything_modern
Answer: No"
