Timestamp,Run,ID,PhraseA,PhraseB,Prompt,RawOutput
2026-08-16 21:48:04,2,20953,no_evident_not_spotless_hotel,feel_welcome_from_arrival_moment,"Is phrase B contrary to phrase A? Answer exactly 'Yes' or 'No' only. Do not provide any extra text.

[Question] Phrase B is feel_welcome_from_arrival_moment. Phrase A is no_evident_not_spotless_hotel.
",Yes
2026-08-16 21:48:04,2,9013,no_evident_not_small_hotel_which_we_like,clean_hotel,"Is phrase B contrary to phrase A? Answer exactly 'Yes' or 'No' only. Do not provide any extra text.

[Question] Phrase B is clean_hotel. Phrase A is no_evident_not_small_hotel_which_we_like.
",Yes
2026-08-16 21:48:04,2,3649,no_evident_not_spacious_hotel,beautifully_kept_hotel,"Is phrase B contrary to phrase A? Answer exactly 'Yes' or 'No' only. Do not provide any extra text.

[Question] Phrase B is beautifully_kept_hotel. Phrase A is no_evident_not_spacious_hotel.
",Yes
2026-08-16 21:48:04,2,8025,no_evident_not_offered_food,brand_new_fitting,"Is phrase B contrary to phrase A? Answer exactly 'Yes' or 'No' only. Do not provide any extra text.

[Question] Phrase B is brand_new_fitting. Phrase A is no_evident_not_offered_food.
",Yes
2026-08-16 21:48:04,2,820,no_evident_not_not_big_hotel,welcoming_hotel,"Is phrase B contrary to phrase A? Answer exactly 'Yes' or 'No' only. Do not provide any extra text.

[Question] Phrase B is welcoming_hotel. Phrase A is no_evident_not_not_big_hotel.
",No
2026-08-16 21:48:04,2,24300,no_evident_not_as_expected_hotel,cozy_atmosphere,"Is phrase B contrary to phrase A? Answer exactly 'Yes' or 'No' only. Do not provide any extra text.

[Question] Phrase B is cozy_atmosphere. Phrase A is no_evident_not_as_expected_hotel.
",No
2026-08-16 21:48:04,2,4573,no_evident_not_allow_stay_with_animal,feel_welcome_from_arrival_moment,"Is phrase B contrary to phrase A? Answer exactly 'Yes' or 'No' only. Do not provide any extra text.

[Question] Phrase B is feel_welcome_from_arrival_moment. Phrase A is no_evident_not_allow_stay_with_animal.
",No
2026-08-16 21:48:04,2,7315,no_evident_not_quiet_hotel,pet_friendly,"Is phrase B contrary to phrase A? Answer exactly 'Yes' or 'No' only. Do not provide any extra text.

[Question] Phrase B is pet_friendly. Phrase A is no_evident_not_quiet_hotel.
",No
2026-08-16 21:48:05,2,24133,no_evident_not_as_expected_hotel,clean_hotel,"Is phrase B contrary to phrase A? Answer exactly 'Yes' or 'No' only. Do not provide any extra text.

[Question] Phrase B is clean_hotel. Phrase A is no_evident_not_as_expected_hotel.
",Yes
2026-08-16 21:48:05,2,3359,no_evident_not_lovely_little_hotel,airy_hotel,"Is phrase B contrary to phrase A? Answer exactly 'Yes' or 'No' only. Do not provide any extra text.

[Question] Phrase B is airy_hotel. Phrase A is no_evident_not_lovely_little_hotel.
",Yes
2026-08-16 21:48:05,2,22175,no_evident_not_friendly_hotel,fantastic_service,"Is phrase B contrary to phrase A? Answer exactly 'Yes' or 'No' only. Do not provide any extra text.

[Question] Phrase B is fantastic_service. Phrase A is no_evident_not_friendly_hotel.
",Yes
2026-08-16 21:48:05,2,24271,no_evident_not_as_expected_hotel,innovative_hotel,"Is phrase B contrary to phrase A? Answer exactly 'Yes' or 'No' only. Do not provide any extra text.

[Question] Phrase B is innovative_hotel. Phrase A is no_evident_not_as_expected_hotel.
",Yes
2026-08-16 21:48:05,2,29235,no_evident_not_comfortable_hall,no_extra_charge_for_dog,"Is phrase B contrary to phrase A? Answer exactly 'Yes' or 'No' only. Do not provide any extra text.

[Question] Phrase B is no_extra_charge_for_dog. Phrase A is no_evident_not_comfortable_hall.
",No
2026-08-16 21:48:05,2,17871,no_evident_not_welcoming_hotel,small_hotel_which_we_like,"Is phrase B contrary to phrase A? Answer exactly 'Yes' or 'No' only. Do not provide any extra text.

[Question] Phrase B is small_hotel_which_we_like. Phrase A is no_evident_not_welcoming_hotel.
",Yes
2026-08-16 21:48:05,2,2849,no_evident_not_everything_spotless_clean,stunning_hotel,"Is phrase B contrary to phrase A? Answer exactly 'Yes' or 'No' only. Do not provide any extra text.

[Question] Phrase B is stunning_hotel. Phrase A is no_evident_not_everything_spotless_clean.
",Yes
2026-08-16 21:48:05,2,19350,no_evident_not_recently_renovated_hotel,clear_decoration,"Is phrase B contrary to phrase A? Answer exactly 'Yes' or 'No' only. Do not provide any extra text.

[Question] Phrase B is clear_decoration. Phrase A is no_evident_not_recently_renovated_hotel.
",Yes
2026-08-16 21:48:06,2,13826,no_evident_not_good_wifi,have_parking,"Is phrase B contrary to phrase A? Answer exactly 'Yes' or 'No' only. Do not provide any extra text.

[Question] Phrase B is have_parking. Phrase A is no_evident_not_good_wifi.
",No
2026-08-16 21:48:06,2,1042,no_evident_not_nice_hotel,recently_freshed_up,"Is phrase B contrary to phrase A? Answer exactly 'Yes' or 'No' only. Do not provide any extra text.

[Question] Phrase B is recently_freshed_up. Phrase A is no_evident_not_nice_hotel.
",Yes
2026-08-16 21:48:06,2,977,no_evident_not_nice_hotel,good_wifi,"Is phrase B contrary to phrase A? Answer exactly 'Yes' or 'No' only. Do not provide any extra text.

[Question] Phrase B is good_wifi. Phrase A is no_evident_not_nice_hotel.
",Yes
2026-08-16 21:48:07,2,3071,no_evident_not_has_plenty_of_chair,lovely_hotel,"Is phrase B contrary to phrase A? Answer exactly 'Yes' or 'No' only. Do not provide any extra text.

[Question] Phrase B is lovely_hotel. Phrase A is no_evident_not_has_plenty_of_chair.
",Yes
2026-08-16 21:48:07,2,7165,no_evident_not_great_hotel,has_cozy_courtyard,"Is phrase B contrary to phrase A? Answer exactly 'Yes' or 'No' only. Do not provide any extra text.

[Question] Phrase B is has_cozy_courtyard. Phrase A is no_evident_not_great_hotel.
",Yes
2026-08-16 21:48:07,2,16560,no_evident_not_nice_atmosphere,cozy_atmosphere,"Is phrase B contrary to phrase A? Answer exactly 'Yes' or 'No' only. Do not provide any extra text.

[Question] Phrase B is cozy_atmosphere. Phrase A is no_evident_not_nice_atmosphere.
",Yes
2026-08-16 21:48:07,2,7624,no_evident_not_beautiful_hotel,boutique_hotel,"Is phrase B contrary to phrase A? Answer exactly 'Yes' or 'No' only. Do not provide any extra text.

[Question] Phrase B is boutique_hotel. Phrase A is no_evident_not_beautiful_hotel.
",Yes
2026-08-16 21:48:07,2,19727,no_evident_not_5*_facility,affordable_hotel,"Is phrase B contrary to phrase A? Answer exactly 'Yes' or 'No' only. Do not provide any extra text.

[Question] Phrase B is affordable_hotel. Phrase A is no_evident_not_5*_facility.
",Yes
2026-08-16 21:48:08,2,870,no_evident_not_not_big_hotel,aesthetic_hotel,"Is phrase B contrary to phrase A? Answer exactly 'Yes' or 'No' only. Do not provide any extra text.

[Question] Phrase B is aesthetic_hotel. Phrase A is no_evident_not_not_big_hotel.
",Yes
2026-08-16 21:48:08,2,18391,no_evident_not_hotel_received_package_prior_arrival,everything_beautiful,"Is phrase B contrary to phrase A? Answer exactly 'Yes' or 'No' only. Do not provide any extra text.

[Question] Phrase B is everything_beautiful. Phrase A is no_evident_not_hotel_received_package_prior_arrival.
",No
2026-08-16 21:48:08,2,6516,no_evident_not_amazing_hotel,perfect_hotel,"Is phrase B contrary to phrase A? Answer exactly 'Yes' or 'No' only. Do not provide any extra text.

[Question] Phrase B is perfect_hotel. Phrase A is no_evident_not_amazing_hotel.
",Yes
2026-08-16 21:48:08,2,23463,no_evident_not_furnished_hotel,allow_to_take_dog,"Is phrase B contrary to phrase A? Answer exactly 'Yes' or 'No' only. Do not provide any extra text.

[Question] Phrase B is allow_to_take_dog. Phrase A is no_evident_not_furnished_hotel.
",No
2026-08-16 21:48:08,2,21296,no_evident_not_airy_hotel,family_run_small_hotel,"Is phrase B contrary to phrase A? Answer exactly 'Yes' or 'No' only. Do not provide any extra text.

[Question] Phrase B is family_run_small_hotel. Phrase A is no_evident_not_airy_hotel.
",Yes
2026-08-16 21:48:08,2,22982,no_evident_not_many_free_parking_space_available_on_early_November,take_COVID_prevention_measure,"Is phrase B contrary to phrase A? Answer exactly 'Yes' or 'No' only. Do not provide any extra text.

[Question] Phrase B is take_COVID_prevention_measure. Phrase A is no_evident_not_many_free_parking_space_available_on_early_November.
",Yes
2026-08-16 21:48:08,2,17857,no_evident_not_welcoming_hotel,amazing_hotel,"Is phrase B contrary to phrase A? Answer exactly 'Yes' or 'No' only. Do not provide any extra text.

[Question] Phrase B is amazing_hotel. Phrase A is no_evident_not_welcoming_hotel.
",Yes
2026-08-16 21:48:08,2,13747,no_evident_not_good_wifi,everything_great,"Is phrase B contrary to phrase A? Answer exactly 'Yes' or 'No' only. Do not provide any extra text.

[Question] Phrase B is everything_great. Phrase A is no_evident_not_good_wifi.
",Yes
2026-08-16 21:48:09,2,7224,no_evident_not_quiet_hotel,recently_refurbished_hotel,"Is phrase B contrary to phrase A? Answer exactly 'Yes' or 'No' only. Do not provide any extra text.

[Question] Phrase B is recently_refurbished_hotel. Phrase A is no_evident_not_quiet_hotel.
",Yes
2026-08-16 21:48:09,2,14720,no_evident_not_spotlessly_clean,has_parking_next_to_hotel,"Is phrase B contrary to phrase A? Answer exactly 'Yes' or 'No' only. Do not provide any extra text.

[Question] Phrase B is has_parking_next_to_hotel. Phrase A is no_evident_not_spotlessly_clean.
",No
2026-08-16 21:48:09,2,19310,no_evident_not_recently_renovated_hotel,happy_with_service,"Is phrase B contrary to phrase A? Answer exactly 'Yes' or 'No' only. Do not provide any extra text.

[Question] Phrase B is happy_with_service. Phrase A is no_evident_not_recently_renovated_hotel.
",No
2026-08-16 21:48:09,2,9116,no_evident_not_small_hotel_which_we_like,made_for_comfortable_stay,"Is phrase B contrary to phrase A? Answer exactly 'Yes' or 'No' only. Do not provide any extra text.

[Question] Phrase B is made_for_comfortable_stay. Phrase A is no_evident_not_small_hotel_which_we_like.
",Yes
2026-08-16 21:48:09,2,26524,no_evident_not_neat_hotel,boutique_hotel,"Is phrase B contrary to phrase A? Answer exactly 'Yes' or 'No' only. Do not provide any extra text.

[Question] Phrase B is boutique_hotel. Phrase A is no_evident_not_neat_hotel.
",Yes
2026-08-16 21:48:09,2,28486,no_evident_not_excellent_option,offered_drink,"Is phrase B contrary to phrase A? Answer exactly 'Yes' or 'No' only. Do not provide any extra text.

[Question] Phrase B is offered_drink. Phrase A is no_evident_not_excellent_option.
",Yes
2026-08-16 21:48:09,2,213,no_evident_not_comfortable_hotel,brand_new_facility,"Is phrase B contrary to phrase A? Answer exactly 'Yes' or 'No' only. Do not provide any extra text.

[Question] Phrase B is brand_new_facility. Phrase A is no_evident_not_comfortable_hotel.
",Yes
2026-08-16 21:48:09,2,24865,no_evident_not_cozy_terrace,simple_hotel,"Is phrase B contrary to phrase A? Answer exactly 'Yes' or 'No' only. Do not provide any extra text.

[Question] Phrase B is simple_hotel. Phrase A is no_evident_not_cozy_terrace.
",Yes
2026-08-16 21:48:10,2,26406,no_evident_not_pleasant_terrace,pleasant_hotel,"Is phrase B contrary to phrase A? Answer exactly 'Yes' or 'No' only. Do not provide any extra text.

[Question] Phrase B is pleasant_hotel. Phrase A is no_evident_not_pleasant_terrace.
",Yes
2026-08-16 21:48:10,2,5232,no_evident_not_everything_new,peaceful_facility,"Is phrase B contrary to phrase A? Answer exactly 'Yes' or 'No' only. Do not provide any extra text.

[Question] Phrase B is peaceful_facility. Phrase A is no_evident_not_everything_new.
",No
2026-08-16 21:48:10,2,22877,no_evident_not_many_free_parking_space_available_on_early_November,everywhere_spotless_clean,"Is phrase B contrary to phrase A? Answer exactly 'Yes' or 'No' only. Do not provide any extra text.

[Question] Phrase B is everywhere_spotless_clean. Phrase A is no_evident_not_many_free_parking_space_available_on_early_November.
",Yes
2026-08-16 21:48:11,2,11150,no_evident_not_flexible_with_our_schedule,well_kept_hotel,"Is phrase B contrary to phrase A? Answer exactly 'Yes' or 'No' only. Do not provide any extra text.

[Question] Phrase B is well_kept_hotel. Phrase A is no_evident_not_flexible_with_our_schedule.
",Yes
2026-08-16 21:48:11,2,13849,no_evident_not_good_wifi,free_parking_along_street,"Is phrase B contrary to phrase A? Answer exactly 'Yes' or 'No' only. Do not provide any extra text.

[Question] Phrase B is free_parking_along_street. Phrase A is no_evident_not_good_wifi.
",No
2026-08-16 21:48:11,2,9106,no_evident_not_small_hotel_which_we_like,brand_new_furniture,"Is phrase B contrary to phrase A? Answer exactly 'Yes' or 'No' only. Do not provide any extra text.

[Question] Phrase B is brand_new_furniture. Phrase A is no_evident_not_small_hotel_which_we_like.
",Yes
2026-08-16 21:48:11,2,5095,no_evident_not_fantastic_hotel,brand_new_hotel,"Is phrase B contrary to phrase A? Answer exactly 'Yes' or 'No' only. Do not provide any extra text.

[Question] Phrase B is brand_new_hotel. Phrase A is no_evident_not_fantastic_hotel.
",Yes
2026-08-16 21:48:11,2,7056,no_evident_not_great_hotel,perfect_hotel,"Is phrase B contrary to phrase A? Answer exactly 'Yes' or 'No' only. Do not provide any extra text.

[Question] Phrase B is perfect_hotel. Phrase A is no_evident_not_great_hotel.
",Yes
2026-08-16 21:48:12,2,31366,no_evident_not_possible_with_animal,offered_drink,"Is phrase B contrary to phrase A? Answer exactly 'Yes' or 'No' only. Do not provide any extra text.

[Question] Phrase B is offered_drink. Phrase A is no_evident_not_possible_with_animal.
",No
2026-08-16 21:48:12,2,25019,no_evident_not_cozy_terrace,compact_hotel,"Is phrase B contrary to phrase A? Answer exactly 'Yes' or 'No' only. Do not provide any extra text.

[Question] Phrase B is compact_hotel. Phrase A is no_evident_not_cozy_terrace.
",Yes
2026-08-16 21:48:12,2,11030,no_evident_not_flexible_with_our_schedule,happy_with_service,"Is phrase B contrary to phrase A? Answer exactly 'Yes' or 'No' only. Do not provide any extra text.

[Question] Phrase B is happy_with_service. Phrase A is no_evident_not_flexible_with_our_schedule.
",No
2026-08-16 21:48:12,2,3350,no_evident_not_lovely_little_hotel,5*_facility,"Is phrase B contrary to phrase A? Answer exactly 'Yes' or 'No' only. Do not provide any extra text.

[Question] Phrase B is 5*_facility. Phrase A is no_evident_not_lovely_little_hotel.
",Yes
2026-08-16 21:48:12,2,3040,no_evident_not_everywhere_spotless_clean,clean_street_terrace,"Is phrase B contrary to phrase A? Answer exactly 'Yes' or 'No' only. Do not provide any extra text.

[Question] Phrase B is clean_street_terrace. Phrase A is no_evident_not_everywhere_spotless_clean.
",Yes
2026-08-16 21:48:12,2,12450,no_evident_not_Christmas_vibe_hotel,everything_new,"Is phrase B contrary to phrase A? Answer exactly 'Yes' or 'No' only. Do not provide any extra text.

[Question] Phrase B is everything_new. Phrase A is no_evident_not_Christmas_vibe_hotel.
",Yes
2026-08-16 21:48:12,2,3170,no_evident_not_has_plenty_of_chair,5*_facility,"Is phrase B contrary to phrase A? Answer exactly 'Yes' or 'No' only. Do not provide any extra text.

[Question] Phrase B is 5*_facility. Phrase A is no_evident_not_has_plenty_of_chair.
",Yes
2026-08-16 21:48:12,2,11764,no_evident_not_clean_boutique_hotel,boutique_hotel,"Is phrase B contrary to phrase A? Answer exactly 'Yes' or 'No' only. Do not provide any extra text.

[Question] Phrase B is boutique_hotel. Phrase A is no_evident_not_clean_boutique_hotel.
",Yes
2026-08-16 21:48:13,2,27771,no_evident_not_brilliant_hotel,small_hotel_which_we_like,"Is phrase B contrary to phrase A? Answer exactly 'Yes' or 'No' only. Do not provide any extra text.

[Question] Phrase B is small_hotel_which_we_like. Phrase A is no_evident_not_brilliant_hotel.
",Yes
2026-08-16 21:48:13,2,11271,no_evident_not_allow_to_take_dog,wonderful_hotel,"Is phrase B contrary to phrase A? Answer exactly 'Yes' or 'No' only. Do not provide any extra text.

[Question] Phrase B is wonderful_hotel. Phrase A is no_evident_not_allow_to_take_dog.
",Yes
2026-08-16 21:48:13,2,19783,no_evident_not_5*_facility,comfortable_hall,"Is phrase B contrary to phrase A? Answer exactly 'Yes' or 'No' only. Do not provide any extra text.

[Question] Phrase B is comfortable_hall. Phrase A is no_evident_not_5*_facility.
",Yes
2026-08-16 21:48:13,2,8668,no_evident_not_beautifully_kept_hotel,beautiful_inside,"Is phrase B contrary to phrase A? Answer exactly 'Yes' or 'No' only. Do not provide any extra text.

[Question] Phrase B is beautiful_inside. Phrase A is no_evident_not_beautifully_kept_hotel.
",Yes
2026-08-16 21:48:13,2,26448,no_evident_not_pleasant_terrace,free_parking_in_front_of_hotel,"Is phrase B contrary to phrase A? Answer exactly 'Yes' or 'No' only. Do not provide any extra text.

[Question] Phrase B is free_parking_in_front_of_hotel. Phrase A is no_evident_not_pleasant_terrace.
",Yes
2026-08-16 21:48:13,2,1424,no_evident_not_high_standard_renovated,clean_lobby,"Is phrase B contrary to phrase A? Answer exactly 'Yes' or 'No' only. Do not provide any extra text.

[Question] Phrase B is clean_lobby. Phrase A is no_evident_not_high_standard_renovated.
",Yes
2026-08-16 21:48:14,2,23912,no_evident_not_new_reception,interesting_service,"Is phrase B contrary to phrase A? Answer exactly 'Yes' or 'No' only. Do not provide any extra text.

[Question] Phrase B is interesting_service. Phrase A is no_evident_not_new_reception.
",No
2026-08-16 21:48:14,2,15055,no_evident_not_friendly_atmosphere,pet_friendly,"Is phrase B contrary to phrase A? Answer exactly 'Yes' or 'No' only. Do not provide any extra text.

[Question] Phrase B is pet_friendly. Phrase A is no_evident_not_friendly_atmosphere.
",No
2026-08-16 21:48:14,2,17572,no_evident_not_easy_hotel,exceeded_expectation_hotel,"Is phrase B contrary to phrase A? Answer exactly 'Yes' or 'No' only. Do not provide any extra text.

[Question] Phrase B is exceeded_expectation_hotel. Phrase A is no_evident_not_easy_hotel.
",Yes
2026-08-16 21:48:14,2,4091,no_evident_not_refurbished_hotel,furnished_hotel,"Is phrase B contrary to phrase A? Answer exactly 'Yes' or 'No' only. Do not provide any extra text.

[Question] Phrase B is furnished_hotel. Phrase A is no_evident_not_refurbished_hotel.
",Yes
2026-08-16 21:48:14,2,31888,no_evident_not_suitable_for_overnight_stay,beautiful_inside,"Is phrase B contrary to phrase A? Answer exactly 'Yes' or 'No' only. Do not provide any extra text.

[Question] Phrase B is beautiful_inside. Phrase A is no_evident_not_suitable_for_overnight_stay.
",Yes
2026-08-16 21:48:14,2,30222,no_evident_not_free_parking_in_front_of_hotel,clean_hall,"Is phrase B contrary to phrase A? Answer exactly 'Yes' or 'No' only. Do not provide any extra text.

[Question] Phrase B is clean_hall. Phrase A is no_evident_not_free_parking_in_front_of_hotel.
",Yes
2026-08-16 21:48:15,2,12404,no_evident_not_feel_like_home_atmosphere,clean_lobby,"Is phrase B contrary to phrase A? Answer exactly 'Yes' or 'No' only. Do not provide any extra text.

[Question] Phrase B is clean_lobby. Phrase A is no_evident_not_feel_like_home_atmosphere.
",Yes
2026-08-16 21:48:15,2,2583,no_evident_not_everything_clean,allow_to_take_dog,"Is phrase B contrary to phrase A? Answer exactly 'Yes' or 'No' only. Do not provide any extra text.

[Question] Phrase B is allow_to_take_dog. Phrase A is no_evident_not_everything_clean.
",No
2026-08-16 21:48:15,2,18090,no_evident_not_clear_interior,clear_decoration,"Is phrase B contrary to phrase A? Answer exactly 'Yes' or 'No' only. Do not provide any extra text.

[Question] Phrase B is clear_decoration. Phrase A is no_evident_not_clear_interior.
",Yes
2026-08-16 21:48:15,2,9607,no_evident_not_comfortable_lobby,everything_great,"Is phrase B contrary to phrase A? Answer exactly 'Yes' or 'No' only. Do not provide any extra text.

[Question] Phrase B is everything_great. Phrase A is no_evident_not_comfortable_lobby.
",Yes
2026-08-16 21:48:16,2,27178,no_evident_not_innovative_hotel,suitable_for_overnight_stay,"Is phrase B contrary to phrase A? Answer exactly 'Yes' or 'No' only. Do not provide any extra text.

[Question] Phrase B is suitable_for_overnight_stay. Phrase A is no_evident_not_innovative_hotel.
",Yes
2026-08-16 21:48:16,2,20600,no_evident_not_pet_friendly,all_you_need_for_great_holiday,"Is phrase B contrary to phrase A? Answer exactly 'Yes' or 'No' only. Do not provide any extra text.

[Question] Phrase B is all_you_need_for_great_holiday. Phrase A is no_evident_not_pet_friendly.
",Yes
2026-08-16 21:48:16,2,20268,no_evident_not_nice_front_of_hotel,recently_renovated_hotel,"Is phrase B contrary to phrase A? Answer exactly 'Yes' or 'No' only. Do not provide any extra text.

[Question] Phrase B is recently_renovated_hotel. Phrase A is no_evident_not_nice_front_of_hotel.
",Yes
2026-08-16 21:48:16,2,29015,no_evident_not_clean_hall,fantastic_service,"Is phrase B contrary to phrase A? Answer exactly 'Yes' or 'No' only. Do not provide any extra text.

[Question] Phrase B is fantastic_service. Phrase A is no_evident_not_clean_hall.
",Yes
2026-08-16 21:48:16,2,28237,no_evident_not_welcoming_environment,welcoming_environment,"Is phrase B contrary to phrase A? Answer exactly 'Yes' or 'No' only. Do not provide any extra text.

[Question] Phrase B is welcoming_environment. Phrase A is no_evident_not_welcoming_environment.
",Yes
2026-08-16 21:48:16,2,11851,no_evident_not_clean_boutique_hotel,innovative_hotel,"Is phrase B contrary to phrase A? Answer exactly 'Yes' or 'No' only. Do not provide any extra text.

[Question] Phrase B is innovative_hotel. Phrase A is no_evident_not_clean_boutique_hotel.
",Yes
2026-08-16 21:48:16,2,18919,no_evident_not_brand_new_furniture,lovely_little_hotel,"Is phrase B contrary to phrase A? Answer exactly 'Yes' or 'No' only. Do not provide any extra text.

[Question] Phrase B is lovely_little_hotel. Phrase A is no_evident_not_brand_new_furniture.
",Yes
2026-08-16 21:48:16,2,6301,no_evident_not_perfect_hotel,new_hotel,"Is phrase B contrary to phrase A? Answer exactly 'Yes' or 'No' only. Do not provide any extra text.

[Question] Phrase B is new_hotel. Phrase A is no_evident_not_perfect_hotel.
",Yes
2026-08-16 21:48:17,2,23088,no_evident_not_open_air_car_park,fresh_hotel,"Is phrase B contrary to phrase A? Answer exactly 'Yes' or 'No' only. Do not provide any extra text.

[Question] Phrase B is fresh_hotel. Phrase A is no_evident_not_open_air_car_park.
",Yes
2026-08-16 21:48:17,2,2280,no_evident_not_clean_hotel,light_hotel,"Is phrase B contrary to phrase A? Answer exactly 'Yes' or 'No' only. Do not provide any extra text.

[Question] Phrase B is light_hotel. Phrase A is no_evident_not_clean_hotel.
",Yes
2026-08-16 21:48:17,2,1502,no_evident_not_up_to_4*_standard,flexible_with_our_schedule,"Is phrase B contrary to phrase A? Answer exactly 'Yes' or 'No' only. Do not provide any extra text.

[Question] Phrase B is flexible_with_our_schedule. Phrase A is no_evident_not_up_to_4*_standard.
",Yes
2026-08-16 21:48:17,2,21669,no_evident_not_neat_facility,feel_like_home_atmosphere,"Is phrase B contrary to phrase A? Answer exactly 'Yes' or 'No' only. Do not provide any extra text.

[Question] Phrase B is feel_like_home_atmosphere. Phrase A is no_evident_not_neat_facility.
",No
2026-08-16 21:48:17,2,7468,no_evident_not_contemporary_hotel,easy_parking,"Is phrase B contrary to phrase A? Answer exactly 'Yes' or 'No' only. Do not provide any extra text.

[Question] Phrase B is easy_parking. Phrase A is no_evident_not_contemporary_hotel.
",No
2026-08-16 21:48:17,2,25332,no_evident_not_able_to_bring_dog,nice_facility,"Is phrase B contrary to phrase A? Answer exactly 'Yes' or 'No' only. Do not provide any extra text.

[Question] Phrase B is nice_facility. Phrase A is no_evident_not_able_to_bring_dog.
",Yes
2026-08-16 21:48:17,2,9483,no_evident_not_modern_lobby,feel_like_home_hotel,"Is phrase B contrary to phrase A? Answer exactly 'Yes' or 'No' only. Do not provide any extra text.

[Question] Phrase B is feel_like_home_hotel. Phrase A is no_evident_not_modern_lobby.
",Yes
2026-08-16 21:48:18,2,32284,no_evident_not_cozy_atmosphere,boutique_hotel,"Is phrase B contrary to phrase A? Answer exactly 'Yes' or 'No' only. Do not provide any extra text.

[Question] Phrase B is boutique_hotel. Phrase A is no_evident_not_cozy_atmosphere.
",No
2026-08-16 21:48:18,2,2615,no_evident_not_everything_clean,bright_hotel,"Is phrase B contrary to phrase A? Answer exactly 'Yes' or 'No' only. Do not provide any extra text.

[Question] Phrase B is bright_hotel. Phrase A is no_evident_not_everything_clean.
",No
2026-08-16 21:48:18,2,28028,no_evident_not_family_hotel,many_free_parking_space_available_on_early_November,"Is phrase B contrary to phrase A? Answer exactly 'Yes' or 'No' only. Do not provide any extra text.

[Question] Phrase B is many_free_parking_space_available_on_early_November. Phrase A is no_evident_not_family_hotel.
",Yes
2026-08-16 21:48:18,2,7629,no_evident_not_beautiful_hotel,feel_like_home_atmosphere,"Is phrase B contrary to phrase A? Answer exactly 'Yes' or 'No' only. Do not provide any extra text.

[Question] Phrase B is feel_like_home_atmosphere. Phrase A is no_evident_not_beautiful_hotel.
",Yes
2026-08-16 21:48:19,2,28393,no_evident_not_has_place_to_park_car,new_reception,"Is phrase B contrary to phrase A? Answer exactly 'Yes' or 'No' only. Do not provide any extra text.

[Question] Phrase B is new_reception. Phrase A is no_evident_not_has_place_to_park_car.
",Yes
2026-08-16 21:48:19,2,3310,no_evident_not_lovely_little_hotel,Christmas_vibe_hotel,"Is phrase B contrary to phrase A? Answer exactly 'Yes' or 'No' only. Do not provide any extra text.

[Question] Phrase B is Christmas_vibe_hotel. Phrase A is no_evident_not_lovely_little_hotel.
",Yes
2026-08-16 21:48:19,2,12456,no_evident_not_Christmas_vibe_hotel,perfect_hotel,"Is phrase B contrary to phrase A? Answer exactly 'Yes' or 'No' only. Do not provide any extra text.

[Question] Phrase B is perfect_hotel. Phrase A is no_evident_not_Christmas_vibe_hotel.
",Yes
2026-08-16 21:48:19,2,9109,no_evident_not_small_hotel_which_we_like,amazing_place,"Is phrase B contrary to phrase A? Answer exactly 'Yes' or 'No' only. Do not provide any extra text.

[Question] Phrase B is amazing_place. Phrase A is no_evident_not_small_hotel_which_we_like.
",Yes
2026-08-16 21:48:19,2,14858,no_evident_not_best_hotel,easy_hotel,"Is phrase B contrary to phrase A? Answer exactly 'Yes' or 'No' only. Do not provide any extra text.

[Question] Phrase B is easy_hotel. Phrase A is no_evident_not_best_hotel.
",Yes
2026-08-16 21:48:20,2,20831,no_evident_not_made_for_comfortable_stay,furnished_hotel,"Is phrase B contrary to phrase A? Answer exactly 'Yes' or 'No' only. Do not provide any extra text.

[Question] Phrase B is furnished_hotel. Phrase A is no_evident_not_made_for_comfortable_stay.
",Yes
2026-08-16 21:48:20,2,27333,no_evident_not_interesting_service,can_request_by_push_button,"Is phrase B contrary to phrase A? Answer exactly 'Yes' or 'No' only. Do not provide any extra text.

[Question] Phrase B is can_request_by_push_button. Phrase A is no_evident_not_interesting_service.
",No
2026-08-16 21:48:20,2,11955,no_evident_not_everything_great,no_extra_charge_for_dog,"Is phrase B contrary to phrase A? Answer exactly 'Yes' or 'No' only. Do not provide any extra text.

[Question] Phrase B is no_extra_charge_for_dog. Phrase A is no_evident_not_everything_great.
",No
2026-08-16 21:48:20,2,5330,no_evident_not_everything_new,5*_facility,"Is phrase B contrary to phrase A? Answer exactly 'Yes' or 'No' only. Do not provide any extra text.

[Question] Phrase B is 5*_facility. Phrase A is no_evident_not_everything_new.
",Yes
2026-08-16 21:48:20,2,12131,no_evident_not_well_furnished_hotel,nice_ambiance_hotel,"Is phrase B contrary to phrase A? Answer exactly 'Yes' or 'No' only. Do not provide any extra text.

[Question] Phrase B is nice_ambiance_hotel. Phrase A is no_evident_not_well_furnished_hotel.
",Yes
2026-08-16 21:48:20,2,6866,no_evident_not_family_establishment,allow_stay_with_animal,"Is phrase B contrary to phrase A? Answer exactly 'Yes' or 'No' only. Do not provide any extra text.

[Question] Phrase B is allow_stay_with_animal. Phrase A is no_evident_not_family_establishment.
",No
2026-08-16 21:48:20,2,11642,no_evident_not_nice_boutique_hotel,take_COVID_prevention_measure,"Is phrase B contrary to phrase A? Answer exactly 'Yes' or 'No' only. Do not provide any extra text.

[Question] Phrase B is take_COVID_prevention_measure. Phrase A is no_evident_not_nice_boutique_hotel.
",No
2026-08-16 21:48:20,2,21961,no_evident_not_feel_like_home_hotel,new_hotel,"Is phrase B contrary to phrase A? Answer exactly 'Yes' or 'No' only. Do not provide any extra text.

[Question] Phrase B is new_hotel. Phrase A is no_evident_not_feel_like_home_hotel.
",Yes
2026-08-16 21:48:21,2,8749,no_evident_not_beautifully_kept_hotel,amazing_place,"Is phrase B contrary to phrase A? Answer exactly 'Yes' or 'No' only. Do not provide any extra text.

[Question] Phrase B is amazing_place. Phrase A is no_evident_not_beautifully_kept_hotel.
",Yes
2026-08-16 21:48:21,2,22998,no_evident_not_many_free_parking_space_available_on_early_November,intimate_hotel,"Is phrase B contrary to phrase A? Answer exactly 'Yes' or 'No' only. Do not provide any extra text.

[Question] Phrase B is intimate_hotel. Phrase A is no_evident_not_many_free_parking_space_available_on_early_November.
",Yes
2026-08-16 21:48:21,2,30693,no_evident_not_stylish_hotel,just_renovated_hotel,"Is phrase B contrary to phrase A? Answer exactly 'Yes' or 'No' only. Do not provide any extra text.

[Question] Phrase B is just_renovated_hotel. Phrase A is no_evident_not_stylish_hotel.
",Yes
2026-08-16 21:48:21,2,22399,no_evident_not_cleanest_hotel_in_Cyprus,nice_small_hotel,"Is phrase B contrary to phrase A? Answer exactly 'Yes' or 'No' only. Do not provide any extra text.

[Question] Phrase B is nice_small_hotel. Phrase A is no_evident_not_cleanest_hotel_in_Cyprus.
",Yes
2026-08-16 21:48:21,2,21235,no_evident_not_free_parking,possible_with_animal,"Is phrase B contrary to phrase A? Answer exactly 'Yes' or 'No' only. Do not provide any extra text.

[Question] Phrase B is possible_with_animal. Phrase A is no_evident_not_free_parking.
",No
2026-08-16 21:48:21,2,2340,no_evident_not_clean_hotel,cozy_atmosphere,"Is phrase B contrary to phrase A? Answer exactly 'Yes' or 'No' only. Do not provide any extra text.

[Question] Phrase B is cozy_atmosphere. Phrase A is no_evident_not_clean_hotel.
",No
2026-08-16 21:48:21,2,19961,no_evident_not_wonderful_hotel,comfortable_street_terrace,"Is phrase B contrary to phrase A? Answer exactly 'Yes' or 'No' only. Do not provide any extra text.

[Question] Phrase B is comfortable_street_terrace. Phrase A is no_evident_not_wonderful_hotel.
",Yes
2026-08-16 21:48:21,2,20807,no_evident_not_made_for_comfortable_stay,affordable_hotel,"Is phrase B contrary to phrase A? Answer exactly 'Yes' or 'No' only. Do not provide any extra text.

[Question] Phrase B is affordable_hotel. Phrase A is no_evident_not_made_for_comfortable_stay.
",Yes
2026-08-16 21:48:22,2,5608,no_evident_not_wonderful_facility,beautiful_inside,"Is phrase B contrary to phrase A? Answer exactly 'Yes' or 'No' only. Do not provide any extra text.

[Question] Phrase B is beautiful_inside. Phrase A is no_evident_not_wonderful_facility.
",Yes
2026-08-16 21:48:22,2,17503,no_evident_not_easy_hotel,beautiful_hotel,"Is phrase B contrary to phrase A? Answer exactly 'Yes' or 'No' only. Do not provide any extra text.

[Question] Phrase B is beautiful_hotel. Phrase A is no_evident_not_easy_hotel.
",Yes
2026-08-16 21:48:22,2,23893,no_evident_not_new_reception,new_reception,"Is phrase B contrary to phrase A? Answer exactly 'Yes' or 'No' only. Do not provide any extra text.

[Question] Phrase B is new_reception. Phrase A is no_evident_not_new_reception.
",Yes
2026-08-16 21:48:22,2,5355,no_evident_not_everything_new,as_expected_hotel,"Is phrase B contrary to phrase A? Answer exactly 'Yes' or 'No' only. Do not provide any extra text.

[Question] Phrase B is as_expected_hotel. Phrase A is no_evident_not_everything_new.
",No
2026-08-16 21:48:23,2,8022,no_evident_not_offered_food,recently_renovated_interior,"Is phrase B contrary to phrase A? Answer exactly 'Yes' or 'No' only. Do not provide any extra text.

[Question] Phrase B is recently_renovated_interior. Phrase A is no_evident_not_offered_food.
",No
2026-08-16 21:48:23,2,15148,no_evident_not_comfortable_atmosphere,beautiful_inside,"Is phrase B contrary to phrase A? Answer exactly 'Yes' or 'No' only. Do not provide any extra text.

[Question] Phrase B is beautiful_inside. Phrase A is no_evident_not_comfortable_atmosphere.
",Yes
2026-08-16 21:48:23,2,12434,no_evident_not_Christmas_vibe_hotel,feel_new,"Is phrase B contrary to phrase A? Answer exactly 'Yes' or 'No' only. Do not provide any extra text.

[Question] Phrase B is feel_new. Phrase A is no_evident_not_Christmas_vibe_hotel.
",Yes
2026-08-16 21:48:23,2,8846,no_evident_not_happy_with_service,allow_stay_with_animal,"Is phrase B contrary to phrase A? Answer exactly 'Yes' or 'No' only. Do not provide any extra text.

[Question] Phrase B is allow_stay_with_animal. Phrase A is no_evident_not_happy_with_service.
",No
2026-08-16 21:48:24,2,30324,no_evident_not_free_parking_along_street,friendly_atmosphere,"Is phrase B contrary to phrase A? Answer exactly 'Yes' or 'No' only. Do not provide any extra text.

[Question] Phrase B is friendly_atmosphere. Phrase A is no_evident_not_free_parking_along_street.
",No
2026-08-16 21:48:24,2,20972,no_evident_not_spotless_hotel,nice_atmosphere,"Is phrase B contrary to phrase A? Answer exactly 'Yes' or 'No' only. Do not provide any extra text.

[Question] Phrase B is nice_atmosphere. Phrase A is no_evident_not_spotless_hotel.
",Yes
2026-08-16 21:48:24,2,22550,no_evident_not_pleasant_hotel,happy_with_service,"Is phrase B contrary to phrase A? Answer exactly 'Yes' or 'No' only. Do not provide any extra text.

[Question] Phrase B is happy_with_service. Phrase A is no_evident_not_pleasant_hotel.
",No
2026-08-16 21:48:24,2,18251,no_evident_not_recently_renovated_interior,nice_ambiance_hotel,"Is phrase B contrary to phrase A? Answer exactly 'Yes' or 'No' only. Do not provide any extra text.

[Question] Phrase B is nice_ambiance_hotel. Phrase A is no_evident_not_recently_renovated_interior.
",Yes
2026-08-16 21:48:24,2,7197,no_evident_not_great_hotel,all_furniture_new,"Is phrase B contrary to phrase A? Answer exactly 'Yes' or 'No' only. Do not provide any extra text.

[Question] Phrase B is all_furniture_new. Phrase A is no_evident_not_great_hotel.
",No
2026-08-16 21:48:24,2,10627,no_evident_not_easy_to_park_car_outside,renovated_hotel,"Is phrase B contrary to phrase A? Answer exactly 'Yes' or 'No' only. Do not provide any extra text.

[Question] Phrase B is renovated_hotel. Phrase A is no_evident_not_easy_to_park_car_outside.
",Yes
2026-08-16 21:48:24,2,22434,no_evident_not_cleanest_hotel_in_Cyprus,front_to_unwind_evening,"Is phrase B contrary to phrase A? Answer exactly 'Yes' or 'No' only. Do not provide any extra text.

[Question] Phrase B is front_to_unwind_evening. Phrase A is no_evident_not_cleanest_hotel_in_Cyprus.
",Yes
2026-08-16 21:48:24,2,27619,no_evident_not_plenty_of_parking,nice_small_hotel,"Is phrase B contrary to phrase A? Answer exactly 'Yes' or 'No' only. Do not provide any extra text.

[Question] Phrase B is nice_small_hotel. Phrase A is no_evident_not_plenty_of_parking.
",Yes
2026-08-16 21:48:25,2,25177,no_evident_not_has_parking_next_to_hotel,welcoming_environment,"Is phrase B contrary to phrase A? Answer exactly 'Yes' or 'No' only. Do not provide any extra text.

[Question] Phrase B is welcoming_environment. Phrase A is no_evident_not_has_parking_next_to_hotel.
",Yes
2026-08-16 21:48:25,2,25428,no_evident_not_recently_freshed_up,fresh_hotel,"Is phrase B contrary to phrase A? Answer exactly 'Yes' or 'No' only. Do not provide any extra text.

[Question] Phrase B is fresh_hotel. Phrase A is no_evident_not_recently_freshed_up.
",Yes
2026-08-16 21:48:25,2,1833,no_evident_not_lovely_hotel,brand_new_facility,"Is phrase B contrary to phrase A? Answer exactly 'Yes' or 'No' only. Do not provide any extra text.

[Question] Phrase B is brand_new_facility. Phrase A is no_evident_not_lovely_hotel.
",Yes
2026-08-16 21:48:25,2,7506,no_evident_not_contemporary_hotel,pleasant_hotel,"Is phrase B contrary to phrase A? Answer exactly 'Yes' or 'No' only. Do not provide any extra text.

[Question] Phrase B is pleasant_hotel. Phrase A is no_evident_not_contemporary_hotel.
",Yes
2026-08-16 21:48:25,2,26929,no_evident_not_aesthetic_hotel,amazing_place,"Is phrase B contrary to phrase A? Answer exactly 'Yes' or 'No' only. Do not provide any extra text.

[Question] Phrase B is amazing_place. Phrase A is no_evident_not_aesthetic_hotel.
",Yes
2026-08-16 21:48:25,2,1052,no_evident_not_nice_hotel,interesting_service,"Is phrase B contrary to phrase A? Answer exactly 'Yes' or 'No' only. Do not provide any extra text.

[Question] Phrase B is interesting_service. Phrase A is no_evident_not_nice_hotel.
",Yes
2026-08-16 21:48:25,2,26380,no_evident_not_pleasant_terrace,welcoming_hotel,"Is phrase B contrary to phrase A? Answer exactly 'Yes' or 'No' only. Do not provide any extra text.

[Question] Phrase B is welcoming_hotel. Phrase A is no_evident_not_pleasant_terrace.
",No
2026-08-16 21:48:26,2,10337,no_evident_not_everything_cozy,good_wifi,"Is phrase B contrary to phrase A? Answer exactly 'Yes' or 'No' only. Do not provide any extra text.

[Question] Phrase B is good_wifi. Phrase A is no_evident_not_everything_cozy.
",Yes
2026-08-16 21:48:26,2,13146,no_evident_not_pet_friendly_hotel,nice_hotel,"Is phrase B contrary to phrase A? Answer exactly 'Yes' or 'No' only. Do not provide any extra text.

[Question] Phrase B is nice_hotel. Phrase A is no_evident_not_pet_friendly_hotel.
",Yes
2026-08-16 21:48:26,2,8774,no_evident_not_beautifully_kept_hotel,clean_reception,"Is phrase B contrary to phrase A? Answer exactly 'Yes' or 'No' only. Do not provide any extra text.

[Question] Phrase B is clean_reception. Phrase A is no_evident_not_beautifully_kept_hotel.
",Yes
2026-08-16 21:48:26,2,2169,no_evident_not_clean_hotel,up_to_4*_standard,"Is phrase B contrary to phrase A? Answer exactly 'Yes' or 'No' only. Do not provide any extra text.

[Question] Phrase B is up_to_4*_standard. Phrase A is no_evident_not_clean_hotel.
",Yes
2026-08-16 21:48:26,2,6914,no_evident_not_family_establishment,pet_friendly_hotel,"Is phrase B contrary to phrase A? Answer exactly 'Yes' or 'No' only. Do not provide any extra text.

[Question] Phrase B is pet_friendly_hotel. Phrase A is no_evident_not_family_establishment.
",Yes
2026-08-16 21:48:27,2,29922,no_evident_not_can_request_for_transfer_from_airport,contemporary_hotel,"Is phrase B contrary to phrase A? Answer exactly 'Yes' or 'No' only. Do not provide any extra text.

[Question] Phrase B is contemporary_hotel. Phrase A is no_evident_not_can_request_for_transfer_from_airport.
",No
2026-08-16 21:48:27,2,30898,no_evident_not_surprise_with_swimming_pool,free_parking,"Is phrase B contrary to phrase A? Answer exactly 'Yes' or 'No' only. Do not provide any extra text.

[Question] Phrase B is free_parking. Phrase A is no_evident_not_surprise_with_swimming_pool.
",No
2026-08-16 21:48:27,2,18586,no_evident_not_clean_facility,offered_drink,"Is phrase B contrary to phrase A? Answer exactly 'Yes' or 'No' only. Do not provide any extra text.

[Question] Phrase B is offered_drink. Phrase A is no_evident_not_clean_facility.
",Yes
2026-08-16 21:48:27,2,28717,no_evident_not_clean_street_terrace,well_situated_hotel,"Is phrase B contrary to phrase A? Answer exactly 'Yes' or 'No' only. Do not provide any extra text.

[Question] Phrase B is well_situated_hotel. Phrase A is no_evident_not_clean_street_terrace.
",Yes
2026-08-16 21:48:28,2,23525,no_evident_not_furnished_hotel,cleanest_hotel_in_Cyprus,"Is phrase B contrary to phrase A? Answer exactly 'Yes' or 'No' only. Do not provide any extra text.

[Question] Phrase B is cleanest_hotel_in_Cyprus. Phrase A is no_evident_not_furnished_hotel.
",Yes
2026-08-16 21:48:28,2,10312,no_evident_not_everything_cozy,lovely_lobby,"Is phrase B contrary to phrase A? Answer exactly 'Yes' or 'No' only. Do not provide any extra text.

[Question] Phrase B is lovely_lobby. Phrase A is no_evident_not_everything_cozy.
",Yes
2026-08-16 21:48:28,2,6968,no_evident_not_family_establishment,many_free_parking_space_available_on_early_November,"Is phrase B contrary to phrase A? Answer exactly 'Yes' or 'No' only. Do not provide any extra text.

[Question] Phrase B is many_free_parking_space_available_on_early_November. Phrase A is no_evident_not_family_establishment.
",Yes
2026-08-16 21:48:28,2,21478,no_evident_not_light_hotel,everything_cozy,"Is phrase B contrary to phrase A? Answer exactly 'Yes' or 'No' only. Do not provide any extra text.

[Question] Phrase B is everything_cozy. Phrase A is no_evident_not_light_hotel.
",No
2026-08-16 21:48:28,2,16359,no_evident_not_contemporary_decoration,excellent_option,"Is phrase B contrary to phrase A? Answer exactly 'Yes' or 'No' only. Do not provide any extra text.

[Question] Phrase B is excellent_option. Phrase A is no_evident_not_contemporary_decoration.
",Yes
2026-08-16 21:48:28,2,12965,no_evident_not_feel_welcome_from_arrival_moment,not_big_hotel,"Is phrase B contrary to phrase A? Answer exactly 'Yes' or 'No' only. Do not provide any extra text.

[Question] Phrase B is not_big_hotel. Phrase A is no_evident_not_feel_welcome_from_arrival_moment.
",Yes
2026-08-16 21:48:28,2,28990,no_evident_not_clean_hall,welcoming_entrance,"Is phrase B contrary to phrase A? Answer exactly 'Yes' or 'No' only. Do not provide any extra text.

[Question] Phrase B is welcoming_entrance. Phrase A is no_evident_not_clean_hall.
",Yes
2026-08-16 21:48:28,2,29968,no_evident_not_can_request_for_transfer_from_airport,easy_parking,"Is phrase B contrary to phrase A? Answer exactly 'Yes' or 'No' only. Do not provide any extra text.

[Question] Phrase B is easy_parking. Phrase A is no_evident_not_can_request_for_transfer_from_airport.
",No
2026-08-16 21:48:29,2,21065,no_evident_not_free_parking,not_big_hotel,"Is phrase B contrary to phrase A? Answer exactly 'Yes' or 'No' only. Do not provide any extra text.

[Question] Phrase B is not_big_hotel. Phrase A is no_evident_not_free_parking.
",Yes
2026-08-16 21:48:29,2,15036,no_evident_not_friendly_atmosphere,look_like_almost_new_hotel,"Is phrase B contrary to phrase A? Answer exactly 'Yes' or 'No' only. Do not provide any extra text.

[Question] Phrase B is look_like_almost_new_hotel. Phrase A is no_evident_not_friendly_atmosphere.
",Yes
2026-08-16 21:48:29,2,4682,no_evident_not_clean_inside,comfortable_hotel,"Is phrase B contrary to phrase A? Answer exactly 'Yes' or 'No' only. Do not provide any extra text.

[Question] Phrase B is comfortable_hotel. Phrase A is no_evident_not_clean_inside.
",Yes
2026-08-16 21:48:29,2,4576,no_evident_not_allow_stay_with_animal,sufficient_parking,"Is phrase B contrary to phrase A? Answer exactly 'Yes' or 'No' only. Do not provide any extra text.

[Question] Phrase B is sufficient_parking. Phrase A is no_evident_not_allow_stay_with_animal.
",Yes
2026-08-16 21:48:29,2,8680,no_evident_not_beautifully_kept_hotel,great_hotel,"Is phrase B contrary to phrase A? Answer exactly 'Yes' or 'No' only. Do not provide any extra text.

[Question] Phrase B is great_hotel. Phrase A is no_evident_not_beautifully_kept_hotel.
",Yes
2026-08-16 21:48:29,2,8082,no_evident_not_offered_food,clean_hall,"Is phrase B contrary to phrase A? Answer exactly 'Yes' or 'No' only. Do not provide any extra text.

[Question] Phrase B is clean_hall. Phrase A is no_evident_not_offered_food.
",No
2026-08-16 21:48:29,2,24412,no_evident_not_good_quality_hotel,exceeded_expectation_hotel,"Is phrase B contrary to phrase A? Answer exactly 'Yes' or 'No' only. Do not provide any extra text.

[Question] Phrase B is exceeded_expectation_hotel. Phrase A is no_evident_not_good_quality_hotel.
",Yes
2026-08-16 21:48:29,2,18395,no_evident_not_hotel_received_package_prior_arrival,fantastic_service,"Is phrase B contrary to phrase A? Answer exactly 'Yes' or 'No' only. Do not provide any extra text.

[Question] Phrase B is fantastic_service. Phrase A is no_evident_not_hotel_received_package_prior_arrival.
",No
2026-08-16 21:48:30,2,17662,no_evident_not_5_star_hotel,modern_hotel,"Is phrase B contrary to phrase A? Answer exactly 'Yes' or 'No' only. Do not provide any extra text.

[Question] Phrase B is modern_hotel. Phrase A is no_evident_not_5_star_hotel.
",Yes
2026-08-16 21:48:30,2,8610,no_evident_not_fresh_hotel,aesthetic_hotel,"Is phrase B contrary to phrase A? Answer exactly 'Yes' or 'No' only. Do not provide any extra text.

[Question] Phrase B is aesthetic_hotel. Phrase A is no_evident_not_fresh_hotel.
",Yes
2026-08-16 21:48:30,2,24479,no_evident_not_good_quality_hotel,compact_hotel,"Is phrase B contrary to phrase A? Answer exactly 'Yes' or 'No' only. Do not provide any extra text.

[Question] Phrase B is compact_hotel. Phrase A is no_evident_not_good_quality_hotel.
",Yes
2026-08-16 21:48:30,2,19156,no_evident_not_affordable_hotel,sufficient_parking,"Is phrase B contrary to phrase A? Answer exactly 'Yes' or 'No' only. Do not provide any extra text.

[Question] Phrase B is sufficient_parking. Phrase A is no_evident_not_affordable_hotel.
",Yes
2026-08-16 21:48:30,2,14039,no_evident_not_lovely_family_hotel,compact_hotel,"Is phrase B contrary to phrase A? Answer exactly 'Yes' or 'No' only. Do not provide any extra text.

[Question] Phrase B is compact_hotel. Phrase A is no_evident_not_lovely_family_hotel.
",Yes
2026-08-16 21:48:31,2,29420,no_evident_not_clean_lobby,all_you_need_for_great_holiday,"Is phrase B contrary to phrase A? Answer exactly 'Yes' or 'No' only. Do not provide any extra text.

[Question] Phrase B is all_you_need_for_great_holiday. Phrase A is no_evident_not_clean_lobby.
",Yes
2026-08-16 21:48:31,2,19122,no_evident_not_affordable_hotel,contemporary_hotel,"Is phrase B contrary to phrase A? Answer exactly 'Yes' or 'No' only. Do not provide any extra text.

[Question] Phrase B is contemporary_hotel. Phrase A is no_evident_not_affordable_hotel.
",Yes
2026-08-16 21:48:31,2,13088,no_evident_not_feel_welcome_from_arrival_moment,many_free_parking_space_available_on_early_November,"Is phrase B contrary to phrase A? Answer exactly 'Yes' or 'No' only. Do not provide any extra text.

[Question] Phrase B is many_free_parking_space_available_on_early_November. Phrase A is no_evident_not_feel_welcome_from_arrival_moment.
",No
2026-08-16 21:48:31,2,11862,no_evident_not_clean_boutique_hotel,clean_hall,"Is phrase B contrary to phrase A? Answer exactly 'Yes' or 'No' only. Do not provide any extra text.

[Question] Phrase B is clean_hall. Phrase A is no_evident_not_clean_boutique_hotel.
",Yes
2026-08-16 21:48:31,2,7187,no_evident_not_great_hotel,can_request_for_transfer_from_airport,"Is phrase B contrary to phrase A? Answer exactly 'Yes' or 'No' only. Do not provide any extra text.

[Question] Phrase B is can_request_for_transfer_from_airport. Phrase A is no_evident_not_great_hotel.
",No
2026-08-16 21:48:31,2,4533,no_evident_not_allow_stay_with_animal,brand_new_facility,"Is phrase B contrary to phrase A? Answer exactly 'Yes' or 'No' only. Do not provide any extra text.

[Question] Phrase B is brand_new_facility. Phrase A is no_evident_not_allow_stay_with_animal.
",Yes
2026-08-16 21:48:32,2,16697,no_evident_not_just_renovated_hotel,small_hotel,"Is phrase B contrary to phrase A? Answer exactly 'Yes' or 'No' only. Do not provide any extra text.

[Question] Phrase B is small_hotel. Phrase A is no_evident_not_just_renovated_hotel.
",Yes
2026-08-16 21:48:32,2,16172,no_evident_not_clear_decoration,interesting_service,"Is phrase B contrary to phrase A? Answer exactly 'Yes' or 'No' only. Do not provide any extra text.

[Question] Phrase B is interesting_service. Phrase A is no_evident_not_clear_decoration.
",No
2026-08-16 21:48:32,2,2979,no_evident_not_everywhere_spotless_clean,5_star_hotel,"Is phrase B contrary to phrase A? Answer exactly 'Yes' or 'No' only. Do not provide any extra text.

[Question] Phrase B is 5_star_hotel. Phrase A is no_evident_not_everywhere_spotless_clean.
",No
2026-08-16 21:48:32,2,24766,no_evident_not_intimate_hotel,brand_new_furniture,"Is phrase B contrary to phrase A? Answer exactly 'Yes' or 'No' only. Do not provide any extra text.

[Question] Phrase B is brand_new_furniture. Phrase A is no_evident_not_intimate_hotel.
",Yes
2026-08-16 21:48:32,2,1544,no_evident_not_up_to_4*_standard,clean_facility,"Is phrase B contrary to phrase A? Answer exactly 'Yes' or 'No' only. Do not provide any extra text.

[Question] Phrase B is clean_facility. Phrase A is no_evident_not_up_to_4*_standard.
",Yes
2026-08-16 21:48:33,2,28217,no_evident_not_welcoming_environment,small_hotel,"Is phrase B contrary to phrase A? Answer exactly 'Yes' or 'No' only. Do not provide any extra text.

[Question] Phrase B is small_hotel. Phrase A is no_evident_not_welcoming_environment.
",Yes
2026-08-16 21:48:33,2,3593,no_evident_not_modern_facility,has_swimming_pool,"Is phrase B contrary to phrase A? Answer exactly 'Yes' or 'No' only. Do not provide any extra text.

[Question] Phrase B is has_swimming_pool. Phrase A is no_evident_not_modern_facility.
",Yes
2026-08-16 21:48:33,2,5009,no_evident_not_beautiful_inside,stunning_hotel,"Is phrase B contrary to phrase A? Answer exactly 'Yes' or 'No' only. Do not provide any extra text.

[Question] Phrase B is stunning_hotel. Phrase A is no_evident_not_beautiful_inside.
",Yes
2026-08-16 21:48:33,2,20561,no_evident_not_pet_friendly,quiet_hotel,"Is phrase B contrary to phrase A? Answer exactly 'Yes' or 'No' only. Do not provide any extra text.

[Question] Phrase B is quiet_hotel. Phrase A is no_evident_not_pet_friendly.
",Yes
2026-08-16 21:48:33,2,5243,no_evident_not_everything_new,refurbished_hotel,"Is phrase B contrary to phrase A? Answer exactly 'Yes' or 'No' only. Do not provide any extra text.

[Question] Phrase B is refurbished_hotel. Phrase A is no_evident_not_everything_new.
",No
2026-08-16 21:48:33,2,25955,no_evident_not_has_cozy_courtyard,fantastic_service,"Is phrase B contrary to phrase A? Answer exactly 'Yes' or 'No' only. Do not provide any extra text.

[Question] Phrase B is fantastic_service. Phrase A is no_evident_not_has_cozy_courtyard.
",Yes
2026-08-16 21:48:33,2,22299,no_evident_not_friendly_hotel,excellent_option,"Is phrase B contrary to phrase A? Answer exactly 'Yes' or 'No' only. Do not provide any extra text.

[Question] Phrase B is excellent_option. Phrase A is no_evident_not_friendly_hotel.
",No
2026-08-16 21:48:33,2,13834,no_evident_not_good_wifi,plenty_of_parking,"Is phrase B contrary to phrase A? Answer exactly 'Yes' or 'No' only. Do not provide any extra text.

[Question] Phrase B is plenty_of_parking. Phrase A is no_evident_not_good_wifi.
",No
2026-08-16 21:48:34,2,19544,no_evident_not_amazing_place,clean_facility,"Is phrase B contrary to phrase A? Answer exactly 'Yes' or 'No' only. Do not provide any extra text.

[Question] Phrase B is clean_facility. Phrase A is no_evident_not_amazing_place.
",Yes
2026-08-16 21:48:34,2,2082,no_evident_not_peaceful_facility,recently_renovated_interior,"Is phrase B contrary to phrase A? Answer exactly 'Yes' or 'No' only. Do not provide any extra text.

[Question] Phrase B is recently_renovated_interior. Phrase A is no_evident_not_peaceful_facility.
",Yes
2026-08-16 21:48:34,2,12609,no_evident_not_nice_ambiance_hotel,up_to_4*_standard,"Is phrase B contrary to phrase A? Answer exactly 'Yes' or 'No' only. Do not provide any extra text.

[Question] Phrase B is up_to_4*_standard. Phrase A is no_evident_not_nice_ambiance_hotel.
",Yes
2026-08-16 21:48:34,2,12505,no_evident_not_Christmas_vibe_hotel,comfortable_atmosphere,"Is phrase B contrary to phrase A? Answer exactly 'Yes' or 'No' only. Do not provide any extra text.

[Question] Phrase B is comfortable_atmosphere. Phrase A is no_evident_not_Christmas_vibe_hotel.
",Yes
2026-08-16 21:48:34,2,19527,no_evident_not_amazing_place,excellent_inside,"Is phrase B contrary to phrase A? Answer exactly 'Yes' or 'No' only. Do not provide any extra text.

[Question] Phrase B is excellent_inside. Phrase A is no_evident_not_amazing_place.
",Yes
2026-08-16 21:48:35,2,15338,no_evident_not_family_run_hotel,well_run,"Is phrase B contrary to phrase A? Answer exactly 'Yes' or 'No' only. Do not provide any extra text.

[Question] Phrase B is well_run. Phrase A is no_evident_not_family_run_hotel.
",Yes
2026-08-16 21:48:35,2,17339,no_evident_not_well_situated_hotel,basic_hotel,"Is phrase B contrary to phrase A? Answer exactly 'Yes' or 'No' only. Do not provide any extra text.

[Question] Phrase B is basic_hotel. Phrase A is no_evident_not_well_situated_hotel.
",Yes
2026-08-16 21:48:35,2,8239,no_evident_not_offered_drink,cozy_terrace,"Is phrase B contrary to phrase A? Answer exactly 'Yes' or 'No' only. Do not provide any extra text.

[Question] Phrase B is cozy_terrace. Phrase A is no_evident_not_offered_drink.
",Yes
2026-08-16 21:48:35,2,31821,no_evident_not_all_furniture_new,able_to_bring_dog,"Is phrase B contrary to phrase A? Answer exactly 'Yes' or 'No' only. Do not provide any extra text.

[Question] Phrase B is able_to_bring_dog. Phrase A is no_evident_not_all_furniture_new.
",No
2026-08-16 21:48:36,2,18129,no_evident_not_clear_interior,open_air_car_park,"Is phrase B contrary to phrase A? Answer exactly 'Yes' or 'No' only. Do not provide any extra text.

[Question] Phrase B is open_air_car_park. Phrase A is no_evident_not_clear_interior.
",No
2026-08-16 21:48:36,2,28207,no_evident_not_welcoming_environment,same_as_photo,"Is phrase B contrary to phrase A? Answer exactly 'Yes' or 'No' only. Do not provide any extra text.

[Question] Phrase B is same_as_photo. Phrase A is no_evident_not_welcoming_environment.
",No
2026-08-16 21:48:36,2,30882,no_evident_not_surprise_with_swimming_pool,recently_renovated_interior,"Is phrase B contrary to phrase A? Answer exactly 'Yes' or 'No' only. Do not provide any extra text.

[Question] Phrase B is recently_renovated_interior. Phrase A is no_evident_not_surprise_with_swimming_pool.
",Yes
2026-08-16 21:48:36,2,377,no_evident_not_family_atmosphere_hotel,everywhere_spotless_clean,"Is phrase B contrary to phrase A? Answer exactly 'Yes' or 'No' only. Do not provide any extra text.

[Question] Phrase B is everywhere_spotless_clean. Phrase A is no_evident_not_family_atmosphere_hotel.
",Yes
2026-08-16 21:48:36,2,22292,no_evident_not_friendly_hotel,interesting_service,"Is phrase B contrary to phrase A? Answer exactly 'Yes' or 'No' only. Do not provide any extra text.

[Question] Phrase B is interesting_service. Phrase A is no_evident_not_friendly_hotel.
",Yes
2026-08-16 21:48:36,2,23617,no_evident_not_nice_facility,amazing_hotel,"Is phrase B contrary to phrase A? Answer exactly 'Yes' or 'No' only. Do not provide any extra text.

[Question] Phrase B is amazing_hotel. Phrase A is no_evident_not_nice_facility.
",Yes
2026-08-16 21:48:36,2,3754,no_evident_not_spacious_hotel,plenty_of_parking,"Is phrase B contrary to phrase A? Answer exactly 'Yes' or 'No' only. Do not provide any extra text.

[Question] Phrase B is plenty_of_parking. Phrase A is no_evident_not_spacious_hotel.
",No
2026-08-16 21:48:37,2,22339,no_evident_not_cleanest_hotel_in_Cyprus,lovely_little_hotel,"Is phrase B contrary to phrase A? Answer exactly 'Yes' or 'No' only. Do not provide any extra text.

[Question] Phrase B is lovely_little_hotel. Phrase A is no_evident_not_cleanest_hotel_in_Cyprus.
",Yes
2026-08-16 21:48:37,2,28993,no_evident_not_clean_hall,clean_hotel,"Is phrase B contrary to phrase A? Answer exactly 'Yes' or 'No' only. Do not provide any extra text.

[Question] Phrase B is clean_hotel. Phrase A is no_evident_not_clean_hall.
",Yes
2026-08-16 21:48:37,2,17596,no_evident_not_easy_hotel,good_quality_hotel,"Is phrase B contrary to phrase A? Answer exactly 'Yes' or 'No' only. Do not provide any extra text.

[Question] Phrase B is good_quality_hotel. Phrase A is no_evident_not_easy_hotel.
",Yes
2026-08-16 21:48:37,2,24605,no_evident_not_small_hotel,cleanest_hotel_in_Cyprus,"Is phrase B contrary to phrase A? Answer exactly 'Yes' or 'No' only. Do not provide any extra text.

[Question] Phrase B is cleanest_hotel_in_Cyprus. Phrase A is no_evident_not_small_hotel.
",Yes
2026-08-16 21:48:37,2,8744,no_evident_not_beautifully_kept_hotel,clean_facility,"Is phrase B contrary to phrase A? Answer exactly 'Yes' or 'No' only. Do not provide any extra text.

[Question] Phrase B is clean_facility. Phrase A is no_evident_not_beautifully_kept_hotel.
",Yes
2026-08-16 21:48:37,2,25186,no_evident_not_has_parking_next_to_hotel,has_parking_in_hotel_area,"Is phrase B contrary to phrase A? Answer exactly 'Yes' or 'No' only. Do not provide any extra text.

[Question] Phrase B is has_parking_in_hotel_area. Phrase A is no_evident_not_has_parking_next_to_hotel.
",No
2026-08-16 21:48:37,2,21004,no_evident_not_spotless_hotel,friendly_hotel,"Is phrase B contrary to phrase A? Answer exactly 'Yes' or 'No' only. Do not provide any extra text.

[Question] Phrase B is friendly_hotel. Phrase A is no_evident_not_spotless_hotel.
",Yes
2026-08-16 21:48:38,2,11147,no_evident_not_flexible_with_our_schedule,can_request_for_transfer_from_airport,"Is phrase B contrary to phrase A? Answer exactly 'Yes' or 'No' only. Do not provide any extra text.

[Question] Phrase B is can_request_for_transfer_from_airport. Phrase A is no_evident_not_flexible_with_our_schedule.
",Yes
2026-08-16 21:48:38,2,3656,no_evident_not_spacious_hotel,family_run_small_hotel,"Is phrase B contrary to phrase A? Answer exactly 'Yes' or 'No' only. Do not provide any extra text.

[Question] Phrase B is family_run_small_hotel. Phrase A is no_evident_not_spacious_hotel.
",Yes
2026-08-16 21:48:38,2,9618,no_evident_not_comfortable_lobby,lovely_family_hotel,"Is phrase B contrary to phrase A? Answer exactly 'Yes' or 'No' only. Do not provide any extra text.

[Question] Phrase B is lovely_family_hotel. Phrase A is no_evident_not_comfortable_lobby.
",Yes
2026-08-16 21:48:38,2,14247,no_evident_not_all_you_need_for_great_holiday,clean_inside,"Is phrase B contrary to phrase A? Answer exactly 'Yes' or 'No' only. Do not provide any extra text.

[Question] Phrase B is clean_inside. Phrase A is no_evident_not_all_you_need_for_great_holiday.
",Yes
2026-08-16 21:48:38,2,5183,no_evident_not_fantastic_hotel,newly_refurbished_hotel,"Is phrase B contrary to phrase A? Answer exactly 'Yes' or 'No' only. Do not provide any extra text.

[Question] Phrase B is newly_refurbished_hotel. Phrase A is no_evident_not_fantastic_hotel.
",Yes
2026-08-16 21:48:39,2,14868,no_evident_not_best_hotel,recently_renovated_hotel,"Is phrase B contrary to phrase A? Answer exactly 'Yes' or 'No' only. Do not provide any extra text.

[Question] Phrase B is recently_renovated_hotel. Phrase A is no_evident_not_best_hotel.
",Yes
2026-08-16 21:48:39,2,107,no_evident_not_new_hotel,affordable_hotel,"Is phrase B contrary to phrase A? Answer exactly 'Yes' or 'No' only. Do not provide any extra text.

[Question] Phrase B is affordable_hotel. Phrase A is no_evident_not_new_hotel.
",Yes
2026-08-16 21:48:39,2,31255,no_evident_not_completely_redone_hotel,pet_friendly,"Is phrase B contrary to phrase A? Answer exactly 'Yes' or 'No' only. Do not provide any extra text.

[Question] Phrase B is pet_friendly. Phrase A is no_evident_not_completely_redone_hotel.
",No
2026-08-16 21:48:39,2,23662,no_evident_not_nice_facility,spotlessly_clean,"Is phrase B contrary to phrase A? Answer exactly 'Yes' or 'No' only. Do not provide any extra text.

[Question] Phrase B is spotlessly_clean. Phrase A is no_evident_not_nice_facility.
",Yes
2026-08-16 21:48:39,2,28700,no_evident_not_clean_street_terrace,all_you_need_for_great_holiday,"Is phrase B contrary to phrase A? Answer exactly 'Yes' or 'No' only. Do not provide any extra text.

[Question] Phrase B is all_you_need_for_great_holiday. Phrase A is no_evident_not_clean_street_terrace.
",Yes
2026-08-16 21:48:40,2,23583,no_evident_not_nice_facility,family_atmosphere_hotel,"Is phrase B contrary to phrase A? Answer exactly 'Yes' or 'No' only. Do not provide any extra text.

[Question] Phrase B is family_atmosphere_hotel. Phrase A is no_evident_not_nice_facility.
",Yes
2026-08-16 21:48:40,2,8631,no_evident_not_fresh_hotel,stylish_hotel,"Is phrase B contrary to phrase A? Answer exactly 'Yes' or 'No' only. Do not provide any extra text.

[Question] Phrase B is stylish_hotel. Phrase A is no_evident_not_fresh_hotel.
",Yes
2026-08-16 21:48:40,2,31847,no_evident_not_all_furniture_new,can_request_for_transfer_from_airport,"Is phrase B contrary to phrase A? Answer exactly 'Yes' or 'No' only. Do not provide any extra text.

[Question] Phrase B is can_request_for_transfer_from_airport. Phrase A is no_evident_not_all_furniture_new.
",No
2026-08-16 21:48:40,2,16404,no_evident_not_nice_atmosphere,recently_refurbished_hotel,"Is phrase B contrary to phrase A? Answer exactly 'Yes' or 'No' only. Do not provide any extra text.

[Question] Phrase B is recently_refurbished_hotel. Phrase A is no_evident_not_nice_atmosphere.
",Yes
2026-08-16 21:48:40,2,24968,no_evident_not_cozy_terrace,many_free_parking_space_available_on_early_November,"Is phrase B contrary to phrase A? Answer exactly 'Yes' or 'No' only. Do not provide any extra text.

[Question] Phrase B is many_free_parking_space_available_on_early_November. Phrase A is no_evident_not_cozy_terrace.
",Yes
2026-08-16 21:48:40,2,5855,no_evident_not_brand_new_facility,bright_hotel,"Is phrase B contrary to phrase A? Answer exactly 'Yes' or 'No' only. Do not provide any extra text.

[Question] Phrase B is bright_hotel. Phrase A is no_evident_not_brand_new_facility.
",Yes
2026-08-16 21:48:40,2,16636,no_evident_not_just_renovated_hotel,sufficient_parking,"Is phrase B contrary to phrase A? Answer exactly 'Yes' or 'No' only. Do not provide any extra text.

[Question] Phrase B is sufficient_parking. Phrase A is no_evident_not_just_renovated_hotel.
",Yes
2026-08-16 21:48:41,2,29905,no_evident_not_can_request_for_transfer_from_airport,simple_hotel,"Is phrase B contrary to phrase A? Answer exactly 'Yes' or 'No' only. Do not provide any extra text.

[Question] Phrase B is simple_hotel. Phrase A is no_evident_not_can_request_for_transfer_from_airport.
",No
2026-08-16 21:48:41,2,3487,no_evident_not_modern_facility,everything_great,"Is phrase B contrary to phrase A? Answer exactly 'Yes' or 'No' only. Do not provide any extra text.

[Question] Phrase B is everything_great. Phrase A is no_evident_not_modern_facility.
",Yes
2026-08-16 21:48:41,2,28526,no_evident_not_excellent_option,family_run_hotel,"Is phrase B contrary to phrase A? Answer exactly 'Yes' or 'No' only. Do not provide any extra text.

[Question] Phrase B is family_run_hotel. Phrase A is no_evident_not_excellent_option.
",Yes
2026-08-16 21:48:41,2,20490,no_evident_not_front_to_unwind_evening,aesthetic_hotel,"Is phrase B contrary to phrase A? Answer exactly 'Yes' or 'No' only. Do not provide any extra text.

[Question] Phrase B is aesthetic_hotel. Phrase A is no_evident_not_front_to_unwind_evening.
",No
2026-08-16 21:48:41,2,9780,no_evident_not_brand_new_hotel,easy_to_park_car_outside,"Is phrase B contrary to phrase A? Answer exactly 'Yes' or 'No' only. Do not provide any extra text.

[Question] Phrase B is easy_to_park_car_outside. Phrase A is no_evident_not_brand_new_hotel.
",No
2026-08-16 21:48:41,2,27580,no_evident_not_plenty_of_parking,great_hotel,"Is phrase B contrary to phrase A? Answer exactly 'Yes' or 'No' only. Do not provide any extra text.

[Question] Phrase B is great_hotel. Phrase A is no_evident_not_plenty_of_parking.
",Yes
2026-08-16 21:48:41,2,20938,no_evident_not_spotless_hotel,everything_cozy,"Is phrase B contrary to phrase A? Answer exactly 'Yes' or 'No' only. Do not provide any extra text.

[Question] Phrase B is everything_cozy. Phrase A is no_evident_not_spotless_hotel.
",No
2026-08-16 21:48:41,2,19955,no_evident_not_wonderful_hotel,brilliant_hotel,"Is phrase B contrary to phrase A? Answer exactly 'Yes' or 'No' only. Do not provide any extra text.

[Question] Phrase B is brilliant_hotel. Phrase A is no_evident_not_wonderful_hotel.
",Yes
2026-08-16 21:48:42,2,6518,no_evident_not_amazing_hotel,well_run,"Is phrase B contrary to phrase A? Answer exactly 'Yes' or 'No' only. Do not provide any extra text.

[Question] Phrase B is well_run. Phrase A is no_evident_not_amazing_hotel.
",Yes
2026-08-16 21:48:42,2,12253,no_evident_not_feel_like_home_atmosphere,clean_hotel,"Is phrase B contrary to phrase A? Answer exactly 'Yes' or 'No' only. Do not provide any extra text.

[Question] Phrase B is clean_hotel. Phrase A is no_evident_not_feel_like_home_atmosphere.
",Yes
2026-08-16 21:48:42,2,24986,no_evident_not_cozy_terrace,have_parking,"Is phrase B contrary to phrase A? Answer exactly 'Yes' or 'No' only. Do not provide any extra text.

[Question] Phrase B is have_parking. Phrase A is no_evident_not_cozy_terrace.
",No
2026-08-16 21:48:42,2,5294,no_evident_not_everything_new,pet_friendly_hotel,"Is phrase B contrary to phrase A? Answer exactly 'Yes' or 'No' only. Do not provide any extra text.

[Question] Phrase B is pet_friendly_hotel. Phrase A is no_evident_not_everything_new.
",No
2026-08-16 21:48:42,2,17675,no_evident_not_5_star_hotel,fantastic_service,"Is phrase B contrary to phrase A? Answer exactly 'Yes' or 'No' only. Do not provide any extra text.

[Question] Phrase B is fantastic_service. Phrase A is no_evident_not_5_star_hotel.
",Yes
2026-08-16 21:48:43,2,31245,no_evident_not_completely_redone_hotel,brand_new_fitting,"Is phrase B contrary to phrase A? Answer exactly 'Yes' or 'No' only. Do not provide any extra text.

[Question] Phrase B is brand_new_fitting. Phrase A is no_evident_not_completely_redone_hotel.
",Yes
2026-08-16 21:48:43,2,25515,no_evident_not_recently_freshed_up,as_expected_hotel,"Is phrase B contrary to phrase A? Answer exactly 'Yes' or 'No' only. Do not provide any extra text.

[Question] Phrase B is as_expected_hotel. Phrase A is no_evident_not_recently_freshed_up.
",Yes
2026-08-16 21:48:43,2,30227,no_evident_not_free_parking_in_front_of_hotel,can_request_for_transfer_from_airport,"Is phrase B contrary to phrase A? Answer exactly 'Yes' or 'No' only. Do not provide any extra text.

[Question] Phrase B is can_request_for_transfer_from_airport. Phrase A is no_evident_not_free_parking_in_front_of_hotel.
",No
2026-08-16 21:48:43,2,17379,no_evident_not_well_situated_hotel,5_star_hotel,"Is phrase B contrary to phrase A? Answer exactly 'Yes' or 'No' only. Do not provide any extra text.

[Question] Phrase B is 5_star_hotel. Phrase A is no_evident_not_well_situated_hotel.
",Yes
2026-08-16 21:48:44,2,30098,no_evident_not_free_parking_in_front_of_hotel,well_run,"Is phrase B contrary to phrase A? Answer exactly 'Yes' or 'No' only. Do not provide any extra text.

[Question] Phrase B is well_run. Phrase A is no_evident_not_free_parking_in_front_of_hotel.
",Yes
2026-08-16 21:48:44,2,19,no_evident_not_new_hotel,lovely_little_hotel,"Is phrase B contrary to phrase A? Answer exactly 'Yes' or 'No' only. Do not provide any extra text.

[Question] Phrase B is lovely_little_hotel. Phrase A is no_evident_not_new_hotel.
",Yes
2026-08-16 21:48:44,2,19627,no_evident_not_5*_facility,renovated_hotel,"Is phrase B contrary to phrase A? Answer exactly 'Yes' or 'No' only. Do not provide any extra text.

[Question] Phrase B is renovated_hotel. Phrase A is no_evident_not_5*_facility.
",Yes
2026-08-16 21:48:44,2,10622,no_evident_not_easy_to_park_car_outside,comfortable_hotel,"Is phrase B contrary to phrase A? Answer exactly 'Yes' or 'No' only. Do not provide any extra text.

[Question] Phrase B is comfortable_hotel. Phrase A is no_evident_not_easy_to_park_car_outside.
",No
2026-08-16 21:48:44,2,16011,no_evident_not_simple_decoration,stylish_hotel,"Is phrase B contrary to phrase A? Answer exactly 'Yes' or 'No' only. Do not provide any extra text.

[Question] Phrase B is stylish_hotel. Phrase A is no_evident_not_simple_decoration.
",Yes
2026-08-16 21:48:44,2,639,no_evident_not_cozy_hotel,5_star_hotel,"Is phrase B contrary to phrase A? Answer exactly 'Yes' or 'No' only. Do not provide any extra text.

[Question] Phrase B is 5_star_hotel. Phrase A is no_evident_not_cozy_hotel.
",Yes
2026-08-16 21:48:44,2,3666,no_evident_not_spacious_hotel,clean_boutique_hotel,"Is phrase B contrary to phrase A? Answer exactly 'Yes' or 'No' only. Do not provide any extra text.

[Question] Phrase B is clean_boutique_hotel. Phrase A is no_evident_not_spacious_hotel.
",Yes
2026-08-16 21:48:45,2,30445,no_evident_not_well_kept_hotel,simple_hotel,"Is phrase B contrary to phrase A? Answer exactly 'Yes' or 'No' only. Do not provide any extra text.

[Question] Phrase B is simple_hotel. Phrase A is no_evident_not_well_kept_hotel.
",Yes
2026-08-16 21:48:45,2,11895,no_evident_not_everything_great,everything_clean,"Is phrase B contrary to phrase A? Answer exactly 'Yes' or 'No' only. Do not provide any extra text.

[Question] Phrase B is everything_clean. Phrase A is no_evident_not_everything_great.
",Yes
2026-08-16 21:48:45,2,28794,no_evident_not_clean_street_terrace,completely_redone_hotel,"Is phrase B contrary to phrase A? Answer exactly 'Yes' or 'No' only. Do not provide any extra text.

[Question] Phrase B is completely_redone_hotel. Phrase A is no_evident_not_clean_street_terrace.
",Yes
2026-08-16 21:48:45,2,27253,no_evident_not_interesting_service,feel_welcome_from_arrival_moment,"Is phrase B contrary to phrase A? Answer exactly 'Yes' or 'No' only. Do not provide any extra text.

[Question] Phrase B is feel_welcome_from_arrival_moment. Phrase A is no_evident_not_interesting_service.
",No
2026-08-16 21:48:45,2,32288,no_evident_not_cozy_atmosphere,well_furnished_hotel,"Is phrase B contrary to phrase A? Answer exactly 'Yes' or 'No' only. Do not provide any extra text.

[Question] Phrase B is well_furnished_hotel. Phrase A is no_evident_not_cozy_atmosphere.
",Yes
2026-08-16 21:48:45,2,26437,no_evident_not_pleasant_terrace,welcoming_environment,"Is phrase B contrary to phrase A? Answer exactly 'Yes' or 'No' only. Do not provide any extra text.

[Question] Phrase B is welcoming_environment. Phrase A is no_evident_not_pleasant_terrace.
",Yes
2026-08-16 21:48:45,2,10077,no_evident_not_family_run_small_hotel,all_furniture_new,"Is phrase B contrary to phrase A? Answer exactly 'Yes' or 'No' only. Do not provide any extra text.

[Question] Phrase B is all_furniture_new. Phrase A is no_evident_not_family_run_small_hotel.
",No
2026-08-16 21:48:45,2,7847,no_evident_not_new_facility,affordable_hotel,"Is phrase B contrary to phrase A? Answer exactly 'Yes' or 'No' only. Do not provide any extra text.

[Question] Phrase B is affordable_hotel. Phrase A is no_evident_not_new_facility.
",No
2026-08-16 21:48:46,2,1899,no_evident_not_lovely_hotel,5_star_hotel,"Is phrase B contrary to phrase A? Answer exactly 'Yes' or 'No' only. Do not provide any extra text.

[Question] Phrase B is 5_star_hotel. Phrase A is no_evident_not_lovely_hotel.
",Yes
2026-08-16 21:48:46,2,7893,no_evident_not_new_facility,can_request_by_push_button,"Is phrase B contrary to phrase A? Answer exactly 'Yes' or 'No' only. Do not provide any extra text.

[Question] Phrase B is can_request_by_push_button. Phrase A is no_evident_not_new_facility.
",No
2026-08-16 21:48:46,2,28771,no_evident_not_clean_street_terrace,innovative_hotel,"Is phrase B contrary to phrase A? Answer exactly 'Yes' or 'No' only. Do not provide any extra text.

[Question] Phrase B is innovative_hotel. Phrase A is no_evident_not_clean_street_terrace.
",No
2026-08-16 21:48:46,2,18592,no_evident_not_clean_facility,lovely_lobby,"Is phrase B contrary to phrase A? Answer exactly 'Yes' or 'No' only. Do not provide any extra text.

[Question] Phrase B is lovely_lobby. Phrase A is no_evident_not_clean_facility.
",Yes
2026-08-16 21:48:46,2,31030,no_evident_not_has_swimming_pool,Christmas_vibe_hotel,"Is phrase B contrary to phrase A? Answer exactly 'Yes' or 'No' only. Do not provide any extra text.

[Question] Phrase B is Christmas_vibe_hotel. Phrase A is no_evident_not_has_swimming_pool.
",No
2026-08-16 21:48:46,2,2581,no_evident_not_everything_clean,everything_modern,"Is phrase B contrary to phrase A? Answer exactly 'Yes' or 'No' only. Do not provide any extra text.

[Question] Phrase B is everything_modern. Phrase A is no_evident_not_everything_clean.
",No
2026-08-16 21:48:47,2,2807,no_evident_not_everything_spotless_clean,affordable_hotel,"Is phrase B contrary to phrase A? Answer exactly 'Yes' or 'No' only. Do not provide any extra text.

[Question] Phrase B is affordable_hotel. Phrase A is no_evident_not_everything_spotless_clean.
",No
2026-08-16 21:48:47,2,23984,no_evident_not_clean_reception,new_facility,"Is phrase B contrary to phrase A? Answer exactly 'Yes' or 'No' only. Do not provide any extra text.

[Question] Phrase B is new_facility. Phrase A is no_evident_not_clean_reception.
",No
2026-08-16 21:48:47,2,15925,no_evident_not_simple_decoration,comfortable_atmosphere,"Is phrase B contrary to phrase A? Answer exactly 'Yes' or 'No' only. Do not provide any extra text.

[Question] Phrase B is comfortable_atmosphere. Phrase A is no_evident_not_simple_decoration.
",No
2026-08-16 21:48:47,2,26740,no_evident_not_stunning_hotel,welcoming_hotel,"Is phrase B contrary to phrase A? Answer exactly 'Yes' or 'No' only. Do not provide any extra text.

[Question] Phrase B is welcoming_hotel. Phrase A is no_evident_not_stunning_hotel.
",Yes
2026-08-16 21:48:47,2,2268,no_evident_not_clean_hotel,recently_renovated_hotel,"Is phrase B contrary to phrase A? Answer exactly 'Yes' or 'No' only. Do not provide any extra text.

[Question] Phrase B is recently_renovated_hotel. Phrase A is no_evident_not_clean_hotel.
",Yes
2026-08-16 21:48:48,2,32047,no_evident_not_compact_hotel,renovated_hotel,"Is phrase B contrary to phrase A? Answer exactly 'Yes' or 'No' only. Do not provide any extra text.

[Question] Phrase B is renovated_hotel. Phrase A is no_evident_not_compact_hotel.
",Yes
2026-08-16 21:48:48,2,24924,no_evident_not_cozy_terrace,friendly_atmosphere,"Is phrase B contrary to phrase A? Answer exactly 'Yes' or 'No' only. Do not provide any extra text.

[Question] Phrase B is friendly_atmosphere. Phrase A is no_evident_not_cozy_terrace.
",Yes
2026-08-16 21:48:48,2,17456,no_evident_not_well_situated_hotel,well_equipped_hotel,"Is phrase B contrary to phrase A? Answer exactly 'Yes' or 'No' only. Do not provide any extra text.

[Question] Phrase B is well_equipped_hotel. Phrase A is no_evident_not_well_situated_hotel.
",Yes
2026-08-16 21:48:48,2,25095,no_evident_not_has_parking_next_to_hotel,no_extra_charge_for_dog,"Is phrase B contrary to phrase A? Answer exactly 'Yes' or 'No' only. Do not provide any extra text.

[Question] Phrase B is no_extra_charge_for_dog. Phrase A is no_evident_not_has_parking_next_to_hotel.
",No
2026-08-16 21:48:48,2,4121,no_evident_not_refurbished_hotel,comfortable_street_terrace,"Is phrase B contrary to phrase A? Answer exactly 'Yes' or 'No' only. Do not provide any extra text.

[Question] Phrase B is comfortable_street_terrace. Phrase A is no_evident_not_refurbished_hotel.
",No
2026-08-16 21:48:49,2,4208,no_evident_not_recently_refurbished_hotel,well_furnished_hotel,"Is phrase B contrary to phrase A? Answer exactly 'Yes' or 'No' only. Do not provide any extra text.

[Question] Phrase B is well_furnished_hotel. Phrase A is no_evident_not_recently_refurbished_hotel.
",Yes
2026-08-16 21:48:49,2,21619,no_evident_not_neat_facility,lovely_little_hotel,"Is phrase B contrary to phrase A? Answer exactly 'Yes' or 'No' only. Do not provide any extra text.

[Question] Phrase B is lovely_little_hotel. Phrase A is no_evident_not_neat_facility.
",Yes
2026-08-16 21:48:49,2,15575,no_evident_not_excellent_inside,bright_hotel,"Is phrase B contrary to phrase A? Answer exactly 'Yes' or 'No' only. Do not provide any extra text.

[Question] Phrase B is bright_hotel. Phrase A is no_evident_not_excellent_inside.
",No
2026-08-16 21:48:49,2,31027,no_evident_not_has_swimming_pool,everything_great,"Is phrase B contrary to phrase A? Answer exactly 'Yes' or 'No' only. Do not provide any extra text.

[Question] Phrase B is everything_great. Phrase A is no_evident_not_has_swimming_pool.
",Yes
2026-08-16 21:48:49,2,18016,no_evident_not_clear_interior,everything_spotless_clean,"Is phrase B contrary to phrase A? Answer exactly 'Yes' or 'No' only. Do not provide any extra text.

[Question] Phrase B is everything_spotless_clean. Phrase A is no_evident_not_clear_interior.
",Yes
2026-08-16 21:48:49,2,5411,no_evident_not_everything_beautiful,lovely_hotel,"Is phrase B contrary to phrase A? Answer exactly 'Yes' or 'No' only. Do not provide any extra text.

[Question] Phrase B is lovely_hotel. Phrase A is no_evident_not_everything_beautiful.
",Yes
2026-08-16 21:48:49,2,8686,no_evident_not_beautifully_kept_hotel,offered_drink,"Is phrase B contrary to phrase A? Answer exactly 'Yes' or 'No' only. Do not provide any extra text.

[Question] Phrase B is offered_drink. Phrase A is no_evident_not_beautifully_kept_hotel.
",Yes
2026-08-16 21:48:49,2,17291,no_evident_not_well_situated_hotel,lovely_hotel,"Is phrase B contrary to phrase A? Answer exactly 'Yes' or 'No' only. Do not provide any extra text.

[Question] Phrase B is lovely_hotel. Phrase A is no_evident_not_well_situated_hotel.
",Yes
2026-08-16 21:48:50,2,28588,no_evident_not_excellent_option,neat_hotel,"Is phrase B contrary to phrase A? Answer exactly 'Yes' or 'No' only. Do not provide any extra text.

[Question] Phrase B is neat_hotel. Phrase A is no_evident_not_excellent_option.
",Yes
2026-08-16 21:48:50,2,19877,no_evident_not_wonderful_hotel,good_wifi,"Is phrase B contrary to phrase A? Answer exactly 'Yes' or 'No' only. Do not provide any extra text.

[Question] Phrase B is good_wifi. Phrase A is no_evident_not_wonderful_hotel.
",Yes
2026-08-16 21:48:50,2,13866,no_evident_not_lovely_family_hotel,nice_hotel,"Is phrase B contrary to phrase A? Answer exactly 'Yes' or 'No' only. Do not provide any extra text.

[Question] Phrase B is nice_hotel. Phrase A is no_evident_not_lovely_family_hotel.
",Yes
2026-08-16 21:48:50,2,31601,no_evident_not_well_equipped_hotel,clear_interior,"Is phrase B contrary to phrase A? Answer exactly 'Yes' or 'No' only. Do not provide any extra text.

[Question] Phrase B is clear_interior. Phrase A is no_evident_not_well_equipped_hotel.
",Yes
2026-08-16 21:48:50,2,6941,no_evident_not_family_establishment,clear_interior,"Is phrase B contrary to phrase A? Answer exactly 'Yes' or 'No' only. Do not provide any extra text.

[Question] Phrase B is clear_interior. Phrase A is no_evident_not_family_establishment.
",Yes
2026-08-16 21:48:50,2,30439,no_evident_not_well_kept_hotel,lovely_little_hotel,"Is phrase B contrary to phrase A? Answer exactly 'Yes' or 'No' only. Do not provide any extra text.

[Question] Phrase B is lovely_little_hotel. Phrase A is no_evident_not_well_kept_hotel.
",Yes
2026-08-16 21:48:50,2,17672,no_evident_not_5_star_hotel,wonderful_facility,"Is phrase B contrary to phrase A? Answer exactly 'Yes' or 'No' only. Do not provide any extra text.

[Question] Phrase B is wonderful_facility. Phrase A is no_evident_not_5_star_hotel.
",Yes
2026-08-16 21:48:51,2,24749,no_evident_not_intimate_hotel,simple_decoration,"Is phrase B contrary to phrase A? Answer exactly 'Yes' or 'No' only. Do not provide any extra text.

[Question] Phrase B is simple_decoration. Phrase A is no_evident_not_intimate_hotel.
",No
2026-08-16 21:48:51,2,23919,no_evident_not_new_reception,excellent_option,"Is phrase B contrary to phrase A? Answer exactly 'Yes' or 'No' only. Do not provide any extra text.

[Question] Phrase B is excellent_option. Phrase A is no_evident_not_new_reception.
",No
2026-08-16 21:48:51,2,22606,no_evident_not_pleasant_hotel,brand_new_furniture,"Is phrase B contrary to phrase A? Answer exactly 'Yes' or 'No' only. Do not provide any extra text.

[Question] Phrase B is brand_new_furniture. Phrase A is no_evident_not_pleasant_hotel.
",Yes
2026-08-16 21:48:51,2,6592,no_evident_not_amazing_hotel,exceeded_expectation_hotel,"Is phrase B contrary to phrase A? Answer exactly 'Yes' or 'No' only. Do not provide any extra text.

[Question] Phrase B is exceeded_expectation_hotel. Phrase A is no_evident_not_amazing_hotel.
",Yes
2026-08-16 21:48:52,2,23362,no_evident_not_close_car_park,recently_freshed_up,"Is phrase B contrary to phrase A? Answer exactly 'Yes' or 'No' only. Do not provide any extra text.

[Question] Phrase B is recently_freshed_up. Phrase A is no_evident_not_close_car_park.
",Yes
2026-08-16 21:48:52,2,10215,no_evident_not_modern_small_hotel,as_expected_hotel,"Is phrase B contrary to phrase A? Answer exactly 'Yes' or 'No' only. Do not provide any extra text.

[Question] Phrase B is as_expected_hotel. Phrase A is no_evident_not_modern_small_hotel.
",Yes
2026-08-16 21:48:52,2,13075,no_evident_not_feel_welcome_from_arrival_moment,pet_friendly,"Is phrase B contrary to phrase A? Answer exactly 'Yes' or 'No' only. Do not provide any extra text.

[Question] Phrase B is pet_friendly. Phrase A is no_evident_not_feel_welcome_from_arrival_moment.
",Yes
2026-08-16 21:48:52,2,22010,no_evident_not_feel_like_home_hotel,happy_with_service,"Is phrase B contrary to phrase A? Answer exactly 'Yes' or 'No' only. Do not provide any extra text.

[Question] Phrase B is happy_with_service. Phrase A is no_evident_not_feel_like_home_hotel.
",Yes
2026-08-16 21:48:52,2,12237,no_evident_not_well_furnished_hotel,all_furniture_new,"Is phrase B contrary to phrase A? Answer exactly 'Yes' or 'No' only. Do not provide any extra text.

[Question] Phrase B is all_furniture_new. Phrase A is no_evident_not_well_furnished_hotel.
",Yes
2026-08-16 21:48:53,2,14356,no_evident_not_all_you_need_for_great_holiday,good_quality_hotel,"Is phrase B contrary to phrase A? Answer exactly 'Yes' or 'No' only. Do not provide any extra text.

[Question] Phrase B is good_quality_hotel. Phrase A is no_evident_not_all_you_need_for_great_holiday.
",Yes
2026-08-16 21:48:53,2,29479,no_evident_not_clean_lobby,cozy_terrace,"Is phrase B contrary to phrase A? Answer exactly 'Yes' or 'No' only. Do not provide any extra text.

[Question] Phrase B is cozy_terrace. Phrase A is no_evident_not_clean_lobby.
",Yes
2026-08-16 21:48:53,2,16960,no_evident_not_bright_hotel,great_hotel,"Is phrase B contrary to phrase A? Answer exactly 'Yes' or 'No' only. Do not provide any extra text.

[Question] Phrase B is great_hotel. Phrase A is no_evident_not_bright_hotel.
",Yes
2026-08-16 21:48:53,2,14795,no_evident_not_best_hotel,fantastic_service,"Is phrase B contrary to phrase A? Answer exactly 'Yes' or 'No' only. Do not provide any extra text.

[Question] Phrase B is fantastic_service. Phrase A is no_evident_not_best_hotel.
",Yes
2026-08-16 21:48:53,2,3966,no_evident_not_refurbished_hotel,nice_hotel,"Is phrase B contrary to phrase A? Answer exactly 'Yes' or 'No' only. Do not provide any extra text.

[Question] Phrase B is nice_hotel. Phrase A is no_evident_not_refurbished_hotel.
",Yes
2026-08-16 21:48:53,2,8124,no_evident_not_offered_drink,recently_refurbished_hotel,"Is phrase B contrary to phrase A? Answer exactly 'Yes' or 'No' only. Do not provide any extra text.

[Question] Phrase B is recently_refurbished_hotel. Phrase A is no_evident_not_offered_drink.
",No
2026-08-16 21:48:53,2,7363,no_evident_not_quiet_hotel,comfortable_hall,"Is phrase B contrary to phrase A? Answer exactly 'Yes' or 'No' only. Do not provide any extra text.

[Question] Phrase B is comfortable_hall. Phrase A is no_evident_not_quiet_hotel.
",Yes
2026-08-16 21:48:53,2,2099,no_evident_not_peaceful_facility,airy_hotel,"Is phrase B contrary to phrase A? Answer exactly 'Yes' or 'No' only. Do not provide any extra text.

[Question] Phrase B is airy_hotel. Phrase A is no_evident_not_peaceful_facility.
",Yes
2026-08-16 21:48:54,2,11079,no_evident_not_flexible_with_our_schedule,5_star_hotel,"Is phrase B contrary to phrase A? Answer exactly 'Yes' or 'No' only. Do not provide any extra text.

[Question] Phrase B is 5_star_hotel. Phrase A is no_evident_not_flexible_with_our_schedule.
",Yes
2026-08-16 21:48:54,2,690,no_evident_not_cozy_hotel,aesthetic_hotel,"Is phrase B contrary to phrase A? Answer exactly 'Yes' or 'No' only. Do not provide any extra text.

[Question] Phrase B is aesthetic_hotel. Phrase A is no_evident_not_cozy_hotel.
",Yes
2026-08-16 21:48:54,2,19278,no_evident_not_recently_renovated_hotel,has_plenty_of_chair,"Is phrase B contrary to phrase A? Answer exactly 'Yes' or 'No' only. Do not provide any extra text.

[Question] Phrase B is has_plenty_of_chair. Phrase A is no_evident_not_recently_renovated_hotel.
",Yes
2026-08-16 21:48:54,2,18151,no_evident_not_clear_interior,innovative_hotel,"Is phrase B contrary to phrase A? Answer exactly 'Yes' or 'No' only. Do not provide any extra text.

[Question] Phrase B is innovative_hotel. Phrase A is no_evident_not_clear_interior.
",No
2026-08-16 21:48:54,2,7541,no_evident_not_contemporary_hotel,comfortable_street_terrace,"Is phrase B contrary to phrase A? Answer exactly 'Yes' or 'No' only. Do not provide any extra text.

[Question] Phrase B is comfortable_street_terrace. Phrase A is no_evident_not_contemporary_hotel.
",No
2026-08-16 21:48:55,2,19283,no_evident_not_recently_renovated_hotel,refurbished_hotel,"Is phrase B contrary to phrase A? Answer exactly 'Yes' or 'No' only. Do not provide any extra text.

[Question] Phrase B is refurbished_hotel. Phrase A is no_evident_not_recently_renovated_hotel.
",Yes
2026-08-16 21:48:55,2,7217,no_evident_not_quiet_hotel,everywhere_spotless_clean,"Is phrase B contrary to phrase A? Answer exactly 'Yes' or 'No' only. Do not provide any extra text.

[Question] Phrase B is everywhere_spotless_clean. Phrase A is no_evident_not_quiet_hotel.
",Yes
2026-08-16 21:48:55,2,236,no_evident_not_comfortable_hotel,family_run_small_hotel,"Is phrase B contrary to phrase A? Answer exactly 'Yes' or 'No' only. Do not provide any extra text.

[Question] Phrase B is family_run_small_hotel. Phrase A is no_evident_not_comfortable_hotel.
",Yes
2026-08-16 21:48:55,2,2327,no_evident_not_clean_hotel,can_request_for_transfer_from_airport,"Is phrase B contrary to phrase A? Answer exactly 'Yes' or 'No' only. Do not provide any extra text.

[Question] Phrase B is can_request_for_transfer_from_airport. Phrase A is no_evident_not_clean_hotel.
",No
2026-08-16 21:48:55,2,23195,no_evident_not_open_air_car_park,brilliant_hotel,"Is phrase B contrary to phrase A? Answer exactly 'Yes' or 'No' only. Do not provide any extra text.

[Question] Phrase B is brilliant_hotel. Phrase A is no_evident_not_open_air_car_park.
",Yes
2026-08-16 21:48:55,2,20680,no_evident_not_pet_friendly,clean_street_terrace,"Is phrase B contrary to phrase A? Answer exactly 'Yes' or 'No' only. Do not provide any extra text.

[Question] Phrase B is clean_street_terrace. Phrase A is no_evident_not_pet_friendly.
",Yes
2026-08-16 21:48:56,2,1930,no_evident_not_lovely_hotel,close_car_park,"Is phrase B contrary to phrase A? Answer exactly 'Yes' or 'No' only. Do not provide any extra text.

[Question] Phrase B is close_car_park. Phrase A is no_evident_not_lovely_hotel.
",Yes
2026-08-16 21:48:56,2,7502,no_evident_not_contemporary_hotel,take_COVID_prevention_measure,"Is phrase B contrary to phrase A? Answer exactly 'Yes' or 'No' only. Do not provide any extra text.

[Question] Phrase B is take_COVID_prevention_measure. Phrase A is no_evident_not_contemporary_hotel.
",No
2026-08-16 21:48:56,2,2209,no_evident_not_clean_hotel,beautifully_kept_hotel,"Is phrase B contrary to phrase A? Answer exactly 'Yes' or 'No' only. Do not provide any extra text.

[Question] Phrase B is beautifully_kept_hotel. Phrase A is no_evident_not_clean_hotel.
",Yes
2026-08-16 21:48:56,2,29669,no_evident_not_homely_atmosphere,stunning_hotel,"Is phrase B contrary to phrase A? Answer exactly 'Yes' or 'No' only. Do not provide any extra text.

[Question] Phrase B is stunning_hotel. Phrase A is no_evident_not_homely_atmosphere.
",Yes
2026-08-16 21:48:56,2,1030,no_evident_not_nice_hotel,close_car_park,"Is phrase B contrary to phrase A? Answer exactly 'Yes' or 'No' only. Do not provide any extra text.

[Question] Phrase B is close_car_park. Phrase A is no_evident_not_nice_hotel.
",Yes
2026-08-16 21:48:56,2,28169,no_evident_not_welcoming_environment,simple_decoration,"Is phrase B contrary to phrase A? Answer exactly 'Yes' or 'No' only. Do not provide any extra text.

[Question] Phrase B is simple_decoration. Phrase A is no_evident_not_welcoming_environment.
",No
2026-08-16 21:48:57,2,10828,no_evident_not_everything_modern,beautiful_inside,"Is phrase B contrary to phrase A? Answer exactly 'Yes' or 'No' only. Do not provide any extra text.

[Question] Phrase B is beautiful_inside. Phrase A is no_evident_not_everything_modern.
",No
2026-08-16 21:48:57,2,2322,no_evident_not_clean_hotel,clean_hall,"Is phrase B contrary to phrase A? Answer exactly 'Yes' or 'No' only. Do not provide any extra text.

[Question] Phrase B is clean_hall. Phrase A is no_evident_not_clean_hotel.
",Yes
2026-08-16 21:48:57,2,16848,no_evident_not_convenient_for_short_stay,recently_renovated_hotel,"Is phrase B contrary to phrase A? Answer exactly 'Yes' or 'No' only. Do not provide any extra text.

[Question] Phrase B is recently_renovated_hotel. Phrase A is no_evident_not_convenient_for_short_stay.
",No
2026-08-16 21:48:57,2,7799,no_evident_not_new_facility,basic_hotel,"Is phrase B contrary to phrase A? Answer exactly 'Yes' or 'No' only. Do not provide any extra text.

[Question] Phrase B is basic_hotel. Phrase A is no_evident_not_new_facility.
",No
2026-08-16 21:48:57,2,9126,no_evident_not_small_hotel_which_we_like,pleasant_hotel,"Is phrase B contrary to phrase A? Answer exactly 'Yes' or 'No' only. Do not provide any extra text.

[Question] Phrase B is pleasant_hotel. Phrase A is no_evident_not_small_hotel_which_we_like.
",Yes
2026-08-16 21:48:57,2,21922,no_evident_not_take_COVID_prevention_measure,recently_freshed_up,"Is phrase B contrary to phrase A? Answer exactly 'Yes' or 'No' only. Do not provide any extra text.

[Question] Phrase B is recently_freshed_up. Phrase A is no_evident_not_take_COVID_prevention_measure.
",Yes
2026-08-16 21:48:57,2,15907,no_evident_not_simple_decoration,everything_great,"Is phrase B contrary to phrase A? Answer exactly 'Yes' or 'No' only. Do not provide any extra text.

[Question] Phrase B is everything_great. Phrase A is no_evident_not_simple_decoration.
",Yes
2026-08-16 21:48:58,2,7021,no_evident_not_great_hotel,new_hotel,"Is phrase B contrary to phrase A? Answer exactly 'Yes' or 'No' only. Do not provide any extra text.

[Question] Phrase B is new_hotel. Phrase A is no_evident_not_great_hotel.
",Yes
2026-08-16 21:48:58,2,17670,no_evident_not_5_star_hotel,everything_new,"Is phrase B contrary to phrase A? Answer exactly 'Yes' or 'No' only. Do not provide any extra text.

[Question] Phrase B is everything_new. Phrase A is no_evident_not_5_star_hotel.
",Yes
2026-08-16 21:48:58,2,4336,no_evident_not_simple_hotel,everything_spotless_clean,"Is phrase B contrary to phrase A? Answer exactly 'Yes' or 'No' only. Do not provide any extra text.

[Question] Phrase B is everything_spotless_clean. Phrase A is no_evident_not_simple_hotel.
",Yes
2026-08-16 21:48:58,2,23703,no_evident_not_nice_facility,feel_like_home_hotel,"Is phrase B contrary to phrase A? Answer exactly 'Yes' or 'No' only. Do not provide any extra text.

[Question] Phrase B is feel_like_home_hotel. Phrase A is no_evident_not_nice_facility.
",Yes
2026-08-16 21:48:58,2,30655,no_evident_not_stylish_hotel,brand_new_hotel,"Is phrase B contrary to phrase A? Answer exactly 'Yes' or 'No' only. Do not provide any extra text.

[Question] Phrase B is brand_new_hotel. Phrase A is no_evident_not_stylish_hotel.
",Yes
2026-08-16 21:48:58,2,28914,no_evident_not_comfortable_street_terrace,front_to_unwind_evening,"Is phrase B contrary to phrase A? Answer exactly 'Yes' or 'No' only. Do not provide any extra text.

[Question] Phrase B is front_to_unwind_evening. Phrase A is no_evident_not_comfortable_street_terrace.
",Yes
2026-08-16 21:48:58,2,18712,no_evident_not_clean_facility,surprise_with_swimming_pool,"Is phrase B contrary to phrase A? Answer exactly 'Yes' or 'No' only. Do not provide any extra text.

[Question] Phrase B is surprise_with_swimming_pool. Phrase A is no_evident_not_clean_facility.
",Yes
2026-08-16 21:48:58,2,18882,no_evident_not_brand_new_fitting,clean_hall,"Is phrase B contrary to phrase A? Answer exactly 'Yes' or 'No' only. Do not provide any extra text.

[Question] Phrase B is clean_hall. Phrase A is no_evident_not_brand_new_fitting.
",Yes
2026-08-16 21:48:59,2,15489,no_evident_not_excellent_inside,up_to_4*_standard,"Is phrase B contrary to phrase A? Answer exactly 'Yes' or 'No' only. Do not provide any extra text.

[Question] Phrase B is up_to_4*_standard. Phrase A is no_evident_not_excellent_inside.
",Yes
2026-08-16 21:48:59,2,7963,no_evident_not_offered_food,beautiful_hotel,"Is phrase B contrary to phrase A? Answer exactly 'Yes' or 'No' only. Do not provide any extra text.

[Question] Phrase B is beautiful_hotel. Phrase A is no_evident_not_offered_food.
",Yes
2026-08-16 21:48:59,2,25711,no_evident_not_newly_refurbished_hotel,innovative_hotel,"Is phrase B contrary to phrase A? Answer exactly 'Yes' or 'No' only. Do not provide any extra text.

[Question] Phrase B is innovative_hotel. Phrase A is no_evident_not_newly_refurbished_hotel.
",Yes
2026-08-16 21:48:59,2,15499,no_evident_not_excellent_inside,lovely_little_hotel,"Is phrase B contrary to phrase A? Answer exactly 'Yes' or 'No' only. Do not provide any extra text.

[Question] Phrase B is lovely_little_hotel. Phrase A is no_evident_not_excellent_inside.
",No
2026-08-16 21:49:00,2,26461,no_evident_not_neat_hotel,new_hotel,"Is phrase B contrary to phrase A? Answer exactly 'Yes' or 'No' only. Do not provide any extra text.

[Question] Phrase B is new_hotel. Phrase A is no_evident_not_neat_hotel.
",Yes
2026-08-16 21:49:00,2,13339,no_evident_not_no_extra_charge_for_dog,lovely_little_hotel,"Is phrase B contrary to phrase A? Answer exactly 'Yes' or 'No' only. Do not provide any extra text.

[Question] Phrase B is lovely_little_hotel. Phrase A is no_evident_not_no_extra_charge_for_dog.
",Yes
2026-08-16 21:49:00,2,3091,no_evident_not_has_plenty_of_chair,everything_beautiful,"Is phrase B contrary to phrase A? Answer exactly 'Yes' or 'No' only. Do not provide any extra text.

[Question] Phrase B is everything_beautiful. Phrase A is no_evident_not_has_plenty_of_chair.
",Yes
2026-08-16 21:49:00,2,6240,no_evident_not_fantastic_service,light_hotel,"Is phrase B contrary to phrase A? Answer exactly 'Yes' or 'No' only. Do not provide any extra text.

[Question] Phrase B is light_hotel. Phrase A is no_evident_not_fantastic_service.
",No
2026-08-16 21:49:01,2,3177,no_evident_not_has_plenty_of_chair,spotless_hotel,"Is phrase B contrary to phrase A? Answer exactly 'Yes' or 'No' only. Do not provide any extra text.

[Question] Phrase B is spotless_hotel. Phrase A is no_evident_not_has_plenty_of_chair.
",Yes
2026-08-16 21:49:01,2,21594,no_evident_not_light_hotel,completely_redone_hotel,"Is phrase B contrary to phrase A? Answer exactly 'Yes' or 'No' only. Do not provide any extra text.

[Question] Phrase B is completely_redone_hotel. Phrase A is no_evident_not_light_hotel.
",Yes
2026-08-16 21:49:01,2,14125,no_evident_not_nice_small_hotel,comfortable_atmosphere,"Is phrase B contrary to phrase A? Answer exactly 'Yes' or 'No' only. Do not provide any extra text.

[Question] Phrase B is comfortable_atmosphere. Phrase A is no_evident_not_nice_small_hotel.
",Yes
2026-08-16 21:49:01,2,11610,no_evident_not_nice_boutique_hotel,clear_decoration,"Is phrase B contrary to phrase A? Answer exactly 'Yes' or 'No' only. Do not provide any extra text.

[Question] Phrase B is clear_decoration. Phrase A is no_evident_not_nice_boutique_hotel.
",Yes
2026-08-16 21:49:01,2,13880,no_evident_not_lovely_family_hotel,modern_facility,"Is phrase B contrary to phrase A? Answer exactly 'Yes' or 'No' only. Do not provide any extra text.

[Question] Phrase B is modern_facility. Phrase A is no_evident_not_lovely_family_hotel.
",Yes
2026-08-16 21:49:01,2,13471,no_evident_not_no_extra_charge_for_dog,innovative_hotel,"Is phrase B contrary to phrase A? Answer exactly 'Yes' or 'No' only. Do not provide any extra text.

[Question] Phrase B is innovative_hotel. Phrase A is no_evident_not_no_extra_charge_for_dog.
",Yes
2026-08-16 21:49:01,2,15304,no_evident_not_family_run_hotel,cozy_hotel,"Is phrase B contrary to phrase A? Answer exactly 'Yes' or 'No' only. Do not provide any extra text.

[Question] Phrase B is cozy_hotel. Phrase A is no_evident_not_family_run_hotel.
",Yes
2026-08-16 21:49:01,2,28307,no_evident_not_has_place_to_park_car,no_complaint_about_hotel,"Is phrase B contrary to phrase A? Answer exactly 'Yes' or 'No' only. Do not provide any extra text.

[Question] Phrase B is no_complaint_about_hotel. Phrase A is no_evident_not_has_place_to_park_car.
",Yes
2026-08-16 21:49:02,2,23891,no_evident_not_new_reception,furnished_hotel,"Is phrase B contrary to phrase A? Answer exactly 'Yes' or 'No' only. Do not provide any extra text.

[Question] Phrase B is furnished_hotel. Phrase A is no_evident_not_new_reception.
",No
2026-08-16 21:49:02,2,1776,no_evident_not_welcoming_entrance,family_hotel,"Is phrase B contrary to phrase A? Answer exactly 'Yes' or 'No' only. Do not provide any extra text.

[Question] Phrase B is family_hotel. Phrase A is no_evident_not_welcoming_entrance.
",Yes
2026-08-16 21:49:02,2,22065,no_evident_not_feel_like_home_hotel,brand_new_fitting,"Is phrase B contrary to phrase A? Answer exactly 'Yes' or 'No' only. Do not provide any extra text.

[Question] Phrase B is brand_new_fitting. Phrase A is no_evident_not_feel_like_home_hotel.
",Yes
2026-08-16 21:49:02,2,21413,no_evident_not_airy_hotel,has_swimming_pool,"Is phrase B contrary to phrase A? Answer exactly 'Yes' or 'No' only. Do not provide any extra text.

[Question] Phrase B is has_swimming_pool. Phrase A is no_evident_not_airy_hotel.
",Yes
2026-08-16 21:49:02,2,32250,no_evident_not_cozy_atmosphere,everything_new,"Is phrase B contrary to phrase A? Answer exactly 'Yes' or 'No' only. Do not provide any extra text.

[Question] Phrase B is everything_new. Phrase A is no_evident_not_cozy_atmosphere.
",No
2026-08-16 21:49:02,2,21175,no_evident_not_free_parking,pet_friendly,"Is phrase B contrary to phrase A? Answer exactly 'Yes' or 'No' only. Do not provide any extra text.

[Question] Phrase B is pet_friendly. Phrase A is no_evident_not_free_parking.
",No
2026-08-16 21:49:03,2,3225,no_evident_not_has_plenty_of_chair,homely_atmosphere,"Is phrase B contrary to phrase A? Answer exactly 'Yes' or 'No' only. Do not provide any extra text.

[Question] Phrase B is homely_atmosphere. Phrase A is no_evident_not_has_plenty_of_chair.
",Yes
2026-08-16 21:49:03,2,1987,no_evident_not_peaceful_facility,renovated_hotel,"Is phrase B contrary to phrase A? Answer exactly 'Yes' or 'No' only. Do not provide any extra text.

[Question] Phrase B is renovated_hotel. Phrase A is no_evident_not_peaceful_facility.
",Yes
2026-08-16 21:49:03,2,13194,no_evident_not_pet_friendly_hotel,comfortable_lobby,"Is phrase B contrary to phrase A? Answer exactly 'Yes' or 'No' only. Do not provide any extra text.

[Question] Phrase B is comfortable_lobby. Phrase A is no_evident_not_pet_friendly_hotel.
",Yes
2026-08-16 21:49:03,2,23863,no_evident_not_new_reception,hotel_received_package_prior_arrival,"Is phrase B contrary to phrase A? Answer exactly 'Yes' or 'No' only. Do not provide any extra text.

[Question] Phrase B is hotel_received_package_prior_arrival. Phrase A is no_evident_not_new_reception.
",No
2026-08-16 21:49:03,2,11119,no_evident_not_flexible_with_our_schedule,cozy_terrace,"Is phrase B contrary to phrase A? Answer exactly 'Yes' or 'No' only. Do not provide any extra text.

[Question] Phrase B is cozy_terrace. Phrase A is no_evident_not_flexible_with_our_schedule.
",Yes
2026-08-16 21:49:03,2,26234,no_evident_not_have_parking,clean_reception,"Is phrase B contrary to phrase A? Answer exactly 'Yes' or 'No' only. Do not provide any extra text.

[Question] Phrase B is clean_reception. Phrase A is no_evident_not_have_parking.
",No
2026-08-16 21:49:04,2,28236,no_evident_not_welcoming_environment,family_hotel,"Is phrase B contrary to phrase A? Answer exactly 'Yes' or 'No' only. Do not provide any extra text.

[Question] Phrase B is family_hotel. Phrase A is no_evident_not_welcoming_environment.
",No
2026-08-16 21:49:04,2,3581,no_evident_not_modern_facility,comfortable_street_terrace,"Is phrase B contrary to phrase A? Answer exactly 'Yes' or 'No' only. Do not provide any extra text.

[Question] Phrase B is comfortable_street_terrace. Phrase A is no_evident_not_modern_facility.
",No
2026-08-16 21:49:04,2,8148,no_evident_not_offered_drink,fresh_hotel,"Is phrase B contrary to phrase A? Answer exactly 'Yes' or 'No' only. Do not provide any extra text.

[Question] Phrase B is fresh_hotel. Phrase A is no_evident_not_offered_drink.
",Yes
2026-08-16 21:49:04,2,6279,no_evident_not_fantastic_service,excellent_option,"Is phrase B contrary to phrase A? Answer exactly 'Yes' or 'No' only. Do not provide any extra text.

[Question] Phrase B is excellent_option. Phrase A is no_evident_not_fantastic_service.
",Yes
2026-08-16 21:49:04,2,6233,no_evident_not_fantastic_service,nice_front_of_hotel,"Is phrase B contrary to phrase A? Answer exactly 'Yes' or 'No' only. Do not provide any extra text.

[Question] Phrase B is nice_front_of_hotel. Phrase A is no_evident_not_fantastic_service.
",Yes
2026-08-16 21:49:04,2,17574,no_evident_not_easy_hotel,front_to_unwind_evening,"Is phrase B contrary to phrase A? Answer exactly 'Yes' or 'No' only. Do not provide any extra text.

[Question] Phrase B is front_to_unwind_evening. Phrase A is no_evident_not_easy_hotel.
",No
2026-08-16 21:49:05,2,14701,no_evident_not_spotlessly_clean,neat_facility,"Is phrase B contrary to phrase A? Answer exactly 'Yes' or 'No' only. Do not provide any extra text.

[Question] Phrase B is neat_facility. Phrase A is no_evident_not_spotlessly_clean.
",Yes
2026-08-16 21:49:05,2,4594,no_evident_not_allow_stay_with_animal,convenient_for_short_stay,"Is phrase B contrary to phrase A? Answer exactly 'Yes' or 'No' only. Do not provide any extra text.

[Question] Phrase B is convenient_for_short_stay. Phrase A is no_evident_not_allow_stay_with_animal.
",No
2026-08-16 21:49:05,2,13825,no_evident_not_good_wifi,has_cozy_courtyard,"Is phrase B contrary to phrase A? Answer exactly 'Yes' or 'No' only. Do not provide any extra text.

[Question] Phrase B is has_cozy_courtyard. Phrase A is no_evident_not_good_wifi.
",No
2026-08-16 21:49:05,2,6013,no_evident_not_full_equiped,feel_welcome_from_arrival_moment,"Is phrase B contrary to phrase A? Answer exactly 'Yes' or 'No' only. Do not provide any extra text.

[Question] Phrase B is feel_welcome_from_arrival_moment. Phrase A is no_evident_not_full_equiped.
",No
2026-08-16 21:49:05,2,9128,no_evident_not_small_hotel_which_we_like,many_free_parking_space_available_on_early_November,"Is phrase B contrary to phrase A? Answer exactly 'Yes' or 'No' only. Do not provide any extra text.

[Question] Phrase B is many_free_parking_space_available_on_early_November. Phrase A is no_evident_not_small_hotel_which_we_like.
",Yes
2026-08-16 21:49:05,2,15160,no_evident_not_comfortable_atmosphere,great_hotel,"Is phrase B contrary to phrase A? Answer exactly 'Yes' or 'No' only. Do not provide any extra text.

[Question] Phrase B is great_hotel. Phrase A is no_evident_not_comfortable_atmosphere.
",Yes
2026-08-16 21:49:06,2,8186,no_evident_not_offered_drink,family_run_hotel,"Is phrase B contrary to phrase A? Answer exactly 'Yes' or 'No' only. Do not provide any extra text.

[Question] Phrase B is family_run_hotel. Phrase A is no_evident_not_offered_drink.
",No
2026-08-16 21:49:06,2,28656,no_evident_not_clean_street_terrace,perfect_hotel,"Is phrase B contrary to phrase A? Answer exactly 'Yes' or 'No' only. Do not provide any extra text.

[Question] Phrase B is perfect_hotel. Phrase A is no_evident_not_clean_street_terrace.
",Yes
2026-08-16 21:49:06,2,30254,no_evident_not_free_parking_along_street,feel_new,"Is phrase B contrary to phrase A? Answer exactly 'Yes' or 'No' only. Do not provide any extra text.

[Question] Phrase B is feel_new. Phrase A is no_evident_not_free_parking_along_street.
",No
2026-08-16 21:49:06,2,2471,no_evident_not_feel_new,furnished_hotel,"Is phrase B contrary to phrase A? Answer exactly 'Yes' or 'No' only. Do not provide any extra text.

[Question] Phrase B is furnished_hotel. Phrase A is no_evident_not_feel_new.
",No
2026-08-16 21:49:06,2,14521,no_evident_not_excellent_hotel,neat_facility,"Is phrase B contrary to phrase A? Answer exactly 'Yes' or 'No' only. Do not provide any extra text.

[Question] Phrase B is neat_facility. Phrase A is no_evident_not_excellent_hotel.
",Yes
2026-08-16 21:49:06,2,26478,no_evident_not_neat_hotel,has_plenty_of_chair,"Is phrase B contrary to phrase A? Answer exactly 'Yes' or 'No' only. Do not provide any extra text.

[Question] Phrase B is has_plenty_of_chair. Phrase A is no_evident_not_neat_hotel.
",Yes
2026-08-16 21:49:06,2,28225,no_evident_not_welcoming_environment,has_cozy_courtyard,"Is phrase B contrary to phrase A? Answer exactly 'Yes' or 'No' only. Do not provide any extra text.

[Question] Phrase B is has_cozy_courtyard. Phrase A is no_evident_not_welcoming_environment.
",Yes
2026-08-16 21:49:06,2,28049,no_evident_not_family_hotel,stunning_hotel,"Is phrase B contrary to phrase A? Answer exactly 'Yes' or 'No' only. Do not provide any extra text.

[Question] Phrase B is stunning_hotel. Phrase A is no_evident_not_family_hotel.
",Yes
2026-08-16 21:49:07,2,18034,no_evident_not_clear_interior,full_equiped,"Is phrase B contrary to phrase A? Answer exactly 'Yes' or 'No' only. Do not provide any extra text.

[Question] Phrase B is full_equiped. Phrase A is no_evident_not_clear_interior.
",Yes
2026-08-16 21:49:07,2,3209,no_evident_not_has_plenty_of_chair,stunning_hotel,"Is phrase B contrary to phrase A? Answer exactly 'Yes' or 'No' only. Do not provide any extra text.

[Question] Phrase B is stunning_hotel. Phrase A is no_evident_not_has_plenty_of_chair.
",Yes
2026-08-16 21:49:07,2,1658,no_evident_not_welcoming_entrance,well_run,"Is phrase B contrary to phrase A? Answer exactly 'Yes' or 'No' only. Do not provide any extra text.

[Question] Phrase B is well_run. Phrase A is no_evident_not_welcoming_entrance.
",Yes
2026-08-16 21:49:07,2,21370,no_evident_not_airy_hotel,close_car_park,"Is phrase B contrary to phrase A? Answer exactly 'Yes' or 'No' only. Do not provide any extra text.

[Question] Phrase B is close_car_park. Phrase A is no_evident_not_airy_hotel.
",Yes
2026-08-16 21:49:08,2,17714,no_evident_not_5_star_hotel,pet_friendly_hotel,"Is phrase B contrary to phrase A? Answer exactly 'Yes' or 'No' only. Do not provide any extra text.

[Question] Phrase B is pet_friendly_hotel. Phrase A is no_evident_not_5_star_hotel.
",Yes
2026-08-16 21:49:08,2,27395,no_evident_not_can_request_by_push_button,fantastic_service,"Is phrase B contrary to phrase A? Answer exactly 'Yes' or 'No' only. Do not provide any extra text.

[Question] Phrase B is fantastic_service. Phrase A is no_evident_not_can_request_by_push_button.
",Yes
2026-08-16 21:49:08,2,484,no_evident_not_family_atmosphere_hotel,friendly_hotel,"Is phrase B contrary to phrase A? Answer exactly 'Yes' or 'No' only. Do not provide any extra text.

[Question] Phrase B is friendly_hotel. Phrase A is no_evident_not_family_atmosphere_hotel.
",Yes
2026-08-16 21:49:08,2,31753,no_evident_not_all_furniture_new,feel_welcome_from_arrival_moment,"Is phrase B contrary to phrase A? Answer exactly 'Yes' or 'No' only. Do not provide any extra text.

[Question] Phrase B is feel_welcome_from_arrival_moment. Phrase A is no_evident_not_all_furniture_new.
",No
2026-08-16 21:49:08,2,3057,no_evident_not_everywhere_spotless_clean,all_furniture_new,"Is phrase B contrary to phrase A? Answer exactly 'Yes' or 'No' only. Do not provide any extra text.

[Question] Phrase B is all_furniture_new. Phrase A is no_evident_not_everywhere_spotless_clean.
",No
2026-08-16 21:49:08,2,30356,no_evident_not_free_parking_along_street,made_for_comfortable_stay,"Is phrase B contrary to phrase A? Answer exactly 'Yes' or 'No' only. Do not provide any extra text.

[Question] Phrase B is made_for_comfortable_stay. Phrase A is no_evident_not_free_parking_along_street.
",No
2026-08-16 21:49:08,2,24693,no_evident_not_intimate_hotel,brand_new_facility,"Is phrase B contrary to phrase A? Answer exactly 'Yes' or 'No' only. Do not provide any extra text.

[Question] Phrase B is brand_new_facility. Phrase A is no_evident_not_intimate_hotel.
",Yes
2026-08-16 21:49:09,2,27811,no_evident_not_brilliant_hotel,contemporary_decoration,"Is phrase B contrary to phrase A? Answer exactly 'Yes' or 'No' only. Do not provide any extra text.

[Question] Phrase B is contemporary_decoration. Phrase A is no_evident_not_brilliant_hotel.
",No
2026-08-16 21:49:09,2,7746,no_evident_not_new_facility,nice_hotel,"Is phrase B contrary to phrase A? Answer exactly 'Yes' or 'No' only. Do not provide any extra text.

[Question] Phrase B is nice_hotel. Phrase A is no_evident_not_new_facility.
",Yes
2026-08-16 21:49:09,2,5450,no_evident_not_everything_beautiful,happy_with_service,"Is phrase B contrary to phrase A? Answer exactly 'Yes' or 'No' only. Do not provide any extra text.

[Question] Phrase B is happy_with_service. Phrase A is no_evident_not_everything_beautiful.
",No
2026-08-16 21:49:09,2,13318,no_evident_not_pet_friendly_hotel,suitable_for_overnight_stay,"Is phrase B contrary to phrase A? Answer exactly 'Yes' or 'No' only. Do not provide any extra text.

[Question] Phrase B is suitable_for_overnight_stay. Phrase A is no_evident_not_pet_friendly_hotel.
",Yes
2026-08-16 21:49:09,2,15914,no_evident_not_simple_decoration,pet_friendly_hotel,"Is phrase B contrary to phrase A? Answer exactly 'Yes' or 'No' only. Do not provide any extra text.

[Question] Phrase B is pet_friendly_hotel. Phrase A is no_evident_not_simple_decoration.
",No
2026-08-16 21:49:10,2,15774,no_evident_not_easy_parking,front_to_unwind_evening,"Is phrase B contrary to phrase A? Answer exactly 'Yes' or 'No' only. Do not provide any extra text.

[Question] Phrase B is front_to_unwind_evening. Phrase A is no_evident_not_easy_parking.
",Yes
2026-08-16 21:49:10,2,7005,no_evident_not_family_establishment,homely_atmosphere,"Is phrase B contrary to phrase A? Answer exactly 'Yes' or 'No' only. Do not provide any extra text.

[Question] Phrase B is homely_atmosphere. Phrase A is no_evident_not_family_establishment.
",No
2026-08-16 21:49:10,2,28333,no_evident_not_has_place_to_park_car,feel_welcome_from_arrival_moment,"Is phrase B contrary to phrase A? Answer exactly 'Yes' or 'No' only. Do not provide any extra text.

[Question] Phrase B is feel_welcome_from_arrival_moment. Phrase A is no_evident_not_has_place_to_park_car.
",Yes
2026-08-16 21:49:10,2,13142,no_evident_not_pet_friendly_hotel,comfortable_hotel,"Is phrase B contrary to phrase A? Answer exactly 'Yes' or 'No' only. Do not provide any extra text.

[Question] Phrase B is comfortable_hotel. Phrase A is no_evident_not_pet_friendly_hotel.
",Yes
2026-08-16 21:49:10,2,29572,no_evident_not_homely_atmosphere,lovely_lobby,"Is phrase B contrary to phrase A? Answer exactly 'Yes' or 'No' only. Do not provide any extra text.

[Question] Phrase B is lovely_lobby. Phrase A is no_evident_not_homely_atmosphere.
",Yes
2026-08-16 21:49:10,2,1922,no_evident_not_lovely_hotel,take_COVID_prevention_measure,"Is phrase B contrary to phrase A? Answer exactly 'Yes' or 'No' only. Do not provide any extra text.

[Question] Phrase B is take_COVID_prevention_measure. Phrase A is no_evident_not_lovely_hotel.
",No
2026-08-16 21:49:10,2,5395,no_evident_not_everything_new,possible_with_animal,"Is phrase B contrary to phrase A? Answer exactly 'Yes' or 'No' only. Do not provide any extra text.

[Question] Phrase B is possible_with_animal. Phrase A is no_evident_not_everything_new.
",No
2026-08-16 21:49:10,2,12419,no_evident_not_feel_like_home_atmosphere,compact_hotel,"Is phrase B contrary to phrase A? Answer exactly 'Yes' or 'No' only. Do not provide any extra text.

[Question] Phrase B is compact_hotel. Phrase A is no_evident_not_feel_like_home_atmosphere.
",No
2026-08-16 21:49:11,2,71,no_evident_not_new_hotel,nice_ambiance_hotel,"Is phrase B contrary to phrase A? Answer exactly 'Yes' or 'No' only. Do not provide any extra text.

[Question] Phrase B is nice_ambiance_hotel. Phrase A is no_evident_not_new_hotel.
",Yes
2026-08-16 21:49:11,2,32287,no_evident_not_cozy_atmosphere,everything_great,"Is phrase B contrary to phrase A? Answer exactly 'Yes' or 'No' only. Do not provide any extra text.

[Question] Phrase B is everything_great. Phrase A is no_evident_not_cozy_atmosphere.
",Yes
2026-08-16 21:49:11,2,12794,no_evident_not_good_hotel,feel_new,"Is phrase B contrary to phrase A? Answer exactly 'Yes' or 'No' only. Do not provide any extra text.

[Question] Phrase B is feel_new. Phrase A is no_evident_not_good_hotel.
",Yes
2026-08-16 21:49:11,2,8691,no_evident_not_beautifully_kept_hotel,small_hotel_which_we_like,"Is phrase B contrary to phrase A? Answer exactly 'Yes' or 'No' only. Do not provide any extra text.

[Question] Phrase B is small_hotel_which_we_like. Phrase A is no_evident_not_beautifully_kept_hotel.
",Yes
2026-08-16 21:49:12,2,30361,no_evident_not_free_parking_along_street,neat_facility,"Is phrase B contrary to phrase A? Answer exactly 'Yes' or 'No' only. Do not provide any extra text.

[Question] Phrase B is neat_facility. Phrase A is no_evident_not_free_parking_along_street.
",No
2026-08-16 21:49:12,2,25693,no_evident_not_newly_refurbished_hotel,new_reception,"Is phrase B contrary to phrase A? Answer exactly 'Yes' or 'No' only. Do not provide any extra text.

[Question] Phrase B is new_reception. Phrase A is no_evident_not_newly_refurbished_hotel.
",Yes
2026-08-16 21:49:12,2,25728,no_evident_not_newly_refurbished_hotel,free_parking_in_front_of_hotel,"Is phrase B contrary to phrase A? Answer exactly 'Yes' or 'No' only. Do not provide any extra text.

[Question] Phrase B is free_parking_in_front_of_hotel. Phrase A is no_evident_not_newly_refurbished_hotel.
",Yes
2026-08-16 21:49:12,2,14910,no_evident_not_best_hotel,aesthetic_hotel,"Is phrase B contrary to phrase A? Answer exactly 'Yes' or 'No' only. Do not provide any extra text.

[Question] Phrase B is aesthetic_hotel. Phrase A is no_evident_not_best_hotel.
",Yes
2026-08-16 21:49:12,2,9348,no_evident_not_lovely_lobby,free_parking_in_front_of_hotel,"Is phrase B contrary to phrase A? Answer exactly 'Yes' or 'No' only. Do not provide any extra text.

[Question] Phrase B is free_parking_in_front_of_hotel. Phrase A is no_evident_not_lovely_lobby.
",Yes
2026-08-16 21:49:13,2,13862,no_evident_not_lovely_family_hotel,comfortable_hotel,"Is phrase B contrary to phrase A? Answer exactly 'Yes' or 'No' only. Do not provide any extra text.

[Question] Phrase B is comfortable_hotel. Phrase A is no_evident_not_lovely_family_hotel.
",Yes
2026-08-16 21:49:13,2,31370,no_evident_not_possible_with_animal,happy_with_service,"Is phrase B contrary to phrase A? Answer exactly 'Yes' or 'No' only. Do not provide any extra text.

[Question] Phrase B is happy_with_service. Phrase A is no_evident_not_possible_with_animal.
",No
2026-08-16 21:49:13,2,22826,no_evident_not_same_as_photo,have_parking,"Is phrase B contrary to phrase A? Answer exactly 'Yes' or 'No' only. Do not provide any extra text.

[Question] Phrase B is have_parking. Phrase A is no_evident_not_same_as_photo.
",No
2026-08-16 21:49:13,2,23938,no_evident_not_new_reception,suitable_for_overnight_stay,"Is phrase B contrary to phrase A? Answer exactly 'Yes' or 'No' only. Do not provide any extra text.

[Question] Phrase B is suitable_for_overnight_stay. Phrase A is no_evident_not_new_reception.
",No
2026-08-16 21:49:13,2,25670,no_evident_not_newly_refurbished_hotel,5*_facility,"Is phrase B contrary to phrase A? Answer exactly 'Yes' or 'No' only. Do not provide any extra text.

[Question] Phrase B is 5*_facility. Phrase A is no_evident_not_newly_refurbished_hotel.
",Yes
2026-08-16 21:49:13,2,18212,no_evident_not_recently_renovated_interior,wonderful_facility,"Is phrase B contrary to phrase A? Answer exactly 'Yes' or 'No' only. Do not provide any extra text.

[Question] Phrase B is wonderful_facility. Phrase A is no_evident_not_recently_renovated_interior.
",Yes
2026-08-16 21:49:13,2,21689,no_evident_not_neat_facility,simple_decoration,"Is phrase B contrary to phrase A? Answer exactly 'Yes' or 'No' only. Do not provide any extra text.

[Question] Phrase B is simple_decoration. Phrase A is no_evident_not_neat_facility.
",No
2026-08-16 21:49:14,2,23541,no_evident_not_furnished_hotel,able_to_bring_dog,"Is phrase B contrary to phrase A? Answer exactly 'Yes' or 'No' only. Do not provide any extra text.

[Question] Phrase B is able_to_bring_dog. Phrase A is no_evident_not_furnished_hotel.
",No
2026-08-16 21:49:14,2,15948,no_evident_not_simple_decoration,recently_renovated_hotel,"Is phrase B contrary to phrase A? Answer exactly 'Yes' or 'No' only. Do not provide any extra text.

[Question] Phrase B is recently_renovated_hotel. Phrase A is no_evident_not_simple_decoration.
",No
2026-08-16 21:49:14,2,5073,no_evident_not_fantastic_hotel,brand_new_facility,"Is phrase B contrary to phrase A? Answer exactly 'Yes' or 'No' only. Do not provide any extra text.

[Question] Phrase B is brand_new_facility. Phrase A is no_evident_not_fantastic_hotel.
",Yes
2026-08-16 21:49:14,2,6223,no_evident_not_fantastic_service,hotel_received_package_prior_arrival,"Is phrase B contrary to phrase A? Answer exactly 'Yes' or 'No' only. Do not provide any extra text.

[Question] Phrase B is hotel_received_package_prior_arrival. Phrase A is no_evident_not_fantastic_service.
",No
2026-08-16 21:49:14,2,9723,no_evident_not_brand_new_hotel,family_atmosphere_hotel,"Is phrase B contrary to phrase A? Answer exactly 'Yes' or 'No' only. Do not provide any extra text.

[Question] Phrase B is family_atmosphere_hotel. Phrase A is no_evident_not_brand_new_hotel.
",Yes
2026-08-16 21:49:14,2,31743,no_evident_not_all_furniture_new,allow_to_take_dog,"Is phrase B contrary to phrase A? Answer exactly 'Yes' or 'No' only. Do not provide any extra text.

[Question] Phrase B is allow_to_take_dog. Phrase A is no_evident_not_all_furniture_new.
",No
2026-08-16 21:49:14,2,7134,no_evident_not_great_hotel,front_to_unwind_evening,"Is phrase B contrary to phrase A? Answer exactly 'Yes' or 'No' only. Do not provide any extra text.

[Question] Phrase B is front_to_unwind_evening. Phrase A is no_evident_not_great_hotel.
",Yes
2026-08-16 21:49:14,2,1917,no_evident_not_lovely_hotel,spotless_hotel,"Is phrase B contrary to phrase A? Answer exactly 'Yes' or 'No' only. Do not provide any extra text.

[Question] Phrase B is spotless_hotel. Phrase A is no_evident_not_lovely_hotel.
",Yes
2026-08-16 21:49:15,2,18979,no_evident_not_brand_new_furniture,nice_small_hotel,"Is phrase B contrary to phrase A? Answer exactly 'Yes' or 'No' only. Do not provide any extra text.

[Question] Phrase B is nice_small_hotel. Phrase A is no_evident_not_brand_new_furniture.
",No
2026-08-16 21:49:15,2,24109,no_evident_not_clean_reception,free_parking_along_street,"Is phrase B contrary to phrase A? Answer exactly 'Yes' or 'No' only. Do not provide any extra text.

[Question] Phrase B is free_parking_along_street. Phrase A is no_evident_not_clean_reception.
",No
2026-08-16 21:49:15,2,1998,no_evident_not_peaceful_facility,has_plenty_of_chair,"Is phrase B contrary to phrase A? Answer exactly 'Yes' or 'No' only. Do not provide any extra text.

[Question] Phrase B is has_plenty_of_chair. Phrase A is no_evident_not_peaceful_facility.
",Yes
2026-08-16 21:49:15,2,17767,no_evident_not_5_star_hotel,same_as_photo,"Is phrase B contrary to phrase A? Answer exactly 'Yes' or 'No' only. Do not provide any extra text.

[Question] Phrase B is same_as_photo. Phrase A is no_evident_not_5_star_hotel.
",No
2026-08-16 21:49:16,2,24510,no_evident_not_small_hotel,everything_new,"Is phrase B contrary to phrase A? Answer exactly 'Yes' or 'No' only. Do not provide any extra text.

[Question] Phrase B is everything_new. Phrase A is no_evident_not_small_hotel.
",Yes
2026-08-16 21:49:16,2,10277,no_evident_not_everything_cozy,everywhere_spotless_clean,"Is phrase B contrary to phrase A? Answer exactly 'Yes' or 'No' only. Do not provide any extra text.

[Question] Phrase B is everywhere_spotless_clean. Phrase A is no_evident_not_everything_cozy.
",Yes
2026-08-16 21:49:16,2,1874,no_evident_not_lovely_hotel,pet_friendly_hotel,"Is phrase B contrary to phrase A? Answer exactly 'Yes' or 'No' only. Do not provide any extra text.

[Question] Phrase B is pet_friendly_hotel. Phrase A is no_evident_not_lovely_hotel.
",Yes
2026-08-16 21:49:16,2,1644,no_evident_not_welcoming_entrance,recently_refurbished_hotel,"Is phrase B contrary to phrase A? Answer exactly 'Yes' or 'No' only. Do not provide any extra text.

[Question] Phrase B is recently_refurbished_hotel. Phrase A is no_evident_not_welcoming_entrance.
",Yes
2026-08-16 21:49:16,2,19143,no_evident_not_affordable_hotel,allow_to_take_dog,"Is phrase B contrary to phrase A? Answer exactly 'Yes' or 'No' only. Do not provide any extra text.

[Question] Phrase B is allow_to_take_dog. Phrase A is no_evident_not_affordable_hotel.
",No
2026-08-16 21:49:16,2,15624,no_evident_not_excellent_inside,tidy_hotel,"Is phrase B contrary to phrase A? Answer exactly 'Yes' or 'No' only. Do not provide any extra text.

[Question] Phrase B is tidy_hotel. Phrase A is no_evident_not_excellent_inside.
",No
2026-08-16 21:49:17,2,16478,no_evident_not_nice_atmosphere,easy_hotel,"Is phrase B contrary to phrase A? Answer exactly 'Yes' or 'No' only. Do not provide any extra text.

[Question] Phrase B is easy_hotel. Phrase A is no_evident_not_nice_atmosphere.
",Yes
2026-08-16 21:49:17,2,30127,no_evident_not_free_parking_in_front_of_hotel,everything_great,"Is phrase B contrary to phrase A? Answer exactly 'Yes' or 'No' only. Do not provide any extra text.

[Question] Phrase B is everything_great. Phrase A is no_evident_not_free_parking_in_front_of_hotel.
",Yes
2026-08-16 21:49:17,2,27942,no_evident_not_family_hotel,contemporary_hotel,"Is phrase B contrary to phrase A? Answer exactly 'Yes' or 'No' only. Do not provide any extra text.

[Question] Phrase B is contemporary_hotel. Phrase A is no_evident_not_family_hotel.
",Yes
2026-08-16 21:49:17,2,5159,no_evident_not_fantastic_hotel,airy_hotel,"Is phrase B contrary to phrase A? Answer exactly 'Yes' or 'No' only. Do not provide any extra text.

[Question] Phrase B is airy_hotel. Phrase A is no_evident_not_fantastic_hotel.
",Yes
2026-08-16 21:49:17,2,17404,no_evident_not_well_situated_hotel,friendly_hotel,"Is phrase B contrary to phrase A? Answer exactly 'Yes' or 'No' only. Do not provide any extra text.

[Question] Phrase B is friendly_hotel. Phrase A is no_evident_not_well_situated_hotel.
",Yes
2026-08-16 21:49:17,2,1864,no_evident_not_lovely_hotel,boutique_hotel,"Is phrase B contrary to phrase A? Answer exactly 'Yes' or 'No' only. Do not provide any extra text.

[Question] Phrase B is boutique_hotel. Phrase A is no_evident_not_lovely_hotel.
",Yes
2026-08-16 21:49:18,2,31483,no_evident_not_possible_with_animal,comfortable_hall,"Is phrase B contrary to phrase A? Answer exactly 'Yes' or 'No' only. Do not provide any extra text.

[Question] Phrase B is comfortable_hall. Phrase A is no_evident_not_possible_with_animal.
",No
2026-08-16 21:49:18,2,16641,no_evident_not_just_renovated_hotel,excellent_hotel,"Is phrase B contrary to phrase A? Answer exactly 'Yes' or 'No' only. Do not provide any extra text.

[Question] Phrase B is excellent_hotel. Phrase A is no_evident_not_just_renovated_hotel.
",Yes
2026-08-16 21:49:18,2,2626,no_evident_not_everything_clean,brand_new_furniture,"Is phrase B contrary to phrase A? Answer exactly 'Yes' or 'No' only. Do not provide any extra text.

[Question] Phrase B is brand_new_furniture. Phrase A is no_evident_not_everything_clean.
",Yes
2026-08-16 21:49:18,2,27897,no_evident_not_brilliant_hotel,all_furniture_new,"Is phrase B contrary to phrase A? Answer exactly 'Yes' or 'No' only. Do not provide any extra text.

[Question] Phrase B is all_furniture_new. Phrase A is no_evident_not_brilliant_hotel.
",Yes
2026-08-16 21:49:18,2,6090,no_evident_not_full_equiped,aesthetic_hotel,"Is phrase B contrary to phrase A? Answer exactly 'Yes' or 'No' only. Do not provide any extra text.

[Question] Phrase B is aesthetic_hotel. Phrase A is no_evident_not_full_equiped.
",Yes
2026-08-16 21:49:18,2,2246,no_evident_not_clean_hotel,family_run_hotel,"Is phrase B contrary to phrase A? Answer exactly 'Yes' or 'No' only. Do not provide any extra text.

[Question] Phrase B is family_run_hotel. Phrase A is no_evident_not_clean_hotel.
",Yes
2026-08-16 21:49:18,2,19499,no_evident_not_amazing_place,basic_hotel,"Is phrase B contrary to phrase A? Answer exactly 'Yes' or 'No' only. Do not provide any extra text.

[Question] Phrase B is basic_hotel. Phrase A is no_evident_not_amazing_place.
",Yes
2026-08-16 21:49:18,2,2227,no_evident_not_clean_hotel,everything_great,"Is phrase B contrary to phrase A? Answer exactly 'Yes' or 'No' only. Do not provide any extra text.

[Question] Phrase B is everything_great. Phrase A is no_evident_not_clean_hotel.
",Yes
2026-08-16 21:49:19,2,22126,no_evident_not_feel_like_home_hotel,has_parking_in_hotel_area,"Is phrase B contrary to phrase A? Answer exactly 'Yes' or 'No' only. Do not provide any extra text.

[Question] Phrase B is has_parking_in_hotel_area. Phrase A is no_evident_not_feel_like_home_hotel.
",Yes
2026-08-16 21:49:19,2,28241,no_evident_not_welcoming_environment,comfortable_street_terrace,"Is phrase B contrary to phrase A? Answer exactly 'Yes' or 'No' only. Do not provide any extra text.

[Question] Phrase B is comfortable_street_terrace. Phrase A is no_evident_not_welcoming_environment.
",Yes
2026-08-16 21:49:19,2,7708,no_evident_not_beautiful_hotel,neat_hotel,"Is phrase B contrary to phrase A? Answer exactly 'Yes' or 'No' only. Do not provide any extra text.

[Question] Phrase B is neat_hotel. Phrase A is no_evident_not_beautiful_hotel.
",Yes
2026-08-16 21:49:19,2,13231,no_evident_not_pet_friendly_hotel,contemporary_decoration,"Is phrase B contrary to phrase A? Answer exactly 'Yes' or 'No' only. Do not provide any extra text.

[Question] Phrase B is contemporary_decoration. Phrase A is no_evident_not_pet_friendly_hotel.
",No
2026-08-16 21:49:19,2,3929,no_evident_not_modern_hotel,stunning_hotel,"Is phrase B contrary to phrase A? Answer exactly 'Yes' or 'No' only. Do not provide any extra text.

[Question] Phrase B is stunning_hotel. Phrase A is no_evident_not_modern_hotel.
",Yes
2026-08-16 21:49:20,2,30855,no_evident_not_surprise_with_swimming_pool,no_extra_charge_for_dog,"Is phrase B contrary to phrase A? Answer exactly 'Yes' or 'No' only. Do not provide any extra text.

[Question] Phrase B is no_extra_charge_for_dog. Phrase A is no_evident_not_surprise_with_swimming_pool.
",No
2026-08-16 21:49:20,2,29173,no_evident_not_comfortable_hall,clean_hotel,"Is phrase B contrary to phrase A? Answer exactly 'Yes' or 'No' only. Do not provide any extra text.

[Question] Phrase B is clean_hotel. Phrase A is no_evident_not_comfortable_hall.
",Yes
2026-08-16 21:49:20,2,18668,no_evident_not_clean_facility,many_free_parking_space_available_on_early_November,"Is phrase B contrary to phrase A? Answer exactly 'Yes' or 'No' only. Do not provide any extra text.

[Question] Phrase B is many_free_parking_space_available_on_early_November. Phrase A is no_evident_not_clean_facility.
",Yes
2026-08-16 21:49:20,2,8068,no_evident_not_offered_food,neat_hotel,"Is phrase B contrary to phrase A? Answer exactly 'Yes' or 'No' only. Do not provide any extra text.

[Question] Phrase B is neat_hotel. Phrase A is no_evident_not_offered_food.
",Yes
2026-08-16 21:49:20,2,18971,no_evident_not_brand_new_furniture,nice_ambiance_hotel,"Is phrase B contrary to phrase A? Answer exactly 'Yes' or 'No' only. Do not provide any extra text.

[Question] Phrase B is nice_ambiance_hotel. Phrase A is no_evident_not_brand_new_furniture.
",Yes
2026-08-16 21:49:20,2,19482,no_evident_not_amazing_place,contemporary_hotel,"Is phrase B contrary to phrase A? Answer exactly 'Yes' or 'No' only. Do not provide any extra text.

[Question] Phrase B is contemporary_hotel. Phrase A is no_evident_not_amazing_place.
",Yes
2026-08-16 21:49:20,2,1303,no_evident_not_high_standard_renovated,beautiful_hotel,"Is phrase B contrary to phrase A? Answer exactly 'Yes' or 'No' only. Do not provide any extra text.

[Question] Phrase B is beautiful_hotel. Phrase A is no_evident_not_high_standard_renovated.
",No
2026-08-16 21:49:21,2,20296,no_evident_not_nice_front_of_hotel,good_quality_hotel,"Is phrase B contrary to phrase A? Answer exactly 'Yes' or 'No' only. Do not provide any extra text.

[Question] Phrase B is good_quality_hotel. Phrase A is no_evident_not_nice_front_of_hotel.
",Yes
2026-08-16 21:49:21,2,2687,no_evident_not_everything_clean,can_request_for_transfer_from_airport,"Is phrase B contrary to phrase A? Answer exactly 'Yes' or 'No' only. Do not provide any extra text.

[Question] Phrase B is can_request_for_transfer_from_airport. Phrase A is no_evident_not_everything_clean.
",No
2026-08-16 21:49:21,2,13738,no_evident_not_good_wifi,everything_cozy,"Is phrase B contrary to phrase A? Answer exactly 'Yes' or 'No' only. Do not provide any extra text.

[Question] Phrase B is everything_cozy. Phrase A is no_evident_not_good_wifi.
",No
2026-08-16 21:49:21,2,21541,no_evident_not_light_hotel,neat_facility,"Is phrase B contrary to phrase A? Answer exactly 'Yes' or 'No' only. Do not provide any extra text.

[Question] Phrase B is neat_facility. Phrase A is no_evident_not_light_hotel.
",No
2026-08-16 21:49:21,2,19126,no_evident_not_affordable_hotel,offered_drink,"Is phrase B contrary to phrase A? Answer exactly 'Yes' or 'No' only. Do not provide any extra text.

[Question] Phrase B is offered_drink. Phrase A is no_evident_not_affordable_hotel.
",No
2026-08-16 21:49:21,2,18522,no_evident_not_hotel_received_package_prior_arrival,clean_hall,"Is phrase B contrary to phrase A? Answer exactly 'Yes' or 'No' only. Do not provide any extra text.

[Question] Phrase B is clean_hall. Phrase A is no_evident_not_hotel_received_package_prior_arrival.
",No
2026-08-16 21:49:22,2,17131,no_evident_not_look_like_almost_new_hotel,everything_beautiful,"Is phrase B contrary to phrase A? Answer exactly 'Yes' or 'No' only. Do not provide any extra text.

[Question] Phrase B is everything_beautiful. Phrase A is no_evident_not_look_like_almost_new_hotel.
",Yes
2026-08-16 21:49:22,2,10367,no_evident_not_everything_cozy,affordable_hotel,"Is phrase B contrary to phrase A? Answer exactly 'Yes' or 'No' only. Do not provide any extra text.

[Question] Phrase B is affordable_hotel. Phrase A is no_evident_not_everything_cozy.
",No
2026-08-16 21:49:22,2,30629,no_evident_not_stylish_hotel,fantastic_hotel,"Is phrase B contrary to phrase A? Answer exactly 'Yes' or 'No' only. Do not provide any extra text.

[Question] Phrase B is fantastic_hotel. Phrase A is no_evident_not_stylish_hotel.
",Yes
2026-08-16 21:49:22,2,8545,no_evident_not_fresh_hotel,comfortable_atmosphere,"Is phrase B contrary to phrase A? Answer exactly 'Yes' or 'No' only. Do not provide any extra text.

[Question] Phrase B is comfortable_atmosphere. Phrase A is no_evident_not_fresh_hotel.
",No
2026-08-16 21:49:22,2,6694,no_evident_not_well_run,full_equiped,"Is phrase B contrary to phrase A? Answer exactly 'Yes' or 'No' only. Do not provide any extra text.

[Question] Phrase B is full_equiped. Phrase A is no_evident_not_well_run.
",Yes
2026-08-16 21:49:22,2,21946,no_evident_not_take_COVID_prevention_measure,has_parking_in_hotel_area,"Is phrase B contrary to phrase A? Answer exactly 'Yes' or 'No' only. Do not provide any extra text.

[Question] Phrase B is has_parking_in_hotel_area. Phrase A is no_evident_not_take_COVID_prevention_measure.
",No
2026-08-16 21:49:23,2,23469,no_evident_not_furnished_hotel,feel_like_home_atmosphere,"Is phrase B contrary to phrase A? Answer exactly 'Yes' or 'No' only. Do not provide any extra text.

[Question] Phrase B is feel_like_home_atmosphere. Phrase A is no_evident_not_furnished_hotel.
",Yes
2026-08-16 21:49:23,2,10296,no_evident_not_everything_cozy,perfect_hotel,"Is phrase B contrary to phrase A? Answer exactly 'Yes' or 'No' only. Do not provide any extra text.

[Question] Phrase B is perfect_hotel. Phrase A is no_evident_not_everything_cozy.
",Yes
2026-08-16 21:49:23,2,7822,no_evident_not_new_facility,spotlessly_clean,"Is phrase B contrary to phrase A? Answer exactly 'Yes' or 'No' only. Do not provide any extra text.

[Question] Phrase B is spotlessly_clean. Phrase A is no_evident_not_new_facility.
",Yes
2026-08-16 21:49:23,2,8704,no_evident_not_beautifully_kept_hotel,boutique_hotel,"Is phrase B contrary to phrase A? Answer exactly 'Yes' or 'No' only. Do not provide any extra text.

[Question] Phrase B is boutique_hotel. Phrase A is no_evident_not_beautifully_kept_hotel.
",Yes
2026-08-16 21:49:23,2,12970,no_evident_not_feel_welcome_from_arrival_moment,welcoming_entrance,"Is phrase B contrary to phrase A? Answer exactly 'Yes' or 'No' only. Do not provide any extra text.

[Question] Phrase B is welcoming_entrance. Phrase A is no_evident_not_feel_welcome_from_arrival_moment.
",Yes
2026-08-16 21:49:23,2,4289,no_evident_not_recently_refurbished_hotel,stunning_hotel,"Is phrase B contrary to phrase A? Answer exactly 'Yes' or 'No' only. Do not provide any extra text.

[Question] Phrase B is stunning_hotel. Phrase A is no_evident_not_recently_refurbished_hotel.
",Yes
2026-08-16 21:49:24,2,21152,no_evident_not_free_parking,nice_atmosphere,"Is phrase B contrary to phrase A? Answer exactly 'Yes' or 'No' only. Do not provide any extra text.

[Question] Phrase B is nice_atmosphere. Phrase A is no_evident_not_free_parking.
",No
2026-08-16 21:49:24,2,9831,no_evident_not_brand_new_hotel,wonderful_hotel,"Is phrase B contrary to phrase A? Answer exactly 'Yes' or 'No' only. Do not provide any extra text.

[Question] Phrase B is wonderful_hotel. Phrase A is no_evident_not_brand_new_hotel.
",Yes
2026-08-16 21:49:24,2,14983,no_evident_not_friendly_atmosphere,beautiful_hotel,"Is phrase B contrary to phrase A? Answer exactly 'Yes' or 'No' only. Do not provide any extra text.

[Question] Phrase B is beautiful_hotel. Phrase A is no_evident_not_friendly_atmosphere.
",Yes
2026-08-16 21:49:24,2,10361,no_evident_not_everything_cozy,clear_interior,"Is phrase B contrary to phrase A? Answer exactly 'Yes' or 'No' only. Do not provide any extra text.

[Question] Phrase B is clear_interior. Phrase A is no_evident_not_everything_cozy.
",Yes
2026-08-16 21:49:25,2,30443,no_evident_not_well_kept_hotel,refurbished_hotel,"Is phrase B contrary to phrase A? Answer exactly 'Yes' or 'No' only. Do not provide any extra text.

[Question] Phrase B is refurbished_hotel. Phrase A is no_evident_not_well_kept_hotel.
",Yes
2026-08-16 21:49:25,2,24638,no_evident_not_small_hotel,has_place_to_park_car,"Is phrase B contrary to phrase A? Answer exactly 'Yes' or 'No' only. Do not provide any extra text.

[Question] Phrase B is has_place_to_park_car. Phrase A is no_evident_not_small_hotel.
",No
2026-08-16 21:49:25,2,30663,no_evident_not_stylish_hotel,allow_to_take_dog,"Is phrase B contrary to phrase A? Answer exactly 'Yes' or 'No' only. Do not provide any extra text.

[Question] Phrase B is allow_to_take_dog. Phrase A is no_evident_not_stylish_hotel.
",No
2026-08-16 21:49:25,2,2378,no_evident_not_feel_new,well_run,"Is phrase B contrary to phrase A? Answer exactly 'Yes' or 'No' only. Do not provide any extra text.

[Question] Phrase B is well_run. Phrase A is no_evident_not_feel_new.
",Yes
2026-08-16 21:49:25,2,306,no_evident_not_comfortable_hotel,pleasant_hotel,"Is phrase B contrary to phrase A? Answer exactly 'Yes' or 'No' only. Do not provide any extra text.

[Question] Phrase B is pleasant_hotel. Phrase A is no_evident_not_comfortable_hotel.
",Yes
2026-08-16 21:49:25,2,15018,no_evident_not_friendly_atmosphere,lovely_family_hotel,"Is phrase B contrary to phrase A? Answer exactly 'Yes' or 'No' only. Do not provide any extra text.

[Question] Phrase B is lovely_family_hotel. Phrase A is no_evident_not_friendly_atmosphere.
",Yes
2026-08-16 21:49:25,2,20355,no_evident_not_front_to_unwind_evening,everything_clean,"Is phrase B contrary to phrase A? Answer exactly 'Yes' or 'No' only. Do not provide any extra text.

[Question] Phrase B is everything_clean. Phrase A is no_evident_not_front_to_unwind_evening.
",No
2026-08-16 21:49:25,2,18449,no_evident_not_hotel_received_package_prior_arrival,simple_decoration,"Is phrase B contrary to phrase A? Answer exactly 'Yes' or 'No' only. Do not provide any extra text.

[Question] Phrase B is simple_decoration. Phrase A is no_evident_not_hotel_received_package_prior_arrival.
",No
2026-08-16 21:49:26,2,3277,no_evident_not_lovely_little_hotel,amazing_hotel,"Is phrase B contrary to phrase A? Answer exactly 'Yes' or 'No' only. Do not provide any extra text.

[Question] Phrase B is amazing_hotel. Phrase A is no_evident_not_lovely_little_hotel.
",Yes
2026-08-16 21:49:26,2,2401,no_evident_not_feel_new,everything_modern,"Is phrase B contrary to phrase A? Answer exactly 'Yes' or 'No' only. Do not provide any extra text.

[Question] Phrase B is everything_modern. Phrase A is no_evident_not_feel_new.
",No
