Timestamp,Run,ID,PhraseA,PhraseB,Prompt,RawOutput
2026-08-10 23:18:49,2,4,no_evident_not_great_quality,for_money_you_pay_you_get_one_small_water_bottle,"Task: decide if Proposition B contradicts Assumption A.

Steps:
1. A defends a claim (strip ""no_evident_not_"" / ""have_evident_"" to see it).
2. B states a fact.
3. Does B disprove A's claim? Same specific issue only, not just same topic.

Output pattern (always use this exact shape):
A: <phrase>
B: <phrase>
Answer: Yes/No

Examples:

A: no_evident_not_easy_check-in
B: customer_wait_10_minute_for_greet
Answer: Yes

A: no_evident_not_easy_check-in
B: no_one_give_key_on_late_check-in
Answer: No

A: no_evident_not_great_quality
B: shampoo_seem_cheap_considering_hotel_cost
Answer: Yes

A: no_evident_not_great_quality
B: expensive_hotel
Answer: No

Now answer for this pair. Output ONLY the final line ""Answer: Yes"" or ""Answer: No"" — no other text.

A: no_evident_not_great_quality
B: for_money_you_pay_you_get_one_small_water_bottle
Answer:
","A: no_evident_not_great_quality
B: for_money_you_pay_you_get_one_small_water_bottle
Answer: Yes"
2026-08-10 23:18:49,2,6,no_evident_not_great_quality,expensive_rate_for_what_offer,"Task: decide if Proposition B contradicts Assumption A.

Steps:
1. A defends a claim (strip ""no_evident_not_"" / ""have_evident_"" to see it).
2. B states a fact.
3. Does B disprove A's claim? Same specific issue only, not just same topic.

Output pattern (always use this exact shape):
A: <phrase>
B: <phrase>
Answer: Yes/No

Examples:

A: no_evident_not_easy_check-in
B: customer_wait_10_minute_for_greet
Answer: Yes

A: no_evident_not_easy_check-in
B: no_one_give_key_on_late_check-in
Answer: No

A: no_evident_not_great_quality
B: shampoo_seem_cheap_considering_hotel_cost
Answer: Yes

A: no_evident_not_great_quality
B: expensive_hotel
Answer: No

Now answer for this pair. Output ONLY the final line ""Answer: Yes"" or ""Answer: No"" — no other text.

A: no_evident_not_great_quality
B: expensive_rate_for_what_offer
Answer:
",Answer: Yes
2026-08-10 23:18:49,2,1,no_evident_not_great_quality,unlabeled_shampoo_dispenser_for_this_price,"Task: decide if Proposition B contradicts Assumption A.

Steps:
1. A defends a claim (strip ""no_evident_not_"" / ""have_evident_"" to see it).
2. B states a fact.
3. Does B disprove A's claim? Same specific issue only, not just same topic.

Output pattern (always use this exact shape):
A: <phrase>
B: <phrase>
Answer: Yes/No

Examples:

A: no_evident_not_easy_check-in
B: customer_wait_10_minute_for_greet
Answer: Yes

A: no_evident_not_easy_check-in
B: no_one_give_key_on_late_check-in
Answer: No

A: no_evident_not_great_quality
B: shampoo_seem_cheap_considering_hotel_cost
Answer: Yes

A: no_evident_not_great_quality
B: expensive_hotel
Answer: No

Now answer for this pair. Output ONLY the final line ""Answer: Yes"" or ""Answer: No"" — no other text.

A: no_evident_not_great_quality
B: unlabeled_shampoo_dispenser_for_this_price
Answer:
",Answer: Yes
2026-08-10 23:18:49,2,7,no_evident_not_great_quality,overpriced_for_facility,"Task: decide if Proposition B contradicts Assumption A.

Steps:
1. A defends a claim (strip ""no_evident_not_"" / ""have_evident_"" to see it).
2. B states a fact.
3. Does B disprove A's claim? Same specific issue only, not just same topic.

Output pattern (always use this exact shape):
A: <phrase>
B: <phrase>
Answer: Yes/No

Examples:

A: no_evident_not_easy_check-in
B: customer_wait_10_minute_for_greet
Answer: Yes

A: no_evident_not_easy_check-in
B: no_one_give_key_on_late_check-in
Answer: No

A: no_evident_not_great_quality
B: shampoo_seem_cheap_considering_hotel_cost
Answer: Yes

A: no_evident_not_great_quality
B: expensive_hotel
Answer: No

Now answer for this pair. Output ONLY the final line ""Answer: Yes"" or ""Answer: No"" — no other text.

A: no_evident_not_great_quality
B: overpriced_for_facility
Answer:
",Answer: Yes
2026-08-10 23:18:49,2,2,no_evident_not_great_quality,shampoo_seem_cheap_considering_hotel_cost,"Task: decide if Proposition B contradicts Assumption A.

Steps:
1. A defends a claim (strip ""no_evident_not_"" / ""have_evident_"" to see it).
2. B states a fact.
3. Does B disprove A's claim? Same specific issue only, not just same topic.

Output pattern (always use this exact shape):
A: <phrase>
B: <phrase>
Answer: Yes/No

Examples:

A: no_evident_not_easy_check-in
B: customer_wait_10_minute_for_greet
Answer: Yes

A: no_evident_not_easy_check-in
B: no_one_give_key_on_late_check-in
Answer: No

A: no_evident_not_great_quality
B: shampoo_seem_cheap_considering_hotel_cost
Answer: Yes

A: no_evident_not_great_quality
B: expensive_hotel
Answer: No

Now answer for this pair. Output ONLY the final line ""Answer: Yes"" or ""Answer: No"" — no other text.

A: no_evident_not_great_quality
B: shampoo_seem_cheap_considering_hotel_cost
Answer:
",Answer: Yes
2026-08-10 23:18:50,2,3,no_evident_not_great_quality,guesthouse_but_price_like_hotel,"Task: decide if Proposition B contradicts Assumption A.

Steps:
1. A defends a claim (strip ""no_evident_not_"" / ""have_evident_"" to see it).
2. B states a fact.
3. Does B disprove A's claim? Same specific issue only, not just same topic.

Output pattern (always use this exact shape):
A: <phrase>
B: <phrase>
Answer: Yes/No

Examples:

A: no_evident_not_easy_check-in
B: customer_wait_10_minute_for_greet
Answer: Yes

A: no_evident_not_easy_check-in
B: no_one_give_key_on_late_check-in
Answer: No

A: no_evident_not_great_quality
B: shampoo_seem_cheap_considering_hotel_cost
Answer: Yes

A: no_evident_not_great_quality
B: expensive_hotel
Answer: No

Now answer for this pair. Output ONLY the final line ""Answer: Yes"" or ""Answer: No"" — no other text.

A: no_evident_not_great_quality
B: guesthouse_but_price_like_hotel
Answer:
","A: no_evident_not_great_quality
B: guesthouse_but_price_like_hotel
Answer: No"
2026-08-10 23:18:50,2,5,no_evident_not_great_quality,expensive_for_what_you_get,"Task: decide if Proposition B contradicts Assumption A.

Steps:
1. A defends a claim (strip ""no_evident_not_"" / ""have_evident_"" to see it).
2. B states a fact.
3. Does B disprove A's claim? Same specific issue only, not just same topic.

Output pattern (always use this exact shape):
A: <phrase>
B: <phrase>
Answer: Yes/No

Examples:

A: no_evident_not_easy_check-in
B: customer_wait_10_minute_for_greet
Answer: Yes

A: no_evident_not_easy_check-in
B: no_one_give_key_on_late_check-in
Answer: No

A: no_evident_not_great_quality
B: shampoo_seem_cheap_considering_hotel_cost
Answer: Yes

A: no_evident_not_great_quality
B: expensive_hotel
Answer: No

Now answer for this pair. Output ONLY the final line ""Answer: Yes"" or ""Answer: No"" — no other text.

A: no_evident_not_great_quality
B: expensive_for_what_you_get
Answer:
",Answer: Yes
2026-08-10 23:18:50,2,8,no_evident_not_great_quality,meal_not_include_in_price,"Task: decide if Proposition B contradicts Assumption A.

Steps:
1. A defends a claim (strip ""no_evident_not_"" / ""have_evident_"" to see it).
2. B states a fact.
3. Does B disprove A's claim? Same specific issue only, not just same topic.

Output pattern (always use this exact shape):
A: <phrase>
B: <phrase>
Answer: Yes/No

Examples:

A: no_evident_not_easy_check-in
B: customer_wait_10_minute_for_greet
Answer: Yes

A: no_evident_not_easy_check-in
B: no_one_give_key_on_late_check-in
Answer: No

A: no_evident_not_great_quality
B: shampoo_seem_cheap_considering_hotel_cost
Answer: Yes

A: no_evident_not_great_quality
B: expensive_hotel
Answer: No

Now answer for this pair. Output ONLY the final line ""Answer: Yes"" or ""Answer: No"" — no other text.

A: no_evident_not_great_quality
B: meal_not_include_in_price
Answer:
",Answer: Yes
2026-08-10 23:18:50,2,9,no_evident_not_great_quality,high_price_for_not_enough_comfort_room,"Task: decide if Proposition B contradicts Assumption A.

Steps:
1. A defends a claim (strip ""no_evident_not_"" / ""have_evident_"" to see it).
2. B states a fact.
3. Does B disprove A's claim? Same specific issue only, not just same topic.

Output pattern (always use this exact shape):
A: <phrase>
B: <phrase>
Answer: Yes/No

Examples:

A: no_evident_not_easy_check-in
B: customer_wait_10_minute_for_greet
Answer: Yes

A: no_evident_not_easy_check-in
B: no_one_give_key_on_late_check-in
Answer: No

A: no_evident_not_great_quality
B: shampoo_seem_cheap_considering_hotel_cost
Answer: Yes

A: no_evident_not_great_quality
B: expensive_hotel
Answer: No

Now answer for this pair. Output ONLY the final line ""Answer: Yes"" or ""Answer: No"" — no other text.

A: no_evident_not_great_quality
B: high_price_for_not_enough_comfort_room
Answer:
",Answer: Yes
2026-08-10 23:18:50,2,10,no_evident_not_great_quality,high_price_for_small_room,"Task: decide if Proposition B contradicts Assumption A.

Steps:
1. A defends a claim (strip ""no_evident_not_"" / ""have_evident_"" to see it).
2. B states a fact.
3. Does B disprove A's claim? Same specific issue only, not just same topic.

Output pattern (always use this exact shape):
A: <phrase>
B: <phrase>
Answer: Yes/No

Examples:

A: no_evident_not_easy_check-in
B: customer_wait_10_minute_for_greet
Answer: Yes

A: no_evident_not_easy_check-in
B: no_one_give_key_on_late_check-in
Answer: No

A: no_evident_not_great_quality
B: shampoo_seem_cheap_considering_hotel_cost
Answer: Yes

A: no_evident_not_great_quality
B: expensive_hotel
Answer: No

Now answer for this pair. Output ONLY the final line ""Answer: Yes"" or ""Answer: No"" — no other text.

A: no_evident_not_great_quality
B: high_price_for_small_room
Answer:
",Answer: Yes
2026-08-10 23:18:50,2,11,no_evident_not_great_quality,expensive_hotel,"Task: decide if Proposition B contradicts Assumption A.

Steps:
1. A defends a claim (strip ""no_evident_not_"" / ""have_evident_"" to see it).
2. B states a fact.
3. Does B disprove A's claim? Same specific issue only, not just same topic.

Output pattern (always use this exact shape):
A: <phrase>
B: <phrase>
Answer: Yes/No

Examples:

A: no_evident_not_easy_check-in
B: customer_wait_10_minute_for_greet
Answer: Yes

A: no_evident_not_easy_check-in
B: no_one_give_key_on_late_check-in
Answer: No

A: no_evident_not_great_quality
B: shampoo_seem_cheap_considering_hotel_cost
Answer: Yes

A: no_evident_not_great_quality
B: expensive_hotel
Answer: No

Now answer for this pair. Output ONLY the final line ""Answer: Yes"" or ""Answer: No"" — no other text.

A: no_evident_not_great_quality
B: expensive_hotel
Answer:
",Answer: No
2026-08-10 23:18:50,2,12,no_evident_not_great_quality,expensive_for_average_hotel,"Task: decide if Proposition B contradicts Assumption A.

Steps:
1. A defends a claim (strip ""no_evident_not_"" / ""have_evident_"" to see it).
2. B states a fact.
3. Does B disprove A's claim? Same specific issue only, not just same topic.

Output pattern (always use this exact shape):
A: <phrase>
B: <phrase>
Answer: Yes/No

Examples:

A: no_evident_not_easy_check-in
B: customer_wait_10_minute_for_greet
Answer: Yes

A: no_evident_not_easy_check-in
B: no_one_give_key_on_late_check-in
Answer: No

A: no_evident_not_great_quality
B: shampoo_seem_cheap_considering_hotel_cost
Answer: Yes

A: no_evident_not_great_quality
B: expensive_hotel
Answer: No

Now answer for this pair. Output ONLY the final line ""Answer: Yes"" or ""Answer: No"" — no other text.

A: no_evident_not_great_quality
B: expensive_for_average_hotel
Answer:
",Answer: Yes
2026-08-10 23:18:51,2,13,no_evident_not_great_quality,expensive_for_3_star_hotel,"Task: decide if Proposition B contradicts Assumption A.

Steps:
1. A defends a claim (strip ""no_evident_not_"" / ""have_evident_"" to see it).
2. B states a fact.
3. Does B disprove A's claim? Same specific issue only, not just same topic.

Output pattern (always use this exact shape):
A: <phrase>
B: <phrase>
Answer: Yes/No

Examples:

A: no_evident_not_easy_check-in
B: customer_wait_10_minute_for_greet
Answer: Yes

A: no_evident_not_easy_check-in
B: no_one_give_key_on_late_check-in
Answer: No

A: no_evident_not_great_quality
B: shampoo_seem_cheap_considering_hotel_cost
Answer: Yes

A: no_evident_not_great_quality
B: expensive_hotel
Answer: No

Now answer for this pair. Output ONLY the final line ""Answer: Yes"" or ""Answer: No"" — no other text.

A: no_evident_not_great_quality
B: expensive_for_3_star_hotel
Answer:
",Answer: Yes
2026-08-10 23:18:51,2,14,no_evident_not_great_price,unlabeled_shampoo_dispenser_for_this_price,"Task: decide if Proposition B contradicts Assumption A.

Steps:
1. A defends a claim (strip ""no_evident_not_"" / ""have_evident_"" to see it).
2. B states a fact.
3. Does B disprove A's claim? Same specific issue only, not just same topic.

Output pattern (always use this exact shape):
A: <phrase>
B: <phrase>
Answer: Yes/No

Examples:

A: no_evident_not_easy_check-in
B: customer_wait_10_minute_for_greet
Answer: Yes

A: no_evident_not_easy_check-in
B: no_one_give_key_on_late_check-in
Answer: No

A: no_evident_not_great_quality
B: shampoo_seem_cheap_considering_hotel_cost
Answer: Yes

A: no_evident_not_great_quality
B: expensive_hotel
Answer: No

Now answer for this pair. Output ONLY the final line ""Answer: Yes"" or ""Answer: No"" — no other text.

A: no_evident_not_great_price
B: unlabeled_shampoo_dispenser_for_this_price
Answer:
",Answer: Yes
2026-08-10 23:18:51,2,15,no_evident_not_great_price,shampoo_seem_cheap_considering_hotel_cost,"Task: decide if Proposition B contradicts Assumption A.

Steps:
1. A defends a claim (strip ""no_evident_not_"" / ""have_evident_"" to see it).
2. B states a fact.
3. Does B disprove A's claim? Same specific issue only, not just same topic.

Output pattern (always use this exact shape):
A: <phrase>
B: <phrase>
Answer: Yes/No

Examples:

A: no_evident_not_easy_check-in
B: customer_wait_10_minute_for_greet
Answer: Yes

A: no_evident_not_easy_check-in
B: no_one_give_key_on_late_check-in
Answer: No

A: no_evident_not_great_quality
B: shampoo_seem_cheap_considering_hotel_cost
Answer: Yes

A: no_evident_not_great_quality
B: expensive_hotel
Answer: No

Now answer for this pair. Output ONLY the final line ""Answer: Yes"" or ""Answer: No"" — no other text.

A: no_evident_not_great_price
B: shampoo_seem_cheap_considering_hotel_cost
Answer:
",Answer: Yes
2026-08-10 23:18:51,2,16,no_evident_not_great_price,guesthouse_but_price_like_hotel,"Task: decide if Proposition B contradicts Assumption A.

Steps:
1. A defends a claim (strip ""no_evident_not_"" / ""have_evident_"" to see it).
2. B states a fact.
3. Does B disprove A's claim? Same specific issue only, not just same topic.

Output pattern (always use this exact shape):
A: <phrase>
B: <phrase>
Answer: Yes/No

Examples:

A: no_evident_not_easy_check-in
B: customer_wait_10_minute_for_greet
Answer: Yes

A: no_evident_not_easy_check-in
B: no_one_give_key_on_late_check-in
Answer: No

A: no_evident_not_great_quality
B: shampoo_seem_cheap_considering_hotel_cost
Answer: Yes

A: no_evident_not_great_quality
B: expensive_hotel
Answer: No

Now answer for this pair. Output ONLY the final line ""Answer: Yes"" or ""Answer: No"" — no other text.

A: no_evident_not_great_price
B: guesthouse_but_price_like_hotel
Answer:
","A: no_evident_not_great_price
B: guesthouse_but_price_like_hotel
Answer: Yes"
2026-08-10 23:18:51,2,17,no_evident_not_great_price,for_money_you_pay_you_get_one_small_water_bottle,"Task: decide if Proposition B contradicts Assumption A.

Steps:
1. A defends a claim (strip ""no_evident_not_"" / ""have_evident_"" to see it).
2. B states a fact.
3. Does B disprove A's claim? Same specific issue only, not just same topic.

Output pattern (always use this exact shape):
A: <phrase>
B: <phrase>
Answer: Yes/No

Examples:

A: no_evident_not_easy_check-in
B: customer_wait_10_minute_for_greet
Answer: Yes

A: no_evident_not_easy_check-in
B: no_one_give_key_on_late_check-in
Answer: No

A: no_evident_not_great_quality
B: shampoo_seem_cheap_considering_hotel_cost
Answer: Yes

A: no_evident_not_great_quality
B: expensive_hotel
Answer: No

Now answer for this pair. Output ONLY the final line ""Answer: Yes"" or ""Answer: No"" — no other text.

A: no_evident_not_great_price
B: for_money_you_pay_you_get_one_small_water_bottle
Answer:
",Answer: Yes
2026-08-10 23:18:52,2,18,no_evident_not_great_price,expensive_for_what_you_get,"Task: decide if Proposition B contradicts Assumption A.

Steps:
1. A defends a claim (strip ""no_evident_not_"" / ""have_evident_"" to see it).
2. B states a fact.
3. Does B disprove A's claim? Same specific issue only, not just same topic.

Output pattern (always use this exact shape):
A: <phrase>
B: <phrase>
Answer: Yes/No

Examples:

A: no_evident_not_easy_check-in
B: customer_wait_10_minute_for_greet
Answer: Yes

A: no_evident_not_easy_check-in
B: no_one_give_key_on_late_check-in
Answer: No

A: no_evident_not_great_quality
B: shampoo_seem_cheap_considering_hotel_cost
Answer: Yes

A: no_evident_not_great_quality
B: expensive_hotel
Answer: No

Now answer for this pair. Output ONLY the final line ""Answer: Yes"" or ""Answer: No"" — no other text.

A: no_evident_not_great_price
B: expensive_for_what_you_get
Answer:
",Answer: Yes
2026-08-10 23:18:52,2,19,no_evident_not_great_price,expensive_rate_for_what_offer,"Task: decide if Proposition B contradicts Assumption A.

Steps:
1. A defends a claim (strip ""no_evident_not_"" / ""have_evident_"" to see it).
2. B states a fact.
3. Does B disprove A's claim? Same specific issue only, not just same topic.

Output pattern (always use this exact shape):
A: <phrase>
B: <phrase>
Answer: Yes/No

Examples:

A: no_evident_not_easy_check-in
B: customer_wait_10_minute_for_greet
Answer: Yes

A: no_evident_not_easy_check-in
B: no_one_give_key_on_late_check-in
Answer: No

A: no_evident_not_great_quality
B: shampoo_seem_cheap_considering_hotel_cost
Answer: Yes

A: no_evident_not_great_quality
B: expensive_hotel
Answer: No

Now answer for this pair. Output ONLY the final line ""Answer: Yes"" or ""Answer: No"" — no other text.

A: no_evident_not_great_price
B: expensive_rate_for_what_offer
Answer:
",Answer: Yes
2026-08-10 23:18:52,2,20,no_evident_not_great_price,overpriced_for_facility,"Task: decide if Proposition B contradicts Assumption A.

Steps:
1. A defends a claim (strip ""no_evident_not_"" / ""have_evident_"" to see it).
2. B states a fact.
3. Does B disprove A's claim? Same specific issue only, not just same topic.

Output pattern (always use this exact shape):
A: <phrase>
B: <phrase>
Answer: Yes/No

Examples:

A: no_evident_not_easy_check-in
B: customer_wait_10_minute_for_greet
Answer: Yes

A: no_evident_not_easy_check-in
B: no_one_give_key_on_late_check-in
Answer: No

A: no_evident_not_great_quality
B: shampoo_seem_cheap_considering_hotel_cost
Answer: Yes

A: no_evident_not_great_quality
B: expensive_hotel
Answer: No

Now answer for this pair. Output ONLY the final line ""Answer: Yes"" or ""Answer: No"" — no other text.

A: no_evident_not_great_price
B: overpriced_for_facility
Answer:
",Answer: Yes
2026-08-10 23:18:52,2,21,no_evident_not_great_price,meal_not_include_in_price,"Task: decide if Proposition B contradicts Assumption A.

Steps:
1. A defends a claim (strip ""no_evident_not_"" / ""have_evident_"" to see it).
2. B states a fact.
3. Does B disprove A's claim? Same specific issue only, not just same topic.

Output pattern (always use this exact shape):
A: <phrase>
B: <phrase>
Answer: Yes/No

Examples:

A: no_evident_not_easy_check-in
B: customer_wait_10_minute_for_greet
Answer: Yes

A: no_evident_not_easy_check-in
B: no_one_give_key_on_late_check-in
Answer: No

A: no_evident_not_great_quality
B: shampoo_seem_cheap_considering_hotel_cost
Answer: Yes

A: no_evident_not_great_quality
B: expensive_hotel
Answer: No

Now answer for this pair. Output ONLY the final line ""Answer: Yes"" or ""Answer: No"" — no other text.

A: no_evident_not_great_price
B: meal_not_include_in_price
Answer:
",Answer: Yes
2026-08-10 23:18:52,2,22,no_evident_not_great_price,high_price_for_not_enough_comfort_room,"Task: decide if Proposition B contradicts Assumption A.

Steps:
1. A defends a claim (strip ""no_evident_not_"" / ""have_evident_"" to see it).
2. B states a fact.
3. Does B disprove A's claim? Same specific issue only, not just same topic.

Output pattern (always use this exact shape):
A: <phrase>
B: <phrase>
Answer: Yes/No

Examples:

A: no_evident_not_easy_check-in
B: customer_wait_10_minute_for_greet
Answer: Yes

A: no_evident_not_easy_check-in
B: no_one_give_key_on_late_check-in
Answer: No

A: no_evident_not_great_quality
B: shampoo_seem_cheap_considering_hotel_cost
Answer: Yes

A: no_evident_not_great_quality
B: expensive_hotel
Answer: No

Now answer for this pair. Output ONLY the final line ""Answer: Yes"" or ""Answer: No"" — no other text.

A: no_evident_not_great_price
B: high_price_for_not_enough_comfort_room
Answer:
",Answer: Yes
2026-08-10 23:18:52,2,23,no_evident_not_great_price,high_price_for_small_room,"Task: decide if Proposition B contradicts Assumption A.

Steps:
1. A defends a claim (strip ""no_evident_not_"" / ""have_evident_"" to see it).
2. B states a fact.
3. Does B disprove A's claim? Same specific issue only, not just same topic.

Output pattern (always use this exact shape):
A: <phrase>
B: <phrase>
Answer: Yes/No

Examples:

A: no_evident_not_easy_check-in
B: customer_wait_10_minute_for_greet
Answer: Yes

A: no_evident_not_easy_check-in
B: no_one_give_key_on_late_check-in
Answer: No

A: no_evident_not_great_quality
B: shampoo_seem_cheap_considering_hotel_cost
Answer: Yes

A: no_evident_not_great_quality
B: expensive_hotel
Answer: No

Now answer for this pair. Output ONLY the final line ""Answer: Yes"" or ""Answer: No"" — no other text.

A: no_evident_not_great_price
B: high_price_for_small_room
Answer:
",Answer: Yes
2026-08-10 23:18:53,2,24,no_evident_not_great_price,expensive_hotel,"Task: decide if Proposition B contradicts Assumption A.

Steps:
1. A defends a claim (strip ""no_evident_not_"" / ""have_evident_"" to see it).
2. B states a fact.
3. Does B disprove A's claim? Same specific issue only, not just same topic.

Output pattern (always use this exact shape):
A: <phrase>
B: <phrase>
Answer: Yes/No

Examples:

A: no_evident_not_easy_check-in
B: customer_wait_10_minute_for_greet
Answer: Yes

A: no_evident_not_easy_check-in
B: no_one_give_key_on_late_check-in
Answer: No

A: no_evident_not_great_quality
B: shampoo_seem_cheap_considering_hotel_cost
Answer: Yes

A: no_evident_not_great_quality
B: expensive_hotel
Answer: No

Now answer for this pair. Output ONLY the final line ""Answer: Yes"" or ""Answer: No"" — no other text.

A: no_evident_not_great_price
B: expensive_hotel
Answer:
",Answer: No
2026-08-10 23:18:53,2,25,no_evident_not_great_price,expensive_for_average_hotel,"Task: decide if Proposition B contradicts Assumption A.

Steps:
1. A defends a claim (strip ""no_evident_not_"" / ""have_evident_"" to see it).
2. B states a fact.
3. Does B disprove A's claim? Same specific issue only, not just same topic.

Output pattern (always use this exact shape):
A: <phrase>
B: <phrase>
Answer: Yes/No

Examples:

A: no_evident_not_easy_check-in
B: customer_wait_10_minute_for_greet
Answer: Yes

A: no_evident_not_easy_check-in
B: no_one_give_key_on_late_check-in
Answer: No

A: no_evident_not_great_quality
B: shampoo_seem_cheap_considering_hotel_cost
Answer: Yes

A: no_evident_not_great_quality
B: expensive_hotel
Answer: No

Now answer for this pair. Output ONLY the final line ""Answer: Yes"" or ""Answer: No"" — no other text.

A: no_evident_not_great_price
B: expensive_for_average_hotel
Answer:
",Answer: Yes
2026-08-10 23:18:53,2,26,no_evident_not_great_price,expensive_for_3_star_hotel,"Task: decide if Proposition B contradicts Assumption A.

Steps:
1. A defends a claim (strip ""no_evident_not_"" / ""have_evident_"" to see it).
2. B states a fact.
3. Does B disprove A's claim? Same specific issue only, not just same topic.

Output pattern (always use this exact shape):
A: <phrase>
B: <phrase>
Answer: Yes/No

Examples:

A: no_evident_not_easy_check-in
B: customer_wait_10_minute_for_greet
Answer: Yes

A: no_evident_not_easy_check-in
B: no_one_give_key_on_late_check-in
Answer: No

A: no_evident_not_great_quality
B: shampoo_seem_cheap_considering_hotel_cost
Answer: Yes

A: no_evident_not_great_quality
B: expensive_hotel
Answer: No

Now answer for this pair. Output ONLY the final line ""Answer: Yes"" or ""Answer: No"" — no other text.

A: no_evident_not_great_price
B: expensive_for_3_star_hotel
Answer:
",Answer: Yes
2026-08-10 23:18:53,2,27,no_evident_not_value_for_money,unlabeled_shampoo_dispenser_for_this_price,"Task: decide if Proposition B contradicts Assumption A.

Steps:
1. A defends a claim (strip ""no_evident_not_"" / ""have_evident_"" to see it).
2. B states a fact.
3. Does B disprove A's claim? Same specific issue only, not just same topic.

Output pattern (always use this exact shape):
A: <phrase>
B: <phrase>
Answer: Yes/No

Examples:

A: no_evident_not_easy_check-in
B: customer_wait_10_minute_for_greet
Answer: Yes

A: no_evident_not_easy_check-in
B: no_one_give_key_on_late_check-in
Answer: No

A: no_evident_not_great_quality
B: shampoo_seem_cheap_considering_hotel_cost
Answer: Yes

A: no_evident_not_great_quality
B: expensive_hotel
Answer: No

Now answer for this pair. Output ONLY the final line ""Answer: Yes"" or ""Answer: No"" — no other text.

A: no_evident_not_value_for_money
B: unlabeled_shampoo_dispenser_for_this_price
Answer:
","A: no_evident_not_value_for_money
B: unlabeled_shampoo_dispenser_for_this_price
Answer: Yes"
2026-08-10 23:18:53,2,28,no_evident_not_value_for_money,shampoo_seem_cheap_considering_hotel_cost,"Task: decide if Proposition B contradicts Assumption A.

Steps:
1. A defends a claim (strip ""no_evident_not_"" / ""have_evident_"" to see it).
2. B states a fact.
3. Does B disprove A's claim? Same specific issue only, not just same topic.

Output pattern (always use this exact shape):
A: <phrase>
B: <phrase>
Answer: Yes/No

Examples:

A: no_evident_not_easy_check-in
B: customer_wait_10_minute_for_greet
Answer: Yes

A: no_evident_not_easy_check-in
B: no_one_give_key_on_late_check-in
Answer: No

A: no_evident_not_great_quality
B: shampoo_seem_cheap_considering_hotel_cost
Answer: Yes

A: no_evident_not_great_quality
B: expensive_hotel
Answer: No

Now answer for this pair. Output ONLY the final line ""Answer: Yes"" or ""Answer: No"" — no other text.

A: no_evident_not_value_for_money
B: shampoo_seem_cheap_considering_hotel_cost
Answer:
",Answer: Yes
2026-08-10 23:18:54,2,29,no_evident_not_value_for_money,guesthouse_but_price_like_hotel,"Task: decide if Proposition B contradicts Assumption A.

Steps:
1. A defends a claim (strip ""no_evident_not_"" / ""have_evident_"" to see it).
2. B states a fact.
3. Does B disprove A's claim? Same specific issue only, not just same topic.

Output pattern (always use this exact shape):
A: <phrase>
B: <phrase>
Answer: Yes/No

Examples:

A: no_evident_not_easy_check-in
B: customer_wait_10_minute_for_greet
Answer: Yes

A: no_evident_not_easy_check-in
B: no_one_give_key_on_late_check-in
Answer: No

A: no_evident_not_great_quality
B: shampoo_seem_cheap_considering_hotel_cost
Answer: Yes

A: no_evident_not_great_quality
B: expensive_hotel
Answer: No

Now answer for this pair. Output ONLY the final line ""Answer: Yes"" or ""Answer: No"" — no other text.

A: no_evident_not_value_for_money
B: guesthouse_but_price_like_hotel
Answer:
","A: no_evident_not_value_for_money
B: guesthouse_but_price_like_hotel
Answer: Yes"
2026-08-10 23:18:54,2,30,no_evident_not_value_for_money,for_money_you_pay_you_get_one_small_water_bottle,"Task: decide if Proposition B contradicts Assumption A.

Steps:
1. A defends a claim (strip ""no_evident_not_"" / ""have_evident_"" to see it).
2. B states a fact.
3. Does B disprove A's claim? Same specific issue only, not just same topic.

Output pattern (always use this exact shape):
A: <phrase>
B: <phrase>
Answer: Yes/No

Examples:

A: no_evident_not_easy_check-in
B: customer_wait_10_minute_for_greet
Answer: Yes

A: no_evident_not_easy_check-in
B: no_one_give_key_on_late_check-in
Answer: No

A: no_evident_not_great_quality
B: shampoo_seem_cheap_considering_hotel_cost
Answer: Yes

A: no_evident_not_great_quality
B: expensive_hotel
Answer: No

Now answer for this pair. Output ONLY the final line ""Answer: Yes"" or ""Answer: No"" — no other text.

A: no_evident_not_value_for_money
B: for_money_you_pay_you_get_one_small_water_bottle
Answer:
","A: no_evident_not_value_for_money
B: for_money_you_pay_you_get_one_small_water_bottle
Answer: Yes"
2026-08-10 23:18:54,2,31,no_evident_not_value_for_money,expensive_for_what_you_get,"Task: decide if Proposition B contradicts Assumption A.

Steps:
1. A defends a claim (strip ""no_evident_not_"" / ""have_evident_"" to see it).
2. B states a fact.
3. Does B disprove A's claim? Same specific issue only, not just same topic.

Output pattern (always use this exact shape):
A: <phrase>
B: <phrase>
Answer: Yes/No

Examples:

A: no_evident_not_easy_check-in
B: customer_wait_10_minute_for_greet
Answer: Yes

A: no_evident_not_easy_check-in
B: no_one_give_key_on_late_check-in
Answer: No

A: no_evident_not_great_quality
B: shampoo_seem_cheap_considering_hotel_cost
Answer: Yes

A: no_evident_not_great_quality
B: expensive_hotel
Answer: No

Now answer for this pair. Output ONLY the final line ""Answer: Yes"" or ""Answer: No"" — no other text.

A: no_evident_not_value_for_money
B: expensive_for_what_you_get
Answer:
",Answer: Yes
2026-08-10 23:18:54,2,32,no_evident_not_value_for_money,expensive_rate_for_what_offer,"Task: decide if Proposition B contradicts Assumption A.

Steps:
1. A defends a claim (strip ""no_evident_not_"" / ""have_evident_"" to see it).
2. B states a fact.
3. Does B disprove A's claim? Same specific issue only, not just same topic.

Output pattern (always use this exact shape):
A: <phrase>
B: <phrase>
Answer: Yes/No

Examples:

A: no_evident_not_easy_check-in
B: customer_wait_10_minute_for_greet
Answer: Yes

A: no_evident_not_easy_check-in
B: no_one_give_key_on_late_check-in
Answer: No

A: no_evident_not_great_quality
B: shampoo_seem_cheap_considering_hotel_cost
Answer: Yes

A: no_evident_not_great_quality
B: expensive_hotel
Answer: No

Now answer for this pair. Output ONLY the final line ""Answer: Yes"" or ""Answer: No"" — no other text.

A: no_evident_not_value_for_money
B: expensive_rate_for_what_offer
Answer:
",Answer: Yes
2026-08-10 23:18:55,2,33,no_evident_not_value_for_money,overpriced_for_facility,"Task: decide if Proposition B contradicts Assumption A.

Steps:
1. A defends a claim (strip ""no_evident_not_"" / ""have_evident_"" to see it).
2. B states a fact.
3. Does B disprove A's claim? Same specific issue only, not just same topic.

Output pattern (always use this exact shape):
A: <phrase>
B: <phrase>
Answer: Yes/No

Examples:

A: no_evident_not_easy_check-in
B: customer_wait_10_minute_for_greet
Answer: Yes

A: no_evident_not_easy_check-in
B: no_one_give_key_on_late_check-in
Answer: No

A: no_evident_not_great_quality
B: shampoo_seem_cheap_considering_hotel_cost
Answer: Yes

A: no_evident_not_great_quality
B: expensive_hotel
Answer: No

Now answer for this pair. Output ONLY the final line ""Answer: Yes"" or ""Answer: No"" — no other text.

A: no_evident_not_value_for_money
B: overpriced_for_facility
Answer:
","A: no_evident_not_value_for_money
B: overpriced_for_facility
Answer: Yes"
2026-08-10 23:18:55,2,34,no_evident_not_value_for_money,meal_not_include_in_price,"Task: decide if Proposition B contradicts Assumption A.

Steps:
1. A defends a claim (strip ""no_evident_not_"" / ""have_evident_"" to see it).
2. B states a fact.
3. Does B disprove A's claim? Same specific issue only, not just same topic.

Output pattern (always use this exact shape):
A: <phrase>
B: <phrase>
Answer: Yes/No

Examples:

A: no_evident_not_easy_check-in
B: customer_wait_10_minute_for_greet
Answer: Yes

A: no_evident_not_easy_check-in
B: no_one_give_key_on_late_check-in
Answer: No

A: no_evident_not_great_quality
B: shampoo_seem_cheap_considering_hotel_cost
Answer: Yes

A: no_evident_not_great_quality
B: expensive_hotel
Answer: No

Now answer for this pair. Output ONLY the final line ""Answer: Yes"" or ""Answer: No"" — no other text.

A: no_evident_not_value_for_money
B: meal_not_include_in_price
Answer:
","A: no_evident_not_value_for_money
B: meal_not_include_in_price
Answer: Yes"
2026-08-10 23:18:55,2,35,no_evident_not_value_for_money,high_price_for_not_enough_comfort_room,"Task: decide if Proposition B contradicts Assumption A.

Steps:
1. A defends a claim (strip ""no_evident_not_"" / ""have_evident_"" to see it).
2. B states a fact.
3. Does B disprove A's claim? Same specific issue only, not just same topic.

Output pattern (always use this exact shape):
A: <phrase>
B: <phrase>
Answer: Yes/No

Examples:

A: no_evident_not_easy_check-in
B: customer_wait_10_minute_for_greet
Answer: Yes

A: no_evident_not_easy_check-in
B: no_one_give_key_on_late_check-in
Answer: No

A: no_evident_not_great_quality
B: shampoo_seem_cheap_considering_hotel_cost
Answer: Yes

A: no_evident_not_great_quality
B: expensive_hotel
Answer: No

Now answer for this pair. Output ONLY the final line ""Answer: Yes"" or ""Answer: No"" — no other text.

A: no_evident_not_value_for_money
B: high_price_for_not_enough_comfort_room
Answer:
",Answer: Yes
2026-08-10 23:18:55,2,36,no_evident_not_value_for_money,high_price_for_small_room,"Task: decide if Proposition B contradicts Assumption A.

Steps:
1. A defends a claim (strip ""no_evident_not_"" / ""have_evident_"" to see it).
2. B states a fact.
3. Does B disprove A's claim? Same specific issue only, not just same topic.

Output pattern (always use this exact shape):
A: <phrase>
B: <phrase>
Answer: Yes/No

Examples:

A: no_evident_not_easy_check-in
B: customer_wait_10_minute_for_greet
Answer: Yes

A: no_evident_not_easy_check-in
B: no_one_give_key_on_late_check-in
Answer: No

A: no_evident_not_great_quality
B: shampoo_seem_cheap_considering_hotel_cost
Answer: Yes

A: no_evident_not_great_quality
B: expensive_hotel
Answer: No

Now answer for this pair. Output ONLY the final line ""Answer: Yes"" or ""Answer: No"" — no other text.

A: no_evident_not_value_for_money
B: high_price_for_small_room
Answer:
",Answer: Yes
2026-08-10 23:18:55,2,37,no_evident_not_value_for_money,expensive_hotel,"Task: decide if Proposition B contradicts Assumption A.

Steps:
1. A defends a claim (strip ""no_evident_not_"" / ""have_evident_"" to see it).
2. B states a fact.
3. Does B disprove A's claim? Same specific issue only, not just same topic.

Output pattern (always use this exact shape):
A: <phrase>
B: <phrase>
Answer: Yes/No

Examples:

A: no_evident_not_easy_check-in
B: customer_wait_10_minute_for_greet
Answer: Yes

A: no_evident_not_easy_check-in
B: no_one_give_key_on_late_check-in
Answer: No

A: no_evident_not_great_quality
B: shampoo_seem_cheap_considering_hotel_cost
Answer: Yes

A: no_evident_not_great_quality
B: expensive_hotel
Answer: No

Now answer for this pair. Output ONLY the final line ""Answer: Yes"" or ""Answer: No"" — no other text.

A: no_evident_not_value_for_money
B: expensive_hotel
Answer:
",Answer: No
2026-08-10 23:18:55,2,38,no_evident_not_value_for_money,expensive_for_average_hotel,"Task: decide if Proposition B contradicts Assumption A.

Steps:
1. A defends a claim (strip ""no_evident_not_"" / ""have_evident_"" to see it).
2. B states a fact.
3. Does B disprove A's claim? Same specific issue only, not just same topic.

Output pattern (always use this exact shape):
A: <phrase>
B: <phrase>
Answer: Yes/No

Examples:

A: no_evident_not_easy_check-in
B: customer_wait_10_minute_for_greet
Answer: Yes

A: no_evident_not_easy_check-in
B: no_one_give_key_on_late_check-in
Answer: No

A: no_evident_not_great_quality
B: shampoo_seem_cheap_considering_hotel_cost
Answer: Yes

A: no_evident_not_great_quality
B: expensive_hotel
Answer: No

Now answer for this pair. Output ONLY the final line ""Answer: Yes"" or ""Answer: No"" — no other text.

A: no_evident_not_value_for_money
B: expensive_for_average_hotel
Answer:
",Answer: Yes
2026-08-10 23:18:55,2,39,no_evident_not_value_for_money,expensive_for_3_star_hotel,"Task: decide if Proposition B contradicts Assumption A.

Steps:
1. A defends a claim (strip ""no_evident_not_"" / ""have_evident_"" to see it).
2. B states a fact.
3. Does B disprove A's claim? Same specific issue only, not just same topic.

Output pattern (always use this exact shape):
A: <phrase>
B: <phrase>
Answer: Yes/No

Examples:

A: no_evident_not_easy_check-in
B: customer_wait_10_minute_for_greet
Answer: Yes

A: no_evident_not_easy_check-in
B: no_one_give_key_on_late_check-in
Answer: No

A: no_evident_not_great_quality
B: shampoo_seem_cheap_considering_hotel_cost
Answer: Yes

A: no_evident_not_great_quality
B: expensive_hotel
Answer: No

Now answer for this pair. Output ONLY the final line ""Answer: Yes"" or ""Answer: No"" — no other text.

A: no_evident_not_value_for_money
B: expensive_for_3_star_hotel
Answer:
",Answer: Yes
2026-08-10 23:18:56,2,40,no_evident_not_good_facility_for_tariff_charge,unlabeled_shampoo_dispenser_for_this_price,"Task: decide if Proposition B contradicts Assumption A.

Steps:
1. A defends a claim (strip ""no_evident_not_"" / ""have_evident_"" to see it).
2. B states a fact.
3. Does B disprove A's claim? Same specific issue only, not just same topic.

Output pattern (always use this exact shape):
A: <phrase>
B: <phrase>
Answer: Yes/No

Examples:

A: no_evident_not_easy_check-in
B: customer_wait_10_minute_for_greet
Answer: Yes

A: no_evident_not_easy_check-in
B: no_one_give_key_on_late_check-in
Answer: No

A: no_evident_not_great_quality
B: shampoo_seem_cheap_considering_hotel_cost
Answer: Yes

A: no_evident_not_great_quality
B: expensive_hotel
Answer: No

Now answer for this pair. Output ONLY the final line ""Answer: Yes"" or ""Answer: No"" — no other text.

A: no_evident_not_good_facility_for_tariff_charge
B: unlabeled_shampoo_dispenser_for_this_price
Answer:
","A: no_evident_not_good_facility_for_tariff_charge
B: unlabeled_shampoo_dispenser_for_this_price
Answer: Yes"
2026-08-10 23:18:56,2,41,no_evident_not_good_facility_for_tariff_charge,shampoo_seem_cheap_considering_hotel_cost,"Task: decide if Proposition B contradicts Assumption A.

Steps:
1. A defends a claim (strip ""no_evident_not_"" / ""have_evident_"" to see it).
2. B states a fact.
3. Does B disprove A's claim? Same specific issue only, not just same topic.

Output pattern (always use this exact shape):
A: <phrase>
B: <phrase>
Answer: Yes/No

Examples:

A: no_evident_not_easy_check-in
B: customer_wait_10_minute_for_greet
Answer: Yes

A: no_evident_not_easy_check-in
B: no_one_give_key_on_late_check-in
Answer: No

A: no_evident_not_great_quality
B: shampoo_seem_cheap_considering_hotel_cost
Answer: Yes

A: no_evident_not_great_quality
B: expensive_hotel
Answer: No

Now answer for this pair. Output ONLY the final line ""Answer: Yes"" or ""Answer: No"" — no other text.

A: no_evident_not_good_facility_for_tariff_charge
B: shampoo_seem_cheap_considering_hotel_cost
Answer:
","A: no_evident_not_good_facility_for_tariff_charge
B: shampoo_seem_cheap_considering_hotel_cost
Answer: Yes"
2026-08-10 23:18:57,2,42,no_evident_not_good_facility_for_tariff_charge,guesthouse_but_price_like_hotel,"Task: decide if Proposition B contradicts Assumption A.

Steps:
1. A defends a claim (strip ""no_evident_not_"" / ""have_evident_"" to see it).
2. B states a fact.
3. Does B disprove A's claim? Same specific issue only, not just same topic.

Output pattern (always use this exact shape):
A: <phrase>
B: <phrase>
Answer: Yes/No

Examples:

A: no_evident_not_easy_check-in
B: customer_wait_10_minute_for_greet
Answer: Yes

A: no_evident_not_easy_check-in
B: no_one_give_key_on_late_check-in
Answer: No

A: no_evident_not_great_quality
B: shampoo_seem_cheap_considering_hotel_cost
Answer: Yes

A: no_evident_not_great_quality
B: expensive_hotel
Answer: No

Now answer for this pair. Output ONLY the final line ""Answer: Yes"" or ""Answer: No"" — no other text.

A: no_evident_not_good_facility_for_tariff_charge
B: guesthouse_but_price_like_hotel
Answer:
","A: no_evident_not_good_facility_for_tariff_charge
B: guesthouse_but_price_like_hotel
Answer: Yes"
2026-08-10 23:18:57,2,43,no_evident_not_good_facility_for_tariff_charge,for_money_you_pay_you_get_one_small_water_bottle,"Task: decide if Proposition B contradicts Assumption A.

Steps:
1. A defends a claim (strip ""no_evident_not_"" / ""have_evident_"" to see it).
2. B states a fact.
3. Does B disprove A's claim? Same specific issue only, not just same topic.

Output pattern (always use this exact shape):
A: <phrase>
B: <phrase>
Answer: Yes/No

Examples:

A: no_evident_not_easy_check-in
B: customer_wait_10_minute_for_greet
Answer: Yes

A: no_evident_not_easy_check-in
B: no_one_give_key_on_late_check-in
Answer: No

A: no_evident_not_great_quality
B: shampoo_seem_cheap_considering_hotel_cost
Answer: Yes

A: no_evident_not_great_quality
B: expensive_hotel
Answer: No

Now answer for this pair. Output ONLY the final line ""Answer: Yes"" or ""Answer: No"" — no other text.

A: no_evident_not_good_facility_for_tariff_charge
B: for_money_you_pay_you_get_one_small_water_bottle
Answer:
","A: no_evident_not_good_facility_for_tariff_charge
B: for_money_you_pay_you_get_one_small_water_bottle
Answer: Yes"
2026-08-10 23:18:58,2,44,no_evident_not_good_facility_for_tariff_charge,expensive_for_what_you_get,"Task: decide if Proposition B contradicts Assumption A.

Steps:
1. A defends a claim (strip ""no_evident_not_"" / ""have_evident_"" to see it).
2. B states a fact.
3. Does B disprove A's claim? Same specific issue only, not just same topic.

Output pattern (always use this exact shape):
A: <phrase>
B: <phrase>
Answer: Yes/No

Examples:

A: no_evident_not_easy_check-in
B: customer_wait_10_minute_for_greet
Answer: Yes

A: no_evident_not_easy_check-in
B: no_one_give_key_on_late_check-in
Answer: No

A: no_evident_not_great_quality
B: shampoo_seem_cheap_considering_hotel_cost
Answer: Yes

A: no_evident_not_great_quality
B: expensive_hotel
Answer: No

Now answer for this pair. Output ONLY the final line ""Answer: Yes"" or ""Answer: No"" — no other text.

A: no_evident_not_good_facility_for_tariff_charge
B: expensive_for_what_you_get
Answer:
","A: no_evident_not_good_facility_for_tariff_charge
B: expensive_for_what_you_get
Answer: Yes"
2026-08-10 23:18:58,2,45,no_evident_not_good_facility_for_tariff_charge,expensive_rate_for_what_offer,"Task: decide if Proposition B contradicts Assumption A.

Steps:
1. A defends a claim (strip ""no_evident_not_"" / ""have_evident_"" to see it).
2. B states a fact.
3. Does B disprove A's claim? Same specific issue only, not just same topic.

Output pattern (always use this exact shape):
A: <phrase>
B: <phrase>
Answer: Yes/No

Examples:

A: no_evident_not_easy_check-in
B: customer_wait_10_minute_for_greet
Answer: Yes

A: no_evident_not_easy_check-in
B: no_one_give_key_on_late_check-in
Answer: No

A: no_evident_not_great_quality
B: shampoo_seem_cheap_considering_hotel_cost
Answer: Yes

A: no_evident_not_great_quality
B: expensive_hotel
Answer: No

Now answer for this pair. Output ONLY the final line ""Answer: Yes"" or ""Answer: No"" — no other text.

A: no_evident_not_good_facility_for_tariff_charge
B: expensive_rate_for_what_offer
Answer:
","A: no_evident_not_good_facility_for_tariff_charge
B: expensive_rate_for_what_offer
Answer: Yes"
2026-08-10 23:18:58,2,46,no_evident_not_good_facility_for_tariff_charge,overpriced_for_facility,"Task: decide if Proposition B contradicts Assumption A.

Steps:
1. A defends a claim (strip ""no_evident_not_"" / ""have_evident_"" to see it).
2. B states a fact.
3. Does B disprove A's claim? Same specific issue only, not just same topic.

Output pattern (always use this exact shape):
A: <phrase>
B: <phrase>
Answer: Yes/No

Examples:

A: no_evident_not_easy_check-in
B: customer_wait_10_minute_for_greet
Answer: Yes

A: no_evident_not_easy_check-in
B: no_one_give_key_on_late_check-in
Answer: No

A: no_evident_not_great_quality
B: shampoo_seem_cheap_considering_hotel_cost
Answer: Yes

A: no_evident_not_great_quality
B: expensive_hotel
Answer: No

Now answer for this pair. Output ONLY the final line ""Answer: Yes"" or ""Answer: No"" — no other text.

A: no_evident_not_good_facility_for_tariff_charge
B: overpriced_for_facility
Answer:
","A: no_evident_not_good_facility_for_tariff_charge
B: overpriced_for_facility
Answer: Yes"
2026-08-10 23:18:59,2,47,no_evident_not_good_facility_for_tariff_charge,meal_not_include_in_price,"Task: decide if Proposition B contradicts Assumption A.

Steps:
1. A defends a claim (strip ""no_evident_not_"" / ""have_evident_"" to see it).
2. B states a fact.
3. Does B disprove A's claim? Same specific issue only, not just same topic.

Output pattern (always use this exact shape):
A: <phrase>
B: <phrase>
Answer: Yes/No

Examples:

A: no_evident_not_easy_check-in
B: customer_wait_10_minute_for_greet
Answer: Yes

A: no_evident_not_easy_check-in
B: no_one_give_key_on_late_check-in
Answer: No

A: no_evident_not_great_quality
B: shampoo_seem_cheap_considering_hotel_cost
Answer: Yes

A: no_evident_not_great_quality
B: expensive_hotel
Answer: No

Now answer for this pair. Output ONLY the final line ""Answer: Yes"" or ""Answer: No"" — no other text.

A: no_evident_not_good_facility_for_tariff_charge
B: meal_not_include_in_price
Answer:
","A: no_evident_not_good_facility_for_tariff_charge
B: meal_not_include_in_price
Answer: Yes"
2026-08-10 23:18:59,2,48,no_evident_not_good_facility_for_tariff_charge,high_price_for_not_enough_comfort_room,"Task: decide if Proposition B contradicts Assumption A.

Steps:
1. A defends a claim (strip ""no_evident_not_"" / ""have_evident_"" to see it).
2. B states a fact.
3. Does B disprove A's claim? Same specific issue only, not just same topic.

Output pattern (always use this exact shape):
A: <phrase>
B: <phrase>
Answer: Yes/No

Examples:

A: no_evident_not_easy_check-in
B: customer_wait_10_minute_for_greet
Answer: Yes

A: no_evident_not_easy_check-in
B: no_one_give_key_on_late_check-in
Answer: No

A: no_evident_not_great_quality
B: shampoo_seem_cheap_considering_hotel_cost
Answer: Yes

A: no_evident_not_great_quality
B: expensive_hotel
Answer: No

Now answer for this pair. Output ONLY the final line ""Answer: Yes"" or ""Answer: No"" — no other text.

A: no_evident_not_good_facility_for_tariff_charge
B: high_price_for_not_enough_comfort_room
Answer:
","A: no_evident_not_good_facility_for_tariff_charge
B: high_price_for_not_enough_comfort_room
Answer: Yes"
2026-08-10 23:19:00,2,49,no_evident_not_good_facility_for_tariff_charge,high_price_for_small_room,"Task: decide if Proposition B contradicts Assumption A.

Steps:
1. A defends a claim (strip ""no_evident_not_"" / ""have_evident_"" to see it).
2. B states a fact.
3. Does B disprove A's claim? Same specific issue only, not just same topic.

Output pattern (always use this exact shape):
A: <phrase>
B: <phrase>
Answer: Yes/No

Examples:

A: no_evident_not_easy_check-in
B: customer_wait_10_minute_for_greet
Answer: Yes

A: no_evident_not_easy_check-in
B: no_one_give_key_on_late_check-in
Answer: No

A: no_evident_not_great_quality
B: shampoo_seem_cheap_considering_hotel_cost
Answer: Yes

A: no_evident_not_great_quality
B: expensive_hotel
Answer: No

Now answer for this pair. Output ONLY the final line ""Answer: Yes"" or ""Answer: No"" — no other text.

A: no_evident_not_good_facility_for_tariff_charge
B: high_price_for_small_room
Answer:
","A: no_evident_not_good_facility_for_tariff_charge
B: high_price_for_small_room
Answer: Yes"
2026-08-10 23:19:00,2,50,no_evident_not_good_facility_for_tariff_charge,expensive_hotel,"Task: decide if Proposition B contradicts Assumption A.

Steps:
1. A defends a claim (strip ""no_evident_not_"" / ""have_evident_"" to see it).
2. B states a fact.
3. Does B disprove A's claim? Same specific issue only, not just same topic.

Output pattern (always use this exact shape):
A: <phrase>
B: <phrase>
Answer: Yes/No

Examples:

A: no_evident_not_easy_check-in
B: customer_wait_10_minute_for_greet
Answer: Yes

A: no_evident_not_easy_check-in
B: no_one_give_key_on_late_check-in
Answer: No

A: no_evident_not_great_quality
B: shampoo_seem_cheap_considering_hotel_cost
Answer: Yes

A: no_evident_not_great_quality
B: expensive_hotel
Answer: No

Now answer for this pair. Output ONLY the final line ""Answer: Yes"" or ""Answer: No"" — no other text.

A: no_evident_not_good_facility_for_tariff_charge
B: expensive_hotel
Answer:
",Answer: Yes
2026-08-10 23:19:00,2,51,no_evident_not_good_facility_for_tariff_charge,expensive_for_average_hotel,"Task: decide if Proposition B contradicts Assumption A.

Steps:
1. A defends a claim (strip ""no_evident_not_"" / ""have_evident_"" to see it).
2. B states a fact.
3. Does B disprove A's claim? Same specific issue only, not just same topic.

Output pattern (always use this exact shape):
A: <phrase>
B: <phrase>
Answer: Yes/No

Examples:

A: no_evident_not_easy_check-in
B: customer_wait_10_minute_for_greet
Answer: Yes

A: no_evident_not_easy_check-in
B: no_one_give_key_on_late_check-in
Answer: No

A: no_evident_not_great_quality
B: shampoo_seem_cheap_considering_hotel_cost
Answer: Yes

A: no_evident_not_great_quality
B: expensive_hotel
Answer: No

Now answer for this pair. Output ONLY the final line ""Answer: Yes"" or ""Answer: No"" — no other text.

A: no_evident_not_good_facility_for_tariff_charge
B: expensive_for_average_hotel
Answer:
","A: no_evident_not_good_facility_for_tariff_charge
B: expensive_for_average_hotel
Answer: Yes"
2026-08-10 23:19:00,2,52,no_evident_not_good_facility_for_tariff_charge,expensive_for_3_star_hotel,"Task: decide if Proposition B contradicts Assumption A.

Steps:
1. A defends a claim (strip ""no_evident_not_"" / ""have_evident_"" to see it).
2. B states a fact.
3. Does B disprove A's claim? Same specific issue only, not just same topic.

Output pattern (always use this exact shape):
A: <phrase>
B: <phrase>
Answer: Yes/No

Examples:

A: no_evident_not_easy_check-in
B: customer_wait_10_minute_for_greet
Answer: Yes

A: no_evident_not_easy_check-in
B: no_one_give_key_on_late_check-in
Answer: No

A: no_evident_not_great_quality
B: shampoo_seem_cheap_considering_hotel_cost
Answer: Yes

A: no_evident_not_great_quality
B: expensive_hotel
Answer: No

Now answer for this pair. Output ONLY the final line ""Answer: Yes"" or ""Answer: No"" — no other text.

A: no_evident_not_good_facility_for_tariff_charge
B: expensive_for_3_star_hotel
Answer:
","A: no_evident_not_good_facility_for_tariff_charge
B: expensive_for_3_star_hotel
Answer: Yes"
2026-08-10 23:19:01,2,53,no_evident_not_great_value_for_money,unlabeled_shampoo_dispenser_for_this_price,"Task: decide if Proposition B contradicts Assumption A.

Steps:
1. A defends a claim (strip ""no_evident_not_"" / ""have_evident_"" to see it).
2. B states a fact.
3. Does B disprove A's claim? Same specific issue only, not just same topic.

Output pattern (always use this exact shape):
A: <phrase>
B: <phrase>
Answer: Yes/No

Examples:

A: no_evident_not_easy_check-in
B: customer_wait_10_minute_for_greet
Answer: Yes

A: no_evident_not_easy_check-in
B: no_one_give_key_on_late_check-in
Answer: No

A: no_evident_not_great_quality
B: shampoo_seem_cheap_considering_hotel_cost
Answer: Yes

A: no_evident_not_great_quality
B: expensive_hotel
Answer: No

Now answer for this pair. Output ONLY the final line ""Answer: Yes"" or ""Answer: No"" — no other text.

A: no_evident_not_great_value_for_money
B: unlabeled_shampoo_dispenser_for_this_price
Answer:
","A: no_evident_not_great_value_for_money
B: unlabeled_shampoo_dispenser_for_this_price
Answer: Yes"
2026-08-10 23:19:01,2,54,no_evident_not_great_value_for_money,shampoo_seem_cheap_considering_hotel_cost,"Task: decide if Proposition B contradicts Assumption A.

Steps:
1. A defends a claim (strip ""no_evident_not_"" / ""have_evident_"" to see it).
2. B states a fact.
3. Does B disprove A's claim? Same specific issue only, not just same topic.

Output pattern (always use this exact shape):
A: <phrase>
B: <phrase>
Answer: Yes/No

Examples:

A: no_evident_not_easy_check-in
B: customer_wait_10_minute_for_greet
Answer: Yes

A: no_evident_not_easy_check-in
B: no_one_give_key_on_late_check-in
Answer: No

A: no_evident_not_great_quality
B: shampoo_seem_cheap_considering_hotel_cost
Answer: Yes

A: no_evident_not_great_quality
B: expensive_hotel
Answer: No

Now answer for this pair. Output ONLY the final line ""Answer: Yes"" or ""Answer: No"" — no other text.

A: no_evident_not_great_value_for_money
B: shampoo_seem_cheap_considering_hotel_cost
Answer:
",Answer: Yes
2026-08-10 23:19:01,2,55,no_evident_not_great_value_for_money,guesthouse_but_price_like_hotel,"Task: decide if Proposition B contradicts Assumption A.

Steps:
1. A defends a claim (strip ""no_evident_not_"" / ""have_evident_"" to see it).
2. B states a fact.
3. Does B disprove A's claim? Same specific issue only, not just same topic.

Output pattern (always use this exact shape):
A: <phrase>
B: <phrase>
Answer: Yes/No

Examples:

A: no_evident_not_easy_check-in
B: customer_wait_10_minute_for_greet
Answer: Yes

A: no_evident_not_easy_check-in
B: no_one_give_key_on_late_check-in
Answer: No

A: no_evident_not_great_quality
B: shampoo_seem_cheap_considering_hotel_cost
Answer: Yes

A: no_evident_not_great_quality
B: expensive_hotel
Answer: No

Now answer for this pair. Output ONLY the final line ""Answer: Yes"" or ""Answer: No"" — no other text.

A: no_evident_not_great_value_for_money
B: guesthouse_but_price_like_hotel
Answer:
","A: no_evident_not_great_value_for_money
B: guesthouse_but_price_like_hotel
Answer: Yes"
2026-08-10 23:19:02,2,56,no_evident_not_great_value_for_money,for_money_you_pay_you_get_one_small_water_bottle,"Task: decide if Proposition B contradicts Assumption A.

Steps:
1. A defends a claim (strip ""no_evident_not_"" / ""have_evident_"" to see it).
2. B states a fact.
3. Does B disprove A's claim? Same specific issue only, not just same topic.

Output pattern (always use this exact shape):
A: <phrase>
B: <phrase>
Answer: Yes/No

Examples:

A: no_evident_not_easy_check-in
B: customer_wait_10_minute_for_greet
Answer: Yes

A: no_evident_not_easy_check-in
B: no_one_give_key_on_late_check-in
Answer: No

A: no_evident_not_great_quality
B: shampoo_seem_cheap_considering_hotel_cost
Answer: Yes

A: no_evident_not_great_quality
B: expensive_hotel
Answer: No

Now answer for this pair. Output ONLY the final line ""Answer: Yes"" or ""Answer: No"" — no other text.

A: no_evident_not_great_value_for_money
B: for_money_you_pay_you_get_one_small_water_bottle
Answer:
","A: no_evident_not_great_value_for_money
B: for_money_you_pay_you_get_one_small_water_bottle
Answer: Yes"
2026-08-10 23:19:02,2,57,no_evident_not_great_value_for_money,expensive_for_what_you_get,"Task: decide if Proposition B contradicts Assumption A.

Steps:
1. A defends a claim (strip ""no_evident_not_"" / ""have_evident_"" to see it).
2. B states a fact.
3. Does B disprove A's claim? Same specific issue only, not just same topic.

Output pattern (always use this exact shape):
A: <phrase>
B: <phrase>
Answer: Yes/No

Examples:

A: no_evident_not_easy_check-in
B: customer_wait_10_minute_for_greet
Answer: Yes

A: no_evident_not_easy_check-in
B: no_one_give_key_on_late_check-in
Answer: No

A: no_evident_not_great_quality
B: shampoo_seem_cheap_considering_hotel_cost
Answer: Yes

A: no_evident_not_great_quality
B: expensive_hotel
Answer: No

Now answer for this pair. Output ONLY the final line ""Answer: Yes"" or ""Answer: No"" — no other text.

A: no_evident_not_great_value_for_money
B: expensive_for_what_you_get
Answer:
",Answer: Yes
2026-08-10 23:19:02,2,58,no_evident_not_great_value_for_money,expensive_rate_for_what_offer,"Task: decide if Proposition B contradicts Assumption A.

Steps:
1. A defends a claim (strip ""no_evident_not_"" / ""have_evident_"" to see it).
2. B states a fact.
3. Does B disprove A's claim? Same specific issue only, not just same topic.

Output pattern (always use this exact shape):
A: <phrase>
B: <phrase>
Answer: Yes/No

Examples:

A: no_evident_not_easy_check-in
B: customer_wait_10_minute_for_greet
Answer: Yes

A: no_evident_not_easy_check-in
B: no_one_give_key_on_late_check-in
Answer: No

A: no_evident_not_great_quality
B: shampoo_seem_cheap_considering_hotel_cost
Answer: Yes

A: no_evident_not_great_quality
B: expensive_hotel
Answer: No

Now answer for this pair. Output ONLY the final line ""Answer: Yes"" or ""Answer: No"" — no other text.

A: no_evident_not_great_value_for_money
B: expensive_rate_for_what_offer
Answer:
",Answer: Yes
2026-08-10 23:19:02,2,59,no_evident_not_great_value_for_money,overpriced_for_facility,"Task: decide if Proposition B contradicts Assumption A.

Steps:
1. A defends a claim (strip ""no_evident_not_"" / ""have_evident_"" to see it).
2. B states a fact.
3. Does B disprove A's claim? Same specific issue only, not just same topic.

Output pattern (always use this exact shape):
A: <phrase>
B: <phrase>
Answer: Yes/No

Examples:

A: no_evident_not_easy_check-in
B: customer_wait_10_minute_for_greet
Answer: Yes

A: no_evident_not_easy_check-in
B: no_one_give_key_on_late_check-in
Answer: No

A: no_evident_not_great_quality
B: shampoo_seem_cheap_considering_hotel_cost
Answer: Yes

A: no_evident_not_great_quality
B: expensive_hotel
Answer: No

Now answer for this pair. Output ONLY the final line ""Answer: Yes"" or ""Answer: No"" — no other text.

A: no_evident_not_great_value_for_money
B: overpriced_for_facility
Answer:
","A: no_evident_not_great_value_for_money
B: overpriced_for_facility
Answer: Yes"
2026-08-10 23:19:03,2,60,no_evident_not_great_value_for_money,meal_not_include_in_price,"Task: decide if Proposition B contradicts Assumption A.

Steps:
1. A defends a claim (strip ""no_evident_not_"" / ""have_evident_"" to see it).
2. B states a fact.
3. Does B disprove A's claim? Same specific issue only, not just same topic.

Output pattern (always use this exact shape):
A: <phrase>
B: <phrase>
Answer: Yes/No

Examples:

A: no_evident_not_easy_check-in
B: customer_wait_10_minute_for_greet
Answer: Yes

A: no_evident_not_easy_check-in
B: no_one_give_key_on_late_check-in
Answer: No

A: no_evident_not_great_quality
B: shampoo_seem_cheap_considering_hotel_cost
Answer: Yes

A: no_evident_not_great_quality
B: expensive_hotel
Answer: No

Now answer for this pair. Output ONLY the final line ""Answer: Yes"" or ""Answer: No"" — no other text.

A: no_evident_not_great_value_for_money
B: meal_not_include_in_price
Answer:
","A: no_evident_not_great_value_for_money
B: meal_not_include_in_price
Answer: Yes"
2026-08-10 23:19:03,2,61,no_evident_not_great_value_for_money,high_price_for_not_enough_comfort_room,"Task: decide if Proposition B contradicts Assumption A.

Steps:
1. A defends a claim (strip ""no_evident_not_"" / ""have_evident_"" to see it).
2. B states a fact.
3. Does B disprove A's claim? Same specific issue only, not just same topic.

Output pattern (always use this exact shape):
A: <phrase>
B: <phrase>
Answer: Yes/No

Examples:

A: no_evident_not_easy_check-in
B: customer_wait_10_minute_for_greet
Answer: Yes

A: no_evident_not_easy_check-in
B: no_one_give_key_on_late_check-in
Answer: No

A: no_evident_not_great_quality
B: shampoo_seem_cheap_considering_hotel_cost
Answer: Yes

A: no_evident_not_great_quality
B: expensive_hotel
Answer: No

Now answer for this pair. Output ONLY the final line ""Answer: Yes"" or ""Answer: No"" — no other text.

A: no_evident_not_great_value_for_money
B: high_price_for_not_enough_comfort_room
Answer:
",Answer: Yes
2026-08-10 23:19:03,2,62,no_evident_not_great_value_for_money,high_price_for_small_room,"Task: decide if Proposition B contradicts Assumption A.

Steps:
1. A defends a claim (strip ""no_evident_not_"" / ""have_evident_"" to see it).
2. B states a fact.
3. Does B disprove A's claim? Same specific issue only, not just same topic.

Output pattern (always use this exact shape):
A: <phrase>
B: <phrase>
Answer: Yes/No

Examples:

A: no_evident_not_easy_check-in
B: customer_wait_10_minute_for_greet
Answer: Yes

A: no_evident_not_easy_check-in
B: no_one_give_key_on_late_check-in
Answer: No

A: no_evident_not_great_quality
B: shampoo_seem_cheap_considering_hotel_cost
Answer: Yes

A: no_evident_not_great_quality
B: expensive_hotel
Answer: No

Now answer for this pair. Output ONLY the final line ""Answer: Yes"" or ""Answer: No"" — no other text.

A: no_evident_not_great_value_for_money
B: high_price_for_small_room
Answer:
",Answer: Yes
2026-08-10 23:19:03,2,63,no_evident_not_great_value_for_money,expensive_hotel,"Task: decide if Proposition B contradicts Assumption A.

Steps:
1. A defends a claim (strip ""no_evident_not_"" / ""have_evident_"" to see it).
2. B states a fact.
3. Does B disprove A's claim? Same specific issue only, not just same topic.

Output pattern (always use this exact shape):
A: <phrase>
B: <phrase>
Answer: Yes/No

Examples:

A: no_evident_not_easy_check-in
B: customer_wait_10_minute_for_greet
Answer: Yes

A: no_evident_not_easy_check-in
B: no_one_give_key_on_late_check-in
Answer: No

A: no_evident_not_great_quality
B: shampoo_seem_cheap_considering_hotel_cost
Answer: Yes

A: no_evident_not_great_quality
B: expensive_hotel
Answer: No

Now answer for this pair. Output ONLY the final line ""Answer: Yes"" or ""Answer: No"" — no other text.

A: no_evident_not_great_value_for_money
B: expensive_hotel
Answer:
",Answer: Yes
2026-08-10 23:19:03,2,64,no_evident_not_great_value_for_money,expensive_for_average_hotel,"Task: decide if Proposition B contradicts Assumption A.

Steps:
1. A defends a claim (strip ""no_evident_not_"" / ""have_evident_"" to see it).
2. B states a fact.
3. Does B disprove A's claim? Same specific issue only, not just same topic.

Output pattern (always use this exact shape):
A: <phrase>
B: <phrase>
Answer: Yes/No

Examples:

A: no_evident_not_easy_check-in
B: customer_wait_10_minute_for_greet
Answer: Yes

A: no_evident_not_easy_check-in
B: no_one_give_key_on_late_check-in
Answer: No

A: no_evident_not_great_quality
B: shampoo_seem_cheap_considering_hotel_cost
Answer: Yes

A: no_evident_not_great_quality
B: expensive_hotel
Answer: No

Now answer for this pair. Output ONLY the final line ""Answer: Yes"" or ""Answer: No"" — no other text.

A: no_evident_not_great_value_for_money
B: expensive_for_average_hotel
Answer:
",Answer: Yes
2026-08-10 23:19:03,2,65,no_evident_not_great_value_for_money,expensive_for_3_star_hotel,"Task: decide if Proposition B contradicts Assumption A.

Steps:
1. A defends a claim (strip ""no_evident_not_"" / ""have_evident_"" to see it).
2. B states a fact.
3. Does B disprove A's claim? Same specific issue only, not just same topic.

Output pattern (always use this exact shape):
A: <phrase>
B: <phrase>
Answer: Yes/No

Examples:

A: no_evident_not_easy_check-in
B: customer_wait_10_minute_for_greet
Answer: Yes

A: no_evident_not_easy_check-in
B: no_one_give_key_on_late_check-in
Answer: No

A: no_evident_not_great_quality
B: shampoo_seem_cheap_considering_hotel_cost
Answer: Yes

A: no_evident_not_great_quality
B: expensive_hotel
Answer: No

Now answer for this pair. Output ONLY the final line ""Answer: Yes"" or ""Answer: No"" — no other text.

A: no_evident_not_great_value_for_money
B: expensive_for_3_star_hotel
Answer:
",Answer: Yes
2026-08-10 23:19:03,2,66,no_evident_not_good_value_for_money,unlabeled_shampoo_dispenser_for_this_price,"Task: decide if Proposition B contradicts Assumption A.

Steps:
1. A defends a claim (strip ""no_evident_not_"" / ""have_evident_"" to see it).
2. B states a fact.
3. Does B disprove A's claim? Same specific issue only, not just same topic.

Output pattern (always use this exact shape):
A: <phrase>
B: <phrase>
Answer: Yes/No

Examples:

A: no_evident_not_easy_check-in
B: customer_wait_10_minute_for_greet
Answer: Yes

A: no_evident_not_easy_check-in
B: no_one_give_key_on_late_check-in
Answer: No

A: no_evident_not_great_quality
B: shampoo_seem_cheap_considering_hotel_cost
Answer: Yes

A: no_evident_not_great_quality
B: expensive_hotel
Answer: No

Now answer for this pair. Output ONLY the final line ""Answer: Yes"" or ""Answer: No"" — no other text.

A: no_evident_not_good_value_for_money
B: unlabeled_shampoo_dispenser_for_this_price
Answer:
","A: no_evident_not_good_value_for_money
B: unlabeled_shampoo_dispenser_for_this_price
Answer: Yes"
2026-08-10 23:19:04,2,67,no_evident_not_good_value_for_money,shampoo_seem_cheap_considering_hotel_cost,"Task: decide if Proposition B contradicts Assumption A.

Steps:
1. A defends a claim (strip ""no_evident_not_"" / ""have_evident_"" to see it).
2. B states a fact.
3. Does B disprove A's claim? Same specific issue only, not just same topic.

Output pattern (always use this exact shape):
A: <phrase>
B: <phrase>
Answer: Yes/No

Examples:

A: no_evident_not_easy_check-in
B: customer_wait_10_minute_for_greet
Answer: Yes

A: no_evident_not_easy_check-in
B: no_one_give_key_on_late_check-in
Answer: No

A: no_evident_not_great_quality
B: shampoo_seem_cheap_considering_hotel_cost
Answer: Yes

A: no_evident_not_great_quality
B: expensive_hotel
Answer: No

Now answer for this pair. Output ONLY the final line ""Answer: Yes"" or ""Answer: No"" — no other text.

A: no_evident_not_good_value_for_money
B: shampoo_seem_cheap_considering_hotel_cost
Answer:
",Answer: Yes
2026-08-10 23:19:04,2,68,no_evident_not_good_value_for_money,guesthouse_but_price_like_hotel,"Task: decide if Proposition B contradicts Assumption A.

Steps:
1. A defends a claim (strip ""no_evident_not_"" / ""have_evident_"" to see it).
2. B states a fact.
3. Does B disprove A's claim? Same specific issue only, not just same topic.

Output pattern (always use this exact shape):
A: <phrase>
B: <phrase>
Answer: Yes/No

Examples:

A: no_evident_not_easy_check-in
B: customer_wait_10_minute_for_greet
Answer: Yes

A: no_evident_not_easy_check-in
B: no_one_give_key_on_late_check-in
Answer: No

A: no_evident_not_great_quality
B: shampoo_seem_cheap_considering_hotel_cost
Answer: Yes

A: no_evident_not_great_quality
B: expensive_hotel
Answer: No

Now answer for this pair. Output ONLY the final line ""Answer: Yes"" or ""Answer: No"" — no other text.

A: no_evident_not_good_value_for_money
B: guesthouse_but_price_like_hotel
Answer:
","A: no_evident_not_good_value_for_money
B: guesthouse_but_price_like_hotel
Answer: Yes"
2026-08-10 23:19:05,2,69,no_evident_not_good_value_for_money,for_money_you_pay_you_get_one_small_water_bottle,"Task: decide if Proposition B contradicts Assumption A.

Steps:
1. A defends a claim (strip ""no_evident_not_"" / ""have_evident_"" to see it).
2. B states a fact.
3. Does B disprove A's claim? Same specific issue only, not just same topic.

Output pattern (always use this exact shape):
A: <phrase>
B: <phrase>
Answer: Yes/No

Examples:

A: no_evident_not_easy_check-in
B: customer_wait_10_minute_for_greet
Answer: Yes

A: no_evident_not_easy_check-in
B: no_one_give_key_on_late_check-in
Answer: No

A: no_evident_not_great_quality
B: shampoo_seem_cheap_considering_hotel_cost
Answer: Yes

A: no_evident_not_great_quality
B: expensive_hotel
Answer: No

Now answer for this pair. Output ONLY the final line ""Answer: Yes"" or ""Answer: No"" — no other text.

A: no_evident_not_good_value_for_money
B: for_money_you_pay_you_get_one_small_water_bottle
Answer:
","A: no_evident_not_good_value_for_money
B: for_money_you_pay_you_get_one_small_water_bottle
Answer: Yes"
2026-08-10 23:19:05,2,70,no_evident_not_good_value_for_money,expensive_for_what_you_get,"Task: decide if Proposition B contradicts Assumption A.

Steps:
1. A defends a claim (strip ""no_evident_not_"" / ""have_evident_"" to see it).
2. B states a fact.
3. Does B disprove A's claim? Same specific issue only, not just same topic.

Output pattern (always use this exact shape):
A: <phrase>
B: <phrase>
Answer: Yes/No

Examples:

A: no_evident_not_easy_check-in
B: customer_wait_10_minute_for_greet
Answer: Yes

A: no_evident_not_easy_check-in
B: no_one_give_key_on_late_check-in
Answer: No

A: no_evident_not_great_quality
B: shampoo_seem_cheap_considering_hotel_cost
Answer: Yes

A: no_evident_not_great_quality
B: expensive_hotel
Answer: No

Now answer for this pair. Output ONLY the final line ""Answer: Yes"" or ""Answer: No"" — no other text.

A: no_evident_not_good_value_for_money
B: expensive_for_what_you_get
Answer:
",Answer: Yes
2026-08-10 23:19:05,2,71,no_evident_not_good_value_for_money,expensive_rate_for_what_offer,"Task: decide if Proposition B contradicts Assumption A.

Steps:
1. A defends a claim (strip ""no_evident_not_"" / ""have_evident_"" to see it).
2. B states a fact.
3. Does B disprove A's claim? Same specific issue only, not just same topic.

Output pattern (always use this exact shape):
A: <phrase>
B: <phrase>
Answer: Yes/No

Examples:

A: no_evident_not_easy_check-in
B: customer_wait_10_minute_for_greet
Answer: Yes

A: no_evident_not_easy_check-in
B: no_one_give_key_on_late_check-in
Answer: No

A: no_evident_not_great_quality
B: shampoo_seem_cheap_considering_hotel_cost
Answer: Yes

A: no_evident_not_great_quality
B: expensive_hotel
Answer: No

Now answer for this pair. Output ONLY the final line ""Answer: Yes"" or ""Answer: No"" — no other text.

A: no_evident_not_good_value_for_money
B: expensive_rate_for_what_offer
Answer:
",Answer: Yes
2026-08-10 23:19:05,2,72,no_evident_not_good_value_for_money,overpriced_for_facility,"Task: decide if Proposition B contradicts Assumption A.

Steps:
1. A defends a claim (strip ""no_evident_not_"" / ""have_evident_"" to see it).
2. B states a fact.
3. Does B disprove A's claim? Same specific issue only, not just same topic.

Output pattern (always use this exact shape):
A: <phrase>
B: <phrase>
Answer: Yes/No

Examples:

A: no_evident_not_easy_check-in
B: customer_wait_10_minute_for_greet
Answer: Yes

A: no_evident_not_easy_check-in
B: no_one_give_key_on_late_check-in
Answer: No

A: no_evident_not_great_quality
B: shampoo_seem_cheap_considering_hotel_cost
Answer: Yes

A: no_evident_not_great_quality
B: expensive_hotel
Answer: No

Now answer for this pair. Output ONLY the final line ""Answer: Yes"" or ""Answer: No"" — no other text.

A: no_evident_not_good_value_for_money
B: overpriced_for_facility
Answer:
","A: no_evident_not_good_value_for_money
B: overpriced_for_facility
Answer: Yes"
2026-08-10 23:19:06,2,73,no_evident_not_good_value_for_money,meal_not_include_in_price,"Task: decide if Proposition B contradicts Assumption A.

Steps:
1. A defends a claim (strip ""no_evident_not_"" / ""have_evident_"" to see it).
2. B states a fact.
3. Does B disprove A's claim? Same specific issue only, not just same topic.

Output pattern (always use this exact shape):
A: <phrase>
B: <phrase>
Answer: Yes/No

Examples:

A: no_evident_not_easy_check-in
B: customer_wait_10_minute_for_greet
Answer: Yes

A: no_evident_not_easy_check-in
B: no_one_give_key_on_late_check-in
Answer: No

A: no_evident_not_great_quality
B: shampoo_seem_cheap_considering_hotel_cost
Answer: Yes

A: no_evident_not_great_quality
B: expensive_hotel
Answer: No

Now answer for this pair. Output ONLY the final line ""Answer: Yes"" or ""Answer: No"" — no other text.

A: no_evident_not_good_value_for_money
B: meal_not_include_in_price
Answer:
","A: no_evident_not_good_value_for_money
B: meal_not_include_in_price
Answer: Yes"
2026-08-10 23:19:06,2,74,no_evident_not_good_value_for_money,high_price_for_not_enough_comfort_room,"Task: decide if Proposition B contradicts Assumption A.

Steps:
1. A defends a claim (strip ""no_evident_not_"" / ""have_evident_"" to see it).
2. B states a fact.
3. Does B disprove A's claim? Same specific issue only, not just same topic.

Output pattern (always use this exact shape):
A: <phrase>
B: <phrase>
Answer: Yes/No

Examples:

A: no_evident_not_easy_check-in
B: customer_wait_10_minute_for_greet
Answer: Yes

A: no_evident_not_easy_check-in
B: no_one_give_key_on_late_check-in
Answer: No

A: no_evident_not_great_quality
B: shampoo_seem_cheap_considering_hotel_cost
Answer: Yes

A: no_evident_not_great_quality
B: expensive_hotel
Answer: No

Now answer for this pair. Output ONLY the final line ""Answer: Yes"" or ""Answer: No"" — no other text.

A: no_evident_not_good_value_for_money
B: high_price_for_not_enough_comfort_room
Answer:
","A: no_evident_not_good_value_for_money
B: high_price_for_not_enough_comfort_room
Answer: Yes"
2026-08-10 23:19:06,2,75,no_evident_not_good_value_for_money,high_price_for_small_room,"Task: decide if Proposition B contradicts Assumption A.

Steps:
1. A defends a claim (strip ""no_evident_not_"" / ""have_evident_"" to see it).
2. B states a fact.
3. Does B disprove A's claim? Same specific issue only, not just same topic.

Output pattern (always use this exact shape):
A: <phrase>
B: <phrase>
Answer: Yes/No

Examples:

A: no_evident_not_easy_check-in
B: customer_wait_10_minute_for_greet
Answer: Yes

A: no_evident_not_easy_check-in
B: no_one_give_key_on_late_check-in
Answer: No

A: no_evident_not_great_quality
B: shampoo_seem_cheap_considering_hotel_cost
Answer: Yes

A: no_evident_not_great_quality
B: expensive_hotel
Answer: No

Now answer for this pair. Output ONLY the final line ""Answer: Yes"" or ""Answer: No"" — no other text.

A: no_evident_not_good_value_for_money
B: high_price_for_small_room
Answer:
","A: no_evident_not_good_value_for_money
B: high_price_for_small_room
Answer: Yes"
2026-08-10 23:19:06,2,76,no_evident_not_good_value_for_money,expensive_hotel,"Task: decide if Proposition B contradicts Assumption A.

Steps:
1. A defends a claim (strip ""no_evident_not_"" / ""have_evident_"" to see it).
2. B states a fact.
3. Does B disprove A's claim? Same specific issue only, not just same topic.

Output pattern (always use this exact shape):
A: <phrase>
B: <phrase>
Answer: Yes/No

Examples:

A: no_evident_not_easy_check-in
B: customer_wait_10_minute_for_greet
Answer: Yes

A: no_evident_not_easy_check-in
B: no_one_give_key_on_late_check-in
Answer: No

A: no_evident_not_great_quality
B: shampoo_seem_cheap_considering_hotel_cost
Answer: Yes

A: no_evident_not_great_quality
B: expensive_hotel
Answer: No

Now answer for this pair. Output ONLY the final line ""Answer: Yes"" or ""Answer: No"" — no other text.

A: no_evident_not_good_value_for_money
B: expensive_hotel
Answer:
",Answer: No
2026-08-10 23:19:07,2,77,no_evident_not_good_value_for_money,expensive_for_average_hotel,"Task: decide if Proposition B contradicts Assumption A.

Steps:
1. A defends a claim (strip ""no_evident_not_"" / ""have_evident_"" to see it).
2. B states a fact.
3. Does B disprove A's claim? Same specific issue only, not just same topic.

Output pattern (always use this exact shape):
A: <phrase>
B: <phrase>
Answer: Yes/No

Examples:

A: no_evident_not_easy_check-in
B: customer_wait_10_minute_for_greet
Answer: Yes

A: no_evident_not_easy_check-in
B: no_one_give_key_on_late_check-in
Answer: No

A: no_evident_not_great_quality
B: shampoo_seem_cheap_considering_hotel_cost
Answer: Yes

A: no_evident_not_great_quality
B: expensive_hotel
Answer: No

Now answer for this pair. Output ONLY the final line ""Answer: Yes"" or ""Answer: No"" — no other text.

A: no_evident_not_good_value_for_money
B: expensive_for_average_hotel
Answer:
","A: no_evident_not_good_value_for_money
B: expensive_for_average_hotel
Answer: Yes"
2026-08-10 23:19:07,2,78,no_evident_not_good_value_for_money,expensive_for_3_star_hotel,"Task: decide if Proposition B contradicts Assumption A.

Steps:
1. A defends a claim (strip ""no_evident_not_"" / ""have_evident_"" to see it).
2. B states a fact.
3. Does B disprove A's claim? Same specific issue only, not just same topic.

Output pattern (always use this exact shape):
A: <phrase>
B: <phrase>
Answer: Yes/No

Examples:

A: no_evident_not_easy_check-in
B: customer_wait_10_minute_for_greet
Answer: Yes

A: no_evident_not_easy_check-in
B: no_one_give_key_on_late_check-in
Answer: No

A: no_evident_not_great_quality
B: shampoo_seem_cheap_considering_hotel_cost
Answer: Yes

A: no_evident_not_great_quality
B: expensive_hotel
Answer: No

Now answer for this pair. Output ONLY the final line ""Answer: Yes"" or ""Answer: No"" — no other text.

A: no_evident_not_good_value_for_money
B: expensive_for_3_star_hotel
Answer:
","A: no_evident_not_good_value_for_money
B: expensive_for_3_star_hotel
Answer: Yes"
2026-08-10 23:19:08,2,79,no_evident_not_exceptional_value,unlabeled_shampoo_dispenser_for_this_price,"Task: decide if Proposition B contradicts Assumption A.

Steps:
1. A defends a claim (strip ""no_evident_not_"" / ""have_evident_"" to see it).
2. B states a fact.
3. Does B disprove A's claim? Same specific issue only, not just same topic.

Output pattern (always use this exact shape):
A: <phrase>
B: <phrase>
Answer: Yes/No

Examples:

A: no_evident_not_easy_check-in
B: customer_wait_10_minute_for_greet
Answer: Yes

A: no_evident_not_easy_check-in
B: no_one_give_key_on_late_check-in
Answer: No

A: no_evident_not_great_quality
B: shampoo_seem_cheap_considering_hotel_cost
Answer: Yes

A: no_evident_not_great_quality
B: expensive_hotel
Answer: No

Now answer for this pair. Output ONLY the final line ""Answer: Yes"" or ""Answer: No"" — no other text.

A: no_evident_not_exceptional_value
B: unlabeled_shampoo_dispenser_for_this_price
Answer:
","A: no_evident_not_exceptional_value
B: unlabeled_shampoo_dispenser_for_this_price
Answer: Yes"
2026-08-10 23:19:08,2,80,no_evident_not_exceptional_value,shampoo_seem_cheap_considering_hotel_cost,"Task: decide if Proposition B contradicts Assumption A.

Steps:
1. A defends a claim (strip ""no_evident_not_"" / ""have_evident_"" to see it).
2. B states a fact.
3. Does B disprove A's claim? Same specific issue only, not just same topic.

Output pattern (always use this exact shape):
A: <phrase>
B: <phrase>
Answer: Yes/No

Examples:

A: no_evident_not_easy_check-in
B: customer_wait_10_minute_for_greet
Answer: Yes

A: no_evident_not_easy_check-in
B: no_one_give_key_on_late_check-in
Answer: No

A: no_evident_not_great_quality
B: shampoo_seem_cheap_considering_hotel_cost
Answer: Yes

A: no_evident_not_great_quality
B: expensive_hotel
Answer: No

Now answer for this pair. Output ONLY the final line ""Answer: Yes"" or ""Answer: No"" — no other text.

A: no_evident_not_exceptional_value
B: shampoo_seem_cheap_considering_hotel_cost
Answer:
",Answer: Yes
2026-08-10 23:19:08,2,81,no_evident_not_exceptional_value,guesthouse_but_price_like_hotel,"Task: decide if Proposition B contradicts Assumption A.

Steps:
1. A defends a claim (strip ""no_evident_not_"" / ""have_evident_"" to see it).
2. B states a fact.
3. Does B disprove A's claim? Same specific issue only, not just same topic.

Output pattern (always use this exact shape):
A: <phrase>
B: <phrase>
Answer: Yes/No

Examples:

A: no_evident_not_easy_check-in
B: customer_wait_10_minute_for_greet
Answer: Yes

A: no_evident_not_easy_check-in
B: no_one_give_key_on_late_check-in
Answer: No

A: no_evident_not_great_quality
B: shampoo_seem_cheap_considering_hotel_cost
Answer: Yes

A: no_evident_not_great_quality
B: expensive_hotel
Answer: No

Now answer for this pair. Output ONLY the final line ""Answer: Yes"" or ""Answer: No"" — no other text.

A: no_evident_not_exceptional_value
B: guesthouse_but_price_like_hotel
Answer:
","A: no_evident_not_exceptional_value
B: guesthouse_but_price_like_hotel
Answer: Yes"
2026-08-10 23:19:08,2,82,no_evident_not_exceptional_value,for_money_you_pay_you_get_one_small_water_bottle,"Task: decide if Proposition B contradicts Assumption A.

Steps:
1. A defends a claim (strip ""no_evident_not_"" / ""have_evident_"" to see it).
2. B states a fact.
3. Does B disprove A's claim? Same specific issue only, not just same topic.

Output pattern (always use this exact shape):
A: <phrase>
B: <phrase>
Answer: Yes/No

Examples:

A: no_evident_not_easy_check-in
B: customer_wait_10_minute_for_greet
Answer: Yes

A: no_evident_not_easy_check-in
B: no_one_give_key_on_late_check-in
Answer: No

A: no_evident_not_great_quality
B: shampoo_seem_cheap_considering_hotel_cost
Answer: Yes

A: no_evident_not_great_quality
B: expensive_hotel
Answer: No

Now answer for this pair. Output ONLY the final line ""Answer: Yes"" or ""Answer: No"" — no other text.

A: no_evident_not_exceptional_value
B: for_money_you_pay_you_get_one_small_water_bottle
Answer:
","A: no_evident_not_exceptional_value
B: for_money_you_pay_you_get_one_small_water_bottle
Answer: Yes"
2026-08-10 23:19:09,2,83,no_evident_not_exceptional_value,expensive_for_what_you_get,"Task: decide if Proposition B contradicts Assumption A.

Steps:
1. A defends a claim (strip ""no_evident_not_"" / ""have_evident_"" to see it).
2. B states a fact.
3. Does B disprove A's claim? Same specific issue only, not just same topic.

Output pattern (always use this exact shape):
A: <phrase>
B: <phrase>
Answer: Yes/No

Examples:

A: no_evident_not_easy_check-in
B: customer_wait_10_minute_for_greet
Answer: Yes

A: no_evident_not_easy_check-in
B: no_one_give_key_on_late_check-in
Answer: No

A: no_evident_not_great_quality
B: shampoo_seem_cheap_considering_hotel_cost
Answer: Yes

A: no_evident_not_great_quality
B: expensive_hotel
Answer: No

Now answer for this pair. Output ONLY the final line ""Answer: Yes"" or ""Answer: No"" — no other text.

A: no_evident_not_exceptional_value
B: expensive_for_what_you_get
Answer:
","A: no_evident_not_exceptional_value
B: expensive_for_what_you_get
Answer: Yes"
2026-08-10 23:19:09,2,84,no_evident_not_exceptional_value,expensive_rate_for_what_offer,"Task: decide if Proposition B contradicts Assumption A.

Steps:
1. A defends a claim (strip ""no_evident_not_"" / ""have_evident_"" to see it).
2. B states a fact.
3. Does B disprove A's claim? Same specific issue only, not just same topic.

Output pattern (always use this exact shape):
A: <phrase>
B: <phrase>
Answer: Yes/No

Examples:

A: no_evident_not_easy_check-in
B: customer_wait_10_minute_for_greet
Answer: Yes

A: no_evident_not_easy_check-in
B: no_one_give_key_on_late_check-in
Answer: No

A: no_evident_not_great_quality
B: shampoo_seem_cheap_considering_hotel_cost
Answer: Yes

A: no_evident_not_great_quality
B: expensive_hotel
Answer: No

Now answer for this pair. Output ONLY the final line ""Answer: Yes"" or ""Answer: No"" — no other text.

A: no_evident_not_exceptional_value
B: expensive_rate_for_what_offer
Answer:
","A: no_evident_not_exceptional_value
B: expensive_rate_for_what_offer
Answer: Yes"
2026-08-10 23:19:09,2,85,no_evident_not_exceptional_value,overpriced_for_facility,"Task: decide if Proposition B contradicts Assumption A.

Steps:
1. A defends a claim (strip ""no_evident_not_"" / ""have_evident_"" to see it).
2. B states a fact.
3. Does B disprove A's claim? Same specific issue only, not just same topic.

Output pattern (always use this exact shape):
A: <phrase>
B: <phrase>
Answer: Yes/No

Examples:

A: no_evident_not_easy_check-in
B: customer_wait_10_minute_for_greet
Answer: Yes

A: no_evident_not_easy_check-in
B: no_one_give_key_on_late_check-in
Answer: No

A: no_evident_not_great_quality
B: shampoo_seem_cheap_considering_hotel_cost
Answer: Yes

A: no_evident_not_great_quality
B: expensive_hotel
Answer: No

Now answer for this pair. Output ONLY the final line ""Answer: Yes"" or ""Answer: No"" — no other text.

A: no_evident_not_exceptional_value
B: overpriced_for_facility
Answer:
","A: no_evident_not_exceptional_value
B: overpriced_for_facility
Answer: Yes"
2026-08-10 23:19:10,2,86,no_evident_not_exceptional_value,meal_not_include_in_price,"Task: decide if Proposition B contradicts Assumption A.

Steps:
1. A defends a claim (strip ""no_evident_not_"" / ""have_evident_"" to see it).
2. B states a fact.
3. Does B disprove A's claim? Same specific issue only, not just same topic.

Output pattern (always use this exact shape):
A: <phrase>
B: <phrase>
Answer: Yes/No

Examples:

A: no_evident_not_easy_check-in
B: customer_wait_10_minute_for_greet
Answer: Yes

A: no_evident_not_easy_check-in
B: no_one_give_key_on_late_check-in
Answer: No

A: no_evident_not_great_quality
B: shampoo_seem_cheap_considering_hotel_cost
Answer: Yes

A: no_evident_not_great_quality
B: expensive_hotel
Answer: No

Now answer for this pair. Output ONLY the final line ""Answer: Yes"" or ""Answer: No"" — no other text.

A: no_evident_not_exceptional_value
B: meal_not_include_in_price
Answer:
","A: no_evident_not_exceptional_value
B: meal_not_include_in_price
Answer: Yes"
2026-08-10 23:19:10,2,87,no_evident_not_exceptional_value,high_price_for_not_enough_comfort_room,"Task: decide if Proposition B contradicts Assumption A.

Steps:
1. A defends a claim (strip ""no_evident_not_"" / ""have_evident_"" to see it).
2. B states a fact.
3. Does B disprove A's claim? Same specific issue only, not just same topic.

Output pattern (always use this exact shape):
A: <phrase>
B: <phrase>
Answer: Yes/No

Examples:

A: no_evident_not_easy_check-in
B: customer_wait_10_minute_for_greet
Answer: Yes

A: no_evident_not_easy_check-in
B: no_one_give_key_on_late_check-in
Answer: No

A: no_evident_not_great_quality
B: shampoo_seem_cheap_considering_hotel_cost
Answer: Yes

A: no_evident_not_great_quality
B: expensive_hotel
Answer: No

Now answer for this pair. Output ONLY the final line ""Answer: Yes"" or ""Answer: No"" — no other text.

A: no_evident_not_exceptional_value
B: high_price_for_not_enough_comfort_room
Answer:
","A: no_evident_not_exceptional_value
B: high_price_for_not_enough_comfort_room
Answer: Yes"
2026-08-10 23:19:10,2,88,no_evident_not_exceptional_value,high_price_for_small_room,"Task: decide if Proposition B contradicts Assumption A.

Steps:
1. A defends a claim (strip ""no_evident_not_"" / ""have_evident_"" to see it).
2. B states a fact.
3. Does B disprove A's claim? Same specific issue only, not just same topic.

Output pattern (always use this exact shape):
A: <phrase>
B: <phrase>
Answer: Yes/No

Examples:

A: no_evident_not_easy_check-in
B: customer_wait_10_minute_for_greet
Answer: Yes

A: no_evident_not_easy_check-in
B: no_one_give_key_on_late_check-in
Answer: No

A: no_evident_not_great_quality
B: shampoo_seem_cheap_considering_hotel_cost
Answer: Yes

A: no_evident_not_great_quality
B: expensive_hotel
Answer: No

Now answer for this pair. Output ONLY the final line ""Answer: Yes"" or ""Answer: No"" — no other text.

A: no_evident_not_exceptional_value
B: high_price_for_small_room
Answer:
","A: no_evident_not_exceptional_value
B: high_price_for_small_room
Answer: Yes"
2026-08-10 23:19:11,2,89,no_evident_not_exceptional_value,expensive_hotel,"Task: decide if Proposition B contradicts Assumption A.

Steps:
1. A defends a claim (strip ""no_evident_not_"" / ""have_evident_"" to see it).
2. B states a fact.
3. Does B disprove A's claim? Same specific issue only, not just same topic.

Output pattern (always use this exact shape):
A: <phrase>
B: <phrase>
Answer: Yes/No

Examples:

A: no_evident_not_easy_check-in
B: customer_wait_10_minute_for_greet
Answer: Yes

A: no_evident_not_easy_check-in
B: no_one_give_key_on_late_check-in
Answer: No

A: no_evident_not_great_quality
B: shampoo_seem_cheap_considering_hotel_cost
Answer: Yes

A: no_evident_not_great_quality
B: expensive_hotel
Answer: No

Now answer for this pair. Output ONLY the final line ""Answer: Yes"" or ""Answer: No"" — no other text.

A: no_evident_not_exceptional_value
B: expensive_hotel
Answer:
",Answer: No
2026-08-10 23:19:11,2,90,no_evident_not_exceptional_value,expensive_for_average_hotel,"Task: decide if Proposition B contradicts Assumption A.

Steps:
1. A defends a claim (strip ""no_evident_not_"" / ""have_evident_"" to see it).
2. B states a fact.
3. Does B disprove A's claim? Same specific issue only, not just same topic.

Output pattern (always use this exact shape):
A: <phrase>
B: <phrase>
Answer: Yes/No

Examples:

A: no_evident_not_easy_check-in
B: customer_wait_10_minute_for_greet
Answer: Yes

A: no_evident_not_easy_check-in
B: no_one_give_key_on_late_check-in
Answer: No

A: no_evident_not_great_quality
B: shampoo_seem_cheap_considering_hotel_cost
Answer: Yes

A: no_evident_not_great_quality
B: expensive_hotel
Answer: No

Now answer for this pair. Output ONLY the final line ""Answer: Yes"" or ""Answer: No"" — no other text.

A: no_evident_not_exceptional_value
B: expensive_for_average_hotel
Answer:
","A: no_evident_not_exceptional_value
B: expensive_for_average_hotel
Answer: Yes"
2026-08-10 23:19:11,2,91,no_evident_not_exceptional_value,expensive_for_3_star_hotel,"Task: decide if Proposition B contradicts Assumption A.

Steps:
1. A defends a claim (strip ""no_evident_not_"" / ""have_evident_"" to see it).
2. B states a fact.
3. Does B disprove A's claim? Same specific issue only, not just same topic.

Output pattern (always use this exact shape):
A: <phrase>
B: <phrase>
Answer: Yes/No

Examples:

A: no_evident_not_easy_check-in
B: customer_wait_10_minute_for_greet
Answer: Yes

A: no_evident_not_easy_check-in
B: no_one_give_key_on_late_check-in
Answer: No

A: no_evident_not_great_quality
B: shampoo_seem_cheap_considering_hotel_cost
Answer: Yes

A: no_evident_not_great_quality
B: expensive_hotel
Answer: No

Now answer for this pair. Output ONLY the final line ""Answer: Yes"" or ""Answer: No"" — no other text.

A: no_evident_not_exceptional_value
B: expensive_for_3_star_hotel
Answer:
","A: no_evident_not_exceptional_value
B: expensive_for_3_star_hotel
Answer: Yes"
2026-08-10 23:19:12,2,92,no_evident_not_good_value,unlabeled_shampoo_dispenser_for_this_price,"Task: decide if Proposition B contradicts Assumption A.

Steps:
1. A defends a claim (strip ""no_evident_not_"" / ""have_evident_"" to see it).
2. B states a fact.
3. Does B disprove A's claim? Same specific issue only, not just same topic.

Output pattern (always use this exact shape):
A: <phrase>
B: <phrase>
Answer: Yes/No

Examples:

A: no_evident_not_easy_check-in
B: customer_wait_10_minute_for_greet
Answer: Yes

A: no_evident_not_easy_check-in
B: no_one_give_key_on_late_check-in
Answer: No

A: no_evident_not_great_quality
B: shampoo_seem_cheap_considering_hotel_cost
Answer: Yes

A: no_evident_not_great_quality
B: expensive_hotel
Answer: No

Now answer for this pair. Output ONLY the final line ""Answer: Yes"" or ""Answer: No"" — no other text.

A: no_evident_not_good_value
B: unlabeled_shampoo_dispenser_for_this_price
Answer:
","A: no_evident_not_good_value
B: unlabeled_shampoo_dispenser_for_this_price
Answer: Yes"
2026-08-10 23:19:12,2,93,no_evident_not_good_value,shampoo_seem_cheap_considering_hotel_cost,"Task: decide if Proposition B contradicts Assumption A.

Steps:
1. A defends a claim (strip ""no_evident_not_"" / ""have_evident_"" to see it).
2. B states a fact.
3. Does B disprove A's claim? Same specific issue only, not just same topic.

Output pattern (always use this exact shape):
A: <phrase>
B: <phrase>
Answer: Yes/No

Examples:

A: no_evident_not_easy_check-in
B: customer_wait_10_minute_for_greet
Answer: Yes

A: no_evident_not_easy_check-in
B: no_one_give_key_on_late_check-in
Answer: No

A: no_evident_not_great_quality
B: shampoo_seem_cheap_considering_hotel_cost
Answer: Yes

A: no_evident_not_great_quality
B: expensive_hotel
Answer: No

Now answer for this pair. Output ONLY the final line ""Answer: Yes"" or ""Answer: No"" — no other text.

A: no_evident_not_good_value
B: shampoo_seem_cheap_considering_hotel_cost
Answer:
",Answer: Yes
2026-08-10 23:19:12,2,94,no_evident_not_good_value,guesthouse_but_price_like_hotel,"Task: decide if Proposition B contradicts Assumption A.

Steps:
1. A defends a claim (strip ""no_evident_not_"" / ""have_evident_"" to see it).
2. B states a fact.
3. Does B disprove A's claim? Same specific issue only, not just same topic.

Output pattern (always use this exact shape):
A: <phrase>
B: <phrase>
Answer: Yes/No

Examples:

A: no_evident_not_easy_check-in
B: customer_wait_10_minute_for_greet
Answer: Yes

A: no_evident_not_easy_check-in
B: no_one_give_key_on_late_check-in
Answer: No

A: no_evident_not_great_quality
B: shampoo_seem_cheap_considering_hotel_cost
Answer: Yes

A: no_evident_not_great_quality
B: expensive_hotel
Answer: No

Now answer for this pair. Output ONLY the final line ""Answer: Yes"" or ""Answer: No"" — no other text.

A: no_evident_not_good_value
B: guesthouse_but_price_like_hotel
Answer:
","A: no_evident_not_good_value
B: guesthouse_but_price_like_hotel
Answer: Yes"
2026-08-10 23:19:12,2,95,no_evident_not_good_value,for_money_you_pay_you_get_one_small_water_bottle,"Task: decide if Proposition B contradicts Assumption A.

Steps:
1. A defends a claim (strip ""no_evident_not_"" / ""have_evident_"" to see it).
2. B states a fact.
3. Does B disprove A's claim? Same specific issue only, not just same topic.

Output pattern (always use this exact shape):
A: <phrase>
B: <phrase>
Answer: Yes/No

Examples:

A: no_evident_not_easy_check-in
B: customer_wait_10_minute_for_greet
Answer: Yes

A: no_evident_not_easy_check-in
B: no_one_give_key_on_late_check-in
Answer: No

A: no_evident_not_great_quality
B: shampoo_seem_cheap_considering_hotel_cost
Answer: Yes

A: no_evident_not_great_quality
B: expensive_hotel
Answer: No

Now answer for this pair. Output ONLY the final line ""Answer: Yes"" or ""Answer: No"" — no other text.

A: no_evident_not_good_value
B: for_money_you_pay_you_get_one_small_water_bottle
Answer:
","A: no_evident_not_good_value
B: for_money_you_pay_you_get_one_small_water_bottle
Answer: Yes"
2026-08-10 23:19:13,2,96,no_evident_not_good_value,expensive_for_what_you_get,"Task: decide if Proposition B contradicts Assumption A.

Steps:
1. A defends a claim (strip ""no_evident_not_"" / ""have_evident_"" to see it).
2. B states a fact.
3. Does B disprove A's claim? Same specific issue only, not just same topic.

Output pattern (always use this exact shape):
A: <phrase>
B: <phrase>
Answer: Yes/No

Examples:

A: no_evident_not_easy_check-in
B: customer_wait_10_minute_for_greet
Answer: Yes

A: no_evident_not_easy_check-in
B: no_one_give_key_on_late_check-in
Answer: No

A: no_evident_not_great_quality
B: shampoo_seem_cheap_considering_hotel_cost
Answer: Yes

A: no_evident_not_great_quality
B: expensive_hotel
Answer: No

Now answer for this pair. Output ONLY the final line ""Answer: Yes"" or ""Answer: No"" — no other text.

A: no_evident_not_good_value
B: expensive_for_what_you_get
Answer:
",Answer: Yes
2026-08-10 23:19:13,2,97,no_evident_not_good_value,expensive_rate_for_what_offer,"Task: decide if Proposition B contradicts Assumption A.

Steps:
1. A defends a claim (strip ""no_evident_not_"" / ""have_evident_"" to see it).
2. B states a fact.
3. Does B disprove A's claim? Same specific issue only, not just same topic.

Output pattern (always use this exact shape):
A: <phrase>
B: <phrase>
Answer: Yes/No

Examples:

A: no_evident_not_easy_check-in
B: customer_wait_10_minute_for_greet
Answer: Yes

A: no_evident_not_easy_check-in
B: no_one_give_key_on_late_check-in
Answer: No

A: no_evident_not_great_quality
B: shampoo_seem_cheap_considering_hotel_cost
Answer: Yes

A: no_evident_not_great_quality
B: expensive_hotel
Answer: No

Now answer for this pair. Output ONLY the final line ""Answer: Yes"" or ""Answer: No"" — no other text.

A: no_evident_not_good_value
B: expensive_rate_for_what_offer
Answer:
",Answer: Yes
2026-08-10 23:19:13,2,98,no_evident_not_good_value,overpriced_for_facility,"Task: decide if Proposition B contradicts Assumption A.

Steps:
1. A defends a claim (strip ""no_evident_not_"" / ""have_evident_"" to see it).
2. B states a fact.
3. Does B disprove A's claim? Same specific issue only, not just same topic.

Output pattern (always use this exact shape):
A: <phrase>
B: <phrase>
Answer: Yes/No

Examples:

A: no_evident_not_easy_check-in
B: customer_wait_10_minute_for_greet
Answer: Yes

A: no_evident_not_easy_check-in
B: no_one_give_key_on_late_check-in
Answer: No

A: no_evident_not_great_quality
B: shampoo_seem_cheap_considering_hotel_cost
Answer: Yes

A: no_evident_not_great_quality
B: expensive_hotel
Answer: No

Now answer for this pair. Output ONLY the final line ""Answer: Yes"" or ""Answer: No"" — no other text.

A: no_evident_not_good_value
B: overpriced_for_facility
Answer:
","A: no_evident_not_good_value
B: overpriced_for_facility
Answer: Yes"
2026-08-10 23:19:13,2,99,no_evident_not_good_value,meal_not_include_in_price,"Task: decide if Proposition B contradicts Assumption A.

Steps:
1. A defends a claim (strip ""no_evident_not_"" / ""have_evident_"" to see it).
2. B states a fact.
3. Does B disprove A's claim? Same specific issue only, not just same topic.

Output pattern (always use this exact shape):
A: <phrase>
B: <phrase>
Answer: Yes/No

Examples:

A: no_evident_not_easy_check-in
B: customer_wait_10_minute_for_greet
Answer: Yes

A: no_evident_not_easy_check-in
B: no_one_give_key_on_late_check-in
Answer: No

A: no_evident_not_great_quality
B: shampoo_seem_cheap_considering_hotel_cost
Answer: Yes

A: no_evident_not_great_quality
B: expensive_hotel
Answer: No

Now answer for this pair. Output ONLY the final line ""Answer: Yes"" or ""Answer: No"" — no other text.

A: no_evident_not_good_value
B: meal_not_include_in_price
Answer:
","A: no_evident_not_good_value
B: meal_not_include_in_price
Answer: Yes"
2026-08-10 23:19:14,2,100,no_evident_not_good_value,high_price_for_not_enough_comfort_room,"Task: decide if Proposition B contradicts Assumption A.

Steps:
1. A defends a claim (strip ""no_evident_not_"" / ""have_evident_"" to see it).
2. B states a fact.
3. Does B disprove A's claim? Same specific issue only, not just same topic.

Output pattern (always use this exact shape):
A: <phrase>
B: <phrase>
Answer: Yes/No

Examples:

A: no_evident_not_easy_check-in
B: customer_wait_10_minute_for_greet
Answer: Yes

A: no_evident_not_easy_check-in
B: no_one_give_key_on_late_check-in
Answer: No

A: no_evident_not_great_quality
B: shampoo_seem_cheap_considering_hotel_cost
Answer: Yes

A: no_evident_not_great_quality
B: expensive_hotel
Answer: No

Now answer for this pair. Output ONLY the final line ""Answer: Yes"" or ""Answer: No"" — no other text.

A: no_evident_not_good_value
B: high_price_for_not_enough_comfort_room
Answer:
","A: no_evident_not_good_value
B: high_price_for_not_enough_comfort_room
Answer: Yes"
2026-08-10 23:19:14,2,101,no_evident_not_good_value,high_price_for_small_room,"Task: decide if Proposition B contradicts Assumption A.

Steps:
1. A defends a claim (strip ""no_evident_not_"" / ""have_evident_"" to see it).
2. B states a fact.
3. Does B disprove A's claim? Same specific issue only, not just same topic.

Output pattern (always use this exact shape):
A: <phrase>
B: <phrase>
Answer: Yes/No

Examples:

A: no_evident_not_easy_check-in
B: customer_wait_10_minute_for_greet
Answer: Yes

A: no_evident_not_easy_check-in
B: no_one_give_key_on_late_check-in
Answer: No

A: no_evident_not_great_quality
B: shampoo_seem_cheap_considering_hotel_cost
Answer: Yes

A: no_evident_not_great_quality
B: expensive_hotel
Answer: No

Now answer for this pair. Output ONLY the final line ""Answer: Yes"" or ""Answer: No"" — no other text.

A: no_evident_not_good_value
B: high_price_for_small_room
Answer:
","A: no_evident_not_good_value
B: high_price_for_small_room
Answer: Yes"
2026-08-10 23:19:14,2,102,no_evident_not_good_value,expensive_hotel,"Task: decide if Proposition B contradicts Assumption A.

Steps:
1. A defends a claim (strip ""no_evident_not_"" / ""have_evident_"" to see it).
2. B states a fact.
3. Does B disprove A's claim? Same specific issue only, not just same topic.

Output pattern (always use this exact shape):
A: <phrase>
B: <phrase>
Answer: Yes/No

Examples:

A: no_evident_not_easy_check-in
B: customer_wait_10_minute_for_greet
Answer: Yes

A: no_evident_not_easy_check-in
B: no_one_give_key_on_late_check-in
Answer: No

A: no_evident_not_great_quality
B: shampoo_seem_cheap_considering_hotel_cost
Answer: Yes

A: no_evident_not_great_quality
B: expensive_hotel
Answer: No

Now answer for this pair. Output ONLY the final line ""Answer: Yes"" or ""Answer: No"" — no other text.

A: no_evident_not_good_value
B: expensive_hotel
Answer:
",Answer: No
2026-08-10 23:19:14,2,103,no_evident_not_good_value,expensive_for_average_hotel,"Task: decide if Proposition B contradicts Assumption A.

Steps:
1. A defends a claim (strip ""no_evident_not_"" / ""have_evident_"" to see it).
2. B states a fact.
3. Does B disprove A's claim? Same specific issue only, not just same topic.

Output pattern (always use this exact shape):
A: <phrase>
B: <phrase>
Answer: Yes/No

Examples:

A: no_evident_not_easy_check-in
B: customer_wait_10_minute_for_greet
Answer: Yes

A: no_evident_not_easy_check-in
B: no_one_give_key_on_late_check-in
Answer: No

A: no_evident_not_great_quality
B: shampoo_seem_cheap_considering_hotel_cost
Answer: Yes

A: no_evident_not_great_quality
B: expensive_hotel
Answer: No

Now answer for this pair. Output ONLY the final line ""Answer: Yes"" or ""Answer: No"" — no other text.

A: no_evident_not_good_value
B: expensive_for_average_hotel
Answer:
","A: no_evident_not_good_value
B: expensive_for_average_hotel
Answer: Yes"
2026-08-10 23:19:15,2,104,no_evident_not_good_value,expensive_for_3_star_hotel,"Task: decide if Proposition B contradicts Assumption A.

Steps:
1. A defends a claim (strip ""no_evident_not_"" / ""have_evident_"" to see it).
2. B states a fact.
3. Does B disprove A's claim? Same specific issue only, not just same topic.

Output pattern (always use this exact shape):
A: <phrase>
B: <phrase>
Answer: Yes/No

Examples:

A: no_evident_not_easy_check-in
B: customer_wait_10_minute_for_greet
Answer: Yes

A: no_evident_not_easy_check-in
B: no_one_give_key_on_late_check-in
Answer: No

A: no_evident_not_great_quality
B: shampoo_seem_cheap_considering_hotel_cost
Answer: Yes

A: no_evident_not_great_quality
B: expensive_hotel
Answer: No

Now answer for this pair. Output ONLY the final line ""Answer: Yes"" or ""Answer: No"" — no other text.

A: no_evident_not_good_value
B: expensive_for_3_star_hotel
Answer:
","A: no_evident_not_good_value
B: expensive_for_3_star_hotel
Answer: Yes"
2026-08-10 23:19:15,2,105,no_evident_not_reasonable_price,unlabeled_shampoo_dispenser_for_this_price,"Task: decide if Proposition B contradicts Assumption A.

Steps:
1. A defends a claim (strip ""no_evident_not_"" / ""have_evident_"" to see it).
2. B states a fact.
3. Does B disprove A's claim? Same specific issue only, not just same topic.

Output pattern (always use this exact shape):
A: <phrase>
B: <phrase>
Answer: Yes/No

Examples:

A: no_evident_not_easy_check-in
B: customer_wait_10_minute_for_greet
Answer: Yes

A: no_evident_not_easy_check-in
B: no_one_give_key_on_late_check-in
Answer: No

A: no_evident_not_great_quality
B: shampoo_seem_cheap_considering_hotel_cost
Answer: Yes

A: no_evident_not_great_quality
B: expensive_hotel
Answer: No

Now answer for this pair. Output ONLY the final line ""Answer: Yes"" or ""Answer: No"" — no other text.

A: no_evident_not_reasonable_price
B: unlabeled_shampoo_dispenser_for_this_price
Answer:
","A: no_evident_not_reasonable_price
B: unlabeled_shampoo_dispenser_for_this_price
Answer: Yes"
2026-08-10 23:19:15,2,106,no_evident_not_reasonable_price,shampoo_seem_cheap_considering_hotel_cost,"Task: decide if Proposition B contradicts Assumption A.

Steps:
1. A defends a claim (strip ""no_evident_not_"" / ""have_evident_"" to see it).
2. B states a fact.
3. Does B disprove A's claim? Same specific issue only, not just same topic.

Output pattern (always use this exact shape):
A: <phrase>
B: <phrase>
Answer: Yes/No

Examples:

A: no_evident_not_easy_check-in
B: customer_wait_10_minute_for_greet
Answer: Yes

A: no_evident_not_easy_check-in
B: no_one_give_key_on_late_check-in
Answer: No

A: no_evident_not_great_quality
B: shampoo_seem_cheap_considering_hotel_cost
Answer: Yes

A: no_evident_not_great_quality
B: expensive_hotel
Answer: No

Now answer for this pair. Output ONLY the final line ""Answer: Yes"" or ""Answer: No"" — no other text.

A: no_evident_not_reasonable_price
B: shampoo_seem_cheap_considering_hotel_cost
Answer:
",Answer: Yes
2026-08-10 23:19:16,2,107,no_evident_not_reasonable_price,guesthouse_but_price_like_hotel,"Task: decide if Proposition B contradicts Assumption A.

Steps:
1. A defends a claim (strip ""no_evident_not_"" / ""have_evident_"" to see it).
2. B states a fact.
3. Does B disprove A's claim? Same specific issue only, not just same topic.

Output pattern (always use this exact shape):
A: <phrase>
B: <phrase>
Answer: Yes/No

Examples:

A: no_evident_not_easy_check-in
B: customer_wait_10_minute_for_greet
Answer: Yes

A: no_evident_not_easy_check-in
B: no_one_give_key_on_late_check-in
Answer: No

A: no_evident_not_great_quality
B: shampoo_seem_cheap_considering_hotel_cost
Answer: Yes

A: no_evident_not_great_quality
B: expensive_hotel
Answer: No

Now answer for this pair. Output ONLY the final line ""Answer: Yes"" or ""Answer: No"" — no other text.

A: no_evident_not_reasonable_price
B: guesthouse_but_price_like_hotel
Answer:
","A: no_evident_not_reasonable_price
B: guesthouse_but_price_like_hotel
Answer: Yes"
2026-08-10 23:19:16,2,108,no_evident_not_reasonable_price,for_money_you_pay_you_get_one_small_water_bottle,"Task: decide if Proposition B contradicts Assumption A.

Steps:
1. A defends a claim (strip ""no_evident_not_"" / ""have_evident_"" to see it).
2. B states a fact.
3. Does B disprove A's claim? Same specific issue only, not just same topic.

Output pattern (always use this exact shape):
A: <phrase>
B: <phrase>
Answer: Yes/No

Examples:

A: no_evident_not_easy_check-in
B: customer_wait_10_minute_for_greet
Answer: Yes

A: no_evident_not_easy_check-in
B: no_one_give_key_on_late_check-in
Answer: No

A: no_evident_not_great_quality
B: shampoo_seem_cheap_considering_hotel_cost
Answer: Yes

A: no_evident_not_great_quality
B: expensive_hotel
Answer: No

Now answer for this pair. Output ONLY the final line ""Answer: Yes"" or ""Answer: No"" — no other text.

A: no_evident_not_reasonable_price
B: for_money_you_pay_you_get_one_small_water_bottle
Answer:
","A: no_evident_not_reasonable_price
B: for_money_you_pay_you_get_one_small_water_bottle
Answer: Yes"
2026-08-10 23:19:16,2,109,no_evident_not_reasonable_price,expensive_for_what_you_get,"Task: decide if Proposition B contradicts Assumption A.

Steps:
1. A defends a claim (strip ""no_evident_not_"" / ""have_evident_"" to see it).
2. B states a fact.
3. Does B disprove A's claim? Same specific issue only, not just same topic.

Output pattern (always use this exact shape):
A: <phrase>
B: <phrase>
Answer: Yes/No

Examples:

A: no_evident_not_easy_check-in
B: customer_wait_10_minute_for_greet
Answer: Yes

A: no_evident_not_easy_check-in
B: no_one_give_key_on_late_check-in
Answer: No

A: no_evident_not_great_quality
B: shampoo_seem_cheap_considering_hotel_cost
Answer: Yes

A: no_evident_not_great_quality
B: expensive_hotel
Answer: No

Now answer for this pair. Output ONLY the final line ""Answer: Yes"" or ""Answer: No"" — no other text.

A: no_evident_not_reasonable_price
B: expensive_for_what_you_get
Answer:
","A: no_evident_not_reasonable_price
B: expensive_for_what_you_get
Answer: Yes"
2026-08-10 23:19:17,2,110,no_evident_not_reasonable_price,expensive_rate_for_what_offer,"Task: decide if Proposition B contradicts Assumption A.

Steps:
1. A defends a claim (strip ""no_evident_not_"" / ""have_evident_"" to see it).
2. B states a fact.
3. Does B disprove A's claim? Same specific issue only, not just same topic.

Output pattern (always use this exact shape):
A: <phrase>
B: <phrase>
Answer: Yes/No

Examples:

A: no_evident_not_easy_check-in
B: customer_wait_10_minute_for_greet
Answer: Yes

A: no_evident_not_easy_check-in
B: no_one_give_key_on_late_check-in
Answer: No

A: no_evident_not_great_quality
B: shampoo_seem_cheap_considering_hotel_cost
Answer: Yes

A: no_evident_not_great_quality
B: expensive_hotel
Answer: No

Now answer for this pair. Output ONLY the final line ""Answer: Yes"" or ""Answer: No"" — no other text.

A: no_evident_not_reasonable_price
B: expensive_rate_for_what_offer
Answer:
","A: no_evident_not_reasonable_price
B: expensive_rate_for_what_offer
Answer: Yes"
2026-08-10 23:19:17,2,111,no_evident_not_reasonable_price,overpriced_for_facility,"Task: decide if Proposition B contradicts Assumption A.

Steps:
1. A defends a claim (strip ""no_evident_not_"" / ""have_evident_"" to see it).
2. B states a fact.
3. Does B disprove A's claim? Same specific issue only, not just same topic.

Output pattern (always use this exact shape):
A: <phrase>
B: <phrase>
Answer: Yes/No

Examples:

A: no_evident_not_easy_check-in
B: customer_wait_10_minute_for_greet
Answer: Yes

A: no_evident_not_easy_check-in
B: no_one_give_key_on_late_check-in
Answer: No

A: no_evident_not_great_quality
B: shampoo_seem_cheap_considering_hotel_cost
Answer: Yes

A: no_evident_not_great_quality
B: expensive_hotel
Answer: No

Now answer for this pair. Output ONLY the final line ""Answer: Yes"" or ""Answer: No"" — no other text.

A: no_evident_not_reasonable_price
B: overpriced_for_facility
Answer:
","A: no_evident_not_reasonable_price
B: overpriced_for_facility
Answer: Yes"
2026-08-10 23:19:17,2,112,no_evident_not_reasonable_price,meal_not_include_in_price,"Task: decide if Proposition B contradicts Assumption A.

Steps:
1. A defends a claim (strip ""no_evident_not_"" / ""have_evident_"" to see it).
2. B states a fact.
3. Does B disprove A's claim? Same specific issue only, not just same topic.

Output pattern (always use this exact shape):
A: <phrase>
B: <phrase>
Answer: Yes/No

Examples:

A: no_evident_not_easy_check-in
B: customer_wait_10_minute_for_greet
Answer: Yes

A: no_evident_not_easy_check-in
B: no_one_give_key_on_late_check-in
Answer: No

A: no_evident_not_great_quality
B: shampoo_seem_cheap_considering_hotel_cost
Answer: Yes

A: no_evident_not_great_quality
B: expensive_hotel
Answer: No

Now answer for this pair. Output ONLY the final line ""Answer: Yes"" or ""Answer: No"" — no other text.

A: no_evident_not_reasonable_price
B: meal_not_include_in_price
Answer:
","A: no_evident_not_reasonable_price
B: meal_not_include_in_price
Answer: Yes"
2026-08-10 23:19:18,2,114,no_evident_not_reasonable_price,high_price_for_small_room,"Task: decide if Proposition B contradicts Assumption A.

Steps:
1. A defends a claim (strip ""no_evident_not_"" / ""have_evident_"" to see it).
2. B states a fact.
3. Does B disprove A's claim? Same specific issue only, not just same topic.

Output pattern (always use this exact shape):
A: <phrase>
B: <phrase>
Answer: Yes/No

Examples:

A: no_evident_not_easy_check-in
B: customer_wait_10_minute_for_greet
Answer: Yes

A: no_evident_not_easy_check-in
B: no_one_give_key_on_late_check-in
Answer: No

A: no_evident_not_great_quality
B: shampoo_seem_cheap_considering_hotel_cost
Answer: Yes

A: no_evident_not_great_quality
B: expensive_hotel
Answer: No

Now answer for this pair. Output ONLY the final line ""Answer: Yes"" or ""Answer: No"" — no other text.

A: no_evident_not_reasonable_price
B: high_price_for_small_room
Answer:
","A: no_evident_not_reasonable_price
B: high_price_for_small_room
Answer: Yes"
2026-08-10 23:19:18,2,113,no_evident_not_reasonable_price,high_price_for_not_enough_comfort_room,"Task: decide if Proposition B contradicts Assumption A.

Steps:
1. A defends a claim (strip ""no_evident_not_"" / ""have_evident_"" to see it).
2. B states a fact.
3. Does B disprove A's claim? Same specific issue only, not just same topic.

Output pattern (always use this exact shape):
A: <phrase>
B: <phrase>
Answer: Yes/No

Examples:

A: no_evident_not_easy_check-in
B: customer_wait_10_minute_for_greet
Answer: Yes

A: no_evident_not_easy_check-in
B: no_one_give_key_on_late_check-in
Answer: No

A: no_evident_not_great_quality
B: shampoo_seem_cheap_considering_hotel_cost
Answer: Yes

A: no_evident_not_great_quality
B: expensive_hotel
Answer: No

Now answer for this pair. Output ONLY the final line ""Answer: Yes"" or ""Answer: No"" — no other text.

A: no_evident_not_reasonable_price
B: high_price_for_not_enough_comfort_room
Answer:
","A: no_evident_not_reasonable_price
B: high_price_for_not_enough_comfort_room
Answer: Yes"
2026-08-10 23:19:18,2,115,no_evident_not_reasonable_price,expensive_hotel,"Task: decide if Proposition B contradicts Assumption A.

Steps:
1. A defends a claim (strip ""no_evident_not_"" / ""have_evident_"" to see it).
2. B states a fact.
3. Does B disprove A's claim? Same specific issue only, not just same topic.

Output pattern (always use this exact shape):
A: <phrase>
B: <phrase>
Answer: Yes/No

Examples:

A: no_evident_not_easy_check-in
B: customer_wait_10_minute_for_greet
Answer: Yes

A: no_evident_not_easy_check-in
B: no_one_give_key_on_late_check-in
Answer: No

A: no_evident_not_great_quality
B: shampoo_seem_cheap_considering_hotel_cost
Answer: Yes

A: no_evident_not_great_quality
B: expensive_hotel
Answer: No

Now answer for this pair. Output ONLY the final line ""Answer: Yes"" or ""Answer: No"" — no other text.

A: no_evident_not_reasonable_price
B: expensive_hotel
Answer:
",Answer: Yes
2026-08-10 23:19:18,2,116,no_evident_not_reasonable_price,expensive_for_average_hotel,"Task: decide if Proposition B contradicts Assumption A.

Steps:
1. A defends a claim (strip ""no_evident_not_"" / ""have_evident_"" to see it).
2. B states a fact.
3. Does B disprove A's claim? Same specific issue only, not just same topic.

Output pattern (always use this exact shape):
A: <phrase>
B: <phrase>
Answer: Yes/No

Examples:

A: no_evident_not_easy_check-in
B: customer_wait_10_minute_for_greet
Answer: Yes

A: no_evident_not_easy_check-in
B: no_one_give_key_on_late_check-in
Answer: No

A: no_evident_not_great_quality
B: shampoo_seem_cheap_considering_hotel_cost
Answer: Yes

A: no_evident_not_great_quality
B: expensive_hotel
Answer: No

Now answer for this pair. Output ONLY the final line ""Answer: Yes"" or ""Answer: No"" — no other text.

A: no_evident_not_reasonable_price
B: expensive_for_average_hotel
Answer:
","A: no_evident_not_reasonable_price
B: expensive_for_average_hotel
Answer: Yes"
2026-08-10 23:19:19,2,117,no_evident_not_reasonable_price,expensive_for_3_star_hotel,"Task: decide if Proposition B contradicts Assumption A.

Steps:
1. A defends a claim (strip ""no_evident_not_"" / ""have_evident_"" to see it).
2. B states a fact.
3. Does B disprove A's claim? Same specific issue only, not just same topic.

Output pattern (always use this exact shape):
A: <phrase>
B: <phrase>
Answer: Yes/No

Examples:

A: no_evident_not_easy_check-in
B: customer_wait_10_minute_for_greet
Answer: Yes

A: no_evident_not_easy_check-in
B: no_one_give_key_on_late_check-in
Answer: No

A: no_evident_not_great_quality
B: shampoo_seem_cheap_considering_hotel_cost
Answer: Yes

A: no_evident_not_great_quality
B: expensive_hotel
Answer: No

Now answer for this pair. Output ONLY the final line ""Answer: Yes"" or ""Answer: No"" — no other text.

A: no_evident_not_reasonable_price
B: expensive_for_3_star_hotel
Answer:
","A: no_evident_not_reasonable_price
B: expensive_for_3_star_hotel
Answer: Yes"
2026-08-10 23:19:19,2,118,no_evident_not_beautiful_hotel_for_cheap_price,unlabeled_shampoo_dispenser_for_this_price,"Task: decide if Proposition B contradicts Assumption A.

Steps:
1. A defends a claim (strip ""no_evident_not_"" / ""have_evident_"" to see it).
2. B states a fact.
3. Does B disprove A's claim? Same specific issue only, not just same topic.

Output pattern (always use this exact shape):
A: <phrase>
B: <phrase>
Answer: Yes/No

Examples:

A: no_evident_not_easy_check-in
B: customer_wait_10_minute_for_greet
Answer: Yes

A: no_evident_not_easy_check-in
B: no_one_give_key_on_late_check-in
Answer: No

A: no_evident_not_great_quality
B: shampoo_seem_cheap_considering_hotel_cost
Answer: Yes

A: no_evident_not_great_quality
B: expensive_hotel
Answer: No

Now answer for this pair. Output ONLY the final line ""Answer: Yes"" or ""Answer: No"" — no other text.

A: no_evident_not_beautiful_hotel_for_cheap_price
B: unlabeled_shampoo_dispenser_for_this_price
Answer:
","A: no_evident_not_beautiful_hotel_forCheapPrice
B: shampoo_seem CheapConsideringHotelCost
Answer: Yes"
2026-08-10 23:19:19,2,119,no_evident_not_beautiful_hotel_for_cheap_price,shampoo_seem_cheap_considering_hotel_cost,"Task: decide if Proposition B contradicts Assumption A.

Steps:
1. A defends a claim (strip ""no_evident_not_"" / ""have_evident_"" to see it).
2. B states a fact.
3. Does B disprove A's claim? Same specific issue only, not just same topic.

Output pattern (always use this exact shape):
A: <phrase>
B: <phrase>
Answer: Yes/No

Examples:

A: no_evident_not_easy_check-in
B: customer_wait_10_minute_for_greet
Answer: Yes

A: no_evident_not_easy_check-in
B: no_one_give_key_on_late_check-in
Answer: No

A: no_evident_not_great_quality
B: shampoo_seem_cheap_considering_hotel_cost
Answer: Yes

A: no_evident_not_great_quality
B: expensive_hotel
Answer: No

Now answer for this pair. Output ONLY the final line ""Answer: Yes"" or ""Answer: No"" — no other text.

A: no_evident_not_beautiful_hotel_for_cheap_price
B: shampoo_seem_cheap_considering_hotel_cost
Answer:
",Answer: Yes
2026-08-10 23:19:20,2,120,no_evident_not_beautiful_hotel_for_cheap_price,guesthouse_but_price_like_hotel,"Task: decide if Proposition B contradicts Assumption A.

Steps:
1. A defends a claim (strip ""no_evident_not_"" / ""have_evident_"" to see it).
2. B states a fact.
3. Does B disprove A's claim? Same specific issue only, not just same topic.

Output pattern (always use this exact shape):
A: <phrase>
B: <phrase>
Answer: Yes/No

Examples:

A: no_evident_not_easy_check-in
B: customer_wait_10_minute_for_greet
Answer: Yes

A: no_evident_not_easy_check-in
B: no_one_give_key_on_late_check-in
Answer: No

A: no_evident_not_great_quality
B: shampoo_seem_cheap_considering_hotel_cost
Answer: Yes

A: no_evident_not_great_quality
B: expensive_hotel
Answer: No

Now answer for this pair. Output ONLY the final line ""Answer: Yes"" or ""Answer: No"" — no other text.

A: no_evident_not_beautiful_hotel_for_cheap_price
B: guesthouse_but_price_like_hotel
Answer:
","A: no_evident_not_beautiful_hotel_forCheapPrice
B: guesthouse_but_price_like_hotel
Answer: Yes"
2026-08-10 23:19:20,2,121,no_evident_not_beautiful_hotel_for_cheap_price,for_money_you_pay_you_get_one_small_water_bottle,"Task: decide if Proposition B contradicts Assumption A.

Steps:
1. A defends a claim (strip ""no_evident_not_"" / ""have_evident_"" to see it).
2. B states a fact.
3. Does B disprove A's claim? Same specific issue only, not just same topic.

Output pattern (always use this exact shape):
A: <phrase>
B: <phrase>
Answer: Yes/No

Examples:

A: no_evident_not_easy_check-in
B: customer_wait_10_minute_for_greet
Answer: Yes

A: no_evident_not_easy_check-in
B: no_one_give_key_on_late_check-in
Answer: No

A: no_evident_not_great_quality
B: shampoo_seem_cheap_considering_hotel_cost
Answer: Yes

A: no_evident_not_great_quality
B: expensive_hotel
Answer: No

Now answer for this pair. Output ONLY the final line ""Answer: Yes"" or ""Answer: No"" — no other text.

A: no_evident_not_beautiful_hotel_for_cheap_price
B: for_money_you_pay_you_get_one_small_water_bottle
Answer:
","A: no_evident_not_beautiful_hotel_forCheapPrice
B: forMoneyYouPayYouGetOneSmallWaterBottle
Answer: Yes"
2026-08-10 23:19:21,2,122,no_evident_not_beautiful_hotel_for_cheap_price,expensive_for_what_you_get,"Task: decide if Proposition B contradicts Assumption A.

Steps:
1. A defends a claim (strip ""no_evident_not_"" / ""have_evident_"" to see it).
2. B states a fact.
3. Does B disprove A's claim? Same specific issue only, not just same topic.

Output pattern (always use this exact shape):
A: <phrase>
B: <phrase>
Answer: Yes/No

Examples:

A: no_evident_not_easy_check-in
B: customer_wait_10_minute_for_greet
Answer: Yes

A: no_evident_not_easy_check-in
B: no_one_give_key_on_late_check-in
Answer: No

A: no_evident_not_great_quality
B: shampoo_seem_cheap_considering_hotel_cost
Answer: Yes

A: no_evident_not_great_quality
B: expensive_hotel
Answer: No

Now answer for this pair. Output ONLY the final line ""Answer: Yes"" or ""Answer: No"" — no other text.

A: no_evident_not_beautiful_hotel_for_cheap_price
B: expensive_for_what_you_get
Answer:
","A: no_evident_not_beautiful_hotel_forCheapPrice
B: expensive_for_whatyouget
Answer: Yes"
2026-08-10 23:19:21,2,123,no_evident_not_beautiful_hotel_for_cheap_price,expensive_rate_for_what_offer,"Task: decide if Proposition B contradicts Assumption A.

Steps:
1. A defends a claim (strip ""no_evident_not_"" / ""have_evident_"" to see it).
2. B states a fact.
3. Does B disprove A's claim? Same specific issue only, not just same topic.

Output pattern (always use this exact shape):
A: <phrase>
B: <phrase>
Answer: Yes/No

Examples:

A: no_evident_not_easy_check-in
B: customer_wait_10_minute_for_greet
Answer: Yes

A: no_evident_not_easy_check-in
B: no_one_give_key_on_late_check-in
Answer: No

A: no_evident_not_great_quality
B: shampoo_seem_cheap_considering_hotel_cost
Answer: Yes

A: no_evident_not_great_quality
B: expensive_hotel
Answer: No

Now answer for this pair. Output ONLY the final line ""Answer: Yes"" or ""Answer: No"" — no other text.

A: no_evident_not_beautiful_hotel_for_cheap_price
B: expensive_rate_for_what_offer
Answer:
",Answer: Yes
2026-08-10 23:19:21,2,124,no_evident_not_beautiful_hotel_for_cheap_price,overpriced_for_facility,"Task: decide if Proposition B contradicts Assumption A.

Steps:
1. A defends a claim (strip ""no_evident_not_"" / ""have_evident_"" to see it).
2. B states a fact.
3. Does B disprove A's claim? Same specific issue only, not just same topic.

Output pattern (always use this exact shape):
A: <phrase>
B: <phrase>
Answer: Yes/No

Examples:

A: no_evident_not_easy_check-in
B: customer_wait_10_minute_for_greet
Answer: Yes

A: no_evident_not_easy_check-in
B: no_one_give_key_on_late_check-in
Answer: No

A: no_evident_not_great_quality
B: shampoo_seem_cheap_considering_hotel_cost
Answer: Yes

A: no_evident_not_great_quality
B: expensive_hotel
Answer: No

Now answer for this pair. Output ONLY the final line ""Answer: Yes"" or ""Answer: No"" — no other text.

A: no_evident_not_beautiful_hotel_for_cheap_price
B: overpriced_for_facility
Answer:
","A: no_evident_not_beautiful_hotel_forCheapPrice
B: overpriced_for_facility
Answer: Yes"
2026-08-10 23:19:21,2,125,no_evident_not_beautiful_hotel_for_cheap_price,meal_not_include_in_price,"Task: decide if Proposition B contradicts Assumption A.

Steps:
1. A defends a claim (strip ""no_evident_not_"" / ""have_evident_"" to see it).
2. B states a fact.
3. Does B disprove A's claim? Same specific issue only, not just same topic.

Output pattern (always use this exact shape):
A: <phrase>
B: <phrase>
Answer: Yes/No

Examples:

A: no_evident_not_easy_check-in
B: customer_wait_10_minute_for_greet
Answer: Yes

A: no_evident_not_easy_check-in
B: no_one_give_key_on_late_check-in
Answer: No

A: no_evident_not_great_quality
B: shampoo_seem_cheap_considering_hotel_cost
Answer: Yes

A: no_evident_not_great_quality
B: expensive_hotel
Answer: No

Now answer for this pair. Output ONLY the final line ""Answer: Yes"" or ""Answer: No"" — no other text.

A: no_evident_not_beautiful_hotel_for_cheap_price
B: meal_not_include_in_price
Answer:
","A: no_evident_not_beautiful_hotel_forCheapPrice
B: meal_notincludeinprice
Answer: Yes"
2026-08-10 23:19:22,2,126,no_evident_not_beautiful_hotel_for_cheap_price,high_price_for_not_enough_comfort_room,"Task: decide if Proposition B contradicts Assumption A.

Steps:
1. A defends a claim (strip ""no_evident_not_"" / ""have_evident_"" to see it).
2. B states a fact.
3. Does B disprove A's claim? Same specific issue only, not just same topic.

Output pattern (always use this exact shape):
A: <phrase>
B: <phrase>
Answer: Yes/No

Examples:

A: no_evident_not_easy_check-in
B: customer_wait_10_minute_for_greet
Answer: Yes

A: no_evident_not_easy_check-in
B: no_one_give_key_on_late_check-in
Answer: No

A: no_evident_not_great_quality
B: shampoo_seem_cheap_considering_hotel_cost
Answer: Yes

A: no_evident_not_great_quality
B: expensive_hotel
Answer: No

Now answer for this pair. Output ONLY the final line ""Answer: Yes"" or ""Answer: No"" — no other text.

A: no_evident_not_beautiful_hotel_for_cheap_price
B: high_price_for_not_enough_comfort_room
Answer:
","A: no_evident_not_beautiful_hotel_forCheapPrice
B: high_price_for_not_enough_comfort_room
Answer: Yes"
2026-08-10 23:19:22,2,127,no_evident_not_beautiful_hotel_for_cheap_price,high_price_for_small_room,"Task: decide if Proposition B contradicts Assumption A.

Steps:
1. A defends a claim (strip ""no_evident_not_"" / ""have_evident_"" to see it).
2. B states a fact.
3. Does B disprove A's claim? Same specific issue only, not just same topic.

Output pattern (always use this exact shape):
A: <phrase>
B: <phrase>
Answer: Yes/No

Examples:

A: no_evident_not_easy_check-in
B: customer_wait_10_minute_for_greet
Answer: Yes

A: no_evident_not_easy_check-in
B: no_one_give_key_on_late_check-in
Answer: No

A: no_evident_not_great_quality
B: shampoo_seem_cheap_considering_hotel_cost
Answer: Yes

A: no_evident_not_great_quality
B: expensive_hotel
Answer: No

Now answer for this pair. Output ONLY the final line ""Answer: Yes"" or ""Answer: No"" — no other text.

A: no_evident_not_beautiful_hotel_for_cheap_price
B: high_price_for_small_room
Answer:
","A: no_evident_not_beautiful_hotel_forCheapPrice
B: high_price_for_small_room
Answer: Yes"
2026-08-10 23:19:22,2,128,no_evident_not_beautiful_hotel_for_cheap_price,expensive_hotel,"Task: decide if Proposition B contradicts Assumption A.

Steps:
1. A defends a claim (strip ""no_evident_not_"" / ""have_evident_"" to see it).
2. B states a fact.
3. Does B disprove A's claim? Same specific issue only, not just same topic.

Output pattern (always use this exact shape):
A: <phrase>
B: <phrase>
Answer: Yes/No

Examples:

A: no_evident_not_easy_check-in
B: customer_wait_10_minute_for_greet
Answer: Yes

A: no_evident_not_easy_check-in
B: no_one_give_key_on_late_check-in
Answer: No

A: no_evident_not_great_quality
B: shampoo_seem_cheap_considering_hotel_cost
Answer: Yes

A: no_evident_not_great_quality
B: expensive_hotel
Answer: No

Now answer for this pair. Output ONLY the final line ""Answer: Yes"" or ""Answer: No"" — no other text.

A: no_evident_not_beautiful_hotel_for_cheap_price
B: expensive_hotel
Answer:
",Answer: Yes
2026-08-10 23:19:23,2,129,no_evident_not_beautiful_hotel_for_cheap_price,expensive_for_average_hotel,"Task: decide if Proposition B contradicts Assumption A.

Steps:
1. A defends a claim (strip ""no_evident_not_"" / ""have_evident_"" to see it).
2. B states a fact.
3. Does B disprove A's claim? Same specific issue only, not just same topic.

Output pattern (always use this exact shape):
A: <phrase>
B: <phrase>
Answer: Yes/No

Examples:

A: no_evident_not_easy_check-in
B: customer_wait_10_minute_for_greet
Answer: Yes

A: no_evident_not_easy_check-in
B: no_one_give_key_on_late_check-in
Answer: No

A: no_evident_not_great_quality
B: shampoo_seem_cheap_considering_hotel_cost
Answer: Yes

A: no_evident_not_great_quality
B: expensive_hotel
Answer: No

Now answer for this pair. Output ONLY the final line ""Answer: Yes"" or ""Answer: No"" — no other text.

A: no_evident_not_beautiful_hotel_for_cheap_price
B: expensive_for_average_hotel
Answer:
","A: no_evident_not_beautiful_hotel_forCheapPrice
B: expensive_for_average_hotel
Answer: Yes"
2026-08-10 23:19:23,2,130,no_evident_not_beautiful_hotel_for_cheap_price,expensive_for_3_star_hotel,"Task: decide if Proposition B contradicts Assumption A.

Steps:
1. A defends a claim (strip ""no_evident_not_"" / ""have_evident_"" to see it).
2. B states a fact.
3. Does B disprove A's claim? Same specific issue only, not just same topic.

Output pattern (always use this exact shape):
A: <phrase>
B: <phrase>
Answer: Yes/No

Examples:

A: no_evident_not_easy_check-in
B: customer_wait_10_minute_for_greet
Answer: Yes

A: no_evident_not_easy_check-in
B: no_one_give_key_on_late_check-in
Answer: No

A: no_evident_not_great_quality
B: shampoo_seem_cheap_considering_hotel_cost
Answer: Yes

A: no_evident_not_great_quality
B: expensive_hotel
Answer: No

Now answer for this pair. Output ONLY the final line ""Answer: Yes"" or ""Answer: No"" — no other text.

A: no_evident_not_beautiful_hotel_for_cheap_price
B: expensive_for_3_star_hotel
Answer:
","A: no_evident_not_beautiful_hotel_forCheapPrice
B: expensive_for_3_star_hotel
Answer: Yes"
2026-08-10 23:19:24,2,131,no_evident_not_great_for_price,unlabeled_shampoo_dispenser_for_this_price,"Task: decide if Proposition B contradicts Assumption A.

Steps:
1. A defends a claim (strip ""no_evident_not_"" / ""have_evident_"" to see it).
2. B states a fact.
3. Does B disprove A's claim? Same specific issue only, not just same topic.

Output pattern (always use this exact shape):
A: <phrase>
B: <phrase>
Answer: Yes/No

Examples:

A: no_evident_not_easy_check-in
B: customer_wait_10_minute_for_greet
Answer: Yes

A: no_evident_not_easy_check-in
B: no_one_give_key_on_late_check-in
Answer: No

A: no_evident_not_great_quality
B: shampoo_seem_cheap_considering_hotel_cost
Answer: Yes

A: no_evident_not_great_quality
B: expensive_hotel
Answer: No

Now answer for this pair. Output ONLY the final line ""Answer: Yes"" or ""Answer: No"" — no other text.

A: no_evident_not_great_for_price
B: unlabeled_shampoo_dispenser_for_this_price
Answer:
","A: no_evident_not_great_for_price
B: unlabeled_shampoo_dispenser_for_this_price
Answer: Yes"
2026-08-10 23:19:24,2,132,no_evident_not_great_for_price,shampoo_seem_cheap_considering_hotel_cost,"Task: decide if Proposition B contradicts Assumption A.

Steps:
1. A defends a claim (strip ""no_evident_not_"" / ""have_evident_"" to see it).
2. B states a fact.
3. Does B disprove A's claim? Same specific issue only, not just same topic.

Output pattern (always use this exact shape):
A: <phrase>
B: <phrase>
Answer: Yes/No

Examples:

A: no_evident_not_easy_check-in
B: customer_wait_10_minute_for_greet
Answer: Yes

A: no_evident_not_easy_check-in
B: no_one_give_key_on_late_check-in
Answer: No

A: no_evident_not_great_quality
B: shampoo_seem_cheap_considering_hotel_cost
Answer: Yes

A: no_evident_not_great_quality
B: expensive_hotel
Answer: No

Now answer for this pair. Output ONLY the final line ""Answer: Yes"" or ""Answer: No"" — no other text.

A: no_evident_not_great_for_price
B: shampoo_seem_cheap_considering_hotel_cost
Answer:
",Answer: Yes
2026-08-10 23:19:24,2,133,no_evident_not_great_for_price,guesthouse_but_price_like_hotel,"Task: decide if Proposition B contradicts Assumption A.

Steps:
1. A defends a claim (strip ""no_evident_not_"" / ""have_evident_"" to see it).
2. B states a fact.
3. Does B disprove A's claim? Same specific issue only, not just same topic.

Output pattern (always use this exact shape):
A: <phrase>
B: <phrase>
Answer: Yes/No

Examples:

A: no_evident_not_easy_check-in
B: customer_wait_10_minute_for_greet
Answer: Yes

A: no_evident_not_easy_check-in
B: no_one_give_key_on_late_check-in
Answer: No

A: no_evident_not_great_quality
B: shampoo_seem_cheap_considering_hotel_cost
Answer: Yes

A: no_evident_not_great_quality
B: expensive_hotel
Answer: No

Now answer for this pair. Output ONLY the final line ""Answer: Yes"" or ""Answer: No"" — no other text.

A: no_evident_not_great_for_price
B: guesthouse_but_price_like_hotel
Answer:
","A: no_evident_not_great_for_price
B: guesthouse_but_price_like_hotel
Answer: Yes"
2026-08-10 23:19:24,2,134,no_evident_not_great_for_price,for_money_you_pay_you_get_one_small_water_bottle,"Task: decide if Proposition B contradicts Assumption A.

Steps:
1. A defends a claim (strip ""no_evident_not_"" / ""have_evident_"" to see it).
2. B states a fact.
3. Does B disprove A's claim? Same specific issue only, not just same topic.

Output pattern (always use this exact shape):
A: <phrase>
B: <phrase>
Answer: Yes/No

Examples:

A: no_evident_not_easy_check-in
B: customer_wait_10_minute_for_greet
Answer: Yes

A: no_evident_not_easy_check-in
B: no_one_give_key_on_late_check-in
Answer: No

A: no_evident_not_great_quality
B: shampoo_seem_cheap_considering_hotel_cost
Answer: Yes

A: no_evident_not_great_quality
B: expensive_hotel
Answer: No

Now answer for this pair. Output ONLY the final line ""Answer: Yes"" or ""Answer: No"" — no other text.

A: no_evident_not_great_for_price
B: for_money_you_pay_you_get_one_small_water_bottle
Answer:
","A: no_evident_not_great_for_price
B: for_money_you_pay_you_get_one_small_water_bottle
Answer: Yes"
2026-08-10 23:19:25,2,135,no_evident_not_great_for_price,expensive_for_what_you_get,"Task: decide if Proposition B contradicts Assumption A.

Steps:
1. A defends a claim (strip ""no_evident_not_"" / ""have_evident_"" to see it).
2. B states a fact.
3. Does B disprove A's claim? Same specific issue only, not just same topic.

Output pattern (always use this exact shape):
A: <phrase>
B: <phrase>
Answer: Yes/No

Examples:

A: no_evident_not_easy_check-in
B: customer_wait_10_minute_for_greet
Answer: Yes

A: no_evident_not_easy_check-in
B: no_one_give_key_on_late_check-in
Answer: No

A: no_evident_not_great_quality
B: shampoo_seem_cheap_considering_hotel_cost
Answer: Yes

A: no_evident_not_great_quality
B: expensive_hotel
Answer: No

Now answer for this pair. Output ONLY the final line ""Answer: Yes"" or ""Answer: No"" — no other text.

A: no_evident_not_great_for_price
B: expensive_for_what_you_get
Answer:
",Answer: Yes
2026-08-10 23:19:25,2,136,no_evident_not_great_for_price,expensive_rate_for_what_offer,"Task: decide if Proposition B contradicts Assumption A.

Steps:
1. A defends a claim (strip ""no_evident_not_"" / ""have_evident_"" to see it).
2. B states a fact.
3. Does B disprove A's claim? Same specific issue only, not just same topic.

Output pattern (always use this exact shape):
A: <phrase>
B: <phrase>
Answer: Yes/No

Examples:

A: no_evident_not_easy_check-in
B: customer_wait_10_minute_for_greet
Answer: Yes

A: no_evident_not_easy_check-in
B: no_one_give_key_on_late_check-in
Answer: No

A: no_evident_not_great_quality
B: shampoo_seem_cheap_considering_hotel_cost
Answer: Yes

A: no_evident_not_great_quality
B: expensive_hotel
Answer: No

Now answer for this pair. Output ONLY the final line ""Answer: Yes"" or ""Answer: No"" — no other text.

A: no_evident_not_great_for_price
B: expensive_rate_for_what_offer
Answer:
",Answer: Yes
2026-08-10 23:19:25,2,137,no_evident_not_great_for_price,overpriced_for_facility,"Task: decide if Proposition B contradicts Assumption A.

Steps:
1. A defends a claim (strip ""no_evident_not_"" / ""have_evident_"" to see it).
2. B states a fact.
3. Does B disprove A's claim? Same specific issue only, not just same topic.

Output pattern (always use this exact shape):
A: <phrase>
B: <phrase>
Answer: Yes/No

Examples:

A: no_evident_not_easy_check-in
B: customer_wait_10_minute_for_greet
Answer: Yes

A: no_evident_not_easy_check-in
B: no_one_give_key_on_late_check-in
Answer: No

A: no_evident_not_great_quality
B: shampoo_seem_cheap_considering_hotel_cost
Answer: Yes

A: no_evident_not_great_quality
B: expensive_hotel
Answer: No

Now answer for this pair. Output ONLY the final line ""Answer: Yes"" or ""Answer: No"" — no other text.

A: no_evident_not_great_for_price
B: overpriced_for_facility
Answer:
","A: no_evident_not_great_for_price
B: overpriced_for_facility
Answer: Yes"
2026-08-10 23:19:25,2,138,no_evident_not_great_for_price,meal_not_include_in_price,"Task: decide if Proposition B contradicts Assumption A.

Steps:
1. A defends a claim (strip ""no_evident_not_"" / ""have_evident_"" to see it).
2. B states a fact.
3. Does B disprove A's claim? Same specific issue only, not just same topic.

Output pattern (always use this exact shape):
A: <phrase>
B: <phrase>
Answer: Yes/No

Examples:

A: no_evident_not_easy_check-in
B: customer_wait_10_minute_for_greet
Answer: Yes

A: no_evident_not_easy_check-in
B: no_one_give_key_on_late_check-in
Answer: No

A: no_evident_not_great_quality
B: shampoo_seem_cheap_considering_hotel_cost
Answer: Yes

A: no_evident_not_great_quality
B: expensive_hotel
Answer: No

Now answer for this pair. Output ONLY the final line ""Answer: Yes"" or ""Answer: No"" — no other text.

A: no_evident_not_great_for_price
B: meal_not_include_in_price
Answer:
","A: no_evident_not_great_for_price
B: meal_not_include_in_price
Answer: Yes"
2026-08-10 23:19:25,2,139,no_evident_not_great_for_price,high_price_for_not_enough_comfort_room,"Task: decide if Proposition B contradicts Assumption A.

Steps:
1. A defends a claim (strip ""no_evident_not_"" / ""have_evident_"" to see it).
2. B states a fact.
3. Does B disprove A's claim? Same specific issue only, not just same topic.

Output pattern (always use this exact shape):
A: <phrase>
B: <phrase>
Answer: Yes/No

Examples:

A: no_evident_not_easy_check-in
B: customer_wait_10_minute_for_greet
Answer: Yes

A: no_evident_not_easy_check-in
B: no_one_give_key_on_late_check-in
Answer: No

A: no_evident_not_great_quality
B: shampoo_seem_cheap_considering_hotel_cost
Answer: Yes

A: no_evident_not_great_quality
B: expensive_hotel
Answer: No

Now answer for this pair. Output ONLY the final line ""Answer: Yes"" or ""Answer: No"" — no other text.

A: no_evident_not_great_for_price
B: high_price_for_not_enough_comfort_room
Answer:
",Answer: Yes
2026-08-10 23:19:26,2,140,no_evident_not_great_for_price,high_price_for_small_room,"Task: decide if Proposition B contradicts Assumption A.

Steps:
1. A defends a claim (strip ""no_evident_not_"" / ""have_evident_"" to see it).
2. B states a fact.
3. Does B disprove A's claim? Same specific issue only, not just same topic.

Output pattern (always use this exact shape):
A: <phrase>
B: <phrase>
Answer: Yes/No

Examples:

A: no_evident_not_easy_check-in
B: customer_wait_10_minute_for_greet
Answer: Yes

A: no_evident_not_easy_check-in
B: no_one_give_key_on_late_check-in
Answer: No

A: no_evident_not_great_quality
B: shampoo_seem_cheap_considering_hotel_cost
Answer: Yes

A: no_evident_not_great_quality
B: expensive_hotel
Answer: No

Now answer for this pair. Output ONLY the final line ""Answer: Yes"" or ""Answer: No"" — no other text.

A: no_evident_not_great_for_price
B: high_price_for_small_room
Answer:
",Answer: Yes
2026-08-10 23:19:26,2,141,no_evident_not_great_for_price,expensive_hotel,"Task: decide if Proposition B contradicts Assumption A.

Steps:
1. A defends a claim (strip ""no_evident_not_"" / ""have_evident_"" to see it).
2. B states a fact.
3. Does B disprove A's claim? Same specific issue only, not just same topic.

Output pattern (always use this exact shape):
A: <phrase>
B: <phrase>
Answer: Yes/No

Examples:

A: no_evident_not_easy_check-in
B: customer_wait_10_minute_for_greet
Answer: Yes

A: no_evident_not_easy_check-in
B: no_one_give_key_on_late_check-in
Answer: No

A: no_evident_not_great_quality
B: shampoo_seem_cheap_considering_hotel_cost
Answer: Yes

A: no_evident_not_great_quality
B: expensive_hotel
Answer: No

Now answer for this pair. Output ONLY the final line ""Answer: Yes"" or ""Answer: No"" — no other text.

A: no_evident_not_great_for_price
B: expensive_hotel
Answer:
",Answer: Yes
2026-08-10 23:19:26,2,142,no_evident_not_great_for_price,expensive_for_average_hotel,"Task: decide if Proposition B contradicts Assumption A.

Steps:
1. A defends a claim (strip ""no_evident_not_"" / ""have_evident_"" to see it).
2. B states a fact.
3. Does B disprove A's claim? Same specific issue only, not just same topic.

Output pattern (always use this exact shape):
A: <phrase>
B: <phrase>
Answer: Yes/No

Examples:

A: no_evident_not_easy_check-in
B: customer_wait_10_minute_for_greet
Answer: Yes

A: no_evident_not_easy_check-in
B: no_one_give_key_on_late_check-in
Answer: No

A: no_evident_not_great_quality
B: shampoo_seem_cheap_considering_hotel_cost
Answer: Yes

A: no_evident_not_great_quality
B: expensive_hotel
Answer: No

Now answer for this pair. Output ONLY the final line ""Answer: Yes"" or ""Answer: No"" — no other text.

A: no_evident_not_great_for_price
B: expensive_for_average_hotel
Answer:
","A: no_evident_not_great_for_price
B: expensive_for_average_hotel
Answer: Yes"
2026-08-10 23:19:26,2,143,no_evident_not_great_for_price,expensive_for_3_star_hotel,"Task: decide if Proposition B contradicts Assumption A.

Steps:
1. A defends a claim (strip ""no_evident_not_"" / ""have_evident_"" to see it).
2. B states a fact.
3. Does B disprove A's claim? Same specific issue only, not just same topic.

Output pattern (always use this exact shape):
A: <phrase>
B: <phrase>
Answer: Yes/No

Examples:

A: no_evident_not_easy_check-in
B: customer_wait_10_minute_for_greet
Answer: Yes

A: no_evident_not_easy_check-in
B: no_one_give_key_on_late_check-in
Answer: No

A: no_evident_not_great_quality
B: shampoo_seem_cheap_considering_hotel_cost
Answer: Yes

A: no_evident_not_great_quality
B: expensive_hotel
Answer: No

Now answer for this pair. Output ONLY the final line ""Answer: Yes"" or ""Answer: No"" — no other text.

A: no_evident_not_great_for_price
B: expensive_for_3_star_hotel
Answer:
","A: no_evident_not_great_for_price
B: expensive_for_3_star_hotel
Answer: Yes"
2026-08-10 23:19:27,2,144,no_evident_not_excellent_value_for_money,unlabeled_shampoo_dispenser_for_this_price,"Task: decide if Proposition B contradicts Assumption A.

Steps:
1. A defends a claim (strip ""no_evident_not_"" / ""have_evident_"" to see it).
2. B states a fact.
3. Does B disprove A's claim? Same specific issue only, not just same topic.

Output pattern (always use this exact shape):
A: <phrase>
B: <phrase>
Answer: Yes/No

Examples:

A: no_evident_not_easy_check-in
B: customer_wait_10_minute_for_greet
Answer: Yes

A: no_evident_not_easy_check-in
B: no_one_give_key_on_late_check-in
Answer: No

A: no_evident_not_great_quality
B: shampoo_seem_cheap_considering_hotel_cost
Answer: Yes

A: no_evident_not_great_quality
B: expensive_hotel
Answer: No

Now answer for this pair. Output ONLY the final line ""Answer: Yes"" or ""Answer: No"" — no other text.

A: no_evident_not_excellent_value_for_money
B: unlabeled_shampoo_dispenser_for_this_price
Answer:
","A: no_evident_not_excellent_value_for_money
B: unlabeled_shampoo_dispenser_for_this_price
Answer: Yes"
2026-08-10 23:19:27,2,145,no_evident_not_excellent_value_for_money,shampoo_seem_cheap_considering_hotel_cost,"Task: decide if Proposition B contradicts Assumption A.

Steps:
1. A defends a claim (strip ""no_evident_not_"" / ""have_evident_"" to see it).
2. B states a fact.
3. Does B disprove A's claim? Same specific issue only, not just same topic.

Output pattern (always use this exact shape):
A: <phrase>
B: <phrase>
Answer: Yes/No

Examples:

A: no_evident_not_easy_check-in
B: customer_wait_10_minute_for_greet
Answer: Yes

A: no_evident_not_easy_check-in
B: no_one_give_key_on_late_check-in
Answer: No

A: no_evident_not_great_quality
B: shampoo_seem_cheap_considering_hotel_cost
Answer: Yes

A: no_evident_not_great_quality
B: expensive_hotel
Answer: No

Now answer for this pair. Output ONLY the final line ""Answer: Yes"" or ""Answer: No"" — no other text.

A: no_evident_not_excellent_value_for_money
B: shampoo_seem_cheap_considering_hotel_cost
Answer:
",Answer: Yes
2026-08-10 23:19:27,2,146,no_evident_not_excellent_value_for_money,guesthouse_but_price_like_hotel,"Task: decide if Proposition B contradicts Assumption A.

Steps:
1. A defends a claim (strip ""no_evident_not_"" / ""have_evident_"" to see it).
2. B states a fact.
3. Does B disprove A's claim? Same specific issue only, not just same topic.

Output pattern (always use this exact shape):
A: <phrase>
B: <phrase>
Answer: Yes/No

Examples:

A: no_evident_not_easy_check-in
B: customer_wait_10_minute_for_greet
Answer: Yes

A: no_evident_not_easy_check-in
B: no_one_give_key_on_late_check-in
Answer: No

A: no_evident_not_great_quality
B: shampoo_seem_cheap_considering_hotel_cost
Answer: Yes

A: no_evident_not_great_quality
B: expensive_hotel
Answer: No

Now answer for this pair. Output ONLY the final line ""Answer: Yes"" or ""Answer: No"" — no other text.

A: no_evident_not_excellent_value_for_money
B: guesthouse_but_price_like_hotel
Answer:
","A: no_evident_not_excellent_value_for_money
B: guesthouse_but_price_like_hotel
Answer: Yes"
2026-08-10 23:19:28,2,147,no_evident_not_excellent_value_for_money,for_money_you_pay_you_get_one_small_water_bottle,"Task: decide if Proposition B contradicts Assumption A.

Steps:
1. A defends a claim (strip ""no_evident_not_"" / ""have_evident_"" to see it).
2. B states a fact.
3. Does B disprove A's claim? Same specific issue only, not just same topic.

Output pattern (always use this exact shape):
A: <phrase>
B: <phrase>
Answer: Yes/No

Examples:

A: no_evident_not_easy_check-in
B: customer_wait_10_minute_for_greet
Answer: Yes

A: no_evident_not_easy_check-in
B: no_one_give_key_on_late_check-in
Answer: No

A: no_evident_not_great_quality
B: shampoo_seem_cheap_considering_hotel_cost
Answer: Yes

A: no_evident_not_great_quality
B: expensive_hotel
Answer: No

Now answer for this pair. Output ONLY the final line ""Answer: Yes"" or ""Answer: No"" — no other text.

A: no_evident_not_excellent_value_for_money
B: for_money_you_pay_you_get_one_small_water_bottle
Answer:
","A: no_evident_not_excellent_value_for_money
B: for_money_you_pay_you_get_one_small_water_bottle
Answer: Yes"
2026-08-10 23:19:28,2,148,no_evident_not_excellent_value_for_money,expensive_for_what_you_get,"Task: decide if Proposition B contradicts Assumption A.

Steps:
1. A defends a claim (strip ""no_evident_not_"" / ""have_evident_"" to see it).
2. B states a fact.
3. Does B disprove A's claim? Same specific issue only, not just same topic.

Output pattern (always use this exact shape):
A: <phrase>
B: <phrase>
Answer: Yes/No

Examples:

A: no_evident_not_easy_check-in
B: customer_wait_10_minute_for_greet
Answer: Yes

A: no_evident_not_easy_check-in
B: no_one_give_key_on_late_check-in
Answer: No

A: no_evident_not_great_quality
B: shampoo_seem_cheap_considering_hotel_cost
Answer: Yes

A: no_evident_not_great_quality
B: expensive_hotel
Answer: No

Now answer for this pair. Output ONLY the final line ""Answer: Yes"" or ""Answer: No"" — no other text.

A: no_evident_not_excellent_value_for_money
B: expensive_for_what_you_get
Answer:
","A: no_evident_not_excellent_value_for_money
B: expensive_for_what_you_get
Answer: Yes"
2026-08-10 23:19:28,2,149,no_evident_not_excellent_value_for_money,expensive_rate_for_what_offer,"Task: decide if Proposition B contradicts Assumption A.

Steps:
1. A defends a claim (strip ""no_evident_not_"" / ""have_evident_"" to see it).
2. B states a fact.
3. Does B disprove A's claim? Same specific issue only, not just same topic.

Output pattern (always use this exact shape):
A: <phrase>
B: <phrase>
Answer: Yes/No

Examples:

A: no_evident_not_easy_check-in
B: customer_wait_10_minute_for_greet
Answer: Yes

A: no_evident_not_easy_check-in
B: no_one_give_key_on_late_check-in
Answer: No

A: no_evident_not_great_quality
B: shampoo_seem_cheap_considering_hotel_cost
Answer: Yes

A: no_evident_not_great_quality
B: expensive_hotel
Answer: No

Now answer for this pair. Output ONLY the final line ""Answer: Yes"" or ""Answer: No"" — no other text.

A: no_evident_not_excellent_value_for_money
B: expensive_rate_for_what_offer
Answer:
","A: no_evident_not_excellent_value_for_money
B: expensive_rate_for_what_offer
Answer: Yes"
2026-08-10 23:19:29,2,150,no_evident_not_excellent_value_for_money,overpriced_for_facility,"Task: decide if Proposition B contradicts Assumption A.

Steps:
1. A defends a claim (strip ""no_evident_not_"" / ""have_evident_"" to see it).
2. B states a fact.
3. Does B disprove A's claim? Same specific issue only, not just same topic.

Output pattern (always use this exact shape):
A: <phrase>
B: <phrase>
Answer: Yes/No

Examples:

A: no_evident_not_easy_check-in
B: customer_wait_10_minute_for_greet
Answer: Yes

A: no_evident_not_easy_check-in
B: no_one_give_key_on_late_check-in
Answer: No

A: no_evident_not_great_quality
B: shampoo_seem_cheap_considering_hotel_cost
Answer: Yes

A: no_evident_not_great_quality
B: expensive_hotel
Answer: No

Now answer for this pair. Output ONLY the final line ""Answer: Yes"" or ""Answer: No"" — no other text.

A: no_evident_not_excellent_value_for_money
B: overpriced_for_facility
Answer:
","A: no_evident_not_excellent_value_for_money
B: overpriced_for_facility
Answer: Yes"
2026-08-10 23:19:29,2,151,no_evident_not_excellent_value_for_money,meal_not_include_in_price,"Task: decide if Proposition B contradicts Assumption A.

Steps:
1. A defends a claim (strip ""no_evident_not_"" / ""have_evident_"" to see it).
2. B states a fact.
3. Does B disprove A's claim? Same specific issue only, not just same topic.

Output pattern (always use this exact shape):
A: <phrase>
B: <phrase>
Answer: Yes/No

Examples:

A: no_evident_not_easy_check-in
B: customer_wait_10_minute_for_greet
Answer: Yes

A: no_evident_not_easy_check-in
B: no_one_give_key_on_late_check-in
Answer: No

A: no_evident_not_great_quality
B: shampoo_seem_cheap_considering_hotel_cost
Answer: Yes

A: no_evident_not_great_quality
B: expensive_hotel
Answer: No

Now answer for this pair. Output ONLY the final line ""Answer: Yes"" or ""Answer: No"" — no other text.

A: no_evident_not_excellent_value_for_money
B: meal_not_include_in_price
Answer:
","A: no_evident_not_excellent_value_for_money
B: meal_not_include_in_price
Answer: Yes"
2026-08-10 23:19:29,2,152,no_evident_not_excellent_value_for_money,high_price_for_not_enough_comfort_room,"Task: decide if Proposition B contradicts Assumption A.

Steps:
1. A defends a claim (strip ""no_evident_not_"" / ""have_evident_"" to see it).
2. B states a fact.
3. Does B disprove A's claim? Same specific issue only, not just same topic.

Output pattern (always use this exact shape):
A: <phrase>
B: <phrase>
Answer: Yes/No

Examples:

A: no_evident_not_easy_check-in
B: customer_wait_10_minute_for_greet
Answer: Yes

A: no_evident_not_easy_check-in
B: no_one_give_key_on_late_check-in
Answer: No

A: no_evident_not_great_quality
B: shampoo_seem_cheap_considering_hotel_cost
Answer: Yes

A: no_evident_not_great_quality
B: expensive_hotel
Answer: No

Now answer for this pair. Output ONLY the final line ""Answer: Yes"" or ""Answer: No"" — no other text.

A: no_evident_not_excellent_value_for_money
B: high_price_for_not_enough_comfort_room
Answer:
",Answer: Yes
2026-08-10 23:19:30,2,153,no_evident_not_excellent_value_for_money,high_price_for_small_room,"Task: decide if Proposition B contradicts Assumption A.

Steps:
1. A defends a claim (strip ""no_evident_not_"" / ""have_evident_"" to see it).
2. B states a fact.
3. Does B disprove A's claim? Same specific issue only, not just same topic.

Output pattern (always use this exact shape):
A: <phrase>
B: <phrase>
Answer: Yes/No

Examples:

A: no_evident_not_easy_check-in
B: customer_wait_10_minute_for_greet
Answer: Yes

A: no_evident_not_easy_check-in
B: no_one_give_key_on_late_check-in
Answer: No

A: no_evident_not_great_quality
B: shampoo_seem_cheap_considering_hotel_cost
Answer: Yes

A: no_evident_not_great_quality
B: expensive_hotel
Answer: No

Now answer for this pair. Output ONLY the final line ""Answer: Yes"" or ""Answer: No"" — no other text.

A: no_evident_not_excellent_value_for_money
B: high_price_for_small_room
Answer:
","A: no_evident_not_excellent_value_for_money
B: high_price_for_small_room
Answer: Yes"
2026-08-10 23:19:30,2,154,no_evident_not_excellent_value_for_money,expensive_hotel,"Task: decide if Proposition B contradicts Assumption A.

Steps:
1. A defends a claim (strip ""no_evident_not_"" / ""have_evident_"" to see it).
2. B states a fact.
3. Does B disprove A's claim? Same specific issue only, not just same topic.

Output pattern (always use this exact shape):
A: <phrase>
B: <phrase>
Answer: Yes/No

Examples:

A: no_evident_not_easy_check-in
B: customer_wait_10_minute_for_greet
Answer: Yes

A: no_evident_not_easy_check-in
B: no_one_give_key_on_late_check-in
Answer: No

A: no_evident_not_great_quality
B: shampoo_seem_cheap_considering_hotel_cost
Answer: Yes

A: no_evident_not_great_quality
B: expensive_hotel
Answer: No

Now answer for this pair. Output ONLY the final line ""Answer: Yes"" or ""Answer: No"" — no other text.

A: no_evident_not_excellent_value_for_money
B: expensive_hotel
Answer:
",Answer: Yes
2026-08-10 23:19:30,2,155,no_evident_not_excellent_value_for_money,expensive_for_average_hotel,"Task: decide if Proposition B contradicts Assumption A.

Steps:
1. A defends a claim (strip ""no_evident_not_"" / ""have_evident_"" to see it).
2. B states a fact.
3. Does B disprove A's claim? Same specific issue only, not just same topic.

Output pattern (always use this exact shape):
A: <phrase>
B: <phrase>
Answer: Yes/No

Examples:

A: no_evident_not_easy_check-in
B: customer_wait_10_minute_for_greet
Answer: Yes

A: no_evident_not_easy_check-in
B: no_one_give_key_on_late_check-in
Answer: No

A: no_evident_not_great_quality
B: shampoo_seem_cheap_considering_hotel_cost
Answer: Yes

A: no_evident_not_great_quality
B: expensive_hotel
Answer: No

Now answer for this pair. Output ONLY the final line ""Answer: Yes"" or ""Answer: No"" — no other text.

A: no_evident_not_excellent_value_for_money
B: expensive_for_average_hotel
Answer:
","A: no_evident_not_excellent_value_for_money
B: expensive_for_average_hotel
Answer: Yes"
2026-08-10 23:19:30,2,156,no_evident_not_excellent_value_for_money,expensive_for_3_star_hotel,"Task: decide if Proposition B contradicts Assumption A.

Steps:
1. A defends a claim (strip ""no_evident_not_"" / ""have_evident_"" to see it).
2. B states a fact.
3. Does B disprove A's claim? Same specific issue only, not just same topic.

Output pattern (always use this exact shape):
A: <phrase>
B: <phrase>
Answer: Yes/No

Examples:

A: no_evident_not_easy_check-in
B: customer_wait_10_minute_for_greet
Answer: Yes

A: no_evident_not_easy_check-in
B: no_one_give_key_on_late_check-in
Answer: No

A: no_evident_not_great_quality
B: shampoo_seem_cheap_considering_hotel_cost
Answer: Yes

A: no_evident_not_great_quality
B: expensive_hotel
Answer: No

Now answer for this pair. Output ONLY the final line ""Answer: Yes"" or ""Answer: No"" — no other text.

A: no_evident_not_excellent_value_for_money
B: expensive_for_3_star_hotel
Answer:
","A: no_evident_not_excellent_value_for_money
B: expensive_for_3_star_hotel
Answer: Yes"
2026-08-10 23:19:31,2,157,no_evident_not_worth_price,unlabeled_shampoo_dispenser_for_this_price,"Task: decide if Proposition B contradicts Assumption A.

Steps:
1. A defends a claim (strip ""no_evident_not_"" / ""have_evident_"" to see it).
2. B states a fact.
3. Does B disprove A's claim? Same specific issue only, not just same topic.

Output pattern (always use this exact shape):
A: <phrase>
B: <phrase>
Answer: Yes/No

Examples:

A: no_evident_not_easy_check-in
B: customer_wait_10_minute_for_greet
Answer: Yes

A: no_evident_not_easy_check-in
B: no_one_give_key_on_late_check-in
Answer: No

A: no_evident_not_great_quality
B: shampoo_seem_cheap_considering_hotel_cost
Answer: Yes

A: no_evident_not_great_quality
B: expensive_hotel
Answer: No

Now answer for this pair. Output ONLY the final line ""Answer: Yes"" or ""Answer: No"" — no other text.

A: no_evident_not_worth_price
B: unlabeled_shampoo_dispenser_for_this_price
Answer:
","A: no_evident_not_worth_price
B: unlabeled_shampoo_dispenser_for_this_price
Answer: Yes"
2026-08-10 23:19:31,2,158,no_evident_not_worth_price,shampoo_seem_cheap_considering_hotel_cost,"Task: decide if Proposition B contradicts Assumption A.

Steps:
1. A defends a claim (strip ""no_evident_not_"" / ""have_evident_"" to see it).
2. B states a fact.
3. Does B disprove A's claim? Same specific issue only, not just same topic.

Output pattern (always use this exact shape):
A: <phrase>
B: <phrase>
Answer: Yes/No

Examples:

A: no_evident_not_easy_check-in
B: customer_wait_10_minute_for_greet
Answer: Yes

A: no_evident_not_easy_check-in
B: no_one_give_key_on_late_check-in
Answer: No

A: no_evident_not_great_quality
B: shampoo_seem_cheap_considering_hotel_cost
Answer: Yes

A: no_evident_not_great_quality
B: expensive_hotel
Answer: No

Now answer for this pair. Output ONLY the final line ""Answer: Yes"" or ""Answer: No"" — no other text.

A: no_evident_not_worth_price
B: shampoo_seem_cheap_considering_hotel_cost
Answer:
",Answer: Yes
2026-08-10 23:19:31,2,159,no_evident_not_worth_price,guesthouse_but_price_like_hotel,"Task: decide if Proposition B contradicts Assumption A.

Steps:
1. A defends a claim (strip ""no_evident_not_"" / ""have_evident_"" to see it).
2. B states a fact.
3. Does B disprove A's claim? Same specific issue only, not just same topic.

Output pattern (always use this exact shape):
A: <phrase>
B: <phrase>
Answer: Yes/No

Examples:

A: no_evident_not_easy_check-in
B: customer_wait_10_minute_for_greet
Answer: Yes

A: no_evident_not_easy_check-in
B: no_one_give_key_on_late_check-in
Answer: No

A: no_evident_not_great_quality
B: shampoo_seem_cheap_considering_hotel_cost
Answer: Yes

A: no_evident_not_great_quality
B: expensive_hotel
Answer: No

Now answer for this pair. Output ONLY the final line ""Answer: Yes"" or ""Answer: No"" — no other text.

A: no_evident_not_worth_price
B: guesthouse_but_price_like_hotel
Answer:
","A: no_evident_not_worth_price
B: guesthouse_but_price_like_hotel
Answer: Yes"
2026-08-10 23:19:32,2,160,no_evident_not_worth_price,for_money_you_pay_you_get_one_small_water_bottle,"Task: decide if Proposition B contradicts Assumption A.

Steps:
1. A defends a claim (strip ""no_evident_not_"" / ""have_evident_"" to see it).
2. B states a fact.
3. Does B disprove A's claim? Same specific issue only, not just same topic.

Output pattern (always use this exact shape):
A: <phrase>
B: <phrase>
Answer: Yes/No

Examples:

A: no_evident_not_easy_check-in
B: customer_wait_10_minute_for_greet
Answer: Yes

A: no_evident_not_easy_check-in
B: no_one_give_key_on_late_check-in
Answer: No

A: no_evident_not_great_quality
B: shampoo_seem_cheap_considering_hotel_cost
Answer: Yes

A: no_evident_not_great_quality
B: expensive_hotel
Answer: No

Now answer for this pair. Output ONLY the final line ""Answer: Yes"" or ""Answer: No"" — no other text.

A: no_evident_not_worth_price
B: for_money_you_pay_you_get_one_small_water_bottle
Answer:
","A: no_evident_not_worth_price
B: for_money_you_pay_you_get_one_small_water_bottle
Answer: Yes"
2026-08-10 23:19:32,2,161,no_evident_not_worth_price,expensive_for_what_you_get,"Task: decide if Proposition B contradicts Assumption A.

Steps:
1. A defends a claim (strip ""no_evident_not_"" / ""have_evident_"" to see it).
2. B states a fact.
3. Does B disprove A's claim? Same specific issue only, not just same topic.

Output pattern (always use this exact shape):
A: <phrase>
B: <phrase>
Answer: Yes/No

Examples:

A: no_evident_not_easy_check-in
B: customer_wait_10_minute_for_greet
Answer: Yes

A: no_evident_not_easy_check-in
B: no_one_give_key_on_late_check-in
Answer: No

A: no_evident_not_great_quality
B: shampoo_seem_cheap_considering_hotel_cost
Answer: Yes

A: no_evident_not_great_quality
B: expensive_hotel
Answer: No

Now answer for this pair. Output ONLY the final line ""Answer: Yes"" or ""Answer: No"" — no other text.

A: no_evident_not_worth_price
B: expensive_for_what_you_get
Answer:
","A: no_evident_not_worth_price
B: expensive_for_what_you_get
Answer: Yes"
2026-08-10 23:19:32,2,162,no_evident_not_worth_price,expensive_rate_for_what_offer,"Task: decide if Proposition B contradicts Assumption A.

Steps:
1. A defends a claim (strip ""no_evident_not_"" / ""have_evident_"" to see it).
2. B states a fact.
3. Does B disprove A's claim? Same specific issue only, not just same topic.

Output pattern (always use this exact shape):
A: <phrase>
B: <phrase>
Answer: Yes/No

Examples:

A: no_evident_not_easy_check-in
B: customer_wait_10_minute_for_greet
Answer: Yes

A: no_evident_not_easy_check-in
B: no_one_give_key_on_late_check-in
Answer: No

A: no_evident_not_great_quality
B: shampoo_seem_cheap_considering_hotel_cost
Answer: Yes

A: no_evident_not_great_quality
B: expensive_hotel
Answer: No

Now answer for this pair. Output ONLY the final line ""Answer: Yes"" or ""Answer: No"" — no other text.

A: no_evident_not_worth_price
B: expensive_rate_for_what_offer
Answer:
",Answer: Yes
2026-08-10 23:19:32,2,163,no_evident_not_worth_price,overpriced_for_facility,"Task: decide if Proposition B contradicts Assumption A.

Steps:
1. A defends a claim (strip ""no_evident_not_"" / ""have_evident_"" to see it).
2. B states a fact.
3. Does B disprove A's claim? Same specific issue only, not just same topic.

Output pattern (always use this exact shape):
A: <phrase>
B: <phrase>
Answer: Yes/No

Examples:

A: no_evident_not_easy_check-in
B: customer_wait_10_minute_for_greet
Answer: Yes

A: no_evident_not_easy_check-in
B: no_one_give_key_on_late_check-in
Answer: No

A: no_evident_not_great_quality
B: shampoo_seem_cheap_considering_hotel_cost
Answer: Yes

A: no_evident_not_great_quality
B: expensive_hotel
Answer: No

Now answer for this pair. Output ONLY the final line ""Answer: Yes"" or ""Answer: No"" — no other text.

A: no_evident_not_worth_price
B: overpriced_for_facility
Answer:
","A: no_evident_not_worth_price
B: overpriced_for_facility
Answer: Yes"
2026-08-10 23:19:33,2,164,no_evident_not_worth_price,meal_not_include_in_price,"Task: decide if Proposition B contradicts Assumption A.

Steps:
1. A defends a claim (strip ""no_evident_not_"" / ""have_evident_"" to see it).
2. B states a fact.
3. Does B disprove A's claim? Same specific issue only, not just same topic.

Output pattern (always use this exact shape):
A: <phrase>
B: <phrase>
Answer: Yes/No

Examples:

A: no_evident_not_easy_check-in
B: customer_wait_10_minute_for_greet
Answer: Yes

A: no_evident_not_easy_check-in
B: no_one_give_key_on_late_check-in
Answer: No

A: no_evident_not_great_quality
B: shampoo_seem_cheap_considering_hotel_cost
Answer: Yes

A: no_evident_not_great_quality
B: expensive_hotel
Answer: No

Now answer for this pair. Output ONLY the final line ""Answer: Yes"" or ""Answer: No"" — no other text.

A: no_evident_not_worth_price
B: meal_not_include_in_price
Answer:
","A: no_evident_not_worth_price
B: meal_not_include_in_price
Answer: Yes"
2026-08-10 23:19:33,2,165,no_evident_not_worth_price,high_price_for_not_enough_comfort_room,"Task: decide if Proposition B contradicts Assumption A.

Steps:
1. A defends a claim (strip ""no_evident_not_"" / ""have_evident_"" to see it).
2. B states a fact.
3. Does B disprove A's claim? Same specific issue only, not just same topic.

Output pattern (always use this exact shape):
A: <phrase>
B: <phrase>
Answer: Yes/No

Examples:

A: no_evident_not_easy_check-in
B: customer_wait_10_minute_for_greet
Answer: Yes

A: no_evident_not_easy_check-in
B: no_one_give_key_on_late_check-in
Answer: No

A: no_evident_not_great_quality
B: shampoo_seem_cheap_considering_hotel_cost
Answer: Yes

A: no_evident_not_great_quality
B: expensive_hotel
Answer: No

Now answer for this pair. Output ONLY the final line ""Answer: Yes"" or ""Answer: No"" — no other text.

A: no_evident_not_worth_price
B: high_price_for_not_enough_comfort_room
Answer:
","A: no_evident_not_worth_price
B: high_price_for_not_enough_comfort_room
Answer: Yes"
2026-08-10 23:19:33,2,166,no_evident_not_worth_price,high_price_for_small_room,"Task: decide if Proposition B contradicts Assumption A.

Steps:
1. A defends a claim (strip ""no_evident_not_"" / ""have_evident_"" to see it).
2. B states a fact.
3. Does B disprove A's claim? Same specific issue only, not just same topic.

Output pattern (always use this exact shape):
A: <phrase>
B: <phrase>
Answer: Yes/No

Examples:

A: no_evident_not_easy_check-in
B: customer_wait_10_minute_for_greet
Answer: Yes

A: no_evident_not_easy_check-in
B: no_one_give_key_on_late_check-in
Answer: No

A: no_evident_not_great_quality
B: shampoo_seem_cheap_considering_hotel_cost
Answer: Yes

A: no_evident_not_great_quality
B: expensive_hotel
Answer: No

Now answer for this pair. Output ONLY the final line ""Answer: Yes"" or ""Answer: No"" — no other text.

A: no_evident_not_worth_price
B: high_price_for_small_room
Answer:
","A: no_evident_not_worth_price
B: high_price_for_small_room
Answer: Yes"
2026-08-10 23:19:34,2,167,no_evident_not_worth_price,expensive_hotel,"Task: decide if Proposition B contradicts Assumption A.

Steps:
1. A defends a claim (strip ""no_evident_not_"" / ""have_evident_"" to see it).
2. B states a fact.
3. Does B disprove A's claim? Same specific issue only, not just same topic.

Output pattern (always use this exact shape):
A: <phrase>
B: <phrase>
Answer: Yes/No

Examples:

A: no_evident_not_easy_check-in
B: customer_wait_10_minute_for_greet
Answer: Yes

A: no_evident_not_easy_check-in
B: no_one_give_key_on_late_check-in
Answer: No

A: no_evident_not_great_quality
B: shampoo_seem_cheap_considering_hotel_cost
Answer: Yes

A: no_evident_not_great_quality
B: expensive_hotel
Answer: No

Now answer for this pair. Output ONLY the final line ""Answer: Yes"" or ""Answer: No"" — no other text.

A: no_evident_not_worth_price
B: expensive_hotel
Answer:
",Answer: No
2026-08-10 23:19:34,2,168,no_evident_not_worth_price,expensive_for_average_hotel,"Task: decide if Proposition B contradicts Assumption A.

Steps:
1. A defends a claim (strip ""no_evident_not_"" / ""have_evident_"" to see it).
2. B states a fact.
3. Does B disprove A's claim? Same specific issue only, not just same topic.

Output pattern (always use this exact shape):
A: <phrase>
B: <phrase>
Answer: Yes/No

Examples:

A: no_evident_not_easy_check-in
B: customer_wait_10_minute_for_greet
Answer: Yes

A: no_evident_not_easy_check-in
B: no_one_give_key_on_late_check-in
Answer: No

A: no_evident_not_great_quality
B: shampoo_seem_cheap_considering_hotel_cost
Answer: Yes

A: no_evident_not_great_quality
B: expensive_hotel
Answer: No

Now answer for this pair. Output ONLY the final line ""Answer: Yes"" or ""Answer: No"" — no other text.

A: no_evident_not_worth_price
B: expensive_for_average_hotel
Answer:
","A: no_evident_not_worth_price
B: expensive_for_average_hotel
Answer: Yes"
2026-08-10 23:19:34,2,169,no_evident_not_worth_price,expensive_for_3_star_hotel,"Task: decide if Proposition B contradicts Assumption A.

Steps:
1. A defends a claim (strip ""no_evident_not_"" / ""have_evident_"" to see it).
2. B states a fact.
3. Does B disprove A's claim? Same specific issue only, not just same topic.

Output pattern (always use this exact shape):
A: <phrase>
B: <phrase>
Answer: Yes/No

Examples:

A: no_evident_not_easy_check-in
B: customer_wait_10_minute_for_greet
Answer: Yes

A: no_evident_not_easy_check-in
B: no_one_give_key_on_late_check-in
Answer: No

A: no_evident_not_great_quality
B: shampoo_seem_cheap_considering_hotel_cost
Answer: Yes

A: no_evident_not_great_quality
B: expensive_hotel
Answer: No

Now answer for this pair. Output ONLY the final line ""Answer: Yes"" or ""Answer: No"" — no other text.

A: no_evident_not_worth_price
B: expensive_for_3_star_hotel
Answer:
","A: no_evident_not_worth_price
B: expensive_for_3_star_hotel
Answer: Yes"
2026-08-10 23:19:35,2,170,no_evident_not_cheap,unlabeled_shampoo_dispenser_for_this_price,"Task: decide if Proposition B contradicts Assumption A.

Steps:
1. A defends a claim (strip ""no_evident_not_"" / ""have_evident_"" to see it).
2. B states a fact.
3. Does B disprove A's claim? Same specific issue only, not just same topic.

Output pattern (always use this exact shape):
A: <phrase>
B: <phrase>
Answer: Yes/No

Examples:

A: no_evident_not_easy_check-in
B: customer_wait_10_minute_for_greet
Answer: Yes

A: no_evident_not_easy_check-in
B: no_one_give_key_on_late_check-in
Answer: No

A: no_evident_not_great_quality
B: shampoo_seem_cheap_considering_hotel_cost
Answer: Yes

A: no_evident_not_great_quality
B: expensive_hotel
Answer: No

Now answer for this pair. Output ONLY the final line ""Answer: Yes"" or ""Answer: No"" — no other text.

A: no_evident_not_cheap
B: unlabeled_shampoo_dispenser_for_this_price
Answer:
","A: no_evident_not_cheap
B: unlabeled_shampoo_dispenser_for_this_price
Answer: Yes"
2026-08-10 23:19:35,2,171,no_evident_not_cheap,shampoo_seem_cheap_considering_hotel_cost,"Task: decide if Proposition B contradicts Assumption A.

Steps:
1. A defends a claim (strip ""no_evident_not_"" / ""have_evident_"" to see it).
2. B states a fact.
3. Does B disprove A's claim? Same specific issue only, not just same topic.

Output pattern (always use this exact shape):
A: <phrase>
B: <phrase>
Answer: Yes/No

Examples:

A: no_evident_not_easy_check-in
B: customer_wait_10_minute_for_greet
Answer: Yes

A: no_evident_not_easy_check-in
B: no_one_give_key_on_late_check-in
Answer: No

A: no_evident_not_great_quality
B: shampoo_seem_cheap_considering_hotel_cost
Answer: Yes

A: no_evident_not_great_quality
B: expensive_hotel
Answer: No

Now answer for this pair. Output ONLY the final line ""Answer: Yes"" or ""Answer: No"" — no other text.

A: no_evident_not_cheap
B: shampoo_seem_cheap_considering_hotel_cost
Answer:
",Answer: Yes
2026-08-10 23:19:35,2,172,no_evident_not_cheap,guesthouse_but_price_like_hotel,"Task: decide if Proposition B contradicts Assumption A.

Steps:
1. A defends a claim (strip ""no_evident_not_"" / ""have_evident_"" to see it).
2. B states a fact.
3. Does B disprove A's claim? Same specific issue only, not just same topic.

Output pattern (always use this exact shape):
A: <phrase>
B: <phrase>
Answer: Yes/No

Examples:

A: no_evident_not_easy_check-in
B: customer_wait_10_minute_for_greet
Answer: Yes

A: no_evident_not_easy_check-in
B: no_one_give_key_on_late_check-in
Answer: No

A: no_evident_not_great_quality
B: shampoo_seem_cheap_considering_hotel_cost
Answer: Yes

A: no_evident_not_great_quality
B: expensive_hotel
Answer: No

Now answer for this pair. Output ONLY the final line ""Answer: Yes"" or ""Answer: No"" — no other text.

A: no_evident_not_cheap
B: guesthouse_but_price_like_hotel
Answer:
","A: no_evident_not_cheap
B: guesthouse_but_price_like_hotel
Answer: Yes"
2026-08-10 23:19:36,2,173,no_evident_not_cheap,for_money_you_pay_you_get_one_small_water_bottle,"Task: decide if Proposition B contradicts Assumption A.

Steps:
1. A defends a claim (strip ""no_evident_not_"" / ""have_evident_"" to see it).
2. B states a fact.
3. Does B disprove A's claim? Same specific issue only, not just same topic.

Output pattern (always use this exact shape):
A: <phrase>
B: <phrase>
Answer: Yes/No

Examples:

A: no_evident_not_easy_check-in
B: customer_wait_10_minute_for_greet
Answer: Yes

A: no_evident_not_easy_check-in
B: no_one_give_key_on_late_check-in
Answer: No

A: no_evident_not_great_quality
B: shampoo_seem_cheap_considering_hotel_cost
Answer: Yes

A: no_evident_not_great_quality
B: expensive_hotel
Answer: No

Now answer for this pair. Output ONLY the final line ""Answer: Yes"" or ""Answer: No"" — no other text.

A: no_evident_not_cheap
B: for_money_you_pay_you_get_one_small_water_bottle
Answer:
","A: no_evident_not_cheap
B: for_money_you_pay_you_get_one_small_water_bottle
Answer: Yes"
2026-08-10 23:19:36,2,174,no_evident_not_cheap,expensive_for_what_you_get,"Task: decide if Proposition B contradicts Assumption A.

Steps:
1. A defends a claim (strip ""no_evident_not_"" / ""have_evident_"" to see it).
2. B states a fact.
3. Does B disprove A's claim? Same specific issue only, not just same topic.

Output pattern (always use this exact shape):
A: <phrase>
B: <phrase>
Answer: Yes/No

Examples:

A: no_evident_not_easy_check-in
B: customer_wait_10_minute_for_greet
Answer: Yes

A: no_evident_not_easy_check-in
B: no_one_give_key_on_late_check-in
Answer: No

A: no_evident_not_great_quality
B: shampoo_seem_cheap_considering_hotel_cost
Answer: Yes

A: no_evident_not_great_quality
B: expensive_hotel
Answer: No

Now answer for this pair. Output ONLY the final line ""Answer: Yes"" or ""Answer: No"" — no other text.

A: no_evident_not_cheap
B: expensive_for_what_you_get
Answer:
",Answer: Yes
2026-08-10 23:19:36,2,175,no_evident_not_cheap,expensive_rate_for_what_offer,"Task: decide if Proposition B contradicts Assumption A.

Steps:
1. A defends a claim (strip ""no_evident_not_"" / ""have_evident_"" to see it).
2. B states a fact.
3. Does B disprove A's claim? Same specific issue only, not just same topic.

Output pattern (always use this exact shape):
A: <phrase>
B: <phrase>
Answer: Yes/No

Examples:

A: no_evident_not_easy_check-in
B: customer_wait_10_minute_for_greet
Answer: Yes

A: no_evident_not_easy_check-in
B: no_one_give_key_on_late_check-in
Answer: No

A: no_evident_not_great_quality
B: shampoo_seem_cheap_considering_hotel_cost
Answer: Yes

A: no_evident_not_great_quality
B: expensive_hotel
Answer: No

Now answer for this pair. Output ONLY the final line ""Answer: Yes"" or ""Answer: No"" — no other text.

A: no_evident_not_cheap
B: expensive_rate_for_what_offer
Answer:
",Answer: Yes
2026-08-10 23:19:36,2,176,no_evident_not_cheap,overpriced_for_facility,"Task: decide if Proposition B contradicts Assumption A.

Steps:
1. A defends a claim (strip ""no_evident_not_"" / ""have_evident_"" to see it).
2. B states a fact.
3. Does B disprove A's claim? Same specific issue only, not just same topic.

Output pattern (always use this exact shape):
A: <phrase>
B: <phrase>
Answer: Yes/No

Examples:

A: no_evident_not_easy_check-in
B: customer_wait_10_minute_for_greet
Answer: Yes

A: no_evident_not_easy_check-in
B: no_one_give_key_on_late_check-in
Answer: No

A: no_evident_not_great_quality
B: shampoo_seem_cheap_considering_hotel_cost
Answer: Yes

A: no_evident_not_great_quality
B: expensive_hotel
Answer: No

Now answer for this pair. Output ONLY the final line ""Answer: Yes"" or ""Answer: No"" — no other text.

A: no_evident_not_cheap
B: overpriced_for_facility
Answer:
",Answer: Yes
2026-08-10 23:19:36,2,177,no_evident_not_cheap,meal_not_include_in_price,"Task: decide if Proposition B contradicts Assumption A.

Steps:
1. A defends a claim (strip ""no_evident_not_"" / ""have_evident_"" to see it).
2. B states a fact.
3. Does B disprove A's claim? Same specific issue only, not just same topic.

Output pattern (always use this exact shape):
A: <phrase>
B: <phrase>
Answer: Yes/No

Examples:

A: no_evident_not_easy_check-in
B: customer_wait_10_minute_for_greet
Answer: Yes

A: no_evident_not_easy_check-in
B: no_one_give_key_on_late_check-in
Answer: No

A: no_evident_not_great_quality
B: shampoo_seem_cheap_considering_hotel_cost
Answer: Yes

A: no_evident_not_great_quality
B: expensive_hotel
Answer: No

Now answer for this pair. Output ONLY the final line ""Answer: Yes"" or ""Answer: No"" — no other text.

A: no_evident_not_cheap
B: meal_not_include_in_price
Answer:
","A: no_evident_not_cheap
B: meal_not_include_in_price
Answer: Yes"
2026-08-10 23:19:36,2,178,no_evident_not_cheap,high_price_for_not_enough_comfort_room,"Task: decide if Proposition B contradicts Assumption A.

Steps:
1. A defends a claim (strip ""no_evident_not_"" / ""have_evident_"" to see it).
2. B states a fact.
3. Does B disprove A's claim? Same specific issue only, not just same topic.

Output pattern (always use this exact shape):
A: <phrase>
B: <phrase>
Answer: Yes/No

Examples:

A: no_evident_not_easy_check-in
B: customer_wait_10_minute_for_greet
Answer: Yes

A: no_evident_not_easy_check-in
B: no_one_give_key_on_late_check-in
Answer: No

A: no_evident_not_great_quality
B: shampoo_seem_cheap_considering_hotel_cost
Answer: Yes

A: no_evident_not_great_quality
B: expensive_hotel
Answer: No

Now answer for this pair. Output ONLY the final line ""Answer: Yes"" or ""Answer: No"" — no other text.

A: no_evident_not_cheap
B: high_price_for_not_enough_comfort_room
Answer:
",Answer: Yes
2026-08-10 23:19:36,2,179,no_evident_not_cheap,high_price_for_small_room,"Task: decide if Proposition B contradicts Assumption A.

Steps:
1. A defends a claim (strip ""no_evident_not_"" / ""have_evident_"" to see it).
2. B states a fact.
3. Does B disprove A's claim? Same specific issue only, not just same topic.

Output pattern (always use this exact shape):
A: <phrase>
B: <phrase>
Answer: Yes/No

Examples:

A: no_evident_not_easy_check-in
B: customer_wait_10_minute_for_greet
Answer: Yes

A: no_evident_not_easy_check-in
B: no_one_give_key_on_late_check-in
Answer: No

A: no_evident_not_great_quality
B: shampoo_seem_cheap_considering_hotel_cost
Answer: Yes

A: no_evident_not_great_quality
B: expensive_hotel
Answer: No

Now answer for this pair. Output ONLY the final line ""Answer: Yes"" or ""Answer: No"" — no other text.

A: no_evident_not_cheap
B: high_price_for_small_room
Answer:
",Answer: Yes
2026-08-10 23:19:36,2,180,no_evident_not_cheap,expensive_hotel,"Task: decide if Proposition B contradicts Assumption A.

Steps:
1. A defends a claim (strip ""no_evident_not_"" / ""have_evident_"" to see it).
2. B states a fact.
3. Does B disprove A's claim? Same specific issue only, not just same topic.

Output pattern (always use this exact shape):
A: <phrase>
B: <phrase>
Answer: Yes/No

Examples:

A: no_evident_not_easy_check-in
B: customer_wait_10_minute_for_greet
Answer: Yes

A: no_evident_not_easy_check-in
B: no_one_give_key_on_late_check-in
Answer: No

A: no_evident_not_great_quality
B: shampoo_seem_cheap_considering_hotel_cost
Answer: Yes

A: no_evident_not_great_quality
B: expensive_hotel
Answer: No

Now answer for this pair. Output ONLY the final line ""Answer: Yes"" or ""Answer: No"" — no other text.

A: no_evident_not_cheap
B: expensive_hotel
Answer:
",Answer: No
2026-08-10 23:19:37,2,181,no_evident_not_cheap,expensive_for_average_hotel,"Task: decide if Proposition B contradicts Assumption A.

Steps:
1. A defends a claim (strip ""no_evident_not_"" / ""have_evident_"" to see it).
2. B states a fact.
3. Does B disprove A's claim? Same specific issue only, not just same topic.

Output pattern (always use this exact shape):
A: <phrase>
B: <phrase>
Answer: Yes/No

Examples:

A: no_evident_not_easy_check-in
B: customer_wait_10_minute_for_greet
Answer: Yes

A: no_evident_not_easy_check-in
B: no_one_give_key_on_late_check-in
Answer: No

A: no_evident_not_great_quality
B: shampoo_seem_cheap_considering_hotel_cost
Answer: Yes

A: no_evident_not_great_quality
B: expensive_hotel
Answer: No

Now answer for this pair. Output ONLY the final line ""Answer: Yes"" or ""Answer: No"" — no other text.

A: no_evident_not_cheap
B: expensive_for_average_hotel
Answer:
",Answer: Yes
2026-08-10 23:19:37,2,182,no_evident_not_cheap,expensive_for_3_star_hotel,"Task: decide if Proposition B contradicts Assumption A.

Steps:
1. A defends a claim (strip ""no_evident_not_"" / ""have_evident_"" to see it).
2. B states a fact.
3. Does B disprove A's claim? Same specific issue only, not just same topic.

Output pattern (always use this exact shape):
A: <phrase>
B: <phrase>
Answer: Yes/No

Examples:

A: no_evident_not_easy_check-in
B: customer_wait_10_minute_for_greet
Answer: Yes

A: no_evident_not_easy_check-in
B: no_one_give_key_on_late_check-in
Answer: No

A: no_evident_not_great_quality
B: shampoo_seem_cheap_considering_hotel_cost
Answer: Yes

A: no_evident_not_great_quality
B: expensive_hotel
Answer: No

Now answer for this pair. Output ONLY the final line ""Answer: Yes"" or ""Answer: No"" — no other text.

A: no_evident_not_cheap
B: expensive_for_3_star_hotel
Answer:
",Answer: Yes
2026-08-10 23:19:37,2,183,no_evident_not_good_rate_for_excellent_accommodation,unlabeled_shampoo_dispenser_for_this_price,"Task: decide if Proposition B contradicts Assumption A.

Steps:
1. A defends a claim (strip ""no_evident_not_"" / ""have_evident_"" to see it).
2. B states a fact.
3. Does B disprove A's claim? Same specific issue only, not just same topic.

Output pattern (always use this exact shape):
A: <phrase>
B: <phrase>
Answer: Yes/No

Examples:

A: no_evident_not_easy_check-in
B: customer_wait_10_minute_for_greet
Answer: Yes

A: no_evident_not_easy_check-in
B: no_one_give_key_on_late_check-in
Answer: No

A: no_evident_not_great_quality
B: shampoo_seem_cheap_considering_hotel_cost
Answer: Yes

A: no_evident_not_great_quality
B: expensive_hotel
Answer: No

Now answer for this pair. Output ONLY the final line ""Answer: Yes"" or ""Answer: No"" — no other text.

A: no_evident_not_good_rate_for_excellent_accommodation
B: unlabeled_shampoo_dispenser_for_this_price
Answer:
","A: no_evident_not_good_rate_for_excellent_accommodation
B: unlabeled_shampoo_dispenser_for_this_price
Answer: Yes"
2026-08-10 23:19:38,2,184,no_evident_not_good_rate_for_excellent_accommodation,shampoo_seem_cheap_considering_hotel_cost,"Task: decide if Proposition B contradicts Assumption A.

Steps:
1. A defends a claim (strip ""no_evident_not_"" / ""have_evident_"" to see it).
2. B states a fact.
3. Does B disprove A's claim? Same specific issue only, not just same topic.

Output pattern (always use this exact shape):
A: <phrase>
B: <phrase>
Answer: Yes/No

Examples:

A: no_evident_not_easy_check-in
B: customer_wait_10_minute_for_greet
Answer: Yes

A: no_evident_not_easy_check-in
B: no_one_give_key_on_late_check-in
Answer: No

A: no_evident_not_great_quality
B: shampoo_seem_cheap_considering_hotel_cost
Answer: Yes

A: no_evident_not_great_quality
B: expensive_hotel
Answer: No

Now answer for this pair. Output ONLY the final line ""Answer: Yes"" or ""Answer: No"" — no other text.

A: no_evident_not_good_rate_for_excellent_accommodation
B: shampoo_seem_cheap_considering_hotel_cost
Answer:
","A: no_evident_not_good_rate_for_excellent_accommodation
B: shampoo_seem_cheap_considering_hotel_cost
Answer: Yes"
2026-08-10 23:19:38,2,185,no_evident_not_good_rate_for_excellent_accommodation,guesthouse_but_price_like_hotel,"Task: decide if Proposition B contradicts Assumption A.

Steps:
1. A defends a claim (strip ""no_evident_not_"" / ""have_evident_"" to see it).
2. B states a fact.
3. Does B disprove A's claim? Same specific issue only, not just same topic.

Output pattern (always use this exact shape):
A: <phrase>
B: <phrase>
Answer: Yes/No

Examples:

A: no_evident_not_easy_check-in
B: customer_wait_10_minute_for_greet
Answer: Yes

A: no_evident_not_easy_check-in
B: no_one_give_key_on_late_check-in
Answer: No

A: no_evident_not_great_quality
B: shampoo_seem_cheap_considering_hotel_cost
Answer: Yes

A: no_evident_not_great_quality
B: expensive_hotel
Answer: No

Now answer for this pair. Output ONLY the final line ""Answer: Yes"" or ""Answer: No"" — no other text.

A: no_evident_not_good_rate_for_excellent_accommodation
B: guesthouse_but_price_like_hotel
Answer:
","A: no_evident_not_good_rate_for_excellent_accommodation
B: guesthouse_but_price_like_hotel
Answer: Yes"
2026-08-10 23:19:39,2,186,no_evident_not_good_rate_for_excellent_accommodation,for_money_you_pay_you_get_one_small_water_bottle,"Task: decide if Proposition B contradicts Assumption A.

Steps:
1. A defends a claim (strip ""no_evident_not_"" / ""have_evident_"" to see it).
2. B states a fact.
3. Does B disprove A's claim? Same specific issue only, not just same topic.

Output pattern (always use this exact shape):
A: <phrase>
B: <phrase>
Answer: Yes/No

Examples:

A: no_evident_not_easy_check-in
B: customer_wait_10_minute_for_greet
Answer: Yes

A: no_evident_not_easy_check-in
B: no_one_give_key_on_late_check-in
Answer: No

A: no_evident_not_great_quality
B: shampoo_seem_cheap_considering_hotel_cost
Answer: Yes

A: no_evident_not_great_quality
B: expensive_hotel
Answer: No

Now answer for this pair. Output ONLY the final line ""Answer: Yes"" or ""Answer: No"" — no other text.

A: no_evident_not_good_rate_for_excellent_accommodation
B: for_money_you_pay_you_get_one_small_water_bottle
Answer:
","A: no_evident_not_good_rate_for_excellent_accommodation
B: for_money_you_pay_you_get_one_small_water_bottle
Answer: Yes"
2026-08-10 23:19:39,2,187,no_evident_not_good_rate_for_excellent_accommodation,expensive_for_what_you_get,"Task: decide if Proposition B contradicts Assumption A.

Steps:
1. A defends a claim (strip ""no_evident_not_"" / ""have_evident_"" to see it).
2. B states a fact.
3. Does B disprove A's claim? Same specific issue only, not just same topic.

Output pattern (always use this exact shape):
A: <phrase>
B: <phrase>
Answer: Yes/No

Examples:

A: no_evident_not_easy_check-in
B: customer_wait_10_minute_for_greet
Answer: Yes

A: no_evident_not_easy_check-in
B: no_one_give_key_on_late_check-in
Answer: No

A: no_evident_not_great_quality
B: shampoo_seem_cheap_considering_hotel_cost
Answer: Yes

A: no_evident_not_great_quality
B: expensive_hotel
Answer: No

Now answer for this pair. Output ONLY the final line ""Answer: Yes"" or ""Answer: No"" — no other text.

A: no_evident_not_good_rate_for_excellent_accommodation
B: expensive_for_what_you_get
Answer:
","A: no_evident_not_good_rate_for_excellent_accommodation
B: expensive_for_what_you_get
Answer: Yes"
2026-08-10 23:19:40,2,188,no_evident_not_good_rate_for_excellent_accommodation,expensive_rate_for_what_offer,"Task: decide if Proposition B contradicts Assumption A.

Steps:
1. A defends a claim (strip ""no_evident_not_"" / ""have_evident_"" to see it).
2. B states a fact.
3. Does B disprove A's claim? Same specific issue only, not just same topic.

Output pattern (always use this exact shape):
A: <phrase>
B: <phrase>
Answer: Yes/No

Examples:

A: no_evident_not_easy_check-in
B: customer_wait_10_minute_for_greet
Answer: Yes

A: no_evident_not_easy_check-in
B: no_one_give_key_on_late_check-in
Answer: No

A: no_evident_not_great_quality
B: shampoo_seem_cheap_considering_hotel_cost
Answer: Yes

A: no_evident_not_great_quality
B: expensive_hotel
Answer: No

Now answer for this pair. Output ONLY the final line ""Answer: Yes"" or ""Answer: No"" — no other text.

A: no_evident_not_good_rate_for_excellent_accommodation
B: expensive_rate_for_what_offer
Answer:
","A: no_evident_not_good_rate_for_excellent_accommodation
B: expensive_rate_for_what_offer
Answer: Yes"
2026-08-10 23:19:40,2,189,no_evident_not_good_rate_for_excellent_accommodation,overpriced_for_facility,"Task: decide if Proposition B contradicts Assumption A.

Steps:
1. A defends a claim (strip ""no_evident_not_"" / ""have_evident_"" to see it).
2. B states a fact.
3. Does B disprove A's claim? Same specific issue only, not just same topic.

Output pattern (always use this exact shape):
A: <phrase>
B: <phrase>
Answer: Yes/No

Examples:

A: no_evident_not_easy_check-in
B: customer_wait_10_minute_for_greet
Answer: Yes

A: no_evident_not_easy_check-in
B: no_one_give_key_on_late_check-in
Answer: No

A: no_evident_not_great_quality
B: shampoo_seem_cheap_considering_hotel_cost
Answer: Yes

A: no_evident_not_great_quality
B: expensive_hotel
Answer: No

Now answer for this pair. Output ONLY the final line ""Answer: Yes"" or ""Answer: No"" — no other text.

A: no_evident_not_good_rate_for_excellent_accommodation
B: overpriced_for_facility
Answer:
","A: no_evident_not_good_rate_for_excellent_accommodation
B: overpriced_for_facility
Answer: Yes"
2026-08-10 23:19:40,2,190,no_evident_not_good_rate_for_excellent_accommodation,meal_not_include_in_price,"Task: decide if Proposition B contradicts Assumption A.

Steps:
1. A defends a claim (strip ""no_evident_not_"" / ""have_evident_"" to see it).
2. B states a fact.
3. Does B disprove A's claim? Same specific issue only, not just same topic.

Output pattern (always use this exact shape):
A: <phrase>
B: <phrase>
Answer: Yes/No

Examples:

A: no_evident_not_easy_check-in
B: customer_wait_10_minute_for_greet
Answer: Yes

A: no_evident_not_easy_check-in
B: no_one_give_key_on_late_check-in
Answer: No

A: no_evident_not_great_quality
B: shampoo_seem_cheap_considering_hotel_cost
Answer: Yes

A: no_evident_not_great_quality
B: expensive_hotel
Answer: No

Now answer for this pair. Output ONLY the final line ""Answer: Yes"" or ""Answer: No"" — no other text.

A: no_evident_not_good_rate_for_excellent_accommodation
B: meal_not_include_in_price
Answer:
","A: no_evident_not_good_rate_for_excellent_accommodation
B: breakfast_not_free
Answer: Yes"
2026-08-10 23:19:41,2,191,no_evident_not_good_rate_for_excellent_accommodation,high_price_for_not_enough_comfort_room,"Task: decide if Proposition B contradicts Assumption A.

Steps:
1. A defends a claim (strip ""no_evident_not_"" / ""have_evident_"" to see it).
2. B states a fact.
3. Does B disprove A's claim? Same specific issue only, not just same topic.

Output pattern (always use this exact shape):
A: <phrase>
B: <phrase>
Answer: Yes/No

Examples:

A: no_evident_not_easy_check-in
B: customer_wait_10_minute_for_greet
Answer: Yes

A: no_evident_not_easy_check-in
B: no_one_give_key_on_late_check-in
Answer: No

A: no_evident_not_great_quality
B: shampoo_seem_cheap_considering_hotel_cost
Answer: Yes

A: no_evident_not_great_quality
B: expensive_hotel
Answer: No

Now answer for this pair. Output ONLY the final line ""Answer: Yes"" or ""Answer: No"" — no other text.

A: no_evident_not_good_rate_for_excellent_accommodation
B: high_price_for_not_enough_comfort_room
Answer:
","A: no_evident_not_good_rate_for_excellent_accommodation
B: high_price_for_not_enough_comfort_room
Answer: Yes"
2026-08-10 23:19:41,2,192,no_evident_not_good_rate_for_excellent_accommodation,high_price_for_small_room,"Task: decide if Proposition B contradicts Assumption A.

Steps:
1. A defends a claim (strip ""no_evident_not_"" / ""have_evident_"" to see it).
2. B states a fact.
3. Does B disprove A's claim? Same specific issue only, not just same topic.

Output pattern (always use this exact shape):
A: <phrase>
B: <phrase>
Answer: Yes/No

Examples:

A: no_evident_not_easy_check-in
B: customer_wait_10_minute_for_greet
Answer: Yes

A: no_evident_not_easy_check-in
B: no_one_give_key_on_late_check-in
Answer: No

A: no_evident_not_great_quality
B: shampoo_seem_cheap_considering_hotel_cost
Answer: Yes

A: no_evident_not_great_quality
B: expensive_hotel
Answer: No

Now answer for this pair. Output ONLY the final line ""Answer: Yes"" or ""Answer: No"" — no other text.

A: no_evident_not_good_rate_for_excellent_accommodation
B: high_price_for_small_room
Answer:
","A: no_evident_not_good_rate_for_excellent_accommodation
B: high_price_for_small_room
Answer: Yes"
2026-08-10 23:19:42,2,193,no_evident_not_good_rate_for_excellent_accommodation,expensive_hotel,"Task: decide if Proposition B contradicts Assumption A.

Steps:
1. A defends a claim (strip ""no_evident_not_"" / ""have_evident_"" to see it).
2. B states a fact.
3. Does B disprove A's claim? Same specific issue only, not just same topic.

Output pattern (always use this exact shape):
A: <phrase>
B: <phrase>
Answer: Yes/No

Examples:

A: no_evident_not_easy_check-in
B: customer_wait_10_minute_for_greet
Answer: Yes

A: no_evident_not_easy_check-in
B: no_one_give_key_on_late_check-in
Answer: No

A: no_evident_not_great_quality
B: shampoo_seem_cheap_considering_hotel_cost
Answer: Yes

A: no_evident_not_great_quality
B: expensive_hotel
Answer: No

Now answer for this pair. Output ONLY the final line ""Answer: Yes"" or ""Answer: No"" — no other text.

A: no_evident_not_good_rate_for_excellent_accommodation
B: expensive_hotel
Answer:
","A: no_evident_not_good_rate_for_excellent_accommodation
B: expensive_hotel
Answer: Yes"
2026-08-10 23:19:42,2,194,no_evident_not_good_rate_for_excellent_accommodation,expensive_for_average_hotel,"Task: decide if Proposition B contradicts Assumption A.

Steps:
1. A defends a claim (strip ""no_evident_not_"" / ""have_evident_"" to see it).
2. B states a fact.
3. Does B disprove A's claim? Same specific issue only, not just same topic.

Output pattern (always use this exact shape):
A: <phrase>
B: <phrase>
Answer: Yes/No

Examples:

A: no_evident_not_easy_check-in
B: customer_wait_10_minute_for_greet
Answer: Yes

A: no_evident_not_easy_check-in
B: no_one_give_key_on_late_check-in
Answer: No

A: no_evident_not_great_quality
B: shampoo_seem_cheap_considering_hotel_cost
Answer: Yes

A: no_evident_not_great_quality
B: expensive_hotel
Answer: No

Now answer for this pair. Output ONLY the final line ""Answer: Yes"" or ""Answer: No"" — no other text.

A: no_evident_not_good_rate_for_excellent_accommodation
B: expensive_for_average_hotel
Answer:
","A: no_evident_not_good_rate_for_excellent_accommodation
B: expensive_for_average_hotel
Answer: Yes"
2026-08-10 23:19:42,2,195,no_evident_not_good_rate_for_excellent_accommodation,expensive_for_3_star_hotel,"Task: decide if Proposition B contradicts Assumption A.

Steps:
1. A defends a claim (strip ""no_evident_not_"" / ""have_evident_"" to see it).
2. B states a fact.
3. Does B disprove A's claim? Same specific issue only, not just same topic.

Output pattern (always use this exact shape):
A: <phrase>
B: <phrase>
Answer: Yes/No

Examples:

A: no_evident_not_easy_check-in
B: customer_wait_10_minute_for_greet
Answer: Yes

A: no_evident_not_easy_check-in
B: no_one_give_key_on_late_check-in
Answer: No

A: no_evident_not_great_quality
B: shampoo_seem_cheap_considering_hotel_cost
Answer: Yes

A: no_evident_not_great_quality
B: expensive_hotel
Answer: No

Now answer for this pair. Output ONLY the final line ""Answer: Yes"" or ""Answer: No"" — no other text.

A: no_evident_not_good_rate_for_excellent_accommodation
B: expensive_for_3_star_hotel
Answer:
","A: no_evident_not_good_rate_for_excellent_accommodation
B: expensive_for_3_star_hotel
Answer: Yes"
2026-08-10 23:19:43,2,196,no_evident_not_good_hotel_for_ £50_per_night,unlabeled_shampoo_dispenser_for_this_price,"Task: decide if Proposition B contradicts Assumption A.

Steps:
1. A defends a claim (strip ""no_evident_not_"" / ""have_evident_"" to see it).
2. B states a fact.
3. Does B disprove A's claim? Same specific issue only, not just same topic.

Output pattern (always use this exact shape):
A: <phrase>
B: <phrase>
Answer: Yes/No

Examples:

A: no_evident_not_easy_check-in
B: customer_wait_10_minute_for_greet
Answer: Yes

A: no_evident_not_easy_check-in
B: no_one_give_key_on_late_check-in
Answer: No

A: no_evident_not_great_quality
B: shampoo_seem_cheap_considering_hotel_cost
Answer: Yes

A: no_evident_not_great_quality
B: expensive_hotel
Answer: No

Now answer for this pair. Output ONLY the final line ""Answer: Yes"" or ""Answer: No"" — no other text.

A: no_evident_not_good_hotel_for_ £50_per_night
B: unlabeled_shampoo_dispenser_for_this_price
Answer:
","A: no_evident_not_good_hotel_for_£50_per_night
B: unlabeled_shampoo_dispenser_for_this_price
Answer: Yes"
2026-08-10 23:19:43,2,197,no_evident_not_good_hotel_for_ £50_per_night,shampoo_seem_cheap_considering_hotel_cost,"Task: decide if Proposition B contradicts Assumption A.

Steps:
1. A defends a claim (strip ""no_evident_not_"" / ""have_evident_"" to see it).
2. B states a fact.
3. Does B disprove A's claim? Same specific issue only, not just same topic.

Output pattern (always use this exact shape):
A: <phrase>
B: <phrase>
Answer: Yes/No

Examples:

A: no_evident_not_easy_check-in
B: customer_wait_10_minute_for_greet
Answer: Yes

A: no_evident_not_easy_check-in
B: no_one_give_key_on_late_check-in
Answer: No

A: no_evident_not_great_quality
B: shampoo_seem_cheap_considering_hotel_cost
Answer: Yes

A: no_evident_not_great_quality
B: expensive_hotel
Answer: No

Now answer for this pair. Output ONLY the final line ""Answer: Yes"" or ""Answer: No"" — no other text.

A: no_evident_not_good_hotel_for_ £50_per_night
B: shampoo_seem_cheap_considering_hotel_cost
Answer:
","A: no_evident_not_good_hotel_for_£50_per_night
B: shampoo_seem_cheap_considering_hotel_cost
Answer: Yes"
2026-08-10 23:19:44,2,198,no_evident_not_good_hotel_for_ £50_per_night,guesthouse_but_price_like_hotel,"Task: decide if Proposition B contradicts Assumption A.

Steps:
1. A defends a claim (strip ""no_evident_not_"" / ""have_evident_"" to see it).
2. B states a fact.
3. Does B disprove A's claim? Same specific issue only, not just same topic.

Output pattern (always use this exact shape):
A: <phrase>
B: <phrase>
Answer: Yes/No

Examples:

A: no_evident_not_easy_check-in
B: customer_wait_10_minute_for_greet
Answer: Yes

A: no_evident_not_easy_check-in
B: no_one_give_key_on_late_check-in
Answer: No

A: no_evident_not_great_quality
B: shampoo_seem_cheap_considering_hotel_cost
Answer: Yes

A: no_evident_not_great_quality
B: expensive_hotel
Answer: No

Now answer for this pair. Output ONLY the final line ""Answer: Yes"" or ""Answer: No"" — no other text.

A: no_evident_not_good_hotel_for_ £50_per_night
B: guesthouse_but_price_like_hotel
Answer:
","A: no_evident_not_good_hotel_for_£50_per_night
B: guesthouse_but_price_like_hotel
Answer: Yes"
2026-08-10 23:19:44,2,199,no_evident_not_good_hotel_for_ £50_per_night,for_money_you_pay_you_get_one_small_water_bottle,"Task: decide if Proposition B contradicts Assumption A.

Steps:
1. A defends a claim (strip ""no_evident_not_"" / ""have_evident_"" to see it).
2. B states a fact.
3. Does B disprove A's claim? Same specific issue only, not just same topic.

Output pattern (always use this exact shape):
A: <phrase>
B: <phrase>
Answer: Yes/No

Examples:

A: no_evident_not_easy_check-in
B: customer_wait_10_minute_for_greet
Answer: Yes

A: no_evident_not_easy_check-in
B: no_one_give_key_on_late_check-in
Answer: No

A: no_evident_not_great_quality
B: shampoo_seem_cheap_considering_hotel_cost
Answer: Yes

A: no_evident_not_great_quality
B: expensive_hotel
Answer: No

Now answer for this pair. Output ONLY the final line ""Answer: Yes"" or ""Answer: No"" — no other text.

A: no_evident_not_good_hotel_for_ £50_per_night
B: for_money_you_pay_you_get_one_small_water_bottle
Answer:
","A: no_evident_not_good_hotel_for_£50_per_night
B: for_money_you_pay_you_get_one_small_water_bottle
Answer: Yes"
2026-08-10 23:19:45,2,200,no_evident_not_good_hotel_for_ £50_per_night,expensive_for_what_you_get,"Task: decide if Proposition B contradicts Assumption A.

Steps:
1. A defends a claim (strip ""no_evident_not_"" / ""have_evident_"" to see it).
2. B states a fact.
3. Does B disprove A's claim? Same specific issue only, not just same topic.

Output pattern (always use this exact shape):
A: <phrase>
B: <phrase>
Answer: Yes/No

Examples:

A: no_evident_not_easy_check-in
B: customer_wait_10_minute_for_greet
Answer: Yes

A: no_evident_not_easy_check-in
B: no_one_give_key_on_late_check-in
Answer: No

A: no_evident_not_great_quality
B: shampoo_seem_cheap_considering_hotel_cost
Answer: Yes

A: no_evident_not_great_quality
B: expensive_hotel
Answer: No

Now answer for this pair. Output ONLY the final line ""Answer: Yes"" or ""Answer: No"" — no other text.

A: no_evident_not_good_hotel_for_ £50_per_night
B: expensive_for_what_you_get
Answer:
","A: no_evident_not_good_hotel_for_£50_per_night
B: expensive_for_what_you_get
Answer: Yes"
2026-08-10 23:19:45,2,201,no_evident_not_good_hotel_for_ £50_per_night,expensive_rate_for_what_offer,"Task: decide if Proposition B contradicts Assumption A.

Steps:
1. A defends a claim (strip ""no_evident_not_"" / ""have_evident_"" to see it).
2. B states a fact.
3. Does B disprove A's claim? Same specific issue only, not just same topic.

Output pattern (always use this exact shape):
A: <phrase>
B: <phrase>
Answer: Yes/No

Examples:

A: no_evident_not_easy_check-in
B: customer_wait_10_minute_for_greet
Answer: Yes

A: no_evident_not_easy_check-in
B: no_one_give_key_on_late_check-in
Answer: No

A: no_evident_not_great_quality
B: shampoo_seem_cheap_considering_hotel_cost
Answer: Yes

A: no_evident_not_great_quality
B: expensive_hotel
Answer: No

Now answer for this pair. Output ONLY the final line ""Answer: Yes"" or ""Answer: No"" — no other text.

A: no_evident_not_good_hotel_for_ £50_per_night
B: expensive_rate_for_what_offer
Answer:
","A: no_evident_not_good_hotel_for_£50_per_night
B: expensive_rate_for_what_offer
Answer: Yes"
2026-08-10 23:19:46,2,202,no_evident_not_good_hotel_for_ £50_per_night,overpriced_for_facility,"Task: decide if Proposition B contradicts Assumption A.

Steps:
1. A defends a claim (strip ""no_evident_not_"" / ""have_evident_"" to see it).
2. B states a fact.
3. Does B disprove A's claim? Same specific issue only, not just same topic.

Output pattern (always use this exact shape):
A: <phrase>
B: <phrase>
Answer: Yes/No

Examples:

A: no_evident_not_easy_check-in
B: customer_wait_10_minute_for_greet
Answer: Yes

A: no_evident_not_easy_check-in
B: no_one_give_key_on_late_check-in
Answer: No

A: no_evident_not_great_quality
B: shampoo_seem_cheap_considering_hotel_cost
Answer: Yes

A: no_evident_not_great_quality
B: expensive_hotel
Answer: No

Now answer for this pair. Output ONLY the final line ""Answer: Yes"" or ""Answer: No"" — no other text.

A: no_evident_not_good_hotel_for_ £50_per_night
B: overpriced_for_facility
Answer:
","A: no_evident_not_good_hotel_for_£50_per_night
B: overpriced_for_facility
Answer: Yes"
2026-08-10 23:19:46,2,203,no_evident_not_good_hotel_for_ £50_per_night,meal_not_include_in_price,"Task: decide if Proposition B contradicts Assumption A.

Steps:
1. A defends a claim (strip ""no_evident_not_"" / ""have_evident_"" to see it).
2. B states a fact.
3. Does B disprove A's claim? Same specific issue only, not just same topic.

Output pattern (always use this exact shape):
A: <phrase>
B: <phrase>
Answer: Yes/No

Examples:

A: no_evident_not_easy_check-in
B: customer_wait_10_minute_for_greet
Answer: Yes

A: no_evident_not_easy_check-in
B: no_one_give_key_on_late_check-in
Answer: No

A: no_evident_not_great_quality
B: shampoo_seem_cheap_considering_hotel_cost
Answer: Yes

A: no_evident_not_great_quality
B: expensive_hotel
Answer: No

Now answer for this pair. Output ONLY the final line ""Answer: Yes"" or ""Answer: No"" — no other text.

A: no_evident_not_good_hotel_for_ £50_per_night
B: meal_not_include_in_price
Answer:
","A: no_evident_not_good_hotel_for_£50_per_night
B: meal_not_include_in_price
Answer: Yes"
2026-08-10 23:19:46,2,204,no_evident_not_good_hotel_for_ £50_per_night,high_price_for_not_enough_comfort_room,"Task: decide if Proposition B contradicts Assumption A.

Steps:
1. A defends a claim (strip ""no_evident_not_"" / ""have_evident_"" to see it).
2. B states a fact.
3. Does B disprove A's claim? Same specific issue only, not just same topic.

Output pattern (always use this exact shape):
A: <phrase>
B: <phrase>
Answer: Yes/No

Examples:

A: no_evident_not_easy_check-in
B: customer_wait_10_minute_for_greet
Answer: Yes

A: no_evident_not_easy_check-in
B: no_one_give_key_on_late_check-in
Answer: No

A: no_evident_not_great_quality
B: shampoo_seem_cheap_considering_hotel_cost
Answer: Yes

A: no_evident_not_great_quality
B: expensive_hotel
Answer: No

Now answer for this pair. Output ONLY the final line ""Answer: Yes"" or ""Answer: No"" — no other text.

A: no_evident_not_good_hotel_for_ £50_per_night
B: high_price_for_not_enough_comfort_room
Answer:
","A: no_evident_not_good_hotel_for_£50_per_night
B: high_price_for_not_enough_comfort_room
Answer: Yes"
2026-08-10 23:19:47,2,205,no_evident_not_good_hotel_for_ £50_per_night,high_price_for_small_room,"Task: decide if Proposition B contradicts Assumption A.

Steps:
1. A defends a claim (strip ""no_evident_not_"" / ""have_evident_"" to see it).
2. B states a fact.
3. Does B disprove A's claim? Same specific issue only, not just same topic.

Output pattern (always use this exact shape):
A: <phrase>
B: <phrase>
Answer: Yes/No

Examples:

A: no_evident_not_easy_check-in
B: customer_wait_10_minute_for_greet
Answer: Yes

A: no_evident_not_easy_check-in
B: no_one_give_key_on_late_check-in
Answer: No

A: no_evident_not_great_quality
B: shampoo_seem_cheap_considering_hotel_cost
Answer: Yes

A: no_evident_not_great_quality
B: expensive_hotel
Answer: No

Now answer for this pair. Output ONLY the final line ""Answer: Yes"" or ""Answer: No"" — no other text.

A: no_evident_not_good_hotel_for_ £50_per_night
B: high_price_for_small_room
Answer:
","A: no_evident_not_good_hotel_for_£50_per_night
B: high_price_for_small_room
Answer: Yes"
2026-08-10 23:19:47,2,206,no_evident_not_good_hotel_for_ £50_per_night,expensive_hotel,"Task: decide if Proposition B contradicts Assumption A.

Steps:
1. A defends a claim (strip ""no_evident_not_"" / ""have_evident_"" to see it).
2. B states a fact.
3. Does B disprove A's claim? Same specific issue only, not just same topic.

Output pattern (always use this exact shape):
A: <phrase>
B: <phrase>
Answer: Yes/No

Examples:

A: no_evident_not_easy_check-in
B: customer_wait_10_minute_for_greet
Answer: Yes

A: no_evident_not_easy_check-in
B: no_one_give_key_on_late_check-in
Answer: No

A: no_evident_not_great_quality
B: shampoo_seem_cheap_considering_hotel_cost
Answer: Yes

A: no_evident_not_great_quality
B: expensive_hotel
Answer: No

Now answer for this pair. Output ONLY the final line ""Answer: Yes"" or ""Answer: No"" — no other text.

A: no_evident_not_good_hotel_for_ £50_per_night
B: expensive_hotel
Answer:
",Answer: Yes
2026-08-10 23:19:47,2,207,no_evident_not_good_hotel_for_ £50_per_night,expensive_for_average_hotel,"Task: decide if Proposition B contradicts Assumption A.

Steps:
1. A defends a claim (strip ""no_evident_not_"" / ""have_evident_"" to see it).
2. B states a fact.
3. Does B disprove A's claim? Same specific issue only, not just same topic.

Output pattern (always use this exact shape):
A: <phrase>
B: <phrase>
Answer: Yes/No

Examples:

A: no_evident_not_easy_check-in
B: customer_wait_10_minute_for_greet
Answer: Yes

A: no_evident_not_easy_check-in
B: no_one_give_key_on_late_check-in
Answer: No

A: no_evident_not_great_quality
B: shampoo_seem_cheap_considering_hotel_cost
Answer: Yes

A: no_evident_not_great_quality
B: expensive_hotel
Answer: No

Now answer for this pair. Output ONLY the final line ""Answer: Yes"" or ""Answer: No"" — no other text.

A: no_evident_not_good_hotel_for_ £50_per_night
B: expensive_for_average_hotel
Answer:
","A: no_evident_not_good_hotel_for_£50_per_night
B: expensive_for_average_hotel
Answer: Yes"
2026-08-10 23:19:48,2,208,no_evident_not_good_hotel_for_ £50_per_night,expensive_for_3_star_hotel,"Task: decide if Proposition B contradicts Assumption A.

Steps:
1. A defends a claim (strip ""no_evident_not_"" / ""have_evident_"" to see it).
2. B states a fact.
3. Does B disprove A's claim? Same specific issue only, not just same topic.

Output pattern (always use this exact shape):
A: <phrase>
B: <phrase>
Answer: Yes/No

Examples:

A: no_evident_not_easy_check-in
B: customer_wait_10_minute_for_greet
Answer: Yes

A: no_evident_not_easy_check-in
B: no_one_give_key_on_late_check-in
Answer: No

A: no_evident_not_great_quality
B: shampoo_seem_cheap_considering_hotel_cost
Answer: Yes

A: no_evident_not_great_quality
B: expensive_hotel
Answer: No

Now answer for this pair. Output ONLY the final line ""Answer: Yes"" or ""Answer: No"" — no other text.

A: no_evident_not_good_hotel_for_ £50_per_night
B: expensive_for_3_star_hotel
Answer:
","A: no_evident_not_good_hotel_for_£50_per_night
B: expensive_for_3_star_hotel
Answer: Yes"
2026-08-10 23:19:48,2,209,no_evident_not_room_excellent_value_for_money,unlabeled_shampoo_dispenser_for_this_price,"Task: decide if Proposition B contradicts Assumption A.

Steps:
1. A defends a claim (strip ""no_evident_not_"" / ""have_evident_"" to see it).
2. B states a fact.
3. Does B disprove A's claim? Same specific issue only, not just same topic.

Output pattern (always use this exact shape):
A: <phrase>
B: <phrase>
Answer: Yes/No

Examples:

A: no_evident_not_easy_check-in
B: customer_wait_10_minute_for_greet
Answer: Yes

A: no_evident_not_easy_check-in
B: no_one_give_key_on_late_check-in
Answer: No

A: no_evident_not_great_quality
B: shampoo_seem_cheap_considering_hotel_cost
Answer: Yes

A: no_evident_not_great_quality
B: expensive_hotel
Answer: No

Now answer for this pair. Output ONLY the final line ""Answer: Yes"" or ""Answer: No"" — no other text.

A: no_evident_not_room_excellent_value_for_money
B: unlabeled_shampoo_dispenser_for_this_price
Answer:
","A: no_evident_not_room_excellent_value_for_money
B: unlabeled_shampoo_dispenser_for_this_price
Answer: Yes"
2026-08-10 23:19:49,2,210,no_evident_not_room_excellent_value_for_money,shampoo_seem_cheap_considering_hotel_cost,"Task: decide if Proposition B contradicts Assumption A.

Steps:
1. A defends a claim (strip ""no_evident_not_"" / ""have_evident_"" to see it).
2. B states a fact.
3. Does B disprove A's claim? Same specific issue only, not just same topic.

Output pattern (always use this exact shape):
A: <phrase>
B: <phrase>
Answer: Yes/No

Examples:

A: no_evident_not_easy_check-in
B: customer_wait_10_minute_for_greet
Answer: Yes

A: no_evident_not_easy_check-in
B: no_one_give_key_on_late_check-in
Answer: No

A: no_evident_not_great_quality
B: shampoo_seem_cheap_considering_hotel_cost
Answer: Yes

A: no_evident_not_great_quality
B: expensive_hotel
Answer: No

Now answer for this pair. Output ONLY the final line ""Answer: Yes"" or ""Answer: No"" — no other text.

A: no_evident_not_room_excellent_value_for_money
B: shampoo_seem_cheap_considering_hotel_cost
Answer:
","A: no_evident_not_room_excellent_value_for_money
B: shampoo_seem_cheap_considering_hotel_cost
Answer: Yes"
2026-08-10 23:19:49,2,211,no_evident_not_room_excellent_value_for_money,guesthouse_but_price_like_hotel,"Task: decide if Proposition B contradicts Assumption A.

Steps:
1. A defends a claim (strip ""no_evident_not_"" / ""have_evident_"" to see it).
2. B states a fact.
3. Does B disprove A's claim? Same specific issue only, not just same topic.

Output pattern (always use this exact shape):
A: <phrase>
B: <phrase>
Answer: Yes/No

Examples:

A: no_evident_not_easy_check-in
B: customer_wait_10_minute_for_greet
Answer: Yes

A: no_evident_not_easy_check-in
B: no_one_give_key_on_late_check-in
Answer: No

A: no_evident_not_great_quality
B: shampoo_seem_cheap_considering_hotel_cost
Answer: Yes

A: no_evident_not_great_quality
B: expensive_hotel
Answer: No

Now answer for this pair. Output ONLY the final line ""Answer: Yes"" or ""Answer: No"" — no other text.

A: no_evident_not_room_excellent_value_for_money
B: guesthouse_but_price_like_hotel
Answer:
","A: no_evident_not_room_excellent_value_for_money
B: guesthouse_but_price_like_hotel
Answer: Yes"
2026-08-10 23:19:50,2,212,no_evident_not_room_excellent_value_for_money,for_money_you_pay_you_get_one_small_water_bottle,"Task: decide if Proposition B contradicts Assumption A.

Steps:
1. A defends a claim (strip ""no_evident_not_"" / ""have_evident_"" to see it).
2. B states a fact.
3. Does B disprove A's claim? Same specific issue only, not just same topic.

Output pattern (always use this exact shape):
A: <phrase>
B: <phrase>
Answer: Yes/No

Examples:

A: no_evident_not_easy_check-in
B: customer_wait_10_minute_for_greet
Answer: Yes

A: no_evident_not_easy_check-in
B: no_one_give_key_on_late_check-in
Answer: No

A: no_evident_not_great_quality
B: shampoo_seem_cheap_considering_hotel_cost
Answer: Yes

A: no_evident_not_great_quality
B: expensive_hotel
Answer: No

Now answer for this pair. Output ONLY the final line ""Answer: Yes"" or ""Answer: No"" — no other text.

A: no_evident_not_room_excellent_value_for_money
B: for_money_you_pay_you_get_one_small_water_bottle
Answer:
","A: no_evident_not_room_excellent_value_for_money
B: for_money_you_pay_you_get_one_small_water_bottle
Answer: Yes"
2026-08-10 23:19:50,2,213,no_evident_not_room_excellent_value_for_money,expensive_for_what_you_get,"Task: decide if Proposition B contradicts Assumption A.

Steps:
1. A defends a claim (strip ""no_evident_not_"" / ""have_evident_"" to see it).
2. B states a fact.
3. Does B disprove A's claim? Same specific issue only, not just same topic.

Output pattern (always use this exact shape):
A: <phrase>
B: <phrase>
Answer: Yes/No

Examples:

A: no_evident_not_easy_check-in
B: customer_wait_10_minute_for_greet
Answer: Yes

A: no_evident_not_easy_check-in
B: no_one_give_key_on_late_check-in
Answer: No

A: no_evident_not_great_quality
B: shampoo_seem_cheap_considering_hotel_cost
Answer: Yes

A: no_evident_not_great_quality
B: expensive_hotel
Answer: No

Now answer for this pair. Output ONLY the final line ""Answer: Yes"" or ""Answer: No"" — no other text.

A: no_evident_not_room_excellent_value_for_money
B: expensive_for_what_you_get
Answer:
","A: no_evident_not_room_excellent_value_for_money
B: expensive_for_what_you_get
Answer: Yes"
2026-08-10 23:19:50,2,214,no_evident_not_room_excellent_value_for_money,expensive_rate_for_what_offer,"Task: decide if Proposition B contradicts Assumption A.

Steps:
1. A defends a claim (strip ""no_evident_not_"" / ""have_evident_"" to see it).
2. B states a fact.
3. Does B disprove A's claim? Same specific issue only, not just same topic.

Output pattern (always use this exact shape):
A: <phrase>
B: <phrase>
Answer: Yes/No

Examples:

A: no_evident_not_easy_check-in
B: customer_wait_10_minute_for_greet
Answer: Yes

A: no_evident_not_easy_check-in
B: no_one_give_key_on_late_check-in
Answer: No

A: no_evident_not_great_quality
B: shampoo_seem_cheap_considering_hotel_cost
Answer: Yes

A: no_evident_not_great_quality
B: expensive_hotel
Answer: No

Now answer for this pair. Output ONLY the final line ""Answer: Yes"" or ""Answer: No"" — no other text.

A: no_evident_not_room_excellent_value_for_money
B: expensive_rate_for_what_offer
Answer:
","A: no_evident_not_room_excellent_value_for_money
B: expensive_rate_for_what_offer
Answer: Yes"
2026-08-10 23:19:51,2,215,no_evident_not_room_excellent_value_for_money,overpriced_for_facility,"Task: decide if Proposition B contradicts Assumption A.

Steps:
1. A defends a claim (strip ""no_evident_not_"" / ""have_evident_"" to see it).
2. B states a fact.
3. Does B disprove A's claim? Same specific issue only, not just same topic.

Output pattern (always use this exact shape):
A: <phrase>
B: <phrase>
Answer: Yes/No

Examples:

A: no_evident_not_easy_check-in
B: customer_wait_10_minute_for_greet
Answer: Yes

A: no_evident_not_easy_check-in
B: no_one_give_key_on_late_check-in
Answer: No

A: no_evident_not_great_quality
B: shampoo_seem_cheap_considering_hotel_cost
Answer: Yes

A: no_evident_not_great_quality
B: expensive_hotel
Answer: No

Now answer for this pair. Output ONLY the final line ""Answer: Yes"" or ""Answer: No"" — no other text.

A: no_evident_not_room_excellent_value_for_money
B: overpriced_for_facility
Answer:
","A: no_evident_not_room_excellent_value_for_money
B: overpriced_for_facility
Answer: Yes"
2026-08-10 23:19:51,2,216,no_evident_not_room_excellent_value_for_money,meal_not_include_in_price,"Task: decide if Proposition B contradicts Assumption A.

Steps:
1. A defends a claim (strip ""no_evident_not_"" / ""have_evident_"" to see it).
2. B states a fact.
3. Does B disprove A's claim? Same specific issue only, not just same topic.

Output pattern (always use this exact shape):
A: <phrase>
B: <phrase>
Answer: Yes/No

Examples:

A: no_evident_not_easy_check-in
B: customer_wait_10_minute_for_greet
Answer: Yes

A: no_evident_not_easy_check-in
B: no_one_give_key_on_late_check-in
Answer: No

A: no_evident_not_great_quality
B: shampoo_seem_cheap_considering_hotel_cost
Answer: Yes

A: no_evident_not_great_quality
B: expensive_hotel
Answer: No

Now answer for this pair. Output ONLY the final line ""Answer: Yes"" or ""Answer: No"" — no other text.

A: no_evident_not_room_excellent_value_for_money
B: meal_not_include_in_price
Answer:
","A: no_evident_not_room_excellent_value_for_money
B: meal_not_include_in_price
Answer: Yes"
2026-08-10 23:19:51,2,217,no_evident_not_room_excellent_value_for_money,high_price_for_not_enough_comfort_room,"Task: decide if Proposition B contradicts Assumption A.

Steps:
1. A defends a claim (strip ""no_evident_not_"" / ""have_evident_"" to see it).
2. B states a fact.
3. Does B disprove A's claim? Same specific issue only, not just same topic.

Output pattern (always use this exact shape):
A: <phrase>
B: <phrase>
Answer: Yes/No

Examples:

A: no_evident_not_easy_check-in
B: customer_wait_10_minute_for_greet
Answer: Yes

A: no_evident_not_easy_check-in
B: no_one_give_key_on_late_check-in
Answer: No

A: no_evident_not_great_quality
B: shampoo_seem_cheap_considering_hotel_cost
Answer: Yes

A: no_evident_not_great_quality
B: expensive_hotel
Answer: No

Now answer for this pair. Output ONLY the final line ""Answer: Yes"" or ""Answer: No"" — no other text.

A: no_evident_not_room_excellent_value_for_money
B: high_price_for_not_enough_comfort_room
Answer:
",Answer: Yes
2026-08-10 23:19:52,2,218,no_evident_not_room_excellent_value_for_money,high_price_for_small_room,"Task: decide if Proposition B contradicts Assumption A.

Steps:
1. A defends a claim (strip ""no_evident_not_"" / ""have_evident_"" to see it).
2. B states a fact.
3. Does B disprove A's claim? Same specific issue only, not just same topic.

Output pattern (always use this exact shape):
A: <phrase>
B: <phrase>
Answer: Yes/No

Examples:

A: no_evident_not_easy_check-in
B: customer_wait_10_minute_for_greet
Answer: Yes

A: no_evident_not_easy_check-in
B: no_one_give_key_on_late_check-in
Answer: No

A: no_evident_not_great_quality
B: shampoo_seem_cheap_considering_hotel_cost
Answer: Yes

A: no_evident_not_great_quality
B: expensive_hotel
Answer: No

Now answer for this pair. Output ONLY the final line ""Answer: Yes"" or ""Answer: No"" — no other text.

A: no_evident_not_room_excellent_value_for_money
B: high_price_for_small_room
Answer:
","A: no_evident_not_room_excellent_value_for_money
B: high_price_for_small_room
Answer: Yes"
2026-08-10 23:19:52,2,219,no_evident_not_room_excellent_value_for_money,expensive_hotel,"Task: decide if Proposition B contradicts Assumption A.

Steps:
1. A defends a claim (strip ""no_evident_not_"" / ""have_evident_"" to see it).
2. B states a fact.
3. Does B disprove A's claim? Same specific issue only, not just same topic.

Output pattern (always use this exact shape):
A: <phrase>
B: <phrase>
Answer: Yes/No

Examples:

A: no_evident_not_easy_check-in
B: customer_wait_10_minute_for_greet
Answer: Yes

A: no_evident_not_easy_check-in
B: no_one_give_key_on_late_check-in
Answer: No

A: no_evident_not_great_quality
B: shampoo_seem_cheap_considering_hotel_cost
Answer: Yes

A: no_evident_not_great_quality
B: expensive_hotel
Answer: No

Now answer for this pair. Output ONLY the final line ""Answer: Yes"" or ""Answer: No"" — no other text.

A: no_evident_not_room_excellent_value_for_money
B: expensive_hotel
Answer:
",Answer: Yes
2026-08-10 23:19:52,2,220,no_evident_not_room_excellent_value_for_money,expensive_for_average_hotel,"Task: decide if Proposition B contradicts Assumption A.

Steps:
1. A defends a claim (strip ""no_evident_not_"" / ""have_evident_"" to see it).
2. B states a fact.
3. Does B disprove A's claim? Same specific issue only, not just same topic.

Output pattern (always use this exact shape):
A: <phrase>
B: <phrase>
Answer: Yes/No

Examples:

A: no_evident_not_easy_check-in
B: customer_wait_10_minute_for_greet
Answer: Yes

A: no_evident_not_easy_check-in
B: no_one_give_key_on_late_check-in
Answer: No

A: no_evident_not_great_quality
B: shampoo_seem_cheap_considering_hotel_cost
Answer: Yes

A: no_evident_not_great_quality
B: expensive_hotel
Answer: No

Now answer for this pair. Output ONLY the final line ""Answer: Yes"" or ""Answer: No"" — no other text.

A: no_evident_not_room_excellent_value_for_money
B: expensive_for_average_hotel
Answer:
","A: no_evident_not_room_excellent_value_for_money
B: expensive_for_average_hotel
Answer: Yes"
2026-08-10 23:19:52,2,221,no_evident_not_room_excellent_value_for_money,expensive_for_3_star_hotel,"Task: decide if Proposition B contradicts Assumption A.

Steps:
1. A defends a claim (strip ""no_evident_not_"" / ""have_evident_"" to see it).
2. B states a fact.
3. Does B disprove A's claim? Same specific issue only, not just same topic.

Output pattern (always use this exact shape):
A: <phrase>
B: <phrase>
Answer: Yes/No

Examples:

A: no_evident_not_easy_check-in
B: customer_wait_10_minute_for_greet
Answer: Yes

A: no_evident_not_easy_check-in
B: no_one_give_key_on_late_check-in
Answer: No

A: no_evident_not_great_quality
B: shampoo_seem_cheap_considering_hotel_cost
Answer: Yes

A: no_evident_not_great_quality
B: expensive_hotel
Answer: No

Now answer for this pair. Output ONLY the final line ""Answer: Yes"" or ""Answer: No"" — no other text.

A: no_evident_not_room_excellent_value_for_money
B: expensive_for_3_star_hotel
Answer:
","A: no_evident_not_room_excellent_value_for_money
B: expensive_for_3_star_hotel
Answer: Yes"
2026-08-10 23:19:53,2,222,no_evident_not_location_excellent_value_for_money,unlabeled_shampoo_dispenser_for_this_price,"Task: decide if Proposition B contradicts Assumption A.

Steps:
1. A defends a claim (strip ""no_evident_not_"" / ""have_evident_"" to see it).
2. B states a fact.
3. Does B disprove A's claim? Same specific issue only, not just same topic.

Output pattern (always use this exact shape):
A: <phrase>
B: <phrase>
Answer: Yes/No

Examples:

A: no_evident_not_easy_check-in
B: customer_wait_10_minute_for_greet
Answer: Yes

A: no_evident_not_easy_check-in
B: no_one_give_key_on_late_check-in
Answer: No

A: no_evident_not_great_quality
B: shampoo_seem_cheap_considering_hotel_cost
Answer: Yes

A: no_evident_not_great_quality
B: expensive_hotel
Answer: No

Now answer for this pair. Output ONLY the final line ""Answer: Yes"" or ""Answer: No"" — no other text.

A: no_evident_not_location_excellent_value_for_money
B: unlabeled_shampoo_dispenser_for_this_price
Answer:
","A: no_evident_not_location_excellent_value_for_money
B: unlabeled_shampoo_dispenser_for_this_price
Answer: Yes"
2026-08-10 23:19:53,2,223,no_evident_not_location_excellent_value_for_money,shampoo_seem_cheap_considering_hotel_cost,"Task: decide if Proposition B contradicts Assumption A.

Steps:
1. A defends a claim (strip ""no_evident_not_"" / ""have_evident_"" to see it).
2. B states a fact.
3. Does B disprove A's claim? Same specific issue only, not just same topic.

Output pattern (always use this exact shape):
A: <phrase>
B: <phrase>
Answer: Yes/No

Examples:

A: no_evident_not_easy_check-in
B: customer_wait_10_minute_for_greet
Answer: Yes

A: no_evident_not_easy_check-in
B: no_one_give_key_on_late_check-in
Answer: No

A: no_evident_not_great_quality
B: shampoo_seem_cheap_considering_hotel_cost
Answer: Yes

A: no_evident_not_great_quality
B: expensive_hotel
Answer: No

Now answer for this pair. Output ONLY the final line ""Answer: Yes"" or ""Answer: No"" — no other text.

A: no_evident_not_location_excellent_value_for_money
B: shampoo_seem_cheap_considering_hotel_cost
Answer:
","A: no_evident_not_location_excellent_value_for_money
B: shampoo_seem_cheap_considering_hotel_cost
Answer: Yes"
2026-08-10 23:19:54,2,224,no_evident_not_location_excellent_value_for_money,guesthouse_but_price_like_hotel,"Task: decide if Proposition B contradicts Assumption A.

Steps:
1. A defends a claim (strip ""no_evident_not_"" / ""have_evident_"" to see it).
2. B states a fact.
3. Does B disprove A's claim? Same specific issue only, not just same topic.

Output pattern (always use this exact shape):
A: <phrase>
B: <phrase>
Answer: Yes/No

Examples:

A: no_evident_not_easy_check-in
B: customer_wait_10_minute_for_greet
Answer: Yes

A: no_evident_not_easy_check-in
B: no_one_give_key_on_late_check-in
Answer: No

A: no_evident_not_great_quality
B: shampoo_seem_cheap_considering_hotel_cost
Answer: Yes

A: no_evident_not_great_quality
B: expensive_hotel
Answer: No

Now answer for this pair. Output ONLY the final line ""Answer: Yes"" or ""Answer: No"" — no other text.

A: no_evident_not_location_excellent_value_for_money
B: guesthouse_but_price_like_hotel
Answer:
","A: no_evident_not_location_excellent_value_for_money
B: guesthouse_but_price_like_hotel
Answer: Yes"
2026-08-10 23:19:54,2,225,no_evident_not_location_excellent_value_for_money,for_money_you_pay_you_get_one_small_water_bottle,"Task: decide if Proposition B contradicts Assumption A.

Steps:
1. A defends a claim (strip ""no_evident_not_"" / ""have_evident_"" to see it).
2. B states a fact.
3. Does B disprove A's claim? Same specific issue only, not just same topic.

Output pattern (always use this exact shape):
A: <phrase>
B: <phrase>
Answer: Yes/No

Examples:

A: no_evident_not_easy_check-in
B: customer_wait_10_minute_for_greet
Answer: Yes

A: no_evident_not_easy_check-in
B: no_one_give_key_on_late_check-in
Answer: No

A: no_evident_not_great_quality
B: shampoo_seem_cheap_considering_hotel_cost
Answer: Yes

A: no_evident_not_great_quality
B: expensive_hotel
Answer: No

Now answer for this pair. Output ONLY the final line ""Answer: Yes"" or ""Answer: No"" — no other text.

A: no_evident_not_location_excellent_value_for_money
B: for_money_you_pay_you_get_one_small_water_bottle
Answer:
","A: no_evident_not_location_excellent_value_for_money
B: for_money_you_pay_you_get_one_small_water_bottle
Answer: Yes"
2026-08-10 23:19:54,2,226,no_evident_not_location_excellent_value_for_money,expensive_for_what_you_get,"Task: decide if Proposition B contradicts Assumption A.

Steps:
1. A defends a claim (strip ""no_evident_not_"" / ""have_evident_"" to see it).
2. B states a fact.
3. Does B disprove A's claim? Same specific issue only, not just same topic.

Output pattern (always use this exact shape):
A: <phrase>
B: <phrase>
Answer: Yes/No

Examples:

A: no_evident_not_easy_check-in
B: customer_wait_10_minute_for_greet
Answer: Yes

A: no_evident_not_easy_check-in
B: no_one_give_key_on_late_check-in
Answer: No

A: no_evident_not_great_quality
B: shampoo_seem_cheap_considering_hotel_cost
Answer: Yes

A: no_evident_not_great_quality
B: expensive_hotel
Answer: No

Now answer for this pair. Output ONLY the final line ""Answer: Yes"" or ""Answer: No"" — no other text.

A: no_evident_not_location_excellent_value_for_money
B: expensive_for_what_you_get
Answer:
","A: no_evident_not_location_excellent_value_for_money
B: expensive_for_what_you_get
Answer: Yes"
2026-08-10 23:19:55,2,227,no_evident_not_location_excellent_value_for_money,expensive_rate_for_what_offer,"Task: decide if Proposition B contradicts Assumption A.

Steps:
1. A defends a claim (strip ""no_evident_not_"" / ""have_evident_"" to see it).
2. B states a fact.
3. Does B disprove A's claim? Same specific issue only, not just same topic.

Output pattern (always use this exact shape):
A: <phrase>
B: <phrase>
Answer: Yes/No

Examples:

A: no_evident_not_easy_check-in
B: customer_wait_10_minute_for_greet
Answer: Yes

A: no_evident_not_easy_check-in
B: no_one_give_key_on_late_check-in
Answer: No

A: no_evident_not_great_quality
B: shampoo_seem_cheap_considering_hotel_cost
Answer: Yes

A: no_evident_not_great_quality
B: expensive_hotel
Answer: No

Now answer for this pair. Output ONLY the final line ""Answer: Yes"" or ""Answer: No"" — no other text.

A: no_evident_not_location_excellent_value_for_money
B: expensive_rate_for_what_offer
Answer:
",Answer: Yes
2026-08-10 23:19:55,2,228,no_evident_not_location_excellent_value_for_money,overpriced_for_facility,"Task: decide if Proposition B contradicts Assumption A.

Steps:
1. A defends a claim (strip ""no_evident_not_"" / ""have_evident_"" to see it).
2. B states a fact.
3. Does B disprove A's claim? Same specific issue only, not just same topic.

Output pattern (always use this exact shape):
A: <phrase>
B: <phrase>
Answer: Yes/No

Examples:

A: no_evident_not_easy_check-in
B: customer_wait_10_minute_for_greet
Answer: Yes

A: no_evident_not_easy_check-in
B: no_one_give_key_on_late_check-in
Answer: No

A: no_evident_not_great_quality
B: shampoo_seem_cheap_considering_hotel_cost
Answer: Yes

A: no_evident_not_great_quality
B: expensive_hotel
Answer: No

Now answer for this pair. Output ONLY the final line ""Answer: Yes"" or ""Answer: No"" — no other text.

A: no_evident_not_location_excellent_value_for_money
B: overpriced_for_facility
Answer:
","A: no_evident_not_location_excellent_value_for_money
B: overpriced_for_facility
Answer: Yes"
2026-08-10 23:19:55,2,229,no_evident_not_location_excellent_value_for_money,meal_not_include_in_price,"Task: decide if Proposition B contradicts Assumption A.

Steps:
1. A defends a claim (strip ""no_evident_not_"" / ""have_evident_"" to see it).
2. B states a fact.
3. Does B disprove A's claim? Same specific issue only, not just same topic.

Output pattern (always use this exact shape):
A: <phrase>
B: <phrase>
Answer: Yes/No

Examples:

A: no_evident_not_easy_check-in
B: customer_wait_10_minute_for_greet
Answer: Yes

A: no_evident_not_easy_check-in
B: no_one_give_key_on_late_check-in
Answer: No

A: no_evident_not_great_quality
B: shampoo_seem_cheap_considering_hotel_cost
Answer: Yes

A: no_evident_not_great_quality
B: expensive_hotel
Answer: No

Now answer for this pair. Output ONLY the final line ""Answer: Yes"" or ""Answer: No"" — no other text.

A: no_evident_not_location_excellent_value_for_money
B: meal_not_include_in_price
Answer:
","A: no_evident_not_location_excellent_value_for_money
B: meal_not_include_in_price
Answer: Yes"
2026-08-10 23:19:55,2,230,no_evident_not_location_excellent_value_for_money,high_price_for_not_enough_comfort_room,"Task: decide if Proposition B contradicts Assumption A.

Steps:
1. A defends a claim (strip ""no_evident_not_"" / ""have_evident_"" to see it).
2. B states a fact.
3. Does B disprove A's claim? Same specific issue only, not just same topic.

Output pattern (always use this exact shape):
A: <phrase>
B: <phrase>
Answer: Yes/No

Examples:

A: no_evident_not_easy_check-in
B: customer_wait_10_minute_for_greet
Answer: Yes

A: no_evident_not_easy_check-in
B: no_one_give_key_on_late_check-in
Answer: No

A: no_evident_not_great_quality
B: shampoo_seem_cheap_considering_hotel_cost
Answer: Yes

A: no_evident_not_great_quality
B: expensive_hotel
Answer: No

Now answer for this pair. Output ONLY the final line ""Answer: Yes"" or ""Answer: No"" — no other text.

A: no_evident_not_location_excellent_value_for_money
B: high_price_for_not_enough_comfort_room
Answer:
",Answer: Yes
2026-08-10 23:19:56,2,231,no_evident_not_location_excellent_value_for_money,high_price_for_small_room,"Task: decide if Proposition B contradicts Assumption A.

Steps:
1. A defends a claim (strip ""no_evident_not_"" / ""have_evident_"" to see it).
2. B states a fact.
3. Does B disprove A's claim? Same specific issue only, not just same topic.

Output pattern (always use this exact shape):
A: <phrase>
B: <phrase>
Answer: Yes/No

Examples:

A: no_evident_not_easy_check-in
B: customer_wait_10_minute_for_greet
Answer: Yes

A: no_evident_not_easy_check-in
B: no_one_give_key_on_late_check-in
Answer: No

A: no_evident_not_great_quality
B: shampoo_seem_cheap_considering_hotel_cost
Answer: Yes

A: no_evident_not_great_quality
B: expensive_hotel
Answer: No

Now answer for this pair. Output ONLY the final line ""Answer: Yes"" or ""Answer: No"" — no other text.

A: no_evident_not_location_excellent_value_for_money
B: high_price_for_small_room
Answer:
","A: no_evident_not_location_excellent_value_for_money
B: high_price_for_small_room
Answer: Yes"
2026-08-10 23:19:56,2,232,no_evident_not_location_excellent_value_for_money,expensive_hotel,"Task: decide if Proposition B contradicts Assumption A.

Steps:
1. A defends a claim (strip ""no_evident_not_"" / ""have_evident_"" to see it).
2. B states a fact.
3. Does B disprove A's claim? Same specific issue only, not just same topic.

Output pattern (always use this exact shape):
A: <phrase>
B: <phrase>
Answer: Yes/No

Examples:

A: no_evident_not_easy_check-in
B: customer_wait_10_minute_for_greet
Answer: Yes

A: no_evident_not_easy_check-in
B: no_one_give_key_on_late_check-in
Answer: No

A: no_evident_not_great_quality
B: shampoo_seem_cheap_considering_hotel_cost
Answer: Yes

A: no_evident_not_great_quality
B: expensive_hotel
Answer: No

Now answer for this pair. Output ONLY the final line ""Answer: Yes"" or ""Answer: No"" — no other text.

A: no_evident_not_location_excellent_value_for_money
B: expensive_hotel
Answer:
",Answer: Yes
2026-08-10 23:19:56,2,233,no_evident_not_location_excellent_value_for_money,expensive_for_average_hotel,"Task: decide if Proposition B contradicts Assumption A.

Steps:
1. A defends a claim (strip ""no_evident_not_"" / ""have_evident_"" to see it).
2. B states a fact.
3. Does B disprove A's claim? Same specific issue only, not just same topic.

Output pattern (always use this exact shape):
A: <phrase>
B: <phrase>
Answer: Yes/No

Examples:

A: no_evident_not_easy_check-in
B: customer_wait_10_minute_for_greet
Answer: Yes

A: no_evident_not_easy_check-in
B: no_one_give_key_on_late_check-in
Answer: No

A: no_evident_not_great_quality
B: shampoo_seem_cheap_considering_hotel_cost
Answer: Yes

A: no_evident_not_great_quality
B: expensive_hotel
Answer: No

Now answer for this pair. Output ONLY the final line ""Answer: Yes"" or ""Answer: No"" — no other text.

A: no_evident_not_location_excellent_value_for_money
B: expensive_for_average_hotel
Answer:
","A: no_evident_not_location_excellent_value_for_money
B: expensive_for_average_hotel
Answer: Yes"
2026-08-10 23:19:56,2,234,no_evident_not_location_excellent_value_for_money,expensive_for_3_star_hotel,"Task: decide if Proposition B contradicts Assumption A.

Steps:
1. A defends a claim (strip ""no_evident_not_"" / ""have_evident_"" to see it).
2. B states a fact.
3. Does B disprove A's claim? Same specific issue only, not just same topic.

Output pattern (always use this exact shape):
A: <phrase>
B: <phrase>
Answer: Yes/No

Examples:

A: no_evident_not_easy_check-in
B: customer_wait_10_minute_for_greet
Answer: Yes

A: no_evident_not_easy_check-in
B: no_one_give_key_on_late_check-in
Answer: No

A: no_evident_not_great_quality
B: shampoo_seem_cheap_considering_hotel_cost
Answer: Yes

A: no_evident_not_great_quality
B: expensive_hotel
Answer: No

Now answer for this pair. Output ONLY the final line ""Answer: Yes"" or ""Answer: No"" — no other text.

A: no_evident_not_location_excellent_value_for_money
B: expensive_for_3_star_hotel
Answer:
",Answer: Yes
2026-08-10 23:19:57,2,235,no_evident_not_worth_every_Euro_spend,unlabeled_shampoo_dispenser_for_this_price,"Task: decide if Proposition B contradicts Assumption A.

Steps:
1. A defends a claim (strip ""no_evident_not_"" / ""have_evident_"" to see it).
2. B states a fact.
3. Does B disprove A's claim? Same specific issue only, not just same topic.

Output pattern (always use this exact shape):
A: <phrase>
B: <phrase>
Answer: Yes/No

Examples:

A: no_evident_not_easy_check-in
B: customer_wait_10_minute_for_greet
Answer: Yes

A: no_evident_not_easy_check-in
B: no_one_give_key_on_late_check-in
Answer: No

A: no_evident_not_great_quality
B: shampoo_seem_cheap_considering_hotel_cost
Answer: Yes

A: no_evident_not_great_quality
B: expensive_hotel
Answer: No

Now answer for this pair. Output ONLY the final line ""Answer: Yes"" or ""Answer: No"" — no other text.

A: no_evident_not_worth_every_Euro_spend
B: unlabeled_shampoo_dispenser_for_this_price
Answer:
","A: no_evident_not_worth_every_Euro_spend
B: expensive_hotel
Answer: Yes"
2026-08-10 23:19:57,2,236,no_evident_not_worth_every_Euro_spend,shampoo_seem_cheap_considering_hotel_cost,"Task: decide if Proposition B contradicts Assumption A.

Steps:
1. A defends a claim (strip ""no_evident_not_"" / ""have_evident_"" to see it).
2. B states a fact.
3. Does B disprove A's claim? Same specific issue only, not just same topic.

Output pattern (always use this exact shape):
A: <phrase>
B: <phrase>
Answer: Yes/No

Examples:

A: no_evident_not_easy_check-in
B: customer_wait_10_minute_for_greet
Answer: Yes

A: no_evident_not_easy_check-in
B: no_one_give_key_on_late_check-in
Answer: No

A: no_evident_not_great_quality
B: shampoo_seem_cheap_considering_hotel_cost
Answer: Yes

A: no_evident_not_great_quality
B: expensive_hotel
Answer: No

Now answer for this pair. Output ONLY the final line ""Answer: Yes"" or ""Answer: No"" — no other text.

A: no_evident_not_worth_every_Euro_spend
B: shampoo_seem_cheap_considering_hotel_cost
Answer:
","A: no_evident_not_worth_every_Euro_spend
B: shampoo_seem_cheap_considering_hotel_cost
Answer: Yes"
2026-08-10 23:19:58,2,237,no_evident_not_worth_every_Euro_spend,guesthouse_but_price_like_hotel,"Task: decide if Proposition B contradicts Assumption A.

Steps:
1. A defends a claim (strip ""no_evident_not_"" / ""have_evident_"" to see it).
2. B states a fact.
3. Does B disprove A's claim? Same specific issue only, not just same topic.

Output pattern (always use this exact shape):
A: <phrase>
B: <phrase>
Answer: Yes/No

Examples:

A: no_evident_not_easy_check-in
B: customer_wait_10_minute_for_greet
Answer: Yes

A: no_evident_not_easy_check-in
B: no_one_give_key_on_late_check-in
Answer: No

A: no_evident_not_great_quality
B: shampoo_seem_cheap_considering_hotel_cost
Answer: Yes

A: no_evident_not_great_quality
B: expensive_hotel
Answer: No

Now answer for this pair. Output ONLY the final line ""Answer: Yes"" or ""Answer: No"" — no other text.

A: no_evident_not_worth_every_Euro_spend
B: guesthouse_but_price_like_hotel
Answer:
","A: no_evident_not_worth_every_Euro_spend
B: guesthouse_but_price_like_hotel
Answer: Yes"
2026-08-10 23:19:58,2,238,no_evident_not_worth_every_Euro_spend,for_money_you_pay_you_get_one_small_water_bottle,"Task: decide if Proposition B contradicts Assumption A.

Steps:
1. A defends a claim (strip ""no_evident_not_"" / ""have_evident_"" to see it).
2. B states a fact.
3. Does B disprove A's claim? Same specific issue only, not just same topic.

Output pattern (always use this exact shape):
A: <phrase>
B: <phrase>
Answer: Yes/No

Examples:

A: no_evident_not_easy_check-in
B: customer_wait_10_minute_for_greet
Answer: Yes

A: no_evident_not_easy_check-in
B: no_one_give_key_on_late_check-in
Answer: No

A: no_evident_not_great_quality
B: shampoo_seem_cheap_considering_hotel_cost
Answer: Yes

A: no_evident_not_great_quality
B: expensive_hotel
Answer: No

Now answer for this pair. Output ONLY the final line ""Answer: Yes"" or ""Answer: No"" — no other text.

A: no_evident_not_worth_every_Euro_spend
B: for_money_you_pay_you_get_one_small_water_bottle
Answer:
","A: no_evident_not_worth_every_Euro_spend
B: for_money_you_pay_you_get_one_small_water_bottle
Answer: Yes"
2026-08-10 23:19:58,2,239,no_evident_not_worth_every_Euro_spend,expensive_for_what_you_get,"Task: decide if Proposition B contradicts Assumption A.

Steps:
1. A defends a claim (strip ""no_evident_not_"" / ""have_evident_"" to see it).
2. B states a fact.
3. Does B disprove A's claim? Same specific issue only, not just same topic.

Output pattern (always use this exact shape):
A: <phrase>
B: <phrase>
Answer: Yes/No

Examples:

A: no_evident_not_easy_check-in
B: customer_wait_10_minute_for_greet
Answer: Yes

A: no_evident_not_easy_check-in
B: no_one_give_key_on_late_check-in
Answer: No

A: no_evident_not_great_quality
B: shampoo_seem_cheap_considering_hotel_cost
Answer: Yes

A: no_evident_not_great_quality
B: expensive_hotel
Answer: No

Now answer for this pair. Output ONLY the final line ""Answer: Yes"" or ""Answer: No"" — no other text.

A: no_evident_not_worth_every_Euro_spend
B: expensive_for_what_you_get
Answer:
","A: no_evident_not_worth_every_Euro_spend
B: expensive_for_what_you_get
Answer: Yes"
2026-08-10 23:19:59,2,240,no_evident_not_worth_every_Euro_spend,expensive_rate_for_what_offer,"Task: decide if Proposition B contradicts Assumption A.

Steps:
1. A defends a claim (strip ""no_evident_not_"" / ""have_evident_"" to see it).
2. B states a fact.
3. Does B disprove A's claim? Same specific issue only, not just same topic.

Output pattern (always use this exact shape):
A: <phrase>
B: <phrase>
Answer: Yes/No

Examples:

A: no_evident_not_easy_check-in
B: customer_wait_10_minute_for_greet
Answer: Yes

A: no_evident_not_easy_check-in
B: no_one_give_key_on_late_check-in
Answer: No

A: no_evident_not_great_quality
B: shampoo_seem_cheap_considering_hotel_cost
Answer: Yes

A: no_evident_not_great_quality
B: expensive_hotel
Answer: No

Now answer for this pair. Output ONLY the final line ""Answer: Yes"" or ""Answer: No"" — no other text.

A: no_evident_not_worth_every_Euro_spend
B: expensive_rate_for_what_offer
Answer:
","A: no_evident_not_worth_every_Euro_spend
B: expensive_rate_for_what_offer
Answer: Yes"
2026-08-10 23:19:59,2,241,no_evident_not_worth_every_Euro_spend,overpriced_for_facility,"Task: decide if Proposition B contradicts Assumption A.

Steps:
1. A defends a claim (strip ""no_evident_not_"" / ""have_evident_"" to see it).
2. B states a fact.
3. Does B disprove A's claim? Same specific issue only, not just same topic.

Output pattern (always use this exact shape):
A: <phrase>
B: <phrase>
Answer: Yes/No

Examples:

A: no_evident_not_easy_check-in
B: customer_wait_10_minute_for_greet
Answer: Yes

A: no_evident_not_easy_check-in
B: no_one_give_key_on_late_check-in
Answer: No

A: no_evident_not_great_quality
B: shampoo_seem_cheap_considering_hotel_cost
Answer: Yes

A: no_evident_not_great_quality
B: expensive_hotel
Answer: No

Now answer for this pair. Output ONLY the final line ""Answer: Yes"" or ""Answer: No"" — no other text.

A: no_evident_not_worth_every_Euro_spend
B: overpriced_for_facility
Answer:
","A: no_evident_not_worth_every_Euro_spend
B: overpriced_for_facility
Answer: Yes"
2026-08-10 23:20:00,2,242,no_evident_not_worth_every_Euro_spend,meal_not_include_in_price,"Task: decide if Proposition B contradicts Assumption A.

Steps:
1. A defends a claim (strip ""no_evident_not_"" / ""have_evident_"" to see it).
2. B states a fact.
3. Does B disprove A's claim? Same specific issue only, not just same topic.

Output pattern (always use this exact shape):
A: <phrase>
B: <phrase>
Answer: Yes/No

Examples:

A: no_evident_not_easy_check-in
B: customer_wait_10_minute_for_greet
Answer: Yes

A: no_evident_not_easy_check-in
B: no_one_give_key_on_late_check-in
Answer: No

A: no_evident_not_great_quality
B: shampoo_seem_cheap_considering_hotel_cost
Answer: Yes

A: no_evident_not_great_quality
B: expensive_hotel
Answer: No

Now answer for this pair. Output ONLY the final line ""Answer: Yes"" or ""Answer: No"" — no other text.

A: no_evident_not_worth_every_Euro_spend
B: meal_not_include_in_price
Answer:
","A: no_evident_not_worth_every_Euro_spend
B: meal_not_include_in_price
Answer: Yes"
2026-08-10 23:20:00,2,243,no_evident_not_worth_every_Euro_spend,high_price_for_not_enough_comfort_room,"Task: decide if Proposition B contradicts Assumption A.

Steps:
1. A defends a claim (strip ""no_evident_not_"" / ""have_evident_"" to see it).
2. B states a fact.
3. Does B disprove A's claim? Same specific issue only, not just same topic.

Output pattern (always use this exact shape):
A: <phrase>
B: <phrase>
Answer: Yes/No

Examples:

A: no_evident_not_easy_check-in
B: customer_wait_10_minute_for_greet
Answer: Yes

A: no_evident_not_easy_check-in
B: no_one_give_key_on_late_check-in
Answer: No

A: no_evident_not_great_quality
B: shampoo_seem_cheap_considering_hotel_cost
Answer: Yes

A: no_evident_not_great_quality
B: expensive_hotel
Answer: No

Now answer for this pair. Output ONLY the final line ""Answer: Yes"" or ""Answer: No"" — no other text.

A: no_evident_not_worth_every_Euro_spend
B: high_price_for_not_enough_comfort_room
Answer:
","A: no_evident_not_worth_every_Euro_spend
B: high_price_for_not_enough_comfort_room
Answer: Yes"
2026-08-10 23:20:00,2,244,no_evident_not_worth_every_Euro_spend,high_price_for_small_room,"Task: decide if Proposition B contradicts Assumption A.

Steps:
1. A defends a claim (strip ""no_evident_not_"" / ""have_evident_"" to see it).
2. B states a fact.
3. Does B disprove A's claim? Same specific issue only, not just same topic.

Output pattern (always use this exact shape):
A: <phrase>
B: <phrase>
Answer: Yes/No

Examples:

A: no_evident_not_easy_check-in
B: customer_wait_10_minute_for_greet
Answer: Yes

A: no_evident_not_easy_check-in
B: no_one_give_key_on_late_check-in
Answer: No

A: no_evident_not_great_quality
B: shampoo_seem_cheap_considering_hotel_cost
Answer: Yes

A: no_evident_not_great_quality
B: expensive_hotel
Answer: No

Now answer for this pair. Output ONLY the final line ""Answer: Yes"" or ""Answer: No"" — no other text.

A: no_evident_not_worth_every_Euro_spend
B: high_price_for_small_room
Answer:
","A: no_evident_not_worth_every_Euro_spend
B: high_price_for_small_room
Answer: Yes"
2026-08-10 23:20:01,2,245,no_evident_not_worth_every_Euro_spend,expensive_hotel,"Task: decide if Proposition B contradicts Assumption A.

Steps:
1. A defends a claim (strip ""no_evident_not_"" / ""have_evident_"" to see it).
2. B states a fact.
3. Does B disprove A's claim? Same specific issue only, not just same topic.

Output pattern (always use this exact shape):
A: <phrase>
B: <phrase>
Answer: Yes/No

Examples:

A: no_evident_not_easy_check-in
B: customer_wait_10_minute_for_greet
Answer: Yes

A: no_evident_not_easy_check-in
B: no_one_give_key_on_late_check-in
Answer: No

A: no_evident_not_great_quality
B: shampoo_seem_cheap_considering_hotel_cost
Answer: Yes

A: no_evident_not_great_quality
B: expensive_hotel
Answer: No

Now answer for this pair. Output ONLY the final line ""Answer: Yes"" or ""Answer: No"" — no other text.

A: no_evident_not_worth_every_Euro_spend
B: expensive_hotel
Answer:
",Answer: Yes
2026-08-10 23:20:01,2,246,no_evident_not_worth_every_Euro_spend,expensive_for_average_hotel,"Task: decide if Proposition B contradicts Assumption A.

Steps:
1. A defends a claim (strip ""no_evident_not_"" / ""have_evident_"" to see it).
2. B states a fact.
3. Does B disprove A's claim? Same specific issue only, not just same topic.

Output pattern (always use this exact shape):
A: <phrase>
B: <phrase>
Answer: Yes/No

Examples:

A: no_evident_not_easy_check-in
B: customer_wait_10_minute_for_greet
Answer: Yes

A: no_evident_not_easy_check-in
B: no_one_give_key_on_late_check-in
Answer: No

A: no_evident_not_great_quality
B: shampoo_seem_cheap_considering_hotel_cost
Answer: Yes

A: no_evident_not_great_quality
B: expensive_hotel
Answer: No

Now answer for this pair. Output ONLY the final line ""Answer: Yes"" or ""Answer: No"" — no other text.

A: no_evident_not_worth_every_Euro_spend
B: expensive_for_average_hotel
Answer:
","A: no_evident_not_worth_every_Euro_spend
B: expensive_for_average_hotel
Answer: Yes"
2026-08-10 23:20:01,2,247,no_evident_not_worth_every_Euro_spend,expensive_for_3_star_hotel,"Task: decide if Proposition B contradicts Assumption A.

Steps:
1. A defends a claim (strip ""no_evident_not_"" / ""have_evident_"" to see it).
2. B states a fact.
3. Does B disprove A's claim? Same specific issue only, not just same topic.

Output pattern (always use this exact shape):
A: <phrase>
B: <phrase>
Answer: Yes/No

Examples:

A: no_evident_not_easy_check-in
B: customer_wait_10_minute_for_greet
Answer: Yes

A: no_evident_not_easy_check-in
B: no_one_give_key_on_late_check-in
Answer: No

A: no_evident_not_great_quality
B: shampoo_seem_cheap_considering_hotel_cost
Answer: Yes

A: no_evident_not_great_quality
B: expensive_hotel
Answer: No

Now answer for this pair. Output ONLY the final line ""Answer: Yes"" or ""Answer: No"" — no other text.

A: no_evident_not_worth_every_Euro_spend
B: expensive_for_3_star_hotel
Answer:
","A: no_evident_not_worth_every_Euro_spend
B: expensive_for_3_star_hotel
Answer: Yes"
2026-08-10 23:20:02,2,248,no_evident_not_economic_price,unlabeled_shampoo_dispenser_for_this_price,"Task: decide if Proposition B contradicts Assumption A.

Steps:
1. A defends a claim (strip ""no_evident_not_"" / ""have_evident_"" to see it).
2. B states a fact.
3. Does B disprove A's claim? Same specific issue only, not just same topic.

Output pattern (always use this exact shape):
A: <phrase>
B: <phrase>
Answer: Yes/No

Examples:

A: no_evident_not_easy_check-in
B: customer_wait_10_minute_for_greet
Answer: Yes

A: no_evident_not_easy_check-in
B: no_one_give_key_on_late_check-in
Answer: No

A: no_evident_not_great_quality
B: shampoo_seem_cheap_considering_hotel_cost
Answer: Yes

A: no_evident_not_great_quality
B: expensive_hotel
Answer: No

Now answer for this pair. Output ONLY the final line ""Answer: Yes"" or ""Answer: No"" — no other text.

A: no_evident_not_economic_price
B: unlabeled_shampoo_dispenser_for_this_price
Answer:
","A: no_evident_not_economic_price
B: unlabeled_shampoo_dispenser_for_this_price
Answer: Yes"
2026-08-10 23:20:02,2,249,no_evident_not_economic_price,shampoo_seem_cheap_considering_hotel_cost,"Task: decide if Proposition B contradicts Assumption A.

Steps:
1. A defends a claim (strip ""no_evident_not_"" / ""have_evident_"" to see it).
2. B states a fact.
3. Does B disprove A's claim? Same specific issue only, not just same topic.

Output pattern (always use this exact shape):
A: <phrase>
B: <phrase>
Answer: Yes/No

Examples:

A: no_evident_not_easy_check-in
B: customer_wait_10_minute_for_greet
Answer: Yes

A: no_evident_not_easy_check-in
B: no_one_give_key_on_late_check-in
Answer: No

A: no_evident_not_great_quality
B: shampoo_seem_cheap_considering_hotel_cost
Answer: Yes

A: no_evident_not_great_quality
B: expensive_hotel
Answer: No

Now answer for this pair. Output ONLY the final line ""Answer: Yes"" or ""Answer: No"" — no other text.

A: no_evident_not_economic_price
B: shampoo_seem_cheap_considering_hotel_cost
Answer:
",Answer: Yes
2026-08-10 23:20:02,2,250,no_evident_not_economic_price,guesthouse_but_price_like_hotel,"Task: decide if Proposition B contradicts Assumption A.

Steps:
1. A defends a claim (strip ""no_evident_not_"" / ""have_evident_"" to see it).
2. B states a fact.
3. Does B disprove A's claim? Same specific issue only, not just same topic.

Output pattern (always use this exact shape):
A: <phrase>
B: <phrase>
Answer: Yes/No

Examples:

A: no_evident_not_easy_check-in
B: customer_wait_10_minute_for_greet
Answer: Yes

A: no_evident_not_easy_check-in
B: no_one_give_key_on_late_check-in
Answer: No

A: no_evident_not_great_quality
B: shampoo_seem_cheap_considering_hotel_cost
Answer: Yes

A: no_evident_not_great_quality
B: expensive_hotel
Answer: No

Now answer for this pair. Output ONLY the final line ""Answer: Yes"" or ""Answer: No"" — no other text.

A: no_evident_not_economic_price
B: guesthouse_but_price_like_hotel
Answer:
","A: no_evident_not_economic_price
B: guesthouse_but_price_like_hotel
Answer: Yes"
2026-08-10 23:20:03,2,251,no_evident_not_economic_price,for_money_you_pay_you_get_one_small_water_bottle,"Task: decide if Proposition B contradicts Assumption A.

Steps:
1. A defends a claim (strip ""no_evident_not_"" / ""have_evident_"" to see it).
2. B states a fact.
3. Does B disprove A's claim? Same specific issue only, not just same topic.

Output pattern (always use this exact shape):
A: <phrase>
B: <phrase>
Answer: Yes/No

Examples:

A: no_evident_not_easy_check-in
B: customer_wait_10_minute_for_greet
Answer: Yes

A: no_evident_not_easy_check-in
B: no_one_give_key_on_late_check-in
Answer: No

A: no_evident_not_great_quality
B: shampoo_seem_cheap_considering_hotel_cost
Answer: Yes

A: no_evident_not_great_quality
B: expensive_hotel
Answer: No

Now answer for this pair. Output ONLY the final line ""Answer: Yes"" or ""Answer: No"" — no other text.

A: no_evident_not_economic_price
B: for_money_you_pay_you_get_one_small_water_bottle
Answer:
","A: no_evident_not_economic_price
B: for_money_you_pay_you_get_one_small_water_bottle
Answer: Yes"
2026-08-10 23:20:03,2,252,no_evident_not_economic_price,expensive_for_what_you_get,"Task: decide if Proposition B contradicts Assumption A.

Steps:
1. A defends a claim (strip ""no_evident_not_"" / ""have_evident_"" to see it).
2. B states a fact.
3. Does B disprove A's claim? Same specific issue only, not just same topic.

Output pattern (always use this exact shape):
A: <phrase>
B: <phrase>
Answer: Yes/No

Examples:

A: no_evident_not_easy_check-in
B: customer_wait_10_minute_for_greet
Answer: Yes

A: no_evident_not_easy_check-in
B: no_one_give_key_on_late_check-in
Answer: No

A: no_evident_not_great_quality
B: shampoo_seem_cheap_considering_hotel_cost
Answer: Yes

A: no_evident_not_great_quality
B: expensive_hotel
Answer: No

Now answer for this pair. Output ONLY the final line ""Answer: Yes"" or ""Answer: No"" — no other text.

A: no_evident_not_economic_price
B: expensive_for_what_you_get
Answer:
","A: no_evident_not_economic_price
B: expensive_for_what_you_get
Answer: Yes"
2026-08-10 23:20:03,2,253,no_evident_not_economic_price,expensive_rate_for_what_offer,"Task: decide if Proposition B contradicts Assumption A.

Steps:
1. A defends a claim (strip ""no_evident_not_"" / ""have_evident_"" to see it).
2. B states a fact.
3. Does B disprove A's claim? Same specific issue only, not just same topic.

Output pattern (always use this exact shape):
A: <phrase>
B: <phrase>
Answer: Yes/No

Examples:

A: no_evident_not_easy_check-in
B: customer_wait_10_minute_for_greet
Answer: Yes

A: no_evident_not_easy_check-in
B: no_one_give_key_on_late_check-in
Answer: No

A: no_evident_not_great_quality
B: shampoo_seem_cheap_considering_hotel_cost
Answer: Yes

A: no_evident_not_great_quality
B: expensive_hotel
Answer: No

Now answer for this pair. Output ONLY the final line ""Answer: Yes"" or ""Answer: No"" — no other text.

A: no_evident_not_economic_price
B: expensive_rate_for_what_offer
Answer:
",Answer: Yes
2026-08-10 23:20:03,2,254,no_evident_not_economic_price,overpriced_for_facility,"Task: decide if Proposition B contradicts Assumption A.

Steps:
1. A defends a claim (strip ""no_evident_not_"" / ""have_evident_"" to see it).
2. B states a fact.
3. Does B disprove A's claim? Same specific issue only, not just same topic.

Output pattern (always use this exact shape):
A: <phrase>
B: <phrase>
Answer: Yes/No

Examples:

A: no_evident_not_easy_check-in
B: customer_wait_10_minute_for_greet
Answer: Yes

A: no_evident_not_easy_check-in
B: no_one_give_key_on_late_check-in
Answer: No

A: no_evident_not_great_quality
B: shampoo_seem_cheap_considering_hotel_cost
Answer: Yes

A: no_evident_not_great_quality
B: expensive_hotel
Answer: No

Now answer for this pair. Output ONLY the final line ""Answer: Yes"" or ""Answer: No"" — no other text.

A: no_evident_not_economic_price
B: overpriced_for_facility
Answer:
","A: no_evident_not_economic_price
B: overpriced_for_facility
Answer: Yes"
2026-08-10 23:20:04,2,255,no_evident_not_economic_price,meal_not_include_in_price,"Task: decide if Proposition B contradicts Assumption A.

Steps:
1. A defends a claim (strip ""no_evident_not_"" / ""have_evident_"" to see it).
2. B states a fact.
3. Does B disprove A's claim? Same specific issue only, not just same topic.

Output pattern (always use this exact shape):
A: <phrase>
B: <phrase>
Answer: Yes/No

Examples:

A: no_evident_not_easy_check-in
B: customer_wait_10_minute_for_greet
Answer: Yes

A: no_evident_not_easy_check-in
B: no_one_give_key_on_late_check-in
Answer: No

A: no_evident_not_great_quality
B: shampoo_seem_cheap_considering_hotel_cost
Answer: Yes

A: no_evident_not_great_quality
B: expensive_hotel
Answer: No

Now answer for this pair. Output ONLY the final line ""Answer: Yes"" or ""Answer: No"" — no other text.

A: no_evident_not_economic_price
B: meal_not_include_in_price
Answer:
","A: no_evident_not_economic_price
B: meal_not_include_in_price
Answer: Yes"
2026-08-10 23:20:04,2,256,no_evident_not_economic_price,high_price_for_not_enough_comfort_room,"Task: decide if Proposition B contradicts Assumption A.

Steps:
1. A defends a claim (strip ""no_evident_not_"" / ""have_evident_"" to see it).
2. B states a fact.
3. Does B disprove A's claim? Same specific issue only, not just same topic.

Output pattern (always use this exact shape):
A: <phrase>
B: <phrase>
Answer: Yes/No

Examples:

A: no_evident_not_easy_check-in
B: customer_wait_10_minute_for_greet
Answer: Yes

A: no_evident_not_easy_check-in
B: no_one_give_key_on_late_check-in
Answer: No

A: no_evident_not_great_quality
B: shampoo_seem_cheap_considering_hotel_cost
Answer: Yes

A: no_evident_not_great_quality
B: expensive_hotel
Answer: No

Now answer for this pair. Output ONLY the final line ""Answer: Yes"" or ""Answer: No"" — no other text.

A: no_evident_not_economic_price
B: high_price_for_not_enough_comfort_room
Answer:
",Answer: Yes
2026-08-10 23:20:04,2,257,no_evident_not_economic_price,high_price_for_small_room,"Task: decide if Proposition B contradicts Assumption A.

Steps:
1. A defends a claim (strip ""no_evident_not_"" / ""have_evident_"" to see it).
2. B states a fact.
3. Does B disprove A's claim? Same specific issue only, not just same topic.

Output pattern (always use this exact shape):
A: <phrase>
B: <phrase>
Answer: Yes/No

Examples:

A: no_evident_not_easy_check-in
B: customer_wait_10_minute_for_greet
Answer: Yes

A: no_evident_not_easy_check-in
B: no_one_give_key_on_late_check-in
Answer: No

A: no_evident_not_great_quality
B: shampoo_seem_cheap_considering_hotel_cost
Answer: Yes

A: no_evident_not_great_quality
B: expensive_hotel
Answer: No

Now answer for this pair. Output ONLY the final line ""Answer: Yes"" or ""Answer: No"" — no other text.

A: no_evident_not_economic_price
B: high_price_for_small_room
Answer:
","A: no_evident_not_economic_price
B: high_price_for_small_room
Answer: Yes"
2026-08-10 23:20:04,2,258,no_evident_not_economic_price,expensive_hotel,"Task: decide if Proposition B contradicts Assumption A.

Steps:
1. A defends a claim (strip ""no_evident_not_"" / ""have_evident_"" to see it).
2. B states a fact.
3. Does B disprove A's claim? Same specific issue only, not just same topic.

Output pattern (always use this exact shape):
A: <phrase>
B: <phrase>
Answer: Yes/No

Examples:

A: no_evident_not_easy_check-in
B: customer_wait_10_minute_for_greet
Answer: Yes

A: no_evident_not_easy_check-in
B: no_one_give_key_on_late_check-in
Answer: No

A: no_evident_not_great_quality
B: shampoo_seem_cheap_considering_hotel_cost
Answer: Yes

A: no_evident_not_great_quality
B: expensive_hotel
Answer: No

Now answer for this pair. Output ONLY the final line ""Answer: Yes"" or ""Answer: No"" — no other text.

A: no_evident_not_economic_price
B: expensive_hotel
Answer:
",Answer: Yes
2026-08-10 23:20:04,2,259,no_evident_not_economic_price,expensive_for_average_hotel,"Task: decide if Proposition B contradicts Assumption A.

Steps:
1. A defends a claim (strip ""no_evident_not_"" / ""have_evident_"" to see it).
2. B states a fact.
3. Does B disprove A's claim? Same specific issue only, not just same topic.

Output pattern (always use this exact shape):
A: <phrase>
B: <phrase>
Answer: Yes/No

Examples:

A: no_evident_not_easy_check-in
B: customer_wait_10_minute_for_greet
Answer: Yes

A: no_evident_not_easy_check-in
B: no_one_give_key_on_late_check-in
Answer: No

A: no_evident_not_great_quality
B: shampoo_seem_cheap_considering_hotel_cost
Answer: Yes

A: no_evident_not_great_quality
B: expensive_hotel
Answer: No

Now answer for this pair. Output ONLY the final line ""Answer: Yes"" or ""Answer: No"" — no other text.

A: no_evident_not_economic_price
B: expensive_for_average_hotel
Answer:
","A: no_evident_not_economic_price
B: expensive_for_average_hotel
Answer: Yes"
2026-08-10 23:20:05,2,260,no_evident_not_economic_price,expensive_for_3_star_hotel,"Task: decide if Proposition B contradicts Assumption A.

Steps:
1. A defends a claim (strip ""no_evident_not_"" / ""have_evident_"" to see it).
2. B states a fact.
3. Does B disprove A's claim? Same specific issue only, not just same topic.

Output pattern (always use this exact shape):
A: <phrase>
B: <phrase>
Answer: Yes/No

Examples:

A: no_evident_not_easy_check-in
B: customer_wait_10_minute_for_greet
Answer: Yes

A: no_evident_not_easy_check-in
B: no_one_give_key_on_late_check-in
Answer: No

A: no_evident_not_great_quality
B: shampoo_seem_cheap_considering_hotel_cost
Answer: Yes

A: no_evident_not_great_quality
B: expensive_hotel
Answer: No

Now answer for this pair. Output ONLY the final line ""Answer: Yes"" or ""Answer: No"" — no other text.

A: no_evident_not_economic_price
B: expensive_for_3_star_hotel
Answer:
","A: no_evident_not_economic_price
B: expensive_for_3_star_hotel
Answer: Yes"
2026-08-10 23:20:05,2,261,no_evident_not_not_expensive_price,unlabeled_shampoo_dispenser_for_this_price,"Task: decide if Proposition B contradicts Assumption A.

Steps:
1. A defends a claim (strip ""no_evident_not_"" / ""have_evident_"" to see it).
2. B states a fact.
3. Does B disprove A's claim? Same specific issue only, not just same topic.

Output pattern (always use this exact shape):
A: <phrase>
B: <phrase>
Answer: Yes/No

Examples:

A: no_evident_not_easy_check-in
B: customer_wait_10_minute_for_greet
Answer: Yes

A: no_evident_not_easy_check-in
B: no_one_give_key_on_late_check-in
Answer: No

A: no_evident_not_great_quality
B: shampoo_seem_cheap_considering_hotel_cost
Answer: Yes

A: no_evident_not_great_quality
B: expensive_hotel
Answer: No

Now answer for this pair. Output ONLY the final line ""Answer: Yes"" or ""Answer: No"" — no other text.

A: no_evident_not_not_expensive_price
B: unlabeled_shampoo_dispenser_for_this_price
Answer:
","A: no_evident_not_not_expensive_price
B: unlabeled_shampoo_dispenser_for_this_price
Answer: Yes"
2026-08-10 23:20:05,2,262,no_evident_not_not_expensive_price,shampoo_seem_cheap_considering_hotel_cost,"Task: decide if Proposition B contradicts Assumption A.

Steps:
1. A defends a claim (strip ""no_evident_not_"" / ""have_evident_"" to see it).
2. B states a fact.
3. Does B disprove A's claim? Same specific issue only, not just same topic.

Output pattern (always use this exact shape):
A: <phrase>
B: <phrase>
Answer: Yes/No

Examples:

A: no_evident_not_easy_check-in
B: customer_wait_10_minute_for_greet
Answer: Yes

A: no_evident_not_easy_check-in
B: no_one_give_key_on_late_check-in
Answer: No

A: no_evident_not_great_quality
B: shampoo_seem_cheap_considering_hotel_cost
Answer: Yes

A: no_evident_not_great_quality
B: expensive_hotel
Answer: No

Now answer for this pair. Output ONLY the final line ""Answer: Yes"" or ""Answer: No"" — no other text.

A: no_evident_not_not_expensive_price
B: shampoo_seem_cheap_considering_hotel_cost
Answer:
",Answer: Yes
2026-08-10 23:20:06,2,263,no_evident_not_not_expensive_price,guesthouse_but_price_like_hotel,"Task: decide if Proposition B contradicts Assumption A.

Steps:
1. A defends a claim (strip ""no_evident_not_"" / ""have_evident_"" to see it).
2. B states a fact.
3. Does B disprove A's claim? Same specific issue only, not just same topic.

Output pattern (always use this exact shape):
A: <phrase>
B: <phrase>
Answer: Yes/No

Examples:

A: no_evident_not_easy_check-in
B: customer_wait_10_minute_for_greet
Answer: Yes

A: no_evident_not_easy_check-in
B: no_one_give_key_on_late_check-in
Answer: No

A: no_evident_not_great_quality
B: shampoo_seem_cheap_considering_hotel_cost
Answer: Yes

A: no_evident_not_great_quality
B: expensive_hotel
Answer: No

Now answer for this pair. Output ONLY the final line ""Answer: Yes"" or ""Answer: No"" — no other text.

A: no_evident_not_not_expensive_price
B: guesthouse_but_price_like_hotel
Answer:
","A: no_evident_not_not_expensive_price
B: guesthouse_but_price_like_hotel
Answer: Yes"
2026-08-10 23:20:06,2,264,no_evident_not_not_expensive_price,for_money_you_pay_you_get_one_small_water_bottle,"Task: decide if Proposition B contradicts Assumption A.

Steps:
1. A defends a claim (strip ""no_evident_not_"" / ""have_evident_"" to see it).
2. B states a fact.
3. Does B disprove A's claim? Same specific issue only, not just same topic.

Output pattern (always use this exact shape):
A: <phrase>
B: <phrase>
Answer: Yes/No

Examples:

A: no_evident_not_easy_check-in
B: customer_wait_10_minute_for_greet
Answer: Yes

A: no_evident_not_easy_check-in
B: no_one_give_key_on_late_check-in
Answer: No

A: no_evident_not_great_quality
B: shampoo_seem_cheap_considering_hotel_cost
Answer: Yes

A: no_evident_not_great_quality
B: expensive_hotel
Answer: No

Now answer for this pair. Output ONLY the final line ""Answer: Yes"" or ""Answer: No"" — no other text.

A: no_evident_not_not_expensive_price
B: for_money_you_pay_you_get_one_small_water_bottle
Answer:
","A: no_evident_not_not_expensive_price
B: for_money_you_pay_you_get_one_small_water_bottle
Answer: Yes"
2026-08-10 23:20:06,2,265,no_evident_not_not_expensive_price,expensive_for_what_you_get,"Task: decide if Proposition B contradicts Assumption A.

Steps:
1. A defends a claim (strip ""no_evident_not_"" / ""have_evident_"" to see it).
2. B states a fact.
3. Does B disprove A's claim? Same specific issue only, not just same topic.

Output pattern (always use this exact shape):
A: <phrase>
B: <phrase>
Answer: Yes/No

Examples:

A: no_evident_not_easy_check-in
B: customer_wait_10_minute_for_greet
Answer: Yes

A: no_evident_not_easy_check-in
B: no_one_give_key_on_late_check-in
Answer: No

A: no_evident_not_great_quality
B: shampoo_seem_cheap_considering_hotel_cost
Answer: Yes

A: no_evident_not_great_quality
B: expensive_hotel
Answer: No

Now answer for this pair. Output ONLY the final line ""Answer: Yes"" or ""Answer: No"" — no other text.

A: no_evident_not_not_expensive_price
B: expensive_for_what_you_get
Answer:
","A: no_evident_not_not_expensive_price
B: expensive_for_what_you_get
Answer: Yes"
2026-08-10 23:20:07,2,266,no_evident_not_not_expensive_price,expensive_rate_for_what_offer,"Task: decide if Proposition B contradicts Assumption A.

Steps:
1. A defends a claim (strip ""no_evident_not_"" / ""have_evident_"" to see it).
2. B states a fact.
3. Does B disprove A's claim? Same specific issue only, not just same topic.

Output pattern (always use this exact shape):
A: <phrase>
B: <phrase>
Answer: Yes/No

Examples:

A: no_evident_not_easy_check-in
B: customer_wait_10_minute_for_greet
Answer: Yes

A: no_evident_not_easy_check-in
B: no_one_give_key_on_late_check-in
Answer: No

A: no_evident_not_great_quality
B: shampoo_seem_cheap_considering_hotel_cost
Answer: Yes

A: no_evident_not_great_quality
B: expensive_hotel
Answer: No

Now answer for this pair. Output ONLY the final line ""Answer: Yes"" or ""Answer: No"" — no other text.

A: no_evident_not_not_expensive_price
B: expensive_rate_for_what_offer
Answer:
","A: no_evident_not_not_expensive_price
B: expensive_rate_for_what_offer
Answer: Yes"
2026-08-10 23:20:07,2,267,no_evident_not_not_expensive_price,overpriced_for_facility,"Task: decide if Proposition B contradicts Assumption A.

Steps:
1. A defends a claim (strip ""no_evident_not_"" / ""have_evident_"" to see it).
2. B states a fact.
3. Does B disprove A's claim? Same specific issue only, not just same topic.

Output pattern (always use this exact shape):
A: <phrase>
B: <phrase>
Answer: Yes/No

Examples:

A: no_evident_not_easy_check-in
B: customer_wait_10_minute_for_greet
Answer: Yes

A: no_evident_not_easy_check-in
B: no_one_give_key_on_late_check-in
Answer: No

A: no_evident_not_great_quality
B: shampoo_seem_cheap_considering_hotel_cost
Answer: Yes

A: no_evident_not_great_quality
B: expensive_hotel
Answer: No

Now answer for this pair. Output ONLY the final line ""Answer: Yes"" or ""Answer: No"" — no other text.

A: no_evident_not_not_expensive_price
B: overpriced_for_facility
Answer:
","A: no_evident_not_not_expensive_price
B: overpriced_for_facility
Answer: Yes"
2026-08-10 23:20:08,2,268,no_evident_not_not_expensive_price,meal_not_include_in_price,"Task: decide if Proposition B contradicts Assumption A.

Steps:
1. A defends a claim (strip ""no_evident_not_"" / ""have_evident_"" to see it).
2. B states a fact.
3. Does B disprove A's claim? Same specific issue only, not just same topic.

Output pattern (always use this exact shape):
A: <phrase>
B: <phrase>
Answer: Yes/No

Examples:

A: no_evident_not_easy_check-in
B: customer_wait_10_minute_for_greet
Answer: Yes

A: no_evident_not_easy_check-in
B: no_one_give_key_on_late_check-in
Answer: No

A: no_evident_not_great_quality
B: shampoo_seem_cheap_considering_hotel_cost
Answer: Yes

A: no_evident_not_great_quality
B: expensive_hotel
Answer: No

Now answer for this pair. Output ONLY the final line ""Answer: Yes"" or ""Answer: No"" — no other text.

A: no_evident_not_not_expensive_price
B: meal_not_include_in_price
Answer:
","A: no_evident_not_not_expensive_price
B: meal_not_include_in_price
Answer: Yes"
2026-08-10 23:20:08,2,269,no_evident_not_not_expensive_price,high_price_for_not_enough_comfort_room,"Task: decide if Proposition B contradicts Assumption A.

Steps:
1. A defends a claim (strip ""no_evident_not_"" / ""have_evident_"" to see it).
2. B states a fact.
3. Does B disprove A's claim? Same specific issue only, not just same topic.

Output pattern (always use this exact shape):
A: <phrase>
B: <phrase>
Answer: Yes/No

Examples:

A: no_evident_not_easy_check-in
B: customer_wait_10_minute_for_greet
Answer: Yes

A: no_evident_not_easy_check-in
B: no_one_give_key_on_late_check-in
Answer: No

A: no_evident_not_great_quality
B: shampoo_seem_cheap_considering_hotel_cost
Answer: Yes

A: no_evident_not_great_quality
B: expensive_hotel
Answer: No

Now answer for this pair. Output ONLY the final line ""Answer: Yes"" or ""Answer: No"" — no other text.

A: no_evident_not_not_expensive_price
B: high_price_for_not_enough_comfort_room
Answer:
","A: no_evident_not_not_expensive_price
B: high_price_for_not_enough_comfort_room
Answer: Yes"
2026-08-10 23:20:08,2,270,no_evident_not_not_expensive_price,high_price_for_small_room,"Task: decide if Proposition B contradicts Assumption A.

Steps:
1. A defends a claim (strip ""no_evident_not_"" / ""have_evident_"" to see it).
2. B states a fact.
3. Does B disprove A's claim? Same specific issue only, not just same topic.

Output pattern (always use this exact shape):
A: <phrase>
B: <phrase>
Answer: Yes/No

Examples:

A: no_evident_not_easy_check-in
B: customer_wait_10_minute_for_greet
Answer: Yes

A: no_evident_not_easy_check-in
B: no_one_give_key_on_late_check-in
Answer: No

A: no_evident_not_great_quality
B: shampoo_seem_cheap_considering_hotel_cost
Answer: Yes

A: no_evident_not_great_quality
B: expensive_hotel
Answer: No

Now answer for this pair. Output ONLY the final line ""Answer: Yes"" or ""Answer: No"" — no other text.

A: no_evident_not_not_expensive_price
B: high_price_for_small_room
Answer:
","A: no_evident_not_not_expensive_price
B: high_price_for_small_room
Answer: Yes"
2026-08-10 23:20:08,2,271,no_evident_not_not_expensive_price,expensive_hotel,"Task: decide if Proposition B contradicts Assumption A.

Steps:
1. A defends a claim (strip ""no_evident_not_"" / ""have_evident_"" to see it).
2. B states a fact.
3. Does B disprove A's claim? Same specific issue only, not just same topic.

Output pattern (always use this exact shape):
A: <phrase>
B: <phrase>
Answer: Yes/No

Examples:

A: no_evident_not_easy_check-in
B: customer_wait_10_minute_for_greet
Answer: Yes

A: no_evident_not_easy_check-in
B: no_one_give_key_on_late_check-in
Answer: No

A: no_evident_not_great_quality
B: shampoo_seem_cheap_considering_hotel_cost
Answer: Yes

A: no_evident_not_great_quality
B: expensive_hotel
Answer: No

Now answer for this pair. Output ONLY the final line ""Answer: Yes"" or ""Answer: No"" — no other text.

A: no_evident_not_not_expensive_price
B: expensive_hotel
Answer:
",Answer: Yes
2026-08-10 23:20:09,2,272,no_evident_not_not_expensive_price,expensive_for_average_hotel,"Task: decide if Proposition B contradicts Assumption A.

Steps:
1. A defends a claim (strip ""no_evident_not_"" / ""have_evident_"" to see it).
2. B states a fact.
3. Does B disprove A's claim? Same specific issue only, not just same topic.

Output pattern (always use this exact shape):
A: <phrase>
B: <phrase>
Answer: Yes/No

Examples:

A: no_evident_not_easy_check-in
B: customer_wait_10_minute_for_greet
Answer: Yes

A: no_evident_not_easy_check-in
B: no_one_give_key_on_late_check-in
Answer: No

A: no_evident_not_great_quality
B: shampoo_seem_cheap_considering_hotel_cost
Answer: Yes

A: no_evident_not_great_quality
B: expensive_hotel
Answer: No

Now answer for this pair. Output ONLY the final line ""Answer: Yes"" or ""Answer: No"" — no other text.

A: no_evident_not_not_expensive_price
B: expensive_for_average_hotel
Answer:
","A: no_evident_not_not_expensive_price
B: expensive_for_average_hotel
Answer: Yes"
2026-08-10 23:20:09,2,273,no_evident_not_not_expensive_price,expensive_for_3_star_hotel,"Task: decide if Proposition B contradicts Assumption A.

Steps:
1. A defends a claim (strip ""no_evident_not_"" / ""have_evident_"" to see it).
2. B states a fact.
3. Does B disprove A's claim? Same specific issue only, not just same topic.

Output pattern (always use this exact shape):
A: <phrase>
B: <phrase>
Answer: Yes/No

Examples:

A: no_evident_not_easy_check-in
B: customer_wait_10_minute_for_greet
Answer: Yes

A: no_evident_not_easy_check-in
B: no_one_give_key_on_late_check-in
Answer: No

A: no_evident_not_great_quality
B: shampoo_seem_cheap_considering_hotel_cost
Answer: Yes

A: no_evident_not_great_quality
B: expensive_hotel
Answer: No

Now answer for this pair. Output ONLY the final line ""Answer: Yes"" or ""Answer: No"" — no other text.

A: no_evident_not_not_expensive_price
B: expensive_for_3_star_hotel
Answer:
","A: no_evident_not_not_expensive_price
B: expensive_for_3_star_hotel
Answer: Yes"
2026-08-10 23:20:09,2,274,no_evident_not_great_value,unlabeled_shampoo_dispenser_for_this_price,"Task: decide if Proposition B contradicts Assumption A.

Steps:
1. A defends a claim (strip ""no_evident_not_"" / ""have_evident_"" to see it).
2. B states a fact.
3. Does B disprove A's claim? Same specific issue only, not just same topic.

Output pattern (always use this exact shape):
A: <phrase>
B: <phrase>
Answer: Yes/No

Examples:

A: no_evident_not_easy_check-in
B: customer_wait_10_minute_for_greet
Answer: Yes

A: no_evident_not_easy_check-in
B: no_one_give_key_on_late_check-in
Answer: No

A: no_evident_not_great_quality
B: shampoo_seem_cheap_considering_hotel_cost
Answer: Yes

A: no_evident_not_great_quality
B: expensive_hotel
Answer: No

Now answer for this pair. Output ONLY the final line ""Answer: Yes"" or ""Answer: No"" — no other text.

A: no_evident_not_great_value
B: unlabeled_shampoo_dispenser_for_this_price
Answer:
",Answer: Yes
2026-08-10 23:20:09,2,275,no_evident_not_great_value,shampoo_seem_cheap_considering_hotel_cost,"Task: decide if Proposition B contradicts Assumption A.

Steps:
1. A defends a claim (strip ""no_evident_not_"" / ""have_evident_"" to see it).
2. B states a fact.
3. Does B disprove A's claim? Same specific issue only, not just same topic.

Output pattern (always use this exact shape):
A: <phrase>
B: <phrase>
Answer: Yes/No

Examples:

A: no_evident_not_easy_check-in
B: customer_wait_10_minute_for_greet
Answer: Yes

A: no_evident_not_easy_check-in
B: no_one_give_key_on_late_check-in
Answer: No

A: no_evident_not_great_quality
B: shampoo_seem_cheap_considering_hotel_cost
Answer: Yes

A: no_evident_not_great_quality
B: expensive_hotel
Answer: No

Now answer for this pair. Output ONLY the final line ""Answer: Yes"" or ""Answer: No"" — no other text.

A: no_evident_not_great_value
B: shampoo_seem_cheap_considering_hotel_cost
Answer:
",Answer: Yes
2026-08-10 23:20:10,2,276,no_evident_not_great_value,guesthouse_but_price_like_hotel,"Task: decide if Proposition B contradicts Assumption A.

Steps:
1. A defends a claim (strip ""no_evident_not_"" / ""have_evident_"" to see it).
2. B states a fact.
3. Does B disprove A's claim? Same specific issue only, not just same topic.

Output pattern (always use this exact shape):
A: <phrase>
B: <phrase>
Answer: Yes/No

Examples:

A: no_evident_not_easy_check-in
B: customer_wait_10_minute_for_greet
Answer: Yes

A: no_evident_not_easy_check-in
B: no_one_give_key_on_late_check-in
Answer: No

A: no_evident_not_great_quality
B: shampoo_seem_cheap_considering_hotel_cost
Answer: Yes

A: no_evident_not_great_quality
B: expensive_hotel
Answer: No

Now answer for this pair. Output ONLY the final line ""Answer: Yes"" or ""Answer: No"" — no other text.

A: no_evident_not_great_value
B: guesthouse_but_price_like_hotel
Answer:
","A: no_evident_not_great_value
B: guesthouse_but_price_like_hotel
Answer: Yes"
2026-08-10 23:20:10,2,277,no_evident_not_great_value,for_money_you_pay_you_get_one_small_water_bottle,"Task: decide if Proposition B contradicts Assumption A.

Steps:
1. A defends a claim (strip ""no_evident_not_"" / ""have_evident_"" to see it).
2. B states a fact.
3. Does B disprove A's claim? Same specific issue only, not just same topic.

Output pattern (always use this exact shape):
A: <phrase>
B: <phrase>
Answer: Yes/No

Examples:

A: no_evident_not_easy_check-in
B: customer_wait_10_minute_for_greet
Answer: Yes

A: no_evident_not_easy_check-in
B: no_one_give_key_on_late_check-in
Answer: No

A: no_evident_not_great_quality
B: shampoo_seem_cheap_considering_hotel_cost
Answer: Yes

A: no_evident_not_great_quality
B: expensive_hotel
Answer: No

Now answer for this pair. Output ONLY the final line ""Answer: Yes"" or ""Answer: No"" — no other text.

A: no_evident_not_great_value
B: for_money_you_pay_you_get_one_small_water_bottle
Answer:
","A: no_evident_not_great_value
B: for_money_you_pay_you_get_one_small_water_bottle
Answer: Yes"
2026-08-10 23:20:10,2,278,no_evident_not_great_value,expensive_for_what_you_get,"Task: decide if Proposition B contradicts Assumption A.

Steps:
1. A defends a claim (strip ""no_evident_not_"" / ""have_evident_"" to see it).
2. B states a fact.
3. Does B disprove A's claim? Same specific issue only, not just same topic.

Output pattern (always use this exact shape):
A: <phrase>
B: <phrase>
Answer: Yes/No

Examples:

A: no_evident_not_easy_check-in
B: customer_wait_10_minute_for_greet
Answer: Yes

A: no_evident_not_easy_check-in
B: no_one_give_key_on_late_check-in
Answer: No

A: no_evident_not_great_quality
B: shampoo_seem_cheap_considering_hotel_cost
Answer: Yes

A: no_evident_not_great_quality
B: expensive_hotel
Answer: No

Now answer for this pair. Output ONLY the final line ""Answer: Yes"" or ""Answer: No"" — no other text.

A: no_evident_not_great_value
B: expensive_for_what_you_get
Answer:
",Answer: Yes
2026-08-10 23:20:10,2,279,no_evident_not_great_value,expensive_rate_for_what_offer,"Task: decide if Proposition B contradicts Assumption A.

Steps:
1. A defends a claim (strip ""no_evident_not_"" / ""have_evident_"" to see it).
2. B states a fact.
3. Does B disprove A's claim? Same specific issue only, not just same topic.

Output pattern (always use this exact shape):
A: <phrase>
B: <phrase>
Answer: Yes/No

Examples:

A: no_evident_not_easy_check-in
B: customer_wait_10_minute_for_greet
Answer: Yes

A: no_evident_not_easy_check-in
B: no_one_give_key_on_late_check-in
Answer: No

A: no_evident_not_great_quality
B: shampoo_seem_cheap_considering_hotel_cost
Answer: Yes

A: no_evident_not_great_quality
B: expensive_hotel
Answer: No

Now answer for this pair. Output ONLY the final line ""Answer: Yes"" or ""Answer: No"" — no other text.

A: no_evident_not_great_value
B: expensive_rate_for_what_offer
Answer:
",Answer: Yes
2026-08-10 23:20:10,2,280,no_evident_not_great_value,overpriced_for_facility,"Task: decide if Proposition B contradicts Assumption A.

Steps:
1. A defends a claim (strip ""no_evident_not_"" / ""have_evident_"" to see it).
2. B states a fact.
3. Does B disprove A's claim? Same specific issue only, not just same topic.

Output pattern (always use this exact shape):
A: <phrase>
B: <phrase>
Answer: Yes/No

Examples:

A: no_evident_not_easy_check-in
B: customer_wait_10_minute_for_greet
Answer: Yes

A: no_evident_not_easy_check-in
B: no_one_give_key_on_late_check-in
Answer: No

A: no_evident_not_great_quality
B: shampoo_seem_cheap_considering_hotel_cost
Answer: Yes

A: no_evident_not_great_quality
B: expensive_hotel
Answer: No

Now answer for this pair. Output ONLY the final line ""Answer: Yes"" or ""Answer: No"" — no other text.

A: no_evident_not_great_value
B: overpriced_for_facility
Answer:
",Answer: Yes
2026-08-10 23:20:11,2,281,no_evident_not_great_value,meal_not_include_in_price,"Task: decide if Proposition B contradicts Assumption A.

Steps:
1. A defends a claim (strip ""no_evident_not_"" / ""have_evident_"" to see it).
2. B states a fact.
3. Does B disprove A's claim? Same specific issue only, not just same topic.

Output pattern (always use this exact shape):
A: <phrase>
B: <phrase>
Answer: Yes/No

Examples:

A: no_evident_not_easy_check-in
B: customer_wait_10_minute_for_greet
Answer: Yes

A: no_evident_not_easy_check-in
B: no_one_give_key_on_late_check-in
Answer: No

A: no_evident_not_great_quality
B: shampoo_seem_cheap_considering_hotel_cost
Answer: Yes

A: no_evident_not_great_quality
B: expensive_hotel
Answer: No

Now answer for this pair. Output ONLY the final line ""Answer: Yes"" or ""Answer: No"" — no other text.

A: no_evident_not_great_value
B: meal_not_include_in_price
Answer:
","A: no_evident_not_great_value
B: meal_not_include_in_price
Answer: Yes"
2026-08-10 23:20:11,2,282,no_evident_not_great_value,high_price_for_not_enough_comfort_room,"Task: decide if Proposition B contradicts Assumption A.

Steps:
1. A defends a claim (strip ""no_evident_not_"" / ""have_evident_"" to see it).
2. B states a fact.
3. Does B disprove A's claim? Same specific issue only, not just same topic.

Output pattern (always use this exact shape):
A: <phrase>
B: <phrase>
Answer: Yes/No

Examples:

A: no_evident_not_easy_check-in
B: customer_wait_10_minute_for_greet
Answer: Yes

A: no_evident_not_easy_check-in
B: no_one_give_key_on_late_check-in
Answer: No

A: no_evident_not_great_quality
B: shampoo_seem_cheap_considering_hotel_cost
Answer: Yes

A: no_evident_not_great_quality
B: expensive_hotel
Answer: No

Now answer for this pair. Output ONLY the final line ""Answer: Yes"" or ""Answer: No"" — no other text.

A: no_evident_not_great_value
B: high_price_for_not_enough_comfort_room
Answer:
",Answer: Yes
2026-08-10 23:20:11,2,283,no_evident_not_great_value,high_price_for_small_room,"Task: decide if Proposition B contradicts Assumption A.

Steps:
1. A defends a claim (strip ""no_evident_not_"" / ""have_evident_"" to see it).
2. B states a fact.
3. Does B disprove A's claim? Same specific issue only, not just same topic.

Output pattern (always use this exact shape):
A: <phrase>
B: <phrase>
Answer: Yes/No

Examples:

A: no_evident_not_easy_check-in
B: customer_wait_10_minute_for_greet
Answer: Yes

A: no_evident_not_easy_check-in
B: no_one_give_key_on_late_check-in
Answer: No

A: no_evident_not_great_quality
B: shampoo_seem_cheap_considering_hotel_cost
Answer: Yes

A: no_evident_not_great_quality
B: expensive_hotel
Answer: No

Now answer for this pair. Output ONLY the final line ""Answer: Yes"" or ""Answer: No"" — no other text.

A: no_evident_not_great_value
B: high_price_for_small_room
Answer:
",Answer: Yes
2026-08-10 23:20:11,2,284,no_evident_not_great_value,expensive_hotel,"Task: decide if Proposition B contradicts Assumption A.

Steps:
1. A defends a claim (strip ""no_evident_not_"" / ""have_evident_"" to see it).
2. B states a fact.
3. Does B disprove A's claim? Same specific issue only, not just same topic.

Output pattern (always use this exact shape):
A: <phrase>
B: <phrase>
Answer: Yes/No

Examples:

A: no_evident_not_easy_check-in
B: customer_wait_10_minute_for_greet
Answer: Yes

A: no_evident_not_easy_check-in
B: no_one_give_key_on_late_check-in
Answer: No

A: no_evident_not_great_quality
B: shampoo_seem_cheap_considering_hotel_cost
Answer: Yes

A: no_evident_not_great_quality
B: expensive_hotel
Answer: No

Now answer for this pair. Output ONLY the final line ""Answer: Yes"" or ""Answer: No"" — no other text.

A: no_evident_not_great_value
B: expensive_hotel
Answer:
",Answer: No
2026-08-10 23:20:11,2,285,no_evident_not_great_value,expensive_for_average_hotel,"Task: decide if Proposition B contradicts Assumption A.

Steps:
1. A defends a claim (strip ""no_evident_not_"" / ""have_evident_"" to see it).
2. B states a fact.
3. Does B disprove A's claim? Same specific issue only, not just same topic.

Output pattern (always use this exact shape):
A: <phrase>
B: <phrase>
Answer: Yes/No

Examples:

A: no_evident_not_easy_check-in
B: customer_wait_10_minute_for_greet
Answer: Yes

A: no_evident_not_easy_check-in
B: no_one_give_key_on_late_check-in
Answer: No

A: no_evident_not_great_quality
B: shampoo_seem_cheap_considering_hotel_cost
Answer: Yes

A: no_evident_not_great_quality
B: expensive_hotel
Answer: No

Now answer for this pair. Output ONLY the final line ""Answer: Yes"" or ""Answer: No"" — no other text.

A: no_evident_not_great_value
B: expensive_for_average_hotel
Answer:
",Answer: Yes
2026-08-10 23:20:11,2,286,no_evident_not_great_value,expensive_for_3_star_hotel,"Task: decide if Proposition B contradicts Assumption A.

Steps:
1. A defends a claim (strip ""no_evident_not_"" / ""have_evident_"" to see it).
2. B states a fact.
3. Does B disprove A's claim? Same specific issue only, not just same topic.

Output pattern (always use this exact shape):
A: <phrase>
B: <phrase>
Answer: Yes/No

Examples:

A: no_evident_not_easy_check-in
B: customer_wait_10_minute_for_greet
Answer: Yes

A: no_evident_not_easy_check-in
B: no_one_give_key_on_late_check-in
Answer: No

A: no_evident_not_great_quality
B: shampoo_seem_cheap_considering_hotel_cost
Answer: Yes

A: no_evident_not_great_quality
B: expensive_hotel
Answer: No

Now answer for this pair. Output ONLY the final line ""Answer: Yes"" or ""Answer: No"" — no other text.

A: no_evident_not_great_value
B: expensive_for_3_star_hotel
Answer:
",Answer: Yes
2026-08-10 23:20:12,2,287,no_evident_not_right_price,unlabeled_shampoo_dispenser_for_this_price,"Task: decide if Proposition B contradicts Assumption A.

Steps:
1. A defends a claim (strip ""no_evident_not_"" / ""have_evident_"" to see it).
2. B states a fact.
3. Does B disprove A's claim? Same specific issue only, not just same topic.

Output pattern (always use this exact shape):
A: <phrase>
B: <phrase>
Answer: Yes/No

Examples:

A: no_evident_not_easy_check-in
B: customer_wait_10_minute_for_greet
Answer: Yes

A: no_evident_not_easy_check-in
B: no_one_give_key_on_late_check-in
Answer: No

A: no_evident_not_great_quality
B: shampoo_seem_cheap_considering_hotel_cost
Answer: Yes

A: no_evident_not_great_quality
B: expensive_hotel
Answer: No

Now answer for this pair. Output ONLY the final line ""Answer: Yes"" or ""Answer: No"" — no other text.

A: no_evident_not_right_price
B: unlabeled_shampoo_dispenser_for_this_price
Answer:
","A: no_evident_not_right_price
B: unlabeled_shampoo_dispenser_for_this_price
Answer: Yes"
2026-08-10 23:20:12,2,288,no_evident_not_right_price,shampoo_seem_cheap_considering_hotel_cost,"Task: decide if Proposition B contradicts Assumption A.

Steps:
1. A defends a claim (strip ""no_evident_not_"" / ""have_evident_"" to see it).
2. B states a fact.
3. Does B disprove A's claim? Same specific issue only, not just same topic.

Output pattern (always use this exact shape):
A: <phrase>
B: <phrase>
Answer: Yes/No

Examples:

A: no_evident_not_easy_check-in
B: customer_wait_10_minute_for_greet
Answer: Yes

A: no_evident_not_easy_check-in
B: no_one_give_key_on_late_check-in
Answer: No

A: no_evident_not_great_quality
B: shampoo_seem_cheap_considering_hotel_cost
Answer: Yes

A: no_evident_not_great_quality
B: expensive_hotel
Answer: No

Now answer for this pair. Output ONLY the final line ""Answer: Yes"" or ""Answer: No"" — no other text.

A: no_evident_not_right_price
B: shampoo_seem_cheap_considering_hotel_cost
Answer:
",Answer: Yes
2026-08-10 23:20:12,2,289,no_evident_not_right_price,guesthouse_but_price_like_hotel,"Task: decide if Proposition B contradicts Assumption A.

Steps:
1. A defends a claim (strip ""no_evident_not_"" / ""have_evident_"" to see it).
2. B states a fact.
3. Does B disprove A's claim? Same specific issue only, not just same topic.

Output pattern (always use this exact shape):
A: <phrase>
B: <phrase>
Answer: Yes/No

Examples:

A: no_evident_not_easy_check-in
B: customer_wait_10_minute_for_greet
Answer: Yes

A: no_evident_not_easy_check-in
B: no_one_give_key_on_late_check-in
Answer: No

A: no_evident_not_great_quality
B: shampoo_seem_cheap_considering_hotel_cost
Answer: Yes

A: no_evident_not_great_quality
B: expensive_hotel
Answer: No

Now answer for this pair. Output ONLY the final line ""Answer: Yes"" or ""Answer: No"" — no other text.

A: no_evident_not_right_price
B: guesthouse_but_price_like_hotel
Answer:
","A: no_evident_not_right_price
B: guesthouse_but_price_like_hotel
Answer: Yes"
2026-08-10 23:20:12,2,291,no_evident_not_right_price,expensive_for_what_you_get,"Task: decide if Proposition B contradicts Assumption A.

Steps:
1. A defends a claim (strip ""no_evident_not_"" / ""have_evident_"" to see it).
2. B states a fact.
3. Does B disprove A's claim? Same specific issue only, not just same topic.

Output pattern (always use this exact shape):
A: <phrase>
B: <phrase>
Answer: Yes/No

Examples:

A: no_evident_not_easy_check-in
B: customer_wait_10_minute_for_greet
Answer: Yes

A: no_evident_not_easy_check-in
B: no_one_give_key_on_late_check-in
Answer: No

A: no_evident_not_great_quality
B: shampoo_seem_cheap_considering_hotel_cost
Answer: Yes

A: no_evident_not_great_quality
B: expensive_hotel
Answer: No

Now answer for this pair. Output ONLY the final line ""Answer: Yes"" or ""Answer: No"" — no other text.

A: no_evident_not_right_price
B: expensive_for_what_you_get
Answer:
",Answer: Yes
2026-08-10 23:20:13,2,290,no_evident_not_right_price,for_money_you_pay_you_get_one_small_water_bottle,"Task: decide if Proposition B contradicts Assumption A.

Steps:
1. A defends a claim (strip ""no_evident_not_"" / ""have_evident_"" to see it).
2. B states a fact.
3. Does B disprove A's claim? Same specific issue only, not just same topic.

Output pattern (always use this exact shape):
A: <phrase>
B: <phrase>
Answer: Yes/No

Examples:

A: no_evident_not_easy_check-in
B: customer_wait_10_minute_for_greet
Answer: Yes

A: no_evident_not_easy_check-in
B: no_one_give_key_on_late_check-in
Answer: No

A: no_evident_not_great_quality
B: shampoo_seem_cheap_considering_hotel_cost
Answer: Yes

A: no_evident_not_great_quality
B: expensive_hotel
Answer: No

Now answer for this pair. Output ONLY the final line ""Answer: Yes"" or ""Answer: No"" — no other text.

A: no_evident_not_right_price
B: for_money_you_pay_you_get_one_small_water_bottle
Answer:
","A: no_evident_not_right_price
B: for_money_you_pay_you_get_one_small_water_bottle
Answer: Yes"
2026-08-10 23:20:13,2,292,no_evident_not_right_price,expensive_rate_for_what_offer,"Task: decide if Proposition B contradicts Assumption A.

Steps:
1. A defends a claim (strip ""no_evident_not_"" / ""have_evident_"" to see it).
2. B states a fact.
3. Does B disprove A's claim? Same specific issue only, not just same topic.

Output pattern (always use this exact shape):
A: <phrase>
B: <phrase>
Answer: Yes/No

Examples:

A: no_evident_not_easy_check-in
B: customer_wait_10_minute_for_greet
Answer: Yes

A: no_evident_not_easy_check-in
B: no_one_give_key_on_late_check-in
Answer: No

A: no_evident_not_great_quality
B: shampoo_seem_cheap_considering_hotel_cost
Answer: Yes

A: no_evident_not_great_quality
B: expensive_hotel
Answer: No

Now answer for this pair. Output ONLY the final line ""Answer: Yes"" or ""Answer: No"" — no other text.

A: no_evident_not_right_price
B: expensive_rate_for_what_offer
Answer:
",Answer: Yes
2026-08-10 23:20:13,2,293,no_evident_not_right_price,overpriced_for_facility,"Task: decide if Proposition B contradicts Assumption A.

Steps:
1. A defends a claim (strip ""no_evident_not_"" / ""have_evident_"" to see it).
2. B states a fact.
3. Does B disprove A's claim? Same specific issue only, not just same topic.

Output pattern (always use this exact shape):
A: <phrase>
B: <phrase>
Answer: Yes/No

Examples:

A: no_evident_not_easy_check-in
B: customer_wait_10_minute_for_greet
Answer: Yes

A: no_evident_not_easy_check-in
B: no_one_give_key_on_late_check-in
Answer: No

A: no_evident_not_great_quality
B: shampoo_seem_cheap_considering_hotel_cost
Answer: Yes

A: no_evident_not_great_quality
B: expensive_hotel
Answer: No

Now answer for this pair. Output ONLY the final line ""Answer: Yes"" or ""Answer: No"" — no other text.

A: no_evident_not_right_price
B: overpriced_for_facility
Answer:
","A: no_evident_not_right_price
B: overpriced_for_facility
Answer: Yes"
2026-08-10 23:20:13,2,294,no_evident_not_right_price,meal_not_include_in_price,"Task: decide if Proposition B contradicts Assumption A.

Steps:
1. A defends a claim (strip ""no_evident_not_"" / ""have_evident_"" to see it).
2. B states a fact.
3. Does B disprove A's claim? Same specific issue only, not just same topic.

Output pattern (always use this exact shape):
A: <phrase>
B: <phrase>
Answer: Yes/No

Examples:

A: no_evident_not_easy_check-in
B: customer_wait_10_minute_for_greet
Answer: Yes

A: no_evident_not_easy_check-in
B: no_one_give_key_on_late_check-in
Answer: No

A: no_evident_not_great_quality
B: shampoo_seem_cheap_considering_hotel_cost
Answer: Yes

A: no_evident_not_great_quality
B: expensive_hotel
Answer: No

Now answer for this pair. Output ONLY the final line ""Answer: Yes"" or ""Answer: No"" — no other text.

A: no_evident_not_right_price
B: meal_not_include_in_price
Answer:
","A: no_evident_not_right_price
B: meal_not_include_in_price
Answer: Yes"
2026-08-10 23:20:14,2,295,no_evident_not_right_price,high_price_for_not_enough_comfort_room,"Task: decide if Proposition B contradicts Assumption A.

Steps:
1. A defends a claim (strip ""no_evident_not_"" / ""have_evident_"" to see it).
2. B states a fact.
3. Does B disprove A's claim? Same specific issue only, not just same topic.

Output pattern (always use this exact shape):
A: <phrase>
B: <phrase>
Answer: Yes/No

Examples:

A: no_evident_not_easy_check-in
B: customer_wait_10_minute_for_greet
Answer: Yes

A: no_evident_not_easy_check-in
B: no_one_give_key_on_late_check-in
Answer: No

A: no_evident_not_great_quality
B: shampoo_seem_cheap_considering_hotel_cost
Answer: Yes

A: no_evident_not_great_quality
B: expensive_hotel
Answer: No

Now answer for this pair. Output ONLY the final line ""Answer: Yes"" or ""Answer: No"" — no other text.

A: no_evident_not_right_price
B: high_price_for_not_enough_comfort_room
Answer:
",Answer: Yes
2026-08-10 23:20:14,2,296,no_evident_not_right_price,high_price_for_small_room,"Task: decide if Proposition B contradicts Assumption A.

Steps:
1. A defends a claim (strip ""no_evident_not_"" / ""have_evident_"" to see it).
2. B states a fact.
3. Does B disprove A's claim? Same specific issue only, not just same topic.

Output pattern (always use this exact shape):
A: <phrase>
B: <phrase>
Answer: Yes/No

Examples:

A: no_evident_not_easy_check-in
B: customer_wait_10_minute_for_greet
Answer: Yes

A: no_evident_not_easy_check-in
B: no_one_give_key_on_late_check-in
Answer: No

A: no_evident_not_great_quality
B: shampoo_seem_cheap_considering_hotel_cost
Answer: Yes

A: no_evident_not_great_quality
B: expensive_hotel
Answer: No

Now answer for this pair. Output ONLY the final line ""Answer: Yes"" or ""Answer: No"" — no other text.

A: no_evident_not_right_price
B: high_price_for_small_room
Answer:
","A: no_evident_not_right_price
B: high_price_for_small_room
Answer: Yes"
2026-08-10 23:20:14,2,297,no_evident_not_right_price,expensive_hotel,"Task: decide if Proposition B contradicts Assumption A.

Steps:
1. A defends a claim (strip ""no_evident_not_"" / ""have_evident_"" to see it).
2. B states a fact.
3. Does B disprove A's claim? Same specific issue only, not just same topic.

Output pattern (always use this exact shape):
A: <phrase>
B: <phrase>
Answer: Yes/No

Examples:

A: no_evident_not_easy_check-in
B: customer_wait_10_minute_for_greet
Answer: Yes

A: no_evident_not_easy_check-in
B: no_one_give_key_on_late_check-in
Answer: No

A: no_evident_not_great_quality
B: shampoo_seem_cheap_considering_hotel_cost
Answer: Yes

A: no_evident_not_great_quality
B: expensive_hotel
Answer: No

Now answer for this pair. Output ONLY the final line ""Answer: Yes"" or ""Answer: No"" — no other text.

A: no_evident_not_right_price
B: expensive_hotel
Answer:
",Answer: No
2026-08-10 23:20:14,2,298,no_evident_not_right_price,expensive_for_average_hotel,"Task: decide if Proposition B contradicts Assumption A.

Steps:
1. A defends a claim (strip ""no_evident_not_"" / ""have_evident_"" to see it).
2. B states a fact.
3. Does B disprove A's claim? Same specific issue only, not just same topic.

Output pattern (always use this exact shape):
A: <phrase>
B: <phrase>
Answer: Yes/No

Examples:

A: no_evident_not_easy_check-in
B: customer_wait_10_minute_for_greet
Answer: Yes

A: no_evident_not_easy_check-in
B: no_one_give_key_on_late_check-in
Answer: No

A: no_evident_not_great_quality
B: shampoo_seem_cheap_considering_hotel_cost
Answer: Yes

A: no_evident_not_great_quality
B: expensive_hotel
Answer: No

Now answer for this pair. Output ONLY the final line ""Answer: Yes"" or ""Answer: No"" — no other text.

A: no_evident_not_right_price
B: expensive_for_average_hotel
Answer:
","A: no_evident_not_right_price
B: expensive_for_average_hotel
Answer: Yes"
2026-08-10 23:20:14,2,299,no_evident_not_right_price,expensive_for_3_star_hotel,"Task: decide if Proposition B contradicts Assumption A.

Steps:
1. A defends a claim (strip ""no_evident_not_"" / ""have_evident_"" to see it).
2. B states a fact.
3. Does B disprove A's claim? Same specific issue only, not just same topic.

Output pattern (always use this exact shape):
A: <phrase>
B: <phrase>
Answer: Yes/No

Examples:

A: no_evident_not_easy_check-in
B: customer_wait_10_minute_for_greet
Answer: Yes

A: no_evident_not_easy_check-in
B: no_one_give_key_on_late_check-in
Answer: No

A: no_evident_not_great_quality
B: shampoo_seem_cheap_considering_hotel_cost
Answer: Yes

A: no_evident_not_great_quality
B: expensive_hotel
Answer: No

Now answer for this pair. Output ONLY the final line ""Answer: Yes"" or ""Answer: No"" — no other text.

A: no_evident_not_right_price
B: expensive_for_3_star_hotel
Answer:
",Answer: Yes
2026-08-10 23:20:15,2,300,no_evident_not_right_performance,unlabeled_shampoo_dispenser_for_this_price,"Task: decide if Proposition B contradicts Assumption A.

Steps:
1. A defends a claim (strip ""no_evident_not_"" / ""have_evident_"" to see it).
2. B states a fact.
3. Does B disprove A's claim? Same specific issue only, not just same topic.

Output pattern (always use this exact shape):
A: <phrase>
B: <phrase>
Answer: Yes/No

Examples:

A: no_evident_not_easy_check-in
B: customer_wait_10_minute_for_greet
Answer: Yes

A: no_evident_not_easy_check-in
B: no_one_give_key_on_late_check-in
Answer: No

A: no_evident_not_great_quality
B: shampoo_seem_cheap_considering_hotel_cost
Answer: Yes

A: no_evident_not_great_quality
B: expensive_hotel
Answer: No

Now answer for this pair. Output ONLY the final line ""Answer: Yes"" or ""Answer: No"" — no other text.

A: no_evident_not_right_performance
B: unlabeled_shampoo_dispenser_for_this_price
Answer:
","A: no_evident_not_right_performance
B: unlabeled_shampoo_dispenser_for_this_price
Answer: Yes"
2026-08-10 23:20:15,2,301,no_evident_not_right_performance,shampoo_seem_cheap_considering_hotel_cost,"Task: decide if Proposition B contradicts Assumption A.

Steps:
1. A defends a claim (strip ""no_evident_not_"" / ""have_evident_"" to see it).
2. B states a fact.
3. Does B disprove A's claim? Same specific issue only, not just same topic.

Output pattern (always use this exact shape):
A: <phrase>
B: <phrase>
Answer: Yes/No

Examples:

A: no_evident_not_easy_check-in
B: customer_wait_10_minute_for_greet
Answer: Yes

A: no_evident_not_easy_check-in
B: no_one_give_key_on_late_check-in
Answer: No

A: no_evident_not_great_quality
B: shampoo_seem_cheap_considering_hotel_cost
Answer: Yes

A: no_evident_not_great_quality
B: expensive_hotel
Answer: No

Now answer for this pair. Output ONLY the final line ""Answer: Yes"" or ""Answer: No"" — no other text.

A: no_evident_not_right_performance
B: shampoo_seem_cheap_considering_hotel_cost
Answer:
",Answer: Yes
2026-08-10 23:20:15,2,302,no_evident_not_right_performance,guesthouse_but_price_like_hotel,"Task: decide if Proposition B contradicts Assumption A.

Steps:
1. A defends a claim (strip ""no_evident_not_"" / ""have_evident_"" to see it).
2. B states a fact.
3. Does B disprove A's claim? Same specific issue only, not just same topic.

Output pattern (always use this exact shape):
A: <phrase>
B: <phrase>
Answer: Yes/No

Examples:

A: no_evident_not_easy_check-in
B: customer_wait_10_minute_for_greet
Answer: Yes

A: no_evident_not_easy_check-in
B: no_one_give_key_on_late_check-in
Answer: No

A: no_evident_not_great_quality
B: shampoo_seem_cheap_considering_hotel_cost
Answer: Yes

A: no_evident_not_great_quality
B: expensive_hotel
Answer: No

Now answer for this pair. Output ONLY the final line ""Answer: Yes"" or ""Answer: No"" — no other text.

A: no_evident_not_right_performance
B: guesthouse_but_price_like_hotel
Answer:
","A: no_evident_not_right_performance
B: guesthouse_but_price_like_hotel
Answer: Yes"
2026-08-10 23:20:16,2,303,no_evident_not_right_performance,for_money_you_pay_you_get_one_small_water_bottle,"Task: decide if Proposition B contradicts Assumption A.

Steps:
1. A defends a claim (strip ""no_evident_not_"" / ""have_evident_"" to see it).
2. B states a fact.
3. Does B disprove A's claim? Same specific issue only, not just same topic.

Output pattern (always use this exact shape):
A: <phrase>
B: <phrase>
Answer: Yes/No

Examples:

A: no_evident_not_easy_check-in
B: customer_wait_10_minute_for_greet
Answer: Yes

A: no_evident_not_easy_check-in
B: no_one_give_key_on_late_check-in
Answer: No

A: no_evident_not_great_quality
B: shampoo_seem_cheap_considering_hotel_cost
Answer: Yes

A: no_evident_not_great_quality
B: expensive_hotel
Answer: No

Now answer for this pair. Output ONLY the final line ""Answer: Yes"" or ""Answer: No"" — no other text.

A: no_evident_not_right_performance
B: for_money_you_pay_you_get_one_small_water_bottle
Answer:
","A: no_evident_not_right_performance
B: for_money_you_pay_you_get_one_small_water_bottle
Answer: Yes"
2026-08-10 23:20:16,2,304,no_evident_not_right_performance,expensive_for_what_you_get,"Task: decide if Proposition B contradicts Assumption A.

Steps:
1. A defends a claim (strip ""no_evident_not_"" / ""have_evident_"" to see it).
2. B states a fact.
3. Does B disprove A's claim? Same specific issue only, not just same topic.

Output pattern (always use this exact shape):
A: <phrase>
B: <phrase>
Answer: Yes/No

Examples:

A: no_evident_not_easy_check-in
B: customer_wait_10_minute_for_greet
Answer: Yes

A: no_evident_not_easy_check-in
B: no_one_give_key_on_late_check-in
Answer: No

A: no_evident_not_great_quality
B: shampoo_seem_cheap_considering_hotel_cost
Answer: Yes

A: no_evident_not_great_quality
B: expensive_hotel
Answer: No

Now answer for this pair. Output ONLY the final line ""Answer: Yes"" or ""Answer: No"" — no other text.

A: no_evident_not_right_performance
B: expensive_for_what_you_get
Answer:
","A: no_evident_not_right_performance
B: expensive_for_what_you_get
Answer: Yes"
2026-08-10 23:20:16,2,305,no_evident_not_right_performance,expensive_rate_for_what_offer,"Task: decide if Proposition B contradicts Assumption A.

Steps:
1. A defends a claim (strip ""no_evident_not_"" / ""have_evident_"" to see it).
2. B states a fact.
3. Does B disprove A's claim? Same specific issue only, not just same topic.

Output pattern (always use this exact shape):
A: <phrase>
B: <phrase>
Answer: Yes/No

Examples:

A: no_evident_not_easy_check-in
B: customer_wait_10_minute_for_greet
Answer: Yes

A: no_evident_not_easy_check-in
B: no_one_give_key_on_late_check-in
Answer: No

A: no_evident_not_great_quality
B: shampoo_seem_cheap_considering_hotel_cost
Answer: Yes

A: no_evident_not_great_quality
B: expensive_hotel
Answer: No

Now answer for this pair. Output ONLY the final line ""Answer: Yes"" or ""Answer: No"" — no other text.

A: no_evident_not_right_performance
B: expensive_rate_for_what_offer
Answer:
","A: no_evident_not_right_performance
B: expensive_rate_for_what_offer
Answer: Yes"
2026-08-10 23:20:17,2,306,no_evident_not_right_performance,overpriced_for_facility,"Task: decide if Proposition B contradicts Assumption A.

Steps:
1. A defends a claim (strip ""no_evident_not_"" / ""have_evident_"" to see it).
2. B states a fact.
3. Does B disprove A's claim? Same specific issue only, not just same topic.

Output pattern (always use this exact shape):
A: <phrase>
B: <phrase>
Answer: Yes/No

Examples:

A: no_evident_not_easy_check-in
B: customer_wait_10_minute_for_greet
Answer: Yes

A: no_evident_not_easy_check-in
B: no_one_give_key_on_late_check-in
Answer: No

A: no_evident_not_great_quality
B: shampoo_seem_cheap_considering_hotel_cost
Answer: Yes

A: no_evident_not_great_quality
B: expensive_hotel
Answer: No

Now answer for this pair. Output ONLY the final line ""Answer: Yes"" or ""Answer: No"" — no other text.

A: no_evident_not_right_performance
B: overpriced_for_facility
Answer:
","A: no_evident_not_right_performance
B: overpriced_for_facility
Answer: Yes"
2026-08-10 23:20:17,2,307,no_evident_not_right_performance,meal_not_include_in_price,"Task: decide if Proposition B contradicts Assumption A.

Steps:
1. A defends a claim (strip ""no_evident_not_"" / ""have_evident_"" to see it).
2. B states a fact.
3. Does B disprove A's claim? Same specific issue only, not just same topic.

Output pattern (always use this exact shape):
A: <phrase>
B: <phrase>
Answer: Yes/No

Examples:

A: no_evident_not_easy_check-in
B: customer_wait_10_minute_for_greet
Answer: Yes

A: no_evident_not_easy_check-in
B: no_one_give_key_on_late_check-in
Answer: No

A: no_evident_not_great_quality
B: shampoo_seem_cheap_considering_hotel_cost
Answer: Yes

A: no_evident_not_great_quality
B: expensive_hotel
Answer: No

Now answer for this pair. Output ONLY the final line ""Answer: Yes"" or ""Answer: No"" — no other text.

A: no_evident_not_right_performance
B: meal_not_include_in_price
Answer:
","A: no_evident_not_right_performance
B: meal_not_include_in_price
Answer: Yes"
2026-08-10 23:20:17,2,308,no_evident_not_right_performance,high_price_for_not_enough_comfort_room,"Task: decide if Proposition B contradicts Assumption A.

Steps:
1. A defends a claim (strip ""no_evident_not_"" / ""have_evident_"" to see it).
2. B states a fact.
3. Does B disprove A's claim? Same specific issue only, not just same topic.

Output pattern (always use this exact shape):
A: <phrase>
B: <phrase>
Answer: Yes/No

Examples:

A: no_evident_not_easy_check-in
B: customer_wait_10_minute_for_greet
Answer: Yes

A: no_evident_not_easy_check-in
B: no_one_give_key_on_late_check-in
Answer: No

A: no_evident_not_great_quality
B: shampoo_seem_cheap_considering_hotel_cost
Answer: Yes

A: no_evident_not_great_quality
B: expensive_hotel
Answer: No

Now answer for this pair. Output ONLY the final line ""Answer: Yes"" or ""Answer: No"" — no other text.

A: no_evident_not_right_performance
B: high_price_for_not_enough_comfort_room
Answer:
",Answer: Yes
2026-08-10 23:20:17,2,309,no_evident_not_right_performance,high_price_for_small_room,"Task: decide if Proposition B contradicts Assumption A.

Steps:
1. A defends a claim (strip ""no_evident_not_"" / ""have_evident_"" to see it).
2. B states a fact.
3. Does B disprove A's claim? Same specific issue only, not just same topic.

Output pattern (always use this exact shape):
A: <phrase>
B: <phrase>
Answer: Yes/No

Examples:

A: no_evident_not_easy_check-in
B: customer_wait_10_minute_for_greet
Answer: Yes

A: no_evident_not_easy_check-in
B: no_one_give_key_on_late_check-in
Answer: No

A: no_evident_not_great_quality
B: shampoo_seem_cheap_considering_hotel_cost
Answer: Yes

A: no_evident_not_great_quality
B: expensive_hotel
Answer: No

Now answer for this pair. Output ONLY the final line ""Answer: Yes"" or ""Answer: No"" — no other text.

A: no_evident_not_right_performance
B: high_price_for_small_room
Answer:
","A: no_evident_not_right_performance
B: high_price_for_small_room
Answer: Yes"
2026-08-10 23:20:17,2,310,no_evident_not_right_performance,expensive_hotel,"Task: decide if Proposition B contradicts Assumption A.

Steps:
1. A defends a claim (strip ""no_evident_not_"" / ""have_evident_"" to see it).
2. B states a fact.
3. Does B disprove A's claim? Same specific issue only, not just same topic.

Output pattern (always use this exact shape):
A: <phrase>
B: <phrase>
Answer: Yes/No

Examples:

A: no_evident_not_easy_check-in
B: customer_wait_10_minute_for_greet
Answer: Yes

A: no_evident_not_easy_check-in
B: no_one_give_key_on_late_check-in
Answer: No

A: no_evident_not_great_quality
B: shampoo_seem_cheap_considering_hotel_cost
Answer: Yes

A: no_evident_not_great_quality
B: expensive_hotel
Answer: No

Now answer for this pair. Output ONLY the final line ""Answer: Yes"" or ""Answer: No"" — no other text.

A: no_evident_not_right_performance
B: expensive_hotel
Answer:
",Answer: No
2026-08-10 23:20:18,2,311,no_evident_not_right_performance,expensive_for_average_hotel,"Task: decide if Proposition B contradicts Assumption A.

Steps:
1. A defends a claim (strip ""no_evident_not_"" / ""have_evident_"" to see it).
2. B states a fact.
3. Does B disprove A's claim? Same specific issue only, not just same topic.

Output pattern (always use this exact shape):
A: <phrase>
B: <phrase>
Answer: Yes/No

Examples:

A: no_evident_not_easy_check-in
B: customer_wait_10_minute_for_greet
Answer: Yes

A: no_evident_not_easy_check-in
B: no_one_give_key_on_late_check-in
Answer: No

A: no_evident_not_great_quality
B: shampoo_seem_cheap_considering_hotel_cost
Answer: Yes

A: no_evident_not_great_quality
B: expensive_hotel
Answer: No

Now answer for this pair. Output ONLY the final line ""Answer: Yes"" or ""Answer: No"" — no other text.

A: no_evident_not_right_performance
B: expensive_for_average_hotel
Answer:
","A: no_evident_not_right_performance
B: expensive_for_average_hotel
Answer: Yes"
2026-08-10 23:20:18,2,312,no_evident_not_right_performance,expensive_for_3_star_hotel,"Task: decide if Proposition B contradicts Assumption A.

Steps:
1. A defends a claim (strip ""no_evident_not_"" / ""have_evident_"" to see it).
2. B states a fact.
3. Does B disprove A's claim? Same specific issue only, not just same topic.

Output pattern (always use this exact shape):
A: <phrase>
B: <phrase>
Answer: Yes/No

Examples:

A: no_evident_not_easy_check-in
B: customer_wait_10_minute_for_greet
Answer: Yes

A: no_evident_not_easy_check-in
B: no_one_give_key_on_late_check-in
Answer: No

A: no_evident_not_great_quality
B: shampoo_seem_cheap_considering_hotel_cost
Answer: Yes

A: no_evident_not_great_quality
B: expensive_hotel
Answer: No

Now answer for this pair. Output ONLY the final line ""Answer: Yes"" or ""Answer: No"" — no other text.

A: no_evident_not_right_performance
B: expensive_for_3_star_hotel
Answer:
","A: no_evident_not_right_performance
B: expensive_for_3_star_hotel
Answer: Yes"
2026-08-10 23:20:18,2,313,no_evident_not_cheap_price,unlabeled_shampoo_dispenser_for_this_price,"Task: decide if Proposition B contradicts Assumption A.

Steps:
1. A defends a claim (strip ""no_evident_not_"" / ""have_evident_"" to see it).
2. B states a fact.
3. Does B disprove A's claim? Same specific issue only, not just same topic.

Output pattern (always use this exact shape):
A: <phrase>
B: <phrase>
Answer: Yes/No

Examples:

A: no_evident_not_easy_check-in
B: customer_wait_10_minute_for_greet
Answer: Yes

A: no_evident_not_easy_check-in
B: no_one_give_key_on_late_check-in
Answer: No

A: no_evident_not_great_quality
B: shampoo_seem_cheap_considering_hotel_cost
Answer: Yes

A: no_evident_not_great_quality
B: expensive_hotel
Answer: No

Now answer for this pair. Output ONLY the final line ""Answer: Yes"" or ""Answer: No"" — no other text.

A: no_evident_not_cheap_price
B: unlabeled_shampoo_dispenser_for_this_price
Answer:
","A: no_evident_not_cheap_price
B: unlabeled_shampoo_dispenser_for_this_price
Answer: Yes"
2026-08-10 23:20:18,2,314,no_evident_not_cheap_price,shampoo_seem_cheap_considering_hotel_cost,"Task: decide if Proposition B contradicts Assumption A.

Steps:
1. A defends a claim (strip ""no_evident_not_"" / ""have_evident_"" to see it).
2. B states a fact.
3. Does B disprove A's claim? Same specific issue only, not just same topic.

Output pattern (always use this exact shape):
A: <phrase>
B: <phrase>
Answer: Yes/No

Examples:

A: no_evident_not_easy_check-in
B: customer_wait_10_minute_for_greet
Answer: Yes

A: no_evident_not_easy_check-in
B: no_one_give_key_on_late_check-in
Answer: No

A: no_evident_not_great_quality
B: shampoo_seem_cheap_considering_hotel_cost
Answer: Yes

A: no_evident_not_great_quality
B: expensive_hotel
Answer: No

Now answer for this pair. Output ONLY the final line ""Answer: Yes"" or ""Answer: No"" — no other text.

A: no_evident_not_cheap_price
B: shampoo_seem_cheap_considering_hotel_cost
Answer:
",Answer: Yes
2026-08-10 23:20:19,2,315,no_evident_not_cheap_price,guesthouse_but_price_like_hotel,"Task: decide if Proposition B contradicts Assumption A.

Steps:
1. A defends a claim (strip ""no_evident_not_"" / ""have_evident_"" to see it).
2. B states a fact.
3. Does B disprove A's claim? Same specific issue only, not just same topic.

Output pattern (always use this exact shape):
A: <phrase>
B: <phrase>
Answer: Yes/No

Examples:

A: no_evident_not_easy_check-in
B: customer_wait_10_minute_for_greet
Answer: Yes

A: no_evident_not_easy_check-in
B: no_one_give_key_on_late_check-in
Answer: No

A: no_evident_not_great_quality
B: shampoo_seem_cheap_considering_hotel_cost
Answer: Yes

A: no_evident_not_great_quality
B: expensive_hotel
Answer: No

Now answer for this pair. Output ONLY the final line ""Answer: Yes"" or ""Answer: No"" — no other text.

A: no_evident_not_cheap_price
B: guesthouse_but_price_like_hotel
Answer:
","A: no_evident_not_cheap_price
B: guesthouse_but_price_like_hotel
Answer: Yes"
2026-08-10 23:20:19,2,316,no_evident_not_cheap_price,for_money_you_pay_you_get_one_small_water_bottle,"Task: decide if Proposition B contradicts Assumption A.

Steps:
1. A defends a claim (strip ""no_evident_not_"" / ""have_evident_"" to see it).
2. B states a fact.
3. Does B disprove A's claim? Same specific issue only, not just same topic.

Output pattern (always use this exact shape):
A: <phrase>
B: <phrase>
Answer: Yes/No

Examples:

A: no_evident_not_easy_check-in
B: customer_wait_10_minute_for_greet
Answer: Yes

A: no_evident_not_easy_check-in
B: no_one_give_key_on_late_check-in
Answer: No

A: no_evident_not_great_quality
B: shampoo_seem_cheap_considering_hotel_cost
Answer: Yes

A: no_evident_not_great_quality
B: expensive_hotel
Answer: No

Now answer for this pair. Output ONLY the final line ""Answer: Yes"" or ""Answer: No"" — no other text.

A: no_evident_not_cheap_price
B: for_money_you_pay_you_get_one_small_water_bottle
Answer:
","A: no_evident_not_cheap_price
B: for_money_you_pay_you_get_one_small_water_bottle
Answer: Yes"
2026-08-10 23:20:19,2,317,no_evident_not_cheap_price,expensive_for_what_you_get,"Task: decide if Proposition B contradicts Assumption A.

Steps:
1. A defends a claim (strip ""no_evident_not_"" / ""have_evident_"" to see it).
2. B states a fact.
3. Does B disprove A's claim? Same specific issue only, not just same topic.

Output pattern (always use this exact shape):
A: <phrase>
B: <phrase>
Answer: Yes/No

Examples:

A: no_evident_not_easy_check-in
B: customer_wait_10_minute_for_greet
Answer: Yes

A: no_evident_not_easy_check-in
B: no_one_give_key_on_late_check-in
Answer: No

A: no_evident_not_great_quality
B: shampoo_seem_cheap_considering_hotel_cost
Answer: Yes

A: no_evident_not_great_quality
B: expensive_hotel
Answer: No

Now answer for this pair. Output ONLY the final line ""Answer: Yes"" or ""Answer: No"" — no other text.

A: no_evident_not_cheap_price
B: expensive_for_what_you_get
Answer:
",Answer: Yes
2026-08-10 23:20:19,2,318,no_evident_not_cheap_price,expensive_rate_for_what_offer,"Task: decide if Proposition B contradicts Assumption A.

Steps:
1. A defends a claim (strip ""no_evident_not_"" / ""have_evident_"" to see it).
2. B states a fact.
3. Does B disprove A's claim? Same specific issue only, not just same topic.

Output pattern (always use this exact shape):
A: <phrase>
B: <phrase>
Answer: Yes/No

Examples:

A: no_evident_not_easy_check-in
B: customer_wait_10_minute_for_greet
Answer: Yes

A: no_evident_not_easy_check-in
B: no_one_give_key_on_late_check-in
Answer: No

A: no_evident_not_great_quality
B: shampoo_seem_cheap_considering_hotel_cost
Answer: Yes

A: no_evident_not_great_quality
B: expensive_hotel
Answer: No

Now answer for this pair. Output ONLY the final line ""Answer: Yes"" or ""Answer: No"" — no other text.

A: no_evident_not_cheap_price
B: expensive_rate_for_what_offer
Answer:
",Answer: Yes
2026-08-10 23:20:20,2,319,no_evident_not_cheap_price,overpriced_for_facility,"Task: decide if Proposition B contradicts Assumption A.

Steps:
1. A defends a claim (strip ""no_evident_not_"" / ""have_evident_"" to see it).
2. B states a fact.
3. Does B disprove A's claim? Same specific issue only, not just same topic.

Output pattern (always use this exact shape):
A: <phrase>
B: <phrase>
Answer: Yes/No

Examples:

A: no_evident_not_easy_check-in
B: customer_wait_10_minute_for_greet
Answer: Yes

A: no_evident_not_easy_check-in
B: no_one_give_key_on_late_check-in
Answer: No

A: no_evident_not_great_quality
B: shampoo_seem_cheap_considering_hotel_cost
Answer: Yes

A: no_evident_not_great_quality
B: expensive_hotel
Answer: No

Now answer for this pair. Output ONLY the final line ""Answer: Yes"" or ""Answer: No"" — no other text.

A: no_evident_not_cheap_price
B: overpriced_for_facility
Answer:
","A: no_evident_not_cheap_price
B: overpriced_for_facility
Answer: Yes"
2026-08-10 23:20:20,2,320,no_evident_not_cheap_price,meal_not_include_in_price,"Task: decide if Proposition B contradicts Assumption A.

Steps:
1. A defends a claim (strip ""no_evident_not_"" / ""have_evident_"" to see it).
2. B states a fact.
3. Does B disprove A's claim? Same specific issue only, not just same topic.

Output pattern (always use this exact shape):
A: <phrase>
B: <phrase>
Answer: Yes/No

Examples:

A: no_evident_not_easy_check-in
B: customer_wait_10_minute_for_greet
Answer: Yes

A: no_evident_not_easy_check-in
B: no_one_give_key_on_late_check-in
Answer: No

A: no_evident_not_great_quality
B: shampoo_seem_cheap_considering_hotel_cost
Answer: Yes

A: no_evident_not_great_quality
B: expensive_hotel
Answer: No

Now answer for this pair. Output ONLY the final line ""Answer: Yes"" or ""Answer: No"" — no other text.

A: no_evident_not_cheap_price
B: meal_not_include_in_price
Answer:
","A: no_evident_not_cheap_price
B: meal_not_include_in_price
Answer: Yes"
2026-08-10 23:20:20,2,321,no_evident_not_cheap_price,high_price_for_not_enough_comfort_room,"Task: decide if Proposition B contradicts Assumption A.

Steps:
1. A defends a claim (strip ""no_evident_not_"" / ""have_evident_"" to see it).
2. B states a fact.
3. Does B disprove A's claim? Same specific issue only, not just same topic.

Output pattern (always use this exact shape):
A: <phrase>
B: <phrase>
Answer: Yes/No

Examples:

A: no_evident_not_easy_check-in
B: customer_wait_10_minute_for_greet
Answer: Yes

A: no_evident_not_easy_check-in
B: no_one_give_key_on_late_check-in
Answer: No

A: no_evident_not_great_quality
B: shampoo_seem_cheap_considering_hotel_cost
Answer: Yes

A: no_evident_not_great_quality
B: expensive_hotel
Answer: No

Now answer for this pair. Output ONLY the final line ""Answer: Yes"" or ""Answer: No"" — no other text.

A: no_evident_not_cheap_price
B: high_price_for_not_enough_comfort_room
Answer:
",Answer: Yes
2026-08-10 23:20:20,2,322,no_evident_not_cheap_price,high_price_for_small_room,"Task: decide if Proposition B contradicts Assumption A.

Steps:
1. A defends a claim (strip ""no_evident_not_"" / ""have_evident_"" to see it).
2. B states a fact.
3. Does B disprove A's claim? Same specific issue only, not just same topic.

Output pattern (always use this exact shape):
A: <phrase>
B: <phrase>
Answer: Yes/No

Examples:

A: no_evident_not_easy_check-in
B: customer_wait_10_minute_for_greet
Answer: Yes

A: no_evident_not_easy_check-in
B: no_one_give_key_on_late_check-in
Answer: No

A: no_evident_not_great_quality
B: shampoo_seem_cheap_considering_hotel_cost
Answer: Yes

A: no_evident_not_great_quality
B: expensive_hotel
Answer: No

Now answer for this pair. Output ONLY the final line ""Answer: Yes"" or ""Answer: No"" — no other text.

A: no_evident_not_cheap_price
B: high_price_for_small_room
Answer:
",Answer: Yes
2026-08-10 23:20:20,2,323,no_evident_not_cheap_price,expensive_hotel,"Task: decide if Proposition B contradicts Assumption A.

Steps:
1. A defends a claim (strip ""no_evident_not_"" / ""have_evident_"" to see it).
2. B states a fact.
3. Does B disprove A's claim? Same specific issue only, not just same topic.

Output pattern (always use this exact shape):
A: <phrase>
B: <phrase>
Answer: Yes/No

Examples:

A: no_evident_not_easy_check-in
B: customer_wait_10_minute_for_greet
Answer: Yes

A: no_evident_not_easy_check-in
B: no_one_give_key_on_late_check-in
Answer: No

A: no_evident_not_great_quality
B: shampoo_seem_cheap_considering_hotel_cost
Answer: Yes

A: no_evident_not_great_quality
B: expensive_hotel
Answer: No

Now answer for this pair. Output ONLY the final line ""Answer: Yes"" or ""Answer: No"" — no other text.

A: no_evident_not_cheap_price
B: expensive_hotel
Answer:
",Answer: No
2026-08-10 23:20:20,2,324,no_evident_not_cheap_price,expensive_for_average_hotel,"Task: decide if Proposition B contradicts Assumption A.

Steps:
1. A defends a claim (strip ""no_evident_not_"" / ""have_evident_"" to see it).
2. B states a fact.
3. Does B disprove A's claim? Same specific issue only, not just same topic.

Output pattern (always use this exact shape):
A: <phrase>
B: <phrase>
Answer: Yes/No

Examples:

A: no_evident_not_easy_check-in
B: customer_wait_10_minute_for_greet
Answer: Yes

A: no_evident_not_easy_check-in
B: no_one_give_key_on_late_check-in
Answer: No

A: no_evident_not_great_quality
B: shampoo_seem_cheap_considering_hotel_cost
Answer: Yes

A: no_evident_not_great_quality
B: expensive_hotel
Answer: No

Now answer for this pair. Output ONLY the final line ""Answer: Yes"" or ""Answer: No"" — no other text.

A: no_evident_not_cheap_price
B: expensive_for_average_hotel
Answer:
",Answer: Yes
2026-08-10 23:20:21,2,325,no_evident_not_cheap_price,expensive_for_3_star_hotel,"Task: decide if Proposition B contradicts Assumption A.

Steps:
1. A defends a claim (strip ""no_evident_not_"" / ""have_evident_"" to see it).
2. B states a fact.
3. Does B disprove A's claim? Same specific issue only, not just same topic.

Output pattern (always use this exact shape):
A: <phrase>
B: <phrase>
Answer: Yes/No

Examples:

A: no_evident_not_easy_check-in
B: customer_wait_10_minute_for_greet
Answer: Yes

A: no_evident_not_easy_check-in
B: no_one_give_key_on_late_check-in
Answer: No

A: no_evident_not_great_quality
B: shampoo_seem_cheap_considering_hotel_cost
Answer: Yes

A: no_evident_not_great_quality
B: expensive_hotel
Answer: No

Now answer for this pair. Output ONLY the final line ""Answer: Yes"" or ""Answer: No"" — no other text.

A: no_evident_not_cheap_price
B: expensive_for_3_star_hotel
Answer:
","A: no_evident_not_cheap_price
B: expensive_for_3_star_hotel
Answer: Yes"
2026-08-10 23:20:21,2,326,no_evident_not_full_value_for_price,unlabeled_shampoo_dispenser_for_this_price,"Task: decide if Proposition B contradicts Assumption A.

Steps:
1. A defends a claim (strip ""no_evident_not_"" / ""have_evident_"" to see it).
2. B states a fact.
3. Does B disprove A's claim? Same specific issue only, not just same topic.

Output pattern (always use this exact shape):
A: <phrase>
B: <phrase>
Answer: Yes/No

Examples:

A: no_evident_not_easy_check-in
B: customer_wait_10_minute_for_greet
Answer: Yes

A: no_evident_not_easy_check-in
B: no_one_give_key_on_late_check-in
Answer: No

A: no_evident_not_great_quality
B: shampoo_seem_cheap_considering_hotel_cost
Answer: Yes

A: no_evident_not_great_quality
B: expensive_hotel
Answer: No

Now answer for this pair. Output ONLY the final line ""Answer: Yes"" or ""Answer: No"" — no other text.

A: no_evident_not_full_value_for_price
B: unlabeled_shampoo_dispenser_for_this_price
Answer:
","A: no_evident_not_full_value_for_price
B: unlabeled_shampoo_dispenser_for_this_price
Answer: Yes"
2026-08-10 23:20:21,2,327,no_evident_not_full_value_for_price,shampoo_seem_cheap_considering_hotel_cost,"Task: decide if Proposition B contradicts Assumption A.

Steps:
1. A defends a claim (strip ""no_evident_not_"" / ""have_evident_"" to see it).
2. B states a fact.
3. Does B disprove A's claim? Same specific issue only, not just same topic.

Output pattern (always use this exact shape):
A: <phrase>
B: <phrase>
Answer: Yes/No

Examples:

A: no_evident_not_easy_check-in
B: customer_wait_10_minute_for_greet
Answer: Yes

A: no_evident_not_easy_check-in
B: no_one_give_key_on_late_check-in
Answer: No

A: no_evident_not_great_quality
B: shampoo_seem_cheap_considering_hotel_cost
Answer: Yes

A: no_evident_not_great_quality
B: expensive_hotel
Answer: No

Now answer for this pair. Output ONLY the final line ""Answer: Yes"" or ""Answer: No"" — no other text.

A: no_evident_not_full_value_for_price
B: shampoo_seem_cheap_considering_hotel_cost
Answer:
",Answer: Yes
2026-08-10 23:20:22,2,328,no_evident_not_full_value_for_price,guesthouse_but_price_like_hotel,"Task: decide if Proposition B contradicts Assumption A.

Steps:
1. A defends a claim (strip ""no_evident_not_"" / ""have_evident_"" to see it).
2. B states a fact.
3. Does B disprove A's claim? Same specific issue only, not just same topic.

Output pattern (always use this exact shape):
A: <phrase>
B: <phrase>
Answer: Yes/No

Examples:

A: no_evident_not_easy_check-in
B: customer_wait_10_minute_for_greet
Answer: Yes

A: no_evident_not_easy_check-in
B: no_one_give_key_on_late_check-in
Answer: No

A: no_evident_not_great_quality
B: shampoo_seem_cheap_considering_hotel_cost
Answer: Yes

A: no_evident_not_great_quality
B: expensive_hotel
Answer: No

Now answer for this pair. Output ONLY the final line ""Answer: Yes"" or ""Answer: No"" — no other text.

A: no_evident_not_full_value_for_price
B: guesthouse_but_price_like_hotel
Answer:
","A: no_evident_not_full_value_for_price
B: guesthouse_but_price_like_hotel
Answer: Yes"
2026-08-10 23:20:22,2,329,no_evident_not_full_value_for_price,for_money_you_pay_you_get_one_small_water_bottle,"Task: decide if Proposition B contradicts Assumption A.

Steps:
1. A defends a claim (strip ""no_evident_not_"" / ""have_evident_"" to see it).
2. B states a fact.
3. Does B disprove A's claim? Same specific issue only, not just same topic.

Output pattern (always use this exact shape):
A: <phrase>
B: <phrase>
Answer: Yes/No

Examples:

A: no_evident_not_easy_check-in
B: customer_wait_10_minute_for_greet
Answer: Yes

A: no_evident_not_easy_check-in
B: no_one_give_key_on_late_check-in
Answer: No

A: no_evident_not_great_quality
B: shampoo_seem_cheap_considering_hotel_cost
Answer: Yes

A: no_evident_not_great_quality
B: expensive_hotel
Answer: No

Now answer for this pair. Output ONLY the final line ""Answer: Yes"" or ""Answer: No"" — no other text.

A: no_evident_not_full_value_for_price
B: for_money_you_pay_you_get_one_small_water_bottle
Answer:
","A: no_evident_not_full_value_for_price
B: for_money_you_pay_you_get_one_small_water_bottle
Answer: Yes"
2026-08-10 23:20:22,2,330,no_evident_not_full_value_for_price,expensive_for_what_you_get,"Task: decide if Proposition B contradicts Assumption A.

Steps:
1. A defends a claim (strip ""no_evident_not_"" / ""have_evident_"" to see it).
2. B states a fact.
3. Does B disprove A's claim? Same specific issue only, not just same topic.

Output pattern (always use this exact shape):
A: <phrase>
B: <phrase>
Answer: Yes/No

Examples:

A: no_evident_not_easy_check-in
B: customer_wait_10_minute_for_greet
Answer: Yes

A: no_evident_not_easy_check-in
B: no_one_give_key_on_late_check-in
Answer: No

A: no_evident_not_great_quality
B: shampoo_seem_cheap_considering_hotel_cost
Answer: Yes

A: no_evident_not_great_quality
B: expensive_hotel
Answer: No

Now answer for this pair. Output ONLY the final line ""Answer: Yes"" or ""Answer: No"" — no other text.

A: no_evident_not_full_value_for_price
B: expensive_for_what_you_get
Answer:
","A: no_evident_not_full_value_for_price
B: expensive_for_what_you_get
Answer: Yes"
2026-08-10 23:20:23,2,331,no_evident_not_full_value_for_price,expensive_rate_for_what_offer,"Task: decide if Proposition B contradicts Assumption A.

Steps:
1. A defends a claim (strip ""no_evident_not_"" / ""have_evident_"" to see it).
2. B states a fact.
3. Does B disprove A's claim? Same specific issue only, not just same topic.

Output pattern (always use this exact shape):
A: <phrase>
B: <phrase>
Answer: Yes/No

Examples:

A: no_evident_not_easy_check-in
B: customer_wait_10_minute_for_greet
Answer: Yes

A: no_evident_not_easy_check-in
B: no_one_give_key_on_late_check-in
Answer: No

A: no_evident_not_great_quality
B: shampoo_seem_cheap_considering_hotel_cost
Answer: Yes

A: no_evident_not_great_quality
B: expensive_hotel
Answer: No

Now answer for this pair. Output ONLY the final line ""Answer: Yes"" or ""Answer: No"" — no other text.

A: no_evident_not_full_value_for_price
B: expensive_rate_for_what_offer
Answer:
","A: no_evident_not_full_value_for_price
B: expensive_rate_for_what_offer
Answer: Yes"
2026-08-10 23:20:23,2,332,no_evident_not_full_value_for_price,overpriced_for_facility,"Task: decide if Proposition B contradicts Assumption A.

Steps:
1. A defends a claim (strip ""no_evident_not_"" / ""have_evident_"" to see it).
2. B states a fact.
3. Does B disprove A's claim? Same specific issue only, not just same topic.

Output pattern (always use this exact shape):
A: <phrase>
B: <phrase>
Answer: Yes/No

Examples:

A: no_evident_not_easy_check-in
B: customer_wait_10_minute_for_greet
Answer: Yes

A: no_evident_not_easy_check-in
B: no_one_give_key_on_late_check-in
Answer: No

A: no_evident_not_great_quality
B: shampoo_seem_cheap_considering_hotel_cost
Answer: Yes

A: no_evident_not_great_quality
B: expensive_hotel
Answer: No

Now answer for this pair. Output ONLY the final line ""Answer: Yes"" or ""Answer: No"" — no other text.

A: no_evident_not_full_value_for_price
B: overpriced_for_facility
Answer:
","A: no_evident_not_full_value_for_price
B: overpriced_for_facility
Answer: Yes"
2026-08-10 23:20:23,2,333,no_evident_not_full_value_for_price,meal_not_include_in_price,"Task: decide if Proposition B contradicts Assumption A.

Steps:
1. A defends a claim (strip ""no_evident_not_"" / ""have_evident_"" to see it).
2. B states a fact.
3. Does B disprove A's claim? Same specific issue only, not just same topic.

Output pattern (always use this exact shape):
A: <phrase>
B: <phrase>
Answer: Yes/No

Examples:

A: no_evident_not_easy_check-in
B: customer_wait_10_minute_for_greet
Answer: Yes

A: no_evident_not_easy_check-in
B: no_one_give_key_on_late_check-in
Answer: No

A: no_evident_not_great_quality
B: shampoo_seem_cheap_considering_hotel_cost
Answer: Yes

A: no_evident_not_great_quality
B: expensive_hotel
Answer: No

Now answer for this pair. Output ONLY the final line ""Answer: Yes"" or ""Answer: No"" — no other text.

A: no_evident_not_full_value_for_price
B: meal_not_include_in_price
Answer:
","A: no_evident_not_full_value_for_price
B: meal_not_include_in_price
Answer: Yes"
2026-08-10 23:20:24,2,334,no_evident_not_full_value_for_price,high_price_for_not_enough_comfort_room,"Task: decide if Proposition B contradicts Assumption A.

Steps:
1. A defends a claim (strip ""no_evident_not_"" / ""have_evident_"" to see it).
2. B states a fact.
3. Does B disprove A's claim? Same specific issue only, not just same topic.

Output pattern (always use this exact shape):
A: <phrase>
B: <phrase>
Answer: Yes/No

Examples:

A: no_evident_not_easy_check-in
B: customer_wait_10_minute_for_greet
Answer: Yes

A: no_evident_not_easy_check-in
B: no_one_give_key_on_late_check-in
Answer: No

A: no_evident_not_great_quality
B: shampoo_seem_cheap_considering_hotel_cost
Answer: Yes

A: no_evident_not_great_quality
B: expensive_hotel
Answer: No

Now answer for this pair. Output ONLY the final line ""Answer: Yes"" or ""Answer: No"" — no other text.

A: no_evident_not_full_value_for_price
B: high_price_for_not_enough_comfort_room
Answer:
","A: no_evident_not_full_value_for_price
B: high_price_for_not_enough_comfort_room
Answer: Yes"
2026-08-10 23:20:24,2,335,no_evident_not_full_value_for_price,high_price_for_small_room,"Task: decide if Proposition B contradicts Assumption A.

Steps:
1. A defends a claim (strip ""no_evident_not_"" / ""have_evident_"" to see it).
2. B states a fact.
3. Does B disprove A's claim? Same specific issue only, not just same topic.

Output pattern (always use this exact shape):
A: <phrase>
B: <phrase>
Answer: Yes/No

Examples:

A: no_evident_not_easy_check-in
B: customer_wait_10_minute_for_greet
Answer: Yes

A: no_evident_not_easy_check-in
B: no_one_give_key_on_late_check-in
Answer: No

A: no_evident_not_great_quality
B: shampoo_seem_cheap_considering_hotel_cost
Answer: Yes

A: no_evident_not_great_quality
B: expensive_hotel
Answer: No

Now answer for this pair. Output ONLY the final line ""Answer: Yes"" or ""Answer: No"" — no other text.

A: no_evident_not_full_value_for_price
B: high_price_for_small_room
Answer:
","A: no_evident_not_full_value_for_price
B: high_price_for_small_room
Answer: Yes"
2026-08-10 23:20:24,2,336,no_evident_not_full_value_for_price,expensive_hotel,"Task: decide if Proposition B contradicts Assumption A.

Steps:
1. A defends a claim (strip ""no_evident_not_"" / ""have_evident_"" to see it).
2. B states a fact.
3. Does B disprove A's claim? Same specific issue only, not just same topic.

Output pattern (always use this exact shape):
A: <phrase>
B: <phrase>
Answer: Yes/No

Examples:

A: no_evident_not_easy_check-in
B: customer_wait_10_minute_for_greet
Answer: Yes

A: no_evident_not_easy_check-in
B: no_one_give_key_on_late_check-in
Answer: No

A: no_evident_not_great_quality
B: shampoo_seem_cheap_considering_hotel_cost
Answer: Yes

A: no_evident_not_great_quality
B: expensive_hotel
Answer: No

Now answer for this pair. Output ONLY the final line ""Answer: Yes"" or ""Answer: No"" — no other text.

A: no_evident_not_full_value_for_price
B: expensive_hotel
Answer:
",Answer: No
2026-08-10 23:20:25,2,337,no_evident_not_full_value_for_price,expensive_for_average_hotel,"Task: decide if Proposition B contradicts Assumption A.

Steps:
1. A defends a claim (strip ""no_evident_not_"" / ""have_evident_"" to see it).
2. B states a fact.
3. Does B disprove A's claim? Same specific issue only, not just same topic.

Output pattern (always use this exact shape):
A: <phrase>
B: <phrase>
Answer: Yes/No

Examples:

A: no_evident_not_easy_check-in
B: customer_wait_10_minute_for_greet
Answer: Yes

A: no_evident_not_easy_check-in
B: no_one_give_key_on_late_check-in
Answer: No

A: no_evident_not_great_quality
B: shampoo_seem_cheap_considering_hotel_cost
Answer: Yes

A: no_evident_not_great_quality
B: expensive_hotel
Answer: No

Now answer for this pair. Output ONLY the final line ""Answer: Yes"" or ""Answer: No"" — no other text.

A: no_evident_not_full_value_for_price
B: expensive_for_average_hotel
Answer:
","A: no_evident_not_full_value_for_price
B: expensive_for_average_hotel
Answer: Yes"
2026-08-10 23:20:25,2,338,no_evident_not_full_value_for_price,expensive_for_3_star_hotel,"Task: decide if Proposition B contradicts Assumption A.

Steps:
1. A defends a claim (strip ""no_evident_not_"" / ""have_evident_"" to see it).
2. B states a fact.
3. Does B disprove A's claim? Same specific issue only, not just same topic.

Output pattern (always use this exact shape):
A: <phrase>
B: <phrase>
Answer: Yes/No

Examples:

A: no_evident_not_easy_check-in
B: customer_wait_10_minute_for_greet
Answer: Yes

A: no_evident_not_easy_check-in
B: no_one_give_key_on_late_check-in
Answer: No

A: no_evident_not_great_quality
B: shampoo_seem_cheap_considering_hotel_cost
Answer: Yes

A: no_evident_not_great_quality
B: expensive_hotel
Answer: No

Now answer for this pair. Output ONLY the final line ""Answer: Yes"" or ""Answer: No"" — no other text.

A: no_evident_not_full_value_for_price
B: expensive_for_3_star_hotel
Answer:
","A: no_evident_not_full_value_for_price
B: expensive_for_3_star_hotel
Answer: Yes"
2026-08-10 23:20:25,2,339,no_evident_not_good_value_for_price,unlabeled_shampoo_dispenser_for_this_price,"Task: decide if Proposition B contradicts Assumption A.

Steps:
1. A defends a claim (strip ""no_evident_not_"" / ""have_evident_"" to see it).
2. B states a fact.
3. Does B disprove A's claim? Same specific issue only, not just same topic.

Output pattern (always use this exact shape):
A: <phrase>
B: <phrase>
Answer: Yes/No

Examples:

A: no_evident_not_easy_check-in
B: customer_wait_10_minute_for_greet
Answer: Yes

A: no_evident_not_easy_check-in
B: no_one_give_key_on_late_check-in
Answer: No

A: no_evident_not_great_quality
B: shampoo_seem_cheap_considering_hotel_cost
Answer: Yes

A: no_evident_not_great_quality
B: expensive_hotel
Answer: No

Now answer for this pair. Output ONLY the final line ""Answer: Yes"" or ""Answer: No"" — no other text.

A: no_evident_not_good_value_for_price
B: unlabeled_shampoo_dispenser_for_this_price
Answer:
","A: no_evident_not_good_value_for_price
B: unlabeled_shampoo_dispenser_for_this_price
Answer: Yes"
2026-08-10 23:20:25,2,340,no_evident_not_good_value_for_price,shampoo_seem_cheap_considering_hotel_cost,"Task: decide if Proposition B contradicts Assumption A.

Steps:
1. A defends a claim (strip ""no_evident_not_"" / ""have_evident_"" to see it).
2. B states a fact.
3. Does B disprove A's claim? Same specific issue only, not just same topic.

Output pattern (always use this exact shape):
A: <phrase>
B: <phrase>
Answer: Yes/No

Examples:

A: no_evident_not_easy_check-in
B: customer_wait_10_minute_for_greet
Answer: Yes

A: no_evident_not_easy_check-in
B: no_one_give_key_on_late_check-in
Answer: No

A: no_evident_not_great_quality
B: shampoo_seem_cheap_considering_hotel_cost
Answer: Yes

A: no_evident_not_great_quality
B: expensive_hotel
Answer: No

Now answer for this pair. Output ONLY the final line ""Answer: Yes"" or ""Answer: No"" — no other text.

A: no_evident_not_good_value_for_price
B: shampoo_seem_cheap_considering_hotel_cost
Answer:
",Answer: Yes
2026-08-10 23:20:26,2,341,no_evident_not_good_value_for_price,guesthouse_but_price_like_hotel,"Task: decide if Proposition B contradicts Assumption A.

Steps:
1. A defends a claim (strip ""no_evident_not_"" / ""have_evident_"" to see it).
2. B states a fact.
3. Does B disprove A's claim? Same specific issue only, not just same topic.

Output pattern (always use this exact shape):
A: <phrase>
B: <phrase>
Answer: Yes/No

Examples:

A: no_evident_not_easy_check-in
B: customer_wait_10_minute_for_greet
Answer: Yes

A: no_evident_not_easy_check-in
B: no_one_give_key_on_late_check-in
Answer: No

A: no_evident_not_great_quality
B: shampoo_seem_cheap_considering_hotel_cost
Answer: Yes

A: no_evident_not_great_quality
B: expensive_hotel
Answer: No

Now answer for this pair. Output ONLY the final line ""Answer: Yes"" or ""Answer: No"" — no other text.

A: no_evident_not_good_value_for_price
B: guesthouse_but_price_like_hotel
Answer:
","A: no_evident_not_good_value_for_price
B: guesthouse_but_price_like_hotel
Answer: Yes"
2026-08-10 23:20:26,2,342,no_evident_not_good_value_for_price,for_money_you_pay_you_get_one_small_water_bottle,"Task: decide if Proposition B contradicts Assumption A.

Steps:
1. A defends a claim (strip ""no_evident_not_"" / ""have_evident_"" to see it).
2. B states a fact.
3. Does B disprove A's claim? Same specific issue only, not just same topic.

Output pattern (always use this exact shape):
A: <phrase>
B: <phrase>
Answer: Yes/No

Examples:

A: no_evident_not_easy_check-in
B: customer_wait_10_minute_for_greet
Answer: Yes

A: no_evident_not_easy_check-in
B: no_one_give_key_on_late_check-in
Answer: No

A: no_evident_not_great_quality
B: shampoo_seem_cheap_considering_hotel_cost
Answer: Yes

A: no_evident_not_great_quality
B: expensive_hotel
Answer: No

Now answer for this pair. Output ONLY the final line ""Answer: Yes"" or ""Answer: No"" — no other text.

A: no_evident_not_good_value_for_price
B: for_money_you_pay_you_get_one_small_water_bottle
Answer:
","A: no_evident_not_good_value_for_price
B: for_money_you_pay_you_get_one_small_water_bottle
Answer: Yes"
2026-08-10 23:20:27,2,343,no_evident_not_good_value_for_price,expensive_for_what_you_get,"Task: decide if Proposition B contradicts Assumption A.

Steps:
1. A defends a claim (strip ""no_evident_not_"" / ""have_evident_"" to see it).
2. B states a fact.
3. Does B disprove A's claim? Same specific issue only, not just same topic.

Output pattern (always use this exact shape):
A: <phrase>
B: <phrase>
Answer: Yes/No

Examples:

A: no_evident_not_easy_check-in
B: customer_wait_10_minute_for_greet
Answer: Yes

A: no_evident_not_easy_check-in
B: no_one_give_key_on_late_check-in
Answer: No

A: no_evident_not_great_quality
B: shampoo_seem_cheap_considering_hotel_cost
Answer: Yes

A: no_evident_not_great_quality
B: expensive_hotel
Answer: No

Now answer for this pair. Output ONLY the final line ""Answer: Yes"" or ""Answer: No"" — no other text.

A: no_evident_not_good_value_for_price
B: expensive_for_what_you_get
Answer:
","A: no_evident_not_good_value_for_price
B: expensive_for_what_you_get
Answer: Yes"
2026-08-10 23:20:27,2,344,no_evident_not_good_value_for_price,expensive_rate_for_what_offer,"Task: decide if Proposition B contradicts Assumption A.

Steps:
1. A defends a claim (strip ""no_evident_not_"" / ""have_evident_"" to see it).
2. B states a fact.
3. Does B disprove A's claim? Same specific issue only, not just same topic.

Output pattern (always use this exact shape):
A: <phrase>
B: <phrase>
Answer: Yes/No

Examples:

A: no_evident_not_easy_check-in
B: customer_wait_10_minute_for_greet
Answer: Yes

A: no_evident_not_easy_check-in
B: no_one_give_key_on_late_check-in
Answer: No

A: no_evident_not_great_quality
B: shampoo_seem_cheap_considering_hotel_cost
Answer: Yes

A: no_evident_not_great_quality
B: expensive_hotel
Answer: No

Now answer for this pair. Output ONLY the final line ""Answer: Yes"" or ""Answer: No"" — no other text.

A: no_evident_not_good_value_for_price
B: expensive_rate_for_what_offer
Answer:
","A: no_evident_not_good_value_for_price
B: expensive_rate_for_what_offer
Answer: Yes"
2026-08-10 23:20:27,2,345,no_evident_not_good_value_for_price,overpriced_for_facility,"Task: decide if Proposition B contradicts Assumption A.

Steps:
1. A defends a claim (strip ""no_evident_not_"" / ""have_evident_"" to see it).
2. B states a fact.
3. Does B disprove A's claim? Same specific issue only, not just same topic.

Output pattern (always use this exact shape):
A: <phrase>
B: <phrase>
Answer: Yes/No

Examples:

A: no_evident_not_easy_check-in
B: customer_wait_10_minute_for_greet
Answer: Yes

A: no_evident_not_easy_check-in
B: no_one_give_key_on_late_check-in
Answer: No

A: no_evident_not_great_quality
B: shampoo_seem_cheap_considering_hotel_cost
Answer: Yes

A: no_evident_not_great_quality
B: expensive_hotel
Answer: No

Now answer for this pair. Output ONLY the final line ""Answer: Yes"" or ""Answer: No"" — no other text.

A: no_evident_not_good_value_for_price
B: overpriced_for_facility
Answer:
","A: no_evident_not_good_value_for_price
B: overpriced_for_facility
Answer: Yes"
2026-08-10 23:20:28,2,346,no_evident_not_good_value_for_price,meal_not_include_in_price,"Task: decide if Proposition B contradicts Assumption A.

Steps:
1. A defends a claim (strip ""no_evident_not_"" / ""have_evident_"" to see it).
2. B states a fact.
3. Does B disprove A's claim? Same specific issue only, not just same topic.

Output pattern (always use this exact shape):
A: <phrase>
B: <phrase>
Answer: Yes/No

Examples:

A: no_evident_not_easy_check-in
B: customer_wait_10_minute_for_greet
Answer: Yes

A: no_evident_not_easy_check-in
B: no_one_give_key_on_late_check-in
Answer: No

A: no_evident_not_great_quality
B: shampoo_seem_cheap_considering_hotel_cost
Answer: Yes

A: no_evident_not_great_quality
B: expensive_hotel
Answer: No

Now answer for this pair. Output ONLY the final line ""Answer: Yes"" or ""Answer: No"" — no other text.

A: no_evident_not_good_value_for_price
B: meal_not_include_in_price
Answer:
","A: no_evident_not_good_value_for_price
B: meal_not_include_in_price
Answer: Yes"
2026-08-10 23:20:28,2,347,no_evident_not_good_value_for_price,high_price_for_not_enough_comfort_room,"Task: decide if Proposition B contradicts Assumption A.

Steps:
1. A defends a claim (strip ""no_evident_not_"" / ""have_evident_"" to see it).
2. B states a fact.
3. Does B disprove A's claim? Same specific issue only, not just same topic.

Output pattern (always use this exact shape):
A: <phrase>
B: <phrase>
Answer: Yes/No

Examples:

A: no_evident_not_easy_check-in
B: customer_wait_10_minute_for_greet
Answer: Yes

A: no_evident_not_easy_check-in
B: no_one_give_key_on_late_check-in
Answer: No

A: no_evident_not_great_quality
B: shampoo_seem_cheap_considering_hotel_cost
Answer: Yes

A: no_evident_not_great_quality
B: expensive_hotel
Answer: No

Now answer for this pair. Output ONLY the final line ""Answer: Yes"" or ""Answer: No"" — no other text.

A: no_evident_not_good_value_for_price
B: high_price_for_not_enough_comfort_room
Answer:
","A: no_evident_not_good_value_for_price
B: high_price_for_not_enough_comfort_room
Answer: Yes"
2026-08-10 23:20:28,2,348,no_evident_not_good_value_for_price,high_price_for_small_room,"Task: decide if Proposition B contradicts Assumption A.

Steps:
1. A defends a claim (strip ""no_evident_not_"" / ""have_evident_"" to see it).
2. B states a fact.
3. Does B disprove A's claim? Same specific issue only, not just same topic.

Output pattern (always use this exact shape):
A: <phrase>
B: <phrase>
Answer: Yes/No

Examples:

A: no_evident_not_easy_check-in
B: customer_wait_10_minute_for_greet
Answer: Yes

A: no_evident_not_easy_check-in
B: no_one_give_key_on_late_check-in
Answer: No

A: no_evident_not_great_quality
B: shampoo_seem_cheap_considering_hotel_cost
Answer: Yes

A: no_evident_not_great_quality
B: expensive_hotel
Answer: No

Now answer for this pair. Output ONLY the final line ""Answer: Yes"" or ""Answer: No"" — no other text.

A: no_evident_not_good_value_for_price
B: high_price_for_small_room
Answer:
","A: no_evident_not_good_value_for_price
B: high_price_for_small_room
Answer: Yes"
2026-08-10 23:20:28,2,349,no_evident_not_good_value_for_price,expensive_hotel,"Task: decide if Proposition B contradicts Assumption A.

Steps:
1. A defends a claim (strip ""no_evident_not_"" / ""have_evident_"" to see it).
2. B states a fact.
3. Does B disprove A's claim? Same specific issue only, not just same topic.

Output pattern (always use this exact shape):
A: <phrase>
B: <phrase>
Answer: Yes/No

Examples:

A: no_evident_not_easy_check-in
B: customer_wait_10_minute_for_greet
Answer: Yes

A: no_evident_not_easy_check-in
B: no_one_give_key_on_late_check-in
Answer: No

A: no_evident_not_great_quality
B: shampoo_seem_cheap_considering_hotel_cost
Answer: Yes

A: no_evident_not_great_quality
B: expensive_hotel
Answer: No

Now answer for this pair. Output ONLY the final line ""Answer: Yes"" or ""Answer: No"" — no other text.

A: no_evident_not_good_value_for_price
B: expensive_hotel
Answer:
",Answer: Yes
2026-08-10 23:20:29,2,350,no_evident_not_good_value_for_price,expensive_for_average_hotel,"Task: decide if Proposition B contradicts Assumption A.

Steps:
1. A defends a claim (strip ""no_evident_not_"" / ""have_evident_"" to see it).
2. B states a fact.
3. Does B disprove A's claim? Same specific issue only, not just same topic.

Output pattern (always use this exact shape):
A: <phrase>
B: <phrase>
Answer: Yes/No

Examples:

A: no_evident_not_easy_check-in
B: customer_wait_10_minute_for_greet
Answer: Yes

A: no_evident_not_easy_check-in
B: no_one_give_key_on_late_check-in
Answer: No

A: no_evident_not_great_quality
B: shampoo_seem_cheap_considering_hotel_cost
Answer: Yes

A: no_evident_not_great_quality
B: expensive_hotel
Answer: No

Now answer for this pair. Output ONLY the final line ""Answer: Yes"" or ""Answer: No"" — no other text.

A: no_evident_not_good_value_for_price
B: expensive_for_average_hotel
Answer:
","A: no_evident_not_good_value_for_price
B: expensive_for_average_hotel
Answer: Yes"
2026-08-10 23:20:29,2,351,no_evident_not_good_value_for_price,expensive_for_3_star_hotel,"Task: decide if Proposition B contradicts Assumption A.

Steps:
1. A defends a claim (strip ""no_evident_not_"" / ""have_evident_"" to see it).
2. B states a fact.
3. Does B disprove A's claim? Same specific issue only, not just same topic.

Output pattern (always use this exact shape):
A: <phrase>
B: <phrase>
Answer: Yes/No

Examples:

A: no_evident_not_easy_check-in
B: customer_wait_10_minute_for_greet
Answer: Yes

A: no_evident_not_easy_check-in
B: no_one_give_key_on_late_check-in
Answer: No

A: no_evident_not_great_quality
B: shampoo_seem_cheap_considering_hotel_cost
Answer: Yes

A: no_evident_not_great_quality
B: expensive_hotel
Answer: No

Now answer for this pair. Output ONLY the final line ""Answer: Yes"" or ""Answer: No"" — no other text.

A: no_evident_not_good_value_for_price
B: expensive_for_3_star_hotel
Answer:
","A: no_evident_not_good_value_for_price
B: expensive_for_3_star_hotel
Answer: Yes"
2026-08-10 23:20:30,2,352,no_evident_not_undervalue_establishment,unlabeled_shampoo_dispenser_for_this_price,"Task: decide if Proposition B contradicts Assumption A.

Steps:
1. A defends a claim (strip ""no_evident_not_"" / ""have_evident_"" to see it).
2. B states a fact.
3. Does B disprove A's claim? Same specific issue only, not just same topic.

Output pattern (always use this exact shape):
A: <phrase>
B: <phrase>
Answer: Yes/No

Examples:

A: no_evident_not_easy_check-in
B: customer_wait_10_minute_for_greet
Answer: Yes

A: no_evident_not_easy_check-in
B: no_one_give_key_on_late_check-in
Answer: No

A: no_evident_not_great_quality
B: shampoo_seem_cheap_considering_hotel_cost
Answer: Yes

A: no_evident_not_great_quality
B: expensive_hotel
Answer: No

Now answer for this pair. Output ONLY the final line ""Answer: Yes"" or ""Answer: No"" — no other text.

A: no_evident_not_undervalue_establishment
B: unlabeled_shampoo_dispenser_for_this_price
Answer:
","A: no_evident_not_undervalue_establishment
B: unlabeled_shampoo_dispenser_for_this_price
Answer: Yes"
2026-08-10 23:20:30,2,353,no_evident_not_undervalue_establishment,shampoo_seem_cheap_considering_hotel_cost,"Task: decide if Proposition B contradicts Assumption A.

Steps:
1. A defends a claim (strip ""no_evident_not_"" / ""have_evident_"" to see it).
2. B states a fact.
3. Does B disprove A's claim? Same specific issue only, not just same topic.

Output pattern (always use this exact shape):
A: <phrase>
B: <phrase>
Answer: Yes/No

Examples:

A: no_evident_not_easy_check-in
B: customer_wait_10_minute_for_greet
Answer: Yes

A: no_evident_not_easy_check-in
B: no_one_give_key_on_late_check-in
Answer: No

A: no_evident_not_great_quality
B: shampoo_seem_cheap_considering_hotel_cost
Answer: Yes

A: no_evident_not_great_quality
B: expensive_hotel
Answer: No

Now answer for this pair. Output ONLY the final line ""Answer: Yes"" or ""Answer: No"" — no other text.

A: no_evident_not_undervalue_establishment
B: shampoo_seem_cheap_considering_hotel_cost
Answer:
","A: no_evident_not_undervalue_establishment
B: shampoo_seem_cheap_considering_hotel_cost
Answer: Yes"
2026-08-10 23:20:30,2,354,no_evident_not_undervalue_establishment,guesthouse_but_price_like_hotel,"Task: decide if Proposition B contradicts Assumption A.

Steps:
1. A defends a claim (strip ""no_evident_not_"" / ""have_evident_"" to see it).
2. B states a fact.
3. Does B disprove A's claim? Same specific issue only, not just same topic.

Output pattern (always use this exact shape):
A: <phrase>
B: <phrase>
Answer: Yes/No

Examples:

A: no_evident_not_easy_check-in
B: customer_wait_10_minute_for_greet
Answer: Yes

A: no_evident_not_easy_check-in
B: no_one_give_key_on_late_check-in
Answer: No

A: no_evident_not_great_quality
B: shampoo_seem_cheap_considering_hotel_cost
Answer: Yes

A: no_evident_not_great_quality
B: expensive_hotel
Answer: No

Now answer for this pair. Output ONLY the final line ""Answer: Yes"" or ""Answer: No"" — no other text.

A: no_evident_not_undervalue_establishment
B: guesthouse_but_price_like_hotel
Answer:
","A: no_evident_not_undervalue_establishment
B: guesthouse_but_price_like_hotel
Answer: Yes"
2026-08-10 23:20:31,2,355,no_evident_not_undervalue_establishment,for_money_you_pay_you_get_one_small_water_bottle,"Task: decide if Proposition B contradicts Assumption A.

Steps:
1. A defends a claim (strip ""no_evident_not_"" / ""have_evident_"" to see it).
2. B states a fact.
3. Does B disprove A's claim? Same specific issue only, not just same topic.

Output pattern (always use this exact shape):
A: <phrase>
B: <phrase>
Answer: Yes/No

Examples:

A: no_evident_not_easy_check-in
B: customer_wait_10_minute_for_greet
Answer: Yes

A: no_evident_not_easy_check-in
B: no_one_give_key_on_late_check-in
Answer: No

A: no_evident_not_great_quality
B: shampoo_seem_cheap_considering_hotel_cost
Answer: Yes

A: no_evident_not_great_quality
B: expensive_hotel
Answer: No

Now answer for this pair. Output ONLY the final line ""Answer: Yes"" or ""Answer: No"" — no other text.

A: no_evident_not_undervalue_establishment
B: for_money_you_pay_you_get_one_small_water_bottle
Answer:
","A: no_evident_not_undervalue_establishment
B: for_money_you_pay_you_get_one_small_water_bottle
Answer: Yes"
2026-08-10 23:20:31,2,356,no_evident_not_undervalue_establishment,expensive_for_what_you_get,"Task: decide if Proposition B contradicts Assumption A.

Steps:
1. A defends a claim (strip ""no_evident_not_"" / ""have_evident_"" to see it).
2. B states a fact.
3. Does B disprove A's claim? Same specific issue only, not just same topic.

Output pattern (always use this exact shape):
A: <phrase>
B: <phrase>
Answer: Yes/No

Examples:

A: no_evident_not_easy_check-in
B: customer_wait_10_minute_for_greet
Answer: Yes

A: no_evident_not_easy_check-in
B: no_one_give_key_on_late_check-in
Answer: No

A: no_evident_not_great_quality
B: shampoo_seem_cheap_considering_hotel_cost
Answer: Yes

A: no_evident_not_great_quality
B: expensive_hotel
Answer: No

Now answer for this pair. Output ONLY the final line ""Answer: Yes"" or ""Answer: No"" — no other text.

A: no_evident_not_undervalue_establishment
B: expensive_for_what_you_get
Answer:
","A: no_evident_not_undervalue_establishment
B: expensive_for_what_you_get
Answer: Yes"
2026-08-10 23:20:32,2,357,no_evident_not_undervalue_establishment,expensive_rate_for_what_offer,"Task: decide if Proposition B contradicts Assumption A.

Steps:
1. A defends a claim (strip ""no_evident_not_"" / ""have_evident_"" to see it).
2. B states a fact.
3. Does B disprove A's claim? Same specific issue only, not just same topic.

Output pattern (always use this exact shape):
A: <phrase>
B: <phrase>
Answer: Yes/No

Examples:

A: no_evident_not_easy_check-in
B: customer_wait_10_minute_for_greet
Answer: Yes

A: no_evident_not_easy_check-in
B: no_one_give_key_on_late_check-in
Answer: No

A: no_evident_not_great_quality
B: shampoo_seem_cheap_considering_hotel_cost
Answer: Yes

A: no_evident_not_great_quality
B: expensive_hotel
Answer: No

Now answer for this pair. Output ONLY the final line ""Answer: Yes"" or ""Answer: No"" — no other text.

A: no_evident_not_undervalue_establishment
B: expensive_rate_for_what_offer
Answer:
","A: no_evident_not_undervalue_establishment
B: expensive_rate_for_what_offer
Answer: Yes"
2026-08-10 23:20:32,2,358,no_evident_not_undervalue_establishment,overpriced_for_facility,"Task: decide if Proposition B contradicts Assumption A.

Steps:
1. A defends a claim (strip ""no_evident_not_"" / ""have_evident_"" to see it).
2. B states a fact.
3. Does B disprove A's claim? Same specific issue only, not just same topic.

Output pattern (always use this exact shape):
A: <phrase>
B: <phrase>
Answer: Yes/No

Examples:

A: no_evident_not_easy_check-in
B: customer_wait_10_minute_for_greet
Answer: Yes

A: no_evident_not_easy_check-in
B: no_one_give_key_on_late_check-in
Answer: No

A: no_evident_not_great_quality
B: shampoo_seem_cheap_considering_hotel_cost
Answer: Yes

A: no_evident_not_great_quality
B: expensive_hotel
Answer: No

Now answer for this pair. Output ONLY the final line ""Answer: Yes"" or ""Answer: No"" — no other text.

A: no_evident_not_undervalue_establishment
B: overpriced_for_facility
Answer:
","A: no_evident_not_undervalue_establishment
B: overpriced_for_facility
Answer: Yes"
2026-08-10 23:20:33,2,359,no_evident_not_undervalue_establishment,meal_not_include_in_price,"Task: decide if Proposition B contradicts Assumption A.

Steps:
1. A defends a claim (strip ""no_evident_not_"" / ""have_evident_"" to see it).
2. B states a fact.
3. Does B disprove A's claim? Same specific issue only, not just same topic.

Output pattern (always use this exact shape):
A: <phrase>
B: <phrase>
Answer: Yes/No

Examples:

A: no_evident_not_easy_check-in
B: customer_wait_10_minute_for_greet
Answer: Yes

A: no_evident_not_easy_check-in
B: no_one_give_key_on_late_check-in
Answer: No

A: no_evident_not_great_quality
B: shampoo_seem_cheap_considering_hotel_cost
Answer: Yes

A: no_evident_not_great_quality
B: expensive_hotel
Answer: No

Now answer for this pair. Output ONLY the final line ""Answer: Yes"" or ""Answer: No"" — no other text.

A: no_evident_not_undervalue_establishment
B: meal_not_include_in_price
Answer:
","A: no_evident_not_undervalue_establishment
B: meal_not_include_in_price
Answer: Yes"
2026-08-10 23:20:33,2,360,no_evident_not_undervalue_establishment,high_price_for_not_enough_comfort_room,"Task: decide if Proposition B contradicts Assumption A.

Steps:
1. A defends a claim (strip ""no_evident_not_"" / ""have_evident_"" to see it).
2. B states a fact.
3. Does B disprove A's claim? Same specific issue only, not just same topic.

Output pattern (always use this exact shape):
A: <phrase>
B: <phrase>
Answer: Yes/No

Examples:

A: no_evident_not_easy_check-in
B: customer_wait_10_minute_for_greet
Answer: Yes

A: no_evident_not_easy_check-in
B: no_one_give_key_on_late_check-in
Answer: No

A: no_evident_not_great_quality
B: shampoo_seem_cheap_considering_hotel_cost
Answer: Yes

A: no_evident_not_great_quality
B: expensive_hotel
Answer: No

Now answer for this pair. Output ONLY the final line ""Answer: Yes"" or ""Answer: No"" — no other text.

A: no_evident_not_undervalue_establishment
B: high_price_for_not_enough_comfort_room
Answer:
","A: no_evident_not_undervalue_establishment
B: high_price_for_not_enough_comfort_room
Answer: Yes"
2026-08-10 23:20:33,2,361,no_evident_not_undervalue_establishment,high_price_for_small_room,"Task: decide if Proposition B contradicts Assumption A.

Steps:
1. A defends a claim (strip ""no_evident_not_"" / ""have_evident_"" to see it).
2. B states a fact.
3. Does B disprove A's claim? Same specific issue only, not just same topic.

Output pattern (always use this exact shape):
A: <phrase>
B: <phrase>
Answer: Yes/No

Examples:

A: no_evident_not_easy_check-in
B: customer_wait_10_minute_for_greet
Answer: Yes

A: no_evident_not_easy_check-in
B: no_one_give_key_on_late_check-in
Answer: No

A: no_evident_not_great_quality
B: shampoo_seem_cheap_considering_hotel_cost
Answer: Yes

A: no_evident_not_great_quality
B: expensive_hotel
Answer: No

Now answer for this pair. Output ONLY the final line ""Answer: Yes"" or ""Answer: No"" — no other text.

A: no_evident_not_undervalue_establishment
B: high_price_for_small_room
Answer:
","A: no_evident_not_undervalue_establishment
B: high_price_for_small_room
Answer: Yes"
2026-08-10 23:20:33,2,362,no_evident_not_undervalue_establishment,expensive_hotel,"Task: decide if Proposition B contradicts Assumption A.

Steps:
1. A defends a claim (strip ""no_evident_not_"" / ""have_evident_"" to see it).
2. B states a fact.
3. Does B disprove A's claim? Same specific issue only, not just same topic.

Output pattern (always use this exact shape):
A: <phrase>
B: <phrase>
Answer: Yes/No

Examples:

A: no_evident_not_easy_check-in
B: customer_wait_10_minute_for_greet
Answer: Yes

A: no_evident_not_easy_check-in
B: no_one_give_key_on_late_check-in
Answer: No

A: no_evident_not_great_quality
B: shampoo_seem_cheap_considering_hotel_cost
Answer: Yes

A: no_evident_not_great_quality
B: expensive_hotel
Answer: No

Now answer for this pair. Output ONLY the final line ""Answer: Yes"" or ""Answer: No"" — no other text.

A: no_evident_not_undervalue_establishment
B: expensive_hotel
Answer:
",Answer: Yes
2026-08-10 23:20:34,2,363,no_evident_not_undervalue_establishment,expensive_for_average_hotel,"Task: decide if Proposition B contradicts Assumption A.

Steps:
1. A defends a claim (strip ""no_evident_not_"" / ""have_evident_"" to see it).
2. B states a fact.
3. Does B disprove A's claim? Same specific issue only, not just same topic.

Output pattern (always use this exact shape):
A: <phrase>
B: <phrase>
Answer: Yes/No

Examples:

A: no_evident_not_easy_check-in
B: customer_wait_10_minute_for_greet
Answer: Yes

A: no_evident_not_easy_check-in
B: no_one_give_key_on_late_check-in
Answer: No

A: no_evident_not_great_quality
B: shampoo_seem_cheap_considering_hotel_cost
Answer: Yes

A: no_evident_not_great_quality
B: expensive_hotel
Answer: No

Now answer for this pair. Output ONLY the final line ""Answer: Yes"" or ""Answer: No"" — no other text.

A: no_evident_not_undervalue_establishment
B: expensive_for_average_hotel
Answer:
","A: no_evident_not_undervalue_establishment
B: expensive_for_average_hotel
Answer: Yes"
2026-08-10 23:20:34,2,364,no_evident_not_undervalue_establishment,expensive_for_3_star_hotel,"Task: decide if Proposition B contradicts Assumption A.

Steps:
1. A defends a claim (strip ""no_evident_not_"" / ""have_evident_"" to see it).
2. B states a fact.
3. Does B disprove A's claim? Same specific issue only, not just same topic.

Output pattern (always use this exact shape):
A: <phrase>
B: <phrase>
Answer: Yes/No

Examples:

A: no_evident_not_easy_check-in
B: customer_wait_10_minute_for_greet
Answer: Yes

A: no_evident_not_easy_check-in
B: no_one_give_key_on_late_check-in
Answer: No

A: no_evident_not_great_quality
B: shampoo_seem_cheap_considering_hotel_cost
Answer: Yes

A: no_evident_not_great_quality
B: expensive_hotel
Answer: No

Now answer for this pair. Output ONLY the final line ""Answer: Yes"" or ""Answer: No"" — no other text.

A: no_evident_not_undervalue_establishment
B: expensive_for_3_star_hotel
Answer:
","A: no_evident_not_undervalue_establishment
B: expensive_for_3_star_hotel
Answer: Yes"
2026-08-10 23:20:35,2,365,no_evident_not_cheap_room,unlabeled_shampoo_dispenser_for_this_price,"Task: decide if Proposition B contradicts Assumption A.

Steps:
1. A defends a claim (strip ""no_evident_not_"" / ""have_evident_"" to see it).
2. B states a fact.
3. Does B disprove A's claim? Same specific issue only, not just same topic.

Output pattern (always use this exact shape):
A: <phrase>
B: <phrase>
Answer: Yes/No

Examples:

A: no_evident_not_easy_check-in
B: customer_wait_10_minute_for_greet
Answer: Yes

A: no_evident_not_easy_check-in
B: no_one_give_key_on_late_check-in
Answer: No

A: no_evident_not_great_quality
B: shampoo_seem_cheap_considering_hotel_cost
Answer: Yes

A: no_evident_not_great_quality
B: expensive_hotel
Answer: No

Now answer for this pair. Output ONLY the final line ""Answer: Yes"" or ""Answer: No"" — no other text.

A: no_evident_not_cheap_room
B: unlabeled_shampoo_dispenser_for_this_price
Answer:
","A: no_evident_not_cheap_room
B: unlabeled_shampoo_dispenser_for_this_price
Answer: Yes"
2026-08-10 23:20:35,2,366,no_evident_not_cheap_room,shampoo_seem_cheap_considering_hotel_cost,"Task: decide if Proposition B contradicts Assumption A.

Steps:
1. A defends a claim (strip ""no_evident_not_"" / ""have_evident_"" to see it).
2. B states a fact.
3. Does B disprove A's claim? Same specific issue only, not just same topic.

Output pattern (always use this exact shape):
A: <phrase>
B: <phrase>
Answer: Yes/No

Examples:

A: no_evident_not_easy_check-in
B: customer_wait_10_minute_for_greet
Answer: Yes

A: no_evident_not_easy_check-in
B: no_one_give_key_on_late_check-in
Answer: No

A: no_evident_not_great_quality
B: shampoo_seem_cheap_considering_hotel_cost
Answer: Yes

A: no_evident_not_great_quality
B: expensive_hotel
Answer: No

Now answer for this pair. Output ONLY the final line ""Answer: Yes"" or ""Answer: No"" — no other text.

A: no_evident_not_cheap_room
B: shampoo_seem_cheap_considering_hotel_cost
Answer:
",Answer: Yes
2026-08-10 23:20:35,2,367,no_evident_not_cheap_room,guesthouse_but_price_like_hotel,"Task: decide if Proposition B contradicts Assumption A.

Steps:
1. A defends a claim (strip ""no_evident_not_"" / ""have_evident_"" to see it).
2. B states a fact.
3. Does B disprove A's claim? Same specific issue only, not just same topic.

Output pattern (always use this exact shape):
A: <phrase>
B: <phrase>
Answer: Yes/No

Examples:

A: no_evident_not_easy_check-in
B: customer_wait_10_minute_for_greet
Answer: Yes

A: no_evident_not_easy_check-in
B: no_one_give_key_on_late_check-in
Answer: No

A: no_evident_not_great_quality
B: shampoo_seem_cheap_considering_hotel_cost
Answer: Yes

A: no_evident_not_great_quality
B: expensive_hotel
Answer: No

Now answer for this pair. Output ONLY the final line ""Answer: Yes"" or ""Answer: No"" — no other text.

A: no_evident_not_cheap_room
B: guesthouse_but_price_like_hotel
Answer:
","A: no_evident_not_cheap_room
B: guesthouse_but_price_like_hotel
Answer: Yes"
2026-08-10 23:20:35,2,368,no_evident_not_cheap_room,for_money_you_pay_you_get_one_small_water_bottle,"Task: decide if Proposition B contradicts Assumption A.

Steps:
1. A defends a claim (strip ""no_evident_not_"" / ""have_evident_"" to see it).
2. B states a fact.
3. Does B disprove A's claim? Same specific issue only, not just same topic.

Output pattern (always use this exact shape):
A: <phrase>
B: <phrase>
Answer: Yes/No

Examples:

A: no_evident_not_easy_check-in
B: customer_wait_10_minute_for_greet
Answer: Yes

A: no_evident_not_easy_check-in
B: no_one_give_key_on_late_check-in
Answer: No

A: no_evident_not_great_quality
B: shampoo_seem_cheap_considering_hotel_cost
Answer: Yes

A: no_evident_not_great_quality
B: expensive_hotel
Answer: No

Now answer for this pair. Output ONLY the final line ""Answer: Yes"" or ""Answer: No"" — no other text.

A: no_evident_not_cheap_room
B: for_money_you_pay_you_get_one_small_water_bottle
Answer:
","A: no_evident_not_cheap_room
B: for_money_you_pay_you_get_one_small_water_bottle
Answer: Yes"
2026-08-10 23:20:36,2,369,no_evident_not_cheap_room,expensive_for_what_you_get,"Task: decide if Proposition B contradicts Assumption A.

Steps:
1. A defends a claim (strip ""no_evident_not_"" / ""have_evident_"" to see it).
2. B states a fact.
3. Does B disprove A's claim? Same specific issue only, not just same topic.

Output pattern (always use this exact shape):
A: <phrase>
B: <phrase>
Answer: Yes/No

Examples:

A: no_evident_not_easy_check-in
B: customer_wait_10_minute_for_greet
Answer: Yes

A: no_evident_not_easy_check-in
B: no_one_give_key_on_late_check-in
Answer: No

A: no_evident_not_great_quality
B: shampoo_seem_cheap_considering_hotel_cost
Answer: Yes

A: no_evident_not_great_quality
B: expensive_hotel
Answer: No

Now answer for this pair. Output ONLY the final line ""Answer: Yes"" or ""Answer: No"" — no other text.

A: no_evident_not_cheap_room
B: expensive_for_what_you_get
Answer:
",Answer: Yes
2026-08-10 23:20:36,2,370,no_evident_not_cheap_room,expensive_rate_for_what_offer,"Task: decide if Proposition B contradicts Assumption A.

Steps:
1. A defends a claim (strip ""no_evident_not_"" / ""have_evident_"" to see it).
2. B states a fact.
3. Does B disprove A's claim? Same specific issue only, not just same topic.

Output pattern (always use this exact shape):
A: <phrase>
B: <phrase>
Answer: Yes/No

Examples:

A: no_evident_not_easy_check-in
B: customer_wait_10_minute_for_greet
Answer: Yes

A: no_evident_not_easy_check-in
B: no_one_give_key_on_late_check-in
Answer: No

A: no_evident_not_great_quality
B: shampoo_seem_cheap_considering_hotel_cost
Answer: Yes

A: no_evident_not_great_quality
B: expensive_hotel
Answer: No

Now answer for this pair. Output ONLY the final line ""Answer: Yes"" or ""Answer: No"" — no other text.

A: no_evident_not_cheap_room
B: expensive_rate_for_what_offer
Answer:
",Answer: Yes
2026-08-10 23:20:36,2,371,no_evident_not_cheap_room,overpriced_for_facility,"Task: decide if Proposition B contradicts Assumption A.

Steps:
1. A defends a claim (strip ""no_evident_not_"" / ""have_evident_"" to see it).
2. B states a fact.
3. Does B disprove A's claim? Same specific issue only, not just same topic.

Output pattern (always use this exact shape):
A: <phrase>
B: <phrase>
Answer: Yes/No

Examples:

A: no_evident_not_easy_check-in
B: customer_wait_10_minute_for_greet
Answer: Yes

A: no_evident_not_easy_check-in
B: no_one_give_key_on_late_check-in
Answer: No

A: no_evident_not_great_quality
B: shampoo_seem_cheap_considering_hotel_cost
Answer: Yes

A: no_evident_not_great_quality
B: expensive_hotel
Answer: No

Now answer for this pair. Output ONLY the final line ""Answer: Yes"" or ""Answer: No"" — no other text.

A: no_evident_not_cheap_room
B: overpriced_for_facility
Answer:
",Answer: Yes
2026-08-10 23:20:36,2,372,no_evident_not_cheap_room,meal_not_include_in_price,"Task: decide if Proposition B contradicts Assumption A.

Steps:
1. A defends a claim (strip ""no_evident_not_"" / ""have_evident_"" to see it).
2. B states a fact.
3. Does B disprove A's claim? Same specific issue only, not just same topic.

Output pattern (always use this exact shape):
A: <phrase>
B: <phrase>
Answer: Yes/No

Examples:

A: no_evident_not_easy_check-in
B: customer_wait_10_minute_for_greet
Answer: Yes

A: no_evident_not_easy_check-in
B: no_one_give_key_on_late_check-in
Answer: No

A: no_evident_not_great_quality
B: shampoo_seem_cheap_considering_hotel_cost
Answer: Yes

A: no_evident_not_great_quality
B: expensive_hotel
Answer: No

Now answer for this pair. Output ONLY the final line ""Answer: Yes"" or ""Answer: No"" — no other text.

A: no_evident_not_cheap_room
B: meal_not_include_in_price
Answer:
","A: no_evident_not_cheap_room
B: meal_not_include_in_price
Answer: Yes"
2026-08-10 23:20:36,2,373,no_evident_not_cheap_room,high_price_for_not_enough_comfort_room,"Task: decide if Proposition B contradicts Assumption A.

Steps:
1. A defends a claim (strip ""no_evident_not_"" / ""have_evident_"" to see it).
2. B states a fact.
3. Does B disprove A's claim? Same specific issue only, not just same topic.

Output pattern (always use this exact shape):
A: <phrase>
B: <phrase>
Answer: Yes/No

Examples:

A: no_evident_not_easy_check-in
B: customer_wait_10_minute_for_greet
Answer: Yes

A: no_evident_not_easy_check-in
B: no_one_give_key_on_late_check-in
Answer: No

A: no_evident_not_great_quality
B: shampoo_seem_cheap_considering_hotel_cost
Answer: Yes

A: no_evident_not_great_quality
B: expensive_hotel
Answer: No

Now answer for this pair. Output ONLY the final line ""Answer: Yes"" or ""Answer: No"" — no other text.

A: no_evident_not_cheap_room
B: high_price_for_not_enough_comfort_room
Answer:
",Answer: Yes
2026-08-10 23:20:37,2,374,no_evident_not_cheap_room,high_price_for_small_room,"Task: decide if Proposition B contradicts Assumption A.

Steps:
1. A defends a claim (strip ""no_evident_not_"" / ""have_evident_"" to see it).
2. B states a fact.
3. Does B disprove A's claim? Same specific issue only, not just same topic.

Output pattern (always use this exact shape):
A: <phrase>
B: <phrase>
Answer: Yes/No

Examples:

A: no_evident_not_easy_check-in
B: customer_wait_10_minute_for_greet
Answer: Yes

A: no_evident_not_easy_check-in
B: no_one_give_key_on_late_check-in
Answer: No

A: no_evident_not_great_quality
B: shampoo_seem_cheap_considering_hotel_cost
Answer: Yes

A: no_evident_not_great_quality
B: expensive_hotel
Answer: No

Now answer for this pair. Output ONLY the final line ""Answer: Yes"" or ""Answer: No"" — no other text.

A: no_evident_not_cheap_room
B: high_price_for_small_room
Answer:
","A: no_evident_not_cheap_room
B: high_price_for_small_room
Answer: Yes"
2026-08-10 23:20:37,2,375,no_evident_not_cheap_room,expensive_hotel,"Task: decide if Proposition B contradicts Assumption A.

Steps:
1. A defends a claim (strip ""no_evident_not_"" / ""have_evident_"" to see it).
2. B states a fact.
3. Does B disprove A's claim? Same specific issue only, not just same topic.

Output pattern (always use this exact shape):
A: <phrase>
B: <phrase>
Answer: Yes/No

Examples:

A: no_evident_not_easy_check-in
B: customer_wait_10_minute_for_greet
Answer: Yes

A: no_evident_not_easy_check-in
B: no_one_give_key_on_late_check-in
Answer: No

A: no_evident_not_great_quality
B: shampoo_seem_cheap_considering_hotel_cost
Answer: Yes

A: no_evident_not_great_quality
B: expensive_hotel
Answer: No

Now answer for this pair. Output ONLY the final line ""Answer: Yes"" or ""Answer: No"" — no other text.

A: no_evident_not_cheap_room
B: expensive_hotel
Answer:
",Answer: No
2026-08-10 23:20:37,2,376,no_evident_not_cheap_room,expensive_for_average_hotel,"Task: decide if Proposition B contradicts Assumption A.

Steps:
1. A defends a claim (strip ""no_evident_not_"" / ""have_evident_"" to see it).
2. B states a fact.
3. Does B disprove A's claim? Same specific issue only, not just same topic.

Output pattern (always use this exact shape):
A: <phrase>
B: <phrase>
Answer: Yes/No

Examples:

A: no_evident_not_easy_check-in
B: customer_wait_10_minute_for_greet
Answer: Yes

A: no_evident_not_easy_check-in
B: no_one_give_key_on_late_check-in
Answer: No

A: no_evident_not_great_quality
B: shampoo_seem_cheap_considering_hotel_cost
Answer: Yes

A: no_evident_not_great_quality
B: expensive_hotel
Answer: No

Now answer for this pair. Output ONLY the final line ""Answer: Yes"" or ""Answer: No"" — no other text.

A: no_evident_not_cheap_room
B: expensive_for_average_hotel
Answer:
","A: no_evident_not_cheap_room
B: expensive_for_average_hotel
Answer: Yes"
2026-08-10 23:20:37,2,377,no_evident_not_cheap_room,expensive_for_3_star_hotel,"Task: decide if Proposition B contradicts Assumption A.

Steps:
1. A defends a claim (strip ""no_evident_not_"" / ""have_evident_"" to see it).
2. B states a fact.
3. Does B disprove A's claim? Same specific issue only, not just same topic.

Output pattern (always use this exact shape):
A: <phrase>
B: <phrase>
Answer: Yes/No

Examples:

A: no_evident_not_easy_check-in
B: customer_wait_10_minute_for_greet
Answer: Yes

A: no_evident_not_easy_check-in
B: no_one_give_key_on_late_check-in
Answer: No

A: no_evident_not_great_quality
B: shampoo_seem_cheap_considering_hotel_cost
Answer: Yes

A: no_evident_not_great_quality
B: expensive_hotel
Answer: No

Now answer for this pair. Output ONLY the final line ""Answer: Yes"" or ""Answer: No"" — no other text.

A: no_evident_not_cheap_room
B: expensive_for_3_star_hotel
Answer:
",Answer: Yes
2026-08-10 23:20:37,2,378,no_evident_not_satisfied_price,unlabeled_shampoo_dispenser_for_this_price,"Task: decide if Proposition B contradicts Assumption A.

Steps:
1. A defends a claim (strip ""no_evident_not_"" / ""have_evident_"" to see it).
2. B states a fact.
3. Does B disprove A's claim? Same specific issue only, not just same topic.

Output pattern (always use this exact shape):
A: <phrase>
B: <phrase>
Answer: Yes/No

Examples:

A: no_evident_not_easy_check-in
B: customer_wait_10_minute_for_greet
Answer: Yes

A: no_evident_not_easy_check-in
B: no_one_give_key_on_late_check-in
Answer: No

A: no_evident_not_great_quality
B: shampoo_seem_cheap_considering_hotel_cost
Answer: Yes

A: no_evident_not_great_quality
B: expensive_hotel
Answer: No

Now answer for this pair. Output ONLY the final line ""Answer: Yes"" or ""Answer: No"" — no other text.

A: no_evident_not_satisfied_price
B: unlabeled_shampoo_dispenser_for_this_price
Answer:
","A: no_evident_not_satisfied_price
B: unlabeled_shampoo_dispenser_for_this_price
Answer: Yes"
2026-08-10 23:20:38,2,379,no_evident_not_satisfied_price,shampoo_seem_cheap_considering_hotel_cost,"Task: decide if Proposition B contradicts Assumption A.

Steps:
1. A defends a claim (strip ""no_evident_not_"" / ""have_evident_"" to see it).
2. B states a fact.
3. Does B disprove A's claim? Same specific issue only, not just same topic.

Output pattern (always use this exact shape):
A: <phrase>
B: <phrase>
Answer: Yes/No

Examples:

A: no_evident_not_easy_check-in
B: customer_wait_10_minute_for_greet
Answer: Yes

A: no_evident_not_easy_check-in
B: no_one_give_key_on_late_check-in
Answer: No

A: no_evident_not_great_quality
B: shampoo_seem_cheap_considering_hotel_cost
Answer: Yes

A: no_evident_not_great_quality
B: expensive_hotel
Answer: No

Now answer for this pair. Output ONLY the final line ""Answer: Yes"" or ""Answer: No"" — no other text.

A: no_evident_not_satisfied_price
B: shampoo_seem_cheap_considering_hotel_cost
Answer:
",Answer: Yes
2026-08-10 23:20:38,2,380,no_evident_not_satisfied_price,guesthouse_but_price_like_hotel,"Task: decide if Proposition B contradicts Assumption A.

Steps:
1. A defends a claim (strip ""no_evident_not_"" / ""have_evident_"" to see it).
2. B states a fact.
3. Does B disprove A's claim? Same specific issue only, not just same topic.

Output pattern (always use this exact shape):
A: <phrase>
B: <phrase>
Answer: Yes/No

Examples:

A: no_evident_not_easy_check-in
B: customer_wait_10_minute_for_greet
Answer: Yes

A: no_evident_not_easy_check-in
B: no_one_give_key_on_late_check-in
Answer: No

A: no_evident_not_great_quality
B: shampoo_seem_cheap_considering_hotel_cost
Answer: Yes

A: no_evident_not_great_quality
B: expensive_hotel
Answer: No

Now answer for this pair. Output ONLY the final line ""Answer: Yes"" or ""Answer: No"" — no other text.

A: no_evident_not_satisfied_price
B: guesthouse_but_price_like_hotel
Answer:
","A: no_evident_not_satisfied_price
B: guesthouse_but_price_like_hotel
Answer: Yes"
2026-08-10 23:20:38,2,381,no_evident_not_satisfied_price,for_money_you_pay_you_get_one_small_water_bottle,"Task: decide if Proposition B contradicts Assumption A.

Steps:
1. A defends a claim (strip ""no_evident_not_"" / ""have_evident_"" to see it).
2. B states a fact.
3. Does B disprove A's claim? Same specific issue only, not just same topic.

Output pattern (always use this exact shape):
A: <phrase>
B: <phrase>
Answer: Yes/No

Examples:

A: no_evident_not_easy_check-in
B: customer_wait_10_minute_for_greet
Answer: Yes

A: no_evident_not_easy_check-in
B: no_one_give_key_on_late_check-in
Answer: No

A: no_evident_not_great_quality
B: shampoo_seem_cheap_considering_hotel_cost
Answer: Yes

A: no_evident_not_great_quality
B: expensive_hotel
Answer: No

Now answer for this pair. Output ONLY the final line ""Answer: Yes"" or ""Answer: No"" — no other text.

A: no_evident_not_satisfied_price
B: for_money_you_pay_you_get_one_small_water_bottle
Answer:
","A: no_evident_not_satisfied_price
B: for_money_you_pay_you_get_one_small_water_bottle
Answer: Yes"
2026-08-10 23:20:39,2,382,no_evident_not_satisfied_price,expensive_for_what_you_get,"Task: decide if Proposition B contradicts Assumption A.

Steps:
1. A defends a claim (strip ""no_evident_not_"" / ""have_evident_"" to see it).
2. B states a fact.
3. Does B disprove A's claim? Same specific issue only, not just same topic.

Output pattern (always use this exact shape):
A: <phrase>
B: <phrase>
Answer: Yes/No

Examples:

A: no_evident_not_easy_check-in
B: customer_wait_10_minute_for_greet
Answer: Yes

A: no_evident_not_easy_check-in
B: no_one_give_key_on_late_check-in
Answer: No

A: no_evident_not_great_quality
B: shampoo_seem_cheap_considering_hotel_cost
Answer: Yes

A: no_evident_not_great_quality
B: expensive_hotel
Answer: No

Now answer for this pair. Output ONLY the final line ""Answer: Yes"" or ""Answer: No"" — no other text.

A: no_evident_not_satisfied_price
B: expensive_for_what_you_get
Answer:
","A: no_evident_not_satisfied_price
B: expensive_for_what_you_get
Answer: Yes"
2026-08-10 23:20:39,2,383,no_evident_not_satisfied_price,expensive_rate_for_what_offer,"Task: decide if Proposition B contradicts Assumption A.

Steps:
1. A defends a claim (strip ""no_evident_not_"" / ""have_evident_"" to see it).
2. B states a fact.
3. Does B disprove A's claim? Same specific issue only, not just same topic.

Output pattern (always use this exact shape):
A: <phrase>
B: <phrase>
Answer: Yes/No

Examples:

A: no_evident_not_easy_check-in
B: customer_wait_10_minute_for_greet
Answer: Yes

A: no_evident_not_easy_check-in
B: no_one_give_key_on_late_check-in
Answer: No

A: no_evident_not_great_quality
B: shampoo_seem_cheap_considering_hotel_cost
Answer: Yes

A: no_evident_not_great_quality
B: expensive_hotel
Answer: No

Now answer for this pair. Output ONLY the final line ""Answer: Yes"" or ""Answer: No"" — no other text.

A: no_evident_not_satisfied_price
B: expensive_rate_for_what_offer
Answer:
","A: no_evident_not_satisfied_price
B: expensive_rate_for_what_offer
Answer: Yes"
2026-08-10 23:20:39,2,384,no_evident_not_satisfied_price,overpriced_for_facility,"Task: decide if Proposition B contradicts Assumption A.

Steps:
1. A defends a claim (strip ""no_evident_not_"" / ""have_evident_"" to see it).
2. B states a fact.
3. Does B disprove A's claim? Same specific issue only, not just same topic.

Output pattern (always use this exact shape):
A: <phrase>
B: <phrase>
Answer: Yes/No

Examples:

A: no_evident_not_easy_check-in
B: customer_wait_10_minute_for_greet
Answer: Yes

A: no_evident_not_easy_check-in
B: no_one_give_key_on_late_check-in
Answer: No

A: no_evident_not_great_quality
B: shampoo_seem_cheap_considering_hotel_cost
Answer: Yes

A: no_evident_not_great_quality
B: expensive_hotel
Answer: No

Now answer for this pair. Output ONLY the final line ""Answer: Yes"" or ""Answer: No"" — no other text.

A: no_evident_not_satisfied_price
B: overpriced_for_facility
Answer:
","A: no_evident_not_satisfied_price
B: overpriced_for_facility
Answer: Yes"
2026-08-10 23:20:40,2,385,no_evident_not_satisfied_price,meal_not_include_in_price,"Task: decide if Proposition B contradicts Assumption A.

Steps:
1. A defends a claim (strip ""no_evident_not_"" / ""have_evident_"" to see it).
2. B states a fact.
3. Does B disprove A's claim? Same specific issue only, not just same topic.

Output pattern (always use this exact shape):
A: <phrase>
B: <phrase>
Answer: Yes/No

Examples:

A: no_evident_not_easy_check-in
B: customer_wait_10_minute_for_greet
Answer: Yes

A: no_evident_not_easy_check-in
B: no_one_give_key_on_late_check-in
Answer: No

A: no_evident_not_great_quality
B: shampoo_seem_cheap_considering_hotel_cost
Answer: Yes

A: no_evident_not_great_quality
B: expensive_hotel
Answer: No

Now answer for this pair. Output ONLY the final line ""Answer: Yes"" or ""Answer: No"" — no other text.

A: no_evident_not_satisfied_price
B: meal_not_include_in_price
Answer:
","A: no_evident_not_satisfied_price
B: meal_not_include_in_price
Answer: Yes"
2026-08-10 23:20:40,2,386,no_evident_not_satisfied_price,high_price_for_not_enough_comfort_room,"Task: decide if Proposition B contradicts Assumption A.

Steps:
1. A defends a claim (strip ""no_evident_not_"" / ""have_evident_"" to see it).
2. B states a fact.
3. Does B disprove A's claim? Same specific issue only, not just same topic.

Output pattern (always use this exact shape):
A: <phrase>
B: <phrase>
Answer: Yes/No

Examples:

A: no_evident_not_easy_check-in
B: customer_wait_10_minute_for_greet
Answer: Yes

A: no_evident_not_easy_check-in
B: no_one_give_key_on_late_check-in
Answer: No

A: no_evident_not_great_quality
B: shampoo_seem_cheap_considering_hotel_cost
Answer: Yes

A: no_evident_not_great_quality
B: expensive_hotel
Answer: No

Now answer for this pair. Output ONLY the final line ""Answer: Yes"" or ""Answer: No"" — no other text.

A: no_evident_not_satisfied_price
B: high_price_for_not_enough_comfort_room
Answer:
","A: no_evident_not_satisfied_price
B: high_price_for_not_enough_comfort_room
Answer: Yes"
2026-08-10 23:20:40,2,387,no_evident_not_satisfied_price,high_price_for_small_room,"Task: decide if Proposition B contradicts Assumption A.

Steps:
1. A defends a claim (strip ""no_evident_not_"" / ""have_evident_"" to see it).
2. B states a fact.
3. Does B disprove A's claim? Same specific issue only, not just same topic.

Output pattern (always use this exact shape):
A: <phrase>
B: <phrase>
Answer: Yes/No

Examples:

A: no_evident_not_easy_check-in
B: customer_wait_10_minute_for_greet
Answer: Yes

A: no_evident_not_easy_check-in
B: no_one_give_key_on_late_check-in
Answer: No

A: no_evident_not_great_quality
B: shampoo_seem_cheap_considering_hotel_cost
Answer: Yes

A: no_evident_not_great_quality
B: expensive_hotel
Answer: No

Now answer for this pair. Output ONLY the final line ""Answer: Yes"" or ""Answer: No"" — no other text.

A: no_evident_not_satisfied_price
B: high_price_for_small_room
Answer:
","A: no_evident_not_satisfied_price
B: high_price_for_small_room
Answer: Yes"
2026-08-10 23:20:41,2,388,no_evident_not_satisfied_price,expensive_hotel,"Task: decide if Proposition B contradicts Assumption A.

Steps:
1. A defends a claim (strip ""no_evident_not_"" / ""have_evident_"" to see it).
2. B states a fact.
3. Does B disprove A's claim? Same specific issue only, not just same topic.

Output pattern (always use this exact shape):
A: <phrase>
B: <phrase>
Answer: Yes/No

Examples:

A: no_evident_not_easy_check-in
B: customer_wait_10_minute_for_greet
Answer: Yes

A: no_evident_not_easy_check-in
B: no_one_give_key_on_late_check-in
Answer: No

A: no_evident_not_great_quality
B: shampoo_seem_cheap_considering_hotel_cost
Answer: Yes

A: no_evident_not_great_quality
B: expensive_hotel
Answer: No

Now answer for this pair. Output ONLY the final line ""Answer: Yes"" or ""Answer: No"" — no other text.

A: no_evident_not_satisfied_price
B: expensive_hotel
Answer:
",Answer: No
2026-08-10 23:20:41,2,389,no_evident_not_satisfied_price,expensive_for_average_hotel,"Task: decide if Proposition B contradicts Assumption A.

Steps:
1. A defends a claim (strip ""no_evident_not_"" / ""have_evident_"" to see it).
2. B states a fact.
3. Does B disprove A's claim? Same specific issue only, not just same topic.

Output pattern (always use this exact shape):
A: <phrase>
B: <phrase>
Answer: Yes/No

Examples:

A: no_evident_not_easy_check-in
B: customer_wait_10_minute_for_greet
Answer: Yes

A: no_evident_not_easy_check-in
B: no_one_give_key_on_late_check-in
Answer: No

A: no_evident_not_great_quality
B: shampoo_seem_cheap_considering_hotel_cost
Answer: Yes

A: no_evident_not_great_quality
B: expensive_hotel
Answer: No

Now answer for this pair. Output ONLY the final line ""Answer: Yes"" or ""Answer: No"" — no other text.

A: no_evident_not_satisfied_price
B: expensive_for_average_hotel
Answer:
","A: no_evident_not_satisfied_price
B: expensive_for_average_hotel
Answer: Yes"
2026-08-10 23:20:41,2,390,no_evident_not_satisfied_price,expensive_for_3_star_hotel,"Task: decide if Proposition B contradicts Assumption A.

Steps:
1. A defends a claim (strip ""no_evident_not_"" / ""have_evident_"" to see it).
2. B states a fact.
3. Does B disprove A's claim? Same specific issue only, not just same topic.

Output pattern (always use this exact shape):
A: <phrase>
B: <phrase>
Answer: Yes/No

Examples:

A: no_evident_not_easy_check-in
B: customer_wait_10_minute_for_greet
Answer: Yes

A: no_evident_not_easy_check-in
B: no_one_give_key_on_late_check-in
Answer: No

A: no_evident_not_great_quality
B: shampoo_seem_cheap_considering_hotel_cost
Answer: Yes

A: no_evident_not_great_quality
B: expensive_hotel
Answer: No

Now answer for this pair. Output ONLY the final line ""Answer: Yes"" or ""Answer: No"" — no other text.

A: no_evident_not_satisfied_price
B: expensive_for_3_star_hotel
Answer:
","A: no_evident_not_satisfied_price
B: expensive_for_3_star_hotel
Answer: Yes"
2026-08-10 23:20:42,2,391,no_evident_not_unbeatable_value_for_money,unlabeled_shampoo_dispenser_for_this_price,"Task: decide if Proposition B contradicts Assumption A.

Steps:
1. A defends a claim (strip ""no_evident_not_"" / ""have_evident_"" to see it).
2. B states a fact.
3. Does B disprove A's claim? Same specific issue only, not just same topic.

Output pattern (always use this exact shape):
A: <phrase>
B: <phrase>
Answer: Yes/No

Examples:

A: no_evident_not_easy_check-in
B: customer_wait_10_minute_for_greet
Answer: Yes

A: no_evident_not_easy_check-in
B: no_one_give_key_on_late_check-in
Answer: No

A: no_evident_not_great_quality
B: shampoo_seem_cheap_considering_hotel_cost
Answer: Yes

A: no_evident_not_great_quality
B: expensive_hotel
Answer: No

Now answer for this pair. Output ONLY the final line ""Answer: Yes"" or ""Answer: No"" — no other text.

A: no_evident_not_unbeatable_value_for_money
B: unlabeled_shampoo_dispenser_for_this_price
Answer:
","A: no_evident_not_unbeatable_value_for_money
B: unlabeled_shampoo_dispenser_for_this_price
Answer: Yes"
2026-08-10 23:20:42,2,392,no_evident_not_unbeatable_value_for_money,shampoo_seem_cheap_considering_hotel_cost,"Task: decide if Proposition B contradicts Assumption A.

Steps:
1. A defends a claim (strip ""no_evident_not_"" / ""have_evident_"" to see it).
2. B states a fact.
3. Does B disprove A's claim? Same specific issue only, not just same topic.

Output pattern (always use this exact shape):
A: <phrase>
B: <phrase>
Answer: Yes/No

Examples:

A: no_evident_not_easy_check-in
B: customer_wait_10_minute_for_greet
Answer: Yes

A: no_evident_not_easy_check-in
B: no_one_give_key_on_late_check-in
Answer: No

A: no_evident_not_great_quality
B: shampoo_seem_cheap_considering_hotel_cost
Answer: Yes

A: no_evident_not_great_quality
B: expensive_hotel
Answer: No

Now answer for this pair. Output ONLY the final line ""Answer: Yes"" or ""Answer: No"" — no other text.

A: no_evident_not_unbeatable_value_for_money
B: shampoo_seem_cheap_considering_hotel_cost
Answer:
",Answer: Yes
2026-08-10 23:20:42,2,393,no_evident_not_unbeatable_value_for_money,guesthouse_but_price_like_hotel,"Task: decide if Proposition B contradicts Assumption A.

Steps:
1. A defends a claim (strip ""no_evident_not_"" / ""have_evident_"" to see it).
2. B states a fact.
3. Does B disprove A's claim? Same specific issue only, not just same topic.

Output pattern (always use this exact shape):
A: <phrase>
B: <phrase>
Answer: Yes/No

Examples:

A: no_evident_not_easy_check-in
B: customer_wait_10_minute_for_greet
Answer: Yes

A: no_evident_not_easy_check-in
B: no_one_give_key_on_late_check-in
Answer: No

A: no_evident_not_great_quality
B: shampoo_seem_cheap_considering_hotel_cost
Answer: Yes

A: no_evident_not_great_quality
B: expensive_hotel
Answer: No

Now answer for this pair. Output ONLY the final line ""Answer: Yes"" or ""Answer: No"" — no other text.

A: no_evident_not_unbeatable_value_for_money
B: guesthouse_but_price_like_hotel
Answer:
","A: no_evident_not_unbeatable_value_for_money
B: guesthouse_but_price_like_hotel
Answer: Yes"
2026-08-10 23:20:43,2,394,no_evident_not_unbeatable_value_for_money,for_money_you_pay_you_get_one_small_water_bottle,"Task: decide if Proposition B contradicts Assumption A.

Steps:
1. A defends a claim (strip ""no_evident_not_"" / ""have_evident_"" to see it).
2. B states a fact.
3. Does B disprove A's claim? Same specific issue only, not just same topic.

Output pattern (always use this exact shape):
A: <phrase>
B: <phrase>
Answer: Yes/No

Examples:

A: no_evident_not_easy_check-in
B: customer_wait_10_minute_for_greet
Answer: Yes

A: no_evident_not_easy_check-in
B: no_one_give_key_on_late_check-in
Answer: No

A: no_evident_not_great_quality
B: shampoo_seem_cheap_considering_hotel_cost
Answer: Yes

A: no_evident_not_great_quality
B: expensive_hotel
Answer: No

Now answer for this pair. Output ONLY the final line ""Answer: Yes"" or ""Answer: No"" — no other text.

A: no_evident_not_unbeatable_value_for_money
B: for_money_you_pay_you_get_one_small_water_bottle
Answer:
","A: no_evident_not_unbeatable_value_for_money
B: for_money_you_pay_you_get_one_small_water_bottle
Answer: Yes"
2026-08-10 23:20:43,2,395,no_evident_not_unbeatable_value_for_money,expensive_for_what_you_get,"Task: decide if Proposition B contradicts Assumption A.

Steps:
1. A defends a claim (strip ""no_evident_not_"" / ""have_evident_"" to see it).
2. B states a fact.
3. Does B disprove A's claim? Same specific issue only, not just same topic.

Output pattern (always use this exact shape):
A: <phrase>
B: <phrase>
Answer: Yes/No

Examples:

A: no_evident_not_easy_check-in
B: customer_wait_10_minute_for_greet
Answer: Yes

A: no_evident_not_easy_check-in
B: no_one_give_key_on_late_check-in
Answer: No

A: no_evident_not_great_quality
B: shampoo_seem_cheap_considering_hotel_cost
Answer: Yes

A: no_evident_not_great_quality
B: expensive_hotel
Answer: No

Now answer for this pair. Output ONLY the final line ""Answer: Yes"" or ""Answer: No"" — no other text.

A: no_evident_not_unbeatable_value_for_money
B: expensive_for_what_you_get
Answer:
","A: no_evident_not_unbeatable_value_for_money
B: expensive_for_what_you_get
Answer: Yes"
2026-08-10 23:20:43,2,396,no_evident_not_unbeatable_value_for_money,expensive_rate_for_what_offer,"Task: decide if Proposition B contradicts Assumption A.

Steps:
1. A defends a claim (strip ""no_evident_not_"" / ""have_evident_"" to see it).
2. B states a fact.
3. Does B disprove A's claim? Same specific issue only, not just same topic.

Output pattern (always use this exact shape):
A: <phrase>
B: <phrase>
Answer: Yes/No

Examples:

A: no_evident_not_easy_check-in
B: customer_wait_10_minute_for_greet
Answer: Yes

A: no_evident_not_easy_check-in
B: no_one_give_key_on_late_check-in
Answer: No

A: no_evident_not_great_quality
B: shampoo_seem_cheap_considering_hotel_cost
Answer: Yes

A: no_evident_not_great_quality
B: expensive_hotel
Answer: No

Now answer for this pair. Output ONLY the final line ""Answer: Yes"" or ""Answer: No"" — no other text.

A: no_evident_not_unbeatable_value_for_money
B: expensive_rate_for_what_offer
Answer:
",Answer: Yes
2026-08-10 23:20:43,2,397,no_evident_not_unbeatable_value_for_money,overpriced_for_facility,"Task: decide if Proposition B contradicts Assumption A.

Steps:
1. A defends a claim (strip ""no_evident_not_"" / ""have_evident_"" to see it).
2. B states a fact.
3. Does B disprove A's claim? Same specific issue only, not just same topic.

Output pattern (always use this exact shape):
A: <phrase>
B: <phrase>
Answer: Yes/No

Examples:

A: no_evident_not_easy_check-in
B: customer_wait_10_minute_for_greet
Answer: Yes

A: no_evident_not_easy_check-in
B: no_one_give_key_on_late_check-in
Answer: No

A: no_evident_not_great_quality
B: shampoo_seem_cheap_considering_hotel_cost
Answer: Yes

A: no_evident_not_great_quality
B: expensive_hotel
Answer: No

Now answer for this pair. Output ONLY the final line ""Answer: Yes"" or ""Answer: No"" — no other text.

A: no_evident_not_unbeatable_value_for_money
B: overpriced_for_facility
Answer:
","A: no_evident_not_unbeatable_value_for_money
B: overpriced_for_facility
Answer: Yes"
2026-08-10 23:20:44,2,398,no_evident_not_unbeatable_value_for_money,meal_not_include_in_price,"Task: decide if Proposition B contradicts Assumption A.

Steps:
1. A defends a claim (strip ""no_evident_not_"" / ""have_evident_"" to see it).
2. B states a fact.
3. Does B disprove A's claim? Same specific issue only, not just same topic.

Output pattern (always use this exact shape):
A: <phrase>
B: <phrase>
Answer: Yes/No

Examples:

A: no_evident_not_easy_check-in
B: customer_wait_10_minute_for_greet
Answer: Yes

A: no_evident_not_easy_check-in
B: no_one_give_key_on_late_check-in
Answer: No

A: no_evident_not_great_quality
B: shampoo_seem_cheap_considering_hotel_cost
Answer: Yes

A: no_evident_not_great_quality
B: expensive_hotel
Answer: No

Now answer for this pair. Output ONLY the final line ""Answer: Yes"" or ""Answer: No"" — no other text.

A: no_evident_not_unbeatable_value_for_money
B: meal_not_include_in_price
Answer:
","A: no_evident_not_unbeatable_value_for_money
B: meal_not_include_in_price
Answer: Yes"
2026-08-10 23:20:44,2,399,no_evident_not_unbeatable_value_for_money,high_price_for_not_enough_comfort_room,"Task: decide if Proposition B contradicts Assumption A.

Steps:
1. A defends a claim (strip ""no_evident_not_"" / ""have_evident_"" to see it).
2. B states a fact.
3. Does B disprove A's claim? Same specific issue only, not just same topic.

Output pattern (always use this exact shape):
A: <phrase>
B: <phrase>
Answer: Yes/No

Examples:

A: no_evident_not_easy_check-in
B: customer_wait_10_minute_for_greet
Answer: Yes

A: no_evident_not_easy_check-in
B: no_one_give_key_on_late_check-in
Answer: No

A: no_evident_not_great_quality
B: shampoo_seem_cheap_considering_hotel_cost
Answer: Yes

A: no_evident_not_great_quality
B: expensive_hotel
Answer: No

Now answer for this pair. Output ONLY the final line ""Answer: Yes"" or ""Answer: No"" — no other text.

A: no_evident_not_unbeatable_value_for_money
B: high_price_for_not_enough_comfort_room
Answer:
",Answer: Yes
2026-08-10 23:20:44,2,400,no_evident_not_unbeatable_value_for_money,high_price_for_small_room,"Task: decide if Proposition B contradicts Assumption A.

Steps:
1. A defends a claim (strip ""no_evident_not_"" / ""have_evident_"" to see it).
2. B states a fact.
3. Does B disprove A's claim? Same specific issue only, not just same topic.

Output pattern (always use this exact shape):
A: <phrase>
B: <phrase>
Answer: Yes/No

Examples:

A: no_evident_not_easy_check-in
B: customer_wait_10_minute_for_greet
Answer: Yes

A: no_evident_not_easy_check-in
B: no_one_give_key_on_late_check-in
Answer: No

A: no_evident_not_great_quality
B: shampoo_seem_cheap_considering_hotel_cost
Answer: Yes

A: no_evident_not_great_quality
B: expensive_hotel
Answer: No

Now answer for this pair. Output ONLY the final line ""Answer: Yes"" or ""Answer: No"" — no other text.

A: no_evident_not_unbeatable_value_for_money
B: high_price_for_small_room
Answer:
","A: no_evident_not_unbeatable_value_for_money
B: high_price_for_small_room
Answer: Yes"
2026-08-10 23:20:44,2,401,no_evident_not_unbeatable_value_for_money,expensive_hotel,"Task: decide if Proposition B contradicts Assumption A.

Steps:
1. A defends a claim (strip ""no_evident_not_"" / ""have_evident_"" to see it).
2. B states a fact.
3. Does B disprove A's claim? Same specific issue only, not just same topic.

Output pattern (always use this exact shape):
A: <phrase>
B: <phrase>
Answer: Yes/No

Examples:

A: no_evident_not_easy_check-in
B: customer_wait_10_minute_for_greet
Answer: Yes

A: no_evident_not_easy_check-in
B: no_one_give_key_on_late_check-in
Answer: No

A: no_evident_not_great_quality
B: shampoo_seem_cheap_considering_hotel_cost
Answer: Yes

A: no_evident_not_great_quality
B: expensive_hotel
Answer: No

Now answer for this pair. Output ONLY the final line ""Answer: Yes"" or ""Answer: No"" — no other text.

A: no_evident_not_unbeatable_value_for_money
B: expensive_hotel
Answer:
",Answer: Yes
2026-08-10 23:20:45,2,402,no_evident_not_unbeatable_value_for_money,expensive_for_average_hotel,"Task: decide if Proposition B contradicts Assumption A.

Steps:
1. A defends a claim (strip ""no_evident_not_"" / ""have_evident_"" to see it).
2. B states a fact.
3. Does B disprove A's claim? Same specific issue only, not just same topic.

Output pattern (always use this exact shape):
A: <phrase>
B: <phrase>
Answer: Yes/No

Examples:

A: no_evident_not_easy_check-in
B: customer_wait_10_minute_for_greet
Answer: Yes

A: no_evident_not_easy_check-in
B: no_one_give_key_on_late_check-in
Answer: No

A: no_evident_not_great_quality
B: shampoo_seem_cheap_considering_hotel_cost
Answer: Yes

A: no_evident_not_great_quality
B: expensive_hotel
Answer: No

Now answer for this pair. Output ONLY the final line ""Answer: Yes"" or ""Answer: No"" — no other text.

A: no_evident_not_unbeatable_value_for_money
B: expensive_for_average_hotel
Answer:
","A: no_evident_not_unbeatable_value_for_money
B: expensive_for_average_hotel
Answer: Yes"
2026-08-10 23:20:45,2,403,no_evident_not_unbeatable_value_for_money,expensive_for_3_star_hotel,"Task: decide if Proposition B contradicts Assumption A.

Steps:
1. A defends a claim (strip ""no_evident_not_"" / ""have_evident_"" to see it).
2. B states a fact.
3. Does B disprove A's claim? Same specific issue only, not just same topic.

Output pattern (always use this exact shape):
A: <phrase>
B: <phrase>
Answer: Yes/No

Examples:

A: no_evident_not_easy_check-in
B: customer_wait_10_minute_for_greet
Answer: Yes

A: no_evident_not_easy_check-in
B: no_one_give_key_on_late_check-in
Answer: No

A: no_evident_not_great_quality
B: shampoo_seem_cheap_considering_hotel_cost
Answer: Yes

A: no_evident_not_great_quality
B: expensive_hotel
Answer: No

Now answer for this pair. Output ONLY the final line ""Answer: Yes"" or ""Answer: No"" — no other text.

A: no_evident_not_unbeatable_value_for_money
B: expensive_for_3_star_hotel
Answer:
","A: no_evident_not_unbeatable_value_for_money
B: expensive_for_3_star_hotel
Answer: Yes"
2026-08-10 23:20:46,2,404,no_evident_not_excellent_price,unlabeled_shampoo_dispenser_for_this_price,"Task: decide if Proposition B contradicts Assumption A.

Steps:
1. A defends a claim (strip ""no_evident_not_"" / ""have_evident_"" to see it).
2. B states a fact.
3. Does B disprove A's claim? Same specific issue only, not just same topic.

Output pattern (always use this exact shape):
A: <phrase>
B: <phrase>
Answer: Yes/No

Examples:

A: no_evident_not_easy_check-in
B: customer_wait_10_minute_for_greet
Answer: Yes

A: no_evident_not_easy_check-in
B: no_one_give_key_on_late_check-in
Answer: No

A: no_evident_not_great_quality
B: shampoo_seem_cheap_considering_hotel_cost
Answer: Yes

A: no_evident_not_great_quality
B: expensive_hotel
Answer: No

Now answer for this pair. Output ONLY the final line ""Answer: Yes"" or ""Answer: No"" — no other text.

A: no_evident_not_excellent_price
B: unlabeled_shampoo_dispenser_for_this_price
Answer:
","A: no_evident_not_excellent_price
B: unlabeled_shampoo_dispenser_for_this_price
Answer: Yes"
2026-08-10 23:20:46,2,405,no_evident_not_excellent_price,shampoo_seem_cheap_considering_hotel_cost,"Task: decide if Proposition B contradicts Assumption A.

Steps:
1. A defends a claim (strip ""no_evident_not_"" / ""have_evident_"" to see it).
2. B states a fact.
3. Does B disprove A's claim? Same specific issue only, not just same topic.

Output pattern (always use this exact shape):
A: <phrase>
B: <phrase>
Answer: Yes/No

Examples:

A: no_evident_not_easy_check-in
B: customer_wait_10_minute_for_greet
Answer: Yes

A: no_evident_not_easy_check-in
B: no_one_give_key_on_late_check-in
Answer: No

A: no_evident_not_great_quality
B: shampoo_seem_cheap_considering_hotel_cost
Answer: Yes

A: no_evident_not_great_quality
B: expensive_hotel
Answer: No

Now answer for this pair. Output ONLY the final line ""Answer: Yes"" or ""Answer: No"" — no other text.

A: no_evident_not_excellent_price
B: shampoo_seem_cheap_considering_hotel_cost
Answer:
",Answer: Yes
2026-08-10 23:20:46,2,406,no_evident_not_excellent_price,guesthouse_but_price_like_hotel,"Task: decide if Proposition B contradicts Assumption A.

Steps:
1. A defends a claim (strip ""no_evident_not_"" / ""have_evident_"" to see it).
2. B states a fact.
3. Does B disprove A's claim? Same specific issue only, not just same topic.

Output pattern (always use this exact shape):
A: <phrase>
B: <phrase>
Answer: Yes/No

Examples:

A: no_evident_not_easy_check-in
B: customer_wait_10_minute_for_greet
Answer: Yes

A: no_evident_not_easy_check-in
B: no_one_give_key_on_late_check-in
Answer: No

A: no_evident_not_great_quality
B: shampoo_seem_cheap_considering_hotel_cost
Answer: Yes

A: no_evident_not_great_quality
B: expensive_hotel
Answer: No

Now answer for this pair. Output ONLY the final line ""Answer: Yes"" or ""Answer: No"" — no other text.

A: no_evident_not_excellent_price
B: guesthouse_but_price_like_hotel
Answer:
","A: no_evident_not_excellent_price
B: guesthouse_but_price_like_hotel
Answer: Yes"
2026-08-10 23:20:46,2,407,no_evident_not_excellent_price,for_money_you_pay_you_get_one_small_water_bottle,"Task: decide if Proposition B contradicts Assumption A.

Steps:
1. A defends a claim (strip ""no_evident_not_"" / ""have_evident_"" to see it).
2. B states a fact.
3. Does B disprove A's claim? Same specific issue only, not just same topic.

Output pattern (always use this exact shape):
A: <phrase>
B: <phrase>
Answer: Yes/No

Examples:

A: no_evident_not_easy_check-in
B: customer_wait_10_minute_for_greet
Answer: Yes

A: no_evident_not_easy_check-in
B: no_one_give_key_on_late_check-in
Answer: No

A: no_evident_not_great_quality
B: shampoo_seem_cheap_considering_hotel_cost
Answer: Yes

A: no_evident_not_great_quality
B: expensive_hotel
Answer: No

Now answer for this pair. Output ONLY the final line ""Answer: Yes"" or ""Answer: No"" — no other text.

A: no_evident_not_excellent_price
B: for_money_you_pay_you_get_one_small_water_bottle
Answer:
","A: no_evident_not_excellent_price
B: for_money_you_pay_you_get_one_small_water_bottle
Answer: Yes"
2026-08-10 23:20:47,2,408,no_evident_not_excellent_price,expensive_for_what_you_get,"Task: decide if Proposition B contradicts Assumption A.

Steps:
1. A defends a claim (strip ""no_evident_not_"" / ""have_evident_"" to see it).
2. B states a fact.
3. Does B disprove A's claim? Same specific issue only, not just same topic.

Output pattern (always use this exact shape):
A: <phrase>
B: <phrase>
Answer: Yes/No

Examples:

A: no_evident_not_easy_check-in
B: customer_wait_10_minute_for_greet
Answer: Yes

A: no_evident_not_easy_check-in
B: no_one_give_key_on_late_check-in
Answer: No

A: no_evident_not_great_quality
B: shampoo_seem_cheap_considering_hotel_cost
Answer: Yes

A: no_evident_not_great_quality
B: expensive_hotel
Answer: No

Now answer for this pair. Output ONLY the final line ""Answer: Yes"" or ""Answer: No"" — no other text.

A: no_evident_not_excellent_price
B: expensive_for_what_you_get
Answer:
","A: no_evident_not_excellent_price
B: expensive_for_what_you_get
Answer: Yes"
2026-08-10 23:20:47,2,409,no_evident_not_excellent_price,expensive_rate_for_what_offer,"Task: decide if Proposition B contradicts Assumption A.

Steps:
1. A defends a claim (strip ""no_evident_not_"" / ""have_evident_"" to see it).
2. B states a fact.
3. Does B disprove A's claim? Same specific issue only, not just same topic.

Output pattern (always use this exact shape):
A: <phrase>
B: <phrase>
Answer: Yes/No

Examples:

A: no_evident_not_easy_check-in
B: customer_wait_10_minute_for_greet
Answer: Yes

A: no_evident_not_easy_check-in
B: no_one_give_key_on_late_check-in
Answer: No

A: no_evident_not_great_quality
B: shampoo_seem_cheap_considering_hotel_cost
Answer: Yes

A: no_evident_not_great_quality
B: expensive_hotel
Answer: No

Now answer for this pair. Output ONLY the final line ""Answer: Yes"" or ""Answer: No"" — no other text.

A: no_evident_not_excellent_price
B: expensive_rate_for_what_offer
Answer:
","A: no_evident_not_excellent_price
B: expensive_rate_for_what_offer
Answer: Yes"
2026-08-10 23:20:47,2,410,no_evident_not_excellent_price,overpriced_for_facility,"Task: decide if Proposition B contradicts Assumption A.

Steps:
1. A defends a claim (strip ""no_evident_not_"" / ""have_evident_"" to see it).
2. B states a fact.
3. Does B disprove A's claim? Same specific issue only, not just same topic.

Output pattern (always use this exact shape):
A: <phrase>
B: <phrase>
Answer: Yes/No

Examples:

A: no_evident_not_easy_check-in
B: customer_wait_10_minute_for_greet
Answer: Yes

A: no_evident_not_easy_check-in
B: no_one_give_key_on_late_check-in
Answer: No

A: no_evident_not_great_quality
B: shampoo_seem_cheap_considering_hotel_cost
Answer: Yes

A: no_evident_not_great_quality
B: expensive_hotel
Answer: No

Now answer for this pair. Output ONLY the final line ""Answer: Yes"" or ""Answer: No"" — no other text.

A: no_evident_not_excellent_price
B: overpriced_for_facility
Answer:
","A: no_evident_not_excellent_price
B: overpriced_for_facility
Answer: Yes"
2026-08-10 23:20:48,2,411,no_evident_not_excellent_price,meal_not_include_in_price,"Task: decide if Proposition B contradicts Assumption A.

Steps:
1. A defends a claim (strip ""no_evident_not_"" / ""have_evident_"" to see it).
2. B states a fact.
3. Does B disprove A's claim? Same specific issue only, not just same topic.

Output pattern (always use this exact shape):
A: <phrase>
B: <phrase>
Answer: Yes/No

Examples:

A: no_evident_not_easy_check-in
B: customer_wait_10_minute_for_greet
Answer: Yes

A: no_evident_not_easy_check-in
B: no_one_give_key_on_late_check-in
Answer: No

A: no_evident_not_great_quality
B: shampoo_seem_cheap_considering_hotel_cost
Answer: Yes

A: no_evident_not_great_quality
B: expensive_hotel
Answer: No

Now answer for this pair. Output ONLY the final line ""Answer: Yes"" or ""Answer: No"" — no other text.

A: no_evident_not_excellent_price
B: meal_not_include_in_price
Answer:
","A: no_evident_not_excellent_price
B: meal_not_include_in_price
Answer: Yes"
2026-08-10 23:20:48,2,412,no_evident_not_excellent_price,high_price_for_not_enough_comfort_room,"Task: decide if Proposition B contradicts Assumption A.

Steps:
1. A defends a claim (strip ""no_evident_not_"" / ""have_evident_"" to see it).
2. B states a fact.
3. Does B disprove A's claim? Same specific issue only, not just same topic.

Output pattern (always use this exact shape):
A: <phrase>
B: <phrase>
Answer: Yes/No

Examples:

A: no_evident_not_easy_check-in
B: customer_wait_10_minute_for_greet
Answer: Yes

A: no_evident_not_easy_check-in
B: no_one_give_key_on_late_check-in
Answer: No

A: no_evident_not_great_quality
B: shampoo_seem_cheap_considering_hotel_cost
Answer: Yes

A: no_evident_not_great_quality
B: expensive_hotel
Answer: No

Now answer for this pair. Output ONLY the final line ""Answer: Yes"" or ""Answer: No"" — no other text.

A: no_evident_not_excellent_price
B: high_price_for_not_enough_comfort_room
Answer:
","A: no_evident_not_excellent_price
B: high_price_for_not_enough_comfort_room
Answer: Yes"
2026-08-10 23:20:48,2,413,no_evident_not_excellent_price,high_price_for_small_room,"Task: decide if Proposition B contradicts Assumption A.

Steps:
1. A defends a claim (strip ""no_evident_not_"" / ""have_evident_"" to see it).
2. B states a fact.
3. Does B disprove A's claim? Same specific issue only, not just same topic.

Output pattern (always use this exact shape):
A: <phrase>
B: <phrase>
Answer: Yes/No

Examples:

A: no_evident_not_easy_check-in
B: customer_wait_10_minute_for_greet
Answer: Yes

A: no_evident_not_easy_check-in
B: no_one_give_key_on_late_check-in
Answer: No

A: no_evident_not_great_quality
B: shampoo_seem_cheap_considering_hotel_cost
Answer: Yes

A: no_evident_not_great_quality
B: expensive_hotel
Answer: No

Now answer for this pair. Output ONLY the final line ""Answer: Yes"" or ""Answer: No"" — no other text.

A: no_evident_not_excellent_price
B: high_price_for_small_room
Answer:
","A: no_evident_not_excellent_price
B: high_price_for_small_room
Answer: Yes"
2026-08-10 23:20:49,2,414,no_evident_not_excellent_price,expensive_hotel,"Task: decide if Proposition B contradicts Assumption A.

Steps:
1. A defends a claim (strip ""no_evident_not_"" / ""have_evident_"" to see it).
2. B states a fact.
3. Does B disprove A's claim? Same specific issue only, not just same topic.

Output pattern (always use this exact shape):
A: <phrase>
B: <phrase>
Answer: Yes/No

Examples:

A: no_evident_not_easy_check-in
B: customer_wait_10_minute_for_greet
Answer: Yes

A: no_evident_not_easy_check-in
B: no_one_give_key_on_late_check-in
Answer: No

A: no_evident_not_great_quality
B: shampoo_seem_cheap_considering_hotel_cost
Answer: Yes

A: no_evident_not_great_quality
B: expensive_hotel
Answer: No

Now answer for this pair. Output ONLY the final line ""Answer: Yes"" or ""Answer: No"" — no other text.

A: no_evident_not_excellent_price
B: expensive_hotel
Answer:
",Answer: No
2026-08-10 23:20:49,2,415,no_evident_not_excellent_price,expensive_for_average_hotel,"Task: decide if Proposition B contradicts Assumption A.

Steps:
1. A defends a claim (strip ""no_evident_not_"" / ""have_evident_"" to see it).
2. B states a fact.
3. Does B disprove A's claim? Same specific issue only, not just same topic.

Output pattern (always use this exact shape):
A: <phrase>
B: <phrase>
Answer: Yes/No

Examples:

A: no_evident_not_easy_check-in
B: customer_wait_10_minute_for_greet
Answer: Yes

A: no_evident_not_easy_check-in
B: no_one_give_key_on_late_check-in
Answer: No

A: no_evident_not_great_quality
B: shampoo_seem_cheap_considering_hotel_cost
Answer: Yes

A: no_evident_not_great_quality
B: expensive_hotel
Answer: No

Now answer for this pair. Output ONLY the final line ""Answer: Yes"" or ""Answer: No"" — no other text.

A: no_evident_not_excellent_price
B: expensive_for_average_hotel
Answer:
","A: no_evident_not_excellent_price
B: expensive_for_average_hotel
Answer: Yes"
2026-08-10 23:20:49,2,416,no_evident_not_excellent_price,expensive_for_3_star_hotel,"Task: decide if Proposition B contradicts Assumption A.

Steps:
1. A defends a claim (strip ""no_evident_not_"" / ""have_evident_"" to see it).
2. B states a fact.
3. Does B disprove A's claim? Same specific issue only, not just same topic.

Output pattern (always use this exact shape):
A: <phrase>
B: <phrase>
Answer: Yes/No

Examples:

A: no_evident_not_easy_check-in
B: customer_wait_10_minute_for_greet
Answer: Yes

A: no_evident_not_easy_check-in
B: no_one_give_key_on_late_check-in
Answer: No

A: no_evident_not_great_quality
B: shampoo_seem_cheap_considering_hotel_cost
Answer: Yes

A: no_evident_not_great_quality
B: expensive_hotel
Answer: No

Now answer for this pair. Output ONLY the final line ""Answer: Yes"" or ""Answer: No"" — no other text.

A: no_evident_not_excellent_price
B: expensive_for_3_star_hotel
Answer:
","A: no_evident_not_excellent_price
B: expensive_for_3_star_hotel
Answer: Yes"
2026-08-10 23:20:50,2,417,no_evident_not_excellent_quality_ratio,unlabeled_shampoo_dispenser_for_this_price,"Task: decide if Proposition B contradicts Assumption A.

Steps:
1. A defends a claim (strip ""no_evident_not_"" / ""have_evident_"" to see it).
2. B states a fact.
3. Does B disprove A's claim? Same specific issue only, not just same topic.

Output pattern (always use this exact shape):
A: <phrase>
B: <phrase>
Answer: Yes/No

Examples:

A: no_evident_not_easy_check-in
B: customer_wait_10_minute_for_greet
Answer: Yes

A: no_evident_not_easy_check-in
B: no_one_give_key_on_late_check-in
Answer: No

A: no_evident_not_great_quality
B: shampoo_seem_cheap_considering_hotel_cost
Answer: Yes

A: no_evident_not_great_quality
B: expensive_hotel
Answer: No

Now answer for this pair. Output ONLY the final line ""Answer: Yes"" or ""Answer: No"" — no other text.

A: no_evident_not_excellent_quality_ratio
B: unlabeled_shampoo_dispenser_for_this_price
Answer:
","A: no_evident_not_excellent_quality_ratio
B: unlabeled_shampoo_dispenser_for_this_price
Answer: Yes"
2026-08-10 23:20:50,2,418,no_evident_not_excellent_quality_ratio,shampoo_seem_cheap_considering_hotel_cost,"Task: decide if Proposition B contradicts Assumption A.

Steps:
1. A defends a claim (strip ""no_evident_not_"" / ""have_evident_"" to see it).
2. B states a fact.
3. Does B disprove A's claim? Same specific issue only, not just same topic.

Output pattern (always use this exact shape):
A: <phrase>
B: <phrase>
Answer: Yes/No

Examples:

A: no_evident_not_easy_check-in
B: customer_wait_10_minute_for_greet
Answer: Yes

A: no_evident_not_easy_check-in
B: no_one_give_key_on_late_check-in
Answer: No

A: no_evident_not_great_quality
B: shampoo_seem_cheap_considering_hotel_cost
Answer: Yes

A: no_evident_not_great_quality
B: expensive_hotel
Answer: No

Now answer for this pair. Output ONLY the final line ""Answer: Yes"" or ""Answer: No"" — no other text.

A: no_evident_not_excellent_quality_ratio
B: shampoo_seem_cheap_considering_hotel_cost
Answer:
","A: no_evident_not_excellent_quality_ratio
B: shampoo_seem_cheap_considering_hotel_cost
Answer: Yes"
2026-08-10 23:20:50,2,419,no_evident_not_excellent_quality_ratio,guesthouse_but_price_like_hotel,"Task: decide if Proposition B contradicts Assumption A.

Steps:
1. A defends a claim (strip ""no_evident_not_"" / ""have_evident_"" to see it).
2. B states a fact.
3. Does B disprove A's claim? Same specific issue only, not just same topic.

Output pattern (always use this exact shape):
A: <phrase>
B: <phrase>
Answer: Yes/No

Examples:

A: no_evident_not_easy_check-in
B: customer_wait_10_minute_for_greet
Answer: Yes

A: no_evident_not_easy_check-in
B: no_one_give_key_on_late_check-in
Answer: No

A: no_evident_not_great_quality
B: shampoo_seem_cheap_considering_hotel_cost
Answer: Yes

A: no_evident_not_great_quality
B: expensive_hotel
Answer: No

Now answer for this pair. Output ONLY the final line ""Answer: Yes"" or ""Answer: No"" — no other text.

A: no_evident_not_excellent_quality_ratio
B: guesthouse_but_price_like_hotel
Answer:
","A: no_evident_not_excellent_quality_ratio
B: guesthouse_but_price_like_hotel
Answer: Yes"
2026-08-10 23:20:51,2,420,no_evident_not_excellent_quality_ratio,for_money_you_pay_you_get_one_small_water_bottle,"Task: decide if Proposition B contradicts Assumption A.

Steps:
1. A defends a claim (strip ""no_evident_not_"" / ""have_evident_"" to see it).
2. B states a fact.
3. Does B disprove A's claim? Same specific issue only, not just same topic.

Output pattern (always use this exact shape):
A: <phrase>
B: <phrase>
Answer: Yes/No

Examples:

A: no_evident_not_easy_check-in
B: customer_wait_10_minute_for_greet
Answer: Yes

A: no_evident_not_easy_check-in
B: no_one_give_key_on_late_check-in
Answer: No

A: no_evident_not_great_quality
B: shampoo_seem_cheap_considering_hotel_cost
Answer: Yes

A: no_evident_not_great_quality
B: expensive_hotel
Answer: No

Now answer for this pair. Output ONLY the final line ""Answer: Yes"" or ""Answer: No"" — no other text.

A: no_evident_not_excellent_quality_ratio
B: for_money_you_pay_you_get_one_small_water_bottle
Answer:
","A: no_evident_not_excellent_quality_ratio
B: for_money_you_pay_you_get_one_small_water_bottle
Answer: Yes"
2026-08-10 23:20:51,2,421,no_evident_not_excellent_quality_ratio,expensive_for_what_you_get,"Task: decide if Proposition B contradicts Assumption A.

Steps:
1. A defends a claim (strip ""no_evident_not_"" / ""have_evident_"" to see it).
2. B states a fact.
3. Does B disprove A's claim? Same specific issue only, not just same topic.

Output pattern (always use this exact shape):
A: <phrase>
B: <phrase>
Answer: Yes/No

Examples:

A: no_evident_not_easy_check-in
B: customer_wait_10_minute_for_greet
Answer: Yes

A: no_evident_not_easy_check-in
B: no_one_give_key_on_late_check-in
Answer: No

A: no_evident_not_great_quality
B: shampoo_seem_cheap_considering_hotel_cost
Answer: Yes

A: no_evident_not_great_quality
B: expensive_hotel
Answer: No

Now answer for this pair. Output ONLY the final line ""Answer: Yes"" or ""Answer: No"" — no other text.

A: no_evident_not_excellent_quality_ratio
B: expensive_for_what_you_get
Answer:
","A: no_evident_not_excellent_quality_ratio
B: expensive_for_what_you_get
Answer: Yes"
2026-08-10 23:20:52,2,422,no_evident_not_excellent_quality_ratio,expensive_rate_for_what_offer,"Task: decide if Proposition B contradicts Assumption A.

Steps:
1. A defends a claim (strip ""no_evident_not_"" / ""have_evident_"" to see it).
2. B states a fact.
3. Does B disprove A's claim? Same specific issue only, not just same topic.

Output pattern (always use this exact shape):
A: <phrase>
B: <phrase>
Answer: Yes/No

Examples:

A: no_evident_not_easy_check-in
B: customer_wait_10_minute_for_greet
Answer: Yes

A: no_evident_not_easy_check-in
B: no_one_give_key_on_late_check-in
Answer: No

A: no_evident_not_great_quality
B: shampoo_seem_cheap_considering_hotel_cost
Answer: Yes

A: no_evident_not_great_quality
B: expensive_hotel
Answer: No

Now answer for this pair. Output ONLY the final line ""Answer: Yes"" or ""Answer: No"" — no other text.

A: no_evident_not_excellent_quality_ratio
B: expensive_rate_for_what_offer
Answer:
","A: no_evident_not_excellent_quality_ratio
B: expensive_rate_for_what_offer
Answer: Yes"
2026-08-10 23:20:52,2,423,no_evident_not_excellent_quality_ratio,overpriced_for_facility,"Task: decide if Proposition B contradicts Assumption A.

Steps:
1. A defends a claim (strip ""no_evident_not_"" / ""have_evident_"" to see it).
2. B states a fact.
3. Does B disprove A's claim? Same specific issue only, not just same topic.

Output pattern (always use this exact shape):
A: <phrase>
B: <phrase>
Answer: Yes/No

Examples:

A: no_evident_not_easy_check-in
B: customer_wait_10_minute_for_greet
Answer: Yes

A: no_evident_not_easy_check-in
B: no_one_give_key_on_late_check-in
Answer: No

A: no_evident_not_great_quality
B: shampoo_seem_cheap_considering_hotel_cost
Answer: Yes

A: no_evident_not_great_quality
B: expensive_hotel
Answer: No

Now answer for this pair. Output ONLY the final line ""Answer: Yes"" or ""Answer: No"" — no other text.

A: no_evident_not_excellent_quality_ratio
B: overpriced_for_facility
Answer:
","A: no_evident_not_excellent_quality_ratio
B: overpriced_for_facility
Answer: Yes"
2026-08-10 23:20:52,2,424,no_evident_not_excellent_quality_ratio,meal_not_include_in_price,"Task: decide if Proposition B contradicts Assumption A.

Steps:
1. A defends a claim (strip ""no_evident_not_"" / ""have_evident_"" to see it).
2. B states a fact.
3. Does B disprove A's claim? Same specific issue only, not just same topic.

Output pattern (always use this exact shape):
A: <phrase>
B: <phrase>
Answer: Yes/No

Examples:

A: no_evident_not_easy_check-in
B: customer_wait_10_minute_for_greet
Answer: Yes

A: no_evident_not_easy_check-in
B: no_one_give_key_on_late_check-in
Answer: No

A: no_evident_not_great_quality
B: shampoo_seem_cheap_considering_hotel_cost
Answer: Yes

A: no_evident_not_great_quality
B: expensive_hotel
Answer: No

Now answer for this pair. Output ONLY the final line ""Answer: Yes"" or ""Answer: No"" — no other text.

A: no_evident_not_excellent_quality_ratio
B: meal_not_include_in_price
Answer:
","A: no_evident_not_excellent_quality_ratio
B: meal_not_include_in_price
Answer: Yes"
2026-08-10 23:20:53,2,425,no_evident_not_excellent_quality_ratio,high_price_for_not_enough_comfort_room,"Task: decide if Proposition B contradicts Assumption A.

Steps:
1. A defends a claim (strip ""no_evident_not_"" / ""have_evident_"" to see it).
2. B states a fact.
3. Does B disprove A's claim? Same specific issue only, not just same topic.

Output pattern (always use this exact shape):
A: <phrase>
B: <phrase>
Answer: Yes/No

Examples:

A: no_evident_not_easy_check-in
B: customer_wait_10_minute_for_greet
Answer: Yes

A: no_evident_not_easy_check-in
B: no_one_give_key_on_late_check-in
Answer: No

A: no_evident_not_great_quality
B: shampoo_seem_cheap_considering_hotel_cost
Answer: Yes

A: no_evident_not_great_quality
B: expensive_hotel
Answer: No

Now answer for this pair. Output ONLY the final line ""Answer: Yes"" or ""Answer: No"" — no other text.

A: no_evident_not_excellent_quality_ratio
B: high_price_for_not_enough_comfort_room
Answer:
","A: no_evident_not_excellent_quality_ratio
B: high_price_for_not_enough_comfort_room
Answer: Yes"
2026-08-10 23:20:53,2,426,no_evident_not_excellent_quality_ratio,high_price_for_small_room,"Task: decide if Proposition B contradicts Assumption A.

Steps:
1. A defends a claim (strip ""no_evident_not_"" / ""have_evident_"" to see it).
2. B states a fact.
3. Does B disprove A's claim? Same specific issue only, not just same topic.

Output pattern (always use this exact shape):
A: <phrase>
B: <phrase>
Answer: Yes/No

Examples:

A: no_evident_not_easy_check-in
B: customer_wait_10_minute_for_greet
Answer: Yes

A: no_evident_not_easy_check-in
B: no_one_give_key_on_late_check-in
Answer: No

A: no_evident_not_great_quality
B: shampoo_seem_cheap_considering_hotel_cost
Answer: Yes

A: no_evident_not_great_quality
B: expensive_hotel
Answer: No

Now answer for this pair. Output ONLY the final line ""Answer: Yes"" or ""Answer: No"" — no other text.

A: no_evident_not_excellent_quality_ratio
B: high_price_for_small_room
Answer:
","A: no_evident_not_excellent_quality_ratio
B: high_price_for_small_room
Answer: Yes"
2026-08-10 23:20:53,2,427,no_evident_not_excellent_quality_ratio,expensive_hotel,"Task: decide if Proposition B contradicts Assumption A.

Steps:
1. A defends a claim (strip ""no_evident_not_"" / ""have_evident_"" to see it).
2. B states a fact.
3. Does B disprove A's claim? Same specific issue only, not just same topic.

Output pattern (always use this exact shape):
A: <phrase>
B: <phrase>
Answer: Yes/No

Examples:

A: no_evident_not_easy_check-in
B: customer_wait_10_minute_for_greet
Answer: Yes

A: no_evident_not_easy_check-in
B: no_one_give_key_on_late_check-in
Answer: No

A: no_evident_not_great_quality
B: shampoo_seem_cheap_considering_hotel_cost
Answer: Yes

A: no_evident_not_great_quality
B: expensive_hotel
Answer: No

Now answer for this pair. Output ONLY the final line ""Answer: Yes"" or ""Answer: No"" — no other text.

A: no_evident_not_excellent_quality_ratio
B: expensive_hotel
Answer:
",Answer: No
2026-08-10 23:20:53,2,428,no_evident_not_excellent_quality_ratio,expensive_for_average_hotel,"Task: decide if Proposition B contradicts Assumption A.

Steps:
1. A defends a claim (strip ""no_evident_not_"" / ""have_evident_"" to see it).
2. B states a fact.
3. Does B disprove A's claim? Same specific issue only, not just same topic.

Output pattern (always use this exact shape):
A: <phrase>
B: <phrase>
Answer: Yes/No

Examples:

A: no_evident_not_easy_check-in
B: customer_wait_10_minute_for_greet
Answer: Yes

A: no_evident_not_easy_check-in
B: no_one_give_key_on_late_check-in
Answer: No

A: no_evident_not_great_quality
B: shampoo_seem_cheap_considering_hotel_cost
Answer: Yes

A: no_evident_not_great_quality
B: expensive_hotel
Answer: No

Now answer for this pair. Output ONLY the final line ""Answer: Yes"" or ""Answer: No"" — no other text.

A: no_evident_not_excellent_quality_ratio
B: expensive_for_average_hotel
Answer:
","A: no_evident_not_excellent_quality_ratio
B: expensive_for_average_hotel
Answer: Yes"
2026-08-10 23:20:54,2,429,no_evident_not_excellent_quality_ratio,expensive_for_3_star_hotel,"Task: decide if Proposition B contradicts Assumption A.

Steps:
1. A defends a claim (strip ""no_evident_not_"" / ""have_evident_"" to see it).
2. B states a fact.
3. Does B disprove A's claim? Same specific issue only, not just same topic.

Output pattern (always use this exact shape):
A: <phrase>
B: <phrase>
Answer: Yes/No

Examples:

A: no_evident_not_easy_check-in
B: customer_wait_10_minute_for_greet
Answer: Yes

A: no_evident_not_easy_check-in
B: no_one_give_key_on_late_check-in
Answer: No

A: no_evident_not_great_quality
B: shampoo_seem_cheap_considering_hotel_cost
Answer: Yes

A: no_evident_not_great_quality
B: expensive_hotel
Answer: No

Now answer for this pair. Output ONLY the final line ""Answer: Yes"" or ""Answer: No"" — no other text.

A: no_evident_not_excellent_quality_ratio
B: expensive_for_3_star_hotel
Answer:
","A: no_evident_not_excellent_quality_ratio
B: expensive_for_3_star_hotel
Answer: Yes"
2026-08-10 23:20:54,2,430,no_evident_not_perfect_price_for_what_we_expect,unlabeled_shampoo_dispenser_for_this_price,"Task: decide if Proposition B contradicts Assumption A.

Steps:
1. A defends a claim (strip ""no_evident_not_"" / ""have_evident_"" to see it).
2. B states a fact.
3. Does B disprove A's claim? Same specific issue only, not just same topic.

Output pattern (always use this exact shape):
A: <phrase>
B: <phrase>
Answer: Yes/No

Examples:

A: no_evident_not_easy_check-in
B: customer_wait_10_minute_for_greet
Answer: Yes

A: no_evident_not_easy_check-in
B: no_one_give_key_on_late_check-in
Answer: No

A: no_evident_not_great_quality
B: shampoo_seem_cheap_considering_hotel_cost
Answer: Yes

A: no_evident_not_great_quality
B: expensive_hotel
Answer: No

Now answer for this pair. Output ONLY the final line ""Answer: Yes"" or ""Answer: No"" — no other text.

A: no_evident_not_perfect_price_for_what_we_expect
B: unlabeled_shampoo_dispenser_for_this_price
Answer:
","A: no_evident_not_perfect_price_for_what_we_expect
B: unlabeled_shampoo_dispenser_for_this_price
Answer: Yes"
2026-08-10 23:20:55,2,431,no_evident_not_perfect_price_for_what_we_expect,shampoo_seem_cheap_considering_hotel_cost,"Task: decide if Proposition B contradicts Assumption A.

Steps:
1. A defends a claim (strip ""no_evident_not_"" / ""have_evident_"" to see it).
2. B states a fact.
3. Does B disprove A's claim? Same specific issue only, not just same topic.

Output pattern (always use this exact shape):
A: <phrase>
B: <phrase>
Answer: Yes/No

Examples:

A: no_evident_not_easy_check-in
B: customer_wait_10_minute_for_greet
Answer: Yes

A: no_evident_not_easy_check-in
B: no_one_give_key_on_late_check-in
Answer: No

A: no_evident_not_great_quality
B: shampoo_seem_cheap_considering_hotel_cost
Answer: Yes

A: no_evident_not_great_quality
B: expensive_hotel
Answer: No

Now answer for this pair. Output ONLY the final line ""Answer: Yes"" or ""Answer: No"" — no other text.

A: no_evident_not_perfect_price_for_what_we_expect
B: shampoo_seem_cheap_considering_hotel_cost
Answer:
","A: no_evident_not_perfect_price_for_what_we_expect
B: shampoo_seem_cheap_considering_hotel_cost
Answer: Yes"
2026-08-10 23:20:55,2,432,no_evident_not_perfect_price_for_what_we_expect,guesthouse_but_price_like_hotel,"Task: decide if Proposition B contradicts Assumption A.

Steps:
1. A defends a claim (strip ""no_evident_not_"" / ""have_evident_"" to see it).
2. B states a fact.
3. Does B disprove A's claim? Same specific issue only, not just same topic.

Output pattern (always use this exact shape):
A: <phrase>
B: <phrase>
Answer: Yes/No

Examples:

A: no_evident_not_easy_check-in
B: customer_wait_10_minute_for_greet
Answer: Yes

A: no_evident_not_easy_check-in
B: no_one_give_key_on_late_check-in
Answer: No

A: no_evident_not_great_quality
B: shampoo_seem_cheap_considering_hotel_cost
Answer: Yes

A: no_evident_not_great_quality
B: expensive_hotel
Answer: No

Now answer for this pair. Output ONLY the final line ""Answer: Yes"" or ""Answer: No"" — no other text.

A: no_evident_not_perfect_price_for_what_we_expect
B: guesthouse_but_price_like_hotel
Answer:
","A: no_evident_not_perfect_price_for_what_we_expect
B: guesthouse_but_price_like_hotel
Answer: Yes"
2026-08-10 23:20:56,2,433,no_evident_not_perfect_price_for_what_we_expect,for_money_you_pay_you_get_one_small_water_bottle,"Task: decide if Proposition B contradicts Assumption A.

Steps:
1. A defends a claim (strip ""no_evident_not_"" / ""have_evident_"" to see it).
2. B states a fact.
3. Does B disprove A's claim? Same specific issue only, not just same topic.

Output pattern (always use this exact shape):
A: <phrase>
B: <phrase>
Answer: Yes/No

Examples:

A: no_evident_not_easy_check-in
B: customer_wait_10_minute_for_greet
Answer: Yes

A: no_evident_not_easy_check-in
B: no_one_give_key_on_late_check-in
Answer: No

A: no_evident_not_great_quality
B: shampoo_seem_cheap_considering_hotel_cost
Answer: Yes

A: no_evident_not_great_quality
B: expensive_hotel
Answer: No

Now answer for this pair. Output ONLY the final line ""Answer: Yes"" or ""Answer: No"" — no other text.

A: no_evident_not_perfect_price_for_what_we_expect
B: for_money_you_pay_you_get_one_small_water_bottle
Answer:
","A: no_evident_not_perfect_price_for_what_we_expect
B: for_money_you_pay_you_get_one_small_water_bottle
Answer: Yes"
2026-08-10 23:20:56,2,434,no_evident_not_perfect_price_for_what_we_expect,expensive_for_what_you_get,"Task: decide if Proposition B contradicts Assumption A.

Steps:
1. A defends a claim (strip ""no_evident_not_"" / ""have_evident_"" to see it).
2. B states a fact.
3. Does B disprove A's claim? Same specific issue only, not just same topic.

Output pattern (always use this exact shape):
A: <phrase>
B: <phrase>
Answer: Yes/No

Examples:

A: no_evident_not_easy_check-in
B: customer_wait_10_minute_for_greet
Answer: Yes

A: no_evident_not_easy_check-in
B: no_one_give_key_on_late_check-in
Answer: No

A: no_evident_not_great_quality
B: shampoo_seem_cheap_considering_hotel_cost
Answer: Yes

A: no_evident_not_great_quality
B: expensive_hotel
Answer: No

Now answer for this pair. Output ONLY the final line ""Answer: Yes"" or ""Answer: No"" — no other text.

A: no_evident_not_perfect_price_for_what_we_expect
B: expensive_for_what_you_get
Answer:
","A: no_evident_not_perfect_price_for_what_we_expect
B: expensive_for_what_you_get
Answer: Yes"
2026-08-10 23:20:56,2,435,no_evident_not_perfect_price_for_what_we_expect,expensive_rate_for_what_offer,"Task: decide if Proposition B contradicts Assumption A.

Steps:
1. A defends a claim (strip ""no_evident_not_"" / ""have_evident_"" to see it).
2. B states a fact.
3. Does B disprove A's claim? Same specific issue only, not just same topic.

Output pattern (always use this exact shape):
A: <phrase>
B: <phrase>
Answer: Yes/No

Examples:

A: no_evident_not_easy_check-in
B: customer_wait_10_minute_for_greet
Answer: Yes

A: no_evident_not_easy_check-in
B: no_one_give_key_on_late_check-in
Answer: No

A: no_evident_not_great_quality
B: shampoo_seem_cheap_considering_hotel_cost
Answer: Yes

A: no_evident_not_great_quality
B: expensive_hotel
Answer: No

Now answer for this pair. Output ONLY the final line ""Answer: Yes"" or ""Answer: No"" — no other text.

A: no_evident_not_perfect_price_for_what_we_expect
B: expensive_rate_for_what_offer
Answer:
","A: no_evident_not_perfect_price_for_what_we_expect
B: expensive_rate_for_what_offer
Answer: Yes"
2026-08-10 23:20:57,2,436,no_evident_not_perfect_price_for_what_we_expect,overpriced_for_facility,"Task: decide if Proposition B contradicts Assumption A.

Steps:
1. A defends a claim (strip ""no_evident_not_"" / ""have_evident_"" to see it).
2. B states a fact.
3. Does B disprove A's claim? Same specific issue only, not just same topic.

Output pattern (always use this exact shape):
A: <phrase>
B: <phrase>
Answer: Yes/No

Examples:

A: no_evident_not_easy_check-in
B: customer_wait_10_minute_for_greet
Answer: Yes

A: no_evident_not_easy_check-in
B: no_one_give_key_on_late_check-in
Answer: No

A: no_evident_not_great_quality
B: shampoo_seem_cheap_considering_hotel_cost
Answer: Yes

A: no_evident_not_great_quality
B: expensive_hotel
Answer: No

Now answer for this pair. Output ONLY the final line ""Answer: Yes"" or ""Answer: No"" — no other text.

A: no_evident_not_perfect_price_for_what_we_expect
B: overpriced_for_facility
Answer:
","A: no_evident_not_perfect_price_for_what_we_expect
B: overpriced_for_facility
Answer: Yes"
2026-08-10 23:20:57,2,437,no_evident_not_perfect_price_for_what_we_expect,meal_not_include_in_price,"Task: decide if Proposition B contradicts Assumption A.

Steps:
1. A defends a claim (strip ""no_evident_not_"" / ""have_evident_"" to see it).
2. B states a fact.
3. Does B disprove A's claim? Same specific issue only, not just same topic.

Output pattern (always use this exact shape):
A: <phrase>
B: <phrase>
Answer: Yes/No

Examples:

A: no_evident_not_easy_check-in
B: customer_wait_10_minute_for_greet
Answer: Yes

A: no_evident_not_easy_check-in
B: no_one_give_key_on_late_check-in
Answer: No

A: no_evident_not_great_quality
B: shampoo_seem_cheap_considering_hotel_cost
Answer: Yes

A: no_evident_not_great_quality
B: expensive_hotel
Answer: No

Now answer for this pair. Output ONLY the final line ""Answer: Yes"" or ""Answer: No"" — no other text.

A: no_evident_not_perfect_price_for_what_we_expect
B: meal_not_include_in_price
Answer:
","A: no_evident_not_perfect_price_for_what_we_expect
B: meal_not_include_in_price
Answer: Yes"
2026-08-10 23:20:58,2,438,no_evident_not_perfect_price_for_what_we_expect,high_price_for_not_enough_comfort_room,"Task: decide if Proposition B contradicts Assumption A.

Steps:
1. A defends a claim (strip ""no_evident_not_"" / ""have_evident_"" to see it).
2. B states a fact.
3. Does B disprove A's claim? Same specific issue only, not just same topic.

Output pattern (always use this exact shape):
A: <phrase>
B: <phrase>
Answer: Yes/No

Examples:

A: no_evident_not_easy_check-in
B: customer_wait_10_minute_for_greet
Answer: Yes

A: no_evident_not_easy_check-in
B: no_one_give_key_on_late_check-in
Answer: No

A: no_evident_not_great_quality
B: shampoo_seem_cheap_considering_hotel_cost
Answer: Yes

A: no_evident_not_great_quality
B: expensive_hotel
Answer: No

Now answer for this pair. Output ONLY the final line ""Answer: Yes"" or ""Answer: No"" — no other text.

A: no_evident_not_perfect_price_for_what_we_expect
B: high_price_for_not_enough_comfort_room
Answer:
","A: no_evident_not_perfect_price_for_what_we_expect
B: high_price_for_not_enough_comfort_room
Answer: Yes"
2026-08-10 23:20:58,2,439,no_evident_not_perfect_price_for_what_we_expect,high_price_for_small_room,"Task: decide if Proposition B contradicts Assumption A.

Steps:
1. A defends a claim (strip ""no_evident_not_"" / ""have_evident_"" to see it).
2. B states a fact.
3. Does B disprove A's claim? Same specific issue only, not just same topic.

Output pattern (always use this exact shape):
A: <phrase>
B: <phrase>
Answer: Yes/No

Examples:

A: no_evident_not_easy_check-in
B: customer_wait_10_minute_for_greet
Answer: Yes

A: no_evident_not_easy_check-in
B: no_one_give_key_on_late_check-in
Answer: No

A: no_evident_not_great_quality
B: shampoo_seem_cheap_considering_hotel_cost
Answer: Yes

A: no_evident_not_great_quality
B: expensive_hotel
Answer: No

Now answer for this pair. Output ONLY the final line ""Answer: Yes"" or ""Answer: No"" — no other text.

A: no_evident_not_perfect_price_for_what_we_expect
B: high_price_for_small_room
Answer:
","A: no_evident_not_perfect_price_for_what_we_expect
B: high_price_for_small_room
Answer: Yes"
2026-08-10 23:20:59,2,440,no_evident_not_perfect_price_for_what_we_expect,expensive_hotel,"Task: decide if Proposition B contradicts Assumption A.

Steps:
1. A defends a claim (strip ""no_evident_not_"" / ""have_evident_"" to see it).
2. B states a fact.
3. Does B disprove A's claim? Same specific issue only, not just same topic.

Output pattern (always use this exact shape):
A: <phrase>
B: <phrase>
Answer: Yes/No

Examples:

A: no_evident_not_easy_check-in
B: customer_wait_10_minute_for_greet
Answer: Yes

A: no_evident_not_easy_check-in
B: no_one_give_key_on_late_check-in
Answer: No

A: no_evident_not_great_quality
B: shampoo_seem_cheap_considering_hotel_cost
Answer: Yes

A: no_evident_not_great_quality
B: expensive_hotel
Answer: No

Now answer for this pair. Output ONLY the final line ""Answer: Yes"" or ""Answer: No"" — no other text.

A: no_evident_not_perfect_price_for_what_we_expect
B: expensive_hotel
Answer:
","A: no_evident_not_perfect_price_for_what_we_expect
B: expensive_hotel
Answer: Yes"
2026-08-10 23:20:59,2,441,no_evident_not_perfect_price_for_what_we_expect,expensive_for_average_hotel,"Task: decide if Proposition B contradicts Assumption A.

Steps:
1. A defends a claim (strip ""no_evident_not_"" / ""have_evident_"" to see it).
2. B states a fact.
3. Does B disprove A's claim? Same specific issue only, not just same topic.

Output pattern (always use this exact shape):
A: <phrase>
B: <phrase>
Answer: Yes/No

Examples:

A: no_evident_not_easy_check-in
B: customer_wait_10_minute_for_greet
Answer: Yes

A: no_evident_not_easy_check-in
B: no_one_give_key_on_late_check-in
Answer: No

A: no_evident_not_great_quality
B: shampoo_seem_cheap_considering_hotel_cost
Answer: Yes

A: no_evident_not_great_quality
B: expensive_hotel
Answer: No

Now answer for this pair. Output ONLY the final line ""Answer: Yes"" or ""Answer: No"" — no other text.

A: no_evident_not_perfect_price_for_what_we_expect
B: expensive_for_average_hotel
Answer:
","A: no_evident_not_perfect_price_for_what_we_expect
B: expensive_for_average_hotel
Answer: Yes"
2026-08-10 23:20:59,2,442,no_evident_not_perfect_price_for_what_we_expect,expensive_for_3_star_hotel,"Task: decide if Proposition B contradicts Assumption A.

Steps:
1. A defends a claim (strip ""no_evident_not_"" / ""have_evident_"" to see it).
2. B states a fact.
3. Does B disprove A's claim? Same specific issue only, not just same topic.

Output pattern (always use this exact shape):
A: <phrase>
B: <phrase>
Answer: Yes/No

Examples:

A: no_evident_not_easy_check-in
B: customer_wait_10_minute_for_greet
Answer: Yes

A: no_evident_not_easy_check-in
B: no_one_give_key_on_late_check-in
Answer: No

A: no_evident_not_great_quality
B: shampoo_seem_cheap_considering_hotel_cost
Answer: Yes

A: no_evident_not_great_quality
B: expensive_hotel
Answer: No

Now answer for this pair. Output ONLY the final line ""Answer: Yes"" or ""Answer: No"" — no other text.

A: no_evident_not_perfect_price_for_what_we_expect
B: expensive_for_3_star_hotel
Answer:
","A: no_evident_not_perfect_price_for_what_we_expect
B: expensive_for_3_star_hotel
Answer: Yes"
2026-08-10 23:21:00,2,443,no_evident_not_excellent_value,unlabeled_shampoo_dispenser_for_this_price,"Task: decide if Proposition B contradicts Assumption A.

Steps:
1. A defends a claim (strip ""no_evident_not_"" / ""have_evident_"" to see it).
2. B states a fact.
3. Does B disprove A's claim? Same specific issue only, not just same topic.

Output pattern (always use this exact shape):
A: <phrase>
B: <phrase>
Answer: Yes/No

Examples:

A: no_evident_not_easy_check-in
B: customer_wait_10_minute_for_greet
Answer: Yes

A: no_evident_not_easy_check-in
B: no_one_give_key_on_late_check-in
Answer: No

A: no_evident_not_great_quality
B: shampoo_seem_cheap_considering_hotel_cost
Answer: Yes

A: no_evident_not_great_quality
B: expensive_hotel
Answer: No

Now answer for this pair. Output ONLY the final line ""Answer: Yes"" or ""Answer: No"" — no other text.

A: no_evident_not_excellent_value
B: unlabeled_shampoo_dispenser_for_this_price
Answer:
","A: no_evident_not_excellent_value
B: unlabeled_shampoo_dispenser_for_this_price
Answer: Yes"
2026-08-10 23:21:00,2,444,no_evident_not_excellent_value,shampoo_seem_cheap_considering_hotel_cost,"Task: decide if Proposition B contradicts Assumption A.

Steps:
1. A defends a claim (strip ""no_evident_not_"" / ""have_evident_"" to see it).
2. B states a fact.
3. Does B disprove A's claim? Same specific issue only, not just same topic.

Output pattern (always use this exact shape):
A: <phrase>
B: <phrase>
Answer: Yes/No

Examples:

A: no_evident_not_easy_check-in
B: customer_wait_10_minute_for_greet
Answer: Yes

A: no_evident_not_easy_check-in
B: no_one_give_key_on_late_check-in
Answer: No

A: no_evident_not_great_quality
B: shampoo_seem_cheap_considering_hotel_cost
Answer: Yes

A: no_evident_not_great_quality
B: expensive_hotel
Answer: No

Now answer for this pair. Output ONLY the final line ""Answer: Yes"" or ""Answer: No"" — no other text.

A: no_evident_not_excellent_value
B: shampoo_seem_cheap_considering_hotel_cost
Answer:
",Answer: Yes
2026-08-10 23:21:00,2,445,no_evident_not_excellent_value,guesthouse_but_price_like_hotel,"Task: decide if Proposition B contradicts Assumption A.

Steps:
1. A defends a claim (strip ""no_evident_not_"" / ""have_evident_"" to see it).
2. B states a fact.
3. Does B disprove A's claim? Same specific issue only, not just same topic.

Output pattern (always use this exact shape):
A: <phrase>
B: <phrase>
Answer: Yes/No

Examples:

A: no_evident_not_easy_check-in
B: customer_wait_10_minute_for_greet
Answer: Yes

A: no_evident_not_easy_check-in
B: no_one_give_key_on_late_check-in
Answer: No

A: no_evident_not_great_quality
B: shampoo_seem_cheap_considering_hotel_cost
Answer: Yes

A: no_evident_not_great_quality
B: expensive_hotel
Answer: No

Now answer for this pair. Output ONLY the final line ""Answer: Yes"" or ""Answer: No"" — no other text.

A: no_evident_not_excellent_value
B: guesthouse_but_price_like_hotel
Answer:
","A: no_evident_not_excellent_value
B: guesthouse_but_price_like_hotel
Answer: Yes"
2026-08-10 23:21:01,2,446,no_evident_not_excellent_value,for_money_you_pay_you_get_one_small_water_bottle,"Task: decide if Proposition B contradicts Assumption A.

Steps:
1. A defends a claim (strip ""no_evident_not_"" / ""have_evident_"" to see it).
2. B states a fact.
3. Does B disprove A's claim? Same specific issue only, not just same topic.

Output pattern (always use this exact shape):
A: <phrase>
B: <phrase>
Answer: Yes/No

Examples:

A: no_evident_not_easy_check-in
B: customer_wait_10_minute_for_greet
Answer: Yes

A: no_evident_not_easy_check-in
B: no_one_give_key_on_late_check-in
Answer: No

A: no_evident_not_great_quality
B: shampoo_seem_cheap_considering_hotel_cost
Answer: Yes

A: no_evident_not_great_quality
B: expensive_hotel
Answer: No

Now answer for this pair. Output ONLY the final line ""Answer: Yes"" or ""Answer: No"" — no other text.

A: no_evident_not_excellent_value
B: for_money_you_pay_you_get_one_small_water_bottle
Answer:
","A: no_evident_not_excellent_value
B: for_money_you_pay_you_get_one_small_water_bottle
Answer: Yes"
2026-08-10 23:21:01,2,447,no_evident_not_excellent_value,expensive_for_what_you_get,"Task: decide if Proposition B contradicts Assumption A.

Steps:
1. A defends a claim (strip ""no_evident_not_"" / ""have_evident_"" to see it).
2. B states a fact.
3. Does B disprove A's claim? Same specific issue only, not just same topic.

Output pattern (always use this exact shape):
A: <phrase>
B: <phrase>
Answer: Yes/No

Examples:

A: no_evident_not_easy_check-in
B: customer_wait_10_minute_for_greet
Answer: Yes

A: no_evident_not_easy_check-in
B: no_one_give_key_on_late_check-in
Answer: No

A: no_evident_not_great_quality
B: shampoo_seem_cheap_considering_hotel_cost
Answer: Yes

A: no_evident_not_great_quality
B: expensive_hotel
Answer: No

Now answer for this pair. Output ONLY the final line ""Answer: Yes"" or ""Answer: No"" — no other text.

A: no_evident_not_excellent_value
B: expensive_for_what_you_get
Answer:
","A: no_evident_not_excellent_value
B: expensive_for_what_you_get
Answer: Yes"
2026-08-10 23:21:01,2,448,no_evident_not_excellent_value,expensive_rate_for_what_offer,"Task: decide if Proposition B contradicts Assumption A.

Steps:
1. A defends a claim (strip ""no_evident_not_"" / ""have_evident_"" to see it).
2. B states a fact.
3. Does B disprove A's claim? Same specific issue only, not just same topic.

Output pattern (always use this exact shape):
A: <phrase>
B: <phrase>
Answer: Yes/No

Examples:

A: no_evident_not_easy_check-in
B: customer_wait_10_minute_for_greet
Answer: Yes

A: no_evident_not_easy_check-in
B: no_one_give_key_on_late_check-in
Answer: No

A: no_evident_not_great_quality
B: shampoo_seem_cheap_considering_hotel_cost
Answer: Yes

A: no_evident_not_great_quality
B: expensive_hotel
Answer: No

Now answer for this pair. Output ONLY the final line ""Answer: Yes"" or ""Answer: No"" — no other text.

A: no_evident_not_excellent_value
B: expensive_rate_for_what_offer
Answer:
","A: no_evident_not_excellent_value
B: expensive_rate_for_what_offer
Answer: Yes"
2026-08-10 23:21:02,2,449,no_evident_not_excellent_value,overpriced_for_facility,"Task: decide if Proposition B contradicts Assumption A.

Steps:
1. A defends a claim (strip ""no_evident_not_"" / ""have_evident_"" to see it).
2. B states a fact.
3. Does B disprove A's claim? Same specific issue only, not just same topic.

Output pattern (always use this exact shape):
A: <phrase>
B: <phrase>
Answer: Yes/No

Examples:

A: no_evident_not_easy_check-in
B: customer_wait_10_minute_for_greet
Answer: Yes

A: no_evident_not_easy_check-in
B: no_one_give_key_on_late_check-in
Answer: No

A: no_evident_not_great_quality
B: shampoo_seem_cheap_considering_hotel_cost
Answer: Yes

A: no_evident_not_great_quality
B: expensive_hotel
Answer: No

Now answer for this pair. Output ONLY the final line ""Answer: Yes"" or ""Answer: No"" — no other text.

A: no_evident_not_excellent_value
B: overpriced_for_facility
Answer:
","A: no_evident_not_excellent_value
B: overpriced_for_facility
Answer: Yes"
2026-08-10 23:21:02,2,450,no_evident_not_excellent_value,meal_not_include_in_price,"Task: decide if Proposition B contradicts Assumption A.

Steps:
1. A defends a claim (strip ""no_evident_not_"" / ""have_evident_"" to see it).
2. B states a fact.
3. Does B disprove A's claim? Same specific issue only, not just same topic.

Output pattern (always use this exact shape):
A: <phrase>
B: <phrase>
Answer: Yes/No

Examples:

A: no_evident_not_easy_check-in
B: customer_wait_10_minute_for_greet
Answer: Yes

A: no_evident_not_easy_check-in
B: no_one_give_key_on_late_check-in
Answer: No

A: no_evident_not_great_quality
B: shampoo_seem_cheap_considering_hotel_cost
Answer: Yes

A: no_evident_not_great_quality
B: expensive_hotel
Answer: No

Now answer for this pair. Output ONLY the final line ""Answer: Yes"" or ""Answer: No"" — no other text.

A: no_evident_not_excellent_value
B: meal_not_include_in_price
Answer:
","A: no_evident_not_excellent_value
B: meal_not_include_in_price
Answer: Yes"
2026-08-10 23:21:02,2,451,no_evident_not_excellent_value,high_price_for_not_enough_comfort_room,"Task: decide if Proposition B contradicts Assumption A.

Steps:
1. A defends a claim (strip ""no_evident_not_"" / ""have_evident_"" to see it).
2. B states a fact.
3. Does B disprove A's claim? Same specific issue only, not just same topic.

Output pattern (always use this exact shape):
A: <phrase>
B: <phrase>
Answer: Yes/No

Examples:

A: no_evident_not_easy_check-in
B: customer_wait_10_minute_for_greet
Answer: Yes

A: no_evident_not_easy_check-in
B: no_one_give_key_on_late_check-in
Answer: No

A: no_evident_not_great_quality
B: shampoo_seem_cheap_considering_hotel_cost
Answer: Yes

A: no_evident_not_great_quality
B: expensive_hotel
Answer: No

Now answer for this pair. Output ONLY the final line ""Answer: Yes"" or ""Answer: No"" — no other text.

A: no_evident_not_excellent_value
B: high_price_for_not_enough_comfort_room
Answer:
","A: no_evident_not_excellent_value
B: high_price_for_not_enough_comfort_room
Answer: Yes"
2026-08-10 23:21:03,2,452,no_evident_not_excellent_value,high_price_for_small_room,"Task: decide if Proposition B contradicts Assumption A.

Steps:
1. A defends a claim (strip ""no_evident_not_"" / ""have_evident_"" to see it).
2. B states a fact.
3. Does B disprove A's claim? Same specific issue only, not just same topic.

Output pattern (always use this exact shape):
A: <phrase>
B: <phrase>
Answer: Yes/No

Examples:

A: no_evident_not_easy_check-in
B: customer_wait_10_minute_for_greet
Answer: Yes

A: no_evident_not_easy_check-in
B: no_one_give_key_on_late_check-in
Answer: No

A: no_evident_not_great_quality
B: shampoo_seem_cheap_considering_hotel_cost
Answer: Yes

A: no_evident_not_great_quality
B: expensive_hotel
Answer: No

Now answer for this pair. Output ONLY the final line ""Answer: Yes"" or ""Answer: No"" — no other text.

A: no_evident_not_excellent_value
B: high_price_for_small_room
Answer:
","A: no_evident_not_excellent_value
B: high_price_for_small_room
Answer: Yes"
2026-08-10 23:21:03,2,453,no_evident_not_excellent_value,expensive_hotel,"Task: decide if Proposition B contradicts Assumption A.

Steps:
1. A defends a claim (strip ""no_evident_not_"" / ""have_evident_"" to see it).
2. B states a fact.
3. Does B disprove A's claim? Same specific issue only, not just same topic.

Output pattern (always use this exact shape):
A: <phrase>
B: <phrase>
Answer: Yes/No

Examples:

A: no_evident_not_easy_check-in
B: customer_wait_10_minute_for_greet
Answer: Yes

A: no_evident_not_easy_check-in
B: no_one_give_key_on_late_check-in
Answer: No

A: no_evident_not_great_quality
B: shampoo_seem_cheap_considering_hotel_cost
Answer: Yes

A: no_evident_not_great_quality
B: expensive_hotel
Answer: No

Now answer for this pair. Output ONLY the final line ""Answer: Yes"" or ""Answer: No"" — no other text.

A: no_evident_not_excellent_value
B: expensive_hotel
Answer:
",Answer: No
2026-08-10 23:21:03,2,454,no_evident_not_excellent_value,expensive_for_average_hotel,"Task: decide if Proposition B contradicts Assumption A.

Steps:
1. A defends a claim (strip ""no_evident_not_"" / ""have_evident_"" to see it).
2. B states a fact.
3. Does B disprove A's claim? Same specific issue only, not just same topic.

Output pattern (always use this exact shape):
A: <phrase>
B: <phrase>
Answer: Yes/No

Examples:

A: no_evident_not_easy_check-in
B: customer_wait_10_minute_for_greet
Answer: Yes

A: no_evident_not_easy_check-in
B: no_one_give_key_on_late_check-in
Answer: No

A: no_evident_not_great_quality
B: shampoo_seem_cheap_considering_hotel_cost
Answer: Yes

A: no_evident_not_great_quality
B: expensive_hotel
Answer: No

Now answer for this pair. Output ONLY the final line ""Answer: Yes"" or ""Answer: No"" — no other text.

A: no_evident_not_excellent_value
B: expensive_for_average_hotel
Answer:
","A: no_evident_not_excellent_value
B: expensive_for_average_hotel
Answer: Yes"
2026-08-10 23:21:03,2,455,no_evident_not_excellent_value,expensive_for_3_star_hotel,"Task: decide if Proposition B contradicts Assumption A.

Steps:
1. A defends a claim (strip ""no_evident_not_"" / ""have_evident_"" to see it).
2. B states a fact.
3. Does B disprove A's claim? Same specific issue only, not just same topic.

Output pattern (always use this exact shape):
A: <phrase>
B: <phrase>
Answer: Yes/No

Examples:

A: no_evident_not_easy_check-in
B: customer_wait_10_minute_for_greet
Answer: Yes

A: no_evident_not_easy_check-in
B: no_one_give_key_on_late_check-in
Answer: No

A: no_evident_not_great_quality
B: shampoo_seem_cheap_considering_hotel_cost
Answer: Yes

A: no_evident_not_great_quality
B: expensive_hotel
Answer: No

Now answer for this pair. Output ONLY the final line ""Answer: Yes"" or ""Answer: No"" — no other text.

A: no_evident_not_excellent_value
B: expensive_for_3_star_hotel
Answer:
","A: no_evident_not_excellent_value
B: expensive_for_3_star_hotel
Answer: Yes"
