Timestamp,Run,ID,PhraseA,PhraseB,Prompt,RawOutput
2026-08-10 23:06:57,3,8,no_evident_not_clear_instruction_to_access_room,door_lock_on_late_check-in,"You are checking arguments in an ABA (Assumption-Based Argumentation) framework built from hotel review mining.

BACKGROUND:
Phrase A is always an auto-derived ""Assumption"" — it defends a claim by asserting no counter-evidence
exists. It has one of two forms:
- ""no_evident_not_X"" → defends that X IS true (assumes no evidence proves X false)
- ""have_evident_no_Y"" → defends that Y IS absent (assumes there IS evidence Y is missing)

Phrase B is a candidate ""Proposition"" — a separate fact mined from another part of the review data.

TASK: Decide whether Phrase B is CONTRARY to Phrase A — meaning: if Phrase B is true, does it act as
the counter-evidence that breaks Phrase A's assumption?

RULES (apply in order):
1. Strip the ""no_evident_not_"" or ""have_evident_"" prefix from Phrase A to recover the underlying claim.
2. Ask: does Phrase B describe a concrete fact that, if true, disproves that claim?
3. Phrase B must be about the SAME specific situation as the claim, not merely the same general topic.
   A different specific complaint about the same topic is usually NOT contrary.
4. Do not judge by shared keywords (e.g. both containing ""not"" or ""no"") — judge the meaning.
5. If B provides real counter-evidence against A's claim → Yes. Otherwise → No.

CONTRASTIVE EXAMPLES:

1) Phrase A is no_evident_not_easy_check-in. Phrase B is customer_wait_10_minute_for_greet.
   → Waiting 10 minutes to be greeted is direct evidence check-in was NOT easy. Answer: Yes

2) Phrase A is no_evident_not_easy_check-in. Phrase B is no_one_give_key_on_late_check-in.
   → This is about late check-in key handover, a different specific issue than check-in being easy. Answer: No

3) Phrase A is no_evident_not_great_quality. Phrase B is shampoo_seem_cheap_considering_hotel_cost.
   → Cheap-feeling shampoo for the price directly undercuts the ""great quality"" claim. Answer: Yes

4) Phrase A is no_evident_not_great_quality. Phrase B is expensive_hotel.
   → ""Expensive"" is a price complaint, not evidence about quality. Answer: No

5) Phrase A is no_evident_not_helpful_staff. Phrase B is not_kind_staff.
   → ""Not kind"" is a distinct complaint (attitude) from ""not helpful"" (competence/assistance) —
     it does not itself prove staff were unhelpful. Answer: No

OUTPUT FORMAT: Respond with exactly one word, ""Yes"" or ""No"". No explanation, no punctuation.

NOW DECIDE:
Phrase A is no_evident_not_clear_instruction_to_access_room. Phrase B is door_lock_on_late_check-in.
Answer:
",Yes
2026-08-10 23:06:57,3,6,no_evident_not_easy_check-in,staff_take_picture_of_passport,"You are checking arguments in an ABA (Assumption-Based Argumentation) framework built from hotel review mining.

BACKGROUND:
Phrase A is always an auto-derived ""Assumption"" — it defends a claim by asserting no counter-evidence
exists. It has one of two forms:
- ""no_evident_not_X"" → defends that X IS true (assumes no evidence proves X false)
- ""have_evident_no_Y"" → defends that Y IS absent (assumes there IS evidence Y is missing)

Phrase B is a candidate ""Proposition"" — a separate fact mined from another part of the review data.

TASK: Decide whether Phrase B is CONTRARY to Phrase A — meaning: if Phrase B is true, does it act as
the counter-evidence that breaks Phrase A's assumption?

RULES (apply in order):
1. Strip the ""no_evident_not_"" or ""have_evident_"" prefix from Phrase A to recover the underlying claim.
2. Ask: does Phrase B describe a concrete fact that, if true, disproves that claim?
3. Phrase B must be about the SAME specific situation as the claim, not merely the same general topic.
   A different specific complaint about the same topic is usually NOT contrary.
4. Do not judge by shared keywords (e.g. both containing ""not"" or ""no"") — judge the meaning.
5. If B provides real counter-evidence against A's claim → Yes. Otherwise → No.

CONTRASTIVE EXAMPLES:

1) Phrase A is no_evident_not_easy_check-in. Phrase B is customer_wait_10_minute_for_greet.
   → Waiting 10 minutes to be greeted is direct evidence check-in was NOT easy. Answer: Yes

2) Phrase A is no_evident_not_easy_check-in. Phrase B is no_one_give_key_on_late_check-in.
   → This is about late check-in key handover, a different specific issue than check-in being easy. Answer: No

3) Phrase A is no_evident_not_great_quality. Phrase B is shampoo_seem_cheap_considering_hotel_cost.
   → Cheap-feeling shampoo for the price directly undercuts the ""great quality"" claim. Answer: Yes

4) Phrase A is no_evident_not_great_quality. Phrase B is expensive_hotel.
   → ""Expensive"" is a price complaint, not evidence about quality. Answer: No

5) Phrase A is no_evident_not_helpful_staff. Phrase B is not_kind_staff.
   → ""Not kind"" is a distinct complaint (attitude) from ""not helpful"" (competence/assistance) —
     it does not itself prove staff were unhelpful. Answer: No

OUTPUT FORMAT: Respond with exactly one word, ""Yes"" or ""No"". No explanation, no punctuation.

NOW DECIDE:
Phrase A is no_evident_not_easy_check-in. Phrase B is staff_take_picture_of_passport.
Answer:
",No.
2026-08-10 23:06:57,3,7,no_evident_not_clear_instruction_to_access_room,no_one_give_key_on_late_check-in,"You are checking arguments in an ABA (Assumption-Based Argumentation) framework built from hotel review mining.

BACKGROUND:
Phrase A is always an auto-derived ""Assumption"" — it defends a claim by asserting no counter-evidence
exists. It has one of two forms:
- ""no_evident_not_X"" → defends that X IS true (assumes no evidence proves X false)
- ""have_evident_no_Y"" → defends that Y IS absent (assumes there IS evidence Y is missing)

Phrase B is a candidate ""Proposition"" — a separate fact mined from another part of the review data.

TASK: Decide whether Phrase B is CONTRARY to Phrase A — meaning: if Phrase B is true, does it act as
the counter-evidence that breaks Phrase A's assumption?

RULES (apply in order):
1. Strip the ""no_evident_not_"" or ""have_evident_"" prefix from Phrase A to recover the underlying claim.
2. Ask: does Phrase B describe a concrete fact that, if true, disproves that claim?
3. Phrase B must be about the SAME specific situation as the claim, not merely the same general topic.
   A different specific complaint about the same topic is usually NOT contrary.
4. Do not judge by shared keywords (e.g. both containing ""not"" or ""no"") — judge the meaning.
5. If B provides real counter-evidence against A's claim → Yes. Otherwise → No.

CONTRASTIVE EXAMPLES:

1) Phrase A is no_evident_not_easy_check-in. Phrase B is customer_wait_10_minute_for_greet.
   → Waiting 10 minutes to be greeted is direct evidence check-in was NOT easy. Answer: Yes

2) Phrase A is no_evident_not_easy_check-in. Phrase B is no_one_give_key_on_late_check-in.
   → This is about late check-in key handover, a different specific issue than check-in being easy. Answer: No

3) Phrase A is no_evident_not_great_quality. Phrase B is shampoo_seem_cheap_considering_hotel_cost.
   → Cheap-feeling shampoo for the price directly undercuts the ""great quality"" claim. Answer: Yes

4) Phrase A is no_evident_not_great_quality. Phrase B is expensive_hotel.
   → ""Expensive"" is a price complaint, not evidence about quality. Answer: No

5) Phrase A is no_evident_not_helpful_staff. Phrase B is not_kind_staff.
   → ""Not kind"" is a distinct complaint (attitude) from ""not helpful"" (competence/assistance) —
     it does not itself prove staff were unhelpful. Answer: No

OUTPUT FORMAT: Respond with exactly one word, ""Yes"" or ""No"". No explanation, no punctuation.

NOW DECIDE:
Phrase A is no_evident_not_clear_instruction_to_access_room. Phrase B is no_one_give_key_on_late_check-in.
Answer:
",Yes
2026-08-10 23:06:58,3,1,no_evident_not_easy_check-in,no_one_give_key_on_late_check-in,"You are checking arguments in an ABA (Assumption-Based Argumentation) framework built from hotel review mining.

BACKGROUND:
Phrase A is always an auto-derived ""Assumption"" — it defends a claim by asserting no counter-evidence
exists. It has one of two forms:
- ""no_evident_not_X"" → defends that X IS true (assumes no evidence proves X false)
- ""have_evident_no_Y"" → defends that Y IS absent (assumes there IS evidence Y is missing)

Phrase B is a candidate ""Proposition"" — a separate fact mined from another part of the review data.

TASK: Decide whether Phrase B is CONTRARY to Phrase A — meaning: if Phrase B is true, does it act as
the counter-evidence that breaks Phrase A's assumption?

RULES (apply in order):
1. Strip the ""no_evident_not_"" or ""have_evident_"" prefix from Phrase A to recover the underlying claim.
2. Ask: does Phrase B describe a concrete fact that, if true, disproves that claim?
3. Phrase B must be about the SAME specific situation as the claim, not merely the same general topic.
   A different specific complaint about the same topic is usually NOT contrary.
4. Do not judge by shared keywords (e.g. both containing ""not"" or ""no"") — judge the meaning.
5. If B provides real counter-evidence against A's claim → Yes. Otherwise → No.

CONTRASTIVE EXAMPLES:

1) Phrase A is no_evident_not_easy_check-in. Phrase B is customer_wait_10_minute_for_greet.
   → Waiting 10 minutes to be greeted is direct evidence check-in was NOT easy. Answer: Yes

2) Phrase A is no_evident_not_easy_check-in. Phrase B is no_one_give_key_on_late_check-in.
   → This is about late check-in key handover, a different specific issue than check-in being easy. Answer: No

3) Phrase A is no_evident_not_great_quality. Phrase B is shampoo_seem_cheap_considering_hotel_cost.
   → Cheap-feeling shampoo for the price directly undercuts the ""great quality"" claim. Answer: Yes

4) Phrase A is no_evident_not_great_quality. Phrase B is expensive_hotel.
   → ""Expensive"" is a price complaint, not evidence about quality. Answer: No

5) Phrase A is no_evident_not_helpful_staff. Phrase B is not_kind_staff.
   → ""Not kind"" is a distinct complaint (attitude) from ""not helpful"" (competence/assistance) —
     it does not itself prove staff were unhelpful. Answer: No

OUTPUT FORMAT: Respond with exactly one word, ""Yes"" or ""No"". No explanation, no punctuation.

NOW DECIDE:
Phrase A is no_evident_not_easy_check-in. Phrase B is no_one_give_key_on_late_check-in.
Answer:
",No.
2026-08-10 23:06:58,3,4,no_evident_not_easy_check-in,customer_wait_10_minute_for_check-in,"You are checking arguments in an ABA (Assumption-Based Argumentation) framework built from hotel review mining.

BACKGROUND:
Phrase A is always an auto-derived ""Assumption"" — it defends a claim by asserting no counter-evidence
exists. It has one of two forms:
- ""no_evident_not_X"" → defends that X IS true (assumes no evidence proves X false)
- ""have_evident_no_Y"" → defends that Y IS absent (assumes there IS evidence Y is missing)

Phrase B is a candidate ""Proposition"" — a separate fact mined from another part of the review data.

TASK: Decide whether Phrase B is CONTRARY to Phrase A — meaning: if Phrase B is true, does it act as
the counter-evidence that breaks Phrase A's assumption?

RULES (apply in order):
1. Strip the ""no_evident_not_"" or ""have_evident_"" prefix from Phrase A to recover the underlying claim.
2. Ask: does Phrase B describe a concrete fact that, if true, disproves that claim?
3. Phrase B must be about the SAME specific situation as the claim, not merely the same general topic.
   A different specific complaint about the same topic is usually NOT contrary.
4. Do not judge by shared keywords (e.g. both containing ""not"" or ""no"") — judge the meaning.
5. If B provides real counter-evidence against A's claim → Yes. Otherwise → No.

CONTRASTIVE EXAMPLES:

1) Phrase A is no_evident_not_easy_check-in. Phrase B is customer_wait_10_minute_for_greet.
   → Waiting 10 minutes to be greeted is direct evidence check-in was NOT easy. Answer: Yes

2) Phrase A is no_evident_not_easy_check-in. Phrase B is no_one_give_key_on_late_check-in.
   → This is about late check-in key handover, a different specific issue than check-in being easy. Answer: No

3) Phrase A is no_evident_not_great_quality. Phrase B is shampoo_seem_cheap_considering_hotel_cost.
   → Cheap-feeling shampoo for the price directly undercuts the ""great quality"" claim. Answer: Yes

4) Phrase A is no_evident_not_great_quality. Phrase B is expensive_hotel.
   → ""Expensive"" is a price complaint, not evidence about quality. Answer: No

5) Phrase A is no_evident_not_helpful_staff. Phrase B is not_kind_staff.
   → ""Not kind"" is a distinct complaint (attitude) from ""not helpful"" (competence/assistance) —
     it does not itself prove staff were unhelpful. Answer: No

OUTPUT FORMAT: Respond with exactly one word, ""Yes"" or ""No"". No explanation, no punctuation.

NOW DECIDE:
Phrase A is no_evident_not_easy_check-in. Phrase B is customer_wait_10_minute_for_check-in.
Answer:
",No.
2026-08-10 23:06:58,3,5,no_evident_not_easy_check-in,staff_misunderstand_on_payment,"You are checking arguments in an ABA (Assumption-Based Argumentation) framework built from hotel review mining.

BACKGROUND:
Phrase A is always an auto-derived ""Assumption"" — it defends a claim by asserting no counter-evidence
exists. It has one of two forms:
- ""no_evident_not_X"" → defends that X IS true (assumes no evidence proves X false)
- ""have_evident_no_Y"" → defends that Y IS absent (assumes there IS evidence Y is missing)

Phrase B is a candidate ""Proposition"" — a separate fact mined from another part of the review data.

TASK: Decide whether Phrase B is CONTRARY to Phrase A — meaning: if Phrase B is true, does it act as
the counter-evidence that breaks Phrase A's assumption?

RULES (apply in order):
1. Strip the ""no_evident_not_"" or ""have_evident_"" prefix from Phrase A to recover the underlying claim.
2. Ask: does Phrase B describe a concrete fact that, if true, disproves that claim?
3. Phrase B must be about the SAME specific situation as the claim, not merely the same general topic.
   A different specific complaint about the same topic is usually NOT contrary.
4. Do not judge by shared keywords (e.g. both containing ""not"" or ""no"") — judge the meaning.
5. If B provides real counter-evidence against A's claim → Yes. Otherwise → No.

CONTRASTIVE EXAMPLES:

1) Phrase A is no_evident_not_easy_check-in. Phrase B is customer_wait_10_minute_for_greet.
   → Waiting 10 minutes to be greeted is direct evidence check-in was NOT easy. Answer: Yes

2) Phrase A is no_evident_not_easy_check-in. Phrase B is no_one_give_key_on_late_check-in.
   → This is about late check-in key handover, a different specific issue than check-in being easy. Answer: No

3) Phrase A is no_evident_not_great_quality. Phrase B is shampoo_seem_cheap_considering_hotel_cost.
   → Cheap-feeling shampoo for the price directly undercuts the ""great quality"" claim. Answer: Yes

4) Phrase A is no_evident_not_great_quality. Phrase B is expensive_hotel.
   → ""Expensive"" is a price complaint, not evidence about quality. Answer: No

5) Phrase A is no_evident_not_helpful_staff. Phrase B is not_kind_staff.
   → ""Not kind"" is a distinct complaint (attitude) from ""not helpful"" (competence/assistance) —
     it does not itself prove staff were unhelpful. Answer: No

OUTPUT FORMAT: Respond with exactly one word, ""Yes"" or ""No"". No explanation, no punctuation.

NOW DECIDE:
Phrase A is no_evident_not_easy_check-in. Phrase B is staff_misunderstand_on_payment.
Answer:
",Yes
2026-08-10 23:06:58,3,3,no_evident_not_easy_check-in,customer_wait_10_minute_for_greet,"You are checking arguments in an ABA (Assumption-Based Argumentation) framework built from hotel review mining.

BACKGROUND:
Phrase A is always an auto-derived ""Assumption"" — it defends a claim by asserting no counter-evidence
exists. It has one of two forms:
- ""no_evident_not_X"" → defends that X IS true (assumes no evidence proves X false)
- ""have_evident_no_Y"" → defends that Y IS absent (assumes there IS evidence Y is missing)

Phrase B is a candidate ""Proposition"" — a separate fact mined from another part of the review data.

TASK: Decide whether Phrase B is CONTRARY to Phrase A — meaning: if Phrase B is true, does it act as
the counter-evidence that breaks Phrase A's assumption?

RULES (apply in order):
1. Strip the ""no_evident_not_"" or ""have_evident_"" prefix from Phrase A to recover the underlying claim.
2. Ask: does Phrase B describe a concrete fact that, if true, disproves that claim?
3. Phrase B must be about the SAME specific situation as the claim, not merely the same general topic.
   A different specific complaint about the same topic is usually NOT contrary.
4. Do not judge by shared keywords (e.g. both containing ""not"" or ""no"") — judge the meaning.
5. If B provides real counter-evidence against A's claim → Yes. Otherwise → No.

CONTRASTIVE EXAMPLES:

1) Phrase A is no_evident_not_easy_check-in. Phrase B is customer_wait_10_minute_for_greet.
   → Waiting 10 minutes to be greeted is direct evidence check-in was NOT easy. Answer: Yes

2) Phrase A is no_evident_not_easy_check-in. Phrase B is no_one_give_key_on_late_check-in.
   → This is about late check-in key handover, a different specific issue than check-in being easy. Answer: No

3) Phrase A is no_evident_not_great_quality. Phrase B is shampoo_seem_cheap_considering_hotel_cost.
   → Cheap-feeling shampoo for the price directly undercuts the ""great quality"" claim. Answer: Yes

4) Phrase A is no_evident_not_great_quality. Phrase B is expensive_hotel.
   → ""Expensive"" is a price complaint, not evidence about quality. Answer: No

5) Phrase A is no_evident_not_helpful_staff. Phrase B is not_kind_staff.
   → ""Not kind"" is a distinct complaint (attitude) from ""not helpful"" (competence/assistance) —
     it does not itself prove staff were unhelpful. Answer: No

OUTPUT FORMAT: Respond with exactly one word, ""Yes"" or ""No"". No explanation, no punctuation.

NOW DECIDE:
Phrase A is no_evident_not_easy_check-in. Phrase B is customer_wait_10_minute_for_greet.
Answer:
",Yes
2026-08-10 23:06:58,3,2,no_evident_not_easy_check-in,door_lock_on_late_check-in,"You are checking arguments in an ABA (Assumption-Based Argumentation) framework built from hotel review mining.

BACKGROUND:
Phrase A is always an auto-derived ""Assumption"" — it defends a claim by asserting no counter-evidence
exists. It has one of two forms:
- ""no_evident_not_X"" → defends that X IS true (assumes no evidence proves X false)
- ""have_evident_no_Y"" → defends that Y IS absent (assumes there IS evidence Y is missing)

Phrase B is a candidate ""Proposition"" — a separate fact mined from another part of the review data.

TASK: Decide whether Phrase B is CONTRARY to Phrase A — meaning: if Phrase B is true, does it act as
the counter-evidence that breaks Phrase A's assumption?

RULES (apply in order):
1. Strip the ""no_evident_not_"" or ""have_evident_"" prefix from Phrase A to recover the underlying claim.
2. Ask: does Phrase B describe a concrete fact that, if true, disproves that claim?
3. Phrase B must be about the SAME specific situation as the claim, not merely the same general topic.
   A different specific complaint about the same topic is usually NOT contrary.
4. Do not judge by shared keywords (e.g. both containing ""not"" or ""no"") — judge the meaning.
5. If B provides real counter-evidence against A's claim → Yes. Otherwise → No.

CONTRASTIVE EXAMPLES:

1) Phrase A is no_evident_not_easy_check-in. Phrase B is customer_wait_10_minute_for_greet.
   → Waiting 10 minutes to be greeted is direct evidence check-in was NOT easy. Answer: Yes

2) Phrase A is no_evident_not_easy_check-in. Phrase B is no_one_give_key_on_late_check-in.
   → This is about late check-in key handover, a different specific issue than check-in being easy. Answer: No

3) Phrase A is no_evident_not_great_quality. Phrase B is shampoo_seem_cheap_considering_hotel_cost.
   → Cheap-feeling shampoo for the price directly undercuts the ""great quality"" claim. Answer: Yes

4) Phrase A is no_evident_not_great_quality. Phrase B is expensive_hotel.
   → ""Expensive"" is a price complaint, not evidence about quality. Answer: No

5) Phrase A is no_evident_not_helpful_staff. Phrase B is not_kind_staff.
   → ""Not kind"" is a distinct complaint (attitude) from ""not helpful"" (competence/assistance) —
     it does not itself prove staff were unhelpful. Answer: No

OUTPUT FORMAT: Respond with exactly one word, ""Yes"" or ""No"". No explanation, no punctuation.

NOW DECIDE:
Phrase A is no_evident_not_easy_check-in. Phrase B is door_lock_on_late_check-in.
Answer:
",Yes
2026-08-10 23:06:59,3,9,no_evident_not_clear_instruction_to_access_room,customer_wait_10_minute_for_greet,"You are checking arguments in an ABA (Assumption-Based Argumentation) framework built from hotel review mining.

BACKGROUND:
Phrase A is always an auto-derived ""Assumption"" — it defends a claim by asserting no counter-evidence
exists. It has one of two forms:
- ""no_evident_not_X"" → defends that X IS true (assumes no evidence proves X false)
- ""have_evident_no_Y"" → defends that Y IS absent (assumes there IS evidence Y is missing)

Phrase B is a candidate ""Proposition"" — a separate fact mined from another part of the review data.

TASK: Decide whether Phrase B is CONTRARY to Phrase A — meaning: if Phrase B is true, does it act as
the counter-evidence that breaks Phrase A's assumption?

RULES (apply in order):
1. Strip the ""no_evident_not_"" or ""have_evident_"" prefix from Phrase A to recover the underlying claim.
2. Ask: does Phrase B describe a concrete fact that, if true, disproves that claim?
3. Phrase B must be about the SAME specific situation as the claim, not merely the same general topic.
   A different specific complaint about the same topic is usually NOT contrary.
4. Do not judge by shared keywords (e.g. both containing ""not"" or ""no"") — judge the meaning.
5. If B provides real counter-evidence against A's claim → Yes. Otherwise → No.

CONTRASTIVE EXAMPLES:

1) Phrase A is no_evident_not_easy_check-in. Phrase B is customer_wait_10_minute_for_greet.
   → Waiting 10 minutes to be greeted is direct evidence check-in was NOT easy. Answer: Yes

2) Phrase A is no_evident_not_easy_check-in. Phrase B is no_one_give_key_on_late_check-in.
   → This is about late check-in key handover, a different specific issue than check-in being easy. Answer: No

3) Phrase A is no_evident_not_great_quality. Phrase B is shampoo_seem_cheap_considering_hotel_cost.
   → Cheap-feeling shampoo for the price directly undercuts the ""great quality"" claim. Answer: Yes

4) Phrase A is no_evident_not_great_quality. Phrase B is expensive_hotel.
   → ""Expensive"" is a price complaint, not evidence about quality. Answer: No

5) Phrase A is no_evident_not_helpful_staff. Phrase B is not_kind_staff.
   → ""Not kind"" is a distinct complaint (attitude) from ""not helpful"" (competence/assistance) —
     it does not itself prove staff were unhelpful. Answer: No

OUTPUT FORMAT: Respond with exactly one word, ""Yes"" or ""No"". No explanation, no punctuation.

NOW DECIDE:
Phrase A is no_evident_not_clear_instruction_to_access_room. Phrase B is customer_wait_10_minute_for_greet.
Answer:
",Yes
2026-08-10 23:06:59,3,10,no_evident_not_clear_instruction_to_access_room,customer_wait_10_minute_for_check-in,"You are checking arguments in an ABA (Assumption-Based Argumentation) framework built from hotel review mining.

BACKGROUND:
Phrase A is always an auto-derived ""Assumption"" — it defends a claim by asserting no counter-evidence
exists. It has one of two forms:
- ""no_evident_not_X"" → defends that X IS true (assumes no evidence proves X false)
- ""have_evident_no_Y"" → defends that Y IS absent (assumes there IS evidence Y is missing)

Phrase B is a candidate ""Proposition"" — a separate fact mined from another part of the review data.

TASK: Decide whether Phrase B is CONTRARY to Phrase A — meaning: if Phrase B is true, does it act as
the counter-evidence that breaks Phrase A's assumption?

RULES (apply in order):
1. Strip the ""no_evident_not_"" or ""have_evident_"" prefix from Phrase A to recover the underlying claim.
2. Ask: does Phrase B describe a concrete fact that, if true, disproves that claim?
3. Phrase B must be about the SAME specific situation as the claim, not merely the same general topic.
   A different specific complaint about the same topic is usually NOT contrary.
4. Do not judge by shared keywords (e.g. both containing ""not"" or ""no"") — judge the meaning.
5. If B provides real counter-evidence against A's claim → Yes. Otherwise → No.

CONTRASTIVE EXAMPLES:

1) Phrase A is no_evident_not_easy_check-in. Phrase B is customer_wait_10_minute_for_greet.
   → Waiting 10 minutes to be greeted is direct evidence check-in was NOT easy. Answer: Yes

2) Phrase A is no_evident_not_easy_check-in. Phrase B is no_one_give_key_on_late_check-in.
   → This is about late check-in key handover, a different specific issue than check-in being easy. Answer: No

3) Phrase A is no_evident_not_great_quality. Phrase B is shampoo_seem_cheap_considering_hotel_cost.
   → Cheap-feeling shampoo for the price directly undercuts the ""great quality"" claim. Answer: Yes

4) Phrase A is no_evident_not_great_quality. Phrase B is expensive_hotel.
   → ""Expensive"" is a price complaint, not evidence about quality. Answer: No

5) Phrase A is no_evident_not_helpful_staff. Phrase B is not_kind_staff.
   → ""Not kind"" is a distinct complaint (attitude) from ""not helpful"" (competence/assistance) —
     it does not itself prove staff were unhelpful. Answer: No

OUTPUT FORMAT: Respond with exactly one word, ""Yes"" or ""No"". No explanation, no punctuation.

NOW DECIDE:
Phrase A is no_evident_not_clear_instruction_to_access_room. Phrase B is customer_wait_10_minute_for_check-in.
Answer:
",No.
2026-08-10 23:06:59,3,11,no_evident_not_clear_instruction_to_access_room,staff_misunderstand_on_payment,"You are checking arguments in an ABA (Assumption-Based Argumentation) framework built from hotel review mining.

BACKGROUND:
Phrase A is always an auto-derived ""Assumption"" — it defends a claim by asserting no counter-evidence
exists. It has one of two forms:
- ""no_evident_not_X"" → defends that X IS true (assumes no evidence proves X false)
- ""have_evident_no_Y"" → defends that Y IS absent (assumes there IS evidence Y is missing)

Phrase B is a candidate ""Proposition"" — a separate fact mined from another part of the review data.

TASK: Decide whether Phrase B is CONTRARY to Phrase A — meaning: if Phrase B is true, does it act as
the counter-evidence that breaks Phrase A's assumption?

RULES (apply in order):
1. Strip the ""no_evident_not_"" or ""have_evident_"" prefix from Phrase A to recover the underlying claim.
2. Ask: does Phrase B describe a concrete fact that, if true, disproves that claim?
3. Phrase B must be about the SAME specific situation as the claim, not merely the same general topic.
   A different specific complaint about the same topic is usually NOT contrary.
4. Do not judge by shared keywords (e.g. both containing ""not"" or ""no"") — judge the meaning.
5. If B provides real counter-evidence against A's claim → Yes. Otherwise → No.

CONTRASTIVE EXAMPLES:

1) Phrase A is no_evident_not_easy_check-in. Phrase B is customer_wait_10_minute_for_greet.
   → Waiting 10 minutes to be greeted is direct evidence check-in was NOT easy. Answer: Yes

2) Phrase A is no_evident_not_easy_check-in. Phrase B is no_one_give_key_on_late_check-in.
   → This is about late check-in key handover, a different specific issue than check-in being easy. Answer: No

3) Phrase A is no_evident_not_great_quality. Phrase B is shampoo_seem_cheap_considering_hotel_cost.
   → Cheap-feeling shampoo for the price directly undercuts the ""great quality"" claim. Answer: Yes

4) Phrase A is no_evident_not_great_quality. Phrase B is expensive_hotel.
   → ""Expensive"" is a price complaint, not evidence about quality. Answer: No

5) Phrase A is no_evident_not_helpful_staff. Phrase B is not_kind_staff.
   → ""Not kind"" is a distinct complaint (attitude) from ""not helpful"" (competence/assistance) —
     it does not itself prove staff were unhelpful. Answer: No

OUTPUT FORMAT: Respond with exactly one word, ""Yes"" or ""No"". No explanation, no punctuation.

NOW DECIDE:
Phrase A is no_evident_not_clear_instruction_to_access_room. Phrase B is staff_misunderstand_on_payment.
Answer:
",No.
2026-08-10 23:06:59,3,12,no_evident_not_clear_instruction_to_access_room,staff_take_picture_of_passport,"You are checking arguments in an ABA (Assumption-Based Argumentation) framework built from hotel review mining.

BACKGROUND:
Phrase A is always an auto-derived ""Assumption"" — it defends a claim by asserting no counter-evidence
exists. It has one of two forms:
- ""no_evident_not_X"" → defends that X IS true (assumes no evidence proves X false)
- ""have_evident_no_Y"" → defends that Y IS absent (assumes there IS evidence Y is missing)

Phrase B is a candidate ""Proposition"" — a separate fact mined from another part of the review data.

TASK: Decide whether Phrase B is CONTRARY to Phrase A — meaning: if Phrase B is true, does it act as
the counter-evidence that breaks Phrase A's assumption?

RULES (apply in order):
1. Strip the ""no_evident_not_"" or ""have_evident_"" prefix from Phrase A to recover the underlying claim.
2. Ask: does Phrase B describe a concrete fact that, if true, disproves that claim?
3. Phrase B must be about the SAME specific situation as the claim, not merely the same general topic.
   A different specific complaint about the same topic is usually NOT contrary.
4. Do not judge by shared keywords (e.g. both containing ""not"" or ""no"") — judge the meaning.
5. If B provides real counter-evidence against A's claim → Yes. Otherwise → No.

CONTRASTIVE EXAMPLES:

1) Phrase A is no_evident_not_easy_check-in. Phrase B is customer_wait_10_minute_for_greet.
   → Waiting 10 minutes to be greeted is direct evidence check-in was NOT easy. Answer: Yes

2) Phrase A is no_evident_not_easy_check-in. Phrase B is no_one_give_key_on_late_check-in.
   → This is about late check-in key handover, a different specific issue than check-in being easy. Answer: No

3) Phrase A is no_evident_not_great_quality. Phrase B is shampoo_seem_cheap_considering_hotel_cost.
   → Cheap-feeling shampoo for the price directly undercuts the ""great quality"" claim. Answer: Yes

4) Phrase A is no_evident_not_great_quality. Phrase B is expensive_hotel.
   → ""Expensive"" is a price complaint, not evidence about quality. Answer: No

5) Phrase A is no_evident_not_helpful_staff. Phrase B is not_kind_staff.
   → ""Not kind"" is a distinct complaint (attitude) from ""not helpful"" (competence/assistance) —
     it does not itself prove staff were unhelpful. Answer: No

OUTPUT FORMAT: Respond with exactly one word, ""Yes"" or ""No"". No explanation, no punctuation.

NOW DECIDE:
Phrase A is no_evident_not_clear_instruction_to_access_room. Phrase B is staff_take_picture_of_passport.
Answer:
",No.
2026-08-10 23:06:59,3,13,no_evident_not_clear_instruction_to_enter_hotel,no_one_give_key_on_late_check-in,"You are checking arguments in an ABA (Assumption-Based Argumentation) framework built from hotel review mining.

BACKGROUND:
Phrase A is always an auto-derived ""Assumption"" — it defends a claim by asserting no counter-evidence
exists. It has one of two forms:
- ""no_evident_not_X"" → defends that X IS true (assumes no evidence proves X false)
- ""have_evident_no_Y"" → defends that Y IS absent (assumes there IS evidence Y is missing)

Phrase B is a candidate ""Proposition"" — a separate fact mined from another part of the review data.

TASK: Decide whether Phrase B is CONTRARY to Phrase A — meaning: if Phrase B is true, does it act as
the counter-evidence that breaks Phrase A's assumption?

RULES (apply in order):
1. Strip the ""no_evident_not_"" or ""have_evident_"" prefix from Phrase A to recover the underlying claim.
2. Ask: does Phrase B describe a concrete fact that, if true, disproves that claim?
3. Phrase B must be about the SAME specific situation as the claim, not merely the same general topic.
   A different specific complaint about the same topic is usually NOT contrary.
4. Do not judge by shared keywords (e.g. both containing ""not"" or ""no"") — judge the meaning.
5. If B provides real counter-evidence against A's claim → Yes. Otherwise → No.

CONTRASTIVE EXAMPLES:

1) Phrase A is no_evident_not_easy_check-in. Phrase B is customer_wait_10_minute_for_greet.
   → Waiting 10 minutes to be greeted is direct evidence check-in was NOT easy. Answer: Yes

2) Phrase A is no_evident_not_easy_check-in. Phrase B is no_one_give_key_on_late_check-in.
   → This is about late check-in key handover, a different specific issue than check-in being easy. Answer: No

3) Phrase A is no_evident_not_great_quality. Phrase B is shampoo_seem_cheap_considering_hotel_cost.
   → Cheap-feeling shampoo for the price directly undercuts the ""great quality"" claim. Answer: Yes

4) Phrase A is no_evident_not_great_quality. Phrase B is expensive_hotel.
   → ""Expensive"" is a price complaint, not evidence about quality. Answer: No

5) Phrase A is no_evident_not_helpful_staff. Phrase B is not_kind_staff.
   → ""Not kind"" is a distinct complaint (attitude) from ""not helpful"" (competence/assistance) —
     it does not itself prove staff were unhelpful. Answer: No

OUTPUT FORMAT: Respond with exactly one word, ""Yes"" or ""No"". No explanation, no punctuation.

NOW DECIDE:
Phrase A is no_evident_not_clear_instruction_to_enter_hotel. Phrase B is no_one_give_key_on_late_check-in.
Answer:
",Yes
2026-08-10 23:06:59,3,14,no_evident_not_clear_instruction_to_enter_hotel,door_lock_on_late_check-in,"You are checking arguments in an ABA (Assumption-Based Argumentation) framework built from hotel review mining.

BACKGROUND:
Phrase A is always an auto-derived ""Assumption"" — it defends a claim by asserting no counter-evidence
exists. It has one of two forms:
- ""no_evident_not_X"" → defends that X IS true (assumes no evidence proves X false)
- ""have_evident_no_Y"" → defends that Y IS absent (assumes there IS evidence Y is missing)

Phrase B is a candidate ""Proposition"" — a separate fact mined from another part of the review data.

TASK: Decide whether Phrase B is CONTRARY to Phrase A — meaning: if Phrase B is true, does it act as
the counter-evidence that breaks Phrase A's assumption?

RULES (apply in order):
1. Strip the ""no_evident_not_"" or ""have_evident_"" prefix from Phrase A to recover the underlying claim.
2. Ask: does Phrase B describe a concrete fact that, if true, disproves that claim?
3. Phrase B must be about the SAME specific situation as the claim, not merely the same general topic.
   A different specific complaint about the same topic is usually NOT contrary.
4. Do not judge by shared keywords (e.g. both containing ""not"" or ""no"") — judge the meaning.
5. If B provides real counter-evidence against A's claim → Yes. Otherwise → No.

CONTRASTIVE EXAMPLES:

1) Phrase A is no_evident_not_easy_check-in. Phrase B is customer_wait_10_minute_for_greet.
   → Waiting 10 minutes to be greeted is direct evidence check-in was NOT easy. Answer: Yes

2) Phrase A is no_evident_not_easy_check-in. Phrase B is no_one_give_key_on_late_check-in.
   → This is about late check-in key handover, a different specific issue than check-in being easy. Answer: No

3) Phrase A is no_evident_not_great_quality. Phrase B is shampoo_seem_cheap_considering_hotel_cost.
   → Cheap-feeling shampoo for the price directly undercuts the ""great quality"" claim. Answer: Yes

4) Phrase A is no_evident_not_great_quality. Phrase B is expensive_hotel.
   → ""Expensive"" is a price complaint, not evidence about quality. Answer: No

5) Phrase A is no_evident_not_helpful_staff. Phrase B is not_kind_staff.
   → ""Not kind"" is a distinct complaint (attitude) from ""not helpful"" (competence/assistance) —
     it does not itself prove staff were unhelpful. Answer: No

OUTPUT FORMAT: Respond with exactly one word, ""Yes"" or ""No"". No explanation, no punctuation.

NOW DECIDE:
Phrase A is no_evident_not_clear_instruction_to_enter_hotel. Phrase B is door_lock_on_late_check-in.
Answer:
",Yes
2026-08-10 23:06:59,3,15,no_evident_not_clear_instruction_to_enter_hotel,customer_wait_10_minute_for_greet,"You are checking arguments in an ABA (Assumption-Based Argumentation) framework built from hotel review mining.

BACKGROUND:
Phrase A is always an auto-derived ""Assumption"" — it defends a claim by asserting no counter-evidence
exists. It has one of two forms:
- ""no_evident_not_X"" → defends that X IS true (assumes no evidence proves X false)
- ""have_evident_no_Y"" → defends that Y IS absent (assumes there IS evidence Y is missing)

Phrase B is a candidate ""Proposition"" — a separate fact mined from another part of the review data.

TASK: Decide whether Phrase B is CONTRARY to Phrase A — meaning: if Phrase B is true, does it act as
the counter-evidence that breaks Phrase A's assumption?

RULES (apply in order):
1. Strip the ""no_evident_not_"" or ""have_evident_"" prefix from Phrase A to recover the underlying claim.
2. Ask: does Phrase B describe a concrete fact that, if true, disproves that claim?
3. Phrase B must be about the SAME specific situation as the claim, not merely the same general topic.
   A different specific complaint about the same topic is usually NOT contrary.
4. Do not judge by shared keywords (e.g. both containing ""not"" or ""no"") — judge the meaning.
5. If B provides real counter-evidence against A's claim → Yes. Otherwise → No.

CONTRASTIVE EXAMPLES:

1) Phrase A is no_evident_not_easy_check-in. Phrase B is customer_wait_10_minute_for_greet.
   → Waiting 10 minutes to be greeted is direct evidence check-in was NOT easy. Answer: Yes

2) Phrase A is no_evident_not_easy_check-in. Phrase B is no_one_give_key_on_late_check-in.
   → This is about late check-in key handover, a different specific issue than check-in being easy. Answer: No

3) Phrase A is no_evident_not_great_quality. Phrase B is shampoo_seem_cheap_considering_hotel_cost.
   → Cheap-feeling shampoo for the price directly undercuts the ""great quality"" claim. Answer: Yes

4) Phrase A is no_evident_not_great_quality. Phrase B is expensive_hotel.
   → ""Expensive"" is a price complaint, not evidence about quality. Answer: No

5) Phrase A is no_evident_not_helpful_staff. Phrase B is not_kind_staff.
   → ""Not kind"" is a distinct complaint (attitude) from ""not helpful"" (competence/assistance) —
     it does not itself prove staff were unhelpful. Answer: No

OUTPUT FORMAT: Respond with exactly one word, ""Yes"" or ""No"". No explanation, no punctuation.

NOW DECIDE:
Phrase A is no_evident_not_clear_instruction_to_enter_hotel. Phrase B is customer_wait_10_minute_for_greet.
Answer:
",Yes
2026-08-10 23:06:59,3,16,no_evident_not_clear_instruction_to_enter_hotel,customer_wait_10_minute_for_check-in,"You are checking arguments in an ABA (Assumption-Based Argumentation) framework built from hotel review mining.

BACKGROUND:
Phrase A is always an auto-derived ""Assumption"" — it defends a claim by asserting no counter-evidence
exists. It has one of two forms:
- ""no_evident_not_X"" → defends that X IS true (assumes no evidence proves X false)
- ""have_evident_no_Y"" → defends that Y IS absent (assumes there IS evidence Y is missing)

Phrase B is a candidate ""Proposition"" — a separate fact mined from another part of the review data.

TASK: Decide whether Phrase B is CONTRARY to Phrase A — meaning: if Phrase B is true, does it act as
the counter-evidence that breaks Phrase A's assumption?

RULES (apply in order):
1. Strip the ""no_evident_not_"" or ""have_evident_"" prefix from Phrase A to recover the underlying claim.
2. Ask: does Phrase B describe a concrete fact that, if true, disproves that claim?
3. Phrase B must be about the SAME specific situation as the claim, not merely the same general topic.
   A different specific complaint about the same topic is usually NOT contrary.
4. Do not judge by shared keywords (e.g. both containing ""not"" or ""no"") — judge the meaning.
5. If B provides real counter-evidence against A's claim → Yes. Otherwise → No.

CONTRASTIVE EXAMPLES:

1) Phrase A is no_evident_not_easy_check-in. Phrase B is customer_wait_10_minute_for_greet.
   → Waiting 10 minutes to be greeted is direct evidence check-in was NOT easy. Answer: Yes

2) Phrase A is no_evident_not_easy_check-in. Phrase B is no_one_give_key_on_late_check-in.
   → This is about late check-in key handover, a different specific issue than check-in being easy. Answer: No

3) Phrase A is no_evident_not_great_quality. Phrase B is shampoo_seem_cheap_considering_hotel_cost.
   → Cheap-feeling shampoo for the price directly undercuts the ""great quality"" claim. Answer: Yes

4) Phrase A is no_evident_not_great_quality. Phrase B is expensive_hotel.
   → ""Expensive"" is a price complaint, not evidence about quality. Answer: No

5) Phrase A is no_evident_not_helpful_staff. Phrase B is not_kind_staff.
   → ""Not kind"" is a distinct complaint (attitude) from ""not helpful"" (competence/assistance) —
     it does not itself prove staff were unhelpful. Answer: No

OUTPUT FORMAT: Respond with exactly one word, ""Yes"" or ""No"". No explanation, no punctuation.

NOW DECIDE:
Phrase A is no_evident_not_clear_instruction_to_enter_hotel. Phrase B is customer_wait_10_minute_for_check-in.
Answer:
",No.
2026-08-10 23:07:00,3,17,no_evident_not_clear_instruction_to_enter_hotel,staff_misunderstand_on_payment,"You are checking arguments in an ABA (Assumption-Based Argumentation) framework built from hotel review mining.

BACKGROUND:
Phrase A is always an auto-derived ""Assumption"" — it defends a claim by asserting no counter-evidence
exists. It has one of two forms:
- ""no_evident_not_X"" → defends that X IS true (assumes no evidence proves X false)
- ""have_evident_no_Y"" → defends that Y IS absent (assumes there IS evidence Y is missing)

Phrase B is a candidate ""Proposition"" — a separate fact mined from another part of the review data.

TASK: Decide whether Phrase B is CONTRARY to Phrase A — meaning: if Phrase B is true, does it act as
the counter-evidence that breaks Phrase A's assumption?

RULES (apply in order):
1. Strip the ""no_evident_not_"" or ""have_evident_"" prefix from Phrase A to recover the underlying claim.
2. Ask: does Phrase B describe a concrete fact that, if true, disproves that claim?
3. Phrase B must be about the SAME specific situation as the claim, not merely the same general topic.
   A different specific complaint about the same topic is usually NOT contrary.
4. Do not judge by shared keywords (e.g. both containing ""not"" or ""no"") — judge the meaning.
5. If B provides real counter-evidence against A's claim → Yes. Otherwise → No.

CONTRASTIVE EXAMPLES:

1) Phrase A is no_evident_not_easy_check-in. Phrase B is customer_wait_10_minute_for_greet.
   → Waiting 10 minutes to be greeted is direct evidence check-in was NOT easy. Answer: Yes

2) Phrase A is no_evident_not_easy_check-in. Phrase B is no_one_give_key_on_late_check-in.
   → This is about late check-in key handover, a different specific issue than check-in being easy. Answer: No

3) Phrase A is no_evident_not_great_quality. Phrase B is shampoo_seem_cheap_considering_hotel_cost.
   → Cheap-feeling shampoo for the price directly undercuts the ""great quality"" claim. Answer: Yes

4) Phrase A is no_evident_not_great_quality. Phrase B is expensive_hotel.
   → ""Expensive"" is a price complaint, not evidence about quality. Answer: No

5) Phrase A is no_evident_not_helpful_staff. Phrase B is not_kind_staff.
   → ""Not kind"" is a distinct complaint (attitude) from ""not helpful"" (competence/assistance) —
     it does not itself prove staff were unhelpful. Answer: No

OUTPUT FORMAT: Respond with exactly one word, ""Yes"" or ""No"". No explanation, no punctuation.

NOW DECIDE:
Phrase A is no_evident_not_clear_instruction_to_enter_hotel. Phrase B is staff_misunderstand_on_payment.
Answer:
",Yes
2026-08-10 23:07:00,3,18,no_evident_not_clear_instruction_to_enter_hotel,staff_take_picture_of_passport,"You are checking arguments in an ABA (Assumption-Based Argumentation) framework built from hotel review mining.

BACKGROUND:
Phrase A is always an auto-derived ""Assumption"" — it defends a claim by asserting no counter-evidence
exists. It has one of two forms:
- ""no_evident_not_X"" → defends that X IS true (assumes no evidence proves X false)
- ""have_evident_no_Y"" → defends that Y IS absent (assumes there IS evidence Y is missing)

Phrase B is a candidate ""Proposition"" — a separate fact mined from another part of the review data.

TASK: Decide whether Phrase B is CONTRARY to Phrase A — meaning: if Phrase B is true, does it act as
the counter-evidence that breaks Phrase A's assumption?

RULES (apply in order):
1. Strip the ""no_evident_not_"" or ""have_evident_"" prefix from Phrase A to recover the underlying claim.
2. Ask: does Phrase B describe a concrete fact that, if true, disproves that claim?
3. Phrase B must be about the SAME specific situation as the claim, not merely the same general topic.
   A different specific complaint about the same topic is usually NOT contrary.
4. Do not judge by shared keywords (e.g. both containing ""not"" or ""no"") — judge the meaning.
5. If B provides real counter-evidence against A's claim → Yes. Otherwise → No.

CONTRASTIVE EXAMPLES:

1) Phrase A is no_evident_not_easy_check-in. Phrase B is customer_wait_10_minute_for_greet.
   → Waiting 10 minutes to be greeted is direct evidence check-in was NOT easy. Answer: Yes

2) Phrase A is no_evident_not_easy_check-in. Phrase B is no_one_give_key_on_late_check-in.
   → This is about late check-in key handover, a different specific issue than check-in being easy. Answer: No

3) Phrase A is no_evident_not_great_quality. Phrase B is shampoo_seem_cheap_considering_hotel_cost.
   → Cheap-feeling shampoo for the price directly undercuts the ""great quality"" claim. Answer: Yes

4) Phrase A is no_evident_not_great_quality. Phrase B is expensive_hotel.
   → ""Expensive"" is a price complaint, not evidence about quality. Answer: No

5) Phrase A is no_evident_not_helpful_staff. Phrase B is not_kind_staff.
   → ""Not kind"" is a distinct complaint (attitude) from ""not helpful"" (competence/assistance) —
     it does not itself prove staff were unhelpful. Answer: No

OUTPUT FORMAT: Respond with exactly one word, ""Yes"" or ""No"". No explanation, no punctuation.

NOW DECIDE:
Phrase A is no_evident_not_clear_instruction_to_enter_hotel. Phrase B is staff_take_picture_of_passport.
Answer:
",No.
2026-08-10 23:07:00,3,19,no_evident_not_sent_instruction_in_advance,no_one_give_key_on_late_check-in,"You are checking arguments in an ABA (Assumption-Based Argumentation) framework built from hotel review mining.

BACKGROUND:
Phrase A is always an auto-derived ""Assumption"" — it defends a claim by asserting no counter-evidence
exists. It has one of two forms:
- ""no_evident_not_X"" → defends that X IS true (assumes no evidence proves X false)
- ""have_evident_no_Y"" → defends that Y IS absent (assumes there IS evidence Y is missing)

Phrase B is a candidate ""Proposition"" — a separate fact mined from another part of the review data.

TASK: Decide whether Phrase B is CONTRARY to Phrase A — meaning: if Phrase B is true, does it act as
the counter-evidence that breaks Phrase A's assumption?

RULES (apply in order):
1. Strip the ""no_evident_not_"" or ""have_evident_"" prefix from Phrase A to recover the underlying claim.
2. Ask: does Phrase B describe a concrete fact that, if true, disproves that claim?
3. Phrase B must be about the SAME specific situation as the claim, not merely the same general topic.
   A different specific complaint about the same topic is usually NOT contrary.
4. Do not judge by shared keywords (e.g. both containing ""not"" or ""no"") — judge the meaning.
5. If B provides real counter-evidence against A's claim → Yes. Otherwise → No.

CONTRASTIVE EXAMPLES:

1) Phrase A is no_evident_not_easy_check-in. Phrase B is customer_wait_10_minute_for_greet.
   → Waiting 10 minutes to be greeted is direct evidence check-in was NOT easy. Answer: Yes

2) Phrase A is no_evident_not_easy_check-in. Phrase B is no_one_give_key_on_late_check-in.
   → This is about late check-in key handover, a different specific issue than check-in being easy. Answer: No

3) Phrase A is no_evident_not_great_quality. Phrase B is shampoo_seem_cheap_considering_hotel_cost.
   → Cheap-feeling shampoo for the price directly undercuts the ""great quality"" claim. Answer: Yes

4) Phrase A is no_evident_not_great_quality. Phrase B is expensive_hotel.
   → ""Expensive"" is a price complaint, not evidence about quality. Answer: No

5) Phrase A is no_evident_not_helpful_staff. Phrase B is not_kind_staff.
   → ""Not kind"" is a distinct complaint (attitude) from ""not helpful"" (competence/assistance) —
     it does not itself prove staff were unhelpful. Answer: No

OUTPUT FORMAT: Respond with exactly one word, ""Yes"" or ""No"". No explanation, no punctuation.

NOW DECIDE:
Phrase A is no_evident_not_sent_instruction_in_advance. Phrase B is no_one_give_key_on_late_check-in.
Answer:
",Yes
2026-08-10 23:07:00,3,20,no_evident_not_sent_instruction_in_advance,door_lock_on_late_check-in,"You are checking arguments in an ABA (Assumption-Based Argumentation) framework built from hotel review mining.

BACKGROUND:
Phrase A is always an auto-derived ""Assumption"" — it defends a claim by asserting no counter-evidence
exists. It has one of two forms:
- ""no_evident_not_X"" → defends that X IS true (assumes no evidence proves X false)
- ""have_evident_no_Y"" → defends that Y IS absent (assumes there IS evidence Y is missing)

Phrase B is a candidate ""Proposition"" — a separate fact mined from another part of the review data.

TASK: Decide whether Phrase B is CONTRARY to Phrase A — meaning: if Phrase B is true, does it act as
the counter-evidence that breaks Phrase A's assumption?

RULES (apply in order):
1. Strip the ""no_evident_not_"" or ""have_evident_"" prefix from Phrase A to recover the underlying claim.
2. Ask: does Phrase B describe a concrete fact that, if true, disproves that claim?
3. Phrase B must be about the SAME specific situation as the claim, not merely the same general topic.
   A different specific complaint about the same topic is usually NOT contrary.
4. Do not judge by shared keywords (e.g. both containing ""not"" or ""no"") — judge the meaning.
5. If B provides real counter-evidence against A's claim → Yes. Otherwise → No.

CONTRASTIVE EXAMPLES:

1) Phrase A is no_evident_not_easy_check-in. Phrase B is customer_wait_10_minute_for_greet.
   → Waiting 10 minutes to be greeted is direct evidence check-in was NOT easy. Answer: Yes

2) Phrase A is no_evident_not_easy_check-in. Phrase B is no_one_give_key_on_late_check-in.
   → This is about late check-in key handover, a different specific issue than check-in being easy. Answer: No

3) Phrase A is no_evident_not_great_quality. Phrase B is shampoo_seem_cheap_considering_hotel_cost.
   → Cheap-feeling shampoo for the price directly undercuts the ""great quality"" claim. Answer: Yes

4) Phrase A is no_evident_not_great_quality. Phrase B is expensive_hotel.
   → ""Expensive"" is a price complaint, not evidence about quality. Answer: No

5) Phrase A is no_evident_not_helpful_staff. Phrase B is not_kind_staff.
   → ""Not kind"" is a distinct complaint (attitude) from ""not helpful"" (competence/assistance) —
     it does not itself prove staff were unhelpful. Answer: No

OUTPUT FORMAT: Respond with exactly one word, ""Yes"" or ""No"". No explanation, no punctuation.

NOW DECIDE:
Phrase A is no_evident_not_sent_instruction_in_advance. Phrase B is door_lock_on_late_check-in.
Answer:
",No.
2026-08-10 23:07:00,3,21,no_evident_not_sent_instruction_in_advance,customer_wait_10_minute_for_greet,"You are checking arguments in an ABA (Assumption-Based Argumentation) framework built from hotel review mining.

BACKGROUND:
Phrase A is always an auto-derived ""Assumption"" — it defends a claim by asserting no counter-evidence
exists. It has one of two forms:
- ""no_evident_not_X"" → defends that X IS true (assumes no evidence proves X false)
- ""have_evident_no_Y"" → defends that Y IS absent (assumes there IS evidence Y is missing)

Phrase B is a candidate ""Proposition"" — a separate fact mined from another part of the review data.

TASK: Decide whether Phrase B is CONTRARY to Phrase A — meaning: if Phrase B is true, does it act as
the counter-evidence that breaks Phrase A's assumption?

RULES (apply in order):
1. Strip the ""no_evident_not_"" or ""have_evident_"" prefix from Phrase A to recover the underlying claim.
2. Ask: does Phrase B describe a concrete fact that, if true, disproves that claim?
3. Phrase B must be about the SAME specific situation as the claim, not merely the same general topic.
   A different specific complaint about the same topic is usually NOT contrary.
4. Do not judge by shared keywords (e.g. both containing ""not"" or ""no"") — judge the meaning.
5. If B provides real counter-evidence against A's claim → Yes. Otherwise → No.

CONTRASTIVE EXAMPLES:

1) Phrase A is no_evident_not_easy_check-in. Phrase B is customer_wait_10_minute_for_greet.
   → Waiting 10 minutes to be greeted is direct evidence check-in was NOT easy. Answer: Yes

2) Phrase A is no_evident_not_easy_check-in. Phrase B is no_one_give_key_on_late_check-in.
   → This is about late check-in key handover, a different specific issue than check-in being easy. Answer: No

3) Phrase A is no_evident_not_great_quality. Phrase B is shampoo_seem_cheap_considering_hotel_cost.
   → Cheap-feeling shampoo for the price directly undercuts the ""great quality"" claim. Answer: Yes

4) Phrase A is no_evident_not_great_quality. Phrase B is expensive_hotel.
   → ""Expensive"" is a price complaint, not evidence about quality. Answer: No

5) Phrase A is no_evident_not_helpful_staff. Phrase B is not_kind_staff.
   → ""Not kind"" is a distinct complaint (attitude) from ""not helpful"" (competence/assistance) —
     it does not itself prove staff were unhelpful. Answer: No

OUTPUT FORMAT: Respond with exactly one word, ""Yes"" or ""No"". No explanation, no punctuation.

NOW DECIDE:
Phrase A is no_evident_not_sent_instruction_in_advance. Phrase B is customer_wait_10_minute_for_greet.
Answer:
",Yes
2026-08-10 23:07:00,3,23,no_evident_not_sent_instruction_in_advance,staff_misunderstand_on_payment,"You are checking arguments in an ABA (Assumption-Based Argumentation) framework built from hotel review mining.

BACKGROUND:
Phrase A is always an auto-derived ""Assumption"" — it defends a claim by asserting no counter-evidence
exists. It has one of two forms:
- ""no_evident_not_X"" → defends that X IS true (assumes no evidence proves X false)
- ""have_evident_no_Y"" → defends that Y IS absent (assumes there IS evidence Y is missing)

Phrase B is a candidate ""Proposition"" — a separate fact mined from another part of the review data.

TASK: Decide whether Phrase B is CONTRARY to Phrase A — meaning: if Phrase B is true, does it act as
the counter-evidence that breaks Phrase A's assumption?

RULES (apply in order):
1. Strip the ""no_evident_not_"" or ""have_evident_"" prefix from Phrase A to recover the underlying claim.
2. Ask: does Phrase B describe a concrete fact that, if true, disproves that claim?
3. Phrase B must be about the SAME specific situation as the claim, not merely the same general topic.
   A different specific complaint about the same topic is usually NOT contrary.
4. Do not judge by shared keywords (e.g. both containing ""not"" or ""no"") — judge the meaning.
5. If B provides real counter-evidence against A's claim → Yes. Otherwise → No.

CONTRASTIVE EXAMPLES:

1) Phrase A is no_evident_not_easy_check-in. Phrase B is customer_wait_10_minute_for_greet.
   → Waiting 10 minutes to be greeted is direct evidence check-in was NOT easy. Answer: Yes

2) Phrase A is no_evident_not_easy_check-in. Phrase B is no_one_give_key_on_late_check-in.
   → This is about late check-in key handover, a different specific issue than check-in being easy. Answer: No

3) Phrase A is no_evident_not_great_quality. Phrase B is shampoo_seem_cheap_considering_hotel_cost.
   → Cheap-feeling shampoo for the price directly undercuts the ""great quality"" claim. Answer: Yes

4) Phrase A is no_evident_not_great_quality. Phrase B is expensive_hotel.
   → ""Expensive"" is a price complaint, not evidence about quality. Answer: No

5) Phrase A is no_evident_not_helpful_staff. Phrase B is not_kind_staff.
   → ""Not kind"" is a distinct complaint (attitude) from ""not helpful"" (competence/assistance) —
     it does not itself prove staff were unhelpful. Answer: No

OUTPUT FORMAT: Respond with exactly one word, ""Yes"" or ""No"". No explanation, no punctuation.

NOW DECIDE:
Phrase A is no_evident_not_sent_instruction_in_advance. Phrase B is staff_misunderstand_on_payment.
Answer:
",Yes
2026-08-10 23:07:00,3,22,no_evident_not_sent_instruction_in_advance,customer_wait_10_minute_for_check-in,"You are checking arguments in an ABA (Assumption-Based Argumentation) framework built from hotel review mining.

BACKGROUND:
Phrase A is always an auto-derived ""Assumption"" — it defends a claim by asserting no counter-evidence
exists. It has one of two forms:
- ""no_evident_not_X"" → defends that X IS true (assumes no evidence proves X false)
- ""have_evident_no_Y"" → defends that Y IS absent (assumes there IS evidence Y is missing)

Phrase B is a candidate ""Proposition"" — a separate fact mined from another part of the review data.

TASK: Decide whether Phrase B is CONTRARY to Phrase A — meaning: if Phrase B is true, does it act as
the counter-evidence that breaks Phrase A's assumption?

RULES (apply in order):
1. Strip the ""no_evident_not_"" or ""have_evident_"" prefix from Phrase A to recover the underlying claim.
2. Ask: does Phrase B describe a concrete fact that, if true, disproves that claim?
3. Phrase B must be about the SAME specific situation as the claim, not merely the same general topic.
   A different specific complaint about the same topic is usually NOT contrary.
4. Do not judge by shared keywords (e.g. both containing ""not"" or ""no"") — judge the meaning.
5. If B provides real counter-evidence against A's claim → Yes. Otherwise → No.

CONTRASTIVE EXAMPLES:

1) Phrase A is no_evident_not_easy_check-in. Phrase B is customer_wait_10_minute_for_greet.
   → Waiting 10 minutes to be greeted is direct evidence check-in was NOT easy. Answer: Yes

2) Phrase A is no_evident_not_easy_check-in. Phrase B is no_one_give_key_on_late_check-in.
   → This is about late check-in key handover, a different specific issue than check-in being easy. Answer: No

3) Phrase A is no_evident_not_great_quality. Phrase B is shampoo_seem_cheap_considering_hotel_cost.
   → Cheap-feeling shampoo for the price directly undercuts the ""great quality"" claim. Answer: Yes

4) Phrase A is no_evident_not_great_quality. Phrase B is expensive_hotel.
   → ""Expensive"" is a price complaint, not evidence about quality. Answer: No

5) Phrase A is no_evident_not_helpful_staff. Phrase B is not_kind_staff.
   → ""Not kind"" is a distinct complaint (attitude) from ""not helpful"" (competence/assistance) —
     it does not itself prove staff were unhelpful. Answer: No

OUTPUT FORMAT: Respond with exactly one word, ""Yes"" or ""No"". No explanation, no punctuation.

NOW DECIDE:
Phrase A is no_evident_not_sent_instruction_in_advance. Phrase B is customer_wait_10_minute_for_check-in.
Answer:
",No.
2026-08-10 23:07:01,3,24,no_evident_not_sent_instruction_in_advance,staff_take_picture_of_passport,"You are checking arguments in an ABA (Assumption-Based Argumentation) framework built from hotel review mining.

BACKGROUND:
Phrase A is always an auto-derived ""Assumption"" — it defends a claim by asserting no counter-evidence
exists. It has one of two forms:
- ""no_evident_not_X"" → defends that X IS true (assumes no evidence proves X false)
- ""have_evident_no_Y"" → defends that Y IS absent (assumes there IS evidence Y is missing)

Phrase B is a candidate ""Proposition"" — a separate fact mined from another part of the review data.

TASK: Decide whether Phrase B is CONTRARY to Phrase A — meaning: if Phrase B is true, does it act as
the counter-evidence that breaks Phrase A's assumption?

RULES (apply in order):
1. Strip the ""no_evident_not_"" or ""have_evident_"" prefix from Phrase A to recover the underlying claim.
2. Ask: does Phrase B describe a concrete fact that, if true, disproves that claim?
3. Phrase B must be about the SAME specific situation as the claim, not merely the same general topic.
   A different specific complaint about the same topic is usually NOT contrary.
4. Do not judge by shared keywords (e.g. both containing ""not"" or ""no"") — judge the meaning.
5. If B provides real counter-evidence against A's claim → Yes. Otherwise → No.

CONTRASTIVE EXAMPLES:

1) Phrase A is no_evident_not_easy_check-in. Phrase B is customer_wait_10_minute_for_greet.
   → Waiting 10 minutes to be greeted is direct evidence check-in was NOT easy. Answer: Yes

2) Phrase A is no_evident_not_easy_check-in. Phrase B is no_one_give_key_on_late_check-in.
   → This is about late check-in key handover, a different specific issue than check-in being easy. Answer: No

3) Phrase A is no_evident_not_great_quality. Phrase B is shampoo_seem_cheap_considering_hotel_cost.
   → Cheap-feeling shampoo for the price directly undercuts the ""great quality"" claim. Answer: Yes

4) Phrase A is no_evident_not_great_quality. Phrase B is expensive_hotel.
   → ""Expensive"" is a price complaint, not evidence about quality. Answer: No

5) Phrase A is no_evident_not_helpful_staff. Phrase B is not_kind_staff.
   → ""Not kind"" is a distinct complaint (attitude) from ""not helpful"" (competence/assistance) —
     it does not itself prove staff were unhelpful. Answer: No

OUTPUT FORMAT: Respond with exactly one word, ""Yes"" or ""No"". No explanation, no punctuation.

NOW DECIDE:
Phrase A is no_evident_not_sent_instruction_in_advance. Phrase B is staff_take_picture_of_passport.
Answer:
",No.
2026-08-10 23:07:01,3,25,no_evident_not_perfect_instruction,no_one_give_key_on_late_check-in,"You are checking arguments in an ABA (Assumption-Based Argumentation) framework built from hotel review mining.

BACKGROUND:
Phrase A is always an auto-derived ""Assumption"" — it defends a claim by asserting no counter-evidence
exists. It has one of two forms:
- ""no_evident_not_X"" → defends that X IS true (assumes no evidence proves X false)
- ""have_evident_no_Y"" → defends that Y IS absent (assumes there IS evidence Y is missing)

Phrase B is a candidate ""Proposition"" — a separate fact mined from another part of the review data.

TASK: Decide whether Phrase B is CONTRARY to Phrase A — meaning: if Phrase B is true, does it act as
the counter-evidence that breaks Phrase A's assumption?

RULES (apply in order):
1. Strip the ""no_evident_not_"" or ""have_evident_"" prefix from Phrase A to recover the underlying claim.
2. Ask: does Phrase B describe a concrete fact that, if true, disproves that claim?
3. Phrase B must be about the SAME specific situation as the claim, not merely the same general topic.
   A different specific complaint about the same topic is usually NOT contrary.
4. Do not judge by shared keywords (e.g. both containing ""not"" or ""no"") — judge the meaning.
5. If B provides real counter-evidence against A's claim → Yes. Otherwise → No.

CONTRASTIVE EXAMPLES:

1) Phrase A is no_evident_not_easy_check-in. Phrase B is customer_wait_10_minute_for_greet.
   → Waiting 10 minutes to be greeted is direct evidence check-in was NOT easy. Answer: Yes

2) Phrase A is no_evident_not_easy_check-in. Phrase B is no_one_give_key_on_late_check-in.
   → This is about late check-in key handover, a different specific issue than check-in being easy. Answer: No

3) Phrase A is no_evident_not_great_quality. Phrase B is shampoo_seem_cheap_considering_hotel_cost.
   → Cheap-feeling shampoo for the price directly undercuts the ""great quality"" claim. Answer: Yes

4) Phrase A is no_evident_not_great_quality. Phrase B is expensive_hotel.
   → ""Expensive"" is a price complaint, not evidence about quality. Answer: No

5) Phrase A is no_evident_not_helpful_staff. Phrase B is not_kind_staff.
   → ""Not kind"" is a distinct complaint (attitude) from ""not helpful"" (competence/assistance) —
     it does not itself prove staff were unhelpful. Answer: No

OUTPUT FORMAT: Respond with exactly one word, ""Yes"" or ""No"". No explanation, no punctuation.

NOW DECIDE:
Phrase A is no_evident_not_perfect_instruction. Phrase B is no_one_give_key_on_late_check-in.
Answer:
",Yes
2026-08-10 23:07:01,3,26,no_evident_not_perfect_instruction,door_lock_on_late_check-in,"You are checking arguments in an ABA (Assumption-Based Argumentation) framework built from hotel review mining.

BACKGROUND:
Phrase A is always an auto-derived ""Assumption"" — it defends a claim by asserting no counter-evidence
exists. It has one of two forms:
- ""no_evident_not_X"" → defends that X IS true (assumes no evidence proves X false)
- ""have_evident_no_Y"" → defends that Y IS absent (assumes there IS evidence Y is missing)

Phrase B is a candidate ""Proposition"" — a separate fact mined from another part of the review data.

TASK: Decide whether Phrase B is CONTRARY to Phrase A — meaning: if Phrase B is true, does it act as
the counter-evidence that breaks Phrase A's assumption?

RULES (apply in order):
1. Strip the ""no_evident_not_"" or ""have_evident_"" prefix from Phrase A to recover the underlying claim.
2. Ask: does Phrase B describe a concrete fact that, if true, disproves that claim?
3. Phrase B must be about the SAME specific situation as the claim, not merely the same general topic.
   A different specific complaint about the same topic is usually NOT contrary.
4. Do not judge by shared keywords (e.g. both containing ""not"" or ""no"") — judge the meaning.
5. If B provides real counter-evidence against A's claim → Yes. Otherwise → No.

CONTRASTIVE EXAMPLES:

1) Phrase A is no_evident_not_easy_check-in. Phrase B is customer_wait_10_minute_for_greet.
   → Waiting 10 minutes to be greeted is direct evidence check-in was NOT easy. Answer: Yes

2) Phrase A is no_evident_not_easy_check-in. Phrase B is no_one_give_key_on_late_check-in.
   → This is about late check-in key handover, a different specific issue than check-in being easy. Answer: No

3) Phrase A is no_evident_not_great_quality. Phrase B is shampoo_seem_cheap_considering_hotel_cost.
   → Cheap-feeling shampoo for the price directly undercuts the ""great quality"" claim. Answer: Yes

4) Phrase A is no_evident_not_great_quality. Phrase B is expensive_hotel.
   → ""Expensive"" is a price complaint, not evidence about quality. Answer: No

5) Phrase A is no_evident_not_helpful_staff. Phrase B is not_kind_staff.
   → ""Not kind"" is a distinct complaint (attitude) from ""not helpful"" (competence/assistance) —
     it does not itself prove staff were unhelpful. Answer: No

OUTPUT FORMAT: Respond with exactly one word, ""Yes"" or ""No"". No explanation, no punctuation.

NOW DECIDE:
Phrase A is no_evident_not_perfect_instruction. Phrase B is door_lock_on_late_check-in.
Answer:
",Yes
2026-08-10 23:07:01,3,27,no_evident_not_perfect_instruction,customer_wait_10_minute_for_greet,"You are checking arguments in an ABA (Assumption-Based Argumentation) framework built from hotel review mining.

BACKGROUND:
Phrase A is always an auto-derived ""Assumption"" — it defends a claim by asserting no counter-evidence
exists. It has one of two forms:
- ""no_evident_not_X"" → defends that X IS true (assumes no evidence proves X false)
- ""have_evident_no_Y"" → defends that Y IS absent (assumes there IS evidence Y is missing)

Phrase B is a candidate ""Proposition"" — a separate fact mined from another part of the review data.

TASK: Decide whether Phrase B is CONTRARY to Phrase A — meaning: if Phrase B is true, does it act as
the counter-evidence that breaks Phrase A's assumption?

RULES (apply in order):
1. Strip the ""no_evident_not_"" or ""have_evident_"" prefix from Phrase A to recover the underlying claim.
2. Ask: does Phrase B describe a concrete fact that, if true, disproves that claim?
3. Phrase B must be about the SAME specific situation as the claim, not merely the same general topic.
   A different specific complaint about the same topic is usually NOT contrary.
4. Do not judge by shared keywords (e.g. both containing ""not"" or ""no"") — judge the meaning.
5. If B provides real counter-evidence against A's claim → Yes. Otherwise → No.

CONTRASTIVE EXAMPLES:

1) Phrase A is no_evident_not_easy_check-in. Phrase B is customer_wait_10_minute_for_greet.
   → Waiting 10 minutes to be greeted is direct evidence check-in was NOT easy. Answer: Yes

2) Phrase A is no_evident_not_easy_check-in. Phrase B is no_one_give_key_on_late_check-in.
   → This is about late check-in key handover, a different specific issue than check-in being easy. Answer: No

3) Phrase A is no_evident_not_great_quality. Phrase B is shampoo_seem_cheap_considering_hotel_cost.
   → Cheap-feeling shampoo for the price directly undercuts the ""great quality"" claim. Answer: Yes

4) Phrase A is no_evident_not_great_quality. Phrase B is expensive_hotel.
   → ""Expensive"" is a price complaint, not evidence about quality. Answer: No

5) Phrase A is no_evident_not_helpful_staff. Phrase B is not_kind_staff.
   → ""Not kind"" is a distinct complaint (attitude) from ""not helpful"" (competence/assistance) —
     it does not itself prove staff were unhelpful. Answer: No

OUTPUT FORMAT: Respond with exactly one word, ""Yes"" or ""No"". No explanation, no punctuation.

NOW DECIDE:
Phrase A is no_evident_not_perfect_instruction. Phrase B is customer_wait_10_minute_for_greet.
Answer:
",Yes
2026-08-10 23:07:02,3,28,no_evident_not_perfect_instruction,customer_wait_10_minute_for_check-in,"You are checking arguments in an ABA (Assumption-Based Argumentation) framework built from hotel review mining.

BACKGROUND:
Phrase A is always an auto-derived ""Assumption"" — it defends a claim by asserting no counter-evidence
exists. It has one of two forms:
- ""no_evident_not_X"" → defends that X IS true (assumes no evidence proves X false)
- ""have_evident_no_Y"" → defends that Y IS absent (assumes there IS evidence Y is missing)

Phrase B is a candidate ""Proposition"" — a separate fact mined from another part of the review data.

TASK: Decide whether Phrase B is CONTRARY to Phrase A — meaning: if Phrase B is true, does it act as
the counter-evidence that breaks Phrase A's assumption?

RULES (apply in order):
1. Strip the ""no_evident_not_"" or ""have_evident_"" prefix from Phrase A to recover the underlying claim.
2. Ask: does Phrase B describe a concrete fact that, if true, disproves that claim?
3. Phrase B must be about the SAME specific situation as the claim, not merely the same general topic.
   A different specific complaint about the same topic is usually NOT contrary.
4. Do not judge by shared keywords (e.g. both containing ""not"" or ""no"") — judge the meaning.
5. If B provides real counter-evidence against A's claim → Yes. Otherwise → No.

CONTRASTIVE EXAMPLES:

1) Phrase A is no_evident_not_easy_check-in. Phrase B is customer_wait_10_minute_for_greet.
   → Waiting 10 minutes to be greeted is direct evidence check-in was NOT easy. Answer: Yes

2) Phrase A is no_evident_not_easy_check-in. Phrase B is no_one_give_key_on_late_check-in.
   → This is about late check-in key handover, a different specific issue than check-in being easy. Answer: No

3) Phrase A is no_evident_not_great_quality. Phrase B is shampoo_seem_cheap_considering_hotel_cost.
   → Cheap-feeling shampoo for the price directly undercuts the ""great quality"" claim. Answer: Yes

4) Phrase A is no_evident_not_great_quality. Phrase B is expensive_hotel.
   → ""Expensive"" is a price complaint, not evidence about quality. Answer: No

5) Phrase A is no_evident_not_helpful_staff. Phrase B is not_kind_staff.
   → ""Not kind"" is a distinct complaint (attitude) from ""not helpful"" (competence/assistance) —
     it does not itself prove staff were unhelpful. Answer: No

OUTPUT FORMAT: Respond with exactly one word, ""Yes"" or ""No"". No explanation, no punctuation.

NOW DECIDE:
Phrase A is no_evident_not_perfect_instruction. Phrase B is customer_wait_10_minute_for_check-in.
Answer:
",Yes
2026-08-10 23:07:02,3,29,no_evident_not_perfect_instruction,staff_misunderstand_on_payment,"You are checking arguments in an ABA (Assumption-Based Argumentation) framework built from hotel review mining.

BACKGROUND:
Phrase A is always an auto-derived ""Assumption"" — it defends a claim by asserting no counter-evidence
exists. It has one of two forms:
- ""no_evident_not_X"" → defends that X IS true (assumes no evidence proves X false)
- ""have_evident_no_Y"" → defends that Y IS absent (assumes there IS evidence Y is missing)

Phrase B is a candidate ""Proposition"" — a separate fact mined from another part of the review data.

TASK: Decide whether Phrase B is CONTRARY to Phrase A — meaning: if Phrase B is true, does it act as
the counter-evidence that breaks Phrase A's assumption?

RULES (apply in order):
1. Strip the ""no_evident_not_"" or ""have_evident_"" prefix from Phrase A to recover the underlying claim.
2. Ask: does Phrase B describe a concrete fact that, if true, disproves that claim?
3. Phrase B must be about the SAME specific situation as the claim, not merely the same general topic.
   A different specific complaint about the same topic is usually NOT contrary.
4. Do not judge by shared keywords (e.g. both containing ""not"" or ""no"") — judge the meaning.
5. If B provides real counter-evidence against A's claim → Yes. Otherwise → No.

CONTRASTIVE EXAMPLES:

1) Phrase A is no_evident_not_easy_check-in. Phrase B is customer_wait_10_minute_for_greet.
   → Waiting 10 minutes to be greeted is direct evidence check-in was NOT easy. Answer: Yes

2) Phrase A is no_evident_not_easy_check-in. Phrase B is no_one_give_key_on_late_check-in.
   → This is about late check-in key handover, a different specific issue than check-in being easy. Answer: No

3) Phrase A is no_evident_not_great_quality. Phrase B is shampoo_seem_cheap_considering_hotel_cost.
   → Cheap-feeling shampoo for the price directly undercuts the ""great quality"" claim. Answer: Yes

4) Phrase A is no_evident_not_great_quality. Phrase B is expensive_hotel.
   → ""Expensive"" is a price complaint, not evidence about quality. Answer: No

5) Phrase A is no_evident_not_helpful_staff. Phrase B is not_kind_staff.
   → ""Not kind"" is a distinct complaint (attitude) from ""not helpful"" (competence/assistance) —
     it does not itself prove staff were unhelpful. Answer: No

OUTPUT FORMAT: Respond with exactly one word, ""Yes"" or ""No"". No explanation, no punctuation.

NOW DECIDE:
Phrase A is no_evident_not_perfect_instruction. Phrase B is staff_misunderstand_on_payment.
Answer:
",Yes
2026-08-10 23:07:02,3,30,no_evident_not_perfect_instruction,staff_take_picture_of_passport,"You are checking arguments in an ABA (Assumption-Based Argumentation) framework built from hotel review mining.

BACKGROUND:
Phrase A is always an auto-derived ""Assumption"" — it defends a claim by asserting no counter-evidence
exists. It has one of two forms:
- ""no_evident_not_X"" → defends that X IS true (assumes no evidence proves X false)
- ""have_evident_no_Y"" → defends that Y IS absent (assumes there IS evidence Y is missing)

Phrase B is a candidate ""Proposition"" — a separate fact mined from another part of the review data.

TASK: Decide whether Phrase B is CONTRARY to Phrase A — meaning: if Phrase B is true, does it act as
the counter-evidence that breaks Phrase A's assumption?

RULES (apply in order):
1. Strip the ""no_evident_not_"" or ""have_evident_"" prefix from Phrase A to recover the underlying claim.
2. Ask: does Phrase B describe a concrete fact that, if true, disproves that claim?
3. Phrase B must be about the SAME specific situation as the claim, not merely the same general topic.
   A different specific complaint about the same topic is usually NOT contrary.
4. Do not judge by shared keywords (e.g. both containing ""not"" or ""no"") — judge the meaning.
5. If B provides real counter-evidence against A's claim → Yes. Otherwise → No.

CONTRASTIVE EXAMPLES:

1) Phrase A is no_evident_not_easy_check-in. Phrase B is customer_wait_10_minute_for_greet.
   → Waiting 10 minutes to be greeted is direct evidence check-in was NOT easy. Answer: Yes

2) Phrase A is no_evident_not_easy_check-in. Phrase B is no_one_give_key_on_late_check-in.
   → This is about late check-in key handover, a different specific issue than check-in being easy. Answer: No

3) Phrase A is no_evident_not_great_quality. Phrase B is shampoo_seem_cheap_considering_hotel_cost.
   → Cheap-feeling shampoo for the price directly undercuts the ""great quality"" claim. Answer: Yes

4) Phrase A is no_evident_not_great_quality. Phrase B is expensive_hotel.
   → ""Expensive"" is a price complaint, not evidence about quality. Answer: No

5) Phrase A is no_evident_not_helpful_staff. Phrase B is not_kind_staff.
   → ""Not kind"" is a distinct complaint (attitude) from ""not helpful"" (competence/assistance) —
     it does not itself prove staff were unhelpful. Answer: No

OUTPUT FORMAT: Respond with exactly one word, ""Yes"" or ""No"". No explanation, no punctuation.

NOW DECIDE:
Phrase A is no_evident_not_perfect_instruction. Phrase B is staff_take_picture_of_passport.
Answer:
",Yes
2026-08-10 23:07:02,3,31,no_evident_not_easy_late_night_check-in,no_one_give_key_on_late_check-in,"You are checking arguments in an ABA (Assumption-Based Argumentation) framework built from hotel review mining.

BACKGROUND:
Phrase A is always an auto-derived ""Assumption"" — it defends a claim by asserting no counter-evidence
exists. It has one of two forms:
- ""no_evident_not_X"" → defends that X IS true (assumes no evidence proves X false)
- ""have_evident_no_Y"" → defends that Y IS absent (assumes there IS evidence Y is missing)

Phrase B is a candidate ""Proposition"" — a separate fact mined from another part of the review data.

TASK: Decide whether Phrase B is CONTRARY to Phrase A — meaning: if Phrase B is true, does it act as
the counter-evidence that breaks Phrase A's assumption?

RULES (apply in order):
1. Strip the ""no_evident_not_"" or ""have_evident_"" prefix from Phrase A to recover the underlying claim.
2. Ask: does Phrase B describe a concrete fact that, if true, disproves that claim?
3. Phrase B must be about the SAME specific situation as the claim, not merely the same general topic.
   A different specific complaint about the same topic is usually NOT contrary.
4. Do not judge by shared keywords (e.g. both containing ""not"" or ""no"") — judge the meaning.
5. If B provides real counter-evidence against A's claim → Yes. Otherwise → No.

CONTRASTIVE EXAMPLES:

1) Phrase A is no_evident_not_easy_check-in. Phrase B is customer_wait_10_minute_for_greet.
   → Waiting 10 minutes to be greeted is direct evidence check-in was NOT easy. Answer: Yes

2) Phrase A is no_evident_not_easy_check-in. Phrase B is no_one_give_key_on_late_check-in.
   → This is about late check-in key handover, a different specific issue than check-in being easy. Answer: No

3) Phrase A is no_evident_not_great_quality. Phrase B is shampoo_seem_cheap_considering_hotel_cost.
   → Cheap-feeling shampoo for the price directly undercuts the ""great quality"" claim. Answer: Yes

4) Phrase A is no_evident_not_great_quality. Phrase B is expensive_hotel.
   → ""Expensive"" is a price complaint, not evidence about quality. Answer: No

5) Phrase A is no_evident_not_helpful_staff. Phrase B is not_kind_staff.
   → ""Not kind"" is a distinct complaint (attitude) from ""not helpful"" (competence/assistance) —
     it does not itself prove staff were unhelpful. Answer: No

OUTPUT FORMAT: Respond with exactly one word, ""Yes"" or ""No"". No explanation, no punctuation.

NOW DECIDE:
Phrase A is no_evident_not_easy_late_night_check-in. Phrase B is no_one_give_key_on_late_check-in.
Answer:
",Yes
2026-08-10 23:07:02,3,32,no_evident_not_easy_late_night_check-in,door_lock_on_late_check-in,"You are checking arguments in an ABA (Assumption-Based Argumentation) framework built from hotel review mining.

BACKGROUND:
Phrase A is always an auto-derived ""Assumption"" — it defends a claim by asserting no counter-evidence
exists. It has one of two forms:
- ""no_evident_not_X"" → defends that X IS true (assumes no evidence proves X false)
- ""have_evident_no_Y"" → defends that Y IS absent (assumes there IS evidence Y is missing)

Phrase B is a candidate ""Proposition"" — a separate fact mined from another part of the review data.

TASK: Decide whether Phrase B is CONTRARY to Phrase A — meaning: if Phrase B is true, does it act as
the counter-evidence that breaks Phrase A's assumption?

RULES (apply in order):
1. Strip the ""no_evident_not_"" or ""have_evident_"" prefix from Phrase A to recover the underlying claim.
2. Ask: does Phrase B describe a concrete fact that, if true, disproves that claim?
3. Phrase B must be about the SAME specific situation as the claim, not merely the same general topic.
   A different specific complaint about the same topic is usually NOT contrary.
4. Do not judge by shared keywords (e.g. both containing ""not"" or ""no"") — judge the meaning.
5. If B provides real counter-evidence against A's claim → Yes. Otherwise → No.

CONTRASTIVE EXAMPLES:

1) Phrase A is no_evident_not_easy_check-in. Phrase B is customer_wait_10_minute_for_greet.
   → Waiting 10 minutes to be greeted is direct evidence check-in was NOT easy. Answer: Yes

2) Phrase A is no_evident_not_easy_check-in. Phrase B is no_one_give_key_on_late_check-in.
   → This is about late check-in key handover, a different specific issue than check-in being easy. Answer: No

3) Phrase A is no_evident_not_great_quality. Phrase B is shampoo_seem_cheap_considering_hotel_cost.
   → Cheap-feeling shampoo for the price directly undercuts the ""great quality"" claim. Answer: Yes

4) Phrase A is no_evident_not_great_quality. Phrase B is expensive_hotel.
   → ""Expensive"" is a price complaint, not evidence about quality. Answer: No

5) Phrase A is no_evident_not_helpful_staff. Phrase B is not_kind_staff.
   → ""Not kind"" is a distinct complaint (attitude) from ""not helpful"" (competence/assistance) —
     it does not itself prove staff were unhelpful. Answer: No

OUTPUT FORMAT: Respond with exactly one word, ""Yes"" or ""No"". No explanation, no punctuation.

NOW DECIDE:
Phrase A is no_evident_not_easy_late_night_check-in. Phrase B is door_lock_on_late_check-in.
Answer:
",Yes
2026-08-10 23:07:02,3,33,no_evident_not_easy_late_night_check-in,customer_wait_10_minute_for_greet,"You are checking arguments in an ABA (Assumption-Based Argumentation) framework built from hotel review mining.

BACKGROUND:
Phrase A is always an auto-derived ""Assumption"" — it defends a claim by asserting no counter-evidence
exists. It has one of two forms:
- ""no_evident_not_X"" → defends that X IS true (assumes no evidence proves X false)
- ""have_evident_no_Y"" → defends that Y IS absent (assumes there IS evidence Y is missing)

Phrase B is a candidate ""Proposition"" — a separate fact mined from another part of the review data.

TASK: Decide whether Phrase B is CONTRARY to Phrase A — meaning: if Phrase B is true, does it act as
the counter-evidence that breaks Phrase A's assumption?

RULES (apply in order):
1. Strip the ""no_evident_not_"" or ""have_evident_"" prefix from Phrase A to recover the underlying claim.
2. Ask: does Phrase B describe a concrete fact that, if true, disproves that claim?
3. Phrase B must be about the SAME specific situation as the claim, not merely the same general topic.
   A different specific complaint about the same topic is usually NOT contrary.
4. Do not judge by shared keywords (e.g. both containing ""not"" or ""no"") — judge the meaning.
5. If B provides real counter-evidence against A's claim → Yes. Otherwise → No.

CONTRASTIVE EXAMPLES:

1) Phrase A is no_evident_not_easy_check-in. Phrase B is customer_wait_10_minute_for_greet.
   → Waiting 10 minutes to be greeted is direct evidence check-in was NOT easy. Answer: Yes

2) Phrase A is no_evident_not_easy_check-in. Phrase B is no_one_give_key_on_late_check-in.
   → This is about late check-in key handover, a different specific issue than check-in being easy. Answer: No

3) Phrase A is no_evident_not_great_quality. Phrase B is shampoo_seem_cheap_considering_hotel_cost.
   → Cheap-feeling shampoo for the price directly undercuts the ""great quality"" claim. Answer: Yes

4) Phrase A is no_evident_not_great_quality. Phrase B is expensive_hotel.
   → ""Expensive"" is a price complaint, not evidence about quality. Answer: No

5) Phrase A is no_evident_not_helpful_staff. Phrase B is not_kind_staff.
   → ""Not kind"" is a distinct complaint (attitude) from ""not helpful"" (competence/assistance) —
     it does not itself prove staff were unhelpful. Answer: No

OUTPUT FORMAT: Respond with exactly one word, ""Yes"" or ""No"". No explanation, no punctuation.

NOW DECIDE:
Phrase A is no_evident_not_easy_late_night_check-in. Phrase B is customer_wait_10_minute_for_greet.
Answer:
",No.
2026-08-10 23:07:03,3,34,no_evident_not_easy_late_night_check-in,customer_wait_10_minute_for_check-in,"You are checking arguments in an ABA (Assumption-Based Argumentation) framework built from hotel review mining.

BACKGROUND:
Phrase A is always an auto-derived ""Assumption"" — it defends a claim by asserting no counter-evidence
exists. It has one of two forms:
- ""no_evident_not_X"" → defends that X IS true (assumes no evidence proves X false)
- ""have_evident_no_Y"" → defends that Y IS absent (assumes there IS evidence Y is missing)

Phrase B is a candidate ""Proposition"" — a separate fact mined from another part of the review data.

TASK: Decide whether Phrase B is CONTRARY to Phrase A — meaning: if Phrase B is true, does it act as
the counter-evidence that breaks Phrase A's assumption?

RULES (apply in order):
1. Strip the ""no_evident_not_"" or ""have_evident_"" prefix from Phrase A to recover the underlying claim.
2. Ask: does Phrase B describe a concrete fact that, if true, disproves that claim?
3. Phrase B must be about the SAME specific situation as the claim, not merely the same general topic.
   A different specific complaint about the same topic is usually NOT contrary.
4. Do not judge by shared keywords (e.g. both containing ""not"" or ""no"") — judge the meaning.
5. If B provides real counter-evidence against A's claim → Yes. Otherwise → No.

CONTRASTIVE EXAMPLES:

1) Phrase A is no_evident_not_easy_check-in. Phrase B is customer_wait_10_minute_for_greet.
   → Waiting 10 minutes to be greeted is direct evidence check-in was NOT easy. Answer: Yes

2) Phrase A is no_evident_not_easy_check-in. Phrase B is no_one_give_key_on_late_check-in.
   → This is about late check-in key handover, a different specific issue than check-in being easy. Answer: No

3) Phrase A is no_evident_not_great_quality. Phrase B is shampoo_seem_cheap_considering_hotel_cost.
   → Cheap-feeling shampoo for the price directly undercuts the ""great quality"" claim. Answer: Yes

4) Phrase A is no_evident_not_great_quality. Phrase B is expensive_hotel.
   → ""Expensive"" is a price complaint, not evidence about quality. Answer: No

5) Phrase A is no_evident_not_helpful_staff. Phrase B is not_kind_staff.
   → ""Not kind"" is a distinct complaint (attitude) from ""not helpful"" (competence/assistance) —
     it does not itself prove staff were unhelpful. Answer: No

OUTPUT FORMAT: Respond with exactly one word, ""Yes"" or ""No"". No explanation, no punctuation.

NOW DECIDE:
Phrase A is no_evident_not_easy_late_night_check-in. Phrase B is customer_wait_10_minute_for_check-in.
Answer:
",No.
2026-08-10 23:07:03,3,35,no_evident_not_easy_late_night_check-in,staff_misunderstand_on_payment,"You are checking arguments in an ABA (Assumption-Based Argumentation) framework built from hotel review mining.

BACKGROUND:
Phrase A is always an auto-derived ""Assumption"" — it defends a claim by asserting no counter-evidence
exists. It has one of two forms:
- ""no_evident_not_X"" → defends that X IS true (assumes no evidence proves X false)
- ""have_evident_no_Y"" → defends that Y IS absent (assumes there IS evidence Y is missing)

Phrase B is a candidate ""Proposition"" — a separate fact mined from another part of the review data.

TASK: Decide whether Phrase B is CONTRARY to Phrase A — meaning: if Phrase B is true, does it act as
the counter-evidence that breaks Phrase A's assumption?

RULES (apply in order):
1. Strip the ""no_evident_not_"" or ""have_evident_"" prefix from Phrase A to recover the underlying claim.
2. Ask: does Phrase B describe a concrete fact that, if true, disproves that claim?
3. Phrase B must be about the SAME specific situation as the claim, not merely the same general topic.
   A different specific complaint about the same topic is usually NOT contrary.
4. Do not judge by shared keywords (e.g. both containing ""not"" or ""no"") — judge the meaning.
5. If B provides real counter-evidence against A's claim → Yes. Otherwise → No.

CONTRASTIVE EXAMPLES:

1) Phrase A is no_evident_not_easy_check-in. Phrase B is customer_wait_10_minute_for_greet.
   → Waiting 10 minutes to be greeted is direct evidence check-in was NOT easy. Answer: Yes

2) Phrase A is no_evident_not_easy_check-in. Phrase B is no_one_give_key_on_late_check-in.
   → This is about late check-in key handover, a different specific issue than check-in being easy. Answer: No

3) Phrase A is no_evident_not_great_quality. Phrase B is shampoo_seem_cheap_considering_hotel_cost.
   → Cheap-feeling shampoo for the price directly undercuts the ""great quality"" claim. Answer: Yes

4) Phrase A is no_evident_not_great_quality. Phrase B is expensive_hotel.
   → ""Expensive"" is a price complaint, not evidence about quality. Answer: No

5) Phrase A is no_evident_not_helpful_staff. Phrase B is not_kind_staff.
   → ""Not kind"" is a distinct complaint (attitude) from ""not helpful"" (competence/assistance) —
     it does not itself prove staff were unhelpful. Answer: No

OUTPUT FORMAT: Respond with exactly one word, ""Yes"" or ""No"". No explanation, no punctuation.

NOW DECIDE:
Phrase A is no_evident_not_easy_late_night_check-in. Phrase B is staff_misunderstand_on_payment.
Answer:
",No.
2026-08-10 23:07:03,3,36,no_evident_not_easy_late_night_check-in,staff_take_picture_of_passport,"You are checking arguments in an ABA (Assumption-Based Argumentation) framework built from hotel review mining.

BACKGROUND:
Phrase A is always an auto-derived ""Assumption"" — it defends a claim by asserting no counter-evidence
exists. It has one of two forms:
- ""no_evident_not_X"" → defends that X IS true (assumes no evidence proves X false)
- ""have_evident_no_Y"" → defends that Y IS absent (assumes there IS evidence Y is missing)

Phrase B is a candidate ""Proposition"" — a separate fact mined from another part of the review data.

TASK: Decide whether Phrase B is CONTRARY to Phrase A — meaning: if Phrase B is true, does it act as
the counter-evidence that breaks Phrase A's assumption?

RULES (apply in order):
1. Strip the ""no_evident_not_"" or ""have_evident_"" prefix from Phrase A to recover the underlying claim.
2. Ask: does Phrase B describe a concrete fact that, if true, disproves that claim?
3. Phrase B must be about the SAME specific situation as the claim, not merely the same general topic.
   A different specific complaint about the same topic is usually NOT contrary.
4. Do not judge by shared keywords (e.g. both containing ""not"" or ""no"") — judge the meaning.
5. If B provides real counter-evidence against A's claim → Yes. Otherwise → No.

CONTRASTIVE EXAMPLES:

1) Phrase A is no_evident_not_easy_check-in. Phrase B is customer_wait_10_minute_for_greet.
   → Waiting 10 minutes to be greeted is direct evidence check-in was NOT easy. Answer: Yes

2) Phrase A is no_evident_not_easy_check-in. Phrase B is no_one_give_key_on_late_check-in.
   → This is about late check-in key handover, a different specific issue than check-in being easy. Answer: No

3) Phrase A is no_evident_not_great_quality. Phrase B is shampoo_seem_cheap_considering_hotel_cost.
   → Cheap-feeling shampoo for the price directly undercuts the ""great quality"" claim. Answer: Yes

4) Phrase A is no_evident_not_great_quality. Phrase B is expensive_hotel.
   → ""Expensive"" is a price complaint, not evidence about quality. Answer: No

5) Phrase A is no_evident_not_helpful_staff. Phrase B is not_kind_staff.
   → ""Not kind"" is a distinct complaint (attitude) from ""not helpful"" (competence/assistance) —
     it does not itself prove staff were unhelpful. Answer: No

OUTPUT FORMAT: Respond with exactly one word, ""Yes"" or ""No"". No explanation, no punctuation.

NOW DECIDE:
Phrase A is no_evident_not_easy_late_night_check-in. Phrase B is staff_take_picture_of_passport.
Answer:
",No.
2026-08-10 23:07:03,3,38,no_evident_not_comfortable_late_night_check-in,door_lock_on_late_check-in,"You are checking arguments in an ABA (Assumption-Based Argumentation) framework built from hotel review mining.

BACKGROUND:
Phrase A is always an auto-derived ""Assumption"" — it defends a claim by asserting no counter-evidence
exists. It has one of two forms:
- ""no_evident_not_X"" → defends that X IS true (assumes no evidence proves X false)
- ""have_evident_no_Y"" → defends that Y IS absent (assumes there IS evidence Y is missing)

Phrase B is a candidate ""Proposition"" — a separate fact mined from another part of the review data.

TASK: Decide whether Phrase B is CONTRARY to Phrase A — meaning: if Phrase B is true, does it act as
the counter-evidence that breaks Phrase A's assumption?

RULES (apply in order):
1. Strip the ""no_evident_not_"" or ""have_evident_"" prefix from Phrase A to recover the underlying claim.
2. Ask: does Phrase B describe a concrete fact that, if true, disproves that claim?
3. Phrase B must be about the SAME specific situation as the claim, not merely the same general topic.
   A different specific complaint about the same topic is usually NOT contrary.
4. Do not judge by shared keywords (e.g. both containing ""not"" or ""no"") — judge the meaning.
5. If B provides real counter-evidence against A's claim → Yes. Otherwise → No.

CONTRASTIVE EXAMPLES:

1) Phrase A is no_evident_not_easy_check-in. Phrase B is customer_wait_10_minute_for_greet.
   → Waiting 10 minutes to be greeted is direct evidence check-in was NOT easy. Answer: Yes

2) Phrase A is no_evident_not_easy_check-in. Phrase B is no_one_give_key_on_late_check-in.
   → This is about late check-in key handover, a different specific issue than check-in being easy. Answer: No

3) Phrase A is no_evident_not_great_quality. Phrase B is shampoo_seem_cheap_considering_hotel_cost.
   → Cheap-feeling shampoo for the price directly undercuts the ""great quality"" claim. Answer: Yes

4) Phrase A is no_evident_not_great_quality. Phrase B is expensive_hotel.
   → ""Expensive"" is a price complaint, not evidence about quality. Answer: No

5) Phrase A is no_evident_not_helpful_staff. Phrase B is not_kind_staff.
   → ""Not kind"" is a distinct complaint (attitude) from ""not helpful"" (competence/assistance) —
     it does not itself prove staff were unhelpful. Answer: No

OUTPUT FORMAT: Respond with exactly one word, ""Yes"" or ""No"". No explanation, no punctuation.

NOW DECIDE:
Phrase A is no_evident_not_comfortable_late_night_check-in. Phrase B is door_lock_on_late_check-in.
Answer:
",Yes
2026-08-10 23:07:03,3,37,no_evident_not_comfortable_late_night_check-in,no_one_give_key_on_late_check-in,"You are checking arguments in an ABA (Assumption-Based Argumentation) framework built from hotel review mining.

BACKGROUND:
Phrase A is always an auto-derived ""Assumption"" — it defends a claim by asserting no counter-evidence
exists. It has one of two forms:
- ""no_evident_not_X"" → defends that X IS true (assumes no evidence proves X false)
- ""have_evident_no_Y"" → defends that Y IS absent (assumes there IS evidence Y is missing)

Phrase B is a candidate ""Proposition"" — a separate fact mined from another part of the review data.

TASK: Decide whether Phrase B is CONTRARY to Phrase A — meaning: if Phrase B is true, does it act as
the counter-evidence that breaks Phrase A's assumption?

RULES (apply in order):
1. Strip the ""no_evident_not_"" or ""have_evident_"" prefix from Phrase A to recover the underlying claim.
2. Ask: does Phrase B describe a concrete fact that, if true, disproves that claim?
3. Phrase B must be about the SAME specific situation as the claim, not merely the same general topic.
   A different specific complaint about the same topic is usually NOT contrary.
4. Do not judge by shared keywords (e.g. both containing ""not"" or ""no"") — judge the meaning.
5. If B provides real counter-evidence against A's claim → Yes. Otherwise → No.

CONTRASTIVE EXAMPLES:

1) Phrase A is no_evident_not_easy_check-in. Phrase B is customer_wait_10_minute_for_greet.
   → Waiting 10 minutes to be greeted is direct evidence check-in was NOT easy. Answer: Yes

2) Phrase A is no_evident_not_easy_check-in. Phrase B is no_one_give_key_on_late_check-in.
   → This is about late check-in key handover, a different specific issue than check-in being easy. Answer: No

3) Phrase A is no_evident_not_great_quality. Phrase B is shampoo_seem_cheap_considering_hotel_cost.
   → Cheap-feeling shampoo for the price directly undercuts the ""great quality"" claim. Answer: Yes

4) Phrase A is no_evident_not_great_quality. Phrase B is expensive_hotel.
   → ""Expensive"" is a price complaint, not evidence about quality. Answer: No

5) Phrase A is no_evident_not_helpful_staff. Phrase B is not_kind_staff.
   → ""Not kind"" is a distinct complaint (attitude) from ""not helpful"" (competence/assistance) —
     it does not itself prove staff were unhelpful. Answer: No

OUTPUT FORMAT: Respond with exactly one word, ""Yes"" or ""No"". No explanation, no punctuation.

NOW DECIDE:
Phrase A is no_evident_not_comfortable_late_night_check-in. Phrase B is no_one_give_key_on_late_check-in.
Answer:
",Yes
2026-08-10 23:07:03,3,39,no_evident_not_comfortable_late_night_check-in,customer_wait_10_minute_for_greet,"You are checking arguments in an ABA (Assumption-Based Argumentation) framework built from hotel review mining.

BACKGROUND:
Phrase A is always an auto-derived ""Assumption"" — it defends a claim by asserting no counter-evidence
exists. It has one of two forms:
- ""no_evident_not_X"" → defends that X IS true (assumes no evidence proves X false)
- ""have_evident_no_Y"" → defends that Y IS absent (assumes there IS evidence Y is missing)

Phrase B is a candidate ""Proposition"" — a separate fact mined from another part of the review data.

TASK: Decide whether Phrase B is CONTRARY to Phrase A — meaning: if Phrase B is true, does it act as
the counter-evidence that breaks Phrase A's assumption?

RULES (apply in order):
1. Strip the ""no_evident_not_"" or ""have_evident_"" prefix from Phrase A to recover the underlying claim.
2. Ask: does Phrase B describe a concrete fact that, if true, disproves that claim?
3. Phrase B must be about the SAME specific situation as the claim, not merely the same general topic.
   A different specific complaint about the same topic is usually NOT contrary.
4. Do not judge by shared keywords (e.g. both containing ""not"" or ""no"") — judge the meaning.
5. If B provides real counter-evidence against A's claim → Yes. Otherwise → No.

CONTRASTIVE EXAMPLES:

1) Phrase A is no_evident_not_easy_check-in. Phrase B is customer_wait_10_minute_for_greet.
   → Waiting 10 minutes to be greeted is direct evidence check-in was NOT easy. Answer: Yes

2) Phrase A is no_evident_not_easy_check-in. Phrase B is no_one_give_key_on_late_check-in.
   → This is about late check-in key handover, a different specific issue than check-in being easy. Answer: No

3) Phrase A is no_evident_not_great_quality. Phrase B is shampoo_seem_cheap_considering_hotel_cost.
   → Cheap-feeling shampoo for the price directly undercuts the ""great quality"" claim. Answer: Yes

4) Phrase A is no_evident_not_great_quality. Phrase B is expensive_hotel.
   → ""Expensive"" is a price complaint, not evidence about quality. Answer: No

5) Phrase A is no_evident_not_helpful_staff. Phrase B is not_kind_staff.
   → ""Not kind"" is a distinct complaint (attitude) from ""not helpful"" (competence/assistance) —
     it does not itself prove staff were unhelpful. Answer: No

OUTPUT FORMAT: Respond with exactly one word, ""Yes"" or ""No"". No explanation, no punctuation.

NOW DECIDE:
Phrase A is no_evident_not_comfortable_late_night_check-in. Phrase B is customer_wait_10_minute_for_greet.
Answer:
",Yes
2026-08-10 23:07:03,3,40,no_evident_not_comfortable_late_night_check-in,customer_wait_10_minute_for_check-in,"You are checking arguments in an ABA (Assumption-Based Argumentation) framework built from hotel review mining.

BACKGROUND:
Phrase A is always an auto-derived ""Assumption"" — it defends a claim by asserting no counter-evidence
exists. It has one of two forms:
- ""no_evident_not_X"" → defends that X IS true (assumes no evidence proves X false)
- ""have_evident_no_Y"" → defends that Y IS absent (assumes there IS evidence Y is missing)

Phrase B is a candidate ""Proposition"" — a separate fact mined from another part of the review data.

TASK: Decide whether Phrase B is CONTRARY to Phrase A — meaning: if Phrase B is true, does it act as
the counter-evidence that breaks Phrase A's assumption?

RULES (apply in order):
1. Strip the ""no_evident_not_"" or ""have_evident_"" prefix from Phrase A to recover the underlying claim.
2. Ask: does Phrase B describe a concrete fact that, if true, disproves that claim?
3. Phrase B must be about the SAME specific situation as the claim, not merely the same general topic.
   A different specific complaint about the same topic is usually NOT contrary.
4. Do not judge by shared keywords (e.g. both containing ""not"" or ""no"") — judge the meaning.
5. If B provides real counter-evidence against A's claim → Yes. Otherwise → No.

CONTRASTIVE EXAMPLES:

1) Phrase A is no_evident_not_easy_check-in. Phrase B is customer_wait_10_minute_for_greet.
   → Waiting 10 minutes to be greeted is direct evidence check-in was NOT easy. Answer: Yes

2) Phrase A is no_evident_not_easy_check-in. Phrase B is no_one_give_key_on_late_check-in.
   → This is about late check-in key handover, a different specific issue than check-in being easy. Answer: No

3) Phrase A is no_evident_not_great_quality. Phrase B is shampoo_seem_cheap_considering_hotel_cost.
   → Cheap-feeling shampoo for the price directly undercuts the ""great quality"" claim. Answer: Yes

4) Phrase A is no_evident_not_great_quality. Phrase B is expensive_hotel.
   → ""Expensive"" is a price complaint, not evidence about quality. Answer: No

5) Phrase A is no_evident_not_helpful_staff. Phrase B is not_kind_staff.
   → ""Not kind"" is a distinct complaint (attitude) from ""not helpful"" (competence/assistance) —
     it does not itself prove staff were unhelpful. Answer: No

OUTPUT FORMAT: Respond with exactly one word, ""Yes"" or ""No"". No explanation, no punctuation.

NOW DECIDE:
Phrase A is no_evident_not_comfortable_late_night_check-in. Phrase B is customer_wait_10_minute_for_check-in.
Answer:
",No.
2026-08-10 23:07:04,3,41,no_evident_not_comfortable_late_night_check-in,staff_misunderstand_on_payment,"You are checking arguments in an ABA (Assumption-Based Argumentation) framework built from hotel review mining.

BACKGROUND:
Phrase A is always an auto-derived ""Assumption"" — it defends a claim by asserting no counter-evidence
exists. It has one of two forms:
- ""no_evident_not_X"" → defends that X IS true (assumes no evidence proves X false)
- ""have_evident_no_Y"" → defends that Y IS absent (assumes there IS evidence Y is missing)

Phrase B is a candidate ""Proposition"" — a separate fact mined from another part of the review data.

TASK: Decide whether Phrase B is CONTRARY to Phrase A — meaning: if Phrase B is true, does it act as
the counter-evidence that breaks Phrase A's assumption?

RULES (apply in order):
1. Strip the ""no_evident_not_"" or ""have_evident_"" prefix from Phrase A to recover the underlying claim.
2. Ask: does Phrase B describe a concrete fact that, if true, disproves that claim?
3. Phrase B must be about the SAME specific situation as the claim, not merely the same general topic.
   A different specific complaint about the same topic is usually NOT contrary.
4. Do not judge by shared keywords (e.g. both containing ""not"" or ""no"") — judge the meaning.
5. If B provides real counter-evidence against A's claim → Yes. Otherwise → No.

CONTRASTIVE EXAMPLES:

1) Phrase A is no_evident_not_easy_check-in. Phrase B is customer_wait_10_minute_for_greet.
   → Waiting 10 minutes to be greeted is direct evidence check-in was NOT easy. Answer: Yes

2) Phrase A is no_evident_not_easy_check-in. Phrase B is no_one_give_key_on_late_check-in.
   → This is about late check-in key handover, a different specific issue than check-in being easy. Answer: No

3) Phrase A is no_evident_not_great_quality. Phrase B is shampoo_seem_cheap_considering_hotel_cost.
   → Cheap-feeling shampoo for the price directly undercuts the ""great quality"" claim. Answer: Yes

4) Phrase A is no_evident_not_great_quality. Phrase B is expensive_hotel.
   → ""Expensive"" is a price complaint, not evidence about quality. Answer: No

5) Phrase A is no_evident_not_helpful_staff. Phrase B is not_kind_staff.
   → ""Not kind"" is a distinct complaint (attitude) from ""not helpful"" (competence/assistance) —
     it does not itself prove staff were unhelpful. Answer: No

OUTPUT FORMAT: Respond with exactly one word, ""Yes"" or ""No"". No explanation, no punctuation.

NOW DECIDE:
Phrase A is no_evident_not_comfortable_late_night_check-in. Phrase B is staff_misunderstand_on_payment.
Answer:
",No.
2026-08-10 23:07:04,3,42,no_evident_not_comfortable_late_night_check-in,staff_take_picture_of_passport,"You are checking arguments in an ABA (Assumption-Based Argumentation) framework built from hotel review mining.

BACKGROUND:
Phrase A is always an auto-derived ""Assumption"" — it defends a claim by asserting no counter-evidence
exists. It has one of two forms:
- ""no_evident_not_X"" → defends that X IS true (assumes no evidence proves X false)
- ""have_evident_no_Y"" → defends that Y IS absent (assumes there IS evidence Y is missing)

Phrase B is a candidate ""Proposition"" — a separate fact mined from another part of the review data.

TASK: Decide whether Phrase B is CONTRARY to Phrase A — meaning: if Phrase B is true, does it act as
the counter-evidence that breaks Phrase A's assumption?

RULES (apply in order):
1. Strip the ""no_evident_not_"" or ""have_evident_"" prefix from Phrase A to recover the underlying claim.
2. Ask: does Phrase B describe a concrete fact that, if true, disproves that claim?
3. Phrase B must be about the SAME specific situation as the claim, not merely the same general topic.
   A different specific complaint about the same topic is usually NOT contrary.
4. Do not judge by shared keywords (e.g. both containing ""not"" or ""no"") — judge the meaning.
5. If B provides real counter-evidence against A's claim → Yes. Otherwise → No.

CONTRASTIVE EXAMPLES:

1) Phrase A is no_evident_not_easy_check-in. Phrase B is customer_wait_10_minute_for_greet.
   → Waiting 10 minutes to be greeted is direct evidence check-in was NOT easy. Answer: Yes

2) Phrase A is no_evident_not_easy_check-in. Phrase B is no_one_give_key_on_late_check-in.
   → This is about late check-in key handover, a different specific issue than check-in being easy. Answer: No

3) Phrase A is no_evident_not_great_quality. Phrase B is shampoo_seem_cheap_considering_hotel_cost.
   → Cheap-feeling shampoo for the price directly undercuts the ""great quality"" claim. Answer: Yes

4) Phrase A is no_evident_not_great_quality. Phrase B is expensive_hotel.
   → ""Expensive"" is a price complaint, not evidence about quality. Answer: No

5) Phrase A is no_evident_not_helpful_staff. Phrase B is not_kind_staff.
   → ""Not kind"" is a distinct complaint (attitude) from ""not helpful"" (competence/assistance) —
     it does not itself prove staff were unhelpful. Answer: No

OUTPUT FORMAT: Respond with exactly one word, ""Yes"" or ""No"". No explanation, no punctuation.

NOW DECIDE:
Phrase A is no_evident_not_comfortable_late_night_check-in. Phrase B is staff_take_picture_of_passport.
Answer:
",No.
2026-08-10 23:07:04,3,43,no_evident_not_easy_self_check-in,no_one_give_key_on_late_check-in,"You are checking arguments in an ABA (Assumption-Based Argumentation) framework built from hotel review mining.

BACKGROUND:
Phrase A is always an auto-derived ""Assumption"" — it defends a claim by asserting no counter-evidence
exists. It has one of two forms:
- ""no_evident_not_X"" → defends that X IS true (assumes no evidence proves X false)
- ""have_evident_no_Y"" → defends that Y IS absent (assumes there IS evidence Y is missing)

Phrase B is a candidate ""Proposition"" — a separate fact mined from another part of the review data.

TASK: Decide whether Phrase B is CONTRARY to Phrase A — meaning: if Phrase B is true, does it act as
the counter-evidence that breaks Phrase A's assumption?

RULES (apply in order):
1. Strip the ""no_evident_not_"" or ""have_evident_"" prefix from Phrase A to recover the underlying claim.
2. Ask: does Phrase B describe a concrete fact that, if true, disproves that claim?
3. Phrase B must be about the SAME specific situation as the claim, not merely the same general topic.
   A different specific complaint about the same topic is usually NOT contrary.
4. Do not judge by shared keywords (e.g. both containing ""not"" or ""no"") — judge the meaning.
5. If B provides real counter-evidence against A's claim → Yes. Otherwise → No.

CONTRASTIVE EXAMPLES:

1) Phrase A is no_evident_not_easy_check-in. Phrase B is customer_wait_10_minute_for_greet.
   → Waiting 10 minutes to be greeted is direct evidence check-in was NOT easy. Answer: Yes

2) Phrase A is no_evident_not_easy_check-in. Phrase B is no_one_give_key_on_late_check-in.
   → This is about late check-in key handover, a different specific issue than check-in being easy. Answer: No

3) Phrase A is no_evident_not_great_quality. Phrase B is shampoo_seem_cheap_considering_hotel_cost.
   → Cheap-feeling shampoo for the price directly undercuts the ""great quality"" claim. Answer: Yes

4) Phrase A is no_evident_not_great_quality. Phrase B is expensive_hotel.
   → ""Expensive"" is a price complaint, not evidence about quality. Answer: No

5) Phrase A is no_evident_not_helpful_staff. Phrase B is not_kind_staff.
   → ""Not kind"" is a distinct complaint (attitude) from ""not helpful"" (competence/assistance) —
     it does not itself prove staff were unhelpful. Answer: No

OUTPUT FORMAT: Respond with exactly one word, ""Yes"" or ""No"". No explanation, no punctuation.

NOW DECIDE:
Phrase A is no_evident_not_easy_self_check-in. Phrase B is no_one_give_key_on_late_check-in.
Answer:
",Yes
2026-08-10 23:07:04,3,44,no_evident_not_easy_self_check-in,door_lock_on_late_check-in,"You are checking arguments in an ABA (Assumption-Based Argumentation) framework built from hotel review mining.

BACKGROUND:
Phrase A is always an auto-derived ""Assumption"" — it defends a claim by asserting no counter-evidence
exists. It has one of two forms:
- ""no_evident_not_X"" → defends that X IS true (assumes no evidence proves X false)
- ""have_evident_no_Y"" → defends that Y IS absent (assumes there IS evidence Y is missing)

Phrase B is a candidate ""Proposition"" — a separate fact mined from another part of the review data.

TASK: Decide whether Phrase B is CONTRARY to Phrase A — meaning: if Phrase B is true, does it act as
the counter-evidence that breaks Phrase A's assumption?

RULES (apply in order):
1. Strip the ""no_evident_not_"" or ""have_evident_"" prefix from Phrase A to recover the underlying claim.
2. Ask: does Phrase B describe a concrete fact that, if true, disproves that claim?
3. Phrase B must be about the SAME specific situation as the claim, not merely the same general topic.
   A different specific complaint about the same topic is usually NOT contrary.
4. Do not judge by shared keywords (e.g. both containing ""not"" or ""no"") — judge the meaning.
5. If B provides real counter-evidence against A's claim → Yes. Otherwise → No.

CONTRASTIVE EXAMPLES:

1) Phrase A is no_evident_not_easy_check-in. Phrase B is customer_wait_10_minute_for_greet.
   → Waiting 10 minutes to be greeted is direct evidence check-in was NOT easy. Answer: Yes

2) Phrase A is no_evident_not_easy_check-in. Phrase B is no_one_give_key_on_late_check-in.
   → This is about late check-in key handover, a different specific issue than check-in being easy. Answer: No

3) Phrase A is no_evident_not_great_quality. Phrase B is shampoo_seem_cheap_considering_hotel_cost.
   → Cheap-feeling shampoo for the price directly undercuts the ""great quality"" claim. Answer: Yes

4) Phrase A is no_evident_not_great_quality. Phrase B is expensive_hotel.
   → ""Expensive"" is a price complaint, not evidence about quality. Answer: No

5) Phrase A is no_evident_not_helpful_staff. Phrase B is not_kind_staff.
   → ""Not kind"" is a distinct complaint (attitude) from ""not helpful"" (competence/assistance) —
     it does not itself prove staff were unhelpful. Answer: No

OUTPUT FORMAT: Respond with exactly one word, ""Yes"" or ""No"". No explanation, no punctuation.

NOW DECIDE:
Phrase A is no_evident_not_easy_self_check-in. Phrase B is door_lock_on_late_check-in.
Answer:
",Yes
2026-08-10 23:07:04,3,45,no_evident_not_easy_self_check-in,customer_wait_10_minute_for_greet,"You are checking arguments in an ABA (Assumption-Based Argumentation) framework built from hotel review mining.

BACKGROUND:
Phrase A is always an auto-derived ""Assumption"" — it defends a claim by asserting no counter-evidence
exists. It has one of two forms:
- ""no_evident_not_X"" → defends that X IS true (assumes no evidence proves X false)
- ""have_evident_no_Y"" → defends that Y IS absent (assumes there IS evidence Y is missing)

Phrase B is a candidate ""Proposition"" — a separate fact mined from another part of the review data.

TASK: Decide whether Phrase B is CONTRARY to Phrase A — meaning: if Phrase B is true, does it act as
the counter-evidence that breaks Phrase A's assumption?

RULES (apply in order):
1. Strip the ""no_evident_not_"" or ""have_evident_"" prefix from Phrase A to recover the underlying claim.
2. Ask: does Phrase B describe a concrete fact that, if true, disproves that claim?
3. Phrase B must be about the SAME specific situation as the claim, not merely the same general topic.
   A different specific complaint about the same topic is usually NOT contrary.
4. Do not judge by shared keywords (e.g. both containing ""not"" or ""no"") — judge the meaning.
5. If B provides real counter-evidence against A's claim → Yes. Otherwise → No.

CONTRASTIVE EXAMPLES:

1) Phrase A is no_evident_not_easy_check-in. Phrase B is customer_wait_10_minute_for_greet.
   → Waiting 10 minutes to be greeted is direct evidence check-in was NOT easy. Answer: Yes

2) Phrase A is no_evident_not_easy_check-in. Phrase B is no_one_give_key_on_late_check-in.
   → This is about late check-in key handover, a different specific issue than check-in being easy. Answer: No

3) Phrase A is no_evident_not_great_quality. Phrase B is shampoo_seem_cheap_considering_hotel_cost.
   → Cheap-feeling shampoo for the price directly undercuts the ""great quality"" claim. Answer: Yes

4) Phrase A is no_evident_not_great_quality. Phrase B is expensive_hotel.
   → ""Expensive"" is a price complaint, not evidence about quality. Answer: No

5) Phrase A is no_evident_not_helpful_staff. Phrase B is not_kind_staff.
   → ""Not kind"" is a distinct complaint (attitude) from ""not helpful"" (competence/assistance) —
     it does not itself prove staff were unhelpful. Answer: No

OUTPUT FORMAT: Respond with exactly one word, ""Yes"" or ""No"". No explanation, no punctuation.

NOW DECIDE:
Phrase A is no_evident_not_easy_self_check-in. Phrase B is customer_wait_10_minute_for_greet.
Answer:
",Yes
2026-08-10 23:07:04,3,46,no_evident_not_easy_self_check-in,customer_wait_10_minute_for_check-in,"You are checking arguments in an ABA (Assumption-Based Argumentation) framework built from hotel review mining.

BACKGROUND:
Phrase A is always an auto-derived ""Assumption"" — it defends a claim by asserting no counter-evidence
exists. It has one of two forms:
- ""no_evident_not_X"" → defends that X IS true (assumes no evidence proves X false)
- ""have_evident_no_Y"" → defends that Y IS absent (assumes there IS evidence Y is missing)

Phrase B is a candidate ""Proposition"" — a separate fact mined from another part of the review data.

TASK: Decide whether Phrase B is CONTRARY to Phrase A — meaning: if Phrase B is true, does it act as
the counter-evidence that breaks Phrase A's assumption?

RULES (apply in order):
1. Strip the ""no_evident_not_"" or ""have_evident_"" prefix from Phrase A to recover the underlying claim.
2. Ask: does Phrase B describe a concrete fact that, if true, disproves that claim?
3. Phrase B must be about the SAME specific situation as the claim, not merely the same general topic.
   A different specific complaint about the same topic is usually NOT contrary.
4. Do not judge by shared keywords (e.g. both containing ""not"" or ""no"") — judge the meaning.
5. If B provides real counter-evidence against A's claim → Yes. Otherwise → No.

CONTRASTIVE EXAMPLES:

1) Phrase A is no_evident_not_easy_check-in. Phrase B is customer_wait_10_minute_for_greet.
   → Waiting 10 minutes to be greeted is direct evidence check-in was NOT easy. Answer: Yes

2) Phrase A is no_evident_not_easy_check-in. Phrase B is no_one_give_key_on_late_check-in.
   → This is about late check-in key handover, a different specific issue than check-in being easy. Answer: No

3) Phrase A is no_evident_not_great_quality. Phrase B is shampoo_seem_cheap_considering_hotel_cost.
   → Cheap-feeling shampoo for the price directly undercuts the ""great quality"" claim. Answer: Yes

4) Phrase A is no_evident_not_great_quality. Phrase B is expensive_hotel.
   → ""Expensive"" is a price complaint, not evidence about quality. Answer: No

5) Phrase A is no_evident_not_helpful_staff. Phrase B is not_kind_staff.
   → ""Not kind"" is a distinct complaint (attitude) from ""not helpful"" (competence/assistance) —
     it does not itself prove staff were unhelpful. Answer: No

OUTPUT FORMAT: Respond with exactly one word, ""Yes"" or ""No"". No explanation, no punctuation.

NOW DECIDE:
Phrase A is no_evident_not_easy_self_check-in. Phrase B is customer_wait_10_minute_for_check-in.
Answer:
",No.
2026-08-10 23:07:04,3,47,no_evident_not_easy_self_check-in,staff_misunderstand_on_payment,"You are checking arguments in an ABA (Assumption-Based Argumentation) framework built from hotel review mining.

BACKGROUND:
Phrase A is always an auto-derived ""Assumption"" — it defends a claim by asserting no counter-evidence
exists. It has one of two forms:
- ""no_evident_not_X"" → defends that X IS true (assumes no evidence proves X false)
- ""have_evident_no_Y"" → defends that Y IS absent (assumes there IS evidence Y is missing)

Phrase B is a candidate ""Proposition"" — a separate fact mined from another part of the review data.

TASK: Decide whether Phrase B is CONTRARY to Phrase A — meaning: if Phrase B is true, does it act as
the counter-evidence that breaks Phrase A's assumption?

RULES (apply in order):
1. Strip the ""no_evident_not_"" or ""have_evident_"" prefix from Phrase A to recover the underlying claim.
2. Ask: does Phrase B describe a concrete fact that, if true, disproves that claim?
3. Phrase B must be about the SAME specific situation as the claim, not merely the same general topic.
   A different specific complaint about the same topic is usually NOT contrary.
4. Do not judge by shared keywords (e.g. both containing ""not"" or ""no"") — judge the meaning.
5. If B provides real counter-evidence against A's claim → Yes. Otherwise → No.

CONTRASTIVE EXAMPLES:

1) Phrase A is no_evident_not_easy_check-in. Phrase B is customer_wait_10_minute_for_greet.
   → Waiting 10 minutes to be greeted is direct evidence check-in was NOT easy. Answer: Yes

2) Phrase A is no_evident_not_easy_check-in. Phrase B is no_one_give_key_on_late_check-in.
   → This is about late check-in key handover, a different specific issue than check-in being easy. Answer: No

3) Phrase A is no_evident_not_great_quality. Phrase B is shampoo_seem_cheap_considering_hotel_cost.
   → Cheap-feeling shampoo for the price directly undercuts the ""great quality"" claim. Answer: Yes

4) Phrase A is no_evident_not_great_quality. Phrase B is expensive_hotel.
   → ""Expensive"" is a price complaint, not evidence about quality. Answer: No

5) Phrase A is no_evident_not_helpful_staff. Phrase B is not_kind_staff.
   → ""Not kind"" is a distinct complaint (attitude) from ""not helpful"" (competence/assistance) —
     it does not itself prove staff were unhelpful. Answer: No

OUTPUT FORMAT: Respond with exactly one word, ""Yes"" or ""No"". No explanation, no punctuation.

NOW DECIDE:
Phrase A is no_evident_not_easy_self_check-in. Phrase B is staff_misunderstand_on_payment.
Answer:
",Yes
2026-08-10 23:07:05,3,48,no_evident_not_easy_self_check-in,staff_take_picture_of_passport,"You are checking arguments in an ABA (Assumption-Based Argumentation) framework built from hotel review mining.

BACKGROUND:
Phrase A is always an auto-derived ""Assumption"" — it defends a claim by asserting no counter-evidence
exists. It has one of two forms:
- ""no_evident_not_X"" → defends that X IS true (assumes no evidence proves X false)
- ""have_evident_no_Y"" → defends that Y IS absent (assumes there IS evidence Y is missing)

Phrase B is a candidate ""Proposition"" — a separate fact mined from another part of the review data.

TASK: Decide whether Phrase B is CONTRARY to Phrase A — meaning: if Phrase B is true, does it act as
the counter-evidence that breaks Phrase A's assumption?

RULES (apply in order):
1. Strip the ""no_evident_not_"" or ""have_evident_"" prefix from Phrase A to recover the underlying claim.
2. Ask: does Phrase B describe a concrete fact that, if true, disproves that claim?
3. Phrase B must be about the SAME specific situation as the claim, not merely the same general topic.
   A different specific complaint about the same topic is usually NOT contrary.
4. Do not judge by shared keywords (e.g. both containing ""not"" or ""no"") — judge the meaning.
5. If B provides real counter-evidence against A's claim → Yes. Otherwise → No.

CONTRASTIVE EXAMPLES:

1) Phrase A is no_evident_not_easy_check-in. Phrase B is customer_wait_10_minute_for_greet.
   → Waiting 10 minutes to be greeted is direct evidence check-in was NOT easy. Answer: Yes

2) Phrase A is no_evident_not_easy_check-in. Phrase B is no_one_give_key_on_late_check-in.
   → This is about late check-in key handover, a different specific issue than check-in being easy. Answer: No

3) Phrase A is no_evident_not_great_quality. Phrase B is shampoo_seem_cheap_considering_hotel_cost.
   → Cheap-feeling shampoo for the price directly undercuts the ""great quality"" claim. Answer: Yes

4) Phrase A is no_evident_not_great_quality. Phrase B is expensive_hotel.
   → ""Expensive"" is a price complaint, not evidence about quality. Answer: No

5) Phrase A is no_evident_not_helpful_staff. Phrase B is not_kind_staff.
   → ""Not kind"" is a distinct complaint (attitude) from ""not helpful"" (competence/assistance) —
     it does not itself prove staff were unhelpful. Answer: No

OUTPUT FORMAT: Respond with exactly one word, ""Yes"" or ""No"". No explanation, no punctuation.

NOW DECIDE:
Phrase A is no_evident_not_easy_self_check-in. Phrase B is staff_take_picture_of_passport.
Answer:
",No.
2026-08-10 23:07:05,3,49,no_evident_not_quick_check-in,no_one_give_key_on_late_check-in,"You are checking arguments in an ABA (Assumption-Based Argumentation) framework built from hotel review mining.

BACKGROUND:
Phrase A is always an auto-derived ""Assumption"" — it defends a claim by asserting no counter-evidence
exists. It has one of two forms:
- ""no_evident_not_X"" → defends that X IS true (assumes no evidence proves X false)
- ""have_evident_no_Y"" → defends that Y IS absent (assumes there IS evidence Y is missing)

Phrase B is a candidate ""Proposition"" — a separate fact mined from another part of the review data.

TASK: Decide whether Phrase B is CONTRARY to Phrase A — meaning: if Phrase B is true, does it act as
the counter-evidence that breaks Phrase A's assumption?

RULES (apply in order):
1. Strip the ""no_evident_not_"" or ""have_evident_"" prefix from Phrase A to recover the underlying claim.
2. Ask: does Phrase B describe a concrete fact that, if true, disproves that claim?
3. Phrase B must be about the SAME specific situation as the claim, not merely the same general topic.
   A different specific complaint about the same topic is usually NOT contrary.
4. Do not judge by shared keywords (e.g. both containing ""not"" or ""no"") — judge the meaning.
5. If B provides real counter-evidence against A's claim → Yes. Otherwise → No.

CONTRASTIVE EXAMPLES:

1) Phrase A is no_evident_not_easy_check-in. Phrase B is customer_wait_10_minute_for_greet.
   → Waiting 10 minutes to be greeted is direct evidence check-in was NOT easy. Answer: Yes

2) Phrase A is no_evident_not_easy_check-in. Phrase B is no_one_give_key_on_late_check-in.
   → This is about late check-in key handover, a different specific issue than check-in being easy. Answer: No

3) Phrase A is no_evident_not_great_quality. Phrase B is shampoo_seem_cheap_considering_hotel_cost.
   → Cheap-feeling shampoo for the price directly undercuts the ""great quality"" claim. Answer: Yes

4) Phrase A is no_evident_not_great_quality. Phrase B is expensive_hotel.
   → ""Expensive"" is a price complaint, not evidence about quality. Answer: No

5) Phrase A is no_evident_not_helpful_staff. Phrase B is not_kind_staff.
   → ""Not kind"" is a distinct complaint (attitude) from ""not helpful"" (competence/assistance) —
     it does not itself prove staff were unhelpful. Answer: No

OUTPUT FORMAT: Respond with exactly one word, ""Yes"" or ""No"". No explanation, no punctuation.

NOW DECIDE:
Phrase A is no_evident_not_quick_check-in. Phrase B is no_one_give_key_on_late_check-in.
Answer:
",Yes
2026-08-10 23:07:05,3,50,no_evident_not_quick_check-in,door_lock_on_late_check-in,"You are checking arguments in an ABA (Assumption-Based Argumentation) framework built from hotel review mining.

BACKGROUND:
Phrase A is always an auto-derived ""Assumption"" — it defends a claim by asserting no counter-evidence
exists. It has one of two forms:
- ""no_evident_not_X"" → defends that X IS true (assumes no evidence proves X false)
- ""have_evident_no_Y"" → defends that Y IS absent (assumes there IS evidence Y is missing)

Phrase B is a candidate ""Proposition"" — a separate fact mined from another part of the review data.

TASK: Decide whether Phrase B is CONTRARY to Phrase A — meaning: if Phrase B is true, does it act as
the counter-evidence that breaks Phrase A's assumption?

RULES (apply in order):
1. Strip the ""no_evident_not_"" or ""have_evident_"" prefix from Phrase A to recover the underlying claim.
2. Ask: does Phrase B describe a concrete fact that, if true, disproves that claim?
3. Phrase B must be about the SAME specific situation as the claim, not merely the same general topic.
   A different specific complaint about the same topic is usually NOT contrary.
4. Do not judge by shared keywords (e.g. both containing ""not"" or ""no"") — judge the meaning.
5. If B provides real counter-evidence against A's claim → Yes. Otherwise → No.

CONTRASTIVE EXAMPLES:

1) Phrase A is no_evident_not_easy_check-in. Phrase B is customer_wait_10_minute_for_greet.
   → Waiting 10 minutes to be greeted is direct evidence check-in was NOT easy. Answer: Yes

2) Phrase A is no_evident_not_easy_check-in. Phrase B is no_one_give_key_on_late_check-in.
   → This is about late check-in key handover, a different specific issue than check-in being easy. Answer: No

3) Phrase A is no_evident_not_great_quality. Phrase B is shampoo_seem_cheap_considering_hotel_cost.
   → Cheap-feeling shampoo for the price directly undercuts the ""great quality"" claim. Answer: Yes

4) Phrase A is no_evident_not_great_quality. Phrase B is expensive_hotel.
   → ""Expensive"" is a price complaint, not evidence about quality. Answer: No

5) Phrase A is no_evident_not_helpful_staff. Phrase B is not_kind_staff.
   → ""Not kind"" is a distinct complaint (attitude) from ""not helpful"" (competence/assistance) —
     it does not itself prove staff were unhelpful. Answer: No

OUTPUT FORMAT: Respond with exactly one word, ""Yes"" or ""No"". No explanation, no punctuation.

NOW DECIDE:
Phrase A is no_evident_not_quick_check-in. Phrase B is door_lock_on_late_check-in.
Answer:
",Yes
2026-08-10 23:07:05,3,51,no_evident_not_quick_check-in,customer_wait_10_minute_for_greet,"You are checking arguments in an ABA (Assumption-Based Argumentation) framework built from hotel review mining.

BACKGROUND:
Phrase A is always an auto-derived ""Assumption"" — it defends a claim by asserting no counter-evidence
exists. It has one of two forms:
- ""no_evident_not_X"" → defends that X IS true (assumes no evidence proves X false)
- ""have_evident_no_Y"" → defends that Y IS absent (assumes there IS evidence Y is missing)

Phrase B is a candidate ""Proposition"" — a separate fact mined from another part of the review data.

TASK: Decide whether Phrase B is CONTRARY to Phrase A — meaning: if Phrase B is true, does it act as
the counter-evidence that breaks Phrase A's assumption?

RULES (apply in order):
1. Strip the ""no_evident_not_"" or ""have_evident_"" prefix from Phrase A to recover the underlying claim.
2. Ask: does Phrase B describe a concrete fact that, if true, disproves that claim?
3. Phrase B must be about the SAME specific situation as the claim, not merely the same general topic.
   A different specific complaint about the same topic is usually NOT contrary.
4. Do not judge by shared keywords (e.g. both containing ""not"" or ""no"") — judge the meaning.
5. If B provides real counter-evidence against A's claim → Yes. Otherwise → No.

CONTRASTIVE EXAMPLES:

1) Phrase A is no_evident_not_easy_check-in. Phrase B is customer_wait_10_minute_for_greet.
   → Waiting 10 minutes to be greeted is direct evidence check-in was NOT easy. Answer: Yes

2) Phrase A is no_evident_not_easy_check-in. Phrase B is no_one_give_key_on_late_check-in.
   → This is about late check-in key handover, a different specific issue than check-in being easy. Answer: No

3) Phrase A is no_evident_not_great_quality. Phrase B is shampoo_seem_cheap_considering_hotel_cost.
   → Cheap-feeling shampoo for the price directly undercuts the ""great quality"" claim. Answer: Yes

4) Phrase A is no_evident_not_great_quality. Phrase B is expensive_hotel.
   → ""Expensive"" is a price complaint, not evidence about quality. Answer: No

5) Phrase A is no_evident_not_helpful_staff. Phrase B is not_kind_staff.
   → ""Not kind"" is a distinct complaint (attitude) from ""not helpful"" (competence/assistance) —
     it does not itself prove staff were unhelpful. Answer: No

OUTPUT FORMAT: Respond with exactly one word, ""Yes"" or ""No"". No explanation, no punctuation.

NOW DECIDE:
Phrase A is no_evident_not_quick_check-in. Phrase B is customer_wait_10_minute_for_greet.
Answer:
",Yes
2026-08-10 23:07:06,3,52,no_evident_not_quick_check-in,customer_wait_10_minute_for_check-in,"You are checking arguments in an ABA (Assumption-Based Argumentation) framework built from hotel review mining.

BACKGROUND:
Phrase A is always an auto-derived ""Assumption"" — it defends a claim by asserting no counter-evidence
exists. It has one of two forms:
- ""no_evident_not_X"" → defends that X IS true (assumes no evidence proves X false)
- ""have_evident_no_Y"" → defends that Y IS absent (assumes there IS evidence Y is missing)

Phrase B is a candidate ""Proposition"" — a separate fact mined from another part of the review data.

TASK: Decide whether Phrase B is CONTRARY to Phrase A — meaning: if Phrase B is true, does it act as
the counter-evidence that breaks Phrase A's assumption?

RULES (apply in order):
1. Strip the ""no_evident_not_"" or ""have_evident_"" prefix from Phrase A to recover the underlying claim.
2. Ask: does Phrase B describe a concrete fact that, if true, disproves that claim?
3. Phrase B must be about the SAME specific situation as the claim, not merely the same general topic.
   A different specific complaint about the same topic is usually NOT contrary.
4. Do not judge by shared keywords (e.g. both containing ""not"" or ""no"") — judge the meaning.
5. If B provides real counter-evidence against A's claim → Yes. Otherwise → No.

CONTRASTIVE EXAMPLES:

1) Phrase A is no_evident_not_easy_check-in. Phrase B is customer_wait_10_minute_for_greet.
   → Waiting 10 minutes to be greeted is direct evidence check-in was NOT easy. Answer: Yes

2) Phrase A is no_evident_not_easy_check-in. Phrase B is no_one_give_key_on_late_check-in.
   → This is about late check-in key handover, a different specific issue than check-in being easy. Answer: No

3) Phrase A is no_evident_not_great_quality. Phrase B is shampoo_seem_cheap_considering_hotel_cost.
   → Cheap-feeling shampoo for the price directly undercuts the ""great quality"" claim. Answer: Yes

4) Phrase A is no_evident_not_great_quality. Phrase B is expensive_hotel.
   → ""Expensive"" is a price complaint, not evidence about quality. Answer: No

5) Phrase A is no_evident_not_helpful_staff. Phrase B is not_kind_staff.
   → ""Not kind"" is a distinct complaint (attitude) from ""not helpful"" (competence/assistance) —
     it does not itself prove staff were unhelpful. Answer: No

OUTPUT FORMAT: Respond with exactly one word, ""Yes"" or ""No"". No explanation, no punctuation.

NOW DECIDE:
Phrase A is no_evident_not_quick_check-in. Phrase B is customer_wait_10_minute_for_check-in.
Answer:
",Yes
2026-08-10 23:07:06,3,53,no_evident_not_quick_check-in,staff_misunderstand_on_payment,"You are checking arguments in an ABA (Assumption-Based Argumentation) framework built from hotel review mining.

BACKGROUND:
Phrase A is always an auto-derived ""Assumption"" — it defends a claim by asserting no counter-evidence
exists. It has one of two forms:
- ""no_evident_not_X"" → defends that X IS true (assumes no evidence proves X false)
- ""have_evident_no_Y"" → defends that Y IS absent (assumes there IS evidence Y is missing)

Phrase B is a candidate ""Proposition"" — a separate fact mined from another part of the review data.

TASK: Decide whether Phrase B is CONTRARY to Phrase A — meaning: if Phrase B is true, does it act as
the counter-evidence that breaks Phrase A's assumption?

RULES (apply in order):
1. Strip the ""no_evident_not_"" or ""have_evident_"" prefix from Phrase A to recover the underlying claim.
2. Ask: does Phrase B describe a concrete fact that, if true, disproves that claim?
3. Phrase B must be about the SAME specific situation as the claim, not merely the same general topic.
   A different specific complaint about the same topic is usually NOT contrary.
4. Do not judge by shared keywords (e.g. both containing ""not"" or ""no"") — judge the meaning.
5. If B provides real counter-evidence against A's claim → Yes. Otherwise → No.

CONTRASTIVE EXAMPLES:

1) Phrase A is no_evident_not_easy_check-in. Phrase B is customer_wait_10_minute_for_greet.
   → Waiting 10 minutes to be greeted is direct evidence check-in was NOT easy. Answer: Yes

2) Phrase A is no_evident_not_easy_check-in. Phrase B is no_one_give_key_on_late_check-in.
   → This is about late check-in key handover, a different specific issue than check-in being easy. Answer: No

3) Phrase A is no_evident_not_great_quality. Phrase B is shampoo_seem_cheap_considering_hotel_cost.
   → Cheap-feeling shampoo for the price directly undercuts the ""great quality"" claim. Answer: Yes

4) Phrase A is no_evident_not_great_quality. Phrase B is expensive_hotel.
   → ""Expensive"" is a price complaint, not evidence about quality. Answer: No

5) Phrase A is no_evident_not_helpful_staff. Phrase B is not_kind_staff.
   → ""Not kind"" is a distinct complaint (attitude) from ""not helpful"" (competence/assistance) —
     it does not itself prove staff were unhelpful. Answer: No

OUTPUT FORMAT: Respond with exactly one word, ""Yes"" or ""No"". No explanation, no punctuation.

NOW DECIDE:
Phrase A is no_evident_not_quick_check-in. Phrase B is staff_misunderstand_on_payment.
Answer:
",No.
2026-08-10 23:07:06,3,54,no_evident_not_quick_check-in,staff_take_picture_of_passport,"You are checking arguments in an ABA (Assumption-Based Argumentation) framework built from hotel review mining.

BACKGROUND:
Phrase A is always an auto-derived ""Assumption"" — it defends a claim by asserting no counter-evidence
exists. It has one of two forms:
- ""no_evident_not_X"" → defends that X IS true (assumes no evidence proves X false)
- ""have_evident_no_Y"" → defends that Y IS absent (assumes there IS evidence Y is missing)

Phrase B is a candidate ""Proposition"" — a separate fact mined from another part of the review data.

TASK: Decide whether Phrase B is CONTRARY to Phrase A — meaning: if Phrase B is true, does it act as
the counter-evidence that breaks Phrase A's assumption?

RULES (apply in order):
1. Strip the ""no_evident_not_"" or ""have_evident_"" prefix from Phrase A to recover the underlying claim.
2. Ask: does Phrase B describe a concrete fact that, if true, disproves that claim?
3. Phrase B must be about the SAME specific situation as the claim, not merely the same general topic.
   A different specific complaint about the same topic is usually NOT contrary.
4. Do not judge by shared keywords (e.g. both containing ""not"" or ""no"") — judge the meaning.
5. If B provides real counter-evidence against A's claim → Yes. Otherwise → No.

CONTRASTIVE EXAMPLES:

1) Phrase A is no_evident_not_easy_check-in. Phrase B is customer_wait_10_minute_for_greet.
   → Waiting 10 minutes to be greeted is direct evidence check-in was NOT easy. Answer: Yes

2) Phrase A is no_evident_not_easy_check-in. Phrase B is no_one_give_key_on_late_check-in.
   → This is about late check-in key handover, a different specific issue than check-in being easy. Answer: No

3) Phrase A is no_evident_not_great_quality. Phrase B is shampoo_seem_cheap_considering_hotel_cost.
   → Cheap-feeling shampoo for the price directly undercuts the ""great quality"" claim. Answer: Yes

4) Phrase A is no_evident_not_great_quality. Phrase B is expensive_hotel.
   → ""Expensive"" is a price complaint, not evidence about quality. Answer: No

5) Phrase A is no_evident_not_helpful_staff. Phrase B is not_kind_staff.
   → ""Not kind"" is a distinct complaint (attitude) from ""not helpful"" (competence/assistance) —
     it does not itself prove staff were unhelpful. Answer: No

OUTPUT FORMAT: Respond with exactly one word, ""Yes"" or ""No"". No explanation, no punctuation.

NOW DECIDE:
Phrase A is no_evident_not_quick_check-in. Phrase B is staff_take_picture_of_passport.
Answer:
",No.
2026-08-10 23:07:06,3,55,no_evident_not_easy_check-in_at_3am,no_one_give_key_on_late_check-in,"You are checking arguments in an ABA (Assumption-Based Argumentation) framework built from hotel review mining.

BACKGROUND:
Phrase A is always an auto-derived ""Assumption"" — it defends a claim by asserting no counter-evidence
exists. It has one of two forms:
- ""no_evident_not_X"" → defends that X IS true (assumes no evidence proves X false)
- ""have_evident_no_Y"" → defends that Y IS absent (assumes there IS evidence Y is missing)

Phrase B is a candidate ""Proposition"" — a separate fact mined from another part of the review data.

TASK: Decide whether Phrase B is CONTRARY to Phrase A — meaning: if Phrase B is true, does it act as
the counter-evidence that breaks Phrase A's assumption?

RULES (apply in order):
1. Strip the ""no_evident_not_"" or ""have_evident_"" prefix from Phrase A to recover the underlying claim.
2. Ask: does Phrase B describe a concrete fact that, if true, disproves that claim?
3. Phrase B must be about the SAME specific situation as the claim, not merely the same general topic.
   A different specific complaint about the same topic is usually NOT contrary.
4. Do not judge by shared keywords (e.g. both containing ""not"" or ""no"") — judge the meaning.
5. If B provides real counter-evidence against A's claim → Yes. Otherwise → No.

CONTRASTIVE EXAMPLES:

1) Phrase A is no_evident_not_easy_check-in. Phrase B is customer_wait_10_minute_for_greet.
   → Waiting 10 minutes to be greeted is direct evidence check-in was NOT easy. Answer: Yes

2) Phrase A is no_evident_not_easy_check-in. Phrase B is no_one_give_key_on_late_check-in.
   → This is about late check-in key handover, a different specific issue than check-in being easy. Answer: No

3) Phrase A is no_evident_not_great_quality. Phrase B is shampoo_seem_cheap_considering_hotel_cost.
   → Cheap-feeling shampoo for the price directly undercuts the ""great quality"" claim. Answer: Yes

4) Phrase A is no_evident_not_great_quality. Phrase B is expensive_hotel.
   → ""Expensive"" is a price complaint, not evidence about quality. Answer: No

5) Phrase A is no_evident_not_helpful_staff. Phrase B is not_kind_staff.
   → ""Not kind"" is a distinct complaint (attitude) from ""not helpful"" (competence/assistance) —
     it does not itself prove staff were unhelpful. Answer: No

OUTPUT FORMAT: Respond with exactly one word, ""Yes"" or ""No"". No explanation, no punctuation.

NOW DECIDE:
Phrase A is no_evident_not_easy_check-in_at_3am. Phrase B is no_one_give_key_on_late_check-in.
Answer:
",Yes
2026-08-10 23:07:06,3,56,no_evident_not_easy_check-in_at_3am,door_lock_on_late_check-in,"You are checking arguments in an ABA (Assumption-Based Argumentation) framework built from hotel review mining.

BACKGROUND:
Phrase A is always an auto-derived ""Assumption"" — it defends a claim by asserting no counter-evidence
exists. It has one of two forms:
- ""no_evident_not_X"" → defends that X IS true (assumes no evidence proves X false)
- ""have_evident_no_Y"" → defends that Y IS absent (assumes there IS evidence Y is missing)

Phrase B is a candidate ""Proposition"" — a separate fact mined from another part of the review data.

TASK: Decide whether Phrase B is CONTRARY to Phrase A — meaning: if Phrase B is true, does it act as
the counter-evidence that breaks Phrase A's assumption?

RULES (apply in order):
1. Strip the ""no_evident_not_"" or ""have_evident_"" prefix from Phrase A to recover the underlying claim.
2. Ask: does Phrase B describe a concrete fact that, if true, disproves that claim?
3. Phrase B must be about the SAME specific situation as the claim, not merely the same general topic.
   A different specific complaint about the same topic is usually NOT contrary.
4. Do not judge by shared keywords (e.g. both containing ""not"" or ""no"") — judge the meaning.
5. If B provides real counter-evidence against A's claim → Yes. Otherwise → No.

CONTRASTIVE EXAMPLES:

1) Phrase A is no_evident_not_easy_check-in. Phrase B is customer_wait_10_minute_for_greet.
   → Waiting 10 minutes to be greeted is direct evidence check-in was NOT easy. Answer: Yes

2) Phrase A is no_evident_not_easy_check-in. Phrase B is no_one_give_key_on_late_check-in.
   → This is about late check-in key handover, a different specific issue than check-in being easy. Answer: No

3) Phrase A is no_evident_not_great_quality. Phrase B is shampoo_seem_cheap_considering_hotel_cost.
   → Cheap-feeling shampoo for the price directly undercuts the ""great quality"" claim. Answer: Yes

4) Phrase A is no_evident_not_great_quality. Phrase B is expensive_hotel.
   → ""Expensive"" is a price complaint, not evidence about quality. Answer: No

5) Phrase A is no_evident_not_helpful_staff. Phrase B is not_kind_staff.
   → ""Not kind"" is a distinct complaint (attitude) from ""not helpful"" (competence/assistance) —
     it does not itself prove staff were unhelpful. Answer: No

OUTPUT FORMAT: Respond with exactly one word, ""Yes"" or ""No"". No explanation, no punctuation.

NOW DECIDE:
Phrase A is no_evident_not_easy_check-in_at_3am. Phrase B is door_lock_on_late_check-in.
Answer:
",Yes
2026-08-10 23:07:07,3,57,no_evident_not_easy_check-in_at_3am,customer_wait_10_minute_for_greet,"You are checking arguments in an ABA (Assumption-Based Argumentation) framework built from hotel review mining.

BACKGROUND:
Phrase A is always an auto-derived ""Assumption"" — it defends a claim by asserting no counter-evidence
exists. It has one of two forms:
- ""no_evident_not_X"" → defends that X IS true (assumes no evidence proves X false)
- ""have_evident_no_Y"" → defends that Y IS absent (assumes there IS evidence Y is missing)

Phrase B is a candidate ""Proposition"" — a separate fact mined from another part of the review data.

TASK: Decide whether Phrase B is CONTRARY to Phrase A — meaning: if Phrase B is true, does it act as
the counter-evidence that breaks Phrase A's assumption?

RULES (apply in order):
1. Strip the ""no_evident_not_"" or ""have_evident_"" prefix from Phrase A to recover the underlying claim.
2. Ask: does Phrase B describe a concrete fact that, if true, disproves that claim?
3. Phrase B must be about the SAME specific situation as the claim, not merely the same general topic.
   A different specific complaint about the same topic is usually NOT contrary.
4. Do not judge by shared keywords (e.g. both containing ""not"" or ""no"") — judge the meaning.
5. If B provides real counter-evidence against A's claim → Yes. Otherwise → No.

CONTRASTIVE EXAMPLES:

1) Phrase A is no_evident_not_easy_check-in. Phrase B is customer_wait_10_minute_for_greet.
   → Waiting 10 minutes to be greeted is direct evidence check-in was NOT easy. Answer: Yes

2) Phrase A is no_evident_not_easy_check-in. Phrase B is no_one_give_key_on_late_check-in.
   → This is about late check-in key handover, a different specific issue than check-in being easy. Answer: No

3) Phrase A is no_evident_not_great_quality. Phrase B is shampoo_seem_cheap_considering_hotel_cost.
   → Cheap-feeling shampoo for the price directly undercuts the ""great quality"" claim. Answer: Yes

4) Phrase A is no_evident_not_great_quality. Phrase B is expensive_hotel.
   → ""Expensive"" is a price complaint, not evidence about quality. Answer: No

5) Phrase A is no_evident_not_helpful_staff. Phrase B is not_kind_staff.
   → ""Not kind"" is a distinct complaint (attitude) from ""not helpful"" (competence/assistance) —
     it does not itself prove staff were unhelpful. Answer: No

OUTPUT FORMAT: Respond with exactly one word, ""Yes"" or ""No"". No explanation, no punctuation.

NOW DECIDE:
Phrase A is no_evident_not_easy_check-in_at_3am. Phrase B is customer_wait_10_minute_for_greet.
Answer:
",Yes
2026-08-10 23:07:07,3,58,no_evident_not_easy_check-in_at_3am,customer_wait_10_minute_for_check-in,"You are checking arguments in an ABA (Assumption-Based Argumentation) framework built from hotel review mining.

BACKGROUND:
Phrase A is always an auto-derived ""Assumption"" — it defends a claim by asserting no counter-evidence
exists. It has one of two forms:
- ""no_evident_not_X"" → defends that X IS true (assumes no evidence proves X false)
- ""have_evident_no_Y"" → defends that Y IS absent (assumes there IS evidence Y is missing)

Phrase B is a candidate ""Proposition"" — a separate fact mined from another part of the review data.

TASK: Decide whether Phrase B is CONTRARY to Phrase A — meaning: if Phrase B is true, does it act as
the counter-evidence that breaks Phrase A's assumption?

RULES (apply in order):
1. Strip the ""no_evident_not_"" or ""have_evident_"" prefix from Phrase A to recover the underlying claim.
2. Ask: does Phrase B describe a concrete fact that, if true, disproves that claim?
3. Phrase B must be about the SAME specific situation as the claim, not merely the same general topic.
   A different specific complaint about the same topic is usually NOT contrary.
4. Do not judge by shared keywords (e.g. both containing ""not"" or ""no"") — judge the meaning.
5. If B provides real counter-evidence against A's claim → Yes. Otherwise → No.

CONTRASTIVE EXAMPLES:

1) Phrase A is no_evident_not_easy_check-in. Phrase B is customer_wait_10_minute_for_greet.
   → Waiting 10 minutes to be greeted is direct evidence check-in was NOT easy. Answer: Yes

2) Phrase A is no_evident_not_easy_check-in. Phrase B is no_one_give_key_on_late_check-in.
   → This is about late check-in key handover, a different specific issue than check-in being easy. Answer: No

3) Phrase A is no_evident_not_great_quality. Phrase B is shampoo_seem_cheap_considering_hotel_cost.
   → Cheap-feeling shampoo for the price directly undercuts the ""great quality"" claim. Answer: Yes

4) Phrase A is no_evident_not_great_quality. Phrase B is expensive_hotel.
   → ""Expensive"" is a price complaint, not evidence about quality. Answer: No

5) Phrase A is no_evident_not_helpful_staff. Phrase B is not_kind_staff.
   → ""Not kind"" is a distinct complaint (attitude) from ""not helpful"" (competence/assistance) —
     it does not itself prove staff were unhelpful. Answer: No

OUTPUT FORMAT: Respond with exactly one word, ""Yes"" or ""No"". No explanation, no punctuation.

NOW DECIDE:
Phrase A is no_evident_not_easy_check-in_at_3am. Phrase B is customer_wait_10_minute_for_check-in.
Answer:
",No.
2026-08-10 23:07:07,3,59,no_evident_not_easy_check-in_at_3am,staff_misunderstand_on_payment,"You are checking arguments in an ABA (Assumption-Based Argumentation) framework built from hotel review mining.

BACKGROUND:
Phrase A is always an auto-derived ""Assumption"" — it defends a claim by asserting no counter-evidence
exists. It has one of two forms:
- ""no_evident_not_X"" → defends that X IS true (assumes no evidence proves X false)
- ""have_evident_no_Y"" → defends that Y IS absent (assumes there IS evidence Y is missing)

Phrase B is a candidate ""Proposition"" — a separate fact mined from another part of the review data.

TASK: Decide whether Phrase B is CONTRARY to Phrase A — meaning: if Phrase B is true, does it act as
the counter-evidence that breaks Phrase A's assumption?

RULES (apply in order):
1. Strip the ""no_evident_not_"" or ""have_evident_"" prefix from Phrase A to recover the underlying claim.
2. Ask: does Phrase B describe a concrete fact that, if true, disproves that claim?
3. Phrase B must be about the SAME specific situation as the claim, not merely the same general topic.
   A different specific complaint about the same topic is usually NOT contrary.
4. Do not judge by shared keywords (e.g. both containing ""not"" or ""no"") — judge the meaning.
5. If B provides real counter-evidence against A's claim → Yes. Otherwise → No.

CONTRASTIVE EXAMPLES:

1) Phrase A is no_evident_not_easy_check-in. Phrase B is customer_wait_10_minute_for_greet.
   → Waiting 10 minutes to be greeted is direct evidence check-in was NOT easy. Answer: Yes

2) Phrase A is no_evident_not_easy_check-in. Phrase B is no_one_give_key_on_late_check-in.
   → This is about late check-in key handover, a different specific issue than check-in being easy. Answer: No

3) Phrase A is no_evident_not_great_quality. Phrase B is shampoo_seem_cheap_considering_hotel_cost.
   → Cheap-feeling shampoo for the price directly undercuts the ""great quality"" claim. Answer: Yes

4) Phrase A is no_evident_not_great_quality. Phrase B is expensive_hotel.
   → ""Expensive"" is a price complaint, not evidence about quality. Answer: No

5) Phrase A is no_evident_not_helpful_staff. Phrase B is not_kind_staff.
   → ""Not kind"" is a distinct complaint (attitude) from ""not helpful"" (competence/assistance) —
     it does not itself prove staff were unhelpful. Answer: No

OUTPUT FORMAT: Respond with exactly one word, ""Yes"" or ""No"". No explanation, no punctuation.

NOW DECIDE:
Phrase A is no_evident_not_easy_check-in_at_3am. Phrase B is staff_misunderstand_on_payment.
Answer:
",No.
2026-08-10 23:07:07,3,60,no_evident_not_easy_check-in_at_3am,staff_take_picture_of_passport,"You are checking arguments in an ABA (Assumption-Based Argumentation) framework built from hotel review mining.

BACKGROUND:
Phrase A is always an auto-derived ""Assumption"" — it defends a claim by asserting no counter-evidence
exists. It has one of two forms:
- ""no_evident_not_X"" → defends that X IS true (assumes no evidence proves X false)
- ""have_evident_no_Y"" → defends that Y IS absent (assumes there IS evidence Y is missing)

Phrase B is a candidate ""Proposition"" — a separate fact mined from another part of the review data.

TASK: Decide whether Phrase B is CONTRARY to Phrase A — meaning: if Phrase B is true, does it act as
the counter-evidence that breaks Phrase A's assumption?

RULES (apply in order):
1. Strip the ""no_evident_not_"" or ""have_evident_"" prefix from Phrase A to recover the underlying claim.
2. Ask: does Phrase B describe a concrete fact that, if true, disproves that claim?
3. Phrase B must be about the SAME specific situation as the claim, not merely the same general topic.
   A different specific complaint about the same topic is usually NOT contrary.
4. Do not judge by shared keywords (e.g. both containing ""not"" or ""no"") — judge the meaning.
5. If B provides real counter-evidence against A's claim → Yes. Otherwise → No.

CONTRASTIVE EXAMPLES:

1) Phrase A is no_evident_not_easy_check-in. Phrase B is customer_wait_10_minute_for_greet.
   → Waiting 10 minutes to be greeted is direct evidence check-in was NOT easy. Answer: Yes

2) Phrase A is no_evident_not_easy_check-in. Phrase B is no_one_give_key_on_late_check-in.
   → This is about late check-in key handover, a different specific issue than check-in being easy. Answer: No

3) Phrase A is no_evident_not_great_quality. Phrase B is shampoo_seem_cheap_considering_hotel_cost.
   → Cheap-feeling shampoo for the price directly undercuts the ""great quality"" claim. Answer: Yes

4) Phrase A is no_evident_not_great_quality. Phrase B is expensive_hotel.
   → ""Expensive"" is a price complaint, not evidence about quality. Answer: No

5) Phrase A is no_evident_not_helpful_staff. Phrase B is not_kind_staff.
   → ""Not kind"" is a distinct complaint (attitude) from ""not helpful"" (competence/assistance) —
     it does not itself prove staff were unhelpful. Answer: No

OUTPUT FORMAT: Respond with exactly one word, ""Yes"" or ""No"". No explanation, no punctuation.

NOW DECIDE:
Phrase A is no_evident_not_easy_check-in_at_3am. Phrase B is staff_take_picture_of_passport.
Answer:
",No.
2026-08-10 23:07:07,3,61,no_evident_not_staff_accommodated_arrival_at_3am,no_one_give_key_on_late_check-in,"You are checking arguments in an ABA (Assumption-Based Argumentation) framework built from hotel review mining.

BACKGROUND:
Phrase A is always an auto-derived ""Assumption"" — it defends a claim by asserting no counter-evidence
exists. It has one of two forms:
- ""no_evident_not_X"" → defends that X IS true (assumes no evidence proves X false)
- ""have_evident_no_Y"" → defends that Y IS absent (assumes there IS evidence Y is missing)

Phrase B is a candidate ""Proposition"" — a separate fact mined from another part of the review data.

TASK: Decide whether Phrase B is CONTRARY to Phrase A — meaning: if Phrase B is true, does it act as
the counter-evidence that breaks Phrase A's assumption?

RULES (apply in order):
1. Strip the ""no_evident_not_"" or ""have_evident_"" prefix from Phrase A to recover the underlying claim.
2. Ask: does Phrase B describe a concrete fact that, if true, disproves that claim?
3. Phrase B must be about the SAME specific situation as the claim, not merely the same general topic.
   A different specific complaint about the same topic is usually NOT contrary.
4. Do not judge by shared keywords (e.g. both containing ""not"" or ""no"") — judge the meaning.
5. If B provides real counter-evidence against A's claim → Yes. Otherwise → No.

CONTRASTIVE EXAMPLES:

1) Phrase A is no_evident_not_easy_check-in. Phrase B is customer_wait_10_minute_for_greet.
   → Waiting 10 minutes to be greeted is direct evidence check-in was NOT easy. Answer: Yes

2) Phrase A is no_evident_not_easy_check-in. Phrase B is no_one_give_key_on_late_check-in.
   → This is about late check-in key handover, a different specific issue than check-in being easy. Answer: No

3) Phrase A is no_evident_not_great_quality. Phrase B is shampoo_seem_cheap_considering_hotel_cost.
   → Cheap-feeling shampoo for the price directly undercuts the ""great quality"" claim. Answer: Yes

4) Phrase A is no_evident_not_great_quality. Phrase B is expensive_hotel.
   → ""Expensive"" is a price complaint, not evidence about quality. Answer: No

5) Phrase A is no_evident_not_helpful_staff. Phrase B is not_kind_staff.
   → ""Not kind"" is a distinct complaint (attitude) from ""not helpful"" (competence/assistance) —
     it does not itself prove staff were unhelpful. Answer: No

OUTPUT FORMAT: Respond with exactly one word, ""Yes"" or ""No"". No explanation, no punctuation.

NOW DECIDE:
Phrase A is no_evident_not_staff_accommodated_arrival_at_3am. Phrase B is no_one_give_key_on_late_check-in.
Answer:
",Yes
2026-08-10 23:07:07,3,62,no_evident_not_staff_accommodated_arrival_at_3am,door_lock_on_late_check-in,"You are checking arguments in an ABA (Assumption-Based Argumentation) framework built from hotel review mining.

BACKGROUND:
Phrase A is always an auto-derived ""Assumption"" — it defends a claim by asserting no counter-evidence
exists. It has one of two forms:
- ""no_evident_not_X"" → defends that X IS true (assumes no evidence proves X false)
- ""have_evident_no_Y"" → defends that Y IS absent (assumes there IS evidence Y is missing)

Phrase B is a candidate ""Proposition"" — a separate fact mined from another part of the review data.

TASK: Decide whether Phrase B is CONTRARY to Phrase A — meaning: if Phrase B is true, does it act as
the counter-evidence that breaks Phrase A's assumption?

RULES (apply in order):
1. Strip the ""no_evident_not_"" or ""have_evident_"" prefix from Phrase A to recover the underlying claim.
2. Ask: does Phrase B describe a concrete fact that, if true, disproves that claim?
3. Phrase B must be about the SAME specific situation as the claim, not merely the same general topic.
   A different specific complaint about the same topic is usually NOT contrary.
4. Do not judge by shared keywords (e.g. both containing ""not"" or ""no"") — judge the meaning.
5. If B provides real counter-evidence against A's claim → Yes. Otherwise → No.

CONTRASTIVE EXAMPLES:

1) Phrase A is no_evident_not_easy_check-in. Phrase B is customer_wait_10_minute_for_greet.
   → Waiting 10 minutes to be greeted is direct evidence check-in was NOT easy. Answer: Yes

2) Phrase A is no_evident_not_easy_check-in. Phrase B is no_one_give_key_on_late_check-in.
   → This is about late check-in key handover, a different specific issue than check-in being easy. Answer: No

3) Phrase A is no_evident_not_great_quality. Phrase B is shampoo_seem_cheap_considering_hotel_cost.
   → Cheap-feeling shampoo for the price directly undercuts the ""great quality"" claim. Answer: Yes

4) Phrase A is no_evident_not_great_quality. Phrase B is expensive_hotel.
   → ""Expensive"" is a price complaint, not evidence about quality. Answer: No

5) Phrase A is no_evident_not_helpful_staff. Phrase B is not_kind_staff.
   → ""Not kind"" is a distinct complaint (attitude) from ""not helpful"" (competence/assistance) —
     it does not itself prove staff were unhelpful. Answer: No

OUTPUT FORMAT: Respond with exactly one word, ""Yes"" or ""No"". No explanation, no punctuation.

NOW DECIDE:
Phrase A is no_evident_not_staff_accommodated_arrival_at_3am. Phrase B is door_lock_on_late_check-in.
Answer:
",No.
2026-08-10 23:07:07,3,63,no_evident_not_staff_accommodated_arrival_at_3am,customer_wait_10_minute_for_greet,"You are checking arguments in an ABA (Assumption-Based Argumentation) framework built from hotel review mining.

BACKGROUND:
Phrase A is always an auto-derived ""Assumption"" — it defends a claim by asserting no counter-evidence
exists. It has one of two forms:
- ""no_evident_not_X"" → defends that X IS true (assumes no evidence proves X false)
- ""have_evident_no_Y"" → defends that Y IS absent (assumes there IS evidence Y is missing)

Phrase B is a candidate ""Proposition"" — a separate fact mined from another part of the review data.

TASK: Decide whether Phrase B is CONTRARY to Phrase A — meaning: if Phrase B is true, does it act as
the counter-evidence that breaks Phrase A's assumption?

RULES (apply in order):
1. Strip the ""no_evident_not_"" or ""have_evident_"" prefix from Phrase A to recover the underlying claim.
2. Ask: does Phrase B describe a concrete fact that, if true, disproves that claim?
3. Phrase B must be about the SAME specific situation as the claim, not merely the same general topic.
   A different specific complaint about the same topic is usually NOT contrary.
4. Do not judge by shared keywords (e.g. both containing ""not"" or ""no"") — judge the meaning.
5. If B provides real counter-evidence against A's claim → Yes. Otherwise → No.

CONTRASTIVE EXAMPLES:

1) Phrase A is no_evident_not_easy_check-in. Phrase B is customer_wait_10_minute_for_greet.
   → Waiting 10 minutes to be greeted is direct evidence check-in was NOT easy. Answer: Yes

2) Phrase A is no_evident_not_easy_check-in. Phrase B is no_one_give_key_on_late_check-in.
   → This is about late check-in key handover, a different specific issue than check-in being easy. Answer: No

3) Phrase A is no_evident_not_great_quality. Phrase B is shampoo_seem_cheap_considering_hotel_cost.
   → Cheap-feeling shampoo for the price directly undercuts the ""great quality"" claim. Answer: Yes

4) Phrase A is no_evident_not_great_quality. Phrase B is expensive_hotel.
   → ""Expensive"" is a price complaint, not evidence about quality. Answer: No

5) Phrase A is no_evident_not_helpful_staff. Phrase B is not_kind_staff.
   → ""Not kind"" is a distinct complaint (attitude) from ""not helpful"" (competence/assistance) —
     it does not itself prove staff were unhelpful. Answer: No

OUTPUT FORMAT: Respond with exactly one word, ""Yes"" or ""No"". No explanation, no punctuation.

NOW DECIDE:
Phrase A is no_evident_not_staff_accommodated_arrival_at_3am. Phrase B is customer_wait_10_minute_for_greet.
Answer:
",Yes
2026-08-10 23:07:07,3,64,no_evident_not_staff_accommodated_arrival_at_3am,customer_wait_10_minute_for_check-in,"You are checking arguments in an ABA (Assumption-Based Argumentation) framework built from hotel review mining.

BACKGROUND:
Phrase A is always an auto-derived ""Assumption"" — it defends a claim by asserting no counter-evidence
exists. It has one of two forms:
- ""no_evident_not_X"" → defends that X IS true (assumes no evidence proves X false)
- ""have_evident_no_Y"" → defends that Y IS absent (assumes there IS evidence Y is missing)

Phrase B is a candidate ""Proposition"" — a separate fact mined from another part of the review data.

TASK: Decide whether Phrase B is CONTRARY to Phrase A — meaning: if Phrase B is true, does it act as
the counter-evidence that breaks Phrase A's assumption?

RULES (apply in order):
1. Strip the ""no_evident_not_"" or ""have_evident_"" prefix from Phrase A to recover the underlying claim.
2. Ask: does Phrase B describe a concrete fact that, if true, disproves that claim?
3. Phrase B must be about the SAME specific situation as the claim, not merely the same general topic.
   A different specific complaint about the same topic is usually NOT contrary.
4. Do not judge by shared keywords (e.g. both containing ""not"" or ""no"") — judge the meaning.
5. If B provides real counter-evidence against A's claim → Yes. Otherwise → No.

CONTRASTIVE EXAMPLES:

1) Phrase A is no_evident_not_easy_check-in. Phrase B is customer_wait_10_minute_for_greet.
   → Waiting 10 minutes to be greeted is direct evidence check-in was NOT easy. Answer: Yes

2) Phrase A is no_evident_not_easy_check-in. Phrase B is no_one_give_key_on_late_check-in.
   → This is about late check-in key handover, a different specific issue than check-in being easy. Answer: No

3) Phrase A is no_evident_not_great_quality. Phrase B is shampoo_seem_cheap_considering_hotel_cost.
   → Cheap-feeling shampoo for the price directly undercuts the ""great quality"" claim. Answer: Yes

4) Phrase A is no_evident_not_great_quality. Phrase B is expensive_hotel.
   → ""Expensive"" is a price complaint, not evidence about quality. Answer: No

5) Phrase A is no_evident_not_helpful_staff. Phrase B is not_kind_staff.
   → ""Not kind"" is a distinct complaint (attitude) from ""not helpful"" (competence/assistance) —
     it does not itself prove staff were unhelpful. Answer: No

OUTPUT FORMAT: Respond with exactly one word, ""Yes"" or ""No"". No explanation, no punctuation.

NOW DECIDE:
Phrase A is no_evident_not_staff_accommodated_arrival_at_3am. Phrase B is customer_wait_10_minute_for_check-in.
Answer:
",No.
2026-08-10 23:07:08,3,65,no_evident_not_staff_accommodated_arrival_at_3am,staff_misunderstand_on_payment,"You are checking arguments in an ABA (Assumption-Based Argumentation) framework built from hotel review mining.

BACKGROUND:
Phrase A is always an auto-derived ""Assumption"" — it defends a claim by asserting no counter-evidence
exists. It has one of two forms:
- ""no_evident_not_X"" → defends that X IS true (assumes no evidence proves X false)
- ""have_evident_no_Y"" → defends that Y IS absent (assumes there IS evidence Y is missing)

Phrase B is a candidate ""Proposition"" — a separate fact mined from another part of the review data.

TASK: Decide whether Phrase B is CONTRARY to Phrase A — meaning: if Phrase B is true, does it act as
the counter-evidence that breaks Phrase A's assumption?

RULES (apply in order):
1. Strip the ""no_evident_not_"" or ""have_evident_"" prefix from Phrase A to recover the underlying claim.
2. Ask: does Phrase B describe a concrete fact that, if true, disproves that claim?
3. Phrase B must be about the SAME specific situation as the claim, not merely the same general topic.
   A different specific complaint about the same topic is usually NOT contrary.
4. Do not judge by shared keywords (e.g. both containing ""not"" or ""no"") — judge the meaning.
5. If B provides real counter-evidence against A's claim → Yes. Otherwise → No.

CONTRASTIVE EXAMPLES:

1) Phrase A is no_evident_not_easy_check-in. Phrase B is customer_wait_10_minute_for_greet.
   → Waiting 10 minutes to be greeted is direct evidence check-in was NOT easy. Answer: Yes

2) Phrase A is no_evident_not_easy_check-in. Phrase B is no_one_give_key_on_late_check-in.
   → This is about late check-in key handover, a different specific issue than check-in being easy. Answer: No

3) Phrase A is no_evident_not_great_quality. Phrase B is shampoo_seem_cheap_considering_hotel_cost.
   → Cheap-feeling shampoo for the price directly undercuts the ""great quality"" claim. Answer: Yes

4) Phrase A is no_evident_not_great_quality. Phrase B is expensive_hotel.
   → ""Expensive"" is a price complaint, not evidence about quality. Answer: No

5) Phrase A is no_evident_not_helpful_staff. Phrase B is not_kind_staff.
   → ""Not kind"" is a distinct complaint (attitude) from ""not helpful"" (competence/assistance) —
     it does not itself prove staff were unhelpful. Answer: No

OUTPUT FORMAT: Respond with exactly one word, ""Yes"" or ""No"". No explanation, no punctuation.

NOW DECIDE:
Phrase A is no_evident_not_staff_accommodated_arrival_at_3am. Phrase B is staff_misunderstand_on_payment.
Answer:
",No.
2026-08-10 23:07:08,3,66,no_evident_not_staff_accommodated_arrival_at_3am,staff_take_picture_of_passport,"You are checking arguments in an ABA (Assumption-Based Argumentation) framework built from hotel review mining.

BACKGROUND:
Phrase A is always an auto-derived ""Assumption"" — it defends a claim by asserting no counter-evidence
exists. It has one of two forms:
- ""no_evident_not_X"" → defends that X IS true (assumes no evidence proves X false)
- ""have_evident_no_Y"" → defends that Y IS absent (assumes there IS evidence Y is missing)

Phrase B is a candidate ""Proposition"" — a separate fact mined from another part of the review data.

TASK: Decide whether Phrase B is CONTRARY to Phrase A — meaning: if Phrase B is true, does it act as
the counter-evidence that breaks Phrase A's assumption?

RULES (apply in order):
1. Strip the ""no_evident_not_"" or ""have_evident_"" prefix from Phrase A to recover the underlying claim.
2. Ask: does Phrase B describe a concrete fact that, if true, disproves that claim?
3. Phrase B must be about the SAME specific situation as the claim, not merely the same general topic.
   A different specific complaint about the same topic is usually NOT contrary.
4. Do not judge by shared keywords (e.g. both containing ""not"" or ""no"") — judge the meaning.
5. If B provides real counter-evidence against A's claim → Yes. Otherwise → No.

CONTRASTIVE EXAMPLES:

1) Phrase A is no_evident_not_easy_check-in. Phrase B is customer_wait_10_minute_for_greet.
   → Waiting 10 minutes to be greeted is direct evidence check-in was NOT easy. Answer: Yes

2) Phrase A is no_evident_not_easy_check-in. Phrase B is no_one_give_key_on_late_check-in.
   → This is about late check-in key handover, a different specific issue than check-in being easy. Answer: No

3) Phrase A is no_evident_not_great_quality. Phrase B is shampoo_seem_cheap_considering_hotel_cost.
   → Cheap-feeling shampoo for the price directly undercuts the ""great quality"" claim. Answer: Yes

4) Phrase A is no_evident_not_great_quality. Phrase B is expensive_hotel.
   → ""Expensive"" is a price complaint, not evidence about quality. Answer: No

5) Phrase A is no_evident_not_helpful_staff. Phrase B is not_kind_staff.
   → ""Not kind"" is a distinct complaint (attitude) from ""not helpful"" (competence/assistance) —
     it does not itself prove staff were unhelpful. Answer: No

OUTPUT FORMAT: Respond with exactly one word, ""Yes"" or ""No"". No explanation, no punctuation.

NOW DECIDE:
Phrase A is no_evident_not_staff_accommodated_arrival_at_3am. Phrase B is staff_take_picture_of_passport.
Answer:
",No.
2026-08-10 23:07:08,3,67,no_evident_not_clear_instruction,no_one_give_key_on_late_check-in,"You are checking arguments in an ABA (Assumption-Based Argumentation) framework built from hotel review mining.

BACKGROUND:
Phrase A is always an auto-derived ""Assumption"" — it defends a claim by asserting no counter-evidence
exists. It has one of two forms:
- ""no_evident_not_X"" → defends that X IS true (assumes no evidence proves X false)
- ""have_evident_no_Y"" → defends that Y IS absent (assumes there IS evidence Y is missing)

Phrase B is a candidate ""Proposition"" — a separate fact mined from another part of the review data.

TASK: Decide whether Phrase B is CONTRARY to Phrase A — meaning: if Phrase B is true, does it act as
the counter-evidence that breaks Phrase A's assumption?

RULES (apply in order):
1. Strip the ""no_evident_not_"" or ""have_evident_"" prefix from Phrase A to recover the underlying claim.
2. Ask: does Phrase B describe a concrete fact that, if true, disproves that claim?
3. Phrase B must be about the SAME specific situation as the claim, not merely the same general topic.
   A different specific complaint about the same topic is usually NOT contrary.
4. Do not judge by shared keywords (e.g. both containing ""not"" or ""no"") — judge the meaning.
5. If B provides real counter-evidence against A's claim → Yes. Otherwise → No.

CONTRASTIVE EXAMPLES:

1) Phrase A is no_evident_not_easy_check-in. Phrase B is customer_wait_10_minute_for_greet.
   → Waiting 10 minutes to be greeted is direct evidence check-in was NOT easy. Answer: Yes

2) Phrase A is no_evident_not_easy_check-in. Phrase B is no_one_give_key_on_late_check-in.
   → This is about late check-in key handover, a different specific issue than check-in being easy. Answer: No

3) Phrase A is no_evident_not_great_quality. Phrase B is shampoo_seem_cheap_considering_hotel_cost.
   → Cheap-feeling shampoo for the price directly undercuts the ""great quality"" claim. Answer: Yes

4) Phrase A is no_evident_not_great_quality. Phrase B is expensive_hotel.
   → ""Expensive"" is a price complaint, not evidence about quality. Answer: No

5) Phrase A is no_evident_not_helpful_staff. Phrase B is not_kind_staff.
   → ""Not kind"" is a distinct complaint (attitude) from ""not helpful"" (competence/assistance) —
     it does not itself prove staff were unhelpful. Answer: No

OUTPUT FORMAT: Respond with exactly one word, ""Yes"" or ""No"". No explanation, no punctuation.

NOW DECIDE:
Phrase A is no_evident_not_clear_instruction. Phrase B is no_one_give_key_on_late_check-in.
Answer:
",Yes
2026-08-10 23:07:08,3,68,no_evident_not_clear_instruction,door_lock_on_late_check-in,"You are checking arguments in an ABA (Assumption-Based Argumentation) framework built from hotel review mining.

BACKGROUND:
Phrase A is always an auto-derived ""Assumption"" — it defends a claim by asserting no counter-evidence
exists. It has one of two forms:
- ""no_evident_not_X"" → defends that X IS true (assumes no evidence proves X false)
- ""have_evident_no_Y"" → defends that Y IS absent (assumes there IS evidence Y is missing)

Phrase B is a candidate ""Proposition"" — a separate fact mined from another part of the review data.

TASK: Decide whether Phrase B is CONTRARY to Phrase A — meaning: if Phrase B is true, does it act as
the counter-evidence that breaks Phrase A's assumption?

RULES (apply in order):
1. Strip the ""no_evident_not_"" or ""have_evident_"" prefix from Phrase A to recover the underlying claim.
2. Ask: does Phrase B describe a concrete fact that, if true, disproves that claim?
3. Phrase B must be about the SAME specific situation as the claim, not merely the same general topic.
   A different specific complaint about the same topic is usually NOT contrary.
4. Do not judge by shared keywords (e.g. both containing ""not"" or ""no"") — judge the meaning.
5. If B provides real counter-evidence against A's claim → Yes. Otherwise → No.

CONTRASTIVE EXAMPLES:

1) Phrase A is no_evident_not_easy_check-in. Phrase B is customer_wait_10_minute_for_greet.
   → Waiting 10 minutes to be greeted is direct evidence check-in was NOT easy. Answer: Yes

2) Phrase A is no_evident_not_easy_check-in. Phrase B is no_one_give_key_on_late_check-in.
   → This is about late check-in key handover, a different specific issue than check-in being easy. Answer: No

3) Phrase A is no_evident_not_great_quality. Phrase B is shampoo_seem_cheap_considering_hotel_cost.
   → Cheap-feeling shampoo for the price directly undercuts the ""great quality"" claim. Answer: Yes

4) Phrase A is no_evident_not_great_quality. Phrase B is expensive_hotel.
   → ""Expensive"" is a price complaint, not evidence about quality. Answer: No

5) Phrase A is no_evident_not_helpful_staff. Phrase B is not_kind_staff.
   → ""Not kind"" is a distinct complaint (attitude) from ""not helpful"" (competence/assistance) —
     it does not itself prove staff were unhelpful. Answer: No

OUTPUT FORMAT: Respond with exactly one word, ""Yes"" or ""No"". No explanation, no punctuation.

NOW DECIDE:
Phrase A is no_evident_not_clear_instruction. Phrase B is door_lock_on_late_check-in.
Answer:
",Yes
2026-08-10 23:07:08,3,69,no_evident_not_clear_instruction,customer_wait_10_minute_for_greet,"You are checking arguments in an ABA (Assumption-Based Argumentation) framework built from hotel review mining.

BACKGROUND:
Phrase A is always an auto-derived ""Assumption"" — it defends a claim by asserting no counter-evidence
exists. It has one of two forms:
- ""no_evident_not_X"" → defends that X IS true (assumes no evidence proves X false)
- ""have_evident_no_Y"" → defends that Y IS absent (assumes there IS evidence Y is missing)

Phrase B is a candidate ""Proposition"" — a separate fact mined from another part of the review data.

TASK: Decide whether Phrase B is CONTRARY to Phrase A — meaning: if Phrase B is true, does it act as
the counter-evidence that breaks Phrase A's assumption?

RULES (apply in order):
1. Strip the ""no_evident_not_"" or ""have_evident_"" prefix from Phrase A to recover the underlying claim.
2. Ask: does Phrase B describe a concrete fact that, if true, disproves that claim?
3. Phrase B must be about the SAME specific situation as the claim, not merely the same general topic.
   A different specific complaint about the same topic is usually NOT contrary.
4. Do not judge by shared keywords (e.g. both containing ""not"" or ""no"") — judge the meaning.
5. If B provides real counter-evidence against A's claim → Yes. Otherwise → No.

CONTRASTIVE EXAMPLES:

1) Phrase A is no_evident_not_easy_check-in. Phrase B is customer_wait_10_minute_for_greet.
   → Waiting 10 minutes to be greeted is direct evidence check-in was NOT easy. Answer: Yes

2) Phrase A is no_evident_not_easy_check-in. Phrase B is no_one_give_key_on_late_check-in.
   → This is about late check-in key handover, a different specific issue than check-in being easy. Answer: No

3) Phrase A is no_evident_not_great_quality. Phrase B is shampoo_seem_cheap_considering_hotel_cost.
   → Cheap-feeling shampoo for the price directly undercuts the ""great quality"" claim. Answer: Yes

4) Phrase A is no_evident_not_great_quality. Phrase B is expensive_hotel.
   → ""Expensive"" is a price complaint, not evidence about quality. Answer: No

5) Phrase A is no_evident_not_helpful_staff. Phrase B is not_kind_staff.
   → ""Not kind"" is a distinct complaint (attitude) from ""not helpful"" (competence/assistance) —
     it does not itself prove staff were unhelpful. Answer: No

OUTPUT FORMAT: Respond with exactly one word, ""Yes"" or ""No"". No explanation, no punctuation.

NOW DECIDE:
Phrase A is no_evident_not_clear_instruction. Phrase B is customer_wait_10_minute_for_greet.
Answer:
",Yes
2026-08-10 23:07:08,3,70,no_evident_not_clear_instruction,customer_wait_10_minute_for_check-in,"You are checking arguments in an ABA (Assumption-Based Argumentation) framework built from hotel review mining.

BACKGROUND:
Phrase A is always an auto-derived ""Assumption"" — it defends a claim by asserting no counter-evidence
exists. It has one of two forms:
- ""no_evident_not_X"" → defends that X IS true (assumes no evidence proves X false)
- ""have_evident_no_Y"" → defends that Y IS absent (assumes there IS evidence Y is missing)

Phrase B is a candidate ""Proposition"" — a separate fact mined from another part of the review data.

TASK: Decide whether Phrase B is CONTRARY to Phrase A — meaning: if Phrase B is true, does it act as
the counter-evidence that breaks Phrase A's assumption?

RULES (apply in order):
1. Strip the ""no_evident_not_"" or ""have_evident_"" prefix from Phrase A to recover the underlying claim.
2. Ask: does Phrase B describe a concrete fact that, if true, disproves that claim?
3. Phrase B must be about the SAME specific situation as the claim, not merely the same general topic.
   A different specific complaint about the same topic is usually NOT contrary.
4. Do not judge by shared keywords (e.g. both containing ""not"" or ""no"") — judge the meaning.
5. If B provides real counter-evidence against A's claim → Yes. Otherwise → No.

CONTRASTIVE EXAMPLES:

1) Phrase A is no_evident_not_easy_check-in. Phrase B is customer_wait_10_minute_for_greet.
   → Waiting 10 minutes to be greeted is direct evidence check-in was NOT easy. Answer: Yes

2) Phrase A is no_evident_not_easy_check-in. Phrase B is no_one_give_key_on_late_check-in.
   → This is about late check-in key handover, a different specific issue than check-in being easy. Answer: No

3) Phrase A is no_evident_not_great_quality. Phrase B is shampoo_seem_cheap_considering_hotel_cost.
   → Cheap-feeling shampoo for the price directly undercuts the ""great quality"" claim. Answer: Yes

4) Phrase A is no_evident_not_great_quality. Phrase B is expensive_hotel.
   → ""Expensive"" is a price complaint, not evidence about quality. Answer: No

5) Phrase A is no_evident_not_helpful_staff. Phrase B is not_kind_staff.
   → ""Not kind"" is a distinct complaint (attitude) from ""not helpful"" (competence/assistance) —
     it does not itself prove staff were unhelpful. Answer: No

OUTPUT FORMAT: Respond with exactly one word, ""Yes"" or ""No"". No explanation, no punctuation.

NOW DECIDE:
Phrase A is no_evident_not_clear_instruction. Phrase B is customer_wait_10_minute_for_check-in.
Answer:
",Yes
2026-08-10 23:07:08,3,71,no_evident_not_clear_instruction,staff_misunderstand_on_payment,"You are checking arguments in an ABA (Assumption-Based Argumentation) framework built from hotel review mining.

BACKGROUND:
Phrase A is always an auto-derived ""Assumption"" — it defends a claim by asserting no counter-evidence
exists. It has one of two forms:
- ""no_evident_not_X"" → defends that X IS true (assumes no evidence proves X false)
- ""have_evident_no_Y"" → defends that Y IS absent (assumes there IS evidence Y is missing)

Phrase B is a candidate ""Proposition"" — a separate fact mined from another part of the review data.

TASK: Decide whether Phrase B is CONTRARY to Phrase A — meaning: if Phrase B is true, does it act as
the counter-evidence that breaks Phrase A's assumption?

RULES (apply in order):
1. Strip the ""no_evident_not_"" or ""have_evident_"" prefix from Phrase A to recover the underlying claim.
2. Ask: does Phrase B describe a concrete fact that, if true, disproves that claim?
3. Phrase B must be about the SAME specific situation as the claim, not merely the same general topic.
   A different specific complaint about the same topic is usually NOT contrary.
4. Do not judge by shared keywords (e.g. both containing ""not"" or ""no"") — judge the meaning.
5. If B provides real counter-evidence against A's claim → Yes. Otherwise → No.

CONTRASTIVE EXAMPLES:

1) Phrase A is no_evident_not_easy_check-in. Phrase B is customer_wait_10_minute_for_greet.
   → Waiting 10 minutes to be greeted is direct evidence check-in was NOT easy. Answer: Yes

2) Phrase A is no_evident_not_easy_check-in. Phrase B is no_one_give_key_on_late_check-in.
   → This is about late check-in key handover, a different specific issue than check-in being easy. Answer: No

3) Phrase A is no_evident_not_great_quality. Phrase B is shampoo_seem_cheap_considering_hotel_cost.
   → Cheap-feeling shampoo for the price directly undercuts the ""great quality"" claim. Answer: Yes

4) Phrase A is no_evident_not_great_quality. Phrase B is expensive_hotel.
   → ""Expensive"" is a price complaint, not evidence about quality. Answer: No

5) Phrase A is no_evident_not_helpful_staff. Phrase B is not_kind_staff.
   → ""Not kind"" is a distinct complaint (attitude) from ""not helpful"" (competence/assistance) —
     it does not itself prove staff were unhelpful. Answer: No

OUTPUT FORMAT: Respond with exactly one word, ""Yes"" or ""No"". No explanation, no punctuation.

NOW DECIDE:
Phrase A is no_evident_not_clear_instruction. Phrase B is staff_misunderstand_on_payment.
Answer:
",Yes
2026-08-10 23:07:08,3,72,no_evident_not_clear_instruction,staff_take_picture_of_passport,"You are checking arguments in an ABA (Assumption-Based Argumentation) framework built from hotel review mining.

BACKGROUND:
Phrase A is always an auto-derived ""Assumption"" — it defends a claim by asserting no counter-evidence
exists. It has one of two forms:
- ""no_evident_not_X"" → defends that X IS true (assumes no evidence proves X false)
- ""have_evident_no_Y"" → defends that Y IS absent (assumes there IS evidence Y is missing)

Phrase B is a candidate ""Proposition"" — a separate fact mined from another part of the review data.

TASK: Decide whether Phrase B is CONTRARY to Phrase A — meaning: if Phrase B is true, does it act as
the counter-evidence that breaks Phrase A's assumption?

RULES (apply in order):
1. Strip the ""no_evident_not_"" or ""have_evident_"" prefix from Phrase A to recover the underlying claim.
2. Ask: does Phrase B describe a concrete fact that, if true, disproves that claim?
3. Phrase B must be about the SAME specific situation as the claim, not merely the same general topic.
   A different specific complaint about the same topic is usually NOT contrary.
4. Do not judge by shared keywords (e.g. both containing ""not"" or ""no"") — judge the meaning.
5. If B provides real counter-evidence against A's claim → Yes. Otherwise → No.

CONTRASTIVE EXAMPLES:

1) Phrase A is no_evident_not_easy_check-in. Phrase B is customer_wait_10_minute_for_greet.
   → Waiting 10 minutes to be greeted is direct evidence check-in was NOT easy. Answer: Yes

2) Phrase A is no_evident_not_easy_check-in. Phrase B is no_one_give_key_on_late_check-in.
   → This is about late check-in key handover, a different specific issue than check-in being easy. Answer: No

3) Phrase A is no_evident_not_great_quality. Phrase B is shampoo_seem_cheap_considering_hotel_cost.
   → Cheap-feeling shampoo for the price directly undercuts the ""great quality"" claim. Answer: Yes

4) Phrase A is no_evident_not_great_quality. Phrase B is expensive_hotel.
   → ""Expensive"" is a price complaint, not evidence about quality. Answer: No

5) Phrase A is no_evident_not_helpful_staff. Phrase B is not_kind_staff.
   → ""Not kind"" is a distinct complaint (attitude) from ""not helpful"" (competence/assistance) —
     it does not itself prove staff were unhelpful. Answer: No

OUTPUT FORMAT: Respond with exactly one word, ""Yes"" or ""No"". No explanation, no punctuation.

NOW DECIDE:
Phrase A is no_evident_not_clear_instruction. Phrase B is staff_take_picture_of_passport.
Answer:
",No.
2026-08-10 23:07:09,3,73,no_evident_not_late_chek-in_at_1am_worked_well,no_one_give_key_on_late_check-in,"You are checking arguments in an ABA (Assumption-Based Argumentation) framework built from hotel review mining.

BACKGROUND:
Phrase A is always an auto-derived ""Assumption"" — it defends a claim by asserting no counter-evidence
exists. It has one of two forms:
- ""no_evident_not_X"" → defends that X IS true (assumes no evidence proves X false)
- ""have_evident_no_Y"" → defends that Y IS absent (assumes there IS evidence Y is missing)

Phrase B is a candidate ""Proposition"" — a separate fact mined from another part of the review data.

TASK: Decide whether Phrase B is CONTRARY to Phrase A — meaning: if Phrase B is true, does it act as
the counter-evidence that breaks Phrase A's assumption?

RULES (apply in order):
1. Strip the ""no_evident_not_"" or ""have_evident_"" prefix from Phrase A to recover the underlying claim.
2. Ask: does Phrase B describe a concrete fact that, if true, disproves that claim?
3. Phrase B must be about the SAME specific situation as the claim, not merely the same general topic.
   A different specific complaint about the same topic is usually NOT contrary.
4. Do not judge by shared keywords (e.g. both containing ""not"" or ""no"") — judge the meaning.
5. If B provides real counter-evidence against A's claim → Yes. Otherwise → No.

CONTRASTIVE EXAMPLES:

1) Phrase A is no_evident_not_easy_check-in. Phrase B is customer_wait_10_minute_for_greet.
   → Waiting 10 minutes to be greeted is direct evidence check-in was NOT easy. Answer: Yes

2) Phrase A is no_evident_not_easy_check-in. Phrase B is no_one_give_key_on_late_check-in.
   → This is about late check-in key handover, a different specific issue than check-in being easy. Answer: No

3) Phrase A is no_evident_not_great_quality. Phrase B is shampoo_seem_cheap_considering_hotel_cost.
   → Cheap-feeling shampoo for the price directly undercuts the ""great quality"" claim. Answer: Yes

4) Phrase A is no_evident_not_great_quality. Phrase B is expensive_hotel.
   → ""Expensive"" is a price complaint, not evidence about quality. Answer: No

5) Phrase A is no_evident_not_helpful_staff. Phrase B is not_kind_staff.
   → ""Not kind"" is a distinct complaint (attitude) from ""not helpful"" (competence/assistance) —
     it does not itself prove staff were unhelpful. Answer: No

OUTPUT FORMAT: Respond with exactly one word, ""Yes"" or ""No"". No explanation, no punctuation.

NOW DECIDE:
Phrase A is no_evident_not_late_chek-in_at_1am_worked_well. Phrase B is no_one_give_key_on_late_check-in.
Answer:
",Yes
2026-08-10 23:07:09,3,74,no_evident_not_late_chek-in_at_1am_worked_well,door_lock_on_late_check-in,"You are checking arguments in an ABA (Assumption-Based Argumentation) framework built from hotel review mining.

BACKGROUND:
Phrase A is always an auto-derived ""Assumption"" — it defends a claim by asserting no counter-evidence
exists. It has one of two forms:
- ""no_evident_not_X"" → defends that X IS true (assumes no evidence proves X false)
- ""have_evident_no_Y"" → defends that Y IS absent (assumes there IS evidence Y is missing)

Phrase B is a candidate ""Proposition"" — a separate fact mined from another part of the review data.

TASK: Decide whether Phrase B is CONTRARY to Phrase A — meaning: if Phrase B is true, does it act as
the counter-evidence that breaks Phrase A's assumption?

RULES (apply in order):
1. Strip the ""no_evident_not_"" or ""have_evident_"" prefix from Phrase A to recover the underlying claim.
2. Ask: does Phrase B describe a concrete fact that, if true, disproves that claim?
3. Phrase B must be about the SAME specific situation as the claim, not merely the same general topic.
   A different specific complaint about the same topic is usually NOT contrary.
4. Do not judge by shared keywords (e.g. both containing ""not"" or ""no"") — judge the meaning.
5. If B provides real counter-evidence against A's claim → Yes. Otherwise → No.

CONTRASTIVE EXAMPLES:

1) Phrase A is no_evident_not_easy_check-in. Phrase B is customer_wait_10_minute_for_greet.
   → Waiting 10 minutes to be greeted is direct evidence check-in was NOT easy. Answer: Yes

2) Phrase A is no_evident_not_easy_check-in. Phrase B is no_one_give_key_on_late_check-in.
   → This is about late check-in key handover, a different specific issue than check-in being easy. Answer: No

3) Phrase A is no_evident_not_great_quality. Phrase B is shampoo_seem_cheap_considering_hotel_cost.
   → Cheap-feeling shampoo for the price directly undercuts the ""great quality"" claim. Answer: Yes

4) Phrase A is no_evident_not_great_quality. Phrase B is expensive_hotel.
   → ""Expensive"" is a price complaint, not evidence about quality. Answer: No

5) Phrase A is no_evident_not_helpful_staff. Phrase B is not_kind_staff.
   → ""Not kind"" is a distinct complaint (attitude) from ""not helpful"" (competence/assistance) —
     it does not itself prove staff were unhelpful. Answer: No

OUTPUT FORMAT: Respond with exactly one word, ""Yes"" or ""No"". No explanation, no punctuation.

NOW DECIDE:
Phrase A is no_evident_not_late_chek-in_at_1am_worked_well. Phrase B is door_lock_on_late_check-in.
Answer:
",Yes
2026-08-10 23:07:09,3,75,no_evident_not_late_chek-in_at_1am_worked_well,customer_wait_10_minute_for_greet,"You are checking arguments in an ABA (Assumption-Based Argumentation) framework built from hotel review mining.

BACKGROUND:
Phrase A is always an auto-derived ""Assumption"" — it defends a claim by asserting no counter-evidence
exists. It has one of two forms:
- ""no_evident_not_X"" → defends that X IS true (assumes no evidence proves X false)
- ""have_evident_no_Y"" → defends that Y IS absent (assumes there IS evidence Y is missing)

Phrase B is a candidate ""Proposition"" — a separate fact mined from another part of the review data.

TASK: Decide whether Phrase B is CONTRARY to Phrase A — meaning: if Phrase B is true, does it act as
the counter-evidence that breaks Phrase A's assumption?

RULES (apply in order):
1. Strip the ""no_evident_not_"" or ""have_evident_"" prefix from Phrase A to recover the underlying claim.
2. Ask: does Phrase B describe a concrete fact that, if true, disproves that claim?
3. Phrase B must be about the SAME specific situation as the claim, not merely the same general topic.
   A different specific complaint about the same topic is usually NOT contrary.
4. Do not judge by shared keywords (e.g. both containing ""not"" or ""no"") — judge the meaning.
5. If B provides real counter-evidence against A's claim → Yes. Otherwise → No.

CONTRASTIVE EXAMPLES:

1) Phrase A is no_evident_not_easy_check-in. Phrase B is customer_wait_10_minute_for_greet.
   → Waiting 10 minutes to be greeted is direct evidence check-in was NOT easy. Answer: Yes

2) Phrase A is no_evident_not_easy_check-in. Phrase B is no_one_give_key_on_late_check-in.
   → This is about late check-in key handover, a different specific issue than check-in being easy. Answer: No

3) Phrase A is no_evident_not_great_quality. Phrase B is shampoo_seem_cheap_considering_hotel_cost.
   → Cheap-feeling shampoo for the price directly undercuts the ""great quality"" claim. Answer: Yes

4) Phrase A is no_evident_not_great_quality. Phrase B is expensive_hotel.
   → ""Expensive"" is a price complaint, not evidence about quality. Answer: No

5) Phrase A is no_evident_not_helpful_staff. Phrase B is not_kind_staff.
   → ""Not kind"" is a distinct complaint (attitude) from ""not helpful"" (competence/assistance) —
     it does not itself prove staff were unhelpful. Answer: No

OUTPUT FORMAT: Respond with exactly one word, ""Yes"" or ""No"". No explanation, no punctuation.

NOW DECIDE:
Phrase A is no_evident_not_late_chek-in_at_1am_worked_well. Phrase B is customer_wait_10_minute_for_greet.
Answer:
",Yes
2026-08-10 23:07:09,3,76,no_evident_not_late_chek-in_at_1am_worked_well,customer_wait_10_minute_for_check-in,"You are checking arguments in an ABA (Assumption-Based Argumentation) framework built from hotel review mining.

BACKGROUND:
Phrase A is always an auto-derived ""Assumption"" — it defends a claim by asserting no counter-evidence
exists. It has one of two forms:
- ""no_evident_not_X"" → defends that X IS true (assumes no evidence proves X false)
- ""have_evident_no_Y"" → defends that Y IS absent (assumes there IS evidence Y is missing)

Phrase B is a candidate ""Proposition"" — a separate fact mined from another part of the review data.

TASK: Decide whether Phrase B is CONTRARY to Phrase A — meaning: if Phrase B is true, does it act as
the counter-evidence that breaks Phrase A's assumption?

RULES (apply in order):
1. Strip the ""no_evident_not_"" or ""have_evident_"" prefix from Phrase A to recover the underlying claim.
2. Ask: does Phrase B describe a concrete fact that, if true, disproves that claim?
3. Phrase B must be about the SAME specific situation as the claim, not merely the same general topic.
   A different specific complaint about the same topic is usually NOT contrary.
4. Do not judge by shared keywords (e.g. both containing ""not"" or ""no"") — judge the meaning.
5. If B provides real counter-evidence against A's claim → Yes. Otherwise → No.

CONTRASTIVE EXAMPLES:

1) Phrase A is no_evident_not_easy_check-in. Phrase B is customer_wait_10_minute_for_greet.
   → Waiting 10 minutes to be greeted is direct evidence check-in was NOT easy. Answer: Yes

2) Phrase A is no_evident_not_easy_check-in. Phrase B is no_one_give_key_on_late_check-in.
   → This is about late check-in key handover, a different specific issue than check-in being easy. Answer: No

3) Phrase A is no_evident_not_great_quality. Phrase B is shampoo_seem_cheap_considering_hotel_cost.
   → Cheap-feeling shampoo for the price directly undercuts the ""great quality"" claim. Answer: Yes

4) Phrase A is no_evident_not_great_quality. Phrase B is expensive_hotel.
   → ""Expensive"" is a price complaint, not evidence about quality. Answer: No

5) Phrase A is no_evident_not_helpful_staff. Phrase B is not_kind_staff.
   → ""Not kind"" is a distinct complaint (attitude) from ""not helpful"" (competence/assistance) —
     it does not itself prove staff were unhelpful. Answer: No

OUTPUT FORMAT: Respond with exactly one word, ""Yes"" or ""No"". No explanation, no punctuation.

NOW DECIDE:
Phrase A is no_evident_not_late_chek-in_at_1am_worked_well. Phrase B is customer_wait_10_minute_for_check-in.
Answer:
",No.
2026-08-10 23:07:09,3,77,no_evident_not_late_chek-in_at_1am_worked_well,staff_misunderstand_on_payment,"You are checking arguments in an ABA (Assumption-Based Argumentation) framework built from hotel review mining.

BACKGROUND:
Phrase A is always an auto-derived ""Assumption"" — it defends a claim by asserting no counter-evidence
exists. It has one of two forms:
- ""no_evident_not_X"" → defends that X IS true (assumes no evidence proves X false)
- ""have_evident_no_Y"" → defends that Y IS absent (assumes there IS evidence Y is missing)

Phrase B is a candidate ""Proposition"" — a separate fact mined from another part of the review data.

TASK: Decide whether Phrase B is CONTRARY to Phrase A — meaning: if Phrase B is true, does it act as
the counter-evidence that breaks Phrase A's assumption?

RULES (apply in order):
1. Strip the ""no_evident_not_"" or ""have_evident_"" prefix from Phrase A to recover the underlying claim.
2. Ask: does Phrase B describe a concrete fact that, if true, disproves that claim?
3. Phrase B must be about the SAME specific situation as the claim, not merely the same general topic.
   A different specific complaint about the same topic is usually NOT contrary.
4. Do not judge by shared keywords (e.g. both containing ""not"" or ""no"") — judge the meaning.
5. If B provides real counter-evidence against A's claim → Yes. Otherwise → No.

CONTRASTIVE EXAMPLES:

1) Phrase A is no_evident_not_easy_check-in. Phrase B is customer_wait_10_minute_for_greet.
   → Waiting 10 minutes to be greeted is direct evidence check-in was NOT easy. Answer: Yes

2) Phrase A is no_evident_not_easy_check-in. Phrase B is no_one_give_key_on_late_check-in.
   → This is about late check-in key handover, a different specific issue than check-in being easy. Answer: No

3) Phrase A is no_evident_not_great_quality. Phrase B is shampoo_seem_cheap_considering_hotel_cost.
   → Cheap-feeling shampoo for the price directly undercuts the ""great quality"" claim. Answer: Yes

4) Phrase A is no_evident_not_great_quality. Phrase B is expensive_hotel.
   → ""Expensive"" is a price complaint, not evidence about quality. Answer: No

5) Phrase A is no_evident_not_helpful_staff. Phrase B is not_kind_staff.
   → ""Not kind"" is a distinct complaint (attitude) from ""not helpful"" (competence/assistance) —
     it does not itself prove staff were unhelpful. Answer: No

OUTPUT FORMAT: Respond with exactly one word, ""Yes"" or ""No"". No explanation, no punctuation.

NOW DECIDE:
Phrase A is no_evident_not_late_chek-in_at_1am_worked_well. Phrase B is staff_misunderstand_on_payment.
Answer:
",No.
2026-08-10 23:07:10,3,78,no_evident_not_late_chek-in_at_1am_worked_well,staff_take_picture_of_passport,"You are checking arguments in an ABA (Assumption-Based Argumentation) framework built from hotel review mining.

BACKGROUND:
Phrase A is always an auto-derived ""Assumption"" — it defends a claim by asserting no counter-evidence
exists. It has one of two forms:
- ""no_evident_not_X"" → defends that X IS true (assumes no evidence proves X false)
- ""have_evident_no_Y"" → defends that Y IS absent (assumes there IS evidence Y is missing)

Phrase B is a candidate ""Proposition"" — a separate fact mined from another part of the review data.

TASK: Decide whether Phrase B is CONTRARY to Phrase A — meaning: if Phrase B is true, does it act as
the counter-evidence that breaks Phrase A's assumption?

RULES (apply in order):
1. Strip the ""no_evident_not_"" or ""have_evident_"" prefix from Phrase A to recover the underlying claim.
2. Ask: does Phrase B describe a concrete fact that, if true, disproves that claim?
3. Phrase B must be about the SAME specific situation as the claim, not merely the same general topic.
   A different specific complaint about the same topic is usually NOT contrary.
4. Do not judge by shared keywords (e.g. both containing ""not"" or ""no"") — judge the meaning.
5. If B provides real counter-evidence against A's claim → Yes. Otherwise → No.

CONTRASTIVE EXAMPLES:

1) Phrase A is no_evident_not_easy_check-in. Phrase B is customer_wait_10_minute_for_greet.
   → Waiting 10 minutes to be greeted is direct evidence check-in was NOT easy. Answer: Yes

2) Phrase A is no_evident_not_easy_check-in. Phrase B is no_one_give_key_on_late_check-in.
   → This is about late check-in key handover, a different specific issue than check-in being easy. Answer: No

3) Phrase A is no_evident_not_great_quality. Phrase B is shampoo_seem_cheap_considering_hotel_cost.
   → Cheap-feeling shampoo for the price directly undercuts the ""great quality"" claim. Answer: Yes

4) Phrase A is no_evident_not_great_quality. Phrase B is expensive_hotel.
   → ""Expensive"" is a price complaint, not evidence about quality. Answer: No

5) Phrase A is no_evident_not_helpful_staff. Phrase B is not_kind_staff.
   → ""Not kind"" is a distinct complaint (attitude) from ""not helpful"" (competence/assistance) —
     it does not itself prove staff were unhelpful. Answer: No

OUTPUT FORMAT: Respond with exactly one word, ""Yes"" or ""No"". No explanation, no punctuation.

NOW DECIDE:
Phrase A is no_evident_not_late_chek-in_at_1am_worked_well. Phrase B is staff_take_picture_of_passport.
Answer:
",No.
2026-08-10 23:07:10,3,79,no_evident_not_hotel_make_sure_to_check-in_at_late_night,no_one_give_key_on_late_check-in,"You are checking arguments in an ABA (Assumption-Based Argumentation) framework built from hotel review mining.

BACKGROUND:
Phrase A is always an auto-derived ""Assumption"" — it defends a claim by asserting no counter-evidence
exists. It has one of two forms:
- ""no_evident_not_X"" → defends that X IS true (assumes no evidence proves X false)
- ""have_evident_no_Y"" → defends that Y IS absent (assumes there IS evidence Y is missing)

Phrase B is a candidate ""Proposition"" — a separate fact mined from another part of the review data.

TASK: Decide whether Phrase B is CONTRARY to Phrase A — meaning: if Phrase B is true, does it act as
the counter-evidence that breaks Phrase A's assumption?

RULES (apply in order):
1. Strip the ""no_evident_not_"" or ""have_evident_"" prefix from Phrase A to recover the underlying claim.
2. Ask: does Phrase B describe a concrete fact that, if true, disproves that claim?
3. Phrase B must be about the SAME specific situation as the claim, not merely the same general topic.
   A different specific complaint about the same topic is usually NOT contrary.
4. Do not judge by shared keywords (e.g. both containing ""not"" or ""no"") — judge the meaning.
5. If B provides real counter-evidence against A's claim → Yes. Otherwise → No.

CONTRASTIVE EXAMPLES:

1) Phrase A is no_evident_not_easy_check-in. Phrase B is customer_wait_10_minute_for_greet.
   → Waiting 10 minutes to be greeted is direct evidence check-in was NOT easy. Answer: Yes

2) Phrase A is no_evident_not_easy_check-in. Phrase B is no_one_give_key_on_late_check-in.
   → This is about late check-in key handover, a different specific issue than check-in being easy. Answer: No

3) Phrase A is no_evident_not_great_quality. Phrase B is shampoo_seem_cheap_considering_hotel_cost.
   → Cheap-feeling shampoo for the price directly undercuts the ""great quality"" claim. Answer: Yes

4) Phrase A is no_evident_not_great_quality. Phrase B is expensive_hotel.
   → ""Expensive"" is a price complaint, not evidence about quality. Answer: No

5) Phrase A is no_evident_not_helpful_staff. Phrase B is not_kind_staff.
   → ""Not kind"" is a distinct complaint (attitude) from ""not helpful"" (competence/assistance) —
     it does not itself prove staff were unhelpful. Answer: No

OUTPUT FORMAT: Respond with exactly one word, ""Yes"" or ""No"". No explanation, no punctuation.

NOW DECIDE:
Phrase A is no_evident_not_hotel_make_sure_to_check-in_at_late_night. Phrase B is no_one_give_key_on_late_check-in.
Answer:
",Yes
2026-08-10 23:07:10,3,80,no_evident_not_hotel_make_sure_to_check-in_at_late_night,door_lock_on_late_check-in,"You are checking arguments in an ABA (Assumption-Based Argumentation) framework built from hotel review mining.

BACKGROUND:
Phrase A is always an auto-derived ""Assumption"" — it defends a claim by asserting no counter-evidence
exists. It has one of two forms:
- ""no_evident_not_X"" → defends that X IS true (assumes no evidence proves X false)
- ""have_evident_no_Y"" → defends that Y IS absent (assumes there IS evidence Y is missing)

Phrase B is a candidate ""Proposition"" — a separate fact mined from another part of the review data.

TASK: Decide whether Phrase B is CONTRARY to Phrase A — meaning: if Phrase B is true, does it act as
the counter-evidence that breaks Phrase A's assumption?

RULES (apply in order):
1. Strip the ""no_evident_not_"" or ""have_evident_"" prefix from Phrase A to recover the underlying claim.
2. Ask: does Phrase B describe a concrete fact that, if true, disproves that claim?
3. Phrase B must be about the SAME specific situation as the claim, not merely the same general topic.
   A different specific complaint about the same topic is usually NOT contrary.
4. Do not judge by shared keywords (e.g. both containing ""not"" or ""no"") — judge the meaning.
5. If B provides real counter-evidence against A's claim → Yes. Otherwise → No.

CONTRASTIVE EXAMPLES:

1) Phrase A is no_evident_not_easy_check-in. Phrase B is customer_wait_10_minute_for_greet.
   → Waiting 10 minutes to be greeted is direct evidence check-in was NOT easy. Answer: Yes

2) Phrase A is no_evident_not_easy_check-in. Phrase B is no_one_give_key_on_late_check-in.
   → This is about late check-in key handover, a different specific issue than check-in being easy. Answer: No

3) Phrase A is no_evident_not_great_quality. Phrase B is shampoo_seem_cheap_considering_hotel_cost.
   → Cheap-feeling shampoo for the price directly undercuts the ""great quality"" claim. Answer: Yes

4) Phrase A is no_evident_not_great_quality. Phrase B is expensive_hotel.
   → ""Expensive"" is a price complaint, not evidence about quality. Answer: No

5) Phrase A is no_evident_not_helpful_staff. Phrase B is not_kind_staff.
   → ""Not kind"" is a distinct complaint (attitude) from ""not helpful"" (competence/assistance) —
     it does not itself prove staff were unhelpful. Answer: No

OUTPUT FORMAT: Respond with exactly one word, ""Yes"" or ""No"". No explanation, no punctuation.

NOW DECIDE:
Phrase A is no_evident_not_hotel_make_sure_to_check-in_at_late_night. Phrase B is door_lock_on_late_check-in.
Answer:
",Yes
2026-08-10 23:07:10,3,81,no_evident_not_hotel_make_sure_to_check-in_at_late_night,customer_wait_10_minute_for_greet,"You are checking arguments in an ABA (Assumption-Based Argumentation) framework built from hotel review mining.

BACKGROUND:
Phrase A is always an auto-derived ""Assumption"" — it defends a claim by asserting no counter-evidence
exists. It has one of two forms:
- ""no_evident_not_X"" → defends that X IS true (assumes no evidence proves X false)
- ""have_evident_no_Y"" → defends that Y IS absent (assumes there IS evidence Y is missing)

Phrase B is a candidate ""Proposition"" — a separate fact mined from another part of the review data.

TASK: Decide whether Phrase B is CONTRARY to Phrase A — meaning: if Phrase B is true, does it act as
the counter-evidence that breaks Phrase A's assumption?

RULES (apply in order):
1. Strip the ""no_evident_not_"" or ""have_evident_"" prefix from Phrase A to recover the underlying claim.
2. Ask: does Phrase B describe a concrete fact that, if true, disproves that claim?
3. Phrase B must be about the SAME specific situation as the claim, not merely the same general topic.
   A different specific complaint about the same topic is usually NOT contrary.
4. Do not judge by shared keywords (e.g. both containing ""not"" or ""no"") — judge the meaning.
5. If B provides real counter-evidence against A's claim → Yes. Otherwise → No.

CONTRASTIVE EXAMPLES:

1) Phrase A is no_evident_not_easy_check-in. Phrase B is customer_wait_10_minute_for_greet.
   → Waiting 10 minutes to be greeted is direct evidence check-in was NOT easy. Answer: Yes

2) Phrase A is no_evident_not_easy_check-in. Phrase B is no_one_give_key_on_late_check-in.
   → This is about late check-in key handover, a different specific issue than check-in being easy. Answer: No

3) Phrase A is no_evident_not_great_quality. Phrase B is shampoo_seem_cheap_considering_hotel_cost.
   → Cheap-feeling shampoo for the price directly undercuts the ""great quality"" claim. Answer: Yes

4) Phrase A is no_evident_not_great_quality. Phrase B is expensive_hotel.
   → ""Expensive"" is a price complaint, not evidence about quality. Answer: No

5) Phrase A is no_evident_not_helpful_staff. Phrase B is not_kind_staff.
   → ""Not kind"" is a distinct complaint (attitude) from ""not helpful"" (competence/assistance) —
     it does not itself prove staff were unhelpful. Answer: No

OUTPUT FORMAT: Respond with exactly one word, ""Yes"" or ""No"". No explanation, no punctuation.

NOW DECIDE:
Phrase A is no_evident_not_hotel_make_sure_to_check-in_at_late_night. Phrase B is customer_wait_10_minute_for_greet.
Answer:
",Yes
2026-08-10 23:07:10,3,82,no_evident_not_hotel_make_sure_to_check-in_at_late_night,customer_wait_10_minute_for_check-in,"You are checking arguments in an ABA (Assumption-Based Argumentation) framework built from hotel review mining.

BACKGROUND:
Phrase A is always an auto-derived ""Assumption"" — it defends a claim by asserting no counter-evidence
exists. It has one of two forms:
- ""no_evident_not_X"" → defends that X IS true (assumes no evidence proves X false)
- ""have_evident_no_Y"" → defends that Y IS absent (assumes there IS evidence Y is missing)

Phrase B is a candidate ""Proposition"" — a separate fact mined from another part of the review data.

TASK: Decide whether Phrase B is CONTRARY to Phrase A — meaning: if Phrase B is true, does it act as
the counter-evidence that breaks Phrase A's assumption?

RULES (apply in order):
1. Strip the ""no_evident_not_"" or ""have_evident_"" prefix from Phrase A to recover the underlying claim.
2. Ask: does Phrase B describe a concrete fact that, if true, disproves that claim?
3. Phrase B must be about the SAME specific situation as the claim, not merely the same general topic.
   A different specific complaint about the same topic is usually NOT contrary.
4. Do not judge by shared keywords (e.g. both containing ""not"" or ""no"") — judge the meaning.
5. If B provides real counter-evidence against A's claim → Yes. Otherwise → No.

CONTRASTIVE EXAMPLES:

1) Phrase A is no_evident_not_easy_check-in. Phrase B is customer_wait_10_minute_for_greet.
   → Waiting 10 minutes to be greeted is direct evidence check-in was NOT easy. Answer: Yes

2) Phrase A is no_evident_not_easy_check-in. Phrase B is no_one_give_key_on_late_check-in.
   → This is about late check-in key handover, a different specific issue than check-in being easy. Answer: No

3) Phrase A is no_evident_not_great_quality. Phrase B is shampoo_seem_cheap_considering_hotel_cost.
   → Cheap-feeling shampoo for the price directly undercuts the ""great quality"" claim. Answer: Yes

4) Phrase A is no_evident_not_great_quality. Phrase B is expensive_hotel.
   → ""Expensive"" is a price complaint, not evidence about quality. Answer: No

5) Phrase A is no_evident_not_helpful_staff. Phrase B is not_kind_staff.
   → ""Not kind"" is a distinct complaint (attitude) from ""not helpful"" (competence/assistance) —
     it does not itself prove staff were unhelpful. Answer: No

OUTPUT FORMAT: Respond with exactly one word, ""Yes"" or ""No"". No explanation, no punctuation.

NOW DECIDE:
Phrase A is no_evident_not_hotel_make_sure_to_check-in_at_late_night. Phrase B is customer_wait_10_minute_for_check-in.
Answer:
",No.
2026-08-10 23:07:10,3,83,no_evident_not_hotel_make_sure_to_check-in_at_late_night,staff_misunderstand_on_payment,"You are checking arguments in an ABA (Assumption-Based Argumentation) framework built from hotel review mining.

BACKGROUND:
Phrase A is always an auto-derived ""Assumption"" — it defends a claim by asserting no counter-evidence
exists. It has one of two forms:
- ""no_evident_not_X"" → defends that X IS true (assumes no evidence proves X false)
- ""have_evident_no_Y"" → defends that Y IS absent (assumes there IS evidence Y is missing)

Phrase B is a candidate ""Proposition"" — a separate fact mined from another part of the review data.

TASK: Decide whether Phrase B is CONTRARY to Phrase A — meaning: if Phrase B is true, does it act as
the counter-evidence that breaks Phrase A's assumption?

RULES (apply in order):
1. Strip the ""no_evident_not_"" or ""have_evident_"" prefix from Phrase A to recover the underlying claim.
2. Ask: does Phrase B describe a concrete fact that, if true, disproves that claim?
3. Phrase B must be about the SAME specific situation as the claim, not merely the same general topic.
   A different specific complaint about the same topic is usually NOT contrary.
4. Do not judge by shared keywords (e.g. both containing ""not"" or ""no"") — judge the meaning.
5. If B provides real counter-evidence against A's claim → Yes. Otherwise → No.

CONTRASTIVE EXAMPLES:

1) Phrase A is no_evident_not_easy_check-in. Phrase B is customer_wait_10_minute_for_greet.
   → Waiting 10 minutes to be greeted is direct evidence check-in was NOT easy. Answer: Yes

2) Phrase A is no_evident_not_easy_check-in. Phrase B is no_one_give_key_on_late_check-in.
   → This is about late check-in key handover, a different specific issue than check-in being easy. Answer: No

3) Phrase A is no_evident_not_great_quality. Phrase B is shampoo_seem_cheap_considering_hotel_cost.
   → Cheap-feeling shampoo for the price directly undercuts the ""great quality"" claim. Answer: Yes

4) Phrase A is no_evident_not_great_quality. Phrase B is expensive_hotel.
   → ""Expensive"" is a price complaint, not evidence about quality. Answer: No

5) Phrase A is no_evident_not_helpful_staff. Phrase B is not_kind_staff.
   → ""Not kind"" is a distinct complaint (attitude) from ""not helpful"" (competence/assistance) —
     it does not itself prove staff were unhelpful. Answer: No

OUTPUT FORMAT: Respond with exactly one word, ""Yes"" or ""No"". No explanation, no punctuation.

NOW DECIDE:
Phrase A is no_evident_not_hotel_make_sure_to_check-in_at_late_night. Phrase B is staff_misunderstand_on_payment.
Answer:
",No.
2026-08-10 23:07:11,3,84,no_evident_not_hotel_make_sure_to_check-in_at_late_night,staff_take_picture_of_passport,"You are checking arguments in an ABA (Assumption-Based Argumentation) framework built from hotel review mining.

BACKGROUND:
Phrase A is always an auto-derived ""Assumption"" — it defends a claim by asserting no counter-evidence
exists. It has one of two forms:
- ""no_evident_not_X"" → defends that X IS true (assumes no evidence proves X false)
- ""have_evident_no_Y"" → defends that Y IS absent (assumes there IS evidence Y is missing)

Phrase B is a candidate ""Proposition"" — a separate fact mined from another part of the review data.

TASK: Decide whether Phrase B is CONTRARY to Phrase A — meaning: if Phrase B is true, does it act as
the counter-evidence that breaks Phrase A's assumption?

RULES (apply in order):
1. Strip the ""no_evident_not_"" or ""have_evident_"" prefix from Phrase A to recover the underlying claim.
2. Ask: does Phrase B describe a concrete fact that, if true, disproves that claim?
3. Phrase B must be about the SAME specific situation as the claim, not merely the same general topic.
   A different specific complaint about the same topic is usually NOT contrary.
4. Do not judge by shared keywords (e.g. both containing ""not"" or ""no"") — judge the meaning.
5. If B provides real counter-evidence against A's claim → Yes. Otherwise → No.

CONTRASTIVE EXAMPLES:

1) Phrase A is no_evident_not_easy_check-in. Phrase B is customer_wait_10_minute_for_greet.
   → Waiting 10 minutes to be greeted is direct evidence check-in was NOT easy. Answer: Yes

2) Phrase A is no_evident_not_easy_check-in. Phrase B is no_one_give_key_on_late_check-in.
   → This is about late check-in key handover, a different specific issue than check-in being easy. Answer: No

3) Phrase A is no_evident_not_great_quality. Phrase B is shampoo_seem_cheap_considering_hotel_cost.
   → Cheap-feeling shampoo for the price directly undercuts the ""great quality"" claim. Answer: Yes

4) Phrase A is no_evident_not_great_quality. Phrase B is expensive_hotel.
   → ""Expensive"" is a price complaint, not evidence about quality. Answer: No

5) Phrase A is no_evident_not_helpful_staff. Phrase B is not_kind_staff.
   → ""Not kind"" is a distinct complaint (attitude) from ""not helpful"" (competence/assistance) —
     it does not itself prove staff were unhelpful. Answer: No

OUTPUT FORMAT: Respond with exactly one word, ""Yes"" or ""No"". No explanation, no punctuation.

NOW DECIDE:
Phrase A is no_evident_not_hotel_make_sure_to_check-in_at_late_night. Phrase B is staff_take_picture_of_passport.
Answer:
",No.
2026-08-10 23:07:11,3,85,no_evident_not_excellent communication_on_late_check-in_process,no_one_give_key_on_late_check-in,"You are checking arguments in an ABA (Assumption-Based Argumentation) framework built from hotel review mining.

BACKGROUND:
Phrase A is always an auto-derived ""Assumption"" — it defends a claim by asserting no counter-evidence
exists. It has one of two forms:
- ""no_evident_not_X"" → defends that X IS true (assumes no evidence proves X false)
- ""have_evident_no_Y"" → defends that Y IS absent (assumes there IS evidence Y is missing)

Phrase B is a candidate ""Proposition"" — a separate fact mined from another part of the review data.

TASK: Decide whether Phrase B is CONTRARY to Phrase A — meaning: if Phrase B is true, does it act as
the counter-evidence that breaks Phrase A's assumption?

RULES (apply in order):
1. Strip the ""no_evident_not_"" or ""have_evident_"" prefix from Phrase A to recover the underlying claim.
2. Ask: does Phrase B describe a concrete fact that, if true, disproves that claim?
3. Phrase B must be about the SAME specific situation as the claim, not merely the same general topic.
   A different specific complaint about the same topic is usually NOT contrary.
4. Do not judge by shared keywords (e.g. both containing ""not"" or ""no"") — judge the meaning.
5. If B provides real counter-evidence against A's claim → Yes. Otherwise → No.

CONTRASTIVE EXAMPLES:

1) Phrase A is no_evident_not_easy_check-in. Phrase B is customer_wait_10_minute_for_greet.
   → Waiting 10 minutes to be greeted is direct evidence check-in was NOT easy. Answer: Yes

2) Phrase A is no_evident_not_easy_check-in. Phrase B is no_one_give_key_on_late_check-in.
   → This is about late check-in key handover, a different specific issue than check-in being easy. Answer: No

3) Phrase A is no_evident_not_great_quality. Phrase B is shampoo_seem_cheap_considering_hotel_cost.
   → Cheap-feeling shampoo for the price directly undercuts the ""great quality"" claim. Answer: Yes

4) Phrase A is no_evident_not_great_quality. Phrase B is expensive_hotel.
   → ""Expensive"" is a price complaint, not evidence about quality. Answer: No

5) Phrase A is no_evident_not_helpful_staff. Phrase B is not_kind_staff.
   → ""Not kind"" is a distinct complaint (attitude) from ""not helpful"" (competence/assistance) —
     it does not itself prove staff were unhelpful. Answer: No

OUTPUT FORMAT: Respond with exactly one word, ""Yes"" or ""No"". No explanation, no punctuation.

NOW DECIDE:
Phrase A is no_evident_not_excellent communication_on_late_check-in_process. Phrase B is no_one_give_key_on_late_check-in.
Answer:
",Yes
2026-08-10 23:07:11,3,86,no_evident_not_excellent communication_on_late_check-in_process,door_lock_on_late_check-in,"You are checking arguments in an ABA (Assumption-Based Argumentation) framework built from hotel review mining.

BACKGROUND:
Phrase A is always an auto-derived ""Assumption"" — it defends a claim by asserting no counter-evidence
exists. It has one of two forms:
- ""no_evident_not_X"" → defends that X IS true (assumes no evidence proves X false)
- ""have_evident_no_Y"" → defends that Y IS absent (assumes there IS evidence Y is missing)

Phrase B is a candidate ""Proposition"" — a separate fact mined from another part of the review data.

TASK: Decide whether Phrase B is CONTRARY to Phrase A — meaning: if Phrase B is true, does it act as
the counter-evidence that breaks Phrase A's assumption?

RULES (apply in order):
1. Strip the ""no_evident_not_"" or ""have_evident_"" prefix from Phrase A to recover the underlying claim.
2. Ask: does Phrase B describe a concrete fact that, if true, disproves that claim?
3. Phrase B must be about the SAME specific situation as the claim, not merely the same general topic.
   A different specific complaint about the same topic is usually NOT contrary.
4. Do not judge by shared keywords (e.g. both containing ""not"" or ""no"") — judge the meaning.
5. If B provides real counter-evidence against A's claim → Yes. Otherwise → No.

CONTRASTIVE EXAMPLES:

1) Phrase A is no_evident_not_easy_check-in. Phrase B is customer_wait_10_minute_for_greet.
   → Waiting 10 minutes to be greeted is direct evidence check-in was NOT easy. Answer: Yes

2) Phrase A is no_evident_not_easy_check-in. Phrase B is no_one_give_key_on_late_check-in.
   → This is about late check-in key handover, a different specific issue than check-in being easy. Answer: No

3) Phrase A is no_evident_not_great_quality. Phrase B is shampoo_seem_cheap_considering_hotel_cost.
   → Cheap-feeling shampoo for the price directly undercuts the ""great quality"" claim. Answer: Yes

4) Phrase A is no_evident_not_great_quality. Phrase B is expensive_hotel.
   → ""Expensive"" is a price complaint, not evidence about quality. Answer: No

5) Phrase A is no_evident_not_helpful_staff. Phrase B is not_kind_staff.
   → ""Not kind"" is a distinct complaint (attitude) from ""not helpful"" (competence/assistance) —
     it does not itself prove staff were unhelpful. Answer: No

OUTPUT FORMAT: Respond with exactly one word, ""Yes"" or ""No"". No explanation, no punctuation.

NOW DECIDE:
Phrase A is no_evident_not_excellent communication_on_late_check-in_process. Phrase B is door_lock_on_late_check-in.
Answer:
",No.
2026-08-10 23:07:11,3,87,no_evident_not_excellent communication_on_late_check-in_process,customer_wait_10_minute_for_greet,"You are checking arguments in an ABA (Assumption-Based Argumentation) framework built from hotel review mining.

BACKGROUND:
Phrase A is always an auto-derived ""Assumption"" — it defends a claim by asserting no counter-evidence
exists. It has one of two forms:
- ""no_evident_not_X"" → defends that X IS true (assumes no evidence proves X false)
- ""have_evident_no_Y"" → defends that Y IS absent (assumes there IS evidence Y is missing)

Phrase B is a candidate ""Proposition"" — a separate fact mined from another part of the review data.

TASK: Decide whether Phrase B is CONTRARY to Phrase A — meaning: if Phrase B is true, does it act as
the counter-evidence that breaks Phrase A's assumption?

RULES (apply in order):
1. Strip the ""no_evident_not_"" or ""have_evident_"" prefix from Phrase A to recover the underlying claim.
2. Ask: does Phrase B describe a concrete fact that, if true, disproves that claim?
3. Phrase B must be about the SAME specific situation as the claim, not merely the same general topic.
   A different specific complaint about the same topic is usually NOT contrary.
4. Do not judge by shared keywords (e.g. both containing ""not"" or ""no"") — judge the meaning.
5. If B provides real counter-evidence against A's claim → Yes. Otherwise → No.

CONTRASTIVE EXAMPLES:

1) Phrase A is no_evident_not_easy_check-in. Phrase B is customer_wait_10_minute_for_greet.
   → Waiting 10 minutes to be greeted is direct evidence check-in was NOT easy. Answer: Yes

2) Phrase A is no_evident_not_easy_check-in. Phrase B is no_one_give_key_on_late_check-in.
   → This is about late check-in key handover, a different specific issue than check-in being easy. Answer: No

3) Phrase A is no_evident_not_great_quality. Phrase B is shampoo_seem_cheap_considering_hotel_cost.
   → Cheap-feeling shampoo for the price directly undercuts the ""great quality"" claim. Answer: Yes

4) Phrase A is no_evident_not_great_quality. Phrase B is expensive_hotel.
   → ""Expensive"" is a price complaint, not evidence about quality. Answer: No

5) Phrase A is no_evident_not_helpful_staff. Phrase B is not_kind_staff.
   → ""Not kind"" is a distinct complaint (attitude) from ""not helpful"" (competence/assistance) —
     it does not itself prove staff were unhelpful. Answer: No

OUTPUT FORMAT: Respond with exactly one word, ""Yes"" or ""No"". No explanation, no punctuation.

NOW DECIDE:
Phrase A is no_evident_not_excellent communication_on_late_check-in_process. Phrase B is customer_wait_10_minute_for_greet.
Answer:
",Yes
2026-08-10 23:07:11,3,88,no_evident_not_excellent communication_on_late_check-in_process,customer_wait_10_minute_for_check-in,"You are checking arguments in an ABA (Assumption-Based Argumentation) framework built from hotel review mining.

BACKGROUND:
Phrase A is always an auto-derived ""Assumption"" — it defends a claim by asserting no counter-evidence
exists. It has one of two forms:
- ""no_evident_not_X"" → defends that X IS true (assumes no evidence proves X false)
- ""have_evident_no_Y"" → defends that Y IS absent (assumes there IS evidence Y is missing)

Phrase B is a candidate ""Proposition"" — a separate fact mined from another part of the review data.

TASK: Decide whether Phrase B is CONTRARY to Phrase A — meaning: if Phrase B is true, does it act as
the counter-evidence that breaks Phrase A's assumption?

RULES (apply in order):
1. Strip the ""no_evident_not_"" or ""have_evident_"" prefix from Phrase A to recover the underlying claim.
2. Ask: does Phrase B describe a concrete fact that, if true, disproves that claim?
3. Phrase B must be about the SAME specific situation as the claim, not merely the same general topic.
   A different specific complaint about the same topic is usually NOT contrary.
4. Do not judge by shared keywords (e.g. both containing ""not"" or ""no"") — judge the meaning.
5. If B provides real counter-evidence against A's claim → Yes. Otherwise → No.

CONTRASTIVE EXAMPLES:

1) Phrase A is no_evident_not_easy_check-in. Phrase B is customer_wait_10_minute_for_greet.
   → Waiting 10 minutes to be greeted is direct evidence check-in was NOT easy. Answer: Yes

2) Phrase A is no_evident_not_easy_check-in. Phrase B is no_one_give_key_on_late_check-in.
   → This is about late check-in key handover, a different specific issue than check-in being easy. Answer: No

3) Phrase A is no_evident_not_great_quality. Phrase B is shampoo_seem_cheap_considering_hotel_cost.
   → Cheap-feeling shampoo for the price directly undercuts the ""great quality"" claim. Answer: Yes

4) Phrase A is no_evident_not_great_quality. Phrase B is expensive_hotel.
   → ""Expensive"" is a price complaint, not evidence about quality. Answer: No

5) Phrase A is no_evident_not_helpful_staff. Phrase B is not_kind_staff.
   → ""Not kind"" is a distinct complaint (attitude) from ""not helpful"" (competence/assistance) —
     it does not itself prove staff were unhelpful. Answer: No

OUTPUT FORMAT: Respond with exactly one word, ""Yes"" or ""No"". No explanation, no punctuation.

NOW DECIDE:
Phrase A is no_evident_not_excellent communication_on_late_check-in_process. Phrase B is customer_wait_10_minute_for_check-in.
Answer:
",No.
2026-08-10 23:07:11,3,89,no_evident_not_excellent communication_on_late_check-in_process,staff_misunderstand_on_payment,"You are checking arguments in an ABA (Assumption-Based Argumentation) framework built from hotel review mining.

BACKGROUND:
Phrase A is always an auto-derived ""Assumption"" — it defends a claim by asserting no counter-evidence
exists. It has one of two forms:
- ""no_evident_not_X"" → defends that X IS true (assumes no evidence proves X false)
- ""have_evident_no_Y"" → defends that Y IS absent (assumes there IS evidence Y is missing)

Phrase B is a candidate ""Proposition"" — a separate fact mined from another part of the review data.

TASK: Decide whether Phrase B is CONTRARY to Phrase A — meaning: if Phrase B is true, does it act as
the counter-evidence that breaks Phrase A's assumption?

RULES (apply in order):
1. Strip the ""no_evident_not_"" or ""have_evident_"" prefix from Phrase A to recover the underlying claim.
2. Ask: does Phrase B describe a concrete fact that, if true, disproves that claim?
3. Phrase B must be about the SAME specific situation as the claim, not merely the same general topic.
   A different specific complaint about the same topic is usually NOT contrary.
4. Do not judge by shared keywords (e.g. both containing ""not"" or ""no"") — judge the meaning.
5. If B provides real counter-evidence against A's claim → Yes. Otherwise → No.

CONTRASTIVE EXAMPLES:

1) Phrase A is no_evident_not_easy_check-in. Phrase B is customer_wait_10_minute_for_greet.
   → Waiting 10 minutes to be greeted is direct evidence check-in was NOT easy. Answer: Yes

2) Phrase A is no_evident_not_easy_check-in. Phrase B is no_one_give_key_on_late_check-in.
   → This is about late check-in key handover, a different specific issue than check-in being easy. Answer: No

3) Phrase A is no_evident_not_great_quality. Phrase B is shampoo_seem_cheap_considering_hotel_cost.
   → Cheap-feeling shampoo for the price directly undercuts the ""great quality"" claim. Answer: Yes

4) Phrase A is no_evident_not_great_quality. Phrase B is expensive_hotel.
   → ""Expensive"" is a price complaint, not evidence about quality. Answer: No

5) Phrase A is no_evident_not_helpful_staff. Phrase B is not_kind_staff.
   → ""Not kind"" is a distinct complaint (attitude) from ""not helpful"" (competence/assistance) —
     it does not itself prove staff were unhelpful. Answer: No

OUTPUT FORMAT: Respond with exactly one word, ""Yes"" or ""No"". No explanation, no punctuation.

NOW DECIDE:
Phrase A is no_evident_not_excellent communication_on_late_check-in_process. Phrase B is staff_misunderstand_on_payment.
Answer:
",No.
2026-08-10 23:07:12,3,90,no_evident_not_excellent communication_on_late_check-in_process,staff_take_picture_of_passport,"You are checking arguments in an ABA (Assumption-Based Argumentation) framework built from hotel review mining.

BACKGROUND:
Phrase A is always an auto-derived ""Assumption"" — it defends a claim by asserting no counter-evidence
exists. It has one of two forms:
- ""no_evident_not_X"" → defends that X IS true (assumes no evidence proves X false)
- ""have_evident_no_Y"" → defends that Y IS absent (assumes there IS evidence Y is missing)

Phrase B is a candidate ""Proposition"" — a separate fact mined from another part of the review data.

TASK: Decide whether Phrase B is CONTRARY to Phrase A — meaning: if Phrase B is true, does it act as
the counter-evidence that breaks Phrase A's assumption?

RULES (apply in order):
1. Strip the ""no_evident_not_"" or ""have_evident_"" prefix from Phrase A to recover the underlying claim.
2. Ask: does Phrase B describe a concrete fact that, if true, disproves that claim?
3. Phrase B must be about the SAME specific situation as the claim, not merely the same general topic.
   A different specific complaint about the same topic is usually NOT contrary.
4. Do not judge by shared keywords (e.g. both containing ""not"" or ""no"") — judge the meaning.
5. If B provides real counter-evidence against A's claim → Yes. Otherwise → No.

CONTRASTIVE EXAMPLES:

1) Phrase A is no_evident_not_easy_check-in. Phrase B is customer_wait_10_minute_for_greet.
   → Waiting 10 minutes to be greeted is direct evidence check-in was NOT easy. Answer: Yes

2) Phrase A is no_evident_not_easy_check-in. Phrase B is no_one_give_key_on_late_check-in.
   → This is about late check-in key handover, a different specific issue than check-in being easy. Answer: No

3) Phrase A is no_evident_not_great_quality. Phrase B is shampoo_seem_cheap_considering_hotel_cost.
   → Cheap-feeling shampoo for the price directly undercuts the ""great quality"" claim. Answer: Yes

4) Phrase A is no_evident_not_great_quality. Phrase B is expensive_hotel.
   → ""Expensive"" is a price complaint, not evidence about quality. Answer: No

5) Phrase A is no_evident_not_helpful_staff. Phrase B is not_kind_staff.
   → ""Not kind"" is a distinct complaint (attitude) from ""not helpful"" (competence/assistance) —
     it does not itself prove staff were unhelpful. Answer: No

OUTPUT FORMAT: Respond with exactly one word, ""Yes"" or ""No"". No explanation, no punctuation.

NOW DECIDE:
Phrase A is no_evident_not_excellent communication_on_late_check-in_process. Phrase B is staff_take_picture_of_passport.
Answer:
",No.
2026-08-10 23:07:12,3,91,no_evident_not_staff_aware_late_arraival,no_one_give_key_on_late_check-in,"You are checking arguments in an ABA (Assumption-Based Argumentation) framework built from hotel review mining.

BACKGROUND:
Phrase A is always an auto-derived ""Assumption"" — it defends a claim by asserting no counter-evidence
exists. It has one of two forms:
- ""no_evident_not_X"" → defends that X IS true (assumes no evidence proves X false)
- ""have_evident_no_Y"" → defends that Y IS absent (assumes there IS evidence Y is missing)

Phrase B is a candidate ""Proposition"" — a separate fact mined from another part of the review data.

TASK: Decide whether Phrase B is CONTRARY to Phrase A — meaning: if Phrase B is true, does it act as
the counter-evidence that breaks Phrase A's assumption?

RULES (apply in order):
1. Strip the ""no_evident_not_"" or ""have_evident_"" prefix from Phrase A to recover the underlying claim.
2. Ask: does Phrase B describe a concrete fact that, if true, disproves that claim?
3. Phrase B must be about the SAME specific situation as the claim, not merely the same general topic.
   A different specific complaint about the same topic is usually NOT contrary.
4. Do not judge by shared keywords (e.g. both containing ""not"" or ""no"") — judge the meaning.
5. If B provides real counter-evidence against A's claim → Yes. Otherwise → No.

CONTRASTIVE EXAMPLES:

1) Phrase A is no_evident_not_easy_check-in. Phrase B is customer_wait_10_minute_for_greet.
   → Waiting 10 minutes to be greeted is direct evidence check-in was NOT easy. Answer: Yes

2) Phrase A is no_evident_not_easy_check-in. Phrase B is no_one_give_key_on_late_check-in.
   → This is about late check-in key handover, a different specific issue than check-in being easy. Answer: No

3) Phrase A is no_evident_not_great_quality. Phrase B is shampoo_seem_cheap_considering_hotel_cost.
   → Cheap-feeling shampoo for the price directly undercuts the ""great quality"" claim. Answer: Yes

4) Phrase A is no_evident_not_great_quality. Phrase B is expensive_hotel.
   → ""Expensive"" is a price complaint, not evidence about quality. Answer: No

5) Phrase A is no_evident_not_helpful_staff. Phrase B is not_kind_staff.
   → ""Not kind"" is a distinct complaint (attitude) from ""not helpful"" (competence/assistance) —
     it does not itself prove staff were unhelpful. Answer: No

OUTPUT FORMAT: Respond with exactly one word, ""Yes"" or ""No"". No explanation, no punctuation.

NOW DECIDE:
Phrase A is no_evident_not_staff_aware_late_arraival. Phrase B is no_one_give_key_on_late_check-in.
Answer:
",Yes
2026-08-10 23:07:12,3,92,no_evident_not_staff_aware_late_arraival,door_lock_on_late_check-in,"You are checking arguments in an ABA (Assumption-Based Argumentation) framework built from hotel review mining.

BACKGROUND:
Phrase A is always an auto-derived ""Assumption"" — it defends a claim by asserting no counter-evidence
exists. It has one of two forms:
- ""no_evident_not_X"" → defends that X IS true (assumes no evidence proves X false)
- ""have_evident_no_Y"" → defends that Y IS absent (assumes there IS evidence Y is missing)

Phrase B is a candidate ""Proposition"" — a separate fact mined from another part of the review data.

TASK: Decide whether Phrase B is CONTRARY to Phrase A — meaning: if Phrase B is true, does it act as
the counter-evidence that breaks Phrase A's assumption?

RULES (apply in order):
1. Strip the ""no_evident_not_"" or ""have_evident_"" prefix from Phrase A to recover the underlying claim.
2. Ask: does Phrase B describe a concrete fact that, if true, disproves that claim?
3. Phrase B must be about the SAME specific situation as the claim, not merely the same general topic.
   A different specific complaint about the same topic is usually NOT contrary.
4. Do not judge by shared keywords (e.g. both containing ""not"" or ""no"") — judge the meaning.
5. If B provides real counter-evidence against A's claim → Yes. Otherwise → No.

CONTRASTIVE EXAMPLES:

1) Phrase A is no_evident_not_easy_check-in. Phrase B is customer_wait_10_minute_for_greet.
   → Waiting 10 minutes to be greeted is direct evidence check-in was NOT easy. Answer: Yes

2) Phrase A is no_evident_not_easy_check-in. Phrase B is no_one_give_key_on_late_check-in.
   → This is about late check-in key handover, a different specific issue than check-in being easy. Answer: No

3) Phrase A is no_evident_not_great_quality. Phrase B is shampoo_seem_cheap_considering_hotel_cost.
   → Cheap-feeling shampoo for the price directly undercuts the ""great quality"" claim. Answer: Yes

4) Phrase A is no_evident_not_great_quality. Phrase B is expensive_hotel.
   → ""Expensive"" is a price complaint, not evidence about quality. Answer: No

5) Phrase A is no_evident_not_helpful_staff. Phrase B is not_kind_staff.
   → ""Not kind"" is a distinct complaint (attitude) from ""not helpful"" (competence/assistance) —
     it does not itself prove staff were unhelpful. Answer: No

OUTPUT FORMAT: Respond with exactly one word, ""Yes"" or ""No"". No explanation, no punctuation.

NOW DECIDE:
Phrase A is no_evident_not_staff_aware_late_arraival. Phrase B is door_lock_on_late_check-in.
Answer:
",No.
2026-08-10 23:07:12,3,93,no_evident_not_staff_aware_late_arraival,customer_wait_10_minute_for_greet,"You are checking arguments in an ABA (Assumption-Based Argumentation) framework built from hotel review mining.

BACKGROUND:
Phrase A is always an auto-derived ""Assumption"" — it defends a claim by asserting no counter-evidence
exists. It has one of two forms:
- ""no_evident_not_X"" → defends that X IS true (assumes no evidence proves X false)
- ""have_evident_no_Y"" → defends that Y IS absent (assumes there IS evidence Y is missing)

Phrase B is a candidate ""Proposition"" — a separate fact mined from another part of the review data.

TASK: Decide whether Phrase B is CONTRARY to Phrase A — meaning: if Phrase B is true, does it act as
the counter-evidence that breaks Phrase A's assumption?

RULES (apply in order):
1. Strip the ""no_evident_not_"" or ""have_evident_"" prefix from Phrase A to recover the underlying claim.
2. Ask: does Phrase B describe a concrete fact that, if true, disproves that claim?
3. Phrase B must be about the SAME specific situation as the claim, not merely the same general topic.
   A different specific complaint about the same topic is usually NOT contrary.
4. Do not judge by shared keywords (e.g. both containing ""not"" or ""no"") — judge the meaning.
5. If B provides real counter-evidence against A's claim → Yes. Otherwise → No.

CONTRASTIVE EXAMPLES:

1) Phrase A is no_evident_not_easy_check-in. Phrase B is customer_wait_10_minute_for_greet.
   → Waiting 10 minutes to be greeted is direct evidence check-in was NOT easy. Answer: Yes

2) Phrase A is no_evident_not_easy_check-in. Phrase B is no_one_give_key_on_late_check-in.
   → This is about late check-in key handover, a different specific issue than check-in being easy. Answer: No

3) Phrase A is no_evident_not_great_quality. Phrase B is shampoo_seem_cheap_considering_hotel_cost.
   → Cheap-feeling shampoo for the price directly undercuts the ""great quality"" claim. Answer: Yes

4) Phrase A is no_evident_not_great_quality. Phrase B is expensive_hotel.
   → ""Expensive"" is a price complaint, not evidence about quality. Answer: No

5) Phrase A is no_evident_not_helpful_staff. Phrase B is not_kind_staff.
   → ""Not kind"" is a distinct complaint (attitude) from ""not helpful"" (competence/assistance) —
     it does not itself prove staff were unhelpful. Answer: No

OUTPUT FORMAT: Respond with exactly one word, ""Yes"" or ""No"". No explanation, no punctuation.

NOW DECIDE:
Phrase A is no_evident_not_staff_aware_late_arraival. Phrase B is customer_wait_10_minute_for_greet.
Answer:
",Yes
2026-08-10 23:07:12,3,94,no_evident_not_staff_aware_late_arraival,customer_wait_10_minute_for_check-in,"You are checking arguments in an ABA (Assumption-Based Argumentation) framework built from hotel review mining.

BACKGROUND:
Phrase A is always an auto-derived ""Assumption"" — it defends a claim by asserting no counter-evidence
exists. It has one of two forms:
- ""no_evident_not_X"" → defends that X IS true (assumes no evidence proves X false)
- ""have_evident_no_Y"" → defends that Y IS absent (assumes there IS evidence Y is missing)

Phrase B is a candidate ""Proposition"" — a separate fact mined from another part of the review data.

TASK: Decide whether Phrase B is CONTRARY to Phrase A — meaning: if Phrase B is true, does it act as
the counter-evidence that breaks Phrase A's assumption?

RULES (apply in order):
1. Strip the ""no_evident_not_"" or ""have_evident_"" prefix from Phrase A to recover the underlying claim.
2. Ask: does Phrase B describe a concrete fact that, if true, disproves that claim?
3. Phrase B must be about the SAME specific situation as the claim, not merely the same general topic.
   A different specific complaint about the same topic is usually NOT contrary.
4. Do not judge by shared keywords (e.g. both containing ""not"" or ""no"") — judge the meaning.
5. If B provides real counter-evidence against A's claim → Yes. Otherwise → No.

CONTRASTIVE EXAMPLES:

1) Phrase A is no_evident_not_easy_check-in. Phrase B is customer_wait_10_minute_for_greet.
   → Waiting 10 minutes to be greeted is direct evidence check-in was NOT easy. Answer: Yes

2) Phrase A is no_evident_not_easy_check-in. Phrase B is no_one_give_key_on_late_check-in.
   → This is about late check-in key handover, a different specific issue than check-in being easy. Answer: No

3) Phrase A is no_evident_not_great_quality. Phrase B is shampoo_seem_cheap_considering_hotel_cost.
   → Cheap-feeling shampoo for the price directly undercuts the ""great quality"" claim. Answer: Yes

4) Phrase A is no_evident_not_great_quality. Phrase B is expensive_hotel.
   → ""Expensive"" is a price complaint, not evidence about quality. Answer: No

5) Phrase A is no_evident_not_helpful_staff. Phrase B is not_kind_staff.
   → ""Not kind"" is a distinct complaint (attitude) from ""not helpful"" (competence/assistance) —
     it does not itself prove staff were unhelpful. Answer: No

OUTPUT FORMAT: Respond with exactly one word, ""Yes"" or ""No"". No explanation, no punctuation.

NOW DECIDE:
Phrase A is no_evident_not_staff_aware_late_arraival. Phrase B is customer_wait_10_minute_for_check-in.
Answer:
",No.
2026-08-10 23:07:12,3,95,no_evident_not_staff_aware_late_arraival,staff_misunderstand_on_payment,"You are checking arguments in an ABA (Assumption-Based Argumentation) framework built from hotel review mining.

BACKGROUND:
Phrase A is always an auto-derived ""Assumption"" — it defends a claim by asserting no counter-evidence
exists. It has one of two forms:
- ""no_evident_not_X"" → defends that X IS true (assumes no evidence proves X false)
- ""have_evident_no_Y"" → defends that Y IS absent (assumes there IS evidence Y is missing)

Phrase B is a candidate ""Proposition"" — a separate fact mined from another part of the review data.

TASK: Decide whether Phrase B is CONTRARY to Phrase A — meaning: if Phrase B is true, does it act as
the counter-evidence that breaks Phrase A's assumption?

RULES (apply in order):
1. Strip the ""no_evident_not_"" or ""have_evident_"" prefix from Phrase A to recover the underlying claim.
2. Ask: does Phrase B describe a concrete fact that, if true, disproves that claim?
3. Phrase B must be about the SAME specific situation as the claim, not merely the same general topic.
   A different specific complaint about the same topic is usually NOT contrary.
4. Do not judge by shared keywords (e.g. both containing ""not"" or ""no"") — judge the meaning.
5. If B provides real counter-evidence against A's claim → Yes. Otherwise → No.

CONTRASTIVE EXAMPLES:

1) Phrase A is no_evident_not_easy_check-in. Phrase B is customer_wait_10_minute_for_greet.
   → Waiting 10 minutes to be greeted is direct evidence check-in was NOT easy. Answer: Yes

2) Phrase A is no_evident_not_easy_check-in. Phrase B is no_one_give_key_on_late_check-in.
   → This is about late check-in key handover, a different specific issue than check-in being easy. Answer: No

3) Phrase A is no_evident_not_great_quality. Phrase B is shampoo_seem_cheap_considering_hotel_cost.
   → Cheap-feeling shampoo for the price directly undercuts the ""great quality"" claim. Answer: Yes

4) Phrase A is no_evident_not_great_quality. Phrase B is expensive_hotel.
   → ""Expensive"" is a price complaint, not evidence about quality. Answer: No

5) Phrase A is no_evident_not_helpful_staff. Phrase B is not_kind_staff.
   → ""Not kind"" is a distinct complaint (attitude) from ""not helpful"" (competence/assistance) —
     it does not itself prove staff were unhelpful. Answer: No

OUTPUT FORMAT: Respond with exactly one word, ""Yes"" or ""No"". No explanation, no punctuation.

NOW DECIDE:
Phrase A is no_evident_not_staff_aware_late_arraival. Phrase B is staff_misunderstand_on_payment.
Answer:
",Yes
2026-08-10 23:07:12,3,96,no_evident_not_staff_aware_late_arraival,staff_take_picture_of_passport,"You are checking arguments in an ABA (Assumption-Based Argumentation) framework built from hotel review mining.

BACKGROUND:
Phrase A is always an auto-derived ""Assumption"" — it defends a claim by asserting no counter-evidence
exists. It has one of two forms:
- ""no_evident_not_X"" → defends that X IS true (assumes no evidence proves X false)
- ""have_evident_no_Y"" → defends that Y IS absent (assumes there IS evidence Y is missing)

Phrase B is a candidate ""Proposition"" — a separate fact mined from another part of the review data.

TASK: Decide whether Phrase B is CONTRARY to Phrase A — meaning: if Phrase B is true, does it act as
the counter-evidence that breaks Phrase A's assumption?

RULES (apply in order):
1. Strip the ""no_evident_not_"" or ""have_evident_"" prefix from Phrase A to recover the underlying claim.
2. Ask: does Phrase B describe a concrete fact that, if true, disproves that claim?
3. Phrase B must be about the SAME specific situation as the claim, not merely the same general topic.
   A different specific complaint about the same topic is usually NOT contrary.
4. Do not judge by shared keywords (e.g. both containing ""not"" or ""no"") — judge the meaning.
5. If B provides real counter-evidence against A's claim → Yes. Otherwise → No.

CONTRASTIVE EXAMPLES:

1) Phrase A is no_evident_not_easy_check-in. Phrase B is customer_wait_10_minute_for_greet.
   → Waiting 10 minutes to be greeted is direct evidence check-in was NOT easy. Answer: Yes

2) Phrase A is no_evident_not_easy_check-in. Phrase B is no_one_give_key_on_late_check-in.
   → This is about late check-in key handover, a different specific issue than check-in being easy. Answer: No

3) Phrase A is no_evident_not_great_quality. Phrase B is shampoo_seem_cheap_considering_hotel_cost.
   → Cheap-feeling shampoo for the price directly undercuts the ""great quality"" claim. Answer: Yes

4) Phrase A is no_evident_not_great_quality. Phrase B is expensive_hotel.
   → ""Expensive"" is a price complaint, not evidence about quality. Answer: No

5) Phrase A is no_evident_not_helpful_staff. Phrase B is not_kind_staff.
   → ""Not kind"" is a distinct complaint (attitude) from ""not helpful"" (competence/assistance) —
     it does not itself prove staff were unhelpful. Answer: No

OUTPUT FORMAT: Respond with exactly one word, ""Yes"" or ""No"". No explanation, no punctuation.

NOW DECIDE:
Phrase A is no_evident_not_staff_aware_late_arraival. Phrase B is staff_take_picture_of_passport.
Answer:
",No.
2026-08-10 23:07:13,3,97,no_evident_not_staff_make_late_check-in_simple,no_one_give_key_on_late_check-in,"You are checking arguments in an ABA (Assumption-Based Argumentation) framework built from hotel review mining.

BACKGROUND:
Phrase A is always an auto-derived ""Assumption"" — it defends a claim by asserting no counter-evidence
exists. It has one of two forms:
- ""no_evident_not_X"" → defends that X IS true (assumes no evidence proves X false)
- ""have_evident_no_Y"" → defends that Y IS absent (assumes there IS evidence Y is missing)

Phrase B is a candidate ""Proposition"" — a separate fact mined from another part of the review data.

TASK: Decide whether Phrase B is CONTRARY to Phrase A — meaning: if Phrase B is true, does it act as
the counter-evidence that breaks Phrase A's assumption?

RULES (apply in order):
1. Strip the ""no_evident_not_"" or ""have_evident_"" prefix from Phrase A to recover the underlying claim.
2. Ask: does Phrase B describe a concrete fact that, if true, disproves that claim?
3. Phrase B must be about the SAME specific situation as the claim, not merely the same general topic.
   A different specific complaint about the same topic is usually NOT contrary.
4. Do not judge by shared keywords (e.g. both containing ""not"" or ""no"") — judge the meaning.
5. If B provides real counter-evidence against A's claim → Yes. Otherwise → No.

CONTRASTIVE EXAMPLES:

1) Phrase A is no_evident_not_easy_check-in. Phrase B is customer_wait_10_minute_for_greet.
   → Waiting 10 minutes to be greeted is direct evidence check-in was NOT easy. Answer: Yes

2) Phrase A is no_evident_not_easy_check-in. Phrase B is no_one_give_key_on_late_check-in.
   → This is about late check-in key handover, a different specific issue than check-in being easy. Answer: No

3) Phrase A is no_evident_not_great_quality. Phrase B is shampoo_seem_cheap_considering_hotel_cost.
   → Cheap-feeling shampoo for the price directly undercuts the ""great quality"" claim. Answer: Yes

4) Phrase A is no_evident_not_great_quality. Phrase B is expensive_hotel.
   → ""Expensive"" is a price complaint, not evidence about quality. Answer: No

5) Phrase A is no_evident_not_helpful_staff. Phrase B is not_kind_staff.
   → ""Not kind"" is a distinct complaint (attitude) from ""not helpful"" (competence/assistance) —
     it does not itself prove staff were unhelpful. Answer: No

OUTPUT FORMAT: Respond with exactly one word, ""Yes"" or ""No"". No explanation, no punctuation.

NOW DECIDE:
Phrase A is no_evident_not_staff_make_late_check-in_simple. Phrase B is no_one_give_key_on_late_check-in.
Answer:
",Yes
2026-08-10 23:07:13,3,98,no_evident_not_staff_make_late_check-in_simple,door_lock_on_late_check-in,"You are checking arguments in an ABA (Assumption-Based Argumentation) framework built from hotel review mining.

BACKGROUND:
Phrase A is always an auto-derived ""Assumption"" — it defends a claim by asserting no counter-evidence
exists. It has one of two forms:
- ""no_evident_not_X"" → defends that X IS true (assumes no evidence proves X false)
- ""have_evident_no_Y"" → defends that Y IS absent (assumes there IS evidence Y is missing)

Phrase B is a candidate ""Proposition"" — a separate fact mined from another part of the review data.

TASK: Decide whether Phrase B is CONTRARY to Phrase A — meaning: if Phrase B is true, does it act as
the counter-evidence that breaks Phrase A's assumption?

RULES (apply in order):
1. Strip the ""no_evident_not_"" or ""have_evident_"" prefix from Phrase A to recover the underlying claim.
2. Ask: does Phrase B describe a concrete fact that, if true, disproves that claim?
3. Phrase B must be about the SAME specific situation as the claim, not merely the same general topic.
   A different specific complaint about the same topic is usually NOT contrary.
4. Do not judge by shared keywords (e.g. both containing ""not"" or ""no"") — judge the meaning.
5. If B provides real counter-evidence against A's claim → Yes. Otherwise → No.

CONTRASTIVE EXAMPLES:

1) Phrase A is no_evident_not_easy_check-in. Phrase B is customer_wait_10_minute_for_greet.
   → Waiting 10 minutes to be greeted is direct evidence check-in was NOT easy. Answer: Yes

2) Phrase A is no_evident_not_easy_check-in. Phrase B is no_one_give_key_on_late_check-in.
   → This is about late check-in key handover, a different specific issue than check-in being easy. Answer: No

3) Phrase A is no_evident_not_great_quality. Phrase B is shampoo_seem_cheap_considering_hotel_cost.
   → Cheap-feeling shampoo for the price directly undercuts the ""great quality"" claim. Answer: Yes

4) Phrase A is no_evident_not_great_quality. Phrase B is expensive_hotel.
   → ""Expensive"" is a price complaint, not evidence about quality. Answer: No

5) Phrase A is no_evident_not_helpful_staff. Phrase B is not_kind_staff.
   → ""Not kind"" is a distinct complaint (attitude) from ""not helpful"" (competence/assistance) —
     it does not itself prove staff were unhelpful. Answer: No

OUTPUT FORMAT: Respond with exactly one word, ""Yes"" or ""No"". No explanation, no punctuation.

NOW DECIDE:
Phrase A is no_evident_not_staff_make_late_check-in_simple. Phrase B is door_lock_on_late_check-in.
Answer:
",Yes
2026-08-10 23:07:13,3,99,no_evident_not_staff_make_late_check-in_simple,customer_wait_10_minute_for_greet,"You are checking arguments in an ABA (Assumption-Based Argumentation) framework built from hotel review mining.

BACKGROUND:
Phrase A is always an auto-derived ""Assumption"" — it defends a claim by asserting no counter-evidence
exists. It has one of two forms:
- ""no_evident_not_X"" → defends that X IS true (assumes no evidence proves X false)
- ""have_evident_no_Y"" → defends that Y IS absent (assumes there IS evidence Y is missing)

Phrase B is a candidate ""Proposition"" — a separate fact mined from another part of the review data.

TASK: Decide whether Phrase B is CONTRARY to Phrase A — meaning: if Phrase B is true, does it act as
the counter-evidence that breaks Phrase A's assumption?

RULES (apply in order):
1. Strip the ""no_evident_not_"" or ""have_evident_"" prefix from Phrase A to recover the underlying claim.
2. Ask: does Phrase B describe a concrete fact that, if true, disproves that claim?
3. Phrase B must be about the SAME specific situation as the claim, not merely the same general topic.
   A different specific complaint about the same topic is usually NOT contrary.
4. Do not judge by shared keywords (e.g. both containing ""not"" or ""no"") — judge the meaning.
5. If B provides real counter-evidence against A's claim → Yes. Otherwise → No.

CONTRASTIVE EXAMPLES:

1) Phrase A is no_evident_not_easy_check-in. Phrase B is customer_wait_10_minute_for_greet.
   → Waiting 10 minutes to be greeted is direct evidence check-in was NOT easy. Answer: Yes

2) Phrase A is no_evident_not_easy_check-in. Phrase B is no_one_give_key_on_late_check-in.
   → This is about late check-in key handover, a different specific issue than check-in being easy. Answer: No

3) Phrase A is no_evident_not_great_quality. Phrase B is shampoo_seem_cheap_considering_hotel_cost.
   → Cheap-feeling shampoo for the price directly undercuts the ""great quality"" claim. Answer: Yes

4) Phrase A is no_evident_not_great_quality. Phrase B is expensive_hotel.
   → ""Expensive"" is a price complaint, not evidence about quality. Answer: No

5) Phrase A is no_evident_not_helpful_staff. Phrase B is not_kind_staff.
   → ""Not kind"" is a distinct complaint (attitude) from ""not helpful"" (competence/assistance) —
     it does not itself prove staff were unhelpful. Answer: No

OUTPUT FORMAT: Respond with exactly one word, ""Yes"" or ""No"". No explanation, no punctuation.

NOW DECIDE:
Phrase A is no_evident_not_staff_make_late_check-in_simple. Phrase B is customer_wait_10_minute_for_greet.
Answer:
",Yes
2026-08-10 23:07:13,3,100,no_evident_not_staff_make_late_check-in_simple,customer_wait_10_minute_for_check-in,"You are checking arguments in an ABA (Assumption-Based Argumentation) framework built from hotel review mining.

BACKGROUND:
Phrase A is always an auto-derived ""Assumption"" — it defends a claim by asserting no counter-evidence
exists. It has one of two forms:
- ""no_evident_not_X"" → defends that X IS true (assumes no evidence proves X false)
- ""have_evident_no_Y"" → defends that Y IS absent (assumes there IS evidence Y is missing)

Phrase B is a candidate ""Proposition"" — a separate fact mined from another part of the review data.

TASK: Decide whether Phrase B is CONTRARY to Phrase A — meaning: if Phrase B is true, does it act as
the counter-evidence that breaks Phrase A's assumption?

RULES (apply in order):
1. Strip the ""no_evident_not_"" or ""have_evident_"" prefix from Phrase A to recover the underlying claim.
2. Ask: does Phrase B describe a concrete fact that, if true, disproves that claim?
3. Phrase B must be about the SAME specific situation as the claim, not merely the same general topic.
   A different specific complaint about the same topic is usually NOT contrary.
4. Do not judge by shared keywords (e.g. both containing ""not"" or ""no"") — judge the meaning.
5. If B provides real counter-evidence against A's claim → Yes. Otherwise → No.

CONTRASTIVE EXAMPLES:

1) Phrase A is no_evident_not_easy_check-in. Phrase B is customer_wait_10_minute_for_greet.
   → Waiting 10 minutes to be greeted is direct evidence check-in was NOT easy. Answer: Yes

2) Phrase A is no_evident_not_easy_check-in. Phrase B is no_one_give_key_on_late_check-in.
   → This is about late check-in key handover, a different specific issue than check-in being easy. Answer: No

3) Phrase A is no_evident_not_great_quality. Phrase B is shampoo_seem_cheap_considering_hotel_cost.
   → Cheap-feeling shampoo for the price directly undercuts the ""great quality"" claim. Answer: Yes

4) Phrase A is no_evident_not_great_quality. Phrase B is expensive_hotel.
   → ""Expensive"" is a price complaint, not evidence about quality. Answer: No

5) Phrase A is no_evident_not_helpful_staff. Phrase B is not_kind_staff.
   → ""Not kind"" is a distinct complaint (attitude) from ""not helpful"" (competence/assistance) —
     it does not itself prove staff were unhelpful. Answer: No

OUTPUT FORMAT: Respond with exactly one word, ""Yes"" or ""No"". No explanation, no punctuation.

NOW DECIDE:
Phrase A is no_evident_not_staff_make_late_check-in_simple. Phrase B is customer_wait_10_minute_for_check-in.
Answer:
",No.
2026-08-10 23:07:13,3,101,no_evident_not_staff_make_late_check-in_simple,staff_misunderstand_on_payment,"You are checking arguments in an ABA (Assumption-Based Argumentation) framework built from hotel review mining.

BACKGROUND:
Phrase A is always an auto-derived ""Assumption"" — it defends a claim by asserting no counter-evidence
exists. It has one of two forms:
- ""no_evident_not_X"" → defends that X IS true (assumes no evidence proves X false)
- ""have_evident_no_Y"" → defends that Y IS absent (assumes there IS evidence Y is missing)

Phrase B is a candidate ""Proposition"" — a separate fact mined from another part of the review data.

TASK: Decide whether Phrase B is CONTRARY to Phrase A — meaning: if Phrase B is true, does it act as
the counter-evidence that breaks Phrase A's assumption?

RULES (apply in order):
1. Strip the ""no_evident_not_"" or ""have_evident_"" prefix from Phrase A to recover the underlying claim.
2. Ask: does Phrase B describe a concrete fact that, if true, disproves that claim?
3. Phrase B must be about the SAME specific situation as the claim, not merely the same general topic.
   A different specific complaint about the same topic is usually NOT contrary.
4. Do not judge by shared keywords (e.g. both containing ""not"" or ""no"") — judge the meaning.
5. If B provides real counter-evidence against A's claim → Yes. Otherwise → No.

CONTRASTIVE EXAMPLES:

1) Phrase A is no_evident_not_easy_check-in. Phrase B is customer_wait_10_minute_for_greet.
   → Waiting 10 minutes to be greeted is direct evidence check-in was NOT easy. Answer: Yes

2) Phrase A is no_evident_not_easy_check-in. Phrase B is no_one_give_key_on_late_check-in.
   → This is about late check-in key handover, a different specific issue than check-in being easy. Answer: No

3) Phrase A is no_evident_not_great_quality. Phrase B is shampoo_seem_cheap_considering_hotel_cost.
   → Cheap-feeling shampoo for the price directly undercuts the ""great quality"" claim. Answer: Yes

4) Phrase A is no_evident_not_great_quality. Phrase B is expensive_hotel.
   → ""Expensive"" is a price complaint, not evidence about quality. Answer: No

5) Phrase A is no_evident_not_helpful_staff. Phrase B is not_kind_staff.
   → ""Not kind"" is a distinct complaint (attitude) from ""not helpful"" (competence/assistance) —
     it does not itself prove staff were unhelpful. Answer: No

OUTPUT FORMAT: Respond with exactly one word, ""Yes"" or ""No"". No explanation, no punctuation.

NOW DECIDE:
Phrase A is no_evident_not_staff_make_late_check-in_simple. Phrase B is staff_misunderstand_on_payment.
Answer:
",Yes
2026-08-10 23:07:13,3,102,no_evident_not_staff_make_late_check-in_simple,staff_take_picture_of_passport,"You are checking arguments in an ABA (Assumption-Based Argumentation) framework built from hotel review mining.

BACKGROUND:
Phrase A is always an auto-derived ""Assumption"" — it defends a claim by asserting no counter-evidence
exists. It has one of two forms:
- ""no_evident_not_X"" → defends that X IS true (assumes no evidence proves X false)
- ""have_evident_no_Y"" → defends that Y IS absent (assumes there IS evidence Y is missing)

Phrase B is a candidate ""Proposition"" — a separate fact mined from another part of the review data.

TASK: Decide whether Phrase B is CONTRARY to Phrase A — meaning: if Phrase B is true, does it act as
the counter-evidence that breaks Phrase A's assumption?

RULES (apply in order):
1. Strip the ""no_evident_not_"" or ""have_evident_"" prefix from Phrase A to recover the underlying claim.
2. Ask: does Phrase B describe a concrete fact that, if true, disproves that claim?
3. Phrase B must be about the SAME specific situation as the claim, not merely the same general topic.
   A different specific complaint about the same topic is usually NOT contrary.
4. Do not judge by shared keywords (e.g. both containing ""not"" or ""no"") — judge the meaning.
5. If B provides real counter-evidence against A's claim → Yes. Otherwise → No.

CONTRASTIVE EXAMPLES:

1) Phrase A is no_evident_not_easy_check-in. Phrase B is customer_wait_10_minute_for_greet.
   → Waiting 10 minutes to be greeted is direct evidence check-in was NOT easy. Answer: Yes

2) Phrase A is no_evident_not_easy_check-in. Phrase B is no_one_give_key_on_late_check-in.
   → This is about late check-in key handover, a different specific issue than check-in being easy. Answer: No

3) Phrase A is no_evident_not_great_quality. Phrase B is shampoo_seem_cheap_considering_hotel_cost.
   → Cheap-feeling shampoo for the price directly undercuts the ""great quality"" claim. Answer: Yes

4) Phrase A is no_evident_not_great_quality. Phrase B is expensive_hotel.
   → ""Expensive"" is a price complaint, not evidence about quality. Answer: No

5) Phrase A is no_evident_not_helpful_staff. Phrase B is not_kind_staff.
   → ""Not kind"" is a distinct complaint (attitude) from ""not helpful"" (competence/assistance) —
     it does not itself prove staff were unhelpful. Answer: No

OUTPUT FORMAT: Respond with exactly one word, ""Yes"" or ""No"". No explanation, no punctuation.

NOW DECIDE:
Phrase A is no_evident_not_staff_make_late_check-in_simple. Phrase B is staff_take_picture_of_passport.
Answer:
",No.
2026-08-10 23:07:13,3,103,no_evident_not_got_self_check-in_instruction_on_late_arrival,no_one_give_key_on_late_check-in,"You are checking arguments in an ABA (Assumption-Based Argumentation) framework built from hotel review mining.

BACKGROUND:
Phrase A is always an auto-derived ""Assumption"" — it defends a claim by asserting no counter-evidence
exists. It has one of two forms:
- ""no_evident_not_X"" → defends that X IS true (assumes no evidence proves X false)
- ""have_evident_no_Y"" → defends that Y IS absent (assumes there IS evidence Y is missing)

Phrase B is a candidate ""Proposition"" — a separate fact mined from another part of the review data.

TASK: Decide whether Phrase B is CONTRARY to Phrase A — meaning: if Phrase B is true, does it act as
the counter-evidence that breaks Phrase A's assumption?

RULES (apply in order):
1. Strip the ""no_evident_not_"" or ""have_evident_"" prefix from Phrase A to recover the underlying claim.
2. Ask: does Phrase B describe a concrete fact that, if true, disproves that claim?
3. Phrase B must be about the SAME specific situation as the claim, not merely the same general topic.
   A different specific complaint about the same topic is usually NOT contrary.
4. Do not judge by shared keywords (e.g. both containing ""not"" or ""no"") — judge the meaning.
5. If B provides real counter-evidence against A's claim → Yes. Otherwise → No.

CONTRASTIVE EXAMPLES:

1) Phrase A is no_evident_not_easy_check-in. Phrase B is customer_wait_10_minute_for_greet.
   → Waiting 10 minutes to be greeted is direct evidence check-in was NOT easy. Answer: Yes

2) Phrase A is no_evident_not_easy_check-in. Phrase B is no_one_give_key_on_late_check-in.
   → This is about late check-in key handover, a different specific issue than check-in being easy. Answer: No

3) Phrase A is no_evident_not_great_quality. Phrase B is shampoo_seem_cheap_considering_hotel_cost.
   → Cheap-feeling shampoo for the price directly undercuts the ""great quality"" claim. Answer: Yes

4) Phrase A is no_evident_not_great_quality. Phrase B is expensive_hotel.
   → ""Expensive"" is a price complaint, not evidence about quality. Answer: No

5) Phrase A is no_evident_not_helpful_staff. Phrase B is not_kind_staff.
   → ""Not kind"" is a distinct complaint (attitude) from ""not helpful"" (competence/assistance) —
     it does not itself prove staff were unhelpful. Answer: No

OUTPUT FORMAT: Respond with exactly one word, ""Yes"" or ""No"". No explanation, no punctuation.

NOW DECIDE:
Phrase A is no_evident_not_got_self_check-in_instruction_on_late_arrival. Phrase B is no_one_give_key_on_late_check-in.
Answer:
",Yes
2026-08-10 23:07:13,3,104,no_evident_not_got_self_check-in_instruction_on_late_arrival,door_lock_on_late_check-in,"You are checking arguments in an ABA (Assumption-Based Argumentation) framework built from hotel review mining.

BACKGROUND:
Phrase A is always an auto-derived ""Assumption"" — it defends a claim by asserting no counter-evidence
exists. It has one of two forms:
- ""no_evident_not_X"" → defends that X IS true (assumes no evidence proves X false)
- ""have_evident_no_Y"" → defends that Y IS absent (assumes there IS evidence Y is missing)

Phrase B is a candidate ""Proposition"" — a separate fact mined from another part of the review data.

TASK: Decide whether Phrase B is CONTRARY to Phrase A — meaning: if Phrase B is true, does it act as
the counter-evidence that breaks Phrase A's assumption?

RULES (apply in order):
1. Strip the ""no_evident_not_"" or ""have_evident_"" prefix from Phrase A to recover the underlying claim.
2. Ask: does Phrase B describe a concrete fact that, if true, disproves that claim?
3. Phrase B must be about the SAME specific situation as the claim, not merely the same general topic.
   A different specific complaint about the same topic is usually NOT contrary.
4. Do not judge by shared keywords (e.g. both containing ""not"" or ""no"") — judge the meaning.
5. If B provides real counter-evidence against A's claim → Yes. Otherwise → No.

CONTRASTIVE EXAMPLES:

1) Phrase A is no_evident_not_easy_check-in. Phrase B is customer_wait_10_minute_for_greet.
   → Waiting 10 minutes to be greeted is direct evidence check-in was NOT easy. Answer: Yes

2) Phrase A is no_evident_not_easy_check-in. Phrase B is no_one_give_key_on_late_check-in.
   → This is about late check-in key handover, a different specific issue than check-in being easy. Answer: No

3) Phrase A is no_evident_not_great_quality. Phrase B is shampoo_seem_cheap_considering_hotel_cost.
   → Cheap-feeling shampoo for the price directly undercuts the ""great quality"" claim. Answer: Yes

4) Phrase A is no_evident_not_great_quality. Phrase B is expensive_hotel.
   → ""Expensive"" is a price complaint, not evidence about quality. Answer: No

5) Phrase A is no_evident_not_helpful_staff. Phrase B is not_kind_staff.
   → ""Not kind"" is a distinct complaint (attitude) from ""not helpful"" (competence/assistance) —
     it does not itself prove staff were unhelpful. Answer: No

OUTPUT FORMAT: Respond with exactly one word, ""Yes"" or ""No"". No explanation, no punctuation.

NOW DECIDE:
Phrase A is no_evident_not_got_self_check-in_instruction_on_late_arrival. Phrase B is door_lock_on_late_check-in.
Answer:
",Yes
2026-08-10 23:07:14,3,105,no_evident_not_got_self_check-in_instruction_on_late_arrival,customer_wait_10_minute_for_greet,"You are checking arguments in an ABA (Assumption-Based Argumentation) framework built from hotel review mining.

BACKGROUND:
Phrase A is always an auto-derived ""Assumption"" — it defends a claim by asserting no counter-evidence
exists. It has one of two forms:
- ""no_evident_not_X"" → defends that X IS true (assumes no evidence proves X false)
- ""have_evident_no_Y"" → defends that Y IS absent (assumes there IS evidence Y is missing)

Phrase B is a candidate ""Proposition"" — a separate fact mined from another part of the review data.

TASK: Decide whether Phrase B is CONTRARY to Phrase A — meaning: if Phrase B is true, does it act as
the counter-evidence that breaks Phrase A's assumption?

RULES (apply in order):
1. Strip the ""no_evident_not_"" or ""have_evident_"" prefix from Phrase A to recover the underlying claim.
2. Ask: does Phrase B describe a concrete fact that, if true, disproves that claim?
3. Phrase B must be about the SAME specific situation as the claim, not merely the same general topic.
   A different specific complaint about the same topic is usually NOT contrary.
4. Do not judge by shared keywords (e.g. both containing ""not"" or ""no"") — judge the meaning.
5. If B provides real counter-evidence against A's claim → Yes. Otherwise → No.

CONTRASTIVE EXAMPLES:

1) Phrase A is no_evident_not_easy_check-in. Phrase B is customer_wait_10_minute_for_greet.
   → Waiting 10 minutes to be greeted is direct evidence check-in was NOT easy. Answer: Yes

2) Phrase A is no_evident_not_easy_check-in. Phrase B is no_one_give_key_on_late_check-in.
   → This is about late check-in key handover, a different specific issue than check-in being easy. Answer: No

3) Phrase A is no_evident_not_great_quality. Phrase B is shampoo_seem_cheap_considering_hotel_cost.
   → Cheap-feeling shampoo for the price directly undercuts the ""great quality"" claim. Answer: Yes

4) Phrase A is no_evident_not_great_quality. Phrase B is expensive_hotel.
   → ""Expensive"" is a price complaint, not evidence about quality. Answer: No

5) Phrase A is no_evident_not_helpful_staff. Phrase B is not_kind_staff.
   → ""Not kind"" is a distinct complaint (attitude) from ""not helpful"" (competence/assistance) —
     it does not itself prove staff were unhelpful. Answer: No

OUTPUT FORMAT: Respond with exactly one word, ""Yes"" or ""No"". No explanation, no punctuation.

NOW DECIDE:
Phrase A is no_evident_not_got_self_check-in_instruction_on_late_arrival. Phrase B is customer_wait_10_minute_for_greet.
Answer:
",Yes
2026-08-10 23:07:14,3,106,no_evident_not_got_self_check-in_instruction_on_late_arrival,customer_wait_10_minute_for_check-in,"You are checking arguments in an ABA (Assumption-Based Argumentation) framework built from hotel review mining.

BACKGROUND:
Phrase A is always an auto-derived ""Assumption"" — it defends a claim by asserting no counter-evidence
exists. It has one of two forms:
- ""no_evident_not_X"" → defends that X IS true (assumes no evidence proves X false)
- ""have_evident_no_Y"" → defends that Y IS absent (assumes there IS evidence Y is missing)

Phrase B is a candidate ""Proposition"" — a separate fact mined from another part of the review data.

TASK: Decide whether Phrase B is CONTRARY to Phrase A — meaning: if Phrase B is true, does it act as
the counter-evidence that breaks Phrase A's assumption?

RULES (apply in order):
1. Strip the ""no_evident_not_"" or ""have_evident_"" prefix from Phrase A to recover the underlying claim.
2. Ask: does Phrase B describe a concrete fact that, if true, disproves that claim?
3. Phrase B must be about the SAME specific situation as the claim, not merely the same general topic.
   A different specific complaint about the same topic is usually NOT contrary.
4. Do not judge by shared keywords (e.g. both containing ""not"" or ""no"") — judge the meaning.
5. If B provides real counter-evidence against A's claim → Yes. Otherwise → No.

CONTRASTIVE EXAMPLES:

1) Phrase A is no_evident_not_easy_check-in. Phrase B is customer_wait_10_minute_for_greet.
   → Waiting 10 minutes to be greeted is direct evidence check-in was NOT easy. Answer: Yes

2) Phrase A is no_evident_not_easy_check-in. Phrase B is no_one_give_key_on_late_check-in.
   → This is about late check-in key handover, a different specific issue than check-in being easy. Answer: No

3) Phrase A is no_evident_not_great_quality. Phrase B is shampoo_seem_cheap_considering_hotel_cost.
   → Cheap-feeling shampoo for the price directly undercuts the ""great quality"" claim. Answer: Yes

4) Phrase A is no_evident_not_great_quality. Phrase B is expensive_hotel.
   → ""Expensive"" is a price complaint, not evidence about quality. Answer: No

5) Phrase A is no_evident_not_helpful_staff. Phrase B is not_kind_staff.
   → ""Not kind"" is a distinct complaint (attitude) from ""not helpful"" (competence/assistance) —
     it does not itself prove staff were unhelpful. Answer: No

OUTPUT FORMAT: Respond with exactly one word, ""Yes"" or ""No"". No explanation, no punctuation.

NOW DECIDE:
Phrase A is no_evident_not_got_self_check-in_instruction_on_late_arrival. Phrase B is customer_wait_10_minute_for_check-in.
Answer:
",No.
2026-08-10 23:07:14,3,107,no_evident_not_got_self_check-in_instruction_on_late_arrival,staff_misunderstand_on_payment,"You are checking arguments in an ABA (Assumption-Based Argumentation) framework built from hotel review mining.

BACKGROUND:
Phrase A is always an auto-derived ""Assumption"" — it defends a claim by asserting no counter-evidence
exists. It has one of two forms:
- ""no_evident_not_X"" → defends that X IS true (assumes no evidence proves X false)
- ""have_evident_no_Y"" → defends that Y IS absent (assumes there IS evidence Y is missing)

Phrase B is a candidate ""Proposition"" — a separate fact mined from another part of the review data.

TASK: Decide whether Phrase B is CONTRARY to Phrase A — meaning: if Phrase B is true, does it act as
the counter-evidence that breaks Phrase A's assumption?

RULES (apply in order):
1. Strip the ""no_evident_not_"" or ""have_evident_"" prefix from Phrase A to recover the underlying claim.
2. Ask: does Phrase B describe a concrete fact that, if true, disproves that claim?
3. Phrase B must be about the SAME specific situation as the claim, not merely the same general topic.
   A different specific complaint about the same topic is usually NOT contrary.
4. Do not judge by shared keywords (e.g. both containing ""not"" or ""no"") — judge the meaning.
5. If B provides real counter-evidence against A's claim → Yes. Otherwise → No.

CONTRASTIVE EXAMPLES:

1) Phrase A is no_evident_not_easy_check-in. Phrase B is customer_wait_10_minute_for_greet.
   → Waiting 10 minutes to be greeted is direct evidence check-in was NOT easy. Answer: Yes

2) Phrase A is no_evident_not_easy_check-in. Phrase B is no_one_give_key_on_late_check-in.
   → This is about late check-in key handover, a different specific issue than check-in being easy. Answer: No

3) Phrase A is no_evident_not_great_quality. Phrase B is shampoo_seem_cheap_considering_hotel_cost.
   → Cheap-feeling shampoo for the price directly undercuts the ""great quality"" claim. Answer: Yes

4) Phrase A is no_evident_not_great_quality. Phrase B is expensive_hotel.
   → ""Expensive"" is a price complaint, not evidence about quality. Answer: No

5) Phrase A is no_evident_not_helpful_staff. Phrase B is not_kind_staff.
   → ""Not kind"" is a distinct complaint (attitude) from ""not helpful"" (competence/assistance) —
     it does not itself prove staff were unhelpful. Answer: No

OUTPUT FORMAT: Respond with exactly one word, ""Yes"" or ""No"". No explanation, no punctuation.

NOW DECIDE:
Phrase A is no_evident_not_got_self_check-in_instruction_on_late_arrival. Phrase B is staff_misunderstand_on_payment.
Answer:
",No.
2026-08-10 23:07:14,3,108,no_evident_not_got_self_check-in_instruction_on_late_arrival,staff_take_picture_of_passport,"You are checking arguments in an ABA (Assumption-Based Argumentation) framework built from hotel review mining.

BACKGROUND:
Phrase A is always an auto-derived ""Assumption"" — it defends a claim by asserting no counter-evidence
exists. It has one of two forms:
- ""no_evident_not_X"" → defends that X IS true (assumes no evidence proves X false)
- ""have_evident_no_Y"" → defends that Y IS absent (assumes there IS evidence Y is missing)

Phrase B is a candidate ""Proposition"" — a separate fact mined from another part of the review data.

TASK: Decide whether Phrase B is CONTRARY to Phrase A — meaning: if Phrase B is true, does it act as
the counter-evidence that breaks Phrase A's assumption?

RULES (apply in order):
1. Strip the ""no_evident_not_"" or ""have_evident_"" prefix from Phrase A to recover the underlying claim.
2. Ask: does Phrase B describe a concrete fact that, if true, disproves that claim?
3. Phrase B must be about the SAME specific situation as the claim, not merely the same general topic.
   A different specific complaint about the same topic is usually NOT contrary.
4. Do not judge by shared keywords (e.g. both containing ""not"" or ""no"") — judge the meaning.
5. If B provides real counter-evidence against A's claim → Yes. Otherwise → No.

CONTRASTIVE EXAMPLES:

1) Phrase A is no_evident_not_easy_check-in. Phrase B is customer_wait_10_minute_for_greet.
   → Waiting 10 minutes to be greeted is direct evidence check-in was NOT easy. Answer: Yes

2) Phrase A is no_evident_not_easy_check-in. Phrase B is no_one_give_key_on_late_check-in.
   → This is about late check-in key handover, a different specific issue than check-in being easy. Answer: No

3) Phrase A is no_evident_not_great_quality. Phrase B is shampoo_seem_cheap_considering_hotel_cost.
   → Cheap-feeling shampoo for the price directly undercuts the ""great quality"" claim. Answer: Yes

4) Phrase A is no_evident_not_great_quality. Phrase B is expensive_hotel.
   → ""Expensive"" is a price complaint, not evidence about quality. Answer: No

5) Phrase A is no_evident_not_helpful_staff. Phrase B is not_kind_staff.
   → ""Not kind"" is a distinct complaint (attitude) from ""not helpful"" (competence/assistance) —
     it does not itself prove staff were unhelpful. Answer: No

OUTPUT FORMAT: Respond with exactly one word, ""Yes"" or ""No"". No explanation, no punctuation.

NOW DECIDE:
Phrase A is no_evident_not_got_self_check-in_instruction_on_late_arrival. Phrase B is staff_take_picture_of_passport.
Answer:
",No.
2026-08-10 23:07:14,3,109,no_evident_not_staff_allow_early_check-in_in_morning,no_one_give_key_on_late_check-in,"You are checking arguments in an ABA (Assumption-Based Argumentation) framework built from hotel review mining.

BACKGROUND:
Phrase A is always an auto-derived ""Assumption"" — it defends a claim by asserting no counter-evidence
exists. It has one of two forms:
- ""no_evident_not_X"" → defends that X IS true (assumes no evidence proves X false)
- ""have_evident_no_Y"" → defends that Y IS absent (assumes there IS evidence Y is missing)

Phrase B is a candidate ""Proposition"" — a separate fact mined from another part of the review data.

TASK: Decide whether Phrase B is CONTRARY to Phrase A — meaning: if Phrase B is true, does it act as
the counter-evidence that breaks Phrase A's assumption?

RULES (apply in order):
1. Strip the ""no_evident_not_"" or ""have_evident_"" prefix from Phrase A to recover the underlying claim.
2. Ask: does Phrase B describe a concrete fact that, if true, disproves that claim?
3. Phrase B must be about the SAME specific situation as the claim, not merely the same general topic.
   A different specific complaint about the same topic is usually NOT contrary.
4. Do not judge by shared keywords (e.g. both containing ""not"" or ""no"") — judge the meaning.
5. If B provides real counter-evidence against A's claim → Yes. Otherwise → No.

CONTRASTIVE EXAMPLES:

1) Phrase A is no_evident_not_easy_check-in. Phrase B is customer_wait_10_minute_for_greet.
   → Waiting 10 minutes to be greeted is direct evidence check-in was NOT easy. Answer: Yes

2) Phrase A is no_evident_not_easy_check-in. Phrase B is no_one_give_key_on_late_check-in.
   → This is about late check-in key handover, a different specific issue than check-in being easy. Answer: No

3) Phrase A is no_evident_not_great_quality. Phrase B is shampoo_seem_cheap_considering_hotel_cost.
   → Cheap-feeling shampoo for the price directly undercuts the ""great quality"" claim. Answer: Yes

4) Phrase A is no_evident_not_great_quality. Phrase B is expensive_hotel.
   → ""Expensive"" is a price complaint, not evidence about quality. Answer: No

5) Phrase A is no_evident_not_helpful_staff. Phrase B is not_kind_staff.
   → ""Not kind"" is a distinct complaint (attitude) from ""not helpful"" (competence/assistance) —
     it does not itself prove staff were unhelpful. Answer: No

OUTPUT FORMAT: Respond with exactly one word, ""Yes"" or ""No"". No explanation, no punctuation.

NOW DECIDE:
Phrase A is no_evident_not_staff_allow_early_check-in_in_morning. Phrase B is no_one_give_key_on_late_check-in.
Answer:
",Yes
2026-08-10 23:07:14,3,110,no_evident_not_staff_allow_early_check-in_in_morning,door_lock_on_late_check-in,"You are checking arguments in an ABA (Assumption-Based Argumentation) framework built from hotel review mining.

BACKGROUND:
Phrase A is always an auto-derived ""Assumption"" — it defends a claim by asserting no counter-evidence
exists. It has one of two forms:
- ""no_evident_not_X"" → defends that X IS true (assumes no evidence proves X false)
- ""have_evident_no_Y"" → defends that Y IS absent (assumes there IS evidence Y is missing)

Phrase B is a candidate ""Proposition"" — a separate fact mined from another part of the review data.

TASK: Decide whether Phrase B is CONTRARY to Phrase A — meaning: if Phrase B is true, does it act as
the counter-evidence that breaks Phrase A's assumption?

RULES (apply in order):
1. Strip the ""no_evident_not_"" or ""have_evident_"" prefix from Phrase A to recover the underlying claim.
2. Ask: does Phrase B describe a concrete fact that, if true, disproves that claim?
3. Phrase B must be about the SAME specific situation as the claim, not merely the same general topic.
   A different specific complaint about the same topic is usually NOT contrary.
4. Do not judge by shared keywords (e.g. both containing ""not"" or ""no"") — judge the meaning.
5. If B provides real counter-evidence against A's claim → Yes. Otherwise → No.

CONTRASTIVE EXAMPLES:

1) Phrase A is no_evident_not_easy_check-in. Phrase B is customer_wait_10_minute_for_greet.
   → Waiting 10 minutes to be greeted is direct evidence check-in was NOT easy. Answer: Yes

2) Phrase A is no_evident_not_easy_check-in. Phrase B is no_one_give_key_on_late_check-in.
   → This is about late check-in key handover, a different specific issue than check-in being easy. Answer: No

3) Phrase A is no_evident_not_great_quality. Phrase B is shampoo_seem_cheap_considering_hotel_cost.
   → Cheap-feeling shampoo for the price directly undercuts the ""great quality"" claim. Answer: Yes

4) Phrase A is no_evident_not_great_quality. Phrase B is expensive_hotel.
   → ""Expensive"" is a price complaint, not evidence about quality. Answer: No

5) Phrase A is no_evident_not_helpful_staff. Phrase B is not_kind_staff.
   → ""Not kind"" is a distinct complaint (attitude) from ""not helpful"" (competence/assistance) —
     it does not itself prove staff were unhelpful. Answer: No

OUTPUT FORMAT: Respond with exactly one word, ""Yes"" or ""No"". No explanation, no punctuation.

NOW DECIDE:
Phrase A is no_evident_not_staff_allow_early_check-in_in_morning. Phrase B is door_lock_on_late_check-in.
Answer:
",No.
2026-08-10 23:07:14,3,111,no_evident_not_staff_allow_early_check-in_in_morning,customer_wait_10_minute_for_greet,"You are checking arguments in an ABA (Assumption-Based Argumentation) framework built from hotel review mining.

BACKGROUND:
Phrase A is always an auto-derived ""Assumption"" — it defends a claim by asserting no counter-evidence
exists. It has one of two forms:
- ""no_evident_not_X"" → defends that X IS true (assumes no evidence proves X false)
- ""have_evident_no_Y"" → defends that Y IS absent (assumes there IS evidence Y is missing)

Phrase B is a candidate ""Proposition"" — a separate fact mined from another part of the review data.

TASK: Decide whether Phrase B is CONTRARY to Phrase A — meaning: if Phrase B is true, does it act as
the counter-evidence that breaks Phrase A's assumption?

RULES (apply in order):
1. Strip the ""no_evident_not_"" or ""have_evident_"" prefix from Phrase A to recover the underlying claim.
2. Ask: does Phrase B describe a concrete fact that, if true, disproves that claim?
3. Phrase B must be about the SAME specific situation as the claim, not merely the same general topic.
   A different specific complaint about the same topic is usually NOT contrary.
4. Do not judge by shared keywords (e.g. both containing ""not"" or ""no"") — judge the meaning.
5. If B provides real counter-evidence against A's claim → Yes. Otherwise → No.

CONTRASTIVE EXAMPLES:

1) Phrase A is no_evident_not_easy_check-in. Phrase B is customer_wait_10_minute_for_greet.
   → Waiting 10 minutes to be greeted is direct evidence check-in was NOT easy. Answer: Yes

2) Phrase A is no_evident_not_easy_check-in. Phrase B is no_one_give_key_on_late_check-in.
   → This is about late check-in key handover, a different specific issue than check-in being easy. Answer: No

3) Phrase A is no_evident_not_great_quality. Phrase B is shampoo_seem_cheap_considering_hotel_cost.
   → Cheap-feeling shampoo for the price directly undercuts the ""great quality"" claim. Answer: Yes

4) Phrase A is no_evident_not_great_quality. Phrase B is expensive_hotel.
   → ""Expensive"" is a price complaint, not evidence about quality. Answer: No

5) Phrase A is no_evident_not_helpful_staff. Phrase B is not_kind_staff.
   → ""Not kind"" is a distinct complaint (attitude) from ""not helpful"" (competence/assistance) —
     it does not itself prove staff were unhelpful. Answer: No

OUTPUT FORMAT: Respond with exactly one word, ""Yes"" or ""No"". No explanation, no punctuation.

NOW DECIDE:
Phrase A is no_evident_not_staff_allow_early_check-in_in_morning. Phrase B is customer_wait_10_minute_for_greet.
Answer:
",Yes
2026-08-10 23:07:15,3,112,no_evident_not_staff_allow_early_check-in_in_morning,customer_wait_10_minute_for_check-in,"You are checking arguments in an ABA (Assumption-Based Argumentation) framework built from hotel review mining.

BACKGROUND:
Phrase A is always an auto-derived ""Assumption"" — it defends a claim by asserting no counter-evidence
exists. It has one of two forms:
- ""no_evident_not_X"" → defends that X IS true (assumes no evidence proves X false)
- ""have_evident_no_Y"" → defends that Y IS absent (assumes there IS evidence Y is missing)

Phrase B is a candidate ""Proposition"" — a separate fact mined from another part of the review data.

TASK: Decide whether Phrase B is CONTRARY to Phrase A — meaning: if Phrase B is true, does it act as
the counter-evidence that breaks Phrase A's assumption?

RULES (apply in order):
1. Strip the ""no_evident_not_"" or ""have_evident_"" prefix from Phrase A to recover the underlying claim.
2. Ask: does Phrase B describe a concrete fact that, if true, disproves that claim?
3. Phrase B must be about the SAME specific situation as the claim, not merely the same general topic.
   A different specific complaint about the same topic is usually NOT contrary.
4. Do not judge by shared keywords (e.g. both containing ""not"" or ""no"") — judge the meaning.
5. If B provides real counter-evidence against A's claim → Yes. Otherwise → No.

CONTRASTIVE EXAMPLES:

1) Phrase A is no_evident_not_easy_check-in. Phrase B is customer_wait_10_minute_for_greet.
   → Waiting 10 minutes to be greeted is direct evidence check-in was NOT easy. Answer: Yes

2) Phrase A is no_evident_not_easy_check-in. Phrase B is no_one_give_key_on_late_check-in.
   → This is about late check-in key handover, a different specific issue than check-in being easy. Answer: No

3) Phrase A is no_evident_not_great_quality. Phrase B is shampoo_seem_cheap_considering_hotel_cost.
   → Cheap-feeling shampoo for the price directly undercuts the ""great quality"" claim. Answer: Yes

4) Phrase A is no_evident_not_great_quality. Phrase B is expensive_hotel.
   → ""Expensive"" is a price complaint, not evidence about quality. Answer: No

5) Phrase A is no_evident_not_helpful_staff. Phrase B is not_kind_staff.
   → ""Not kind"" is a distinct complaint (attitude) from ""not helpful"" (competence/assistance) —
     it does not itself prove staff were unhelpful. Answer: No

OUTPUT FORMAT: Respond with exactly one word, ""Yes"" or ""No"". No explanation, no punctuation.

NOW DECIDE:
Phrase A is no_evident_not_staff_allow_early_check-in_in_morning. Phrase B is customer_wait_10_minute_for_check-in.
Answer:
",No.
2026-08-10 23:07:15,3,113,no_evident_not_staff_allow_early_check-in_in_morning,staff_misunderstand_on_payment,"You are checking arguments in an ABA (Assumption-Based Argumentation) framework built from hotel review mining.

BACKGROUND:
Phrase A is always an auto-derived ""Assumption"" — it defends a claim by asserting no counter-evidence
exists. It has one of two forms:
- ""no_evident_not_X"" → defends that X IS true (assumes no evidence proves X false)
- ""have_evident_no_Y"" → defends that Y IS absent (assumes there IS evidence Y is missing)

Phrase B is a candidate ""Proposition"" — a separate fact mined from another part of the review data.

TASK: Decide whether Phrase B is CONTRARY to Phrase A — meaning: if Phrase B is true, does it act as
the counter-evidence that breaks Phrase A's assumption?

RULES (apply in order):
1. Strip the ""no_evident_not_"" or ""have_evident_"" prefix from Phrase A to recover the underlying claim.
2. Ask: does Phrase B describe a concrete fact that, if true, disproves that claim?
3. Phrase B must be about the SAME specific situation as the claim, not merely the same general topic.
   A different specific complaint about the same topic is usually NOT contrary.
4. Do not judge by shared keywords (e.g. both containing ""not"" or ""no"") — judge the meaning.
5. If B provides real counter-evidence against A's claim → Yes. Otherwise → No.

CONTRASTIVE EXAMPLES:

1) Phrase A is no_evident_not_easy_check-in. Phrase B is customer_wait_10_minute_for_greet.
   → Waiting 10 minutes to be greeted is direct evidence check-in was NOT easy. Answer: Yes

2) Phrase A is no_evident_not_easy_check-in. Phrase B is no_one_give_key_on_late_check-in.
   → This is about late check-in key handover, a different specific issue than check-in being easy. Answer: No

3) Phrase A is no_evident_not_great_quality. Phrase B is shampoo_seem_cheap_considering_hotel_cost.
   → Cheap-feeling shampoo for the price directly undercuts the ""great quality"" claim. Answer: Yes

4) Phrase A is no_evident_not_great_quality. Phrase B is expensive_hotel.
   → ""Expensive"" is a price complaint, not evidence about quality. Answer: No

5) Phrase A is no_evident_not_helpful_staff. Phrase B is not_kind_staff.
   → ""Not kind"" is a distinct complaint (attitude) from ""not helpful"" (competence/assistance) —
     it does not itself prove staff were unhelpful. Answer: No

OUTPUT FORMAT: Respond with exactly one word, ""Yes"" or ""No"". No explanation, no punctuation.

NOW DECIDE:
Phrase A is no_evident_not_staff_allow_early_check-in_in_morning. Phrase B is staff_misunderstand_on_payment.
Answer:
",No.
2026-08-10 23:07:15,3,114,no_evident_not_staff_allow_early_check-in_in_morning,staff_take_picture_of_passport,"You are checking arguments in an ABA (Assumption-Based Argumentation) framework built from hotel review mining.

BACKGROUND:
Phrase A is always an auto-derived ""Assumption"" — it defends a claim by asserting no counter-evidence
exists. It has one of two forms:
- ""no_evident_not_X"" → defends that X IS true (assumes no evidence proves X false)
- ""have_evident_no_Y"" → defends that Y IS absent (assumes there IS evidence Y is missing)

Phrase B is a candidate ""Proposition"" — a separate fact mined from another part of the review data.

TASK: Decide whether Phrase B is CONTRARY to Phrase A — meaning: if Phrase B is true, does it act as
the counter-evidence that breaks Phrase A's assumption?

RULES (apply in order):
1. Strip the ""no_evident_not_"" or ""have_evident_"" prefix from Phrase A to recover the underlying claim.
2. Ask: does Phrase B describe a concrete fact that, if true, disproves that claim?
3. Phrase B must be about the SAME specific situation as the claim, not merely the same general topic.
   A different specific complaint about the same topic is usually NOT contrary.
4. Do not judge by shared keywords (e.g. both containing ""not"" or ""no"") — judge the meaning.
5. If B provides real counter-evidence against A's claim → Yes. Otherwise → No.

CONTRASTIVE EXAMPLES:

1) Phrase A is no_evident_not_easy_check-in. Phrase B is customer_wait_10_minute_for_greet.
   → Waiting 10 minutes to be greeted is direct evidence check-in was NOT easy. Answer: Yes

2) Phrase A is no_evident_not_easy_check-in. Phrase B is no_one_give_key_on_late_check-in.
   → This is about late check-in key handover, a different specific issue than check-in being easy. Answer: No

3) Phrase A is no_evident_not_great_quality. Phrase B is shampoo_seem_cheap_considering_hotel_cost.
   → Cheap-feeling shampoo for the price directly undercuts the ""great quality"" claim. Answer: Yes

4) Phrase A is no_evident_not_great_quality. Phrase B is expensive_hotel.
   → ""Expensive"" is a price complaint, not evidence about quality. Answer: No

5) Phrase A is no_evident_not_helpful_staff. Phrase B is not_kind_staff.
   → ""Not kind"" is a distinct complaint (attitude) from ""not helpful"" (competence/assistance) —
     it does not itself prove staff were unhelpful. Answer: No

OUTPUT FORMAT: Respond with exactly one word, ""Yes"" or ""No"". No explanation, no punctuation.

NOW DECIDE:
Phrase A is no_evident_not_staff_allow_early_check-in_in_morning. Phrase B is staff_take_picture_of_passport.
Answer:
",No.
2026-08-10 23:07:15,3,115,no_evident_not_late_night_arrival_no_problem,no_one_give_key_on_late_check-in,"You are checking arguments in an ABA (Assumption-Based Argumentation) framework built from hotel review mining.

BACKGROUND:
Phrase A is always an auto-derived ""Assumption"" — it defends a claim by asserting no counter-evidence
exists. It has one of two forms:
- ""no_evident_not_X"" → defends that X IS true (assumes no evidence proves X false)
- ""have_evident_no_Y"" → defends that Y IS absent (assumes there IS evidence Y is missing)

Phrase B is a candidate ""Proposition"" — a separate fact mined from another part of the review data.

TASK: Decide whether Phrase B is CONTRARY to Phrase A — meaning: if Phrase B is true, does it act as
the counter-evidence that breaks Phrase A's assumption?

RULES (apply in order):
1. Strip the ""no_evident_not_"" or ""have_evident_"" prefix from Phrase A to recover the underlying claim.
2. Ask: does Phrase B describe a concrete fact that, if true, disproves that claim?
3. Phrase B must be about the SAME specific situation as the claim, not merely the same general topic.
   A different specific complaint about the same topic is usually NOT contrary.
4. Do not judge by shared keywords (e.g. both containing ""not"" or ""no"") — judge the meaning.
5. If B provides real counter-evidence against A's claim → Yes. Otherwise → No.

CONTRASTIVE EXAMPLES:

1) Phrase A is no_evident_not_easy_check-in. Phrase B is customer_wait_10_minute_for_greet.
   → Waiting 10 minutes to be greeted is direct evidence check-in was NOT easy. Answer: Yes

2) Phrase A is no_evident_not_easy_check-in. Phrase B is no_one_give_key_on_late_check-in.
   → This is about late check-in key handover, a different specific issue than check-in being easy. Answer: No

3) Phrase A is no_evident_not_great_quality. Phrase B is shampoo_seem_cheap_considering_hotel_cost.
   → Cheap-feeling shampoo for the price directly undercuts the ""great quality"" claim. Answer: Yes

4) Phrase A is no_evident_not_great_quality. Phrase B is expensive_hotel.
   → ""Expensive"" is a price complaint, not evidence about quality. Answer: No

5) Phrase A is no_evident_not_helpful_staff. Phrase B is not_kind_staff.
   → ""Not kind"" is a distinct complaint (attitude) from ""not helpful"" (competence/assistance) —
     it does not itself prove staff were unhelpful. Answer: No

OUTPUT FORMAT: Respond with exactly one word, ""Yes"" or ""No"". No explanation, no punctuation.

NOW DECIDE:
Phrase A is no_evident_not_late_night_arrival_no_problem. Phrase B is no_one_give_key_on_late_check-in.
Answer:
",Yes
2026-08-10 23:07:15,3,116,no_evident_not_late_night_arrival_no_problem,door_lock_on_late_check-in,"You are checking arguments in an ABA (Assumption-Based Argumentation) framework built from hotel review mining.

BACKGROUND:
Phrase A is always an auto-derived ""Assumption"" — it defends a claim by asserting no counter-evidence
exists. It has one of two forms:
- ""no_evident_not_X"" → defends that X IS true (assumes no evidence proves X false)
- ""have_evident_no_Y"" → defends that Y IS absent (assumes there IS evidence Y is missing)

Phrase B is a candidate ""Proposition"" — a separate fact mined from another part of the review data.

TASK: Decide whether Phrase B is CONTRARY to Phrase A — meaning: if Phrase B is true, does it act as
the counter-evidence that breaks Phrase A's assumption?

RULES (apply in order):
1. Strip the ""no_evident_not_"" or ""have_evident_"" prefix from Phrase A to recover the underlying claim.
2. Ask: does Phrase B describe a concrete fact that, if true, disproves that claim?
3. Phrase B must be about the SAME specific situation as the claim, not merely the same general topic.
   A different specific complaint about the same topic is usually NOT contrary.
4. Do not judge by shared keywords (e.g. both containing ""not"" or ""no"") — judge the meaning.
5. If B provides real counter-evidence against A's claim → Yes. Otherwise → No.

CONTRASTIVE EXAMPLES:

1) Phrase A is no_evident_not_easy_check-in. Phrase B is customer_wait_10_minute_for_greet.
   → Waiting 10 minutes to be greeted is direct evidence check-in was NOT easy. Answer: Yes

2) Phrase A is no_evident_not_easy_check-in. Phrase B is no_one_give_key_on_late_check-in.
   → This is about late check-in key handover, a different specific issue than check-in being easy. Answer: No

3) Phrase A is no_evident_not_great_quality. Phrase B is shampoo_seem_cheap_considering_hotel_cost.
   → Cheap-feeling shampoo for the price directly undercuts the ""great quality"" claim. Answer: Yes

4) Phrase A is no_evident_not_great_quality. Phrase B is expensive_hotel.
   → ""Expensive"" is a price complaint, not evidence about quality. Answer: No

5) Phrase A is no_evident_not_helpful_staff. Phrase B is not_kind_staff.
   → ""Not kind"" is a distinct complaint (attitude) from ""not helpful"" (competence/assistance) —
     it does not itself prove staff were unhelpful. Answer: No

OUTPUT FORMAT: Respond with exactly one word, ""Yes"" or ""No"". No explanation, no punctuation.

NOW DECIDE:
Phrase A is no_evident_not_late_night_arrival_no_problem. Phrase B is door_lock_on_late_check-in.
Answer:
",Yes
2026-08-10 23:07:15,3,117,no_evident_not_late_night_arrival_no_problem,customer_wait_10_minute_for_greet,"You are checking arguments in an ABA (Assumption-Based Argumentation) framework built from hotel review mining.

BACKGROUND:
Phrase A is always an auto-derived ""Assumption"" — it defends a claim by asserting no counter-evidence
exists. It has one of two forms:
- ""no_evident_not_X"" → defends that X IS true (assumes no evidence proves X false)
- ""have_evident_no_Y"" → defends that Y IS absent (assumes there IS evidence Y is missing)

Phrase B is a candidate ""Proposition"" — a separate fact mined from another part of the review data.

TASK: Decide whether Phrase B is CONTRARY to Phrase A — meaning: if Phrase B is true, does it act as
the counter-evidence that breaks Phrase A's assumption?

RULES (apply in order):
1. Strip the ""no_evident_not_"" or ""have_evident_"" prefix from Phrase A to recover the underlying claim.
2. Ask: does Phrase B describe a concrete fact that, if true, disproves that claim?
3. Phrase B must be about the SAME specific situation as the claim, not merely the same general topic.
   A different specific complaint about the same topic is usually NOT contrary.
4. Do not judge by shared keywords (e.g. both containing ""not"" or ""no"") — judge the meaning.
5. If B provides real counter-evidence against A's claim → Yes. Otherwise → No.

CONTRASTIVE EXAMPLES:

1) Phrase A is no_evident_not_easy_check-in. Phrase B is customer_wait_10_minute_for_greet.
   → Waiting 10 minutes to be greeted is direct evidence check-in was NOT easy. Answer: Yes

2) Phrase A is no_evident_not_easy_check-in. Phrase B is no_one_give_key_on_late_check-in.
   → This is about late check-in key handover, a different specific issue than check-in being easy. Answer: No

3) Phrase A is no_evident_not_great_quality. Phrase B is shampoo_seem_cheap_considering_hotel_cost.
   → Cheap-feeling shampoo for the price directly undercuts the ""great quality"" claim. Answer: Yes

4) Phrase A is no_evident_not_great_quality. Phrase B is expensive_hotel.
   → ""Expensive"" is a price complaint, not evidence about quality. Answer: No

5) Phrase A is no_evident_not_helpful_staff. Phrase B is not_kind_staff.
   → ""Not kind"" is a distinct complaint (attitude) from ""not helpful"" (competence/assistance) —
     it does not itself prove staff were unhelpful. Answer: No

OUTPUT FORMAT: Respond with exactly one word, ""Yes"" or ""No"". No explanation, no punctuation.

NOW DECIDE:
Phrase A is no_evident_not_late_night_arrival_no_problem. Phrase B is customer_wait_10_minute_for_greet.
Answer:
",Yes
2026-08-10 23:07:16,3,118,no_evident_not_late_night_arrival_no_problem,customer_wait_10_minute_for_check-in,"You are checking arguments in an ABA (Assumption-Based Argumentation) framework built from hotel review mining.

BACKGROUND:
Phrase A is always an auto-derived ""Assumption"" — it defends a claim by asserting no counter-evidence
exists. It has one of two forms:
- ""no_evident_not_X"" → defends that X IS true (assumes no evidence proves X false)
- ""have_evident_no_Y"" → defends that Y IS absent (assumes there IS evidence Y is missing)

Phrase B is a candidate ""Proposition"" — a separate fact mined from another part of the review data.

TASK: Decide whether Phrase B is CONTRARY to Phrase A — meaning: if Phrase B is true, does it act as
the counter-evidence that breaks Phrase A's assumption?

RULES (apply in order):
1. Strip the ""no_evident_not_"" or ""have_evident_"" prefix from Phrase A to recover the underlying claim.
2. Ask: does Phrase B describe a concrete fact that, if true, disproves that claim?
3. Phrase B must be about the SAME specific situation as the claim, not merely the same general topic.
   A different specific complaint about the same topic is usually NOT contrary.
4. Do not judge by shared keywords (e.g. both containing ""not"" or ""no"") — judge the meaning.
5. If B provides real counter-evidence against A's claim → Yes. Otherwise → No.

CONTRASTIVE EXAMPLES:

1) Phrase A is no_evident_not_easy_check-in. Phrase B is customer_wait_10_minute_for_greet.
   → Waiting 10 minutes to be greeted is direct evidence check-in was NOT easy. Answer: Yes

2) Phrase A is no_evident_not_easy_check-in. Phrase B is no_one_give_key_on_late_check-in.
   → This is about late check-in key handover, a different specific issue than check-in being easy. Answer: No

3) Phrase A is no_evident_not_great_quality. Phrase B is shampoo_seem_cheap_considering_hotel_cost.
   → Cheap-feeling shampoo for the price directly undercuts the ""great quality"" claim. Answer: Yes

4) Phrase A is no_evident_not_great_quality. Phrase B is expensive_hotel.
   → ""Expensive"" is a price complaint, not evidence about quality. Answer: No

5) Phrase A is no_evident_not_helpful_staff. Phrase B is not_kind_staff.
   → ""Not kind"" is a distinct complaint (attitude) from ""not helpful"" (competence/assistance) —
     it does not itself prove staff were unhelpful. Answer: No

OUTPUT FORMAT: Respond with exactly one word, ""Yes"" or ""No"". No explanation, no punctuation.

NOW DECIDE:
Phrase A is no_evident_not_late_night_arrival_no_problem. Phrase B is customer_wait_10_minute_for_check-in.
Answer:
",No.
2026-08-10 23:07:16,3,119,no_evident_not_late_night_arrival_no_problem,staff_misunderstand_on_payment,"You are checking arguments in an ABA (Assumption-Based Argumentation) framework built from hotel review mining.

BACKGROUND:
Phrase A is always an auto-derived ""Assumption"" — it defends a claim by asserting no counter-evidence
exists. It has one of two forms:
- ""no_evident_not_X"" → defends that X IS true (assumes no evidence proves X false)
- ""have_evident_no_Y"" → defends that Y IS absent (assumes there IS evidence Y is missing)

Phrase B is a candidate ""Proposition"" — a separate fact mined from another part of the review data.

TASK: Decide whether Phrase B is CONTRARY to Phrase A — meaning: if Phrase B is true, does it act as
the counter-evidence that breaks Phrase A's assumption?

RULES (apply in order):
1. Strip the ""no_evident_not_"" or ""have_evident_"" prefix from Phrase A to recover the underlying claim.
2. Ask: does Phrase B describe a concrete fact that, if true, disproves that claim?
3. Phrase B must be about the SAME specific situation as the claim, not merely the same general topic.
   A different specific complaint about the same topic is usually NOT contrary.
4. Do not judge by shared keywords (e.g. both containing ""not"" or ""no"") — judge the meaning.
5. If B provides real counter-evidence against A's claim → Yes. Otherwise → No.

CONTRASTIVE EXAMPLES:

1) Phrase A is no_evident_not_easy_check-in. Phrase B is customer_wait_10_minute_for_greet.
   → Waiting 10 minutes to be greeted is direct evidence check-in was NOT easy. Answer: Yes

2) Phrase A is no_evident_not_easy_check-in. Phrase B is no_one_give_key_on_late_check-in.
   → This is about late check-in key handover, a different specific issue than check-in being easy. Answer: No

3) Phrase A is no_evident_not_great_quality. Phrase B is shampoo_seem_cheap_considering_hotel_cost.
   → Cheap-feeling shampoo for the price directly undercuts the ""great quality"" claim. Answer: Yes

4) Phrase A is no_evident_not_great_quality. Phrase B is expensive_hotel.
   → ""Expensive"" is a price complaint, not evidence about quality. Answer: No

5) Phrase A is no_evident_not_helpful_staff. Phrase B is not_kind_staff.
   → ""Not kind"" is a distinct complaint (attitude) from ""not helpful"" (competence/assistance) —
     it does not itself prove staff were unhelpful. Answer: No

OUTPUT FORMAT: Respond with exactly one word, ""Yes"" or ""No"". No explanation, no punctuation.

NOW DECIDE:
Phrase A is no_evident_not_late_night_arrival_no_problem. Phrase B is staff_misunderstand_on_payment.
Answer:
",No.
2026-08-10 23:07:16,3,120,no_evident_not_late_night_arrival_no_problem,staff_take_picture_of_passport,"You are checking arguments in an ABA (Assumption-Based Argumentation) framework built from hotel review mining.

BACKGROUND:
Phrase A is always an auto-derived ""Assumption"" — it defends a claim by asserting no counter-evidence
exists. It has one of two forms:
- ""no_evident_not_X"" → defends that X IS true (assumes no evidence proves X false)
- ""have_evident_no_Y"" → defends that Y IS absent (assumes there IS evidence Y is missing)

Phrase B is a candidate ""Proposition"" — a separate fact mined from another part of the review data.

TASK: Decide whether Phrase B is CONTRARY to Phrase A — meaning: if Phrase B is true, does it act as
the counter-evidence that breaks Phrase A's assumption?

RULES (apply in order):
1. Strip the ""no_evident_not_"" or ""have_evident_"" prefix from Phrase A to recover the underlying claim.
2. Ask: does Phrase B describe a concrete fact that, if true, disproves that claim?
3. Phrase B must be about the SAME specific situation as the claim, not merely the same general topic.
   A different specific complaint about the same topic is usually NOT contrary.
4. Do not judge by shared keywords (e.g. both containing ""not"" or ""no"") — judge the meaning.
5. If B provides real counter-evidence against A's claim → Yes. Otherwise → No.

CONTRASTIVE EXAMPLES:

1) Phrase A is no_evident_not_easy_check-in. Phrase B is customer_wait_10_minute_for_greet.
   → Waiting 10 minutes to be greeted is direct evidence check-in was NOT easy. Answer: Yes

2) Phrase A is no_evident_not_easy_check-in. Phrase B is no_one_give_key_on_late_check-in.
   → This is about late check-in key handover, a different specific issue than check-in being easy. Answer: No

3) Phrase A is no_evident_not_great_quality. Phrase B is shampoo_seem_cheap_considering_hotel_cost.
   → Cheap-feeling shampoo for the price directly undercuts the ""great quality"" claim. Answer: Yes

4) Phrase A is no_evident_not_great_quality. Phrase B is expensive_hotel.
   → ""Expensive"" is a price complaint, not evidence about quality. Answer: No

5) Phrase A is no_evident_not_helpful_staff. Phrase B is not_kind_staff.
   → ""Not kind"" is a distinct complaint (attitude) from ""not helpful"" (competence/assistance) —
     it does not itself prove staff were unhelpful. Answer: No

OUTPUT FORMAT: Respond with exactly one word, ""Yes"" or ""No"". No explanation, no punctuation.

NOW DECIDE:
Phrase A is no_evident_not_late_night_arrival_no_problem. Phrase B is staff_take_picture_of_passport.
Answer:
",Yes
2026-08-10 23:07:16,3,121,no_evident_not_fast_check-in,no_one_give_key_on_late_check-in,"You are checking arguments in an ABA (Assumption-Based Argumentation) framework built from hotel review mining.

BACKGROUND:
Phrase A is always an auto-derived ""Assumption"" — it defends a claim by asserting no counter-evidence
exists. It has one of two forms:
- ""no_evident_not_X"" → defends that X IS true (assumes no evidence proves X false)
- ""have_evident_no_Y"" → defends that Y IS absent (assumes there IS evidence Y is missing)

Phrase B is a candidate ""Proposition"" — a separate fact mined from another part of the review data.

TASK: Decide whether Phrase B is CONTRARY to Phrase A — meaning: if Phrase B is true, does it act as
the counter-evidence that breaks Phrase A's assumption?

RULES (apply in order):
1. Strip the ""no_evident_not_"" or ""have_evident_"" prefix from Phrase A to recover the underlying claim.
2. Ask: does Phrase B describe a concrete fact that, if true, disproves that claim?
3. Phrase B must be about the SAME specific situation as the claim, not merely the same general topic.
   A different specific complaint about the same topic is usually NOT contrary.
4. Do not judge by shared keywords (e.g. both containing ""not"" or ""no"") — judge the meaning.
5. If B provides real counter-evidence against A's claim → Yes. Otherwise → No.

CONTRASTIVE EXAMPLES:

1) Phrase A is no_evident_not_easy_check-in. Phrase B is customer_wait_10_minute_for_greet.
   → Waiting 10 minutes to be greeted is direct evidence check-in was NOT easy. Answer: Yes

2) Phrase A is no_evident_not_easy_check-in. Phrase B is no_one_give_key_on_late_check-in.
   → This is about late check-in key handover, a different specific issue than check-in being easy. Answer: No

3) Phrase A is no_evident_not_great_quality. Phrase B is shampoo_seem_cheap_considering_hotel_cost.
   → Cheap-feeling shampoo for the price directly undercuts the ""great quality"" claim. Answer: Yes

4) Phrase A is no_evident_not_great_quality. Phrase B is expensive_hotel.
   → ""Expensive"" is a price complaint, not evidence about quality. Answer: No

5) Phrase A is no_evident_not_helpful_staff. Phrase B is not_kind_staff.
   → ""Not kind"" is a distinct complaint (attitude) from ""not helpful"" (competence/assistance) —
     it does not itself prove staff were unhelpful. Answer: No

OUTPUT FORMAT: Respond with exactly one word, ""Yes"" or ""No"". No explanation, no punctuation.

NOW DECIDE:
Phrase A is no_evident_not_fast_check-in. Phrase B is no_one_give_key_on_late_check-in.
Answer:
",No.
2026-08-10 23:07:16,3,122,no_evident_not_fast_check-in,door_lock_on_late_check-in,"You are checking arguments in an ABA (Assumption-Based Argumentation) framework built from hotel review mining.

BACKGROUND:
Phrase A is always an auto-derived ""Assumption"" — it defends a claim by asserting no counter-evidence
exists. It has one of two forms:
- ""no_evident_not_X"" → defends that X IS true (assumes no evidence proves X false)
- ""have_evident_no_Y"" → defends that Y IS absent (assumes there IS evidence Y is missing)

Phrase B is a candidate ""Proposition"" — a separate fact mined from another part of the review data.

TASK: Decide whether Phrase B is CONTRARY to Phrase A — meaning: if Phrase B is true, does it act as
the counter-evidence that breaks Phrase A's assumption?

RULES (apply in order):
1. Strip the ""no_evident_not_"" or ""have_evident_"" prefix from Phrase A to recover the underlying claim.
2. Ask: does Phrase B describe a concrete fact that, if true, disproves that claim?
3. Phrase B must be about the SAME specific situation as the claim, not merely the same general topic.
   A different specific complaint about the same topic is usually NOT contrary.
4. Do not judge by shared keywords (e.g. both containing ""not"" or ""no"") — judge the meaning.
5. If B provides real counter-evidence against A's claim → Yes. Otherwise → No.

CONTRASTIVE EXAMPLES:

1) Phrase A is no_evident_not_easy_check-in. Phrase B is customer_wait_10_minute_for_greet.
   → Waiting 10 minutes to be greeted is direct evidence check-in was NOT easy. Answer: Yes

2) Phrase A is no_evident_not_easy_check-in. Phrase B is no_one_give_key_on_late_check-in.
   → This is about late check-in key handover, a different specific issue than check-in being easy. Answer: No

3) Phrase A is no_evident_not_great_quality. Phrase B is shampoo_seem_cheap_considering_hotel_cost.
   → Cheap-feeling shampoo for the price directly undercuts the ""great quality"" claim. Answer: Yes

4) Phrase A is no_evident_not_great_quality. Phrase B is expensive_hotel.
   → ""Expensive"" is a price complaint, not evidence about quality. Answer: No

5) Phrase A is no_evident_not_helpful_staff. Phrase B is not_kind_staff.
   → ""Not kind"" is a distinct complaint (attitude) from ""not helpful"" (competence/assistance) —
     it does not itself prove staff were unhelpful. Answer: No

OUTPUT FORMAT: Respond with exactly one word, ""Yes"" or ""No"". No explanation, no punctuation.

NOW DECIDE:
Phrase A is no_evident_not_fast_check-in. Phrase B is door_lock_on_late_check-in.
Answer:
",Yes
2026-08-10 23:07:16,3,123,no_evident_not_fast_check-in,customer_wait_10_minute_for_greet,"You are checking arguments in an ABA (Assumption-Based Argumentation) framework built from hotel review mining.

BACKGROUND:
Phrase A is always an auto-derived ""Assumption"" — it defends a claim by asserting no counter-evidence
exists. It has one of two forms:
- ""no_evident_not_X"" → defends that X IS true (assumes no evidence proves X false)
- ""have_evident_no_Y"" → defends that Y IS absent (assumes there IS evidence Y is missing)

Phrase B is a candidate ""Proposition"" — a separate fact mined from another part of the review data.

TASK: Decide whether Phrase B is CONTRARY to Phrase A — meaning: if Phrase B is true, does it act as
the counter-evidence that breaks Phrase A's assumption?

RULES (apply in order):
1. Strip the ""no_evident_not_"" or ""have_evident_"" prefix from Phrase A to recover the underlying claim.
2. Ask: does Phrase B describe a concrete fact that, if true, disproves that claim?
3. Phrase B must be about the SAME specific situation as the claim, not merely the same general topic.
   A different specific complaint about the same topic is usually NOT contrary.
4. Do not judge by shared keywords (e.g. both containing ""not"" or ""no"") — judge the meaning.
5. If B provides real counter-evidence against A's claim → Yes. Otherwise → No.

CONTRASTIVE EXAMPLES:

1) Phrase A is no_evident_not_easy_check-in. Phrase B is customer_wait_10_minute_for_greet.
   → Waiting 10 minutes to be greeted is direct evidence check-in was NOT easy. Answer: Yes

2) Phrase A is no_evident_not_easy_check-in. Phrase B is no_one_give_key_on_late_check-in.
   → This is about late check-in key handover, a different specific issue than check-in being easy. Answer: No

3) Phrase A is no_evident_not_great_quality. Phrase B is shampoo_seem_cheap_considering_hotel_cost.
   → Cheap-feeling shampoo for the price directly undercuts the ""great quality"" claim. Answer: Yes

4) Phrase A is no_evident_not_great_quality. Phrase B is expensive_hotel.
   → ""Expensive"" is a price complaint, not evidence about quality. Answer: No

5) Phrase A is no_evident_not_helpful_staff. Phrase B is not_kind_staff.
   → ""Not kind"" is a distinct complaint (attitude) from ""not helpful"" (competence/assistance) —
     it does not itself prove staff were unhelpful. Answer: No

OUTPUT FORMAT: Respond with exactly one word, ""Yes"" or ""No"". No explanation, no punctuation.

NOW DECIDE:
Phrase A is no_evident_not_fast_check-in. Phrase B is customer_wait_10_minute_for_greet.
Answer:
",Yes
2026-08-10 23:07:17,3,124,no_evident_not_fast_check-in,customer_wait_10_minute_for_check-in,"You are checking arguments in an ABA (Assumption-Based Argumentation) framework built from hotel review mining.

BACKGROUND:
Phrase A is always an auto-derived ""Assumption"" — it defends a claim by asserting no counter-evidence
exists. It has one of two forms:
- ""no_evident_not_X"" → defends that X IS true (assumes no evidence proves X false)
- ""have_evident_no_Y"" → defends that Y IS absent (assumes there IS evidence Y is missing)

Phrase B is a candidate ""Proposition"" — a separate fact mined from another part of the review data.

TASK: Decide whether Phrase B is CONTRARY to Phrase A — meaning: if Phrase B is true, does it act as
the counter-evidence that breaks Phrase A's assumption?

RULES (apply in order):
1. Strip the ""no_evident_not_"" or ""have_evident_"" prefix from Phrase A to recover the underlying claim.
2. Ask: does Phrase B describe a concrete fact that, if true, disproves that claim?
3. Phrase B must be about the SAME specific situation as the claim, not merely the same general topic.
   A different specific complaint about the same topic is usually NOT contrary.
4. Do not judge by shared keywords (e.g. both containing ""not"" or ""no"") — judge the meaning.
5. If B provides real counter-evidence against A's claim → Yes. Otherwise → No.

CONTRASTIVE EXAMPLES:

1) Phrase A is no_evident_not_easy_check-in. Phrase B is customer_wait_10_minute_for_greet.
   → Waiting 10 minutes to be greeted is direct evidence check-in was NOT easy. Answer: Yes

2) Phrase A is no_evident_not_easy_check-in. Phrase B is no_one_give_key_on_late_check-in.
   → This is about late check-in key handover, a different specific issue than check-in being easy. Answer: No

3) Phrase A is no_evident_not_great_quality. Phrase B is shampoo_seem_cheap_considering_hotel_cost.
   → Cheap-feeling shampoo for the price directly undercuts the ""great quality"" claim. Answer: Yes

4) Phrase A is no_evident_not_great_quality. Phrase B is expensive_hotel.
   → ""Expensive"" is a price complaint, not evidence about quality. Answer: No

5) Phrase A is no_evident_not_helpful_staff. Phrase B is not_kind_staff.
   → ""Not kind"" is a distinct complaint (attitude) from ""not helpful"" (competence/assistance) —
     it does not itself prove staff were unhelpful. Answer: No

OUTPUT FORMAT: Respond with exactly one word, ""Yes"" or ""No"". No explanation, no punctuation.

NOW DECIDE:
Phrase A is no_evident_not_fast_check-in. Phrase B is customer_wait_10_minute_for_check-in.
Answer:
",Yes
2026-08-10 23:07:17,3,125,no_evident_not_fast_check-in,staff_misunderstand_on_payment,"You are checking arguments in an ABA (Assumption-Based Argumentation) framework built from hotel review mining.

BACKGROUND:
Phrase A is always an auto-derived ""Assumption"" — it defends a claim by asserting no counter-evidence
exists. It has one of two forms:
- ""no_evident_not_X"" → defends that X IS true (assumes no evidence proves X false)
- ""have_evident_no_Y"" → defends that Y IS absent (assumes there IS evidence Y is missing)

Phrase B is a candidate ""Proposition"" — a separate fact mined from another part of the review data.

TASK: Decide whether Phrase B is CONTRARY to Phrase A — meaning: if Phrase B is true, does it act as
the counter-evidence that breaks Phrase A's assumption?

RULES (apply in order):
1. Strip the ""no_evident_not_"" or ""have_evident_"" prefix from Phrase A to recover the underlying claim.
2. Ask: does Phrase B describe a concrete fact that, if true, disproves that claim?
3. Phrase B must be about the SAME specific situation as the claim, not merely the same general topic.
   A different specific complaint about the same topic is usually NOT contrary.
4. Do not judge by shared keywords (e.g. both containing ""not"" or ""no"") — judge the meaning.
5. If B provides real counter-evidence against A's claim → Yes. Otherwise → No.

CONTRASTIVE EXAMPLES:

1) Phrase A is no_evident_not_easy_check-in. Phrase B is customer_wait_10_minute_for_greet.
   → Waiting 10 minutes to be greeted is direct evidence check-in was NOT easy. Answer: Yes

2) Phrase A is no_evident_not_easy_check-in. Phrase B is no_one_give_key_on_late_check-in.
   → This is about late check-in key handover, a different specific issue than check-in being easy. Answer: No

3) Phrase A is no_evident_not_great_quality. Phrase B is shampoo_seem_cheap_considering_hotel_cost.
   → Cheap-feeling shampoo for the price directly undercuts the ""great quality"" claim. Answer: Yes

4) Phrase A is no_evident_not_great_quality. Phrase B is expensive_hotel.
   → ""Expensive"" is a price complaint, not evidence about quality. Answer: No

5) Phrase A is no_evident_not_helpful_staff. Phrase B is not_kind_staff.
   → ""Not kind"" is a distinct complaint (attitude) from ""not helpful"" (competence/assistance) —
     it does not itself prove staff were unhelpful. Answer: No

OUTPUT FORMAT: Respond with exactly one word, ""Yes"" or ""No"". No explanation, no punctuation.

NOW DECIDE:
Phrase A is no_evident_not_fast_check-in. Phrase B is staff_misunderstand_on_payment.
Answer:
",No.
2026-08-10 23:07:17,3,126,no_evident_not_fast_check-in,staff_take_picture_of_passport,"You are checking arguments in an ABA (Assumption-Based Argumentation) framework built from hotel review mining.

BACKGROUND:
Phrase A is always an auto-derived ""Assumption"" — it defends a claim by asserting no counter-evidence
exists. It has one of two forms:
- ""no_evident_not_X"" → defends that X IS true (assumes no evidence proves X false)
- ""have_evident_no_Y"" → defends that Y IS absent (assumes there IS evidence Y is missing)

Phrase B is a candidate ""Proposition"" — a separate fact mined from another part of the review data.

TASK: Decide whether Phrase B is CONTRARY to Phrase A — meaning: if Phrase B is true, does it act as
the counter-evidence that breaks Phrase A's assumption?

RULES (apply in order):
1. Strip the ""no_evident_not_"" or ""have_evident_"" prefix from Phrase A to recover the underlying claim.
2. Ask: does Phrase B describe a concrete fact that, if true, disproves that claim?
3. Phrase B must be about the SAME specific situation as the claim, not merely the same general topic.
   A different specific complaint about the same topic is usually NOT contrary.
4. Do not judge by shared keywords (e.g. both containing ""not"" or ""no"") — judge the meaning.
5. If B provides real counter-evidence against A's claim → Yes. Otherwise → No.

CONTRASTIVE EXAMPLES:

1) Phrase A is no_evident_not_easy_check-in. Phrase B is customer_wait_10_minute_for_greet.
   → Waiting 10 minutes to be greeted is direct evidence check-in was NOT easy. Answer: Yes

2) Phrase A is no_evident_not_easy_check-in. Phrase B is no_one_give_key_on_late_check-in.
   → This is about late check-in key handover, a different specific issue than check-in being easy. Answer: No

3) Phrase A is no_evident_not_great_quality. Phrase B is shampoo_seem_cheap_considering_hotel_cost.
   → Cheap-feeling shampoo for the price directly undercuts the ""great quality"" claim. Answer: Yes

4) Phrase A is no_evident_not_great_quality. Phrase B is expensive_hotel.
   → ""Expensive"" is a price complaint, not evidence about quality. Answer: No

5) Phrase A is no_evident_not_helpful_staff. Phrase B is not_kind_staff.
   → ""Not kind"" is a distinct complaint (attitude) from ""not helpful"" (competence/assistance) —
     it does not itself prove staff were unhelpful. Answer: No

OUTPUT FORMAT: Respond with exactly one word, ""Yes"" or ""No"". No explanation, no punctuation.

NOW DECIDE:
Phrase A is no_evident_not_fast_check-in. Phrase B is staff_take_picture_of_passport.
Answer:
",No.
2026-08-10 23:07:17,3,127,no_evident_not_quick_check-in_at_night,no_one_give_key_on_late_check-in,"You are checking arguments in an ABA (Assumption-Based Argumentation) framework built from hotel review mining.

BACKGROUND:
Phrase A is always an auto-derived ""Assumption"" — it defends a claim by asserting no counter-evidence
exists. It has one of two forms:
- ""no_evident_not_X"" → defends that X IS true (assumes no evidence proves X false)
- ""have_evident_no_Y"" → defends that Y IS absent (assumes there IS evidence Y is missing)

Phrase B is a candidate ""Proposition"" — a separate fact mined from another part of the review data.

TASK: Decide whether Phrase B is CONTRARY to Phrase A — meaning: if Phrase B is true, does it act as
the counter-evidence that breaks Phrase A's assumption?

RULES (apply in order):
1. Strip the ""no_evident_not_"" or ""have_evident_"" prefix from Phrase A to recover the underlying claim.
2. Ask: does Phrase B describe a concrete fact that, if true, disproves that claim?
3. Phrase B must be about the SAME specific situation as the claim, not merely the same general topic.
   A different specific complaint about the same topic is usually NOT contrary.
4. Do not judge by shared keywords (e.g. both containing ""not"" or ""no"") — judge the meaning.
5. If B provides real counter-evidence against A's claim → Yes. Otherwise → No.

CONTRASTIVE EXAMPLES:

1) Phrase A is no_evident_not_easy_check-in. Phrase B is customer_wait_10_minute_for_greet.
   → Waiting 10 minutes to be greeted is direct evidence check-in was NOT easy. Answer: Yes

2) Phrase A is no_evident_not_easy_check-in. Phrase B is no_one_give_key_on_late_check-in.
   → This is about late check-in key handover, a different specific issue than check-in being easy. Answer: No

3) Phrase A is no_evident_not_great_quality. Phrase B is shampoo_seem_cheap_considering_hotel_cost.
   → Cheap-feeling shampoo for the price directly undercuts the ""great quality"" claim. Answer: Yes

4) Phrase A is no_evident_not_great_quality. Phrase B is expensive_hotel.
   → ""Expensive"" is a price complaint, not evidence about quality. Answer: No

5) Phrase A is no_evident_not_helpful_staff. Phrase B is not_kind_staff.
   → ""Not kind"" is a distinct complaint (attitude) from ""not helpful"" (competence/assistance) —
     it does not itself prove staff were unhelpful. Answer: No

OUTPUT FORMAT: Respond with exactly one word, ""Yes"" or ""No"". No explanation, no punctuation.

NOW DECIDE:
Phrase A is no_evident_not_quick_check-in_at_night. Phrase B is no_one_give_key_on_late_check-in.
Answer:
",Yes
2026-08-10 23:07:17,3,128,no_evident_not_quick_check-in_at_night,door_lock_on_late_check-in,"You are checking arguments in an ABA (Assumption-Based Argumentation) framework built from hotel review mining.

BACKGROUND:
Phrase A is always an auto-derived ""Assumption"" — it defends a claim by asserting no counter-evidence
exists. It has one of two forms:
- ""no_evident_not_X"" → defends that X IS true (assumes no evidence proves X false)
- ""have_evident_no_Y"" → defends that Y IS absent (assumes there IS evidence Y is missing)

Phrase B is a candidate ""Proposition"" — a separate fact mined from another part of the review data.

TASK: Decide whether Phrase B is CONTRARY to Phrase A — meaning: if Phrase B is true, does it act as
the counter-evidence that breaks Phrase A's assumption?

RULES (apply in order):
1. Strip the ""no_evident_not_"" or ""have_evident_"" prefix from Phrase A to recover the underlying claim.
2. Ask: does Phrase B describe a concrete fact that, if true, disproves that claim?
3. Phrase B must be about the SAME specific situation as the claim, not merely the same general topic.
   A different specific complaint about the same topic is usually NOT contrary.
4. Do not judge by shared keywords (e.g. both containing ""not"" or ""no"") — judge the meaning.
5. If B provides real counter-evidence against A's claim → Yes. Otherwise → No.

CONTRASTIVE EXAMPLES:

1) Phrase A is no_evident_not_easy_check-in. Phrase B is customer_wait_10_minute_for_greet.
   → Waiting 10 minutes to be greeted is direct evidence check-in was NOT easy. Answer: Yes

2) Phrase A is no_evident_not_easy_check-in. Phrase B is no_one_give_key_on_late_check-in.
   → This is about late check-in key handover, a different specific issue than check-in being easy. Answer: No

3) Phrase A is no_evident_not_great_quality. Phrase B is shampoo_seem_cheap_considering_hotel_cost.
   → Cheap-feeling shampoo for the price directly undercuts the ""great quality"" claim. Answer: Yes

4) Phrase A is no_evident_not_great_quality. Phrase B is expensive_hotel.
   → ""Expensive"" is a price complaint, not evidence about quality. Answer: No

5) Phrase A is no_evident_not_helpful_staff. Phrase B is not_kind_staff.
   → ""Not kind"" is a distinct complaint (attitude) from ""not helpful"" (competence/assistance) —
     it does not itself prove staff were unhelpful. Answer: No

OUTPUT FORMAT: Respond with exactly one word, ""Yes"" or ""No"". No explanation, no punctuation.

NOW DECIDE:
Phrase A is no_evident_not_quick_check-in_at_night. Phrase B is door_lock_on_late_check-in.
Answer:
",Yes
2026-08-10 23:07:17,3,129,no_evident_not_quick_check-in_at_night,customer_wait_10_minute_for_greet,"You are checking arguments in an ABA (Assumption-Based Argumentation) framework built from hotel review mining.

BACKGROUND:
Phrase A is always an auto-derived ""Assumption"" — it defends a claim by asserting no counter-evidence
exists. It has one of two forms:
- ""no_evident_not_X"" → defends that X IS true (assumes no evidence proves X false)
- ""have_evident_no_Y"" → defends that Y IS absent (assumes there IS evidence Y is missing)

Phrase B is a candidate ""Proposition"" — a separate fact mined from another part of the review data.

TASK: Decide whether Phrase B is CONTRARY to Phrase A — meaning: if Phrase B is true, does it act as
the counter-evidence that breaks Phrase A's assumption?

RULES (apply in order):
1. Strip the ""no_evident_not_"" or ""have_evident_"" prefix from Phrase A to recover the underlying claim.
2. Ask: does Phrase B describe a concrete fact that, if true, disproves that claim?
3. Phrase B must be about the SAME specific situation as the claim, not merely the same general topic.
   A different specific complaint about the same topic is usually NOT contrary.
4. Do not judge by shared keywords (e.g. both containing ""not"" or ""no"") — judge the meaning.
5. If B provides real counter-evidence against A's claim → Yes. Otherwise → No.

CONTRASTIVE EXAMPLES:

1) Phrase A is no_evident_not_easy_check-in. Phrase B is customer_wait_10_minute_for_greet.
   → Waiting 10 minutes to be greeted is direct evidence check-in was NOT easy. Answer: Yes

2) Phrase A is no_evident_not_easy_check-in. Phrase B is no_one_give_key_on_late_check-in.
   → This is about late check-in key handover, a different specific issue than check-in being easy. Answer: No

3) Phrase A is no_evident_not_great_quality. Phrase B is shampoo_seem_cheap_considering_hotel_cost.
   → Cheap-feeling shampoo for the price directly undercuts the ""great quality"" claim. Answer: Yes

4) Phrase A is no_evident_not_great_quality. Phrase B is expensive_hotel.
   → ""Expensive"" is a price complaint, not evidence about quality. Answer: No

5) Phrase A is no_evident_not_helpful_staff. Phrase B is not_kind_staff.
   → ""Not kind"" is a distinct complaint (attitude) from ""not helpful"" (competence/assistance) —
     it does not itself prove staff were unhelpful. Answer: No

OUTPUT FORMAT: Respond with exactly one word, ""Yes"" or ""No"". No explanation, no punctuation.

NOW DECIDE:
Phrase A is no_evident_not_quick_check-in_at_night. Phrase B is customer_wait_10_minute_for_greet.
Answer:
",Yes
2026-08-10 23:07:18,3,130,no_evident_not_quick_check-in_at_night,customer_wait_10_minute_for_check-in,"You are checking arguments in an ABA (Assumption-Based Argumentation) framework built from hotel review mining.

BACKGROUND:
Phrase A is always an auto-derived ""Assumption"" — it defends a claim by asserting no counter-evidence
exists. It has one of two forms:
- ""no_evident_not_X"" → defends that X IS true (assumes no evidence proves X false)
- ""have_evident_no_Y"" → defends that Y IS absent (assumes there IS evidence Y is missing)

Phrase B is a candidate ""Proposition"" — a separate fact mined from another part of the review data.

TASK: Decide whether Phrase B is CONTRARY to Phrase A — meaning: if Phrase B is true, does it act as
the counter-evidence that breaks Phrase A's assumption?

RULES (apply in order):
1. Strip the ""no_evident_not_"" or ""have_evident_"" prefix from Phrase A to recover the underlying claim.
2. Ask: does Phrase B describe a concrete fact that, if true, disproves that claim?
3. Phrase B must be about the SAME specific situation as the claim, not merely the same general topic.
   A different specific complaint about the same topic is usually NOT contrary.
4. Do not judge by shared keywords (e.g. both containing ""not"" or ""no"") — judge the meaning.
5. If B provides real counter-evidence against A's claim → Yes. Otherwise → No.

CONTRASTIVE EXAMPLES:

1) Phrase A is no_evident_not_easy_check-in. Phrase B is customer_wait_10_minute_for_greet.
   → Waiting 10 minutes to be greeted is direct evidence check-in was NOT easy. Answer: Yes

2) Phrase A is no_evident_not_easy_check-in. Phrase B is no_one_give_key_on_late_check-in.
   → This is about late check-in key handover, a different specific issue than check-in being easy. Answer: No

3) Phrase A is no_evident_not_great_quality. Phrase B is shampoo_seem_cheap_considering_hotel_cost.
   → Cheap-feeling shampoo for the price directly undercuts the ""great quality"" claim. Answer: Yes

4) Phrase A is no_evident_not_great_quality. Phrase B is expensive_hotel.
   → ""Expensive"" is a price complaint, not evidence about quality. Answer: No

5) Phrase A is no_evident_not_helpful_staff. Phrase B is not_kind_staff.
   → ""Not kind"" is a distinct complaint (attitude) from ""not helpful"" (competence/assistance) —
     it does not itself prove staff were unhelpful. Answer: No

OUTPUT FORMAT: Respond with exactly one word, ""Yes"" or ""No"". No explanation, no punctuation.

NOW DECIDE:
Phrase A is no_evident_not_quick_check-in_at_night. Phrase B is customer_wait_10_minute_for_check-in.
Answer:
",Yes
2026-08-10 23:07:18,3,131,no_evident_not_quick_check-in_at_night,staff_misunderstand_on_payment,"You are checking arguments in an ABA (Assumption-Based Argumentation) framework built from hotel review mining.

BACKGROUND:
Phrase A is always an auto-derived ""Assumption"" — it defends a claim by asserting no counter-evidence
exists. It has one of two forms:
- ""no_evident_not_X"" → defends that X IS true (assumes no evidence proves X false)
- ""have_evident_no_Y"" → defends that Y IS absent (assumes there IS evidence Y is missing)

Phrase B is a candidate ""Proposition"" — a separate fact mined from another part of the review data.

TASK: Decide whether Phrase B is CONTRARY to Phrase A — meaning: if Phrase B is true, does it act as
the counter-evidence that breaks Phrase A's assumption?

RULES (apply in order):
1. Strip the ""no_evident_not_"" or ""have_evident_"" prefix from Phrase A to recover the underlying claim.
2. Ask: does Phrase B describe a concrete fact that, if true, disproves that claim?
3. Phrase B must be about the SAME specific situation as the claim, not merely the same general topic.
   A different specific complaint about the same topic is usually NOT contrary.
4. Do not judge by shared keywords (e.g. both containing ""not"" or ""no"") — judge the meaning.
5. If B provides real counter-evidence against A's claim → Yes. Otherwise → No.

CONTRASTIVE EXAMPLES:

1) Phrase A is no_evident_not_easy_check-in. Phrase B is customer_wait_10_minute_for_greet.
   → Waiting 10 minutes to be greeted is direct evidence check-in was NOT easy. Answer: Yes

2) Phrase A is no_evident_not_easy_check-in. Phrase B is no_one_give_key_on_late_check-in.
   → This is about late check-in key handover, a different specific issue than check-in being easy. Answer: No

3) Phrase A is no_evident_not_great_quality. Phrase B is shampoo_seem_cheap_considering_hotel_cost.
   → Cheap-feeling shampoo for the price directly undercuts the ""great quality"" claim. Answer: Yes

4) Phrase A is no_evident_not_great_quality. Phrase B is expensive_hotel.
   → ""Expensive"" is a price complaint, not evidence about quality. Answer: No

5) Phrase A is no_evident_not_helpful_staff. Phrase B is not_kind_staff.
   → ""Not kind"" is a distinct complaint (attitude) from ""not helpful"" (competence/assistance) —
     it does not itself prove staff were unhelpful. Answer: No

OUTPUT FORMAT: Respond with exactly one word, ""Yes"" or ""No"". No explanation, no punctuation.

NOW DECIDE:
Phrase A is no_evident_not_quick_check-in_at_night. Phrase B is staff_misunderstand_on_payment.
Answer:
",No.
2026-08-10 23:07:18,3,132,no_evident_not_quick_check-in_at_night,staff_take_picture_of_passport,"You are checking arguments in an ABA (Assumption-Based Argumentation) framework built from hotel review mining.

BACKGROUND:
Phrase A is always an auto-derived ""Assumption"" — it defends a claim by asserting no counter-evidence
exists. It has one of two forms:
- ""no_evident_not_X"" → defends that X IS true (assumes no evidence proves X false)
- ""have_evident_no_Y"" → defends that Y IS absent (assumes there IS evidence Y is missing)

Phrase B is a candidate ""Proposition"" — a separate fact mined from another part of the review data.

TASK: Decide whether Phrase B is CONTRARY to Phrase A — meaning: if Phrase B is true, does it act as
the counter-evidence that breaks Phrase A's assumption?

RULES (apply in order):
1. Strip the ""no_evident_not_"" or ""have_evident_"" prefix from Phrase A to recover the underlying claim.
2. Ask: does Phrase B describe a concrete fact that, if true, disproves that claim?
3. Phrase B must be about the SAME specific situation as the claim, not merely the same general topic.
   A different specific complaint about the same topic is usually NOT contrary.
4. Do not judge by shared keywords (e.g. both containing ""not"" or ""no"") — judge the meaning.
5. If B provides real counter-evidence against A's claim → Yes. Otherwise → No.

CONTRASTIVE EXAMPLES:

1) Phrase A is no_evident_not_easy_check-in. Phrase B is customer_wait_10_minute_for_greet.
   → Waiting 10 minutes to be greeted is direct evidence check-in was NOT easy. Answer: Yes

2) Phrase A is no_evident_not_easy_check-in. Phrase B is no_one_give_key_on_late_check-in.
   → This is about late check-in key handover, a different specific issue than check-in being easy. Answer: No

3) Phrase A is no_evident_not_great_quality. Phrase B is shampoo_seem_cheap_considering_hotel_cost.
   → Cheap-feeling shampoo for the price directly undercuts the ""great quality"" claim. Answer: Yes

4) Phrase A is no_evident_not_great_quality. Phrase B is expensive_hotel.
   → ""Expensive"" is a price complaint, not evidence about quality. Answer: No

5) Phrase A is no_evident_not_helpful_staff. Phrase B is not_kind_staff.
   → ""Not kind"" is a distinct complaint (attitude) from ""not helpful"" (competence/assistance) —
     it does not itself prove staff were unhelpful. Answer: No

OUTPUT FORMAT: Respond with exactly one word, ""Yes"" or ""No"". No explanation, no punctuation.

NOW DECIDE:
Phrase A is no_evident_not_quick_check-in_at_night. Phrase B is staff_take_picture_of_passport.
Answer:
",No.
2026-08-10 23:07:18,3,133,no_evident_not_room_ready_to_check-in_by_12,no_one_give_key_on_late_check-in,"You are checking arguments in an ABA (Assumption-Based Argumentation) framework built from hotel review mining.

BACKGROUND:
Phrase A is always an auto-derived ""Assumption"" — it defends a claim by asserting no counter-evidence
exists. It has one of two forms:
- ""no_evident_not_X"" → defends that X IS true (assumes no evidence proves X false)
- ""have_evident_no_Y"" → defends that Y IS absent (assumes there IS evidence Y is missing)

Phrase B is a candidate ""Proposition"" — a separate fact mined from another part of the review data.

TASK: Decide whether Phrase B is CONTRARY to Phrase A — meaning: if Phrase B is true, does it act as
the counter-evidence that breaks Phrase A's assumption?

RULES (apply in order):
1. Strip the ""no_evident_not_"" or ""have_evident_"" prefix from Phrase A to recover the underlying claim.
2. Ask: does Phrase B describe a concrete fact that, if true, disproves that claim?
3. Phrase B must be about the SAME specific situation as the claim, not merely the same general topic.
   A different specific complaint about the same topic is usually NOT contrary.
4. Do not judge by shared keywords (e.g. both containing ""not"" or ""no"") — judge the meaning.
5. If B provides real counter-evidence against A's claim → Yes. Otherwise → No.

CONTRASTIVE EXAMPLES:

1) Phrase A is no_evident_not_easy_check-in. Phrase B is customer_wait_10_minute_for_greet.
   → Waiting 10 minutes to be greeted is direct evidence check-in was NOT easy. Answer: Yes

2) Phrase A is no_evident_not_easy_check-in. Phrase B is no_one_give_key_on_late_check-in.
   → This is about late check-in key handover, a different specific issue than check-in being easy. Answer: No

3) Phrase A is no_evident_not_great_quality. Phrase B is shampoo_seem_cheap_considering_hotel_cost.
   → Cheap-feeling shampoo for the price directly undercuts the ""great quality"" claim. Answer: Yes

4) Phrase A is no_evident_not_great_quality. Phrase B is expensive_hotel.
   → ""Expensive"" is a price complaint, not evidence about quality. Answer: No

5) Phrase A is no_evident_not_helpful_staff. Phrase B is not_kind_staff.
   → ""Not kind"" is a distinct complaint (attitude) from ""not helpful"" (competence/assistance) —
     it does not itself prove staff were unhelpful. Answer: No

OUTPUT FORMAT: Respond with exactly one word, ""Yes"" or ""No"". No explanation, no punctuation.

NOW DECIDE:
Phrase A is no_evident_not_room_ready_to_check-in_by_12. Phrase B is no_one_give_key_on_late_check-in.
Answer:
",Yes
2026-08-10 23:07:18,3,134,no_evident_not_room_ready_to_check-in_by_12,door_lock_on_late_check-in,"You are checking arguments in an ABA (Assumption-Based Argumentation) framework built from hotel review mining.

BACKGROUND:
Phrase A is always an auto-derived ""Assumption"" — it defends a claim by asserting no counter-evidence
exists. It has one of two forms:
- ""no_evident_not_X"" → defends that X IS true (assumes no evidence proves X false)
- ""have_evident_no_Y"" → defends that Y IS absent (assumes there IS evidence Y is missing)

Phrase B is a candidate ""Proposition"" — a separate fact mined from another part of the review data.

TASK: Decide whether Phrase B is CONTRARY to Phrase A — meaning: if Phrase B is true, does it act as
the counter-evidence that breaks Phrase A's assumption?

RULES (apply in order):
1. Strip the ""no_evident_not_"" or ""have_evident_"" prefix from Phrase A to recover the underlying claim.
2. Ask: does Phrase B describe a concrete fact that, if true, disproves that claim?
3. Phrase B must be about the SAME specific situation as the claim, not merely the same general topic.
   A different specific complaint about the same topic is usually NOT contrary.
4. Do not judge by shared keywords (e.g. both containing ""not"" or ""no"") — judge the meaning.
5. If B provides real counter-evidence against A's claim → Yes. Otherwise → No.

CONTRASTIVE EXAMPLES:

1) Phrase A is no_evident_not_easy_check-in. Phrase B is customer_wait_10_minute_for_greet.
   → Waiting 10 minutes to be greeted is direct evidence check-in was NOT easy. Answer: Yes

2) Phrase A is no_evident_not_easy_check-in. Phrase B is no_one_give_key_on_late_check-in.
   → This is about late check-in key handover, a different specific issue than check-in being easy. Answer: No

3) Phrase A is no_evident_not_great_quality. Phrase B is shampoo_seem_cheap_considering_hotel_cost.
   → Cheap-feeling shampoo for the price directly undercuts the ""great quality"" claim. Answer: Yes

4) Phrase A is no_evident_not_great_quality. Phrase B is expensive_hotel.
   → ""Expensive"" is a price complaint, not evidence about quality. Answer: No

5) Phrase A is no_evident_not_helpful_staff. Phrase B is not_kind_staff.
   → ""Not kind"" is a distinct complaint (attitude) from ""not helpful"" (competence/assistance) —
     it does not itself prove staff were unhelpful. Answer: No

OUTPUT FORMAT: Respond with exactly one word, ""Yes"" or ""No"". No explanation, no punctuation.

NOW DECIDE:
Phrase A is no_evident_not_room_ready_to_check-in_by_12. Phrase B is door_lock_on_late_check-in.
Answer:
",No.
2026-08-10 23:07:18,3,135,no_evident_not_room_ready_to_check-in_by_12,customer_wait_10_minute_for_greet,"You are checking arguments in an ABA (Assumption-Based Argumentation) framework built from hotel review mining.

BACKGROUND:
Phrase A is always an auto-derived ""Assumption"" — it defends a claim by asserting no counter-evidence
exists. It has one of two forms:
- ""no_evident_not_X"" → defends that X IS true (assumes no evidence proves X false)
- ""have_evident_no_Y"" → defends that Y IS absent (assumes there IS evidence Y is missing)

Phrase B is a candidate ""Proposition"" — a separate fact mined from another part of the review data.

TASK: Decide whether Phrase B is CONTRARY to Phrase A — meaning: if Phrase B is true, does it act as
the counter-evidence that breaks Phrase A's assumption?

RULES (apply in order):
1. Strip the ""no_evident_not_"" or ""have_evident_"" prefix from Phrase A to recover the underlying claim.
2. Ask: does Phrase B describe a concrete fact that, if true, disproves that claim?
3. Phrase B must be about the SAME specific situation as the claim, not merely the same general topic.
   A different specific complaint about the same topic is usually NOT contrary.
4. Do not judge by shared keywords (e.g. both containing ""not"" or ""no"") — judge the meaning.
5. If B provides real counter-evidence against A's claim → Yes. Otherwise → No.

CONTRASTIVE EXAMPLES:

1) Phrase A is no_evident_not_easy_check-in. Phrase B is customer_wait_10_minute_for_greet.
   → Waiting 10 minutes to be greeted is direct evidence check-in was NOT easy. Answer: Yes

2) Phrase A is no_evident_not_easy_check-in. Phrase B is no_one_give_key_on_late_check-in.
   → This is about late check-in key handover, a different specific issue than check-in being easy. Answer: No

3) Phrase A is no_evident_not_great_quality. Phrase B is shampoo_seem_cheap_considering_hotel_cost.
   → Cheap-feeling shampoo for the price directly undercuts the ""great quality"" claim. Answer: Yes

4) Phrase A is no_evident_not_great_quality. Phrase B is expensive_hotel.
   → ""Expensive"" is a price complaint, not evidence about quality. Answer: No

5) Phrase A is no_evident_not_helpful_staff. Phrase B is not_kind_staff.
   → ""Not kind"" is a distinct complaint (attitude) from ""not helpful"" (competence/assistance) —
     it does not itself prove staff were unhelpful. Answer: No

OUTPUT FORMAT: Respond with exactly one word, ""Yes"" or ""No"". No explanation, no punctuation.

NOW DECIDE:
Phrase A is no_evident_not_room_ready_to_check-in_by_12. Phrase B is customer_wait_10_minute_for_greet.
Answer:
",Yes
2026-08-10 23:07:18,3,136,no_evident_not_room_ready_to_check-in_by_12,customer_wait_10_minute_for_check-in,"You are checking arguments in an ABA (Assumption-Based Argumentation) framework built from hotel review mining.

BACKGROUND:
Phrase A is always an auto-derived ""Assumption"" — it defends a claim by asserting no counter-evidence
exists. It has one of two forms:
- ""no_evident_not_X"" → defends that X IS true (assumes no evidence proves X false)
- ""have_evident_no_Y"" → defends that Y IS absent (assumes there IS evidence Y is missing)

Phrase B is a candidate ""Proposition"" — a separate fact mined from another part of the review data.

TASK: Decide whether Phrase B is CONTRARY to Phrase A — meaning: if Phrase B is true, does it act as
the counter-evidence that breaks Phrase A's assumption?

RULES (apply in order):
1. Strip the ""no_evident_not_"" or ""have_evident_"" prefix from Phrase A to recover the underlying claim.
2. Ask: does Phrase B describe a concrete fact that, if true, disproves that claim?
3. Phrase B must be about the SAME specific situation as the claim, not merely the same general topic.
   A different specific complaint about the same topic is usually NOT contrary.
4. Do not judge by shared keywords (e.g. both containing ""not"" or ""no"") — judge the meaning.
5. If B provides real counter-evidence against A's claim → Yes. Otherwise → No.

CONTRASTIVE EXAMPLES:

1) Phrase A is no_evident_not_easy_check-in. Phrase B is customer_wait_10_minute_for_greet.
   → Waiting 10 minutes to be greeted is direct evidence check-in was NOT easy. Answer: Yes

2) Phrase A is no_evident_not_easy_check-in. Phrase B is no_one_give_key_on_late_check-in.
   → This is about late check-in key handover, a different specific issue than check-in being easy. Answer: No

3) Phrase A is no_evident_not_great_quality. Phrase B is shampoo_seem_cheap_considering_hotel_cost.
   → Cheap-feeling shampoo for the price directly undercuts the ""great quality"" claim. Answer: Yes

4) Phrase A is no_evident_not_great_quality. Phrase B is expensive_hotel.
   → ""Expensive"" is a price complaint, not evidence about quality. Answer: No

5) Phrase A is no_evident_not_helpful_staff. Phrase B is not_kind_staff.
   → ""Not kind"" is a distinct complaint (attitude) from ""not helpful"" (competence/assistance) —
     it does not itself prove staff were unhelpful. Answer: No

OUTPUT FORMAT: Respond with exactly one word, ""Yes"" or ""No"". No explanation, no punctuation.

NOW DECIDE:
Phrase A is no_evident_not_room_ready_to_check-in_by_12. Phrase B is customer_wait_10_minute_for_check-in.
Answer:
",No.
2026-08-10 23:07:19,3,137,no_evident_not_room_ready_to_check-in_by_12,staff_misunderstand_on_payment,"You are checking arguments in an ABA (Assumption-Based Argumentation) framework built from hotel review mining.

BACKGROUND:
Phrase A is always an auto-derived ""Assumption"" — it defends a claim by asserting no counter-evidence
exists. It has one of two forms:
- ""no_evident_not_X"" → defends that X IS true (assumes no evidence proves X false)
- ""have_evident_no_Y"" → defends that Y IS absent (assumes there IS evidence Y is missing)

Phrase B is a candidate ""Proposition"" — a separate fact mined from another part of the review data.

TASK: Decide whether Phrase B is CONTRARY to Phrase A — meaning: if Phrase B is true, does it act as
the counter-evidence that breaks Phrase A's assumption?

RULES (apply in order):
1. Strip the ""no_evident_not_"" or ""have_evident_"" prefix from Phrase A to recover the underlying claim.
2. Ask: does Phrase B describe a concrete fact that, if true, disproves that claim?
3. Phrase B must be about the SAME specific situation as the claim, not merely the same general topic.
   A different specific complaint about the same topic is usually NOT contrary.
4. Do not judge by shared keywords (e.g. both containing ""not"" or ""no"") — judge the meaning.
5. If B provides real counter-evidence against A's claim → Yes. Otherwise → No.

CONTRASTIVE EXAMPLES:

1) Phrase A is no_evident_not_easy_check-in. Phrase B is customer_wait_10_minute_for_greet.
   → Waiting 10 minutes to be greeted is direct evidence check-in was NOT easy. Answer: Yes

2) Phrase A is no_evident_not_easy_check-in. Phrase B is no_one_give_key_on_late_check-in.
   → This is about late check-in key handover, a different specific issue than check-in being easy. Answer: No

3) Phrase A is no_evident_not_great_quality. Phrase B is shampoo_seem_cheap_considering_hotel_cost.
   → Cheap-feeling shampoo for the price directly undercuts the ""great quality"" claim. Answer: Yes

4) Phrase A is no_evident_not_great_quality. Phrase B is expensive_hotel.
   → ""Expensive"" is a price complaint, not evidence about quality. Answer: No

5) Phrase A is no_evident_not_helpful_staff. Phrase B is not_kind_staff.
   → ""Not kind"" is a distinct complaint (attitude) from ""not helpful"" (competence/assistance) —
     it does not itself prove staff were unhelpful. Answer: No

OUTPUT FORMAT: Respond with exactly one word, ""Yes"" or ""No"". No explanation, no punctuation.

NOW DECIDE:
Phrase A is no_evident_not_room_ready_to_check-in_by_12. Phrase B is staff_misunderstand_on_payment.
Answer:
",No.
2026-08-10 23:07:19,3,138,no_evident_not_room_ready_to_check-in_by_12,staff_take_picture_of_passport,"You are checking arguments in an ABA (Assumption-Based Argumentation) framework built from hotel review mining.

BACKGROUND:
Phrase A is always an auto-derived ""Assumption"" — it defends a claim by asserting no counter-evidence
exists. It has one of two forms:
- ""no_evident_not_X"" → defends that X IS true (assumes no evidence proves X false)
- ""have_evident_no_Y"" → defends that Y IS absent (assumes there IS evidence Y is missing)

Phrase B is a candidate ""Proposition"" — a separate fact mined from another part of the review data.

TASK: Decide whether Phrase B is CONTRARY to Phrase A — meaning: if Phrase B is true, does it act as
the counter-evidence that breaks Phrase A's assumption?

RULES (apply in order):
1. Strip the ""no_evident_not_"" or ""have_evident_"" prefix from Phrase A to recover the underlying claim.
2. Ask: does Phrase B describe a concrete fact that, if true, disproves that claim?
3. Phrase B must be about the SAME specific situation as the claim, not merely the same general topic.
   A different specific complaint about the same topic is usually NOT contrary.
4. Do not judge by shared keywords (e.g. both containing ""not"" or ""no"") — judge the meaning.
5. If B provides real counter-evidence against A's claim → Yes. Otherwise → No.

CONTRASTIVE EXAMPLES:

1) Phrase A is no_evident_not_easy_check-in. Phrase B is customer_wait_10_minute_for_greet.
   → Waiting 10 minutes to be greeted is direct evidence check-in was NOT easy. Answer: Yes

2) Phrase A is no_evident_not_easy_check-in. Phrase B is no_one_give_key_on_late_check-in.
   → This is about late check-in key handover, a different specific issue than check-in being easy. Answer: No

3) Phrase A is no_evident_not_great_quality. Phrase B is shampoo_seem_cheap_considering_hotel_cost.
   → Cheap-feeling shampoo for the price directly undercuts the ""great quality"" claim. Answer: Yes

4) Phrase A is no_evident_not_great_quality. Phrase B is expensive_hotel.
   → ""Expensive"" is a price complaint, not evidence about quality. Answer: No

5) Phrase A is no_evident_not_helpful_staff. Phrase B is not_kind_staff.
   → ""Not kind"" is a distinct complaint (attitude) from ""not helpful"" (competence/assistance) —
     it does not itself prove staff were unhelpful. Answer: No

OUTPUT FORMAT: Respond with exactly one word, ""Yes"" or ""No"". No explanation, no punctuation.

NOW DECIDE:
Phrase A is no_evident_not_room_ready_to_check-in_by_12. Phrase B is staff_take_picture_of_passport.
Answer:
",No.
2026-08-10 23:07:19,3,139,no_evident_not_clear_check-in_direction_at_late_night,no_one_give_key_on_late_check-in,"You are checking arguments in an ABA (Assumption-Based Argumentation) framework built from hotel review mining.

BACKGROUND:
Phrase A is always an auto-derived ""Assumption"" — it defends a claim by asserting no counter-evidence
exists. It has one of two forms:
- ""no_evident_not_X"" → defends that X IS true (assumes no evidence proves X false)
- ""have_evident_no_Y"" → defends that Y IS absent (assumes there IS evidence Y is missing)

Phrase B is a candidate ""Proposition"" — a separate fact mined from another part of the review data.

TASK: Decide whether Phrase B is CONTRARY to Phrase A — meaning: if Phrase B is true, does it act as
the counter-evidence that breaks Phrase A's assumption?

RULES (apply in order):
1. Strip the ""no_evident_not_"" or ""have_evident_"" prefix from Phrase A to recover the underlying claim.
2. Ask: does Phrase B describe a concrete fact that, if true, disproves that claim?
3. Phrase B must be about the SAME specific situation as the claim, not merely the same general topic.
   A different specific complaint about the same topic is usually NOT contrary.
4. Do not judge by shared keywords (e.g. both containing ""not"" or ""no"") — judge the meaning.
5. If B provides real counter-evidence against A's claim → Yes. Otherwise → No.

CONTRASTIVE EXAMPLES:

1) Phrase A is no_evident_not_easy_check-in. Phrase B is customer_wait_10_minute_for_greet.
   → Waiting 10 minutes to be greeted is direct evidence check-in was NOT easy. Answer: Yes

2) Phrase A is no_evident_not_easy_check-in. Phrase B is no_one_give_key_on_late_check-in.
   → This is about late check-in key handover, a different specific issue than check-in being easy. Answer: No

3) Phrase A is no_evident_not_great_quality. Phrase B is shampoo_seem_cheap_considering_hotel_cost.
   → Cheap-feeling shampoo for the price directly undercuts the ""great quality"" claim. Answer: Yes

4) Phrase A is no_evident_not_great_quality. Phrase B is expensive_hotel.
   → ""Expensive"" is a price complaint, not evidence about quality. Answer: No

5) Phrase A is no_evident_not_helpful_staff. Phrase B is not_kind_staff.
   → ""Not kind"" is a distinct complaint (attitude) from ""not helpful"" (competence/assistance) —
     it does not itself prove staff were unhelpful. Answer: No

OUTPUT FORMAT: Respond with exactly one word, ""Yes"" or ""No"". No explanation, no punctuation.

NOW DECIDE:
Phrase A is no_evident_not_clear_check-in_direction_at_late_night. Phrase B is no_one_give_key_on_late_check-in.
Answer:
",Yes
2026-08-10 23:07:19,3,140,no_evident_not_clear_check-in_direction_at_late_night,door_lock_on_late_check-in,"You are checking arguments in an ABA (Assumption-Based Argumentation) framework built from hotel review mining.

BACKGROUND:
Phrase A is always an auto-derived ""Assumption"" — it defends a claim by asserting no counter-evidence
exists. It has one of two forms:
- ""no_evident_not_X"" → defends that X IS true (assumes no evidence proves X false)
- ""have_evident_no_Y"" → defends that Y IS absent (assumes there IS evidence Y is missing)

Phrase B is a candidate ""Proposition"" — a separate fact mined from another part of the review data.

TASK: Decide whether Phrase B is CONTRARY to Phrase A — meaning: if Phrase B is true, does it act as
the counter-evidence that breaks Phrase A's assumption?

RULES (apply in order):
1. Strip the ""no_evident_not_"" or ""have_evident_"" prefix from Phrase A to recover the underlying claim.
2. Ask: does Phrase B describe a concrete fact that, if true, disproves that claim?
3. Phrase B must be about the SAME specific situation as the claim, not merely the same general topic.
   A different specific complaint about the same topic is usually NOT contrary.
4. Do not judge by shared keywords (e.g. both containing ""not"" or ""no"") — judge the meaning.
5. If B provides real counter-evidence against A's claim → Yes. Otherwise → No.

CONTRASTIVE EXAMPLES:

1) Phrase A is no_evident_not_easy_check-in. Phrase B is customer_wait_10_minute_for_greet.
   → Waiting 10 minutes to be greeted is direct evidence check-in was NOT easy. Answer: Yes

2) Phrase A is no_evident_not_easy_check-in. Phrase B is no_one_give_key_on_late_check-in.
   → This is about late check-in key handover, a different specific issue than check-in being easy. Answer: No

3) Phrase A is no_evident_not_great_quality. Phrase B is shampoo_seem_cheap_considering_hotel_cost.
   → Cheap-feeling shampoo for the price directly undercuts the ""great quality"" claim. Answer: Yes

4) Phrase A is no_evident_not_great_quality. Phrase B is expensive_hotel.
   → ""Expensive"" is a price complaint, not evidence about quality. Answer: No

5) Phrase A is no_evident_not_helpful_staff. Phrase B is not_kind_staff.
   → ""Not kind"" is a distinct complaint (attitude) from ""not helpful"" (competence/assistance) —
     it does not itself prove staff were unhelpful. Answer: No

OUTPUT FORMAT: Respond with exactly one word, ""Yes"" or ""No"". No explanation, no punctuation.

NOW DECIDE:
Phrase A is no_evident_not_clear_check-in_direction_at_late_night. Phrase B is door_lock_on_late_check-in.
Answer:
",Yes
2026-08-10 23:07:19,3,141,no_evident_not_clear_check-in_direction_at_late_night,customer_wait_10_minute_for_greet,"You are checking arguments in an ABA (Assumption-Based Argumentation) framework built from hotel review mining.

BACKGROUND:
Phrase A is always an auto-derived ""Assumption"" — it defends a claim by asserting no counter-evidence
exists. It has one of two forms:
- ""no_evident_not_X"" → defends that X IS true (assumes no evidence proves X false)
- ""have_evident_no_Y"" → defends that Y IS absent (assumes there IS evidence Y is missing)

Phrase B is a candidate ""Proposition"" — a separate fact mined from another part of the review data.

TASK: Decide whether Phrase B is CONTRARY to Phrase A — meaning: if Phrase B is true, does it act as
the counter-evidence that breaks Phrase A's assumption?

RULES (apply in order):
1. Strip the ""no_evident_not_"" or ""have_evident_"" prefix from Phrase A to recover the underlying claim.
2. Ask: does Phrase B describe a concrete fact that, if true, disproves that claim?
3. Phrase B must be about the SAME specific situation as the claim, not merely the same general topic.
   A different specific complaint about the same topic is usually NOT contrary.
4. Do not judge by shared keywords (e.g. both containing ""not"" or ""no"") — judge the meaning.
5. If B provides real counter-evidence against A's claim → Yes. Otherwise → No.

CONTRASTIVE EXAMPLES:

1) Phrase A is no_evident_not_easy_check-in. Phrase B is customer_wait_10_minute_for_greet.
   → Waiting 10 minutes to be greeted is direct evidence check-in was NOT easy. Answer: Yes

2) Phrase A is no_evident_not_easy_check-in. Phrase B is no_one_give_key_on_late_check-in.
   → This is about late check-in key handover, a different specific issue than check-in being easy. Answer: No

3) Phrase A is no_evident_not_great_quality. Phrase B is shampoo_seem_cheap_considering_hotel_cost.
   → Cheap-feeling shampoo for the price directly undercuts the ""great quality"" claim. Answer: Yes

4) Phrase A is no_evident_not_great_quality. Phrase B is expensive_hotel.
   → ""Expensive"" is a price complaint, not evidence about quality. Answer: No

5) Phrase A is no_evident_not_helpful_staff. Phrase B is not_kind_staff.
   → ""Not kind"" is a distinct complaint (attitude) from ""not helpful"" (competence/assistance) —
     it does not itself prove staff were unhelpful. Answer: No

OUTPUT FORMAT: Respond with exactly one word, ""Yes"" or ""No"". No explanation, no punctuation.

NOW DECIDE:
Phrase A is no_evident_not_clear_check-in_direction_at_late_night. Phrase B is customer_wait_10_minute_for_greet.
Answer:
",Yes
2026-08-10 23:07:19,3,142,no_evident_not_clear_check-in_direction_at_late_night,customer_wait_10_minute_for_check-in,"You are checking arguments in an ABA (Assumption-Based Argumentation) framework built from hotel review mining.

BACKGROUND:
Phrase A is always an auto-derived ""Assumption"" — it defends a claim by asserting no counter-evidence
exists. It has one of two forms:
- ""no_evident_not_X"" → defends that X IS true (assumes no evidence proves X false)
- ""have_evident_no_Y"" → defends that Y IS absent (assumes there IS evidence Y is missing)

Phrase B is a candidate ""Proposition"" — a separate fact mined from another part of the review data.

TASK: Decide whether Phrase B is CONTRARY to Phrase A — meaning: if Phrase B is true, does it act as
the counter-evidence that breaks Phrase A's assumption?

RULES (apply in order):
1. Strip the ""no_evident_not_"" or ""have_evident_"" prefix from Phrase A to recover the underlying claim.
2. Ask: does Phrase B describe a concrete fact that, if true, disproves that claim?
3. Phrase B must be about the SAME specific situation as the claim, not merely the same general topic.
   A different specific complaint about the same topic is usually NOT contrary.
4. Do not judge by shared keywords (e.g. both containing ""not"" or ""no"") — judge the meaning.
5. If B provides real counter-evidence against A's claim → Yes. Otherwise → No.

CONTRASTIVE EXAMPLES:

1) Phrase A is no_evident_not_easy_check-in. Phrase B is customer_wait_10_minute_for_greet.
   → Waiting 10 minutes to be greeted is direct evidence check-in was NOT easy. Answer: Yes

2) Phrase A is no_evident_not_easy_check-in. Phrase B is no_one_give_key_on_late_check-in.
   → This is about late check-in key handover, a different specific issue than check-in being easy. Answer: No

3) Phrase A is no_evident_not_great_quality. Phrase B is shampoo_seem_cheap_considering_hotel_cost.
   → Cheap-feeling shampoo for the price directly undercuts the ""great quality"" claim. Answer: Yes

4) Phrase A is no_evident_not_great_quality. Phrase B is expensive_hotel.
   → ""Expensive"" is a price complaint, not evidence about quality. Answer: No

5) Phrase A is no_evident_not_helpful_staff. Phrase B is not_kind_staff.
   → ""Not kind"" is a distinct complaint (attitude) from ""not helpful"" (competence/assistance) —
     it does not itself prove staff were unhelpful. Answer: No

OUTPUT FORMAT: Respond with exactly one word, ""Yes"" or ""No"". No explanation, no punctuation.

NOW DECIDE:
Phrase A is no_evident_not_clear_check-in_direction_at_late_night. Phrase B is customer_wait_10_minute_for_check-in.
Answer:
",No.
2026-08-10 23:07:19,3,143,no_evident_not_clear_check-in_direction_at_late_night,staff_misunderstand_on_payment,"You are checking arguments in an ABA (Assumption-Based Argumentation) framework built from hotel review mining.

BACKGROUND:
Phrase A is always an auto-derived ""Assumption"" — it defends a claim by asserting no counter-evidence
exists. It has one of two forms:
- ""no_evident_not_X"" → defends that X IS true (assumes no evidence proves X false)
- ""have_evident_no_Y"" → defends that Y IS absent (assumes there IS evidence Y is missing)

Phrase B is a candidate ""Proposition"" — a separate fact mined from another part of the review data.

TASK: Decide whether Phrase B is CONTRARY to Phrase A — meaning: if Phrase B is true, does it act as
the counter-evidence that breaks Phrase A's assumption?

RULES (apply in order):
1. Strip the ""no_evident_not_"" or ""have_evident_"" prefix from Phrase A to recover the underlying claim.
2. Ask: does Phrase B describe a concrete fact that, if true, disproves that claim?
3. Phrase B must be about the SAME specific situation as the claim, not merely the same general topic.
   A different specific complaint about the same topic is usually NOT contrary.
4. Do not judge by shared keywords (e.g. both containing ""not"" or ""no"") — judge the meaning.
5. If B provides real counter-evidence against A's claim → Yes. Otherwise → No.

CONTRASTIVE EXAMPLES:

1) Phrase A is no_evident_not_easy_check-in. Phrase B is customer_wait_10_minute_for_greet.
   → Waiting 10 minutes to be greeted is direct evidence check-in was NOT easy. Answer: Yes

2) Phrase A is no_evident_not_easy_check-in. Phrase B is no_one_give_key_on_late_check-in.
   → This is about late check-in key handover, a different specific issue than check-in being easy. Answer: No

3) Phrase A is no_evident_not_great_quality. Phrase B is shampoo_seem_cheap_considering_hotel_cost.
   → Cheap-feeling shampoo for the price directly undercuts the ""great quality"" claim. Answer: Yes

4) Phrase A is no_evident_not_great_quality. Phrase B is expensive_hotel.
   → ""Expensive"" is a price complaint, not evidence about quality. Answer: No

5) Phrase A is no_evident_not_helpful_staff. Phrase B is not_kind_staff.
   → ""Not kind"" is a distinct complaint (attitude) from ""not helpful"" (competence/assistance) —
     it does not itself prove staff were unhelpful. Answer: No

OUTPUT FORMAT: Respond with exactly one word, ""Yes"" or ""No"". No explanation, no punctuation.

NOW DECIDE:
Phrase A is no_evident_not_clear_check-in_direction_at_late_night. Phrase B is staff_misunderstand_on_payment.
Answer:
",No.
2026-08-10 23:07:19,3,144,no_evident_not_clear_check-in_direction_at_late_night,staff_take_picture_of_passport,"You are checking arguments in an ABA (Assumption-Based Argumentation) framework built from hotel review mining.

BACKGROUND:
Phrase A is always an auto-derived ""Assumption"" — it defends a claim by asserting no counter-evidence
exists. It has one of two forms:
- ""no_evident_not_X"" → defends that X IS true (assumes no evidence proves X false)
- ""have_evident_no_Y"" → defends that Y IS absent (assumes there IS evidence Y is missing)

Phrase B is a candidate ""Proposition"" — a separate fact mined from another part of the review data.

TASK: Decide whether Phrase B is CONTRARY to Phrase A — meaning: if Phrase B is true, does it act as
the counter-evidence that breaks Phrase A's assumption?

RULES (apply in order):
1. Strip the ""no_evident_not_"" or ""have_evident_"" prefix from Phrase A to recover the underlying claim.
2. Ask: does Phrase B describe a concrete fact that, if true, disproves that claim?
3. Phrase B must be about the SAME specific situation as the claim, not merely the same general topic.
   A different specific complaint about the same topic is usually NOT contrary.
4. Do not judge by shared keywords (e.g. both containing ""not"" or ""no"") — judge the meaning.
5. If B provides real counter-evidence against A's claim → Yes. Otherwise → No.

CONTRASTIVE EXAMPLES:

1) Phrase A is no_evident_not_easy_check-in. Phrase B is customer_wait_10_minute_for_greet.
   → Waiting 10 minutes to be greeted is direct evidence check-in was NOT easy. Answer: Yes

2) Phrase A is no_evident_not_easy_check-in. Phrase B is no_one_give_key_on_late_check-in.
   → This is about late check-in key handover, a different specific issue than check-in being easy. Answer: No

3) Phrase A is no_evident_not_great_quality. Phrase B is shampoo_seem_cheap_considering_hotel_cost.
   → Cheap-feeling shampoo for the price directly undercuts the ""great quality"" claim. Answer: Yes

4) Phrase A is no_evident_not_great_quality. Phrase B is expensive_hotel.
   → ""Expensive"" is a price complaint, not evidence about quality. Answer: No

5) Phrase A is no_evident_not_helpful_staff. Phrase B is not_kind_staff.
   → ""Not kind"" is a distinct complaint (attitude) from ""not helpful"" (competence/assistance) —
     it does not itself prove staff were unhelpful. Answer: No

OUTPUT FORMAT: Respond with exactly one word, ""Yes"" or ""No"". No explanation, no punctuation.

NOW DECIDE:
Phrase A is no_evident_not_clear_check-in_direction_at_late_night. Phrase B is staff_take_picture_of_passport.
Answer:
",No.
2026-08-10 23:07:20,3,145,no_evident_not_easy_check-in_direction_at_late_night,no_one_give_key_on_late_check-in,"You are checking arguments in an ABA (Assumption-Based Argumentation) framework built from hotel review mining.

BACKGROUND:
Phrase A is always an auto-derived ""Assumption"" — it defends a claim by asserting no counter-evidence
exists. It has one of two forms:
- ""no_evident_not_X"" → defends that X IS true (assumes no evidence proves X false)
- ""have_evident_no_Y"" → defends that Y IS absent (assumes there IS evidence Y is missing)

Phrase B is a candidate ""Proposition"" — a separate fact mined from another part of the review data.

TASK: Decide whether Phrase B is CONTRARY to Phrase A — meaning: if Phrase B is true, does it act as
the counter-evidence that breaks Phrase A's assumption?

RULES (apply in order):
1. Strip the ""no_evident_not_"" or ""have_evident_"" prefix from Phrase A to recover the underlying claim.
2. Ask: does Phrase B describe a concrete fact that, if true, disproves that claim?
3. Phrase B must be about the SAME specific situation as the claim, not merely the same general topic.
   A different specific complaint about the same topic is usually NOT contrary.
4. Do not judge by shared keywords (e.g. both containing ""not"" or ""no"") — judge the meaning.
5. If B provides real counter-evidence against A's claim → Yes. Otherwise → No.

CONTRASTIVE EXAMPLES:

1) Phrase A is no_evident_not_easy_check-in. Phrase B is customer_wait_10_minute_for_greet.
   → Waiting 10 minutes to be greeted is direct evidence check-in was NOT easy. Answer: Yes

2) Phrase A is no_evident_not_easy_check-in. Phrase B is no_one_give_key_on_late_check-in.
   → This is about late check-in key handover, a different specific issue than check-in being easy. Answer: No

3) Phrase A is no_evident_not_great_quality. Phrase B is shampoo_seem_cheap_considering_hotel_cost.
   → Cheap-feeling shampoo for the price directly undercuts the ""great quality"" claim. Answer: Yes

4) Phrase A is no_evident_not_great_quality. Phrase B is expensive_hotel.
   → ""Expensive"" is a price complaint, not evidence about quality. Answer: No

5) Phrase A is no_evident_not_helpful_staff. Phrase B is not_kind_staff.
   → ""Not kind"" is a distinct complaint (attitude) from ""not helpful"" (competence/assistance) —
     it does not itself prove staff were unhelpful. Answer: No

OUTPUT FORMAT: Respond with exactly one word, ""Yes"" or ""No"". No explanation, no punctuation.

NOW DECIDE:
Phrase A is no_evident_not_easy_check-in_direction_at_late_night. Phrase B is no_one_give_key_on_late_check-in.
Answer:
",Yes
2026-08-10 23:07:20,3,146,no_evident_not_easy_check-in_direction_at_late_night,door_lock_on_late_check-in,"You are checking arguments in an ABA (Assumption-Based Argumentation) framework built from hotel review mining.

BACKGROUND:
Phrase A is always an auto-derived ""Assumption"" — it defends a claim by asserting no counter-evidence
exists. It has one of two forms:
- ""no_evident_not_X"" → defends that X IS true (assumes no evidence proves X false)
- ""have_evident_no_Y"" → defends that Y IS absent (assumes there IS evidence Y is missing)

Phrase B is a candidate ""Proposition"" — a separate fact mined from another part of the review data.

TASK: Decide whether Phrase B is CONTRARY to Phrase A — meaning: if Phrase B is true, does it act as
the counter-evidence that breaks Phrase A's assumption?

RULES (apply in order):
1. Strip the ""no_evident_not_"" or ""have_evident_"" prefix from Phrase A to recover the underlying claim.
2. Ask: does Phrase B describe a concrete fact that, if true, disproves that claim?
3. Phrase B must be about the SAME specific situation as the claim, not merely the same general topic.
   A different specific complaint about the same topic is usually NOT contrary.
4. Do not judge by shared keywords (e.g. both containing ""not"" or ""no"") — judge the meaning.
5. If B provides real counter-evidence against A's claim → Yes. Otherwise → No.

CONTRASTIVE EXAMPLES:

1) Phrase A is no_evident_not_easy_check-in. Phrase B is customer_wait_10_minute_for_greet.
   → Waiting 10 minutes to be greeted is direct evidence check-in was NOT easy. Answer: Yes

2) Phrase A is no_evident_not_easy_check-in. Phrase B is no_one_give_key_on_late_check-in.
   → This is about late check-in key handover, a different specific issue than check-in being easy. Answer: No

3) Phrase A is no_evident_not_great_quality. Phrase B is shampoo_seem_cheap_considering_hotel_cost.
   → Cheap-feeling shampoo for the price directly undercuts the ""great quality"" claim. Answer: Yes

4) Phrase A is no_evident_not_great_quality. Phrase B is expensive_hotel.
   → ""Expensive"" is a price complaint, not evidence about quality. Answer: No

5) Phrase A is no_evident_not_helpful_staff. Phrase B is not_kind_staff.
   → ""Not kind"" is a distinct complaint (attitude) from ""not helpful"" (competence/assistance) —
     it does not itself prove staff were unhelpful. Answer: No

OUTPUT FORMAT: Respond with exactly one word, ""Yes"" or ""No"". No explanation, no punctuation.

NOW DECIDE:
Phrase A is no_evident_not_easy_check-in_direction_at_late_night. Phrase B is door_lock_on_late_check-in.
Answer:
",Yes
2026-08-10 23:07:20,3,147,no_evident_not_easy_check-in_direction_at_late_night,customer_wait_10_minute_for_greet,"You are checking arguments in an ABA (Assumption-Based Argumentation) framework built from hotel review mining.

BACKGROUND:
Phrase A is always an auto-derived ""Assumption"" — it defends a claim by asserting no counter-evidence
exists. It has one of two forms:
- ""no_evident_not_X"" → defends that X IS true (assumes no evidence proves X false)
- ""have_evident_no_Y"" → defends that Y IS absent (assumes there IS evidence Y is missing)

Phrase B is a candidate ""Proposition"" — a separate fact mined from another part of the review data.

TASK: Decide whether Phrase B is CONTRARY to Phrase A — meaning: if Phrase B is true, does it act as
the counter-evidence that breaks Phrase A's assumption?

RULES (apply in order):
1. Strip the ""no_evident_not_"" or ""have_evident_"" prefix from Phrase A to recover the underlying claim.
2. Ask: does Phrase B describe a concrete fact that, if true, disproves that claim?
3. Phrase B must be about the SAME specific situation as the claim, not merely the same general topic.
   A different specific complaint about the same topic is usually NOT contrary.
4. Do not judge by shared keywords (e.g. both containing ""not"" or ""no"") — judge the meaning.
5. If B provides real counter-evidence against A's claim → Yes. Otherwise → No.

CONTRASTIVE EXAMPLES:

1) Phrase A is no_evident_not_easy_check-in. Phrase B is customer_wait_10_minute_for_greet.
   → Waiting 10 minutes to be greeted is direct evidence check-in was NOT easy. Answer: Yes

2) Phrase A is no_evident_not_easy_check-in. Phrase B is no_one_give_key_on_late_check-in.
   → This is about late check-in key handover, a different specific issue than check-in being easy. Answer: No

3) Phrase A is no_evident_not_great_quality. Phrase B is shampoo_seem_cheap_considering_hotel_cost.
   → Cheap-feeling shampoo for the price directly undercuts the ""great quality"" claim. Answer: Yes

4) Phrase A is no_evident_not_great_quality. Phrase B is expensive_hotel.
   → ""Expensive"" is a price complaint, not evidence about quality. Answer: No

5) Phrase A is no_evident_not_helpful_staff. Phrase B is not_kind_staff.
   → ""Not kind"" is a distinct complaint (attitude) from ""not helpful"" (competence/assistance) —
     it does not itself prove staff were unhelpful. Answer: No

OUTPUT FORMAT: Respond with exactly one word, ""Yes"" or ""No"". No explanation, no punctuation.

NOW DECIDE:
Phrase A is no_evident_not_easy_check-in_direction_at_late_night. Phrase B is customer_wait_10_minute_for_greet.
Answer:
",Yes
2026-08-10 23:07:20,3,148,no_evident_not_easy_check-in_direction_at_late_night,customer_wait_10_minute_for_check-in,"You are checking arguments in an ABA (Assumption-Based Argumentation) framework built from hotel review mining.

BACKGROUND:
Phrase A is always an auto-derived ""Assumption"" — it defends a claim by asserting no counter-evidence
exists. It has one of two forms:
- ""no_evident_not_X"" → defends that X IS true (assumes no evidence proves X false)
- ""have_evident_no_Y"" → defends that Y IS absent (assumes there IS evidence Y is missing)

Phrase B is a candidate ""Proposition"" — a separate fact mined from another part of the review data.

TASK: Decide whether Phrase B is CONTRARY to Phrase A — meaning: if Phrase B is true, does it act as
the counter-evidence that breaks Phrase A's assumption?

RULES (apply in order):
1. Strip the ""no_evident_not_"" or ""have_evident_"" prefix from Phrase A to recover the underlying claim.
2. Ask: does Phrase B describe a concrete fact that, if true, disproves that claim?
3. Phrase B must be about the SAME specific situation as the claim, not merely the same general topic.
   A different specific complaint about the same topic is usually NOT contrary.
4. Do not judge by shared keywords (e.g. both containing ""not"" or ""no"") — judge the meaning.
5. If B provides real counter-evidence against A's claim → Yes. Otherwise → No.

CONTRASTIVE EXAMPLES:

1) Phrase A is no_evident_not_easy_check-in. Phrase B is customer_wait_10_minute_for_greet.
   → Waiting 10 minutes to be greeted is direct evidence check-in was NOT easy. Answer: Yes

2) Phrase A is no_evident_not_easy_check-in. Phrase B is no_one_give_key_on_late_check-in.
   → This is about late check-in key handover, a different specific issue than check-in being easy. Answer: No

3) Phrase A is no_evident_not_great_quality. Phrase B is shampoo_seem_cheap_considering_hotel_cost.
   → Cheap-feeling shampoo for the price directly undercuts the ""great quality"" claim. Answer: Yes

4) Phrase A is no_evident_not_great_quality. Phrase B is expensive_hotel.
   → ""Expensive"" is a price complaint, not evidence about quality. Answer: No

5) Phrase A is no_evident_not_helpful_staff. Phrase B is not_kind_staff.
   → ""Not kind"" is a distinct complaint (attitude) from ""not helpful"" (competence/assistance) —
     it does not itself prove staff were unhelpful. Answer: No

OUTPUT FORMAT: Respond with exactly one word, ""Yes"" or ""No"". No explanation, no punctuation.

NOW DECIDE:
Phrase A is no_evident_not_easy_check-in_direction_at_late_night. Phrase B is customer_wait_10_minute_for_check-in.
Answer:
",Yes
2026-08-10 23:07:20,3,149,no_evident_not_easy_check-in_direction_at_late_night,staff_misunderstand_on_payment,"You are checking arguments in an ABA (Assumption-Based Argumentation) framework built from hotel review mining.

BACKGROUND:
Phrase A is always an auto-derived ""Assumption"" — it defends a claim by asserting no counter-evidence
exists. It has one of two forms:
- ""no_evident_not_X"" → defends that X IS true (assumes no evidence proves X false)
- ""have_evident_no_Y"" → defends that Y IS absent (assumes there IS evidence Y is missing)

Phrase B is a candidate ""Proposition"" — a separate fact mined from another part of the review data.

TASK: Decide whether Phrase B is CONTRARY to Phrase A — meaning: if Phrase B is true, does it act as
the counter-evidence that breaks Phrase A's assumption?

RULES (apply in order):
1. Strip the ""no_evident_not_"" or ""have_evident_"" prefix from Phrase A to recover the underlying claim.
2. Ask: does Phrase B describe a concrete fact that, if true, disproves that claim?
3. Phrase B must be about the SAME specific situation as the claim, not merely the same general topic.
   A different specific complaint about the same topic is usually NOT contrary.
4. Do not judge by shared keywords (e.g. both containing ""not"" or ""no"") — judge the meaning.
5. If B provides real counter-evidence against A's claim → Yes. Otherwise → No.

CONTRASTIVE EXAMPLES:

1) Phrase A is no_evident_not_easy_check-in. Phrase B is customer_wait_10_minute_for_greet.
   → Waiting 10 minutes to be greeted is direct evidence check-in was NOT easy. Answer: Yes

2) Phrase A is no_evident_not_easy_check-in. Phrase B is no_one_give_key_on_late_check-in.
   → This is about late check-in key handover, a different specific issue than check-in being easy. Answer: No

3) Phrase A is no_evident_not_great_quality. Phrase B is shampoo_seem_cheap_considering_hotel_cost.
   → Cheap-feeling shampoo for the price directly undercuts the ""great quality"" claim. Answer: Yes

4) Phrase A is no_evident_not_great_quality. Phrase B is expensive_hotel.
   → ""Expensive"" is a price complaint, not evidence about quality. Answer: No

5) Phrase A is no_evident_not_helpful_staff. Phrase B is not_kind_staff.
   → ""Not kind"" is a distinct complaint (attitude) from ""not helpful"" (competence/assistance) —
     it does not itself prove staff were unhelpful. Answer: No

OUTPUT FORMAT: Respond with exactly one word, ""Yes"" or ""No"". No explanation, no punctuation.

NOW DECIDE:
Phrase A is no_evident_not_easy_check-in_direction_at_late_night. Phrase B is staff_misunderstand_on_payment.
Answer:
",No.
2026-08-10 23:07:20,3,150,no_evident_not_easy_check-in_direction_at_late_night,staff_take_picture_of_passport,"You are checking arguments in an ABA (Assumption-Based Argumentation) framework built from hotel review mining.

BACKGROUND:
Phrase A is always an auto-derived ""Assumption"" — it defends a claim by asserting no counter-evidence
exists. It has one of two forms:
- ""no_evident_not_X"" → defends that X IS true (assumes no evidence proves X false)
- ""have_evident_no_Y"" → defends that Y IS absent (assumes there IS evidence Y is missing)

Phrase B is a candidate ""Proposition"" — a separate fact mined from another part of the review data.

TASK: Decide whether Phrase B is CONTRARY to Phrase A — meaning: if Phrase B is true, does it act as
the counter-evidence that breaks Phrase A's assumption?

RULES (apply in order):
1. Strip the ""no_evident_not_"" or ""have_evident_"" prefix from Phrase A to recover the underlying claim.
2. Ask: does Phrase B describe a concrete fact that, if true, disproves that claim?
3. Phrase B must be about the SAME specific situation as the claim, not merely the same general topic.
   A different specific complaint about the same topic is usually NOT contrary.
4. Do not judge by shared keywords (e.g. both containing ""not"" or ""no"") — judge the meaning.
5. If B provides real counter-evidence against A's claim → Yes. Otherwise → No.

CONTRASTIVE EXAMPLES:

1) Phrase A is no_evident_not_easy_check-in. Phrase B is customer_wait_10_minute_for_greet.
   → Waiting 10 minutes to be greeted is direct evidence check-in was NOT easy. Answer: Yes

2) Phrase A is no_evident_not_easy_check-in. Phrase B is no_one_give_key_on_late_check-in.
   → This is about late check-in key handover, a different specific issue than check-in being easy. Answer: No

3) Phrase A is no_evident_not_great_quality. Phrase B is shampoo_seem_cheap_considering_hotel_cost.
   → Cheap-feeling shampoo for the price directly undercuts the ""great quality"" claim. Answer: Yes

4) Phrase A is no_evident_not_great_quality. Phrase B is expensive_hotel.
   → ""Expensive"" is a price complaint, not evidence about quality. Answer: No

5) Phrase A is no_evident_not_helpful_staff. Phrase B is not_kind_staff.
   → ""Not kind"" is a distinct complaint (attitude) from ""not helpful"" (competence/assistance) —
     it does not itself prove staff were unhelpful. Answer: No

OUTPUT FORMAT: Respond with exactly one word, ""Yes"" or ""No"". No explanation, no punctuation.

NOW DECIDE:
Phrase A is no_evident_not_easy_check-in_direction_at_late_night. Phrase B is staff_take_picture_of_passport.
Answer:
",No.
2026-08-10 23:07:21,3,151,no_evident_not_can_move_in_early,no_one_give_key_on_late_check-in,"You are checking arguments in an ABA (Assumption-Based Argumentation) framework built from hotel review mining.

BACKGROUND:
Phrase A is always an auto-derived ""Assumption"" — it defends a claim by asserting no counter-evidence
exists. It has one of two forms:
- ""no_evident_not_X"" → defends that X IS true (assumes no evidence proves X false)
- ""have_evident_no_Y"" → defends that Y IS absent (assumes there IS evidence Y is missing)

Phrase B is a candidate ""Proposition"" — a separate fact mined from another part of the review data.

TASK: Decide whether Phrase B is CONTRARY to Phrase A — meaning: if Phrase B is true, does it act as
the counter-evidence that breaks Phrase A's assumption?

RULES (apply in order):
1. Strip the ""no_evident_not_"" or ""have_evident_"" prefix from Phrase A to recover the underlying claim.
2. Ask: does Phrase B describe a concrete fact that, if true, disproves that claim?
3. Phrase B must be about the SAME specific situation as the claim, not merely the same general topic.
   A different specific complaint about the same topic is usually NOT contrary.
4. Do not judge by shared keywords (e.g. both containing ""not"" or ""no"") — judge the meaning.
5. If B provides real counter-evidence against A's claim → Yes. Otherwise → No.

CONTRASTIVE EXAMPLES:

1) Phrase A is no_evident_not_easy_check-in. Phrase B is customer_wait_10_minute_for_greet.
   → Waiting 10 minutes to be greeted is direct evidence check-in was NOT easy. Answer: Yes

2) Phrase A is no_evident_not_easy_check-in. Phrase B is no_one_give_key_on_late_check-in.
   → This is about late check-in key handover, a different specific issue than check-in being easy. Answer: No

3) Phrase A is no_evident_not_great_quality. Phrase B is shampoo_seem_cheap_considering_hotel_cost.
   → Cheap-feeling shampoo for the price directly undercuts the ""great quality"" claim. Answer: Yes

4) Phrase A is no_evident_not_great_quality. Phrase B is expensive_hotel.
   → ""Expensive"" is a price complaint, not evidence about quality. Answer: No

5) Phrase A is no_evident_not_helpful_staff. Phrase B is not_kind_staff.
   → ""Not kind"" is a distinct complaint (attitude) from ""not helpful"" (competence/assistance) —
     it does not itself prove staff were unhelpful. Answer: No

OUTPUT FORMAT: Respond with exactly one word, ""Yes"" or ""No"". No explanation, no punctuation.

NOW DECIDE:
Phrase A is no_evident_not_can_move_in_early. Phrase B is no_one_give_key_on_late_check-in.
Answer:
",Yes
2026-08-10 23:07:21,3,152,no_evident_not_can_move_in_early,door_lock_on_late_check-in,"You are checking arguments in an ABA (Assumption-Based Argumentation) framework built from hotel review mining.

BACKGROUND:
Phrase A is always an auto-derived ""Assumption"" — it defends a claim by asserting no counter-evidence
exists. It has one of two forms:
- ""no_evident_not_X"" → defends that X IS true (assumes no evidence proves X false)
- ""have_evident_no_Y"" → defends that Y IS absent (assumes there IS evidence Y is missing)

Phrase B is a candidate ""Proposition"" — a separate fact mined from another part of the review data.

TASK: Decide whether Phrase B is CONTRARY to Phrase A — meaning: if Phrase B is true, does it act as
the counter-evidence that breaks Phrase A's assumption?

RULES (apply in order):
1. Strip the ""no_evident_not_"" or ""have_evident_"" prefix from Phrase A to recover the underlying claim.
2. Ask: does Phrase B describe a concrete fact that, if true, disproves that claim?
3. Phrase B must be about the SAME specific situation as the claim, not merely the same general topic.
   A different specific complaint about the same topic is usually NOT contrary.
4. Do not judge by shared keywords (e.g. both containing ""not"" or ""no"") — judge the meaning.
5. If B provides real counter-evidence against A's claim → Yes. Otherwise → No.

CONTRASTIVE EXAMPLES:

1) Phrase A is no_evident_not_easy_check-in. Phrase B is customer_wait_10_minute_for_greet.
   → Waiting 10 minutes to be greeted is direct evidence check-in was NOT easy. Answer: Yes

2) Phrase A is no_evident_not_easy_check-in. Phrase B is no_one_give_key_on_late_check-in.
   → This is about late check-in key handover, a different specific issue than check-in being easy. Answer: No

3) Phrase A is no_evident_not_great_quality. Phrase B is shampoo_seem_cheap_considering_hotel_cost.
   → Cheap-feeling shampoo for the price directly undercuts the ""great quality"" claim. Answer: Yes

4) Phrase A is no_evident_not_great_quality. Phrase B is expensive_hotel.
   → ""Expensive"" is a price complaint, not evidence about quality. Answer: No

5) Phrase A is no_evident_not_helpful_staff. Phrase B is not_kind_staff.
   → ""Not kind"" is a distinct complaint (attitude) from ""not helpful"" (competence/assistance) —
     it does not itself prove staff were unhelpful. Answer: No

OUTPUT FORMAT: Respond with exactly one word, ""Yes"" or ""No"". No explanation, no punctuation.

NOW DECIDE:
Phrase A is no_evident_not_can_move_in_early. Phrase B is door_lock_on_late_check-in.
Answer:
",No.
2026-08-10 23:07:21,3,153,no_evident_not_can_move_in_early,customer_wait_10_minute_for_greet,"You are checking arguments in an ABA (Assumption-Based Argumentation) framework built from hotel review mining.

BACKGROUND:
Phrase A is always an auto-derived ""Assumption"" — it defends a claim by asserting no counter-evidence
exists. It has one of two forms:
- ""no_evident_not_X"" → defends that X IS true (assumes no evidence proves X false)
- ""have_evident_no_Y"" → defends that Y IS absent (assumes there IS evidence Y is missing)

Phrase B is a candidate ""Proposition"" — a separate fact mined from another part of the review data.

TASK: Decide whether Phrase B is CONTRARY to Phrase A — meaning: if Phrase B is true, does it act as
the counter-evidence that breaks Phrase A's assumption?

RULES (apply in order):
1. Strip the ""no_evident_not_"" or ""have_evident_"" prefix from Phrase A to recover the underlying claim.
2. Ask: does Phrase B describe a concrete fact that, if true, disproves that claim?
3. Phrase B must be about the SAME specific situation as the claim, not merely the same general topic.
   A different specific complaint about the same topic is usually NOT contrary.
4. Do not judge by shared keywords (e.g. both containing ""not"" or ""no"") — judge the meaning.
5. If B provides real counter-evidence against A's claim → Yes. Otherwise → No.

CONTRASTIVE EXAMPLES:

1) Phrase A is no_evident_not_easy_check-in. Phrase B is customer_wait_10_minute_for_greet.
   → Waiting 10 minutes to be greeted is direct evidence check-in was NOT easy. Answer: Yes

2) Phrase A is no_evident_not_easy_check-in. Phrase B is no_one_give_key_on_late_check-in.
   → This is about late check-in key handover, a different specific issue than check-in being easy. Answer: No

3) Phrase A is no_evident_not_great_quality. Phrase B is shampoo_seem_cheap_considering_hotel_cost.
   → Cheap-feeling shampoo for the price directly undercuts the ""great quality"" claim. Answer: Yes

4) Phrase A is no_evident_not_great_quality. Phrase B is expensive_hotel.
   → ""Expensive"" is a price complaint, not evidence about quality. Answer: No

5) Phrase A is no_evident_not_helpful_staff. Phrase B is not_kind_staff.
   → ""Not kind"" is a distinct complaint (attitude) from ""not helpful"" (competence/assistance) —
     it does not itself prove staff were unhelpful. Answer: No

OUTPUT FORMAT: Respond with exactly one word, ""Yes"" or ""No"". No explanation, no punctuation.

NOW DECIDE:
Phrase A is no_evident_not_can_move_in_early. Phrase B is customer_wait_10_minute_for_greet.
Answer:
",Yes
2026-08-10 23:07:21,3,154,no_evident_not_can_move_in_early,customer_wait_10_minute_for_check-in,"You are checking arguments in an ABA (Assumption-Based Argumentation) framework built from hotel review mining.

BACKGROUND:
Phrase A is always an auto-derived ""Assumption"" — it defends a claim by asserting no counter-evidence
exists. It has one of two forms:
- ""no_evident_not_X"" → defends that X IS true (assumes no evidence proves X false)
- ""have_evident_no_Y"" → defends that Y IS absent (assumes there IS evidence Y is missing)

Phrase B is a candidate ""Proposition"" — a separate fact mined from another part of the review data.

TASK: Decide whether Phrase B is CONTRARY to Phrase A — meaning: if Phrase B is true, does it act as
the counter-evidence that breaks Phrase A's assumption?

RULES (apply in order):
1. Strip the ""no_evident_not_"" or ""have_evident_"" prefix from Phrase A to recover the underlying claim.
2. Ask: does Phrase B describe a concrete fact that, if true, disproves that claim?
3. Phrase B must be about the SAME specific situation as the claim, not merely the same general topic.
   A different specific complaint about the same topic is usually NOT contrary.
4. Do not judge by shared keywords (e.g. both containing ""not"" or ""no"") — judge the meaning.
5. If B provides real counter-evidence against A's claim → Yes. Otherwise → No.

CONTRASTIVE EXAMPLES:

1) Phrase A is no_evident_not_easy_check-in. Phrase B is customer_wait_10_minute_for_greet.
   → Waiting 10 minutes to be greeted is direct evidence check-in was NOT easy. Answer: Yes

2) Phrase A is no_evident_not_easy_check-in. Phrase B is no_one_give_key_on_late_check-in.
   → This is about late check-in key handover, a different specific issue than check-in being easy. Answer: No

3) Phrase A is no_evident_not_great_quality. Phrase B is shampoo_seem_cheap_considering_hotel_cost.
   → Cheap-feeling shampoo for the price directly undercuts the ""great quality"" claim. Answer: Yes

4) Phrase A is no_evident_not_great_quality. Phrase B is expensive_hotel.
   → ""Expensive"" is a price complaint, not evidence about quality. Answer: No

5) Phrase A is no_evident_not_helpful_staff. Phrase B is not_kind_staff.
   → ""Not kind"" is a distinct complaint (attitude) from ""not helpful"" (competence/assistance) —
     it does not itself prove staff were unhelpful. Answer: No

OUTPUT FORMAT: Respond with exactly one word, ""Yes"" or ""No"". No explanation, no punctuation.

NOW DECIDE:
Phrase A is no_evident_not_can_move_in_early. Phrase B is customer_wait_10_minute_for_check-in.
Answer:
",No.
2026-08-10 23:07:21,3,155,no_evident_not_can_move_in_early,staff_misunderstand_on_payment,"You are checking arguments in an ABA (Assumption-Based Argumentation) framework built from hotel review mining.

BACKGROUND:
Phrase A is always an auto-derived ""Assumption"" — it defends a claim by asserting no counter-evidence
exists. It has one of two forms:
- ""no_evident_not_X"" → defends that X IS true (assumes no evidence proves X false)
- ""have_evident_no_Y"" → defends that Y IS absent (assumes there IS evidence Y is missing)

Phrase B is a candidate ""Proposition"" — a separate fact mined from another part of the review data.

TASK: Decide whether Phrase B is CONTRARY to Phrase A — meaning: if Phrase B is true, does it act as
the counter-evidence that breaks Phrase A's assumption?

RULES (apply in order):
1. Strip the ""no_evident_not_"" or ""have_evident_"" prefix from Phrase A to recover the underlying claim.
2. Ask: does Phrase B describe a concrete fact that, if true, disproves that claim?
3. Phrase B must be about the SAME specific situation as the claim, not merely the same general topic.
   A different specific complaint about the same topic is usually NOT contrary.
4. Do not judge by shared keywords (e.g. both containing ""not"" or ""no"") — judge the meaning.
5. If B provides real counter-evidence against A's claim → Yes. Otherwise → No.

CONTRASTIVE EXAMPLES:

1) Phrase A is no_evident_not_easy_check-in. Phrase B is customer_wait_10_minute_for_greet.
   → Waiting 10 minutes to be greeted is direct evidence check-in was NOT easy. Answer: Yes

2) Phrase A is no_evident_not_easy_check-in. Phrase B is no_one_give_key_on_late_check-in.
   → This is about late check-in key handover, a different specific issue than check-in being easy. Answer: No

3) Phrase A is no_evident_not_great_quality. Phrase B is shampoo_seem_cheap_considering_hotel_cost.
   → Cheap-feeling shampoo for the price directly undercuts the ""great quality"" claim. Answer: Yes

4) Phrase A is no_evident_not_great_quality. Phrase B is expensive_hotel.
   → ""Expensive"" is a price complaint, not evidence about quality. Answer: No

5) Phrase A is no_evident_not_helpful_staff. Phrase B is not_kind_staff.
   → ""Not kind"" is a distinct complaint (attitude) from ""not helpful"" (competence/assistance) —
     it does not itself prove staff were unhelpful. Answer: No

OUTPUT FORMAT: Respond with exactly one word, ""Yes"" or ""No"". No explanation, no punctuation.

NOW DECIDE:
Phrase A is no_evident_not_can_move_in_early. Phrase B is staff_misunderstand_on_payment.
Answer:
",No.
2026-08-10 23:07:21,3,156,no_evident_not_can_move_in_early,staff_take_picture_of_passport,"You are checking arguments in an ABA (Assumption-Based Argumentation) framework built from hotel review mining.

BACKGROUND:
Phrase A is always an auto-derived ""Assumption"" — it defends a claim by asserting no counter-evidence
exists. It has one of two forms:
- ""no_evident_not_X"" → defends that X IS true (assumes no evidence proves X false)
- ""have_evident_no_Y"" → defends that Y IS absent (assumes there IS evidence Y is missing)

Phrase B is a candidate ""Proposition"" — a separate fact mined from another part of the review data.

TASK: Decide whether Phrase B is CONTRARY to Phrase A — meaning: if Phrase B is true, does it act as
the counter-evidence that breaks Phrase A's assumption?

RULES (apply in order):
1. Strip the ""no_evident_not_"" or ""have_evident_"" prefix from Phrase A to recover the underlying claim.
2. Ask: does Phrase B describe a concrete fact that, if true, disproves that claim?
3. Phrase B must be about the SAME specific situation as the claim, not merely the same general topic.
   A different specific complaint about the same topic is usually NOT contrary.
4. Do not judge by shared keywords (e.g. both containing ""not"" or ""no"") — judge the meaning.
5. If B provides real counter-evidence against A's claim → Yes. Otherwise → No.

CONTRASTIVE EXAMPLES:

1) Phrase A is no_evident_not_easy_check-in. Phrase B is customer_wait_10_minute_for_greet.
   → Waiting 10 minutes to be greeted is direct evidence check-in was NOT easy. Answer: Yes

2) Phrase A is no_evident_not_easy_check-in. Phrase B is no_one_give_key_on_late_check-in.
   → This is about late check-in key handover, a different specific issue than check-in being easy. Answer: No

3) Phrase A is no_evident_not_great_quality. Phrase B is shampoo_seem_cheap_considering_hotel_cost.
   → Cheap-feeling shampoo for the price directly undercuts the ""great quality"" claim. Answer: Yes

4) Phrase A is no_evident_not_great_quality. Phrase B is expensive_hotel.
   → ""Expensive"" is a price complaint, not evidence about quality. Answer: No

5) Phrase A is no_evident_not_helpful_staff. Phrase B is not_kind_staff.
   → ""Not kind"" is a distinct complaint (attitude) from ""not helpful"" (competence/assistance) —
     it does not itself prove staff were unhelpful. Answer: No

OUTPUT FORMAT: Respond with exactly one word, ""Yes"" or ""No"". No explanation, no punctuation.

NOW DECIDE:
Phrase A is no_evident_not_can_move_in_early. Phrase B is staff_take_picture_of_passport.
Answer:
",Yes
2026-08-10 23:07:21,3,157,no_evident_not_no_problem_self_check-in_at_middle_night,no_one_give_key_on_late_check-in,"You are checking arguments in an ABA (Assumption-Based Argumentation) framework built from hotel review mining.

BACKGROUND:
Phrase A is always an auto-derived ""Assumption"" — it defends a claim by asserting no counter-evidence
exists. It has one of two forms:
- ""no_evident_not_X"" → defends that X IS true (assumes no evidence proves X false)
- ""have_evident_no_Y"" → defends that Y IS absent (assumes there IS evidence Y is missing)

Phrase B is a candidate ""Proposition"" — a separate fact mined from another part of the review data.

TASK: Decide whether Phrase B is CONTRARY to Phrase A — meaning: if Phrase B is true, does it act as
the counter-evidence that breaks Phrase A's assumption?

RULES (apply in order):
1. Strip the ""no_evident_not_"" or ""have_evident_"" prefix from Phrase A to recover the underlying claim.
2. Ask: does Phrase B describe a concrete fact that, if true, disproves that claim?
3. Phrase B must be about the SAME specific situation as the claim, not merely the same general topic.
   A different specific complaint about the same topic is usually NOT contrary.
4. Do not judge by shared keywords (e.g. both containing ""not"" or ""no"") — judge the meaning.
5. If B provides real counter-evidence against A's claim → Yes. Otherwise → No.

CONTRASTIVE EXAMPLES:

1) Phrase A is no_evident_not_easy_check-in. Phrase B is customer_wait_10_minute_for_greet.
   → Waiting 10 minutes to be greeted is direct evidence check-in was NOT easy. Answer: Yes

2) Phrase A is no_evident_not_easy_check-in. Phrase B is no_one_give_key_on_late_check-in.
   → This is about late check-in key handover, a different specific issue than check-in being easy. Answer: No

3) Phrase A is no_evident_not_great_quality. Phrase B is shampoo_seem_cheap_considering_hotel_cost.
   → Cheap-feeling shampoo for the price directly undercuts the ""great quality"" claim. Answer: Yes

4) Phrase A is no_evident_not_great_quality. Phrase B is expensive_hotel.
   → ""Expensive"" is a price complaint, not evidence about quality. Answer: No

5) Phrase A is no_evident_not_helpful_staff. Phrase B is not_kind_staff.
   → ""Not kind"" is a distinct complaint (attitude) from ""not helpful"" (competence/assistance) —
     it does not itself prove staff were unhelpful. Answer: No

OUTPUT FORMAT: Respond with exactly one word, ""Yes"" or ""No"". No explanation, no punctuation.

NOW DECIDE:
Phrase A is no_evident_not_no_problem_self_check-in_at_middle_night. Phrase B is no_one_give_key_on_late_check-in.
Answer:
",Yes
2026-08-10 23:07:22,3,158,no_evident_not_no_problem_self_check-in_at_middle_night,door_lock_on_late_check-in,"You are checking arguments in an ABA (Assumption-Based Argumentation) framework built from hotel review mining.

BACKGROUND:
Phrase A is always an auto-derived ""Assumption"" — it defends a claim by asserting no counter-evidence
exists. It has one of two forms:
- ""no_evident_not_X"" → defends that X IS true (assumes no evidence proves X false)
- ""have_evident_no_Y"" → defends that Y IS absent (assumes there IS evidence Y is missing)

Phrase B is a candidate ""Proposition"" — a separate fact mined from another part of the review data.

TASK: Decide whether Phrase B is CONTRARY to Phrase A — meaning: if Phrase B is true, does it act as
the counter-evidence that breaks Phrase A's assumption?

RULES (apply in order):
1. Strip the ""no_evident_not_"" or ""have_evident_"" prefix from Phrase A to recover the underlying claim.
2. Ask: does Phrase B describe a concrete fact that, if true, disproves that claim?
3. Phrase B must be about the SAME specific situation as the claim, not merely the same general topic.
   A different specific complaint about the same topic is usually NOT contrary.
4. Do not judge by shared keywords (e.g. both containing ""not"" or ""no"") — judge the meaning.
5. If B provides real counter-evidence against A's claim → Yes. Otherwise → No.

CONTRASTIVE EXAMPLES:

1) Phrase A is no_evident_not_easy_check-in. Phrase B is customer_wait_10_minute_for_greet.
   → Waiting 10 minutes to be greeted is direct evidence check-in was NOT easy. Answer: Yes

2) Phrase A is no_evident_not_easy_check-in. Phrase B is no_one_give_key_on_late_check-in.
   → This is about late check-in key handover, a different specific issue than check-in being easy. Answer: No

3) Phrase A is no_evident_not_great_quality. Phrase B is shampoo_seem_cheap_considering_hotel_cost.
   → Cheap-feeling shampoo for the price directly undercuts the ""great quality"" claim. Answer: Yes

4) Phrase A is no_evident_not_great_quality. Phrase B is expensive_hotel.
   → ""Expensive"" is a price complaint, not evidence about quality. Answer: No

5) Phrase A is no_evident_not_helpful_staff. Phrase B is not_kind_staff.
   → ""Not kind"" is a distinct complaint (attitude) from ""not helpful"" (competence/assistance) —
     it does not itself prove staff were unhelpful. Answer: No

OUTPUT FORMAT: Respond with exactly one word, ""Yes"" or ""No"". No explanation, no punctuation.

NOW DECIDE:
Phrase A is no_evident_not_no_problem_self_check-in_at_middle_night. Phrase B is door_lock_on_late_check-in.
Answer:
",Yes
2026-08-10 23:07:22,3,159,no_evident_not_no_problem_self_check-in_at_middle_night,customer_wait_10_minute_for_greet,"You are checking arguments in an ABA (Assumption-Based Argumentation) framework built from hotel review mining.

BACKGROUND:
Phrase A is always an auto-derived ""Assumption"" — it defends a claim by asserting no counter-evidence
exists. It has one of two forms:
- ""no_evident_not_X"" → defends that X IS true (assumes no evidence proves X false)
- ""have_evident_no_Y"" → defends that Y IS absent (assumes there IS evidence Y is missing)

Phrase B is a candidate ""Proposition"" — a separate fact mined from another part of the review data.

TASK: Decide whether Phrase B is CONTRARY to Phrase A — meaning: if Phrase B is true, does it act as
the counter-evidence that breaks Phrase A's assumption?

RULES (apply in order):
1. Strip the ""no_evident_not_"" or ""have_evident_"" prefix from Phrase A to recover the underlying claim.
2. Ask: does Phrase B describe a concrete fact that, if true, disproves that claim?
3. Phrase B must be about the SAME specific situation as the claim, not merely the same general topic.
   A different specific complaint about the same topic is usually NOT contrary.
4. Do not judge by shared keywords (e.g. both containing ""not"" or ""no"") — judge the meaning.
5. If B provides real counter-evidence against A's claim → Yes. Otherwise → No.

CONTRASTIVE EXAMPLES:

1) Phrase A is no_evident_not_easy_check-in. Phrase B is customer_wait_10_minute_for_greet.
   → Waiting 10 minutes to be greeted is direct evidence check-in was NOT easy. Answer: Yes

2) Phrase A is no_evident_not_easy_check-in. Phrase B is no_one_give_key_on_late_check-in.
   → This is about late check-in key handover, a different specific issue than check-in being easy. Answer: No

3) Phrase A is no_evident_not_great_quality. Phrase B is shampoo_seem_cheap_considering_hotel_cost.
   → Cheap-feeling shampoo for the price directly undercuts the ""great quality"" claim. Answer: Yes

4) Phrase A is no_evident_not_great_quality. Phrase B is expensive_hotel.
   → ""Expensive"" is a price complaint, not evidence about quality. Answer: No

5) Phrase A is no_evident_not_helpful_staff. Phrase B is not_kind_staff.
   → ""Not kind"" is a distinct complaint (attitude) from ""not helpful"" (competence/assistance) —
     it does not itself prove staff were unhelpful. Answer: No

OUTPUT FORMAT: Respond with exactly one word, ""Yes"" or ""No"". No explanation, no punctuation.

NOW DECIDE:
Phrase A is no_evident_not_no_problem_self_check-in_at_middle_night. Phrase B is customer_wait_10_minute_for_greet.
Answer:
",Yes
2026-08-10 23:07:22,3,160,no_evident_not_no_problem_self_check-in_at_middle_night,customer_wait_10_minute_for_check-in,"You are checking arguments in an ABA (Assumption-Based Argumentation) framework built from hotel review mining.

BACKGROUND:
Phrase A is always an auto-derived ""Assumption"" — it defends a claim by asserting no counter-evidence
exists. It has one of two forms:
- ""no_evident_not_X"" → defends that X IS true (assumes no evidence proves X false)
- ""have_evident_no_Y"" → defends that Y IS absent (assumes there IS evidence Y is missing)

Phrase B is a candidate ""Proposition"" — a separate fact mined from another part of the review data.

TASK: Decide whether Phrase B is CONTRARY to Phrase A — meaning: if Phrase B is true, does it act as
the counter-evidence that breaks Phrase A's assumption?

RULES (apply in order):
1. Strip the ""no_evident_not_"" or ""have_evident_"" prefix from Phrase A to recover the underlying claim.
2. Ask: does Phrase B describe a concrete fact that, if true, disproves that claim?
3. Phrase B must be about the SAME specific situation as the claim, not merely the same general topic.
   A different specific complaint about the same topic is usually NOT contrary.
4. Do not judge by shared keywords (e.g. both containing ""not"" or ""no"") — judge the meaning.
5. If B provides real counter-evidence against A's claim → Yes. Otherwise → No.

CONTRASTIVE EXAMPLES:

1) Phrase A is no_evident_not_easy_check-in. Phrase B is customer_wait_10_minute_for_greet.
   → Waiting 10 minutes to be greeted is direct evidence check-in was NOT easy. Answer: Yes

2) Phrase A is no_evident_not_easy_check-in. Phrase B is no_one_give_key_on_late_check-in.
   → This is about late check-in key handover, a different specific issue than check-in being easy. Answer: No

3) Phrase A is no_evident_not_great_quality. Phrase B is shampoo_seem_cheap_considering_hotel_cost.
   → Cheap-feeling shampoo for the price directly undercuts the ""great quality"" claim. Answer: Yes

4) Phrase A is no_evident_not_great_quality. Phrase B is expensive_hotel.
   → ""Expensive"" is a price complaint, not evidence about quality. Answer: No

5) Phrase A is no_evident_not_helpful_staff. Phrase B is not_kind_staff.
   → ""Not kind"" is a distinct complaint (attitude) from ""not helpful"" (competence/assistance) —
     it does not itself prove staff were unhelpful. Answer: No

OUTPUT FORMAT: Respond with exactly one word, ""Yes"" or ""No"". No explanation, no punctuation.

NOW DECIDE:
Phrase A is no_evident_not_no_problem_self_check-in_at_middle_night. Phrase B is customer_wait_10_minute_for_check-in.
Answer:
",Yes
2026-08-10 23:07:22,3,161,no_evident_not_no_problem_self_check-in_at_middle_night,staff_misunderstand_on_payment,"You are checking arguments in an ABA (Assumption-Based Argumentation) framework built from hotel review mining.

BACKGROUND:
Phrase A is always an auto-derived ""Assumption"" — it defends a claim by asserting no counter-evidence
exists. It has one of two forms:
- ""no_evident_not_X"" → defends that X IS true (assumes no evidence proves X false)
- ""have_evident_no_Y"" → defends that Y IS absent (assumes there IS evidence Y is missing)

Phrase B is a candidate ""Proposition"" — a separate fact mined from another part of the review data.

TASK: Decide whether Phrase B is CONTRARY to Phrase A — meaning: if Phrase B is true, does it act as
the counter-evidence that breaks Phrase A's assumption?

RULES (apply in order):
1. Strip the ""no_evident_not_"" or ""have_evident_"" prefix from Phrase A to recover the underlying claim.
2. Ask: does Phrase B describe a concrete fact that, if true, disproves that claim?
3. Phrase B must be about the SAME specific situation as the claim, not merely the same general topic.
   A different specific complaint about the same topic is usually NOT contrary.
4. Do not judge by shared keywords (e.g. both containing ""not"" or ""no"") — judge the meaning.
5. If B provides real counter-evidence against A's claim → Yes. Otherwise → No.

CONTRASTIVE EXAMPLES:

1) Phrase A is no_evident_not_easy_check-in. Phrase B is customer_wait_10_minute_for_greet.
   → Waiting 10 minutes to be greeted is direct evidence check-in was NOT easy. Answer: Yes

2) Phrase A is no_evident_not_easy_check-in. Phrase B is no_one_give_key_on_late_check-in.
   → This is about late check-in key handover, a different specific issue than check-in being easy. Answer: No

3) Phrase A is no_evident_not_great_quality. Phrase B is shampoo_seem_cheap_considering_hotel_cost.
   → Cheap-feeling shampoo for the price directly undercuts the ""great quality"" claim. Answer: Yes

4) Phrase A is no_evident_not_great_quality. Phrase B is expensive_hotel.
   → ""Expensive"" is a price complaint, not evidence about quality. Answer: No

5) Phrase A is no_evident_not_helpful_staff. Phrase B is not_kind_staff.
   → ""Not kind"" is a distinct complaint (attitude) from ""not helpful"" (competence/assistance) —
     it does not itself prove staff were unhelpful. Answer: No

OUTPUT FORMAT: Respond with exactly one word, ""Yes"" or ""No"". No explanation, no punctuation.

NOW DECIDE:
Phrase A is no_evident_not_no_problem_self_check-in_at_middle_night. Phrase B is staff_misunderstand_on_payment.
Answer:
",Yes
2026-08-10 23:07:23,3,162,no_evident_not_no_problem_self_check-in_at_middle_night,staff_take_picture_of_passport,"You are checking arguments in an ABA (Assumption-Based Argumentation) framework built from hotel review mining.

BACKGROUND:
Phrase A is always an auto-derived ""Assumption"" — it defends a claim by asserting no counter-evidence
exists. It has one of two forms:
- ""no_evident_not_X"" → defends that X IS true (assumes no evidence proves X false)
- ""have_evident_no_Y"" → defends that Y IS absent (assumes there IS evidence Y is missing)

Phrase B is a candidate ""Proposition"" — a separate fact mined from another part of the review data.

TASK: Decide whether Phrase B is CONTRARY to Phrase A — meaning: if Phrase B is true, does it act as
the counter-evidence that breaks Phrase A's assumption?

RULES (apply in order):
1. Strip the ""no_evident_not_"" or ""have_evident_"" prefix from Phrase A to recover the underlying claim.
2. Ask: does Phrase B describe a concrete fact that, if true, disproves that claim?
3. Phrase B must be about the SAME specific situation as the claim, not merely the same general topic.
   A different specific complaint about the same topic is usually NOT contrary.
4. Do not judge by shared keywords (e.g. both containing ""not"" or ""no"") — judge the meaning.
5. If B provides real counter-evidence against A's claim → Yes. Otherwise → No.

CONTRASTIVE EXAMPLES:

1) Phrase A is no_evident_not_easy_check-in. Phrase B is customer_wait_10_minute_for_greet.
   → Waiting 10 minutes to be greeted is direct evidence check-in was NOT easy. Answer: Yes

2) Phrase A is no_evident_not_easy_check-in. Phrase B is no_one_give_key_on_late_check-in.
   → This is about late check-in key handover, a different specific issue than check-in being easy. Answer: No

3) Phrase A is no_evident_not_great_quality. Phrase B is shampoo_seem_cheap_considering_hotel_cost.
   → Cheap-feeling shampoo for the price directly undercuts the ""great quality"" claim. Answer: Yes

4) Phrase A is no_evident_not_great_quality. Phrase B is expensive_hotel.
   → ""Expensive"" is a price complaint, not evidence about quality. Answer: No

5) Phrase A is no_evident_not_helpful_staff. Phrase B is not_kind_staff.
   → ""Not kind"" is a distinct complaint (attitude) from ""not helpful"" (competence/assistance) —
     it does not itself prove staff were unhelpful. Answer: No

OUTPUT FORMAT: Respond with exactly one word, ""Yes"" or ""No"". No explanation, no punctuation.

NOW DECIDE:
Phrase A is no_evident_not_no_problem_self_check-in_at_middle_night. Phrase B is staff_take_picture_of_passport.
Answer:
",No.
2026-08-10 23:07:23,3,164,no_evident_not_no_problem_check-in_after_12_at_night,door_lock_on_late_check-in,"You are checking arguments in an ABA (Assumption-Based Argumentation) framework built from hotel review mining.

BACKGROUND:
Phrase A is always an auto-derived ""Assumption"" — it defends a claim by asserting no counter-evidence
exists. It has one of two forms:
- ""no_evident_not_X"" → defends that X IS true (assumes no evidence proves X false)
- ""have_evident_no_Y"" → defends that Y IS absent (assumes there IS evidence Y is missing)

Phrase B is a candidate ""Proposition"" — a separate fact mined from another part of the review data.

TASK: Decide whether Phrase B is CONTRARY to Phrase A — meaning: if Phrase B is true, does it act as
the counter-evidence that breaks Phrase A's assumption?

RULES (apply in order):
1. Strip the ""no_evident_not_"" or ""have_evident_"" prefix from Phrase A to recover the underlying claim.
2. Ask: does Phrase B describe a concrete fact that, if true, disproves that claim?
3. Phrase B must be about the SAME specific situation as the claim, not merely the same general topic.
   A different specific complaint about the same topic is usually NOT contrary.
4. Do not judge by shared keywords (e.g. both containing ""not"" or ""no"") — judge the meaning.
5. If B provides real counter-evidence against A's claim → Yes. Otherwise → No.

CONTRASTIVE EXAMPLES:

1) Phrase A is no_evident_not_easy_check-in. Phrase B is customer_wait_10_minute_for_greet.
   → Waiting 10 minutes to be greeted is direct evidence check-in was NOT easy. Answer: Yes

2) Phrase A is no_evident_not_easy_check-in. Phrase B is no_one_give_key_on_late_check-in.
   → This is about late check-in key handover, a different specific issue than check-in being easy. Answer: No

3) Phrase A is no_evident_not_great_quality. Phrase B is shampoo_seem_cheap_considering_hotel_cost.
   → Cheap-feeling shampoo for the price directly undercuts the ""great quality"" claim. Answer: Yes

4) Phrase A is no_evident_not_great_quality. Phrase B is expensive_hotel.
   → ""Expensive"" is a price complaint, not evidence about quality. Answer: No

5) Phrase A is no_evident_not_helpful_staff. Phrase B is not_kind_staff.
   → ""Not kind"" is a distinct complaint (attitude) from ""not helpful"" (competence/assistance) —
     it does not itself prove staff were unhelpful. Answer: No

OUTPUT FORMAT: Respond with exactly one word, ""Yes"" or ""No"". No explanation, no punctuation.

NOW DECIDE:
Phrase A is no_evident_not_no_problem_check-in_after_12_at_night. Phrase B is door_lock_on_late_check-in.
Answer:
",Yes
2026-08-10 23:07:23,3,163,no_evident_not_no_problem_check-in_after_12_at_night,no_one_give_key_on_late_check-in,"You are checking arguments in an ABA (Assumption-Based Argumentation) framework built from hotel review mining.

BACKGROUND:
Phrase A is always an auto-derived ""Assumption"" — it defends a claim by asserting no counter-evidence
exists. It has one of two forms:
- ""no_evident_not_X"" → defends that X IS true (assumes no evidence proves X false)
- ""have_evident_no_Y"" → defends that Y IS absent (assumes there IS evidence Y is missing)

Phrase B is a candidate ""Proposition"" — a separate fact mined from another part of the review data.

TASK: Decide whether Phrase B is CONTRARY to Phrase A — meaning: if Phrase B is true, does it act as
the counter-evidence that breaks Phrase A's assumption?

RULES (apply in order):
1. Strip the ""no_evident_not_"" or ""have_evident_"" prefix from Phrase A to recover the underlying claim.
2. Ask: does Phrase B describe a concrete fact that, if true, disproves that claim?
3. Phrase B must be about the SAME specific situation as the claim, not merely the same general topic.
   A different specific complaint about the same topic is usually NOT contrary.
4. Do not judge by shared keywords (e.g. both containing ""not"" or ""no"") — judge the meaning.
5. If B provides real counter-evidence against A's claim → Yes. Otherwise → No.

CONTRASTIVE EXAMPLES:

1) Phrase A is no_evident_not_easy_check-in. Phrase B is customer_wait_10_minute_for_greet.
   → Waiting 10 minutes to be greeted is direct evidence check-in was NOT easy. Answer: Yes

2) Phrase A is no_evident_not_easy_check-in. Phrase B is no_one_give_key_on_late_check-in.
   → This is about late check-in key handover, a different specific issue than check-in being easy. Answer: No

3) Phrase A is no_evident_not_great_quality. Phrase B is shampoo_seem_cheap_considering_hotel_cost.
   → Cheap-feeling shampoo for the price directly undercuts the ""great quality"" claim. Answer: Yes

4) Phrase A is no_evident_not_great_quality. Phrase B is expensive_hotel.
   → ""Expensive"" is a price complaint, not evidence about quality. Answer: No

5) Phrase A is no_evident_not_helpful_staff. Phrase B is not_kind_staff.
   → ""Not kind"" is a distinct complaint (attitude) from ""not helpful"" (competence/assistance) —
     it does not itself prove staff were unhelpful. Answer: No

OUTPUT FORMAT: Respond with exactly one word, ""Yes"" or ""No"". No explanation, no punctuation.

NOW DECIDE:
Phrase A is no_evident_not_no_problem_check-in_after_12_at_night. Phrase B is no_one_give_key_on_late_check-in.
Answer:
",Yes
2026-08-10 23:07:23,3,165,no_evident_not_no_problem_check-in_after_12_at_night,customer_wait_10_minute_for_greet,"You are checking arguments in an ABA (Assumption-Based Argumentation) framework built from hotel review mining.

BACKGROUND:
Phrase A is always an auto-derived ""Assumption"" — it defends a claim by asserting no counter-evidence
exists. It has one of two forms:
- ""no_evident_not_X"" → defends that X IS true (assumes no evidence proves X false)
- ""have_evident_no_Y"" → defends that Y IS absent (assumes there IS evidence Y is missing)

Phrase B is a candidate ""Proposition"" — a separate fact mined from another part of the review data.

TASK: Decide whether Phrase B is CONTRARY to Phrase A — meaning: if Phrase B is true, does it act as
the counter-evidence that breaks Phrase A's assumption?

RULES (apply in order):
1. Strip the ""no_evident_not_"" or ""have_evident_"" prefix from Phrase A to recover the underlying claim.
2. Ask: does Phrase B describe a concrete fact that, if true, disproves that claim?
3. Phrase B must be about the SAME specific situation as the claim, not merely the same general topic.
   A different specific complaint about the same topic is usually NOT contrary.
4. Do not judge by shared keywords (e.g. both containing ""not"" or ""no"") — judge the meaning.
5. If B provides real counter-evidence against A's claim → Yes. Otherwise → No.

CONTRASTIVE EXAMPLES:

1) Phrase A is no_evident_not_easy_check-in. Phrase B is customer_wait_10_minute_for_greet.
   → Waiting 10 minutes to be greeted is direct evidence check-in was NOT easy. Answer: Yes

2) Phrase A is no_evident_not_easy_check-in. Phrase B is no_one_give_key_on_late_check-in.
   → This is about late check-in key handover, a different specific issue than check-in being easy. Answer: No

3) Phrase A is no_evident_not_great_quality. Phrase B is shampoo_seem_cheap_considering_hotel_cost.
   → Cheap-feeling shampoo for the price directly undercuts the ""great quality"" claim. Answer: Yes

4) Phrase A is no_evident_not_great_quality. Phrase B is expensive_hotel.
   → ""Expensive"" is a price complaint, not evidence about quality. Answer: No

5) Phrase A is no_evident_not_helpful_staff. Phrase B is not_kind_staff.
   → ""Not kind"" is a distinct complaint (attitude) from ""not helpful"" (competence/assistance) —
     it does not itself prove staff were unhelpful. Answer: No

OUTPUT FORMAT: Respond with exactly one word, ""Yes"" or ""No"". No explanation, no punctuation.

NOW DECIDE:
Phrase A is no_evident_not_no_problem_check-in_after_12_at_night. Phrase B is customer_wait_10_minute_for_greet.
Answer:
",Yes
2026-08-10 23:07:23,3,166,no_evident_not_no_problem_check-in_after_12_at_night,customer_wait_10_minute_for_check-in,"You are checking arguments in an ABA (Assumption-Based Argumentation) framework built from hotel review mining.

BACKGROUND:
Phrase A is always an auto-derived ""Assumption"" — it defends a claim by asserting no counter-evidence
exists. It has one of two forms:
- ""no_evident_not_X"" → defends that X IS true (assumes no evidence proves X false)
- ""have_evident_no_Y"" → defends that Y IS absent (assumes there IS evidence Y is missing)

Phrase B is a candidate ""Proposition"" — a separate fact mined from another part of the review data.

TASK: Decide whether Phrase B is CONTRARY to Phrase A — meaning: if Phrase B is true, does it act as
the counter-evidence that breaks Phrase A's assumption?

RULES (apply in order):
1. Strip the ""no_evident_not_"" or ""have_evident_"" prefix from Phrase A to recover the underlying claim.
2. Ask: does Phrase B describe a concrete fact that, if true, disproves that claim?
3. Phrase B must be about the SAME specific situation as the claim, not merely the same general topic.
   A different specific complaint about the same topic is usually NOT contrary.
4. Do not judge by shared keywords (e.g. both containing ""not"" or ""no"") — judge the meaning.
5. If B provides real counter-evidence against A's claim → Yes. Otherwise → No.

CONTRASTIVE EXAMPLES:

1) Phrase A is no_evident_not_easy_check-in. Phrase B is customer_wait_10_minute_for_greet.
   → Waiting 10 minutes to be greeted is direct evidence check-in was NOT easy. Answer: Yes

2) Phrase A is no_evident_not_easy_check-in. Phrase B is no_one_give_key_on_late_check-in.
   → This is about late check-in key handover, a different specific issue than check-in being easy. Answer: No

3) Phrase A is no_evident_not_great_quality. Phrase B is shampoo_seem_cheap_considering_hotel_cost.
   → Cheap-feeling shampoo for the price directly undercuts the ""great quality"" claim. Answer: Yes

4) Phrase A is no_evident_not_great_quality. Phrase B is expensive_hotel.
   → ""Expensive"" is a price complaint, not evidence about quality. Answer: No

5) Phrase A is no_evident_not_helpful_staff. Phrase B is not_kind_staff.
   → ""Not kind"" is a distinct complaint (attitude) from ""not helpful"" (competence/assistance) —
     it does not itself prove staff were unhelpful. Answer: No

OUTPUT FORMAT: Respond with exactly one word, ""Yes"" or ""No"". No explanation, no punctuation.

NOW DECIDE:
Phrase A is no_evident_not_no_problem_check-in_after_12_at_night. Phrase B is customer_wait_10_minute_for_check-in.
Answer:
",Yes
2026-08-10 23:07:23,3,167,no_evident_not_no_problem_check-in_after_12_at_night,staff_misunderstand_on_payment,"You are checking arguments in an ABA (Assumption-Based Argumentation) framework built from hotel review mining.

BACKGROUND:
Phrase A is always an auto-derived ""Assumption"" — it defends a claim by asserting no counter-evidence
exists. It has one of two forms:
- ""no_evident_not_X"" → defends that X IS true (assumes no evidence proves X false)
- ""have_evident_no_Y"" → defends that Y IS absent (assumes there IS evidence Y is missing)

Phrase B is a candidate ""Proposition"" — a separate fact mined from another part of the review data.

TASK: Decide whether Phrase B is CONTRARY to Phrase A — meaning: if Phrase B is true, does it act as
the counter-evidence that breaks Phrase A's assumption?

RULES (apply in order):
1. Strip the ""no_evident_not_"" or ""have_evident_"" prefix from Phrase A to recover the underlying claim.
2. Ask: does Phrase B describe a concrete fact that, if true, disproves that claim?
3. Phrase B must be about the SAME specific situation as the claim, not merely the same general topic.
   A different specific complaint about the same topic is usually NOT contrary.
4. Do not judge by shared keywords (e.g. both containing ""not"" or ""no"") — judge the meaning.
5. If B provides real counter-evidence against A's claim → Yes. Otherwise → No.

CONTRASTIVE EXAMPLES:

1) Phrase A is no_evident_not_easy_check-in. Phrase B is customer_wait_10_minute_for_greet.
   → Waiting 10 minutes to be greeted is direct evidence check-in was NOT easy. Answer: Yes

2) Phrase A is no_evident_not_easy_check-in. Phrase B is no_one_give_key_on_late_check-in.
   → This is about late check-in key handover, a different specific issue than check-in being easy. Answer: No

3) Phrase A is no_evident_not_great_quality. Phrase B is shampoo_seem_cheap_considering_hotel_cost.
   → Cheap-feeling shampoo for the price directly undercuts the ""great quality"" claim. Answer: Yes

4) Phrase A is no_evident_not_great_quality. Phrase B is expensive_hotel.
   → ""Expensive"" is a price complaint, not evidence about quality. Answer: No

5) Phrase A is no_evident_not_helpful_staff. Phrase B is not_kind_staff.
   → ""Not kind"" is a distinct complaint (attitude) from ""not helpful"" (competence/assistance) —
     it does not itself prove staff were unhelpful. Answer: No

OUTPUT FORMAT: Respond with exactly one word, ""Yes"" or ""No"". No explanation, no punctuation.

NOW DECIDE:
Phrase A is no_evident_not_no_problem_check-in_after_12_at_night. Phrase B is staff_misunderstand_on_payment.
Answer:
",Yes
2026-08-10 23:07:23,3,168,no_evident_not_no_problem_check-in_after_12_at_night,staff_take_picture_of_passport,"You are checking arguments in an ABA (Assumption-Based Argumentation) framework built from hotel review mining.

BACKGROUND:
Phrase A is always an auto-derived ""Assumption"" — it defends a claim by asserting no counter-evidence
exists. It has one of two forms:
- ""no_evident_not_X"" → defends that X IS true (assumes no evidence proves X false)
- ""have_evident_no_Y"" → defends that Y IS absent (assumes there IS evidence Y is missing)

Phrase B is a candidate ""Proposition"" — a separate fact mined from another part of the review data.

TASK: Decide whether Phrase B is CONTRARY to Phrase A — meaning: if Phrase B is true, does it act as
the counter-evidence that breaks Phrase A's assumption?

RULES (apply in order):
1. Strip the ""no_evident_not_"" or ""have_evident_"" prefix from Phrase A to recover the underlying claim.
2. Ask: does Phrase B describe a concrete fact that, if true, disproves that claim?
3. Phrase B must be about the SAME specific situation as the claim, not merely the same general topic.
   A different specific complaint about the same topic is usually NOT contrary.
4. Do not judge by shared keywords (e.g. both containing ""not"" or ""no"") — judge the meaning.
5. If B provides real counter-evidence against A's claim → Yes. Otherwise → No.

CONTRASTIVE EXAMPLES:

1) Phrase A is no_evident_not_easy_check-in. Phrase B is customer_wait_10_minute_for_greet.
   → Waiting 10 minutes to be greeted is direct evidence check-in was NOT easy. Answer: Yes

2) Phrase A is no_evident_not_easy_check-in. Phrase B is no_one_give_key_on_late_check-in.
   → This is about late check-in key handover, a different specific issue than check-in being easy. Answer: No

3) Phrase A is no_evident_not_great_quality. Phrase B is shampoo_seem_cheap_considering_hotel_cost.
   → Cheap-feeling shampoo for the price directly undercuts the ""great quality"" claim. Answer: Yes

4) Phrase A is no_evident_not_great_quality. Phrase B is expensive_hotel.
   → ""Expensive"" is a price complaint, not evidence about quality. Answer: No

5) Phrase A is no_evident_not_helpful_staff. Phrase B is not_kind_staff.
   → ""Not kind"" is a distinct complaint (attitude) from ""not helpful"" (competence/assistance) —
     it does not itself prove staff were unhelpful. Answer: No

OUTPUT FORMAT: Respond with exactly one word, ""Yes"" or ""No"". No explanation, no punctuation.

NOW DECIDE:
Phrase A is no_evident_not_no_problem_check-in_after_12_at_night. Phrase B is staff_take_picture_of_passport.
Answer:
",No.
2026-08-10 23:07:23,3,169,no_evident_not_staff_help_check-in_after_midnight,no_one_give_key_on_late_check-in,"You are checking arguments in an ABA (Assumption-Based Argumentation) framework built from hotel review mining.

BACKGROUND:
Phrase A is always an auto-derived ""Assumption"" — it defends a claim by asserting no counter-evidence
exists. It has one of two forms:
- ""no_evident_not_X"" → defends that X IS true (assumes no evidence proves X false)
- ""have_evident_no_Y"" → defends that Y IS absent (assumes there IS evidence Y is missing)

Phrase B is a candidate ""Proposition"" — a separate fact mined from another part of the review data.

TASK: Decide whether Phrase B is CONTRARY to Phrase A — meaning: if Phrase B is true, does it act as
the counter-evidence that breaks Phrase A's assumption?

RULES (apply in order):
1. Strip the ""no_evident_not_"" or ""have_evident_"" prefix from Phrase A to recover the underlying claim.
2. Ask: does Phrase B describe a concrete fact that, if true, disproves that claim?
3. Phrase B must be about the SAME specific situation as the claim, not merely the same general topic.
   A different specific complaint about the same topic is usually NOT contrary.
4. Do not judge by shared keywords (e.g. both containing ""not"" or ""no"") — judge the meaning.
5. If B provides real counter-evidence against A's claim → Yes. Otherwise → No.

CONTRASTIVE EXAMPLES:

1) Phrase A is no_evident_not_easy_check-in. Phrase B is customer_wait_10_minute_for_greet.
   → Waiting 10 minutes to be greeted is direct evidence check-in was NOT easy. Answer: Yes

2) Phrase A is no_evident_not_easy_check-in. Phrase B is no_one_give_key_on_late_check-in.
   → This is about late check-in key handover, a different specific issue than check-in being easy. Answer: No

3) Phrase A is no_evident_not_great_quality. Phrase B is shampoo_seem_cheap_considering_hotel_cost.
   → Cheap-feeling shampoo for the price directly undercuts the ""great quality"" claim. Answer: Yes

4) Phrase A is no_evident_not_great_quality. Phrase B is expensive_hotel.
   → ""Expensive"" is a price complaint, not evidence about quality. Answer: No

5) Phrase A is no_evident_not_helpful_staff. Phrase B is not_kind_staff.
   → ""Not kind"" is a distinct complaint (attitude) from ""not helpful"" (competence/assistance) —
     it does not itself prove staff were unhelpful. Answer: No

OUTPUT FORMAT: Respond with exactly one word, ""Yes"" or ""No"". No explanation, no punctuation.

NOW DECIDE:
Phrase A is no_evident_not_staff_help_check-in_after_midnight. Phrase B is no_one_give_key_on_late_check-in.
Answer:
",Yes
2026-08-10 23:07:24,3,170,no_evident_not_staff_help_check-in_after_midnight,door_lock_on_late_check-in,"You are checking arguments in an ABA (Assumption-Based Argumentation) framework built from hotel review mining.

BACKGROUND:
Phrase A is always an auto-derived ""Assumption"" — it defends a claim by asserting no counter-evidence
exists. It has one of two forms:
- ""no_evident_not_X"" → defends that X IS true (assumes no evidence proves X false)
- ""have_evident_no_Y"" → defends that Y IS absent (assumes there IS evidence Y is missing)

Phrase B is a candidate ""Proposition"" — a separate fact mined from another part of the review data.

TASK: Decide whether Phrase B is CONTRARY to Phrase A — meaning: if Phrase B is true, does it act as
the counter-evidence that breaks Phrase A's assumption?

RULES (apply in order):
1. Strip the ""no_evident_not_"" or ""have_evident_"" prefix from Phrase A to recover the underlying claim.
2. Ask: does Phrase B describe a concrete fact that, if true, disproves that claim?
3. Phrase B must be about the SAME specific situation as the claim, not merely the same general topic.
   A different specific complaint about the same topic is usually NOT contrary.
4. Do not judge by shared keywords (e.g. both containing ""not"" or ""no"") — judge the meaning.
5. If B provides real counter-evidence against A's claim → Yes. Otherwise → No.

CONTRASTIVE EXAMPLES:

1) Phrase A is no_evident_not_easy_check-in. Phrase B is customer_wait_10_minute_for_greet.
   → Waiting 10 minutes to be greeted is direct evidence check-in was NOT easy. Answer: Yes

2) Phrase A is no_evident_not_easy_check-in. Phrase B is no_one_give_key_on_late_check-in.
   → This is about late check-in key handover, a different specific issue than check-in being easy. Answer: No

3) Phrase A is no_evident_not_great_quality. Phrase B is shampoo_seem_cheap_considering_hotel_cost.
   → Cheap-feeling shampoo for the price directly undercuts the ""great quality"" claim. Answer: Yes

4) Phrase A is no_evident_not_great_quality. Phrase B is expensive_hotel.
   → ""Expensive"" is a price complaint, not evidence about quality. Answer: No

5) Phrase A is no_evident_not_helpful_staff. Phrase B is not_kind_staff.
   → ""Not kind"" is a distinct complaint (attitude) from ""not helpful"" (competence/assistance) —
     it does not itself prove staff were unhelpful. Answer: No

OUTPUT FORMAT: Respond with exactly one word, ""Yes"" or ""No"". No explanation, no punctuation.

NOW DECIDE:
Phrase A is no_evident_not_staff_help_check-in_after_midnight. Phrase B is door_lock_on_late_check-in.
Answer:
",No.
2026-08-10 23:07:24,3,171,no_evident_not_staff_help_check-in_after_midnight,customer_wait_10_minute_for_greet,"You are checking arguments in an ABA (Assumption-Based Argumentation) framework built from hotel review mining.

BACKGROUND:
Phrase A is always an auto-derived ""Assumption"" — it defends a claim by asserting no counter-evidence
exists. It has one of two forms:
- ""no_evident_not_X"" → defends that X IS true (assumes no evidence proves X false)
- ""have_evident_no_Y"" → defends that Y IS absent (assumes there IS evidence Y is missing)

Phrase B is a candidate ""Proposition"" — a separate fact mined from another part of the review data.

TASK: Decide whether Phrase B is CONTRARY to Phrase A — meaning: if Phrase B is true, does it act as
the counter-evidence that breaks Phrase A's assumption?

RULES (apply in order):
1. Strip the ""no_evident_not_"" or ""have_evident_"" prefix from Phrase A to recover the underlying claim.
2. Ask: does Phrase B describe a concrete fact that, if true, disproves that claim?
3. Phrase B must be about the SAME specific situation as the claim, not merely the same general topic.
   A different specific complaint about the same topic is usually NOT contrary.
4. Do not judge by shared keywords (e.g. both containing ""not"" or ""no"") — judge the meaning.
5. If B provides real counter-evidence against A's claim → Yes. Otherwise → No.

CONTRASTIVE EXAMPLES:

1) Phrase A is no_evident_not_easy_check-in. Phrase B is customer_wait_10_minute_for_greet.
   → Waiting 10 minutes to be greeted is direct evidence check-in was NOT easy. Answer: Yes

2) Phrase A is no_evident_not_easy_check-in. Phrase B is no_one_give_key_on_late_check-in.
   → This is about late check-in key handover, a different specific issue than check-in being easy. Answer: No

3) Phrase A is no_evident_not_great_quality. Phrase B is shampoo_seem_cheap_considering_hotel_cost.
   → Cheap-feeling shampoo for the price directly undercuts the ""great quality"" claim. Answer: Yes

4) Phrase A is no_evident_not_great_quality. Phrase B is expensive_hotel.
   → ""Expensive"" is a price complaint, not evidence about quality. Answer: No

5) Phrase A is no_evident_not_helpful_staff. Phrase B is not_kind_staff.
   → ""Not kind"" is a distinct complaint (attitude) from ""not helpful"" (competence/assistance) —
     it does not itself prove staff were unhelpful. Answer: No

OUTPUT FORMAT: Respond with exactly one word, ""Yes"" or ""No"". No explanation, no punctuation.

NOW DECIDE:
Phrase A is no_evident_not_staff_help_check-in_after_midnight. Phrase B is customer_wait_10_minute_for_greet.
Answer:
",Yes
2026-08-10 23:07:24,3,172,no_evident_not_staff_help_check-in_after_midnight,customer_wait_10_minute_for_check-in,"You are checking arguments in an ABA (Assumption-Based Argumentation) framework built from hotel review mining.

BACKGROUND:
Phrase A is always an auto-derived ""Assumption"" — it defends a claim by asserting no counter-evidence
exists. It has one of two forms:
- ""no_evident_not_X"" → defends that X IS true (assumes no evidence proves X false)
- ""have_evident_no_Y"" → defends that Y IS absent (assumes there IS evidence Y is missing)

Phrase B is a candidate ""Proposition"" — a separate fact mined from another part of the review data.

TASK: Decide whether Phrase B is CONTRARY to Phrase A — meaning: if Phrase B is true, does it act as
the counter-evidence that breaks Phrase A's assumption?

RULES (apply in order):
1. Strip the ""no_evident_not_"" or ""have_evident_"" prefix from Phrase A to recover the underlying claim.
2. Ask: does Phrase B describe a concrete fact that, if true, disproves that claim?
3. Phrase B must be about the SAME specific situation as the claim, not merely the same general topic.
   A different specific complaint about the same topic is usually NOT contrary.
4. Do not judge by shared keywords (e.g. both containing ""not"" or ""no"") — judge the meaning.
5. If B provides real counter-evidence against A's claim → Yes. Otherwise → No.

CONTRASTIVE EXAMPLES:

1) Phrase A is no_evident_not_easy_check-in. Phrase B is customer_wait_10_minute_for_greet.
   → Waiting 10 minutes to be greeted is direct evidence check-in was NOT easy. Answer: Yes

2) Phrase A is no_evident_not_easy_check-in. Phrase B is no_one_give_key_on_late_check-in.
   → This is about late check-in key handover, a different specific issue than check-in being easy. Answer: No

3) Phrase A is no_evident_not_great_quality. Phrase B is shampoo_seem_cheap_considering_hotel_cost.
   → Cheap-feeling shampoo for the price directly undercuts the ""great quality"" claim. Answer: Yes

4) Phrase A is no_evident_not_great_quality. Phrase B is expensive_hotel.
   → ""Expensive"" is a price complaint, not evidence about quality. Answer: No

5) Phrase A is no_evident_not_helpful_staff. Phrase B is not_kind_staff.
   → ""Not kind"" is a distinct complaint (attitude) from ""not helpful"" (competence/assistance) —
     it does not itself prove staff were unhelpful. Answer: No

OUTPUT FORMAT: Respond with exactly one word, ""Yes"" or ""No"". No explanation, no punctuation.

NOW DECIDE:
Phrase A is no_evident_not_staff_help_check-in_after_midnight. Phrase B is customer_wait_10_minute_for_check-in.
Answer:
",No.
2026-08-10 23:07:24,3,173,no_evident_not_staff_help_check-in_after_midnight,staff_misunderstand_on_payment,"You are checking arguments in an ABA (Assumption-Based Argumentation) framework built from hotel review mining.

BACKGROUND:
Phrase A is always an auto-derived ""Assumption"" — it defends a claim by asserting no counter-evidence
exists. It has one of two forms:
- ""no_evident_not_X"" → defends that X IS true (assumes no evidence proves X false)
- ""have_evident_no_Y"" → defends that Y IS absent (assumes there IS evidence Y is missing)

Phrase B is a candidate ""Proposition"" — a separate fact mined from another part of the review data.

TASK: Decide whether Phrase B is CONTRARY to Phrase A — meaning: if Phrase B is true, does it act as
the counter-evidence that breaks Phrase A's assumption?

RULES (apply in order):
1. Strip the ""no_evident_not_"" or ""have_evident_"" prefix from Phrase A to recover the underlying claim.
2. Ask: does Phrase B describe a concrete fact that, if true, disproves that claim?
3. Phrase B must be about the SAME specific situation as the claim, not merely the same general topic.
   A different specific complaint about the same topic is usually NOT contrary.
4. Do not judge by shared keywords (e.g. both containing ""not"" or ""no"") — judge the meaning.
5. If B provides real counter-evidence against A's claim → Yes. Otherwise → No.

CONTRASTIVE EXAMPLES:

1) Phrase A is no_evident_not_easy_check-in. Phrase B is customer_wait_10_minute_for_greet.
   → Waiting 10 minutes to be greeted is direct evidence check-in was NOT easy. Answer: Yes

2) Phrase A is no_evident_not_easy_check-in. Phrase B is no_one_give_key_on_late_check-in.
   → This is about late check-in key handover, a different specific issue than check-in being easy. Answer: No

3) Phrase A is no_evident_not_great_quality. Phrase B is shampoo_seem_cheap_considering_hotel_cost.
   → Cheap-feeling shampoo for the price directly undercuts the ""great quality"" claim. Answer: Yes

4) Phrase A is no_evident_not_great_quality. Phrase B is expensive_hotel.
   → ""Expensive"" is a price complaint, not evidence about quality. Answer: No

5) Phrase A is no_evident_not_helpful_staff. Phrase B is not_kind_staff.
   → ""Not kind"" is a distinct complaint (attitude) from ""not helpful"" (competence/assistance) —
     it does not itself prove staff were unhelpful. Answer: No

OUTPUT FORMAT: Respond with exactly one word, ""Yes"" or ""No"". No explanation, no punctuation.

NOW DECIDE:
Phrase A is no_evident_not_staff_help_check-in_after_midnight. Phrase B is staff_misunderstand_on_payment.
Answer:
",Yes
2026-08-10 23:07:24,3,174,no_evident_not_staff_help_check-in_after_midnight,staff_take_picture_of_passport,"You are checking arguments in an ABA (Assumption-Based Argumentation) framework built from hotel review mining.

BACKGROUND:
Phrase A is always an auto-derived ""Assumption"" — it defends a claim by asserting no counter-evidence
exists. It has one of two forms:
- ""no_evident_not_X"" → defends that X IS true (assumes no evidence proves X false)
- ""have_evident_no_Y"" → defends that Y IS absent (assumes there IS evidence Y is missing)

Phrase B is a candidate ""Proposition"" — a separate fact mined from another part of the review data.

TASK: Decide whether Phrase B is CONTRARY to Phrase A — meaning: if Phrase B is true, does it act as
the counter-evidence that breaks Phrase A's assumption?

RULES (apply in order):
1. Strip the ""no_evident_not_"" or ""have_evident_"" prefix from Phrase A to recover the underlying claim.
2. Ask: does Phrase B describe a concrete fact that, if true, disproves that claim?
3. Phrase B must be about the SAME specific situation as the claim, not merely the same general topic.
   A different specific complaint about the same topic is usually NOT contrary.
4. Do not judge by shared keywords (e.g. both containing ""not"" or ""no"") — judge the meaning.
5. If B provides real counter-evidence against A's claim → Yes. Otherwise → No.

CONTRASTIVE EXAMPLES:

1) Phrase A is no_evident_not_easy_check-in. Phrase B is customer_wait_10_minute_for_greet.
   → Waiting 10 minutes to be greeted is direct evidence check-in was NOT easy. Answer: Yes

2) Phrase A is no_evident_not_easy_check-in. Phrase B is no_one_give_key_on_late_check-in.
   → This is about late check-in key handover, a different specific issue than check-in being easy. Answer: No

3) Phrase A is no_evident_not_great_quality. Phrase B is shampoo_seem_cheap_considering_hotel_cost.
   → Cheap-feeling shampoo for the price directly undercuts the ""great quality"" claim. Answer: Yes

4) Phrase A is no_evident_not_great_quality. Phrase B is expensive_hotel.
   → ""Expensive"" is a price complaint, not evidence about quality. Answer: No

5) Phrase A is no_evident_not_helpful_staff. Phrase B is not_kind_staff.
   → ""Not kind"" is a distinct complaint (attitude) from ""not helpful"" (competence/assistance) —
     it does not itself prove staff were unhelpful. Answer: No

OUTPUT FORMAT: Respond with exactly one word, ""Yes"" or ""No"". No explanation, no punctuation.

NOW DECIDE:
Phrase A is no_evident_not_staff_help_check-in_after_midnight. Phrase B is staff_take_picture_of_passport.
Answer:
",No.
2026-08-10 23:07:24,3,175,no_evident_not_easy_self_check-in_at_night,no_one_give_key_on_late_check-in,"You are checking arguments in an ABA (Assumption-Based Argumentation) framework built from hotel review mining.

BACKGROUND:
Phrase A is always an auto-derived ""Assumption"" — it defends a claim by asserting no counter-evidence
exists. It has one of two forms:
- ""no_evident_not_X"" → defends that X IS true (assumes no evidence proves X false)
- ""have_evident_no_Y"" → defends that Y IS absent (assumes there IS evidence Y is missing)

Phrase B is a candidate ""Proposition"" — a separate fact mined from another part of the review data.

TASK: Decide whether Phrase B is CONTRARY to Phrase A — meaning: if Phrase B is true, does it act as
the counter-evidence that breaks Phrase A's assumption?

RULES (apply in order):
1. Strip the ""no_evident_not_"" or ""have_evident_"" prefix from Phrase A to recover the underlying claim.
2. Ask: does Phrase B describe a concrete fact that, if true, disproves that claim?
3. Phrase B must be about the SAME specific situation as the claim, not merely the same general topic.
   A different specific complaint about the same topic is usually NOT contrary.
4. Do not judge by shared keywords (e.g. both containing ""not"" or ""no"") — judge the meaning.
5. If B provides real counter-evidence against A's claim → Yes. Otherwise → No.

CONTRASTIVE EXAMPLES:

1) Phrase A is no_evident_not_easy_check-in. Phrase B is customer_wait_10_minute_for_greet.
   → Waiting 10 minutes to be greeted is direct evidence check-in was NOT easy. Answer: Yes

2) Phrase A is no_evident_not_easy_check-in. Phrase B is no_one_give_key_on_late_check-in.
   → This is about late check-in key handover, a different specific issue than check-in being easy. Answer: No

3) Phrase A is no_evident_not_great_quality. Phrase B is shampoo_seem_cheap_considering_hotel_cost.
   → Cheap-feeling shampoo for the price directly undercuts the ""great quality"" claim. Answer: Yes

4) Phrase A is no_evident_not_great_quality. Phrase B is expensive_hotel.
   → ""Expensive"" is a price complaint, not evidence about quality. Answer: No

5) Phrase A is no_evident_not_helpful_staff. Phrase B is not_kind_staff.
   → ""Not kind"" is a distinct complaint (attitude) from ""not helpful"" (competence/assistance) —
     it does not itself prove staff were unhelpful. Answer: No

OUTPUT FORMAT: Respond with exactly one word, ""Yes"" or ""No"". No explanation, no punctuation.

NOW DECIDE:
Phrase A is no_evident_not_easy_self_check-in_at_night. Phrase B is no_one_give_key_on_late_check-in.
Answer:
",Yes
2026-08-10 23:07:24,3,176,no_evident_not_easy_self_check-in_at_night,door_lock_on_late_check-in,"You are checking arguments in an ABA (Assumption-Based Argumentation) framework built from hotel review mining.

BACKGROUND:
Phrase A is always an auto-derived ""Assumption"" — it defends a claim by asserting no counter-evidence
exists. It has one of two forms:
- ""no_evident_not_X"" → defends that X IS true (assumes no evidence proves X false)
- ""have_evident_no_Y"" → defends that Y IS absent (assumes there IS evidence Y is missing)

Phrase B is a candidate ""Proposition"" — a separate fact mined from another part of the review data.

TASK: Decide whether Phrase B is CONTRARY to Phrase A — meaning: if Phrase B is true, does it act as
the counter-evidence that breaks Phrase A's assumption?

RULES (apply in order):
1. Strip the ""no_evident_not_"" or ""have_evident_"" prefix from Phrase A to recover the underlying claim.
2. Ask: does Phrase B describe a concrete fact that, if true, disproves that claim?
3. Phrase B must be about the SAME specific situation as the claim, not merely the same general topic.
   A different specific complaint about the same topic is usually NOT contrary.
4. Do not judge by shared keywords (e.g. both containing ""not"" or ""no"") — judge the meaning.
5. If B provides real counter-evidence against A's claim → Yes. Otherwise → No.

CONTRASTIVE EXAMPLES:

1) Phrase A is no_evident_not_easy_check-in. Phrase B is customer_wait_10_minute_for_greet.
   → Waiting 10 minutes to be greeted is direct evidence check-in was NOT easy. Answer: Yes

2) Phrase A is no_evident_not_easy_check-in. Phrase B is no_one_give_key_on_late_check-in.
   → This is about late check-in key handover, a different specific issue than check-in being easy. Answer: No

3) Phrase A is no_evident_not_great_quality. Phrase B is shampoo_seem_cheap_considering_hotel_cost.
   → Cheap-feeling shampoo for the price directly undercuts the ""great quality"" claim. Answer: Yes

4) Phrase A is no_evident_not_great_quality. Phrase B is expensive_hotel.
   → ""Expensive"" is a price complaint, not evidence about quality. Answer: No

5) Phrase A is no_evident_not_helpful_staff. Phrase B is not_kind_staff.
   → ""Not kind"" is a distinct complaint (attitude) from ""not helpful"" (competence/assistance) —
     it does not itself prove staff were unhelpful. Answer: No

OUTPUT FORMAT: Respond with exactly one word, ""Yes"" or ""No"". No explanation, no punctuation.

NOW DECIDE:
Phrase A is no_evident_not_easy_self_check-in_at_night. Phrase B is door_lock_on_late_check-in.
Answer:
",Yes
2026-08-10 23:07:25,3,177,no_evident_not_easy_self_check-in_at_night,customer_wait_10_minute_for_greet,"You are checking arguments in an ABA (Assumption-Based Argumentation) framework built from hotel review mining.

BACKGROUND:
Phrase A is always an auto-derived ""Assumption"" — it defends a claim by asserting no counter-evidence
exists. It has one of two forms:
- ""no_evident_not_X"" → defends that X IS true (assumes no evidence proves X false)
- ""have_evident_no_Y"" → defends that Y IS absent (assumes there IS evidence Y is missing)

Phrase B is a candidate ""Proposition"" — a separate fact mined from another part of the review data.

TASK: Decide whether Phrase B is CONTRARY to Phrase A — meaning: if Phrase B is true, does it act as
the counter-evidence that breaks Phrase A's assumption?

RULES (apply in order):
1. Strip the ""no_evident_not_"" or ""have_evident_"" prefix from Phrase A to recover the underlying claim.
2. Ask: does Phrase B describe a concrete fact that, if true, disproves that claim?
3. Phrase B must be about the SAME specific situation as the claim, not merely the same general topic.
   A different specific complaint about the same topic is usually NOT contrary.
4. Do not judge by shared keywords (e.g. both containing ""not"" or ""no"") — judge the meaning.
5. If B provides real counter-evidence against A's claim → Yes. Otherwise → No.

CONTRASTIVE EXAMPLES:

1) Phrase A is no_evident_not_easy_check-in. Phrase B is customer_wait_10_minute_for_greet.
   → Waiting 10 minutes to be greeted is direct evidence check-in was NOT easy. Answer: Yes

2) Phrase A is no_evident_not_easy_check-in. Phrase B is no_one_give_key_on_late_check-in.
   → This is about late check-in key handover, a different specific issue than check-in being easy. Answer: No

3) Phrase A is no_evident_not_great_quality. Phrase B is shampoo_seem_cheap_considering_hotel_cost.
   → Cheap-feeling shampoo for the price directly undercuts the ""great quality"" claim. Answer: Yes

4) Phrase A is no_evident_not_great_quality. Phrase B is expensive_hotel.
   → ""Expensive"" is a price complaint, not evidence about quality. Answer: No

5) Phrase A is no_evident_not_helpful_staff. Phrase B is not_kind_staff.
   → ""Not kind"" is a distinct complaint (attitude) from ""not helpful"" (competence/assistance) —
     it does not itself prove staff were unhelpful. Answer: No

OUTPUT FORMAT: Respond with exactly one word, ""Yes"" or ""No"". No explanation, no punctuation.

NOW DECIDE:
Phrase A is no_evident_not_easy_self_check-in_at_night. Phrase B is customer_wait_10_minute_for_greet.
Answer:
",Yes
2026-08-10 23:07:25,3,178,no_evident_not_easy_self_check-in_at_night,customer_wait_10_minute_for_check-in,"You are checking arguments in an ABA (Assumption-Based Argumentation) framework built from hotel review mining.

BACKGROUND:
Phrase A is always an auto-derived ""Assumption"" — it defends a claim by asserting no counter-evidence
exists. It has one of two forms:
- ""no_evident_not_X"" → defends that X IS true (assumes no evidence proves X false)
- ""have_evident_no_Y"" → defends that Y IS absent (assumes there IS evidence Y is missing)

Phrase B is a candidate ""Proposition"" — a separate fact mined from another part of the review data.

TASK: Decide whether Phrase B is CONTRARY to Phrase A — meaning: if Phrase B is true, does it act as
the counter-evidence that breaks Phrase A's assumption?

RULES (apply in order):
1. Strip the ""no_evident_not_"" or ""have_evident_"" prefix from Phrase A to recover the underlying claim.
2. Ask: does Phrase B describe a concrete fact that, if true, disproves that claim?
3. Phrase B must be about the SAME specific situation as the claim, not merely the same general topic.
   A different specific complaint about the same topic is usually NOT contrary.
4. Do not judge by shared keywords (e.g. both containing ""not"" or ""no"") — judge the meaning.
5. If B provides real counter-evidence against A's claim → Yes. Otherwise → No.

CONTRASTIVE EXAMPLES:

1) Phrase A is no_evident_not_easy_check-in. Phrase B is customer_wait_10_minute_for_greet.
   → Waiting 10 minutes to be greeted is direct evidence check-in was NOT easy. Answer: Yes

2) Phrase A is no_evident_not_easy_check-in. Phrase B is no_one_give_key_on_late_check-in.
   → This is about late check-in key handover, a different specific issue than check-in being easy. Answer: No

3) Phrase A is no_evident_not_great_quality. Phrase B is shampoo_seem_cheap_considering_hotel_cost.
   → Cheap-feeling shampoo for the price directly undercuts the ""great quality"" claim. Answer: Yes

4) Phrase A is no_evident_not_great_quality. Phrase B is expensive_hotel.
   → ""Expensive"" is a price complaint, not evidence about quality. Answer: No

5) Phrase A is no_evident_not_helpful_staff. Phrase B is not_kind_staff.
   → ""Not kind"" is a distinct complaint (attitude) from ""not helpful"" (competence/assistance) —
     it does not itself prove staff were unhelpful. Answer: No

OUTPUT FORMAT: Respond with exactly one word, ""Yes"" or ""No"". No explanation, no punctuation.

NOW DECIDE:
Phrase A is no_evident_not_easy_self_check-in_at_night. Phrase B is customer_wait_10_minute_for_check-in.
Answer:
",No.
2026-08-10 23:07:25,3,179,no_evident_not_easy_self_check-in_at_night,staff_misunderstand_on_payment,"You are checking arguments in an ABA (Assumption-Based Argumentation) framework built from hotel review mining.

BACKGROUND:
Phrase A is always an auto-derived ""Assumption"" — it defends a claim by asserting no counter-evidence
exists. It has one of two forms:
- ""no_evident_not_X"" → defends that X IS true (assumes no evidence proves X false)
- ""have_evident_no_Y"" → defends that Y IS absent (assumes there IS evidence Y is missing)

Phrase B is a candidate ""Proposition"" — a separate fact mined from another part of the review data.

TASK: Decide whether Phrase B is CONTRARY to Phrase A — meaning: if Phrase B is true, does it act as
the counter-evidence that breaks Phrase A's assumption?

RULES (apply in order):
1. Strip the ""no_evident_not_"" or ""have_evident_"" prefix from Phrase A to recover the underlying claim.
2. Ask: does Phrase B describe a concrete fact that, if true, disproves that claim?
3. Phrase B must be about the SAME specific situation as the claim, not merely the same general topic.
   A different specific complaint about the same topic is usually NOT contrary.
4. Do not judge by shared keywords (e.g. both containing ""not"" or ""no"") — judge the meaning.
5. If B provides real counter-evidence against A's claim → Yes. Otherwise → No.

CONTRASTIVE EXAMPLES:

1) Phrase A is no_evident_not_easy_check-in. Phrase B is customer_wait_10_minute_for_greet.
   → Waiting 10 minutes to be greeted is direct evidence check-in was NOT easy. Answer: Yes

2) Phrase A is no_evident_not_easy_check-in. Phrase B is no_one_give_key_on_late_check-in.
   → This is about late check-in key handover, a different specific issue than check-in being easy. Answer: No

3) Phrase A is no_evident_not_great_quality. Phrase B is shampoo_seem_cheap_considering_hotel_cost.
   → Cheap-feeling shampoo for the price directly undercuts the ""great quality"" claim. Answer: Yes

4) Phrase A is no_evident_not_great_quality. Phrase B is expensive_hotel.
   → ""Expensive"" is a price complaint, not evidence about quality. Answer: No

5) Phrase A is no_evident_not_helpful_staff. Phrase B is not_kind_staff.
   → ""Not kind"" is a distinct complaint (attitude) from ""not helpful"" (competence/assistance) —
     it does not itself prove staff were unhelpful. Answer: No

OUTPUT FORMAT: Respond with exactly one word, ""Yes"" or ""No"". No explanation, no punctuation.

NOW DECIDE:
Phrase A is no_evident_not_easy_self_check-in_at_night. Phrase B is staff_misunderstand_on_payment.
Answer:
",No.
2026-08-10 23:07:25,3,180,no_evident_not_easy_self_check-in_at_night,staff_take_picture_of_passport,"You are checking arguments in an ABA (Assumption-Based Argumentation) framework built from hotel review mining.

BACKGROUND:
Phrase A is always an auto-derived ""Assumption"" — it defends a claim by asserting no counter-evidence
exists. It has one of two forms:
- ""no_evident_not_X"" → defends that X IS true (assumes no evidence proves X false)
- ""have_evident_no_Y"" → defends that Y IS absent (assumes there IS evidence Y is missing)

Phrase B is a candidate ""Proposition"" — a separate fact mined from another part of the review data.

TASK: Decide whether Phrase B is CONTRARY to Phrase A — meaning: if Phrase B is true, does it act as
the counter-evidence that breaks Phrase A's assumption?

RULES (apply in order):
1. Strip the ""no_evident_not_"" or ""have_evident_"" prefix from Phrase A to recover the underlying claim.
2. Ask: does Phrase B describe a concrete fact that, if true, disproves that claim?
3. Phrase B must be about the SAME specific situation as the claim, not merely the same general topic.
   A different specific complaint about the same topic is usually NOT contrary.
4. Do not judge by shared keywords (e.g. both containing ""not"" or ""no"") — judge the meaning.
5. If B provides real counter-evidence against A's claim → Yes. Otherwise → No.

CONTRASTIVE EXAMPLES:

1) Phrase A is no_evident_not_easy_check-in. Phrase B is customer_wait_10_minute_for_greet.
   → Waiting 10 minutes to be greeted is direct evidence check-in was NOT easy. Answer: Yes

2) Phrase A is no_evident_not_easy_check-in. Phrase B is no_one_give_key_on_late_check-in.
   → This is about late check-in key handover, a different specific issue than check-in being easy. Answer: No

3) Phrase A is no_evident_not_great_quality. Phrase B is shampoo_seem_cheap_considering_hotel_cost.
   → Cheap-feeling shampoo for the price directly undercuts the ""great quality"" claim. Answer: Yes

4) Phrase A is no_evident_not_great_quality. Phrase B is expensive_hotel.
   → ""Expensive"" is a price complaint, not evidence about quality. Answer: No

5) Phrase A is no_evident_not_helpful_staff. Phrase B is not_kind_staff.
   → ""Not kind"" is a distinct complaint (attitude) from ""not helpful"" (competence/assistance) —
     it does not itself prove staff were unhelpful. Answer: No

OUTPUT FORMAT: Respond with exactly one word, ""Yes"" or ""No"". No explanation, no punctuation.

NOW DECIDE:
Phrase A is no_evident_not_easy_self_check-in_at_night. Phrase B is staff_take_picture_of_passport.
Answer:
",No.
2026-08-10 23:07:25,3,181,no_evident_not_staff_left_clear_information_for_arrival,no_one_give_key_on_late_check-in,"You are checking arguments in an ABA (Assumption-Based Argumentation) framework built from hotel review mining.

BACKGROUND:
Phrase A is always an auto-derived ""Assumption"" — it defends a claim by asserting no counter-evidence
exists. It has one of two forms:
- ""no_evident_not_X"" → defends that X IS true (assumes no evidence proves X false)
- ""have_evident_no_Y"" → defends that Y IS absent (assumes there IS evidence Y is missing)

Phrase B is a candidate ""Proposition"" — a separate fact mined from another part of the review data.

TASK: Decide whether Phrase B is CONTRARY to Phrase A — meaning: if Phrase B is true, does it act as
the counter-evidence that breaks Phrase A's assumption?

RULES (apply in order):
1. Strip the ""no_evident_not_"" or ""have_evident_"" prefix from Phrase A to recover the underlying claim.
2. Ask: does Phrase B describe a concrete fact that, if true, disproves that claim?
3. Phrase B must be about the SAME specific situation as the claim, not merely the same general topic.
   A different specific complaint about the same topic is usually NOT contrary.
4. Do not judge by shared keywords (e.g. both containing ""not"" or ""no"") — judge the meaning.
5. If B provides real counter-evidence against A's claim → Yes. Otherwise → No.

CONTRASTIVE EXAMPLES:

1) Phrase A is no_evident_not_easy_check-in. Phrase B is customer_wait_10_minute_for_greet.
   → Waiting 10 minutes to be greeted is direct evidence check-in was NOT easy. Answer: Yes

2) Phrase A is no_evident_not_easy_check-in. Phrase B is no_one_give_key_on_late_check-in.
   → This is about late check-in key handover, a different specific issue than check-in being easy. Answer: No

3) Phrase A is no_evident_not_great_quality. Phrase B is shampoo_seem_cheap_considering_hotel_cost.
   → Cheap-feeling shampoo for the price directly undercuts the ""great quality"" claim. Answer: Yes

4) Phrase A is no_evident_not_great_quality. Phrase B is expensive_hotel.
   → ""Expensive"" is a price complaint, not evidence about quality. Answer: No

5) Phrase A is no_evident_not_helpful_staff. Phrase B is not_kind_staff.
   → ""Not kind"" is a distinct complaint (attitude) from ""not helpful"" (competence/assistance) —
     it does not itself prove staff were unhelpful. Answer: No

OUTPUT FORMAT: Respond with exactly one word, ""Yes"" or ""No"". No explanation, no punctuation.

NOW DECIDE:
Phrase A is no_evident_not_staff_left_clear_information_for_arrival. Phrase B is no_one_give_key_on_late_check-in.
Answer:
",Yes
2026-08-10 23:07:25,3,182,no_evident_not_staff_left_clear_information_for_arrival,door_lock_on_late_check-in,"You are checking arguments in an ABA (Assumption-Based Argumentation) framework built from hotel review mining.

BACKGROUND:
Phrase A is always an auto-derived ""Assumption"" — it defends a claim by asserting no counter-evidence
exists. It has one of two forms:
- ""no_evident_not_X"" → defends that X IS true (assumes no evidence proves X false)
- ""have_evident_no_Y"" → defends that Y IS absent (assumes there IS evidence Y is missing)

Phrase B is a candidate ""Proposition"" — a separate fact mined from another part of the review data.

TASK: Decide whether Phrase B is CONTRARY to Phrase A — meaning: if Phrase B is true, does it act as
the counter-evidence that breaks Phrase A's assumption?

RULES (apply in order):
1. Strip the ""no_evident_not_"" or ""have_evident_"" prefix from Phrase A to recover the underlying claim.
2. Ask: does Phrase B describe a concrete fact that, if true, disproves that claim?
3. Phrase B must be about the SAME specific situation as the claim, not merely the same general topic.
   A different specific complaint about the same topic is usually NOT contrary.
4. Do not judge by shared keywords (e.g. both containing ""not"" or ""no"") — judge the meaning.
5. If B provides real counter-evidence against A's claim → Yes. Otherwise → No.

CONTRASTIVE EXAMPLES:

1) Phrase A is no_evident_not_easy_check-in. Phrase B is customer_wait_10_minute_for_greet.
   → Waiting 10 minutes to be greeted is direct evidence check-in was NOT easy. Answer: Yes

2) Phrase A is no_evident_not_easy_check-in. Phrase B is no_one_give_key_on_late_check-in.
   → This is about late check-in key handover, a different specific issue than check-in being easy. Answer: No

3) Phrase A is no_evident_not_great_quality. Phrase B is shampoo_seem_cheap_considering_hotel_cost.
   → Cheap-feeling shampoo for the price directly undercuts the ""great quality"" claim. Answer: Yes

4) Phrase A is no_evident_not_great_quality. Phrase B is expensive_hotel.
   → ""Expensive"" is a price complaint, not evidence about quality. Answer: No

5) Phrase A is no_evident_not_helpful_staff. Phrase B is not_kind_staff.
   → ""Not kind"" is a distinct complaint (attitude) from ""not helpful"" (competence/assistance) —
     it does not itself prove staff were unhelpful. Answer: No

OUTPUT FORMAT: Respond with exactly one word, ""Yes"" or ""No"". No explanation, no punctuation.

NOW DECIDE:
Phrase A is no_evident_not_staff_left_clear_information_for_arrival. Phrase B is door_lock_on_late_check-in.
Answer:
",No.
2026-08-10 23:07:25,3,183,no_evident_not_staff_left_clear_information_for_arrival,customer_wait_10_minute_for_greet,"You are checking arguments in an ABA (Assumption-Based Argumentation) framework built from hotel review mining.

BACKGROUND:
Phrase A is always an auto-derived ""Assumption"" — it defends a claim by asserting no counter-evidence
exists. It has one of two forms:
- ""no_evident_not_X"" → defends that X IS true (assumes no evidence proves X false)
- ""have_evident_no_Y"" → defends that Y IS absent (assumes there IS evidence Y is missing)

Phrase B is a candidate ""Proposition"" — a separate fact mined from another part of the review data.

TASK: Decide whether Phrase B is CONTRARY to Phrase A — meaning: if Phrase B is true, does it act as
the counter-evidence that breaks Phrase A's assumption?

RULES (apply in order):
1. Strip the ""no_evident_not_"" or ""have_evident_"" prefix from Phrase A to recover the underlying claim.
2. Ask: does Phrase B describe a concrete fact that, if true, disproves that claim?
3. Phrase B must be about the SAME specific situation as the claim, not merely the same general topic.
   A different specific complaint about the same topic is usually NOT contrary.
4. Do not judge by shared keywords (e.g. both containing ""not"" or ""no"") — judge the meaning.
5. If B provides real counter-evidence against A's claim → Yes. Otherwise → No.

CONTRASTIVE EXAMPLES:

1) Phrase A is no_evident_not_easy_check-in. Phrase B is customer_wait_10_minute_for_greet.
   → Waiting 10 minutes to be greeted is direct evidence check-in was NOT easy. Answer: Yes

2) Phrase A is no_evident_not_easy_check-in. Phrase B is no_one_give_key_on_late_check-in.
   → This is about late check-in key handover, a different specific issue than check-in being easy. Answer: No

3) Phrase A is no_evident_not_great_quality. Phrase B is shampoo_seem_cheap_considering_hotel_cost.
   → Cheap-feeling shampoo for the price directly undercuts the ""great quality"" claim. Answer: Yes

4) Phrase A is no_evident_not_great_quality. Phrase B is expensive_hotel.
   → ""Expensive"" is a price complaint, not evidence about quality. Answer: No

5) Phrase A is no_evident_not_helpful_staff. Phrase B is not_kind_staff.
   → ""Not kind"" is a distinct complaint (attitude) from ""not helpful"" (competence/assistance) —
     it does not itself prove staff were unhelpful. Answer: No

OUTPUT FORMAT: Respond with exactly one word, ""Yes"" or ""No"". No explanation, no punctuation.

NOW DECIDE:
Phrase A is no_evident_not_staff_left_clear_information_for_arrival. Phrase B is customer_wait_10_minute_for_greet.
Answer:
",Yes
2026-08-10 23:07:26,3,184,no_evident_not_staff_left_clear_information_for_arrival,customer_wait_10_minute_for_check-in,"You are checking arguments in an ABA (Assumption-Based Argumentation) framework built from hotel review mining.

BACKGROUND:
Phrase A is always an auto-derived ""Assumption"" — it defends a claim by asserting no counter-evidence
exists. It has one of two forms:
- ""no_evident_not_X"" → defends that X IS true (assumes no evidence proves X false)
- ""have_evident_no_Y"" → defends that Y IS absent (assumes there IS evidence Y is missing)

Phrase B is a candidate ""Proposition"" — a separate fact mined from another part of the review data.

TASK: Decide whether Phrase B is CONTRARY to Phrase A — meaning: if Phrase B is true, does it act as
the counter-evidence that breaks Phrase A's assumption?

RULES (apply in order):
1. Strip the ""no_evident_not_"" or ""have_evident_"" prefix from Phrase A to recover the underlying claim.
2. Ask: does Phrase B describe a concrete fact that, if true, disproves that claim?
3. Phrase B must be about the SAME specific situation as the claim, not merely the same general topic.
   A different specific complaint about the same topic is usually NOT contrary.
4. Do not judge by shared keywords (e.g. both containing ""not"" or ""no"") — judge the meaning.
5. If B provides real counter-evidence against A's claim → Yes. Otherwise → No.

CONTRASTIVE EXAMPLES:

1) Phrase A is no_evident_not_easy_check-in. Phrase B is customer_wait_10_minute_for_greet.
   → Waiting 10 minutes to be greeted is direct evidence check-in was NOT easy. Answer: Yes

2) Phrase A is no_evident_not_easy_check-in. Phrase B is no_one_give_key_on_late_check-in.
   → This is about late check-in key handover, a different specific issue than check-in being easy. Answer: No

3) Phrase A is no_evident_not_great_quality. Phrase B is shampoo_seem_cheap_considering_hotel_cost.
   → Cheap-feeling shampoo for the price directly undercuts the ""great quality"" claim. Answer: Yes

4) Phrase A is no_evident_not_great_quality. Phrase B is expensive_hotel.
   → ""Expensive"" is a price complaint, not evidence about quality. Answer: No

5) Phrase A is no_evident_not_helpful_staff. Phrase B is not_kind_staff.
   → ""Not kind"" is a distinct complaint (attitude) from ""not helpful"" (competence/assistance) —
     it does not itself prove staff were unhelpful. Answer: No

OUTPUT FORMAT: Respond with exactly one word, ""Yes"" or ""No"". No explanation, no punctuation.

NOW DECIDE:
Phrase A is no_evident_not_staff_left_clear_information_for_arrival. Phrase B is customer_wait_10_minute_for_check-in.
Answer:
",No.
2026-08-10 23:07:26,3,185,no_evident_not_staff_left_clear_information_for_arrival,staff_misunderstand_on_payment,"You are checking arguments in an ABA (Assumption-Based Argumentation) framework built from hotel review mining.

BACKGROUND:
Phrase A is always an auto-derived ""Assumption"" — it defends a claim by asserting no counter-evidence
exists. It has one of two forms:
- ""no_evident_not_X"" → defends that X IS true (assumes no evidence proves X false)
- ""have_evident_no_Y"" → defends that Y IS absent (assumes there IS evidence Y is missing)

Phrase B is a candidate ""Proposition"" — a separate fact mined from another part of the review data.

TASK: Decide whether Phrase B is CONTRARY to Phrase A — meaning: if Phrase B is true, does it act as
the counter-evidence that breaks Phrase A's assumption?

RULES (apply in order):
1. Strip the ""no_evident_not_"" or ""have_evident_"" prefix from Phrase A to recover the underlying claim.
2. Ask: does Phrase B describe a concrete fact that, if true, disproves that claim?
3. Phrase B must be about the SAME specific situation as the claim, not merely the same general topic.
   A different specific complaint about the same topic is usually NOT contrary.
4. Do not judge by shared keywords (e.g. both containing ""not"" or ""no"") — judge the meaning.
5. If B provides real counter-evidence against A's claim → Yes. Otherwise → No.

CONTRASTIVE EXAMPLES:

1) Phrase A is no_evident_not_easy_check-in. Phrase B is customer_wait_10_minute_for_greet.
   → Waiting 10 minutes to be greeted is direct evidence check-in was NOT easy. Answer: Yes

2) Phrase A is no_evident_not_easy_check-in. Phrase B is no_one_give_key_on_late_check-in.
   → This is about late check-in key handover, a different specific issue than check-in being easy. Answer: No

3) Phrase A is no_evident_not_great_quality. Phrase B is shampoo_seem_cheap_considering_hotel_cost.
   → Cheap-feeling shampoo for the price directly undercuts the ""great quality"" claim. Answer: Yes

4) Phrase A is no_evident_not_great_quality. Phrase B is expensive_hotel.
   → ""Expensive"" is a price complaint, not evidence about quality. Answer: No

5) Phrase A is no_evident_not_helpful_staff. Phrase B is not_kind_staff.
   → ""Not kind"" is a distinct complaint (attitude) from ""not helpful"" (competence/assistance) —
     it does not itself prove staff were unhelpful. Answer: No

OUTPUT FORMAT: Respond with exactly one word, ""Yes"" or ""No"". No explanation, no punctuation.

NOW DECIDE:
Phrase A is no_evident_not_staff_left_clear_information_for_arrival. Phrase B is staff_misunderstand_on_payment.
Answer:
",Yes
2026-08-10 23:07:26,3,186,no_evident_not_staff_left_clear_information_for_arrival,staff_take_picture_of_passport,"You are checking arguments in an ABA (Assumption-Based Argumentation) framework built from hotel review mining.

BACKGROUND:
Phrase A is always an auto-derived ""Assumption"" — it defends a claim by asserting no counter-evidence
exists. It has one of two forms:
- ""no_evident_not_X"" → defends that X IS true (assumes no evidence proves X false)
- ""have_evident_no_Y"" → defends that Y IS absent (assumes there IS evidence Y is missing)

Phrase B is a candidate ""Proposition"" — a separate fact mined from another part of the review data.

TASK: Decide whether Phrase B is CONTRARY to Phrase A — meaning: if Phrase B is true, does it act as
the counter-evidence that breaks Phrase A's assumption?

RULES (apply in order):
1. Strip the ""no_evident_not_"" or ""have_evident_"" prefix from Phrase A to recover the underlying claim.
2. Ask: does Phrase B describe a concrete fact that, if true, disproves that claim?
3. Phrase B must be about the SAME specific situation as the claim, not merely the same general topic.
   A different specific complaint about the same topic is usually NOT contrary.
4. Do not judge by shared keywords (e.g. both containing ""not"" or ""no"") — judge the meaning.
5. If B provides real counter-evidence against A's claim → Yes. Otherwise → No.

CONTRASTIVE EXAMPLES:

1) Phrase A is no_evident_not_easy_check-in. Phrase B is customer_wait_10_minute_for_greet.
   → Waiting 10 minutes to be greeted is direct evidence check-in was NOT easy. Answer: Yes

2) Phrase A is no_evident_not_easy_check-in. Phrase B is no_one_give_key_on_late_check-in.
   → This is about late check-in key handover, a different specific issue than check-in being easy. Answer: No

3) Phrase A is no_evident_not_great_quality. Phrase B is shampoo_seem_cheap_considering_hotel_cost.
   → Cheap-feeling shampoo for the price directly undercuts the ""great quality"" claim. Answer: Yes

4) Phrase A is no_evident_not_great_quality. Phrase B is expensive_hotel.
   → ""Expensive"" is a price complaint, not evidence about quality. Answer: No

5) Phrase A is no_evident_not_helpful_staff. Phrase B is not_kind_staff.
   → ""Not kind"" is a distinct complaint (attitude) from ""not helpful"" (competence/assistance) —
     it does not itself prove staff were unhelpful. Answer: No

OUTPUT FORMAT: Respond with exactly one word, ""Yes"" or ""No"". No explanation, no punctuation.

NOW DECIDE:
Phrase A is no_evident_not_staff_left_clear_information_for_arrival. Phrase B is staff_take_picture_of_passport.
Answer:
",No.
2026-08-10 23:07:26,3,187,no_evident_not_staff_left_precise_information_for_arrival,no_one_give_key_on_late_check-in,"You are checking arguments in an ABA (Assumption-Based Argumentation) framework built from hotel review mining.

BACKGROUND:
Phrase A is always an auto-derived ""Assumption"" — it defends a claim by asserting no counter-evidence
exists. It has one of two forms:
- ""no_evident_not_X"" → defends that X IS true (assumes no evidence proves X false)
- ""have_evident_no_Y"" → defends that Y IS absent (assumes there IS evidence Y is missing)

Phrase B is a candidate ""Proposition"" — a separate fact mined from another part of the review data.

TASK: Decide whether Phrase B is CONTRARY to Phrase A — meaning: if Phrase B is true, does it act as
the counter-evidence that breaks Phrase A's assumption?

RULES (apply in order):
1. Strip the ""no_evident_not_"" or ""have_evident_"" prefix from Phrase A to recover the underlying claim.
2. Ask: does Phrase B describe a concrete fact that, if true, disproves that claim?
3. Phrase B must be about the SAME specific situation as the claim, not merely the same general topic.
   A different specific complaint about the same topic is usually NOT contrary.
4. Do not judge by shared keywords (e.g. both containing ""not"" or ""no"") — judge the meaning.
5. If B provides real counter-evidence against A's claim → Yes. Otherwise → No.

CONTRASTIVE EXAMPLES:

1) Phrase A is no_evident_not_easy_check-in. Phrase B is customer_wait_10_minute_for_greet.
   → Waiting 10 minutes to be greeted is direct evidence check-in was NOT easy. Answer: Yes

2) Phrase A is no_evident_not_easy_check-in. Phrase B is no_one_give_key_on_late_check-in.
   → This is about late check-in key handover, a different specific issue than check-in being easy. Answer: No

3) Phrase A is no_evident_not_great_quality. Phrase B is shampoo_seem_cheap_considering_hotel_cost.
   → Cheap-feeling shampoo for the price directly undercuts the ""great quality"" claim. Answer: Yes

4) Phrase A is no_evident_not_great_quality. Phrase B is expensive_hotel.
   → ""Expensive"" is a price complaint, not evidence about quality. Answer: No

5) Phrase A is no_evident_not_helpful_staff. Phrase B is not_kind_staff.
   → ""Not kind"" is a distinct complaint (attitude) from ""not helpful"" (competence/assistance) —
     it does not itself prove staff were unhelpful. Answer: No

OUTPUT FORMAT: Respond with exactly one word, ""Yes"" or ""No"". No explanation, no punctuation.

NOW DECIDE:
Phrase A is no_evident_not_staff_left_precise_information_for_arrival. Phrase B is no_one_give_key_on_late_check-in.
Answer:
",Yes
2026-08-10 23:07:26,3,188,no_evident_not_staff_left_precise_information_for_arrival,door_lock_on_late_check-in,"You are checking arguments in an ABA (Assumption-Based Argumentation) framework built from hotel review mining.

BACKGROUND:
Phrase A is always an auto-derived ""Assumption"" — it defends a claim by asserting no counter-evidence
exists. It has one of two forms:
- ""no_evident_not_X"" → defends that X IS true (assumes no evidence proves X false)
- ""have_evident_no_Y"" → defends that Y IS absent (assumes there IS evidence Y is missing)

Phrase B is a candidate ""Proposition"" — a separate fact mined from another part of the review data.

TASK: Decide whether Phrase B is CONTRARY to Phrase A — meaning: if Phrase B is true, does it act as
the counter-evidence that breaks Phrase A's assumption?

RULES (apply in order):
1. Strip the ""no_evident_not_"" or ""have_evident_"" prefix from Phrase A to recover the underlying claim.
2. Ask: does Phrase B describe a concrete fact that, if true, disproves that claim?
3. Phrase B must be about the SAME specific situation as the claim, not merely the same general topic.
   A different specific complaint about the same topic is usually NOT contrary.
4. Do not judge by shared keywords (e.g. both containing ""not"" or ""no"") — judge the meaning.
5. If B provides real counter-evidence against A's claim → Yes. Otherwise → No.

CONTRASTIVE EXAMPLES:

1) Phrase A is no_evident_not_easy_check-in. Phrase B is customer_wait_10_minute_for_greet.
   → Waiting 10 minutes to be greeted is direct evidence check-in was NOT easy. Answer: Yes

2) Phrase A is no_evident_not_easy_check-in. Phrase B is no_one_give_key_on_late_check-in.
   → This is about late check-in key handover, a different specific issue than check-in being easy. Answer: No

3) Phrase A is no_evident_not_great_quality. Phrase B is shampoo_seem_cheap_considering_hotel_cost.
   → Cheap-feeling shampoo for the price directly undercuts the ""great quality"" claim. Answer: Yes

4) Phrase A is no_evident_not_great_quality. Phrase B is expensive_hotel.
   → ""Expensive"" is a price complaint, not evidence about quality. Answer: No

5) Phrase A is no_evident_not_helpful_staff. Phrase B is not_kind_staff.
   → ""Not kind"" is a distinct complaint (attitude) from ""not helpful"" (competence/assistance) —
     it does not itself prove staff were unhelpful. Answer: No

OUTPUT FORMAT: Respond with exactly one word, ""Yes"" or ""No"". No explanation, no punctuation.

NOW DECIDE:
Phrase A is no_evident_not_staff_left_precise_information_for_arrival. Phrase B is door_lock_on_late_check-in.
Answer:
",No.
2026-08-10 23:07:27,3,189,no_evident_not_staff_left_precise_information_for_arrival,customer_wait_10_minute_for_greet,"You are checking arguments in an ABA (Assumption-Based Argumentation) framework built from hotel review mining.

BACKGROUND:
Phrase A is always an auto-derived ""Assumption"" — it defends a claim by asserting no counter-evidence
exists. It has one of two forms:
- ""no_evident_not_X"" → defends that X IS true (assumes no evidence proves X false)
- ""have_evident_no_Y"" → defends that Y IS absent (assumes there IS evidence Y is missing)

Phrase B is a candidate ""Proposition"" — a separate fact mined from another part of the review data.

TASK: Decide whether Phrase B is CONTRARY to Phrase A — meaning: if Phrase B is true, does it act as
the counter-evidence that breaks Phrase A's assumption?

RULES (apply in order):
1. Strip the ""no_evident_not_"" or ""have_evident_"" prefix from Phrase A to recover the underlying claim.
2. Ask: does Phrase B describe a concrete fact that, if true, disproves that claim?
3. Phrase B must be about the SAME specific situation as the claim, not merely the same general topic.
   A different specific complaint about the same topic is usually NOT contrary.
4. Do not judge by shared keywords (e.g. both containing ""not"" or ""no"") — judge the meaning.
5. If B provides real counter-evidence against A's claim → Yes. Otherwise → No.

CONTRASTIVE EXAMPLES:

1) Phrase A is no_evident_not_easy_check-in. Phrase B is customer_wait_10_minute_for_greet.
   → Waiting 10 minutes to be greeted is direct evidence check-in was NOT easy. Answer: Yes

2) Phrase A is no_evident_not_easy_check-in. Phrase B is no_one_give_key_on_late_check-in.
   → This is about late check-in key handover, a different specific issue than check-in being easy. Answer: No

3) Phrase A is no_evident_not_great_quality. Phrase B is shampoo_seem_cheap_considering_hotel_cost.
   → Cheap-feeling shampoo for the price directly undercuts the ""great quality"" claim. Answer: Yes

4) Phrase A is no_evident_not_great_quality. Phrase B is expensive_hotel.
   → ""Expensive"" is a price complaint, not evidence about quality. Answer: No

5) Phrase A is no_evident_not_helpful_staff. Phrase B is not_kind_staff.
   → ""Not kind"" is a distinct complaint (attitude) from ""not helpful"" (competence/assistance) —
     it does not itself prove staff were unhelpful. Answer: No

OUTPUT FORMAT: Respond with exactly one word, ""Yes"" or ""No"". No explanation, no punctuation.

NOW DECIDE:
Phrase A is no_evident_not_staff_left_precise_information_for_arrival. Phrase B is customer_wait_10_minute_for_greet.
Answer:
",Yes
2026-08-10 23:07:27,3,190,no_evident_not_staff_left_precise_information_for_arrival,customer_wait_10_minute_for_check-in,"You are checking arguments in an ABA (Assumption-Based Argumentation) framework built from hotel review mining.

BACKGROUND:
Phrase A is always an auto-derived ""Assumption"" — it defends a claim by asserting no counter-evidence
exists. It has one of two forms:
- ""no_evident_not_X"" → defends that X IS true (assumes no evidence proves X false)
- ""have_evident_no_Y"" → defends that Y IS absent (assumes there IS evidence Y is missing)

Phrase B is a candidate ""Proposition"" — a separate fact mined from another part of the review data.

TASK: Decide whether Phrase B is CONTRARY to Phrase A — meaning: if Phrase B is true, does it act as
the counter-evidence that breaks Phrase A's assumption?

RULES (apply in order):
1. Strip the ""no_evident_not_"" or ""have_evident_"" prefix from Phrase A to recover the underlying claim.
2. Ask: does Phrase B describe a concrete fact that, if true, disproves that claim?
3. Phrase B must be about the SAME specific situation as the claim, not merely the same general topic.
   A different specific complaint about the same topic is usually NOT contrary.
4. Do not judge by shared keywords (e.g. both containing ""not"" or ""no"") — judge the meaning.
5. If B provides real counter-evidence against A's claim → Yes. Otherwise → No.

CONTRASTIVE EXAMPLES:

1) Phrase A is no_evident_not_easy_check-in. Phrase B is customer_wait_10_minute_for_greet.
   → Waiting 10 minutes to be greeted is direct evidence check-in was NOT easy. Answer: Yes

2) Phrase A is no_evident_not_easy_check-in. Phrase B is no_one_give_key_on_late_check-in.
   → This is about late check-in key handover, a different specific issue than check-in being easy. Answer: No

3) Phrase A is no_evident_not_great_quality. Phrase B is shampoo_seem_cheap_considering_hotel_cost.
   → Cheap-feeling shampoo for the price directly undercuts the ""great quality"" claim. Answer: Yes

4) Phrase A is no_evident_not_great_quality. Phrase B is expensive_hotel.
   → ""Expensive"" is a price complaint, not evidence about quality. Answer: No

5) Phrase A is no_evident_not_helpful_staff. Phrase B is not_kind_staff.
   → ""Not kind"" is a distinct complaint (attitude) from ""not helpful"" (competence/assistance) —
     it does not itself prove staff were unhelpful. Answer: No

OUTPUT FORMAT: Respond with exactly one word, ""Yes"" or ""No"". No explanation, no punctuation.

NOW DECIDE:
Phrase A is no_evident_not_staff_left_precise_information_for_arrival. Phrase B is customer_wait_10_minute_for_check-in.
Answer:
",No.
2026-08-10 23:07:27,3,191,no_evident_not_staff_left_precise_information_for_arrival,staff_misunderstand_on_payment,"You are checking arguments in an ABA (Assumption-Based Argumentation) framework built from hotel review mining.

BACKGROUND:
Phrase A is always an auto-derived ""Assumption"" — it defends a claim by asserting no counter-evidence
exists. It has one of two forms:
- ""no_evident_not_X"" → defends that X IS true (assumes no evidence proves X false)
- ""have_evident_no_Y"" → defends that Y IS absent (assumes there IS evidence Y is missing)

Phrase B is a candidate ""Proposition"" — a separate fact mined from another part of the review data.

TASK: Decide whether Phrase B is CONTRARY to Phrase A — meaning: if Phrase B is true, does it act as
the counter-evidence that breaks Phrase A's assumption?

RULES (apply in order):
1. Strip the ""no_evident_not_"" or ""have_evident_"" prefix from Phrase A to recover the underlying claim.
2. Ask: does Phrase B describe a concrete fact that, if true, disproves that claim?
3. Phrase B must be about the SAME specific situation as the claim, not merely the same general topic.
   A different specific complaint about the same topic is usually NOT contrary.
4. Do not judge by shared keywords (e.g. both containing ""not"" or ""no"") — judge the meaning.
5. If B provides real counter-evidence against A's claim → Yes. Otherwise → No.

CONTRASTIVE EXAMPLES:

1) Phrase A is no_evident_not_easy_check-in. Phrase B is customer_wait_10_minute_for_greet.
   → Waiting 10 minutes to be greeted is direct evidence check-in was NOT easy. Answer: Yes

2) Phrase A is no_evident_not_easy_check-in. Phrase B is no_one_give_key_on_late_check-in.
   → This is about late check-in key handover, a different specific issue than check-in being easy. Answer: No

3) Phrase A is no_evident_not_great_quality. Phrase B is shampoo_seem_cheap_considering_hotel_cost.
   → Cheap-feeling shampoo for the price directly undercuts the ""great quality"" claim. Answer: Yes

4) Phrase A is no_evident_not_great_quality. Phrase B is expensive_hotel.
   → ""Expensive"" is a price complaint, not evidence about quality. Answer: No

5) Phrase A is no_evident_not_helpful_staff. Phrase B is not_kind_staff.
   → ""Not kind"" is a distinct complaint (attitude) from ""not helpful"" (competence/assistance) —
     it does not itself prove staff were unhelpful. Answer: No

OUTPUT FORMAT: Respond with exactly one word, ""Yes"" or ""No"". No explanation, no punctuation.

NOW DECIDE:
Phrase A is no_evident_not_staff_left_precise_information_for_arrival. Phrase B is staff_misunderstand_on_payment.
Answer:
",Yes
2026-08-10 23:07:27,3,192,no_evident_not_staff_left_precise_information_for_arrival,staff_take_picture_of_passport,"You are checking arguments in an ABA (Assumption-Based Argumentation) framework built from hotel review mining.

BACKGROUND:
Phrase A is always an auto-derived ""Assumption"" — it defends a claim by asserting no counter-evidence
exists. It has one of two forms:
- ""no_evident_not_X"" → defends that X IS true (assumes no evidence proves X false)
- ""have_evident_no_Y"" → defends that Y IS absent (assumes there IS evidence Y is missing)

Phrase B is a candidate ""Proposition"" — a separate fact mined from another part of the review data.

TASK: Decide whether Phrase B is CONTRARY to Phrase A — meaning: if Phrase B is true, does it act as
the counter-evidence that breaks Phrase A's assumption?

RULES (apply in order):
1. Strip the ""no_evident_not_"" or ""have_evident_"" prefix from Phrase A to recover the underlying claim.
2. Ask: does Phrase B describe a concrete fact that, if true, disproves that claim?
3. Phrase B must be about the SAME specific situation as the claim, not merely the same general topic.
   A different specific complaint about the same topic is usually NOT contrary.
4. Do not judge by shared keywords (e.g. both containing ""not"" or ""no"") — judge the meaning.
5. If B provides real counter-evidence against A's claim → Yes. Otherwise → No.

CONTRASTIVE EXAMPLES:

1) Phrase A is no_evident_not_easy_check-in. Phrase B is customer_wait_10_minute_for_greet.
   → Waiting 10 minutes to be greeted is direct evidence check-in was NOT easy. Answer: Yes

2) Phrase A is no_evident_not_easy_check-in. Phrase B is no_one_give_key_on_late_check-in.
   → This is about late check-in key handover, a different specific issue than check-in being easy. Answer: No

3) Phrase A is no_evident_not_great_quality. Phrase B is shampoo_seem_cheap_considering_hotel_cost.
   → Cheap-feeling shampoo for the price directly undercuts the ""great quality"" claim. Answer: Yes

4) Phrase A is no_evident_not_great_quality. Phrase B is expensive_hotel.
   → ""Expensive"" is a price complaint, not evidence about quality. Answer: No

5) Phrase A is no_evident_not_helpful_staff. Phrase B is not_kind_staff.
   → ""Not kind"" is a distinct complaint (attitude) from ""not helpful"" (competence/assistance) —
     it does not itself prove staff were unhelpful. Answer: No

OUTPUT FORMAT: Respond with exactly one word, ""Yes"" or ""No"". No explanation, no punctuation.

NOW DECIDE:
Phrase A is no_evident_not_staff_left_precise_information_for_arrival. Phrase B is staff_take_picture_of_passport.
Answer:
",No.
2026-08-10 23:07:27,3,193,no_evident_not_staff_send_photo_for_arrival,no_one_give_key_on_late_check-in,"You are checking arguments in an ABA (Assumption-Based Argumentation) framework built from hotel review mining.

BACKGROUND:
Phrase A is always an auto-derived ""Assumption"" — it defends a claim by asserting no counter-evidence
exists. It has one of two forms:
- ""no_evident_not_X"" → defends that X IS true (assumes no evidence proves X false)
- ""have_evident_no_Y"" → defends that Y IS absent (assumes there IS evidence Y is missing)

Phrase B is a candidate ""Proposition"" — a separate fact mined from another part of the review data.

TASK: Decide whether Phrase B is CONTRARY to Phrase A — meaning: if Phrase B is true, does it act as
the counter-evidence that breaks Phrase A's assumption?

RULES (apply in order):
1. Strip the ""no_evident_not_"" or ""have_evident_"" prefix from Phrase A to recover the underlying claim.
2. Ask: does Phrase B describe a concrete fact that, if true, disproves that claim?
3. Phrase B must be about the SAME specific situation as the claim, not merely the same general topic.
   A different specific complaint about the same topic is usually NOT contrary.
4. Do not judge by shared keywords (e.g. both containing ""not"" or ""no"") — judge the meaning.
5. If B provides real counter-evidence against A's claim → Yes. Otherwise → No.

CONTRASTIVE EXAMPLES:

1) Phrase A is no_evident_not_easy_check-in. Phrase B is customer_wait_10_minute_for_greet.
   → Waiting 10 minutes to be greeted is direct evidence check-in was NOT easy. Answer: Yes

2) Phrase A is no_evident_not_easy_check-in. Phrase B is no_one_give_key_on_late_check-in.
   → This is about late check-in key handover, a different specific issue than check-in being easy. Answer: No

3) Phrase A is no_evident_not_great_quality. Phrase B is shampoo_seem_cheap_considering_hotel_cost.
   → Cheap-feeling shampoo for the price directly undercuts the ""great quality"" claim. Answer: Yes

4) Phrase A is no_evident_not_great_quality. Phrase B is expensive_hotel.
   → ""Expensive"" is a price complaint, not evidence about quality. Answer: No

5) Phrase A is no_evident_not_helpful_staff. Phrase B is not_kind_staff.
   → ""Not kind"" is a distinct complaint (attitude) from ""not helpful"" (competence/assistance) —
     it does not itself prove staff were unhelpful. Answer: No

OUTPUT FORMAT: Respond with exactly one word, ""Yes"" or ""No"". No explanation, no punctuation.

NOW DECIDE:
Phrase A is no_evident_not_staff_send_photo_for_arrival. Phrase B is no_one_give_key_on_late_check-in.
Answer:
",Yes
2026-08-10 23:07:28,3,194,no_evident_not_staff_send_photo_for_arrival,door_lock_on_late_check-in,"You are checking arguments in an ABA (Assumption-Based Argumentation) framework built from hotel review mining.

BACKGROUND:
Phrase A is always an auto-derived ""Assumption"" — it defends a claim by asserting no counter-evidence
exists. It has one of two forms:
- ""no_evident_not_X"" → defends that X IS true (assumes no evidence proves X false)
- ""have_evident_no_Y"" → defends that Y IS absent (assumes there IS evidence Y is missing)

Phrase B is a candidate ""Proposition"" — a separate fact mined from another part of the review data.

TASK: Decide whether Phrase B is CONTRARY to Phrase A — meaning: if Phrase B is true, does it act as
the counter-evidence that breaks Phrase A's assumption?

RULES (apply in order):
1. Strip the ""no_evident_not_"" or ""have_evident_"" prefix from Phrase A to recover the underlying claim.
2. Ask: does Phrase B describe a concrete fact that, if true, disproves that claim?
3. Phrase B must be about the SAME specific situation as the claim, not merely the same general topic.
   A different specific complaint about the same topic is usually NOT contrary.
4. Do not judge by shared keywords (e.g. both containing ""not"" or ""no"") — judge the meaning.
5. If B provides real counter-evidence against A's claim → Yes. Otherwise → No.

CONTRASTIVE EXAMPLES:

1) Phrase A is no_evident_not_easy_check-in. Phrase B is customer_wait_10_minute_for_greet.
   → Waiting 10 minutes to be greeted is direct evidence check-in was NOT easy. Answer: Yes

2) Phrase A is no_evident_not_easy_check-in. Phrase B is no_one_give_key_on_late_check-in.
   → This is about late check-in key handover, a different specific issue than check-in being easy. Answer: No

3) Phrase A is no_evident_not_great_quality. Phrase B is shampoo_seem_cheap_considering_hotel_cost.
   → Cheap-feeling shampoo for the price directly undercuts the ""great quality"" claim. Answer: Yes

4) Phrase A is no_evident_not_great_quality. Phrase B is expensive_hotel.
   → ""Expensive"" is a price complaint, not evidence about quality. Answer: No

5) Phrase A is no_evident_not_helpful_staff. Phrase B is not_kind_staff.
   → ""Not kind"" is a distinct complaint (attitude) from ""not helpful"" (competence/assistance) —
     it does not itself prove staff were unhelpful. Answer: No

OUTPUT FORMAT: Respond with exactly one word, ""Yes"" or ""No"". No explanation, no punctuation.

NOW DECIDE:
Phrase A is no_evident_not_staff_send_photo_for_arrival. Phrase B is door_lock_on_late_check-in.
Answer:
",No.
2026-08-10 23:07:28,3,195,no_evident_not_staff_send_photo_for_arrival,customer_wait_10_minute_for_greet,"You are checking arguments in an ABA (Assumption-Based Argumentation) framework built from hotel review mining.

BACKGROUND:
Phrase A is always an auto-derived ""Assumption"" — it defends a claim by asserting no counter-evidence
exists. It has one of two forms:
- ""no_evident_not_X"" → defends that X IS true (assumes no evidence proves X false)
- ""have_evident_no_Y"" → defends that Y IS absent (assumes there IS evidence Y is missing)

Phrase B is a candidate ""Proposition"" — a separate fact mined from another part of the review data.

TASK: Decide whether Phrase B is CONTRARY to Phrase A — meaning: if Phrase B is true, does it act as
the counter-evidence that breaks Phrase A's assumption?

RULES (apply in order):
1. Strip the ""no_evident_not_"" or ""have_evident_"" prefix from Phrase A to recover the underlying claim.
2. Ask: does Phrase B describe a concrete fact that, if true, disproves that claim?
3. Phrase B must be about the SAME specific situation as the claim, not merely the same general topic.
   A different specific complaint about the same topic is usually NOT contrary.
4. Do not judge by shared keywords (e.g. both containing ""not"" or ""no"") — judge the meaning.
5. If B provides real counter-evidence against A's claim → Yes. Otherwise → No.

CONTRASTIVE EXAMPLES:

1) Phrase A is no_evident_not_easy_check-in. Phrase B is customer_wait_10_minute_for_greet.
   → Waiting 10 minutes to be greeted is direct evidence check-in was NOT easy. Answer: Yes

2) Phrase A is no_evident_not_easy_check-in. Phrase B is no_one_give_key_on_late_check-in.
   → This is about late check-in key handover, a different specific issue than check-in being easy. Answer: No

3) Phrase A is no_evident_not_great_quality. Phrase B is shampoo_seem_cheap_considering_hotel_cost.
   → Cheap-feeling shampoo for the price directly undercuts the ""great quality"" claim. Answer: Yes

4) Phrase A is no_evident_not_great_quality. Phrase B is expensive_hotel.
   → ""Expensive"" is a price complaint, not evidence about quality. Answer: No

5) Phrase A is no_evident_not_helpful_staff. Phrase B is not_kind_staff.
   → ""Not kind"" is a distinct complaint (attitude) from ""not helpful"" (competence/assistance) —
     it does not itself prove staff were unhelpful. Answer: No

OUTPUT FORMAT: Respond with exactly one word, ""Yes"" or ""No"". No explanation, no punctuation.

NOW DECIDE:
Phrase A is no_evident_not_staff_send_photo_for_arrival. Phrase B is customer_wait_10_minute_for_greet.
Answer:
",Yes
2026-08-10 23:07:28,3,196,no_evident_not_staff_send_photo_for_arrival,customer_wait_10_minute_for_check-in,"You are checking arguments in an ABA (Assumption-Based Argumentation) framework built from hotel review mining.

BACKGROUND:
Phrase A is always an auto-derived ""Assumption"" — it defends a claim by asserting no counter-evidence
exists. It has one of two forms:
- ""no_evident_not_X"" → defends that X IS true (assumes no evidence proves X false)
- ""have_evident_no_Y"" → defends that Y IS absent (assumes there IS evidence Y is missing)

Phrase B is a candidate ""Proposition"" — a separate fact mined from another part of the review data.

TASK: Decide whether Phrase B is CONTRARY to Phrase A — meaning: if Phrase B is true, does it act as
the counter-evidence that breaks Phrase A's assumption?

RULES (apply in order):
1. Strip the ""no_evident_not_"" or ""have_evident_"" prefix from Phrase A to recover the underlying claim.
2. Ask: does Phrase B describe a concrete fact that, if true, disproves that claim?
3. Phrase B must be about the SAME specific situation as the claim, not merely the same general topic.
   A different specific complaint about the same topic is usually NOT contrary.
4. Do not judge by shared keywords (e.g. both containing ""not"" or ""no"") — judge the meaning.
5. If B provides real counter-evidence against A's claim → Yes. Otherwise → No.

CONTRASTIVE EXAMPLES:

1) Phrase A is no_evident_not_easy_check-in. Phrase B is customer_wait_10_minute_for_greet.
   → Waiting 10 minutes to be greeted is direct evidence check-in was NOT easy. Answer: Yes

2) Phrase A is no_evident_not_easy_check-in. Phrase B is no_one_give_key_on_late_check-in.
   → This is about late check-in key handover, a different specific issue than check-in being easy. Answer: No

3) Phrase A is no_evident_not_great_quality. Phrase B is shampoo_seem_cheap_considering_hotel_cost.
   → Cheap-feeling shampoo for the price directly undercuts the ""great quality"" claim. Answer: Yes

4) Phrase A is no_evident_not_great_quality. Phrase B is expensive_hotel.
   → ""Expensive"" is a price complaint, not evidence about quality. Answer: No

5) Phrase A is no_evident_not_helpful_staff. Phrase B is not_kind_staff.
   → ""Not kind"" is a distinct complaint (attitude) from ""not helpful"" (competence/assistance) —
     it does not itself prove staff were unhelpful. Answer: No

OUTPUT FORMAT: Respond with exactly one word, ""Yes"" or ""No"". No explanation, no punctuation.

NOW DECIDE:
Phrase A is no_evident_not_staff_send_photo_for_arrival. Phrase B is customer_wait_10_minute_for_check-in.
Answer:
",No.
2026-08-10 23:07:28,3,197,no_evident_not_staff_send_photo_for_arrival,staff_misunderstand_on_payment,"You are checking arguments in an ABA (Assumption-Based Argumentation) framework built from hotel review mining.

BACKGROUND:
Phrase A is always an auto-derived ""Assumption"" — it defends a claim by asserting no counter-evidence
exists. It has one of two forms:
- ""no_evident_not_X"" → defends that X IS true (assumes no evidence proves X false)
- ""have_evident_no_Y"" → defends that Y IS absent (assumes there IS evidence Y is missing)

Phrase B is a candidate ""Proposition"" — a separate fact mined from another part of the review data.

TASK: Decide whether Phrase B is CONTRARY to Phrase A — meaning: if Phrase B is true, does it act as
the counter-evidence that breaks Phrase A's assumption?

RULES (apply in order):
1. Strip the ""no_evident_not_"" or ""have_evident_"" prefix from Phrase A to recover the underlying claim.
2. Ask: does Phrase B describe a concrete fact that, if true, disproves that claim?
3. Phrase B must be about the SAME specific situation as the claim, not merely the same general topic.
   A different specific complaint about the same topic is usually NOT contrary.
4. Do not judge by shared keywords (e.g. both containing ""not"" or ""no"") — judge the meaning.
5. If B provides real counter-evidence against A's claim → Yes. Otherwise → No.

CONTRASTIVE EXAMPLES:

1) Phrase A is no_evident_not_easy_check-in. Phrase B is customer_wait_10_minute_for_greet.
   → Waiting 10 minutes to be greeted is direct evidence check-in was NOT easy. Answer: Yes

2) Phrase A is no_evident_not_easy_check-in. Phrase B is no_one_give_key_on_late_check-in.
   → This is about late check-in key handover, a different specific issue than check-in being easy. Answer: No

3) Phrase A is no_evident_not_great_quality. Phrase B is shampoo_seem_cheap_considering_hotel_cost.
   → Cheap-feeling shampoo for the price directly undercuts the ""great quality"" claim. Answer: Yes

4) Phrase A is no_evident_not_great_quality. Phrase B is expensive_hotel.
   → ""Expensive"" is a price complaint, not evidence about quality. Answer: No

5) Phrase A is no_evident_not_helpful_staff. Phrase B is not_kind_staff.
   → ""Not kind"" is a distinct complaint (attitude) from ""not helpful"" (competence/assistance) —
     it does not itself prove staff were unhelpful. Answer: No

OUTPUT FORMAT: Respond with exactly one word, ""Yes"" or ""No"". No explanation, no punctuation.

NOW DECIDE:
Phrase A is no_evident_not_staff_send_photo_for_arrival. Phrase B is staff_misunderstand_on_payment.
Answer:
",No.
2026-08-10 23:07:28,3,198,no_evident_not_staff_send_photo_for_arrival,staff_take_picture_of_passport,"You are checking arguments in an ABA (Assumption-Based Argumentation) framework built from hotel review mining.

BACKGROUND:
Phrase A is always an auto-derived ""Assumption"" — it defends a claim by asserting no counter-evidence
exists. It has one of two forms:
- ""no_evident_not_X"" → defends that X IS true (assumes no evidence proves X false)
- ""have_evident_no_Y"" → defends that Y IS absent (assumes there IS evidence Y is missing)

Phrase B is a candidate ""Proposition"" — a separate fact mined from another part of the review data.

TASK: Decide whether Phrase B is CONTRARY to Phrase A — meaning: if Phrase B is true, does it act as
the counter-evidence that breaks Phrase A's assumption?

RULES (apply in order):
1. Strip the ""no_evident_not_"" or ""have_evident_"" prefix from Phrase A to recover the underlying claim.
2. Ask: does Phrase B describe a concrete fact that, if true, disproves that claim?
3. Phrase B must be about the SAME specific situation as the claim, not merely the same general topic.
   A different specific complaint about the same topic is usually NOT contrary.
4. Do not judge by shared keywords (e.g. both containing ""not"" or ""no"") — judge the meaning.
5. If B provides real counter-evidence against A's claim → Yes. Otherwise → No.

CONTRASTIVE EXAMPLES:

1) Phrase A is no_evident_not_easy_check-in. Phrase B is customer_wait_10_minute_for_greet.
   → Waiting 10 minutes to be greeted is direct evidence check-in was NOT easy. Answer: Yes

2) Phrase A is no_evident_not_easy_check-in. Phrase B is no_one_give_key_on_late_check-in.
   → This is about late check-in key handover, a different specific issue than check-in being easy. Answer: No

3) Phrase A is no_evident_not_great_quality. Phrase B is shampoo_seem_cheap_considering_hotel_cost.
   → Cheap-feeling shampoo for the price directly undercuts the ""great quality"" claim. Answer: Yes

4) Phrase A is no_evident_not_great_quality. Phrase B is expensive_hotel.
   → ""Expensive"" is a price complaint, not evidence about quality. Answer: No

5) Phrase A is no_evident_not_helpful_staff. Phrase B is not_kind_staff.
   → ""Not kind"" is a distinct complaint (attitude) from ""not helpful"" (competence/assistance) —
     it does not itself prove staff were unhelpful. Answer: No

OUTPUT FORMAT: Respond with exactly one word, ""Yes"" or ""No"". No explanation, no punctuation.

NOW DECIDE:
Phrase A is no_evident_not_staff_send_photo_for_arrival. Phrase B is staff_take_picture_of_passport.
Answer:
",Yes
2026-08-10 23:07:28,3,199,no_evident_not_staff_take_care_late_check-in,no_one_give_key_on_late_check-in,"You are checking arguments in an ABA (Assumption-Based Argumentation) framework built from hotel review mining.

BACKGROUND:
Phrase A is always an auto-derived ""Assumption"" — it defends a claim by asserting no counter-evidence
exists. It has one of two forms:
- ""no_evident_not_X"" → defends that X IS true (assumes no evidence proves X false)
- ""have_evident_no_Y"" → defends that Y IS absent (assumes there IS evidence Y is missing)

Phrase B is a candidate ""Proposition"" — a separate fact mined from another part of the review data.

TASK: Decide whether Phrase B is CONTRARY to Phrase A — meaning: if Phrase B is true, does it act as
the counter-evidence that breaks Phrase A's assumption?

RULES (apply in order):
1. Strip the ""no_evident_not_"" or ""have_evident_"" prefix from Phrase A to recover the underlying claim.
2. Ask: does Phrase B describe a concrete fact that, if true, disproves that claim?
3. Phrase B must be about the SAME specific situation as the claim, not merely the same general topic.
   A different specific complaint about the same topic is usually NOT contrary.
4. Do not judge by shared keywords (e.g. both containing ""not"" or ""no"") — judge the meaning.
5. If B provides real counter-evidence against A's claim → Yes. Otherwise → No.

CONTRASTIVE EXAMPLES:

1) Phrase A is no_evident_not_easy_check-in. Phrase B is customer_wait_10_minute_for_greet.
   → Waiting 10 minutes to be greeted is direct evidence check-in was NOT easy. Answer: Yes

2) Phrase A is no_evident_not_easy_check-in. Phrase B is no_one_give_key_on_late_check-in.
   → This is about late check-in key handover, a different specific issue than check-in being easy. Answer: No

3) Phrase A is no_evident_not_great_quality. Phrase B is shampoo_seem_cheap_considering_hotel_cost.
   → Cheap-feeling shampoo for the price directly undercuts the ""great quality"" claim. Answer: Yes

4) Phrase A is no_evident_not_great_quality. Phrase B is expensive_hotel.
   → ""Expensive"" is a price complaint, not evidence about quality. Answer: No

5) Phrase A is no_evident_not_helpful_staff. Phrase B is not_kind_staff.
   → ""Not kind"" is a distinct complaint (attitude) from ""not helpful"" (competence/assistance) —
     it does not itself prove staff were unhelpful. Answer: No

OUTPUT FORMAT: Respond with exactly one word, ""Yes"" or ""No"". No explanation, no punctuation.

NOW DECIDE:
Phrase A is no_evident_not_staff_take_care_late_check-in. Phrase B is no_one_give_key_on_late_check-in.
Answer:
",Yes
2026-08-10 23:07:28,3,200,no_evident_not_staff_take_care_late_check-in,door_lock_on_late_check-in,"You are checking arguments in an ABA (Assumption-Based Argumentation) framework built from hotel review mining.

BACKGROUND:
Phrase A is always an auto-derived ""Assumption"" — it defends a claim by asserting no counter-evidence
exists. It has one of two forms:
- ""no_evident_not_X"" → defends that X IS true (assumes no evidence proves X false)
- ""have_evident_no_Y"" → defends that Y IS absent (assumes there IS evidence Y is missing)

Phrase B is a candidate ""Proposition"" — a separate fact mined from another part of the review data.

TASK: Decide whether Phrase B is CONTRARY to Phrase A — meaning: if Phrase B is true, does it act as
the counter-evidence that breaks Phrase A's assumption?

RULES (apply in order):
1. Strip the ""no_evident_not_"" or ""have_evident_"" prefix from Phrase A to recover the underlying claim.
2. Ask: does Phrase B describe a concrete fact that, if true, disproves that claim?
3. Phrase B must be about the SAME specific situation as the claim, not merely the same general topic.
   A different specific complaint about the same topic is usually NOT contrary.
4. Do not judge by shared keywords (e.g. both containing ""not"" or ""no"") — judge the meaning.
5. If B provides real counter-evidence against A's claim → Yes. Otherwise → No.

CONTRASTIVE EXAMPLES:

1) Phrase A is no_evident_not_easy_check-in. Phrase B is customer_wait_10_minute_for_greet.
   → Waiting 10 minutes to be greeted is direct evidence check-in was NOT easy. Answer: Yes

2) Phrase A is no_evident_not_easy_check-in. Phrase B is no_one_give_key_on_late_check-in.
   → This is about late check-in key handover, a different specific issue than check-in being easy. Answer: No

3) Phrase A is no_evident_not_great_quality. Phrase B is shampoo_seem_cheap_considering_hotel_cost.
   → Cheap-feeling shampoo for the price directly undercuts the ""great quality"" claim. Answer: Yes

4) Phrase A is no_evident_not_great_quality. Phrase B is expensive_hotel.
   → ""Expensive"" is a price complaint, not evidence about quality. Answer: No

5) Phrase A is no_evident_not_helpful_staff. Phrase B is not_kind_staff.
   → ""Not kind"" is a distinct complaint (attitude) from ""not helpful"" (competence/assistance) —
     it does not itself prove staff were unhelpful. Answer: No

OUTPUT FORMAT: Respond with exactly one word, ""Yes"" or ""No"". No explanation, no punctuation.

NOW DECIDE:
Phrase A is no_evident_not_staff_take_care_late_check-in. Phrase B is door_lock_on_late_check-in.
Answer:
",Yes
2026-08-10 23:07:28,3,201,no_evident_not_staff_take_care_late_check-in,customer_wait_10_minute_for_greet,"You are checking arguments in an ABA (Assumption-Based Argumentation) framework built from hotel review mining.

BACKGROUND:
Phrase A is always an auto-derived ""Assumption"" — it defends a claim by asserting no counter-evidence
exists. It has one of two forms:
- ""no_evident_not_X"" → defends that X IS true (assumes no evidence proves X false)
- ""have_evident_no_Y"" → defends that Y IS absent (assumes there IS evidence Y is missing)

Phrase B is a candidate ""Proposition"" — a separate fact mined from another part of the review data.

TASK: Decide whether Phrase B is CONTRARY to Phrase A — meaning: if Phrase B is true, does it act as
the counter-evidence that breaks Phrase A's assumption?

RULES (apply in order):
1. Strip the ""no_evident_not_"" or ""have_evident_"" prefix from Phrase A to recover the underlying claim.
2. Ask: does Phrase B describe a concrete fact that, if true, disproves that claim?
3. Phrase B must be about the SAME specific situation as the claim, not merely the same general topic.
   A different specific complaint about the same topic is usually NOT contrary.
4. Do not judge by shared keywords (e.g. both containing ""not"" or ""no"") — judge the meaning.
5. If B provides real counter-evidence against A's claim → Yes. Otherwise → No.

CONTRASTIVE EXAMPLES:

1) Phrase A is no_evident_not_easy_check-in. Phrase B is customer_wait_10_minute_for_greet.
   → Waiting 10 minutes to be greeted is direct evidence check-in was NOT easy. Answer: Yes

2) Phrase A is no_evident_not_easy_check-in. Phrase B is no_one_give_key_on_late_check-in.
   → This is about late check-in key handover, a different specific issue than check-in being easy. Answer: No

3) Phrase A is no_evident_not_great_quality. Phrase B is shampoo_seem_cheap_considering_hotel_cost.
   → Cheap-feeling shampoo for the price directly undercuts the ""great quality"" claim. Answer: Yes

4) Phrase A is no_evident_not_great_quality. Phrase B is expensive_hotel.
   → ""Expensive"" is a price complaint, not evidence about quality. Answer: No

5) Phrase A is no_evident_not_helpful_staff. Phrase B is not_kind_staff.
   → ""Not kind"" is a distinct complaint (attitude) from ""not helpful"" (competence/assistance) —
     it does not itself prove staff were unhelpful. Answer: No

OUTPUT FORMAT: Respond with exactly one word, ""Yes"" or ""No"". No explanation, no punctuation.

NOW DECIDE:
Phrase A is no_evident_not_staff_take_care_late_check-in. Phrase B is customer_wait_10_minute_for_greet.
Answer:
",Yes
2026-08-10 23:07:29,3,202,no_evident_not_staff_take_care_late_check-in,customer_wait_10_minute_for_check-in,"You are checking arguments in an ABA (Assumption-Based Argumentation) framework built from hotel review mining.

BACKGROUND:
Phrase A is always an auto-derived ""Assumption"" — it defends a claim by asserting no counter-evidence
exists. It has one of two forms:
- ""no_evident_not_X"" → defends that X IS true (assumes no evidence proves X false)
- ""have_evident_no_Y"" → defends that Y IS absent (assumes there IS evidence Y is missing)

Phrase B is a candidate ""Proposition"" — a separate fact mined from another part of the review data.

TASK: Decide whether Phrase B is CONTRARY to Phrase A — meaning: if Phrase B is true, does it act as
the counter-evidence that breaks Phrase A's assumption?

RULES (apply in order):
1. Strip the ""no_evident_not_"" or ""have_evident_"" prefix from Phrase A to recover the underlying claim.
2. Ask: does Phrase B describe a concrete fact that, if true, disproves that claim?
3. Phrase B must be about the SAME specific situation as the claim, not merely the same general topic.
   A different specific complaint about the same topic is usually NOT contrary.
4. Do not judge by shared keywords (e.g. both containing ""not"" or ""no"") — judge the meaning.
5. If B provides real counter-evidence against A's claim → Yes. Otherwise → No.

CONTRASTIVE EXAMPLES:

1) Phrase A is no_evident_not_easy_check-in. Phrase B is customer_wait_10_minute_for_greet.
   → Waiting 10 minutes to be greeted is direct evidence check-in was NOT easy. Answer: Yes

2) Phrase A is no_evident_not_easy_check-in. Phrase B is no_one_give_key_on_late_check-in.
   → This is about late check-in key handover, a different specific issue than check-in being easy. Answer: No

3) Phrase A is no_evident_not_great_quality. Phrase B is shampoo_seem_cheap_considering_hotel_cost.
   → Cheap-feeling shampoo for the price directly undercuts the ""great quality"" claim. Answer: Yes

4) Phrase A is no_evident_not_great_quality. Phrase B is expensive_hotel.
   → ""Expensive"" is a price complaint, not evidence about quality. Answer: No

5) Phrase A is no_evident_not_helpful_staff. Phrase B is not_kind_staff.
   → ""Not kind"" is a distinct complaint (attitude) from ""not helpful"" (competence/assistance) —
     it does not itself prove staff were unhelpful. Answer: No

OUTPUT FORMAT: Respond with exactly one word, ""Yes"" or ""No"". No explanation, no punctuation.

NOW DECIDE:
Phrase A is no_evident_not_staff_take_care_late_check-in. Phrase B is customer_wait_10_minute_for_check-in.
Answer:
",No.
2026-08-10 23:07:29,3,203,no_evident_not_staff_take_care_late_check-in,staff_misunderstand_on_payment,"You are checking arguments in an ABA (Assumption-Based Argumentation) framework built from hotel review mining.

BACKGROUND:
Phrase A is always an auto-derived ""Assumption"" — it defends a claim by asserting no counter-evidence
exists. It has one of two forms:
- ""no_evident_not_X"" → defends that X IS true (assumes no evidence proves X false)
- ""have_evident_no_Y"" → defends that Y IS absent (assumes there IS evidence Y is missing)

Phrase B is a candidate ""Proposition"" — a separate fact mined from another part of the review data.

TASK: Decide whether Phrase B is CONTRARY to Phrase A — meaning: if Phrase B is true, does it act as
the counter-evidence that breaks Phrase A's assumption?

RULES (apply in order):
1. Strip the ""no_evident_not_"" or ""have_evident_"" prefix from Phrase A to recover the underlying claim.
2. Ask: does Phrase B describe a concrete fact that, if true, disproves that claim?
3. Phrase B must be about the SAME specific situation as the claim, not merely the same general topic.
   A different specific complaint about the same topic is usually NOT contrary.
4. Do not judge by shared keywords (e.g. both containing ""not"" or ""no"") — judge the meaning.
5. If B provides real counter-evidence against A's claim → Yes. Otherwise → No.

CONTRASTIVE EXAMPLES:

1) Phrase A is no_evident_not_easy_check-in. Phrase B is customer_wait_10_minute_for_greet.
   → Waiting 10 minutes to be greeted is direct evidence check-in was NOT easy. Answer: Yes

2) Phrase A is no_evident_not_easy_check-in. Phrase B is no_one_give_key_on_late_check-in.
   → This is about late check-in key handover, a different specific issue than check-in being easy. Answer: No

3) Phrase A is no_evident_not_great_quality. Phrase B is shampoo_seem_cheap_considering_hotel_cost.
   → Cheap-feeling shampoo for the price directly undercuts the ""great quality"" claim. Answer: Yes

4) Phrase A is no_evident_not_great_quality. Phrase B is expensive_hotel.
   → ""Expensive"" is a price complaint, not evidence about quality. Answer: No

5) Phrase A is no_evident_not_helpful_staff. Phrase B is not_kind_staff.
   → ""Not kind"" is a distinct complaint (attitude) from ""not helpful"" (competence/assistance) —
     it does not itself prove staff were unhelpful. Answer: No

OUTPUT FORMAT: Respond with exactly one word, ""Yes"" or ""No"". No explanation, no punctuation.

NOW DECIDE:
Phrase A is no_evident_not_staff_take_care_late_check-in. Phrase B is staff_misunderstand_on_payment.
Answer:
",No.
2026-08-10 23:07:29,3,204,no_evident_not_staff_take_care_late_check-in,staff_take_picture_of_passport,"You are checking arguments in an ABA (Assumption-Based Argumentation) framework built from hotel review mining.

BACKGROUND:
Phrase A is always an auto-derived ""Assumption"" — it defends a claim by asserting no counter-evidence
exists. It has one of two forms:
- ""no_evident_not_X"" → defends that X IS true (assumes no evidence proves X false)
- ""have_evident_no_Y"" → defends that Y IS absent (assumes there IS evidence Y is missing)

Phrase B is a candidate ""Proposition"" — a separate fact mined from another part of the review data.

TASK: Decide whether Phrase B is CONTRARY to Phrase A — meaning: if Phrase B is true, does it act as
the counter-evidence that breaks Phrase A's assumption?

RULES (apply in order):
1. Strip the ""no_evident_not_"" or ""have_evident_"" prefix from Phrase A to recover the underlying claim.
2. Ask: does Phrase B describe a concrete fact that, if true, disproves that claim?
3. Phrase B must be about the SAME specific situation as the claim, not merely the same general topic.
   A different specific complaint about the same topic is usually NOT contrary.
4. Do not judge by shared keywords (e.g. both containing ""not"" or ""no"") — judge the meaning.
5. If B provides real counter-evidence against A's claim → Yes. Otherwise → No.

CONTRASTIVE EXAMPLES:

1) Phrase A is no_evident_not_easy_check-in. Phrase B is customer_wait_10_minute_for_greet.
   → Waiting 10 minutes to be greeted is direct evidence check-in was NOT easy. Answer: Yes

2) Phrase A is no_evident_not_easy_check-in. Phrase B is no_one_give_key_on_late_check-in.
   → This is about late check-in key handover, a different specific issue than check-in being easy. Answer: No

3) Phrase A is no_evident_not_great_quality. Phrase B is shampoo_seem_cheap_considering_hotel_cost.
   → Cheap-feeling shampoo for the price directly undercuts the ""great quality"" claim. Answer: Yes

4) Phrase A is no_evident_not_great_quality. Phrase B is expensive_hotel.
   → ""Expensive"" is a price complaint, not evidence about quality. Answer: No

5) Phrase A is no_evident_not_helpful_staff. Phrase B is not_kind_staff.
   → ""Not kind"" is a distinct complaint (attitude) from ""not helpful"" (competence/assistance) —
     it does not itself prove staff were unhelpful. Answer: No

OUTPUT FORMAT: Respond with exactly one word, ""Yes"" or ""No"". No explanation, no punctuation.

NOW DECIDE:
Phrase A is no_evident_not_staff_take_care_late_check-in. Phrase B is staff_take_picture_of_passport.
Answer:
",No.
2026-08-10 23:07:29,3,205,no_evident_not_fluid_check-in,no_one_give_key_on_late_check-in,"You are checking arguments in an ABA (Assumption-Based Argumentation) framework built from hotel review mining.

BACKGROUND:
Phrase A is always an auto-derived ""Assumption"" — it defends a claim by asserting no counter-evidence
exists. It has one of two forms:
- ""no_evident_not_X"" → defends that X IS true (assumes no evidence proves X false)
- ""have_evident_no_Y"" → defends that Y IS absent (assumes there IS evidence Y is missing)

Phrase B is a candidate ""Proposition"" — a separate fact mined from another part of the review data.

TASK: Decide whether Phrase B is CONTRARY to Phrase A — meaning: if Phrase B is true, does it act as
the counter-evidence that breaks Phrase A's assumption?

RULES (apply in order):
1. Strip the ""no_evident_not_"" or ""have_evident_"" prefix from Phrase A to recover the underlying claim.
2. Ask: does Phrase B describe a concrete fact that, if true, disproves that claim?
3. Phrase B must be about the SAME specific situation as the claim, not merely the same general topic.
   A different specific complaint about the same topic is usually NOT contrary.
4. Do not judge by shared keywords (e.g. both containing ""not"" or ""no"") — judge the meaning.
5. If B provides real counter-evidence against A's claim → Yes. Otherwise → No.

CONTRASTIVE EXAMPLES:

1) Phrase A is no_evident_not_easy_check-in. Phrase B is customer_wait_10_minute_for_greet.
   → Waiting 10 minutes to be greeted is direct evidence check-in was NOT easy. Answer: Yes

2) Phrase A is no_evident_not_easy_check-in. Phrase B is no_one_give_key_on_late_check-in.
   → This is about late check-in key handover, a different specific issue than check-in being easy. Answer: No

3) Phrase A is no_evident_not_great_quality. Phrase B is shampoo_seem_cheap_considering_hotel_cost.
   → Cheap-feeling shampoo for the price directly undercuts the ""great quality"" claim. Answer: Yes

4) Phrase A is no_evident_not_great_quality. Phrase B is expensive_hotel.
   → ""Expensive"" is a price complaint, not evidence about quality. Answer: No

5) Phrase A is no_evident_not_helpful_staff. Phrase B is not_kind_staff.
   → ""Not kind"" is a distinct complaint (attitude) from ""not helpful"" (competence/assistance) —
     it does not itself prove staff were unhelpful. Answer: No

OUTPUT FORMAT: Respond with exactly one word, ""Yes"" or ""No"". No explanation, no punctuation.

NOW DECIDE:
Phrase A is no_evident_not_fluid_check-in. Phrase B is no_one_give_key_on_late_check-in.
Answer:
",Yes
2026-08-10 23:07:29,3,207,no_evident_not_fluid_check-in,customer_wait_10_minute_for_greet,"You are checking arguments in an ABA (Assumption-Based Argumentation) framework built from hotel review mining.

BACKGROUND:
Phrase A is always an auto-derived ""Assumption"" — it defends a claim by asserting no counter-evidence
exists. It has one of two forms:
- ""no_evident_not_X"" → defends that X IS true (assumes no evidence proves X false)
- ""have_evident_no_Y"" → defends that Y IS absent (assumes there IS evidence Y is missing)

Phrase B is a candidate ""Proposition"" — a separate fact mined from another part of the review data.

TASK: Decide whether Phrase B is CONTRARY to Phrase A — meaning: if Phrase B is true, does it act as
the counter-evidence that breaks Phrase A's assumption?

RULES (apply in order):
1. Strip the ""no_evident_not_"" or ""have_evident_"" prefix from Phrase A to recover the underlying claim.
2. Ask: does Phrase B describe a concrete fact that, if true, disproves that claim?
3. Phrase B must be about the SAME specific situation as the claim, not merely the same general topic.
   A different specific complaint about the same topic is usually NOT contrary.
4. Do not judge by shared keywords (e.g. both containing ""not"" or ""no"") — judge the meaning.
5. If B provides real counter-evidence against A's claim → Yes. Otherwise → No.

CONTRASTIVE EXAMPLES:

1) Phrase A is no_evident_not_easy_check-in. Phrase B is customer_wait_10_minute_for_greet.
   → Waiting 10 minutes to be greeted is direct evidence check-in was NOT easy. Answer: Yes

2) Phrase A is no_evident_not_easy_check-in. Phrase B is no_one_give_key_on_late_check-in.
   → This is about late check-in key handover, a different specific issue than check-in being easy. Answer: No

3) Phrase A is no_evident_not_great_quality. Phrase B is shampoo_seem_cheap_considering_hotel_cost.
   → Cheap-feeling shampoo for the price directly undercuts the ""great quality"" claim. Answer: Yes

4) Phrase A is no_evident_not_great_quality. Phrase B is expensive_hotel.
   → ""Expensive"" is a price complaint, not evidence about quality. Answer: No

5) Phrase A is no_evident_not_helpful_staff. Phrase B is not_kind_staff.
   → ""Not kind"" is a distinct complaint (attitude) from ""not helpful"" (competence/assistance) —
     it does not itself prove staff were unhelpful. Answer: No

OUTPUT FORMAT: Respond with exactly one word, ""Yes"" or ""No"". No explanation, no punctuation.

NOW DECIDE:
Phrase A is no_evident_not_fluid_check-in. Phrase B is customer_wait_10_minute_for_greet.
Answer:
",Yes
2026-08-10 23:07:29,3,206,no_evident_not_fluid_check-in,door_lock_on_late_check-in,"You are checking arguments in an ABA (Assumption-Based Argumentation) framework built from hotel review mining.

BACKGROUND:
Phrase A is always an auto-derived ""Assumption"" — it defends a claim by asserting no counter-evidence
exists. It has one of two forms:
- ""no_evident_not_X"" → defends that X IS true (assumes no evidence proves X false)
- ""have_evident_no_Y"" → defends that Y IS absent (assumes there IS evidence Y is missing)

Phrase B is a candidate ""Proposition"" — a separate fact mined from another part of the review data.

TASK: Decide whether Phrase B is CONTRARY to Phrase A — meaning: if Phrase B is true, does it act as
the counter-evidence that breaks Phrase A's assumption?

RULES (apply in order):
1. Strip the ""no_evident_not_"" or ""have_evident_"" prefix from Phrase A to recover the underlying claim.
2. Ask: does Phrase B describe a concrete fact that, if true, disproves that claim?
3. Phrase B must be about the SAME specific situation as the claim, not merely the same general topic.
   A different specific complaint about the same topic is usually NOT contrary.
4. Do not judge by shared keywords (e.g. both containing ""not"" or ""no"") — judge the meaning.
5. If B provides real counter-evidence against A's claim → Yes. Otherwise → No.

CONTRASTIVE EXAMPLES:

1) Phrase A is no_evident_not_easy_check-in. Phrase B is customer_wait_10_minute_for_greet.
   → Waiting 10 minutes to be greeted is direct evidence check-in was NOT easy. Answer: Yes

2) Phrase A is no_evident_not_easy_check-in. Phrase B is no_one_give_key_on_late_check-in.
   → This is about late check-in key handover, a different specific issue than check-in being easy. Answer: No

3) Phrase A is no_evident_not_great_quality. Phrase B is shampoo_seem_cheap_considering_hotel_cost.
   → Cheap-feeling shampoo for the price directly undercuts the ""great quality"" claim. Answer: Yes

4) Phrase A is no_evident_not_great_quality. Phrase B is expensive_hotel.
   → ""Expensive"" is a price complaint, not evidence about quality. Answer: No

5) Phrase A is no_evident_not_helpful_staff. Phrase B is not_kind_staff.
   → ""Not kind"" is a distinct complaint (attitude) from ""not helpful"" (competence/assistance) —
     it does not itself prove staff were unhelpful. Answer: No

OUTPUT FORMAT: Respond with exactly one word, ""Yes"" or ""No"". No explanation, no punctuation.

NOW DECIDE:
Phrase A is no_evident_not_fluid_check-in. Phrase B is door_lock_on_late_check-in.
Answer:
",Yes
2026-08-10 23:07:29,3,208,no_evident_not_fluid_check-in,customer_wait_10_minute_for_check-in,"You are checking arguments in an ABA (Assumption-Based Argumentation) framework built from hotel review mining.

BACKGROUND:
Phrase A is always an auto-derived ""Assumption"" — it defends a claim by asserting no counter-evidence
exists. It has one of two forms:
- ""no_evident_not_X"" → defends that X IS true (assumes no evidence proves X false)
- ""have_evident_no_Y"" → defends that Y IS absent (assumes there IS evidence Y is missing)

Phrase B is a candidate ""Proposition"" — a separate fact mined from another part of the review data.

TASK: Decide whether Phrase B is CONTRARY to Phrase A — meaning: if Phrase B is true, does it act as
the counter-evidence that breaks Phrase A's assumption?

RULES (apply in order):
1. Strip the ""no_evident_not_"" or ""have_evident_"" prefix from Phrase A to recover the underlying claim.
2. Ask: does Phrase B describe a concrete fact that, if true, disproves that claim?
3. Phrase B must be about the SAME specific situation as the claim, not merely the same general topic.
   A different specific complaint about the same topic is usually NOT contrary.
4. Do not judge by shared keywords (e.g. both containing ""not"" or ""no"") — judge the meaning.
5. If B provides real counter-evidence against A's claim → Yes. Otherwise → No.

CONTRASTIVE EXAMPLES:

1) Phrase A is no_evident_not_easy_check-in. Phrase B is customer_wait_10_minute_for_greet.
   → Waiting 10 minutes to be greeted is direct evidence check-in was NOT easy. Answer: Yes

2) Phrase A is no_evident_not_easy_check-in. Phrase B is no_one_give_key_on_late_check-in.
   → This is about late check-in key handover, a different specific issue than check-in being easy. Answer: No

3) Phrase A is no_evident_not_great_quality. Phrase B is shampoo_seem_cheap_considering_hotel_cost.
   → Cheap-feeling shampoo for the price directly undercuts the ""great quality"" claim. Answer: Yes

4) Phrase A is no_evident_not_great_quality. Phrase B is expensive_hotel.
   → ""Expensive"" is a price complaint, not evidence about quality. Answer: No

5) Phrase A is no_evident_not_helpful_staff. Phrase B is not_kind_staff.
   → ""Not kind"" is a distinct complaint (attitude) from ""not helpful"" (competence/assistance) —
     it does not itself prove staff were unhelpful. Answer: No

OUTPUT FORMAT: Respond with exactly one word, ""Yes"" or ""No"". No explanation, no punctuation.

NOW DECIDE:
Phrase A is no_evident_not_fluid_check-in. Phrase B is customer_wait_10_minute_for_check-in.
Answer:
",No.
2026-08-10 23:07:30,3,209,no_evident_not_fluid_check-in,staff_misunderstand_on_payment,"You are checking arguments in an ABA (Assumption-Based Argumentation) framework built from hotel review mining.

BACKGROUND:
Phrase A is always an auto-derived ""Assumption"" — it defends a claim by asserting no counter-evidence
exists. It has one of two forms:
- ""no_evident_not_X"" → defends that X IS true (assumes no evidence proves X false)
- ""have_evident_no_Y"" → defends that Y IS absent (assumes there IS evidence Y is missing)

Phrase B is a candidate ""Proposition"" — a separate fact mined from another part of the review data.

TASK: Decide whether Phrase B is CONTRARY to Phrase A — meaning: if Phrase B is true, does it act as
the counter-evidence that breaks Phrase A's assumption?

RULES (apply in order):
1. Strip the ""no_evident_not_"" or ""have_evident_"" prefix from Phrase A to recover the underlying claim.
2. Ask: does Phrase B describe a concrete fact that, if true, disproves that claim?
3. Phrase B must be about the SAME specific situation as the claim, not merely the same general topic.
   A different specific complaint about the same topic is usually NOT contrary.
4. Do not judge by shared keywords (e.g. both containing ""not"" or ""no"") — judge the meaning.
5. If B provides real counter-evidence against A's claim → Yes. Otherwise → No.

CONTRASTIVE EXAMPLES:

1) Phrase A is no_evident_not_easy_check-in. Phrase B is customer_wait_10_minute_for_greet.
   → Waiting 10 minutes to be greeted is direct evidence check-in was NOT easy. Answer: Yes

2) Phrase A is no_evident_not_easy_check-in. Phrase B is no_one_give_key_on_late_check-in.
   → This is about late check-in key handover, a different specific issue than check-in being easy. Answer: No

3) Phrase A is no_evident_not_great_quality. Phrase B is shampoo_seem_cheap_considering_hotel_cost.
   → Cheap-feeling shampoo for the price directly undercuts the ""great quality"" claim. Answer: Yes

4) Phrase A is no_evident_not_great_quality. Phrase B is expensive_hotel.
   → ""Expensive"" is a price complaint, not evidence about quality. Answer: No

5) Phrase A is no_evident_not_helpful_staff. Phrase B is not_kind_staff.
   → ""Not kind"" is a distinct complaint (attitude) from ""not helpful"" (competence/assistance) —
     it does not itself prove staff were unhelpful. Answer: No

OUTPUT FORMAT: Respond with exactly one word, ""Yes"" or ""No"". No explanation, no punctuation.

NOW DECIDE:
Phrase A is no_evident_not_fluid_check-in. Phrase B is staff_misunderstand_on_payment.
Answer:
",Yes
2026-08-10 23:07:30,3,210,no_evident_not_fluid_check-in,staff_take_picture_of_passport,"You are checking arguments in an ABA (Assumption-Based Argumentation) framework built from hotel review mining.

BACKGROUND:
Phrase A is always an auto-derived ""Assumption"" — it defends a claim by asserting no counter-evidence
exists. It has one of two forms:
- ""no_evident_not_X"" → defends that X IS true (assumes no evidence proves X false)
- ""have_evident_no_Y"" → defends that Y IS absent (assumes there IS evidence Y is missing)

Phrase B is a candidate ""Proposition"" — a separate fact mined from another part of the review data.

TASK: Decide whether Phrase B is CONTRARY to Phrase A — meaning: if Phrase B is true, does it act as
the counter-evidence that breaks Phrase A's assumption?

RULES (apply in order):
1. Strip the ""no_evident_not_"" or ""have_evident_"" prefix from Phrase A to recover the underlying claim.
2. Ask: does Phrase B describe a concrete fact that, if true, disproves that claim?
3. Phrase B must be about the SAME specific situation as the claim, not merely the same general topic.
   A different specific complaint about the same topic is usually NOT contrary.
4. Do not judge by shared keywords (e.g. both containing ""not"" or ""no"") — judge the meaning.
5. If B provides real counter-evidence against A's claim → Yes. Otherwise → No.

CONTRASTIVE EXAMPLES:

1) Phrase A is no_evident_not_easy_check-in. Phrase B is customer_wait_10_minute_for_greet.
   → Waiting 10 minutes to be greeted is direct evidence check-in was NOT easy. Answer: Yes

2) Phrase A is no_evident_not_easy_check-in. Phrase B is no_one_give_key_on_late_check-in.
   → This is about late check-in key handover, a different specific issue than check-in being easy. Answer: No

3) Phrase A is no_evident_not_great_quality. Phrase B is shampoo_seem_cheap_considering_hotel_cost.
   → Cheap-feeling shampoo for the price directly undercuts the ""great quality"" claim. Answer: Yes

4) Phrase A is no_evident_not_great_quality. Phrase B is expensive_hotel.
   → ""Expensive"" is a price complaint, not evidence about quality. Answer: No

5) Phrase A is no_evident_not_helpful_staff. Phrase B is not_kind_staff.
   → ""Not kind"" is a distinct complaint (attitude) from ""not helpful"" (competence/assistance) —
     it does not itself prove staff were unhelpful. Answer: No

OUTPUT FORMAT: Respond with exactly one word, ""Yes"" or ""No"". No explanation, no punctuation.

NOW DECIDE:
Phrase A is no_evident_not_fluid_check-in. Phrase B is staff_take_picture_of_passport.
Answer:
",No.
2026-08-10 23:07:30,3,211,no_evident_not_staff_wait_for_check-in_at_3am,no_one_give_key_on_late_check-in,"You are checking arguments in an ABA (Assumption-Based Argumentation) framework built from hotel review mining.

BACKGROUND:
Phrase A is always an auto-derived ""Assumption"" — it defends a claim by asserting no counter-evidence
exists. It has one of two forms:
- ""no_evident_not_X"" → defends that X IS true (assumes no evidence proves X false)
- ""have_evident_no_Y"" → defends that Y IS absent (assumes there IS evidence Y is missing)

Phrase B is a candidate ""Proposition"" — a separate fact mined from another part of the review data.

TASK: Decide whether Phrase B is CONTRARY to Phrase A — meaning: if Phrase B is true, does it act as
the counter-evidence that breaks Phrase A's assumption?

RULES (apply in order):
1. Strip the ""no_evident_not_"" or ""have_evident_"" prefix from Phrase A to recover the underlying claim.
2. Ask: does Phrase B describe a concrete fact that, if true, disproves that claim?
3. Phrase B must be about the SAME specific situation as the claim, not merely the same general topic.
   A different specific complaint about the same topic is usually NOT contrary.
4. Do not judge by shared keywords (e.g. both containing ""not"" or ""no"") — judge the meaning.
5. If B provides real counter-evidence against A's claim → Yes. Otherwise → No.

CONTRASTIVE EXAMPLES:

1) Phrase A is no_evident_not_easy_check-in. Phrase B is customer_wait_10_minute_for_greet.
   → Waiting 10 minutes to be greeted is direct evidence check-in was NOT easy. Answer: Yes

2) Phrase A is no_evident_not_easy_check-in. Phrase B is no_one_give_key_on_late_check-in.
   → This is about late check-in key handover, a different specific issue than check-in being easy. Answer: No

3) Phrase A is no_evident_not_great_quality. Phrase B is shampoo_seem_cheap_considering_hotel_cost.
   → Cheap-feeling shampoo for the price directly undercuts the ""great quality"" claim. Answer: Yes

4) Phrase A is no_evident_not_great_quality. Phrase B is expensive_hotel.
   → ""Expensive"" is a price complaint, not evidence about quality. Answer: No

5) Phrase A is no_evident_not_helpful_staff. Phrase B is not_kind_staff.
   → ""Not kind"" is a distinct complaint (attitude) from ""not helpful"" (competence/assistance) —
     it does not itself prove staff were unhelpful. Answer: No

OUTPUT FORMAT: Respond with exactly one word, ""Yes"" or ""No"". No explanation, no punctuation.

NOW DECIDE:
Phrase A is no_evident_not_staff_wait_for_check-in_at_3am. Phrase B is no_one_give_key_on_late_check-in.
Answer:
",Yes
2026-08-10 23:07:30,3,212,no_evident_not_staff_wait_for_check-in_at_3am,door_lock_on_late_check-in,"You are checking arguments in an ABA (Assumption-Based Argumentation) framework built from hotel review mining.

BACKGROUND:
Phrase A is always an auto-derived ""Assumption"" — it defends a claim by asserting no counter-evidence
exists. It has one of two forms:
- ""no_evident_not_X"" → defends that X IS true (assumes no evidence proves X false)
- ""have_evident_no_Y"" → defends that Y IS absent (assumes there IS evidence Y is missing)

Phrase B is a candidate ""Proposition"" — a separate fact mined from another part of the review data.

TASK: Decide whether Phrase B is CONTRARY to Phrase A — meaning: if Phrase B is true, does it act as
the counter-evidence that breaks Phrase A's assumption?

RULES (apply in order):
1. Strip the ""no_evident_not_"" or ""have_evident_"" prefix from Phrase A to recover the underlying claim.
2. Ask: does Phrase B describe a concrete fact that, if true, disproves that claim?
3. Phrase B must be about the SAME specific situation as the claim, not merely the same general topic.
   A different specific complaint about the same topic is usually NOT contrary.
4. Do not judge by shared keywords (e.g. both containing ""not"" or ""no"") — judge the meaning.
5. If B provides real counter-evidence against A's claim → Yes. Otherwise → No.

CONTRASTIVE EXAMPLES:

1) Phrase A is no_evident_not_easy_check-in. Phrase B is customer_wait_10_minute_for_greet.
   → Waiting 10 minutes to be greeted is direct evidence check-in was NOT easy. Answer: Yes

2) Phrase A is no_evident_not_easy_check-in. Phrase B is no_one_give_key_on_late_check-in.
   → This is about late check-in key handover, a different specific issue than check-in being easy. Answer: No

3) Phrase A is no_evident_not_great_quality. Phrase B is shampoo_seem_cheap_considering_hotel_cost.
   → Cheap-feeling shampoo for the price directly undercuts the ""great quality"" claim. Answer: Yes

4) Phrase A is no_evident_not_great_quality. Phrase B is expensive_hotel.
   → ""Expensive"" is a price complaint, not evidence about quality. Answer: No

5) Phrase A is no_evident_not_helpful_staff. Phrase B is not_kind_staff.
   → ""Not kind"" is a distinct complaint (attitude) from ""not helpful"" (competence/assistance) —
     it does not itself prove staff were unhelpful. Answer: No

OUTPUT FORMAT: Respond with exactly one word, ""Yes"" or ""No"". No explanation, no punctuation.

NOW DECIDE:
Phrase A is no_evident_not_staff_wait_for_check-in_at_3am. Phrase B is door_lock_on_late_check-in.
Answer:
",No.
2026-08-10 23:07:30,3,213,no_evident_not_staff_wait_for_check-in_at_3am,customer_wait_10_minute_for_greet,"You are checking arguments in an ABA (Assumption-Based Argumentation) framework built from hotel review mining.

BACKGROUND:
Phrase A is always an auto-derived ""Assumption"" — it defends a claim by asserting no counter-evidence
exists. It has one of two forms:
- ""no_evident_not_X"" → defends that X IS true (assumes no evidence proves X false)
- ""have_evident_no_Y"" → defends that Y IS absent (assumes there IS evidence Y is missing)

Phrase B is a candidate ""Proposition"" — a separate fact mined from another part of the review data.

TASK: Decide whether Phrase B is CONTRARY to Phrase A — meaning: if Phrase B is true, does it act as
the counter-evidence that breaks Phrase A's assumption?

RULES (apply in order):
1. Strip the ""no_evident_not_"" or ""have_evident_"" prefix from Phrase A to recover the underlying claim.
2. Ask: does Phrase B describe a concrete fact that, if true, disproves that claim?
3. Phrase B must be about the SAME specific situation as the claim, not merely the same general topic.
   A different specific complaint about the same topic is usually NOT contrary.
4. Do not judge by shared keywords (e.g. both containing ""not"" or ""no"") — judge the meaning.
5. If B provides real counter-evidence against A's claim → Yes. Otherwise → No.

CONTRASTIVE EXAMPLES:

1) Phrase A is no_evident_not_easy_check-in. Phrase B is customer_wait_10_minute_for_greet.
   → Waiting 10 minutes to be greeted is direct evidence check-in was NOT easy. Answer: Yes

2) Phrase A is no_evident_not_easy_check-in. Phrase B is no_one_give_key_on_late_check-in.
   → This is about late check-in key handover, a different specific issue than check-in being easy. Answer: No

3) Phrase A is no_evident_not_great_quality. Phrase B is shampoo_seem_cheap_considering_hotel_cost.
   → Cheap-feeling shampoo for the price directly undercuts the ""great quality"" claim. Answer: Yes

4) Phrase A is no_evident_not_great_quality. Phrase B is expensive_hotel.
   → ""Expensive"" is a price complaint, not evidence about quality. Answer: No

5) Phrase A is no_evident_not_helpful_staff. Phrase B is not_kind_staff.
   → ""Not kind"" is a distinct complaint (attitude) from ""not helpful"" (competence/assistance) —
     it does not itself prove staff were unhelpful. Answer: No

OUTPUT FORMAT: Respond with exactly one word, ""Yes"" or ""No"". No explanation, no punctuation.

NOW DECIDE:
Phrase A is no_evident_not_staff_wait_for_check-in_at_3am. Phrase B is customer_wait_10_minute_for_greet.
Answer:
",Yes
2026-08-10 23:07:30,3,214,no_evident_not_staff_wait_for_check-in_at_3am,customer_wait_10_minute_for_check-in,"You are checking arguments in an ABA (Assumption-Based Argumentation) framework built from hotel review mining.

BACKGROUND:
Phrase A is always an auto-derived ""Assumption"" — it defends a claim by asserting no counter-evidence
exists. It has one of two forms:
- ""no_evident_not_X"" → defends that X IS true (assumes no evidence proves X false)
- ""have_evident_no_Y"" → defends that Y IS absent (assumes there IS evidence Y is missing)

Phrase B is a candidate ""Proposition"" — a separate fact mined from another part of the review data.

TASK: Decide whether Phrase B is CONTRARY to Phrase A — meaning: if Phrase B is true, does it act as
the counter-evidence that breaks Phrase A's assumption?

RULES (apply in order):
1. Strip the ""no_evident_not_"" or ""have_evident_"" prefix from Phrase A to recover the underlying claim.
2. Ask: does Phrase B describe a concrete fact that, if true, disproves that claim?
3. Phrase B must be about the SAME specific situation as the claim, not merely the same general topic.
   A different specific complaint about the same topic is usually NOT contrary.
4. Do not judge by shared keywords (e.g. both containing ""not"" or ""no"") — judge the meaning.
5. If B provides real counter-evidence against A's claim → Yes. Otherwise → No.

CONTRASTIVE EXAMPLES:

1) Phrase A is no_evident_not_easy_check-in. Phrase B is customer_wait_10_minute_for_greet.
   → Waiting 10 minutes to be greeted is direct evidence check-in was NOT easy. Answer: Yes

2) Phrase A is no_evident_not_easy_check-in. Phrase B is no_one_give_key_on_late_check-in.
   → This is about late check-in key handover, a different specific issue than check-in being easy. Answer: No

3) Phrase A is no_evident_not_great_quality. Phrase B is shampoo_seem_cheap_considering_hotel_cost.
   → Cheap-feeling shampoo for the price directly undercuts the ""great quality"" claim. Answer: Yes

4) Phrase A is no_evident_not_great_quality. Phrase B is expensive_hotel.
   → ""Expensive"" is a price complaint, not evidence about quality. Answer: No

5) Phrase A is no_evident_not_helpful_staff. Phrase B is not_kind_staff.
   → ""Not kind"" is a distinct complaint (attitude) from ""not helpful"" (competence/assistance) —
     it does not itself prove staff were unhelpful. Answer: No

OUTPUT FORMAT: Respond with exactly one word, ""Yes"" or ""No"". No explanation, no punctuation.

NOW DECIDE:
Phrase A is no_evident_not_staff_wait_for_check-in_at_3am. Phrase B is customer_wait_10_minute_for_check-in.
Answer:
",No.
2026-08-10 23:07:31,3,215,no_evident_not_staff_wait_for_check-in_at_3am,staff_misunderstand_on_payment,"You are checking arguments in an ABA (Assumption-Based Argumentation) framework built from hotel review mining.

BACKGROUND:
Phrase A is always an auto-derived ""Assumption"" — it defends a claim by asserting no counter-evidence
exists. It has one of two forms:
- ""no_evident_not_X"" → defends that X IS true (assumes no evidence proves X false)
- ""have_evident_no_Y"" → defends that Y IS absent (assumes there IS evidence Y is missing)

Phrase B is a candidate ""Proposition"" — a separate fact mined from another part of the review data.

TASK: Decide whether Phrase B is CONTRARY to Phrase A — meaning: if Phrase B is true, does it act as
the counter-evidence that breaks Phrase A's assumption?

RULES (apply in order):
1. Strip the ""no_evident_not_"" or ""have_evident_"" prefix from Phrase A to recover the underlying claim.
2. Ask: does Phrase B describe a concrete fact that, if true, disproves that claim?
3. Phrase B must be about the SAME specific situation as the claim, not merely the same general topic.
   A different specific complaint about the same topic is usually NOT contrary.
4. Do not judge by shared keywords (e.g. both containing ""not"" or ""no"") — judge the meaning.
5. If B provides real counter-evidence against A's claim → Yes. Otherwise → No.

CONTRASTIVE EXAMPLES:

1) Phrase A is no_evident_not_easy_check-in. Phrase B is customer_wait_10_minute_for_greet.
   → Waiting 10 minutes to be greeted is direct evidence check-in was NOT easy. Answer: Yes

2) Phrase A is no_evident_not_easy_check-in. Phrase B is no_one_give_key_on_late_check-in.
   → This is about late check-in key handover, a different specific issue than check-in being easy. Answer: No

3) Phrase A is no_evident_not_great_quality. Phrase B is shampoo_seem_cheap_considering_hotel_cost.
   → Cheap-feeling shampoo for the price directly undercuts the ""great quality"" claim. Answer: Yes

4) Phrase A is no_evident_not_great_quality. Phrase B is expensive_hotel.
   → ""Expensive"" is a price complaint, not evidence about quality. Answer: No

5) Phrase A is no_evident_not_helpful_staff. Phrase B is not_kind_staff.
   → ""Not kind"" is a distinct complaint (attitude) from ""not helpful"" (competence/assistance) —
     it does not itself prove staff were unhelpful. Answer: No

OUTPUT FORMAT: Respond with exactly one word, ""Yes"" or ""No"". No explanation, no punctuation.

NOW DECIDE:
Phrase A is no_evident_not_staff_wait_for_check-in_at_3am. Phrase B is staff_misunderstand_on_payment.
Answer:
",No.
2026-08-10 23:07:31,3,216,no_evident_not_staff_wait_for_check-in_at_3am,staff_take_picture_of_passport,"You are checking arguments in an ABA (Assumption-Based Argumentation) framework built from hotel review mining.

BACKGROUND:
Phrase A is always an auto-derived ""Assumption"" — it defends a claim by asserting no counter-evidence
exists. It has one of two forms:
- ""no_evident_not_X"" → defends that X IS true (assumes no evidence proves X false)
- ""have_evident_no_Y"" → defends that Y IS absent (assumes there IS evidence Y is missing)

Phrase B is a candidate ""Proposition"" — a separate fact mined from another part of the review data.

TASK: Decide whether Phrase B is CONTRARY to Phrase A — meaning: if Phrase B is true, does it act as
the counter-evidence that breaks Phrase A's assumption?

RULES (apply in order):
1. Strip the ""no_evident_not_"" or ""have_evident_"" prefix from Phrase A to recover the underlying claim.
2. Ask: does Phrase B describe a concrete fact that, if true, disproves that claim?
3. Phrase B must be about the SAME specific situation as the claim, not merely the same general topic.
   A different specific complaint about the same topic is usually NOT contrary.
4. Do not judge by shared keywords (e.g. both containing ""not"" or ""no"") — judge the meaning.
5. If B provides real counter-evidence against A's claim → Yes. Otherwise → No.

CONTRASTIVE EXAMPLES:

1) Phrase A is no_evident_not_easy_check-in. Phrase B is customer_wait_10_minute_for_greet.
   → Waiting 10 minutes to be greeted is direct evidence check-in was NOT easy. Answer: Yes

2) Phrase A is no_evident_not_easy_check-in. Phrase B is no_one_give_key_on_late_check-in.
   → This is about late check-in key handover, a different specific issue than check-in being easy. Answer: No

3) Phrase A is no_evident_not_great_quality. Phrase B is shampoo_seem_cheap_considering_hotel_cost.
   → Cheap-feeling shampoo for the price directly undercuts the ""great quality"" claim. Answer: Yes

4) Phrase A is no_evident_not_great_quality. Phrase B is expensive_hotel.
   → ""Expensive"" is a price complaint, not evidence about quality. Answer: No

5) Phrase A is no_evident_not_helpful_staff. Phrase B is not_kind_staff.
   → ""Not kind"" is a distinct complaint (attitude) from ""not helpful"" (competence/assistance) —
     it does not itself prove staff were unhelpful. Answer: No

OUTPUT FORMAT: Respond with exactly one word, ""Yes"" or ""No"". No explanation, no punctuation.

NOW DECIDE:
Phrase A is no_evident_not_staff_wait_for_check-in_at_3am. Phrase B is staff_take_picture_of_passport.
Answer:
",No.
2026-08-10 23:07:31,3,217,no_evident_not_staff_give_early_check-in,no_one_give_key_on_late_check-in,"You are checking arguments in an ABA (Assumption-Based Argumentation) framework built from hotel review mining.

BACKGROUND:
Phrase A is always an auto-derived ""Assumption"" — it defends a claim by asserting no counter-evidence
exists. It has one of two forms:
- ""no_evident_not_X"" → defends that X IS true (assumes no evidence proves X false)
- ""have_evident_no_Y"" → defends that Y IS absent (assumes there IS evidence Y is missing)

Phrase B is a candidate ""Proposition"" — a separate fact mined from another part of the review data.

TASK: Decide whether Phrase B is CONTRARY to Phrase A — meaning: if Phrase B is true, does it act as
the counter-evidence that breaks Phrase A's assumption?

RULES (apply in order):
1. Strip the ""no_evident_not_"" or ""have_evident_"" prefix from Phrase A to recover the underlying claim.
2. Ask: does Phrase B describe a concrete fact that, if true, disproves that claim?
3. Phrase B must be about the SAME specific situation as the claim, not merely the same general topic.
   A different specific complaint about the same topic is usually NOT contrary.
4. Do not judge by shared keywords (e.g. both containing ""not"" or ""no"") — judge the meaning.
5. If B provides real counter-evidence against A's claim → Yes. Otherwise → No.

CONTRASTIVE EXAMPLES:

1) Phrase A is no_evident_not_easy_check-in. Phrase B is customer_wait_10_minute_for_greet.
   → Waiting 10 minutes to be greeted is direct evidence check-in was NOT easy. Answer: Yes

2) Phrase A is no_evident_not_easy_check-in. Phrase B is no_one_give_key_on_late_check-in.
   → This is about late check-in key handover, a different specific issue than check-in being easy. Answer: No

3) Phrase A is no_evident_not_great_quality. Phrase B is shampoo_seem_cheap_considering_hotel_cost.
   → Cheap-feeling shampoo for the price directly undercuts the ""great quality"" claim. Answer: Yes

4) Phrase A is no_evident_not_great_quality. Phrase B is expensive_hotel.
   → ""Expensive"" is a price complaint, not evidence about quality. Answer: No

5) Phrase A is no_evident_not_helpful_staff. Phrase B is not_kind_staff.
   → ""Not kind"" is a distinct complaint (attitude) from ""not helpful"" (competence/assistance) —
     it does not itself prove staff were unhelpful. Answer: No

OUTPUT FORMAT: Respond with exactly one word, ""Yes"" or ""No"". No explanation, no punctuation.

NOW DECIDE:
Phrase A is no_evident_not_staff_give_early_check-in. Phrase B is no_one_give_key_on_late_check-in.
Answer:
",Yes
2026-08-10 23:07:31,3,218,no_evident_not_staff_give_early_check-in,door_lock_on_late_check-in,"You are checking arguments in an ABA (Assumption-Based Argumentation) framework built from hotel review mining.

BACKGROUND:
Phrase A is always an auto-derived ""Assumption"" — it defends a claim by asserting no counter-evidence
exists. It has one of two forms:
- ""no_evident_not_X"" → defends that X IS true (assumes no evidence proves X false)
- ""have_evident_no_Y"" → defends that Y IS absent (assumes there IS evidence Y is missing)

Phrase B is a candidate ""Proposition"" — a separate fact mined from another part of the review data.

TASK: Decide whether Phrase B is CONTRARY to Phrase A — meaning: if Phrase B is true, does it act as
the counter-evidence that breaks Phrase A's assumption?

RULES (apply in order):
1. Strip the ""no_evident_not_"" or ""have_evident_"" prefix from Phrase A to recover the underlying claim.
2. Ask: does Phrase B describe a concrete fact that, if true, disproves that claim?
3. Phrase B must be about the SAME specific situation as the claim, not merely the same general topic.
   A different specific complaint about the same topic is usually NOT contrary.
4. Do not judge by shared keywords (e.g. both containing ""not"" or ""no"") — judge the meaning.
5. If B provides real counter-evidence against A's claim → Yes. Otherwise → No.

CONTRASTIVE EXAMPLES:

1) Phrase A is no_evident_not_easy_check-in. Phrase B is customer_wait_10_minute_for_greet.
   → Waiting 10 minutes to be greeted is direct evidence check-in was NOT easy. Answer: Yes

2) Phrase A is no_evident_not_easy_check-in. Phrase B is no_one_give_key_on_late_check-in.
   → This is about late check-in key handover, a different specific issue than check-in being easy. Answer: No

3) Phrase A is no_evident_not_great_quality. Phrase B is shampoo_seem_cheap_considering_hotel_cost.
   → Cheap-feeling shampoo for the price directly undercuts the ""great quality"" claim. Answer: Yes

4) Phrase A is no_evident_not_great_quality. Phrase B is expensive_hotel.
   → ""Expensive"" is a price complaint, not evidence about quality. Answer: No

5) Phrase A is no_evident_not_helpful_staff. Phrase B is not_kind_staff.
   → ""Not kind"" is a distinct complaint (attitude) from ""not helpful"" (competence/assistance) —
     it does not itself prove staff were unhelpful. Answer: No

OUTPUT FORMAT: Respond with exactly one word, ""Yes"" or ""No"". No explanation, no punctuation.

NOW DECIDE:
Phrase A is no_evident_not_staff_give_early_check-in. Phrase B is door_lock_on_late_check-in.
Answer:
",No.
2026-08-10 23:07:32,3,219,no_evident_not_staff_give_early_check-in,customer_wait_10_minute_for_greet,"You are checking arguments in an ABA (Assumption-Based Argumentation) framework built from hotel review mining.

BACKGROUND:
Phrase A is always an auto-derived ""Assumption"" — it defends a claim by asserting no counter-evidence
exists. It has one of two forms:
- ""no_evident_not_X"" → defends that X IS true (assumes no evidence proves X false)
- ""have_evident_no_Y"" → defends that Y IS absent (assumes there IS evidence Y is missing)

Phrase B is a candidate ""Proposition"" — a separate fact mined from another part of the review data.

TASK: Decide whether Phrase B is CONTRARY to Phrase A — meaning: if Phrase B is true, does it act as
the counter-evidence that breaks Phrase A's assumption?

RULES (apply in order):
1. Strip the ""no_evident_not_"" or ""have_evident_"" prefix from Phrase A to recover the underlying claim.
2. Ask: does Phrase B describe a concrete fact that, if true, disproves that claim?
3. Phrase B must be about the SAME specific situation as the claim, not merely the same general topic.
   A different specific complaint about the same topic is usually NOT contrary.
4. Do not judge by shared keywords (e.g. both containing ""not"" or ""no"") — judge the meaning.
5. If B provides real counter-evidence against A's claim → Yes. Otherwise → No.

CONTRASTIVE EXAMPLES:

1) Phrase A is no_evident_not_easy_check-in. Phrase B is customer_wait_10_minute_for_greet.
   → Waiting 10 minutes to be greeted is direct evidence check-in was NOT easy. Answer: Yes

2) Phrase A is no_evident_not_easy_check-in. Phrase B is no_one_give_key_on_late_check-in.
   → This is about late check-in key handover, a different specific issue than check-in being easy. Answer: No

3) Phrase A is no_evident_not_great_quality. Phrase B is shampoo_seem_cheap_considering_hotel_cost.
   → Cheap-feeling shampoo for the price directly undercuts the ""great quality"" claim. Answer: Yes

4) Phrase A is no_evident_not_great_quality. Phrase B is expensive_hotel.
   → ""Expensive"" is a price complaint, not evidence about quality. Answer: No

5) Phrase A is no_evident_not_helpful_staff. Phrase B is not_kind_staff.
   → ""Not kind"" is a distinct complaint (attitude) from ""not helpful"" (competence/assistance) —
     it does not itself prove staff were unhelpful. Answer: No

OUTPUT FORMAT: Respond with exactly one word, ""Yes"" or ""No"". No explanation, no punctuation.

NOW DECIDE:
Phrase A is no_evident_not_staff_give_early_check-in. Phrase B is customer_wait_10_minute_for_greet.
Answer:
",Yes
2026-08-10 23:07:32,3,220,no_evident_not_staff_give_early_check-in,customer_wait_10_minute_for_check-in,"You are checking arguments in an ABA (Assumption-Based Argumentation) framework built from hotel review mining.

BACKGROUND:
Phrase A is always an auto-derived ""Assumption"" — it defends a claim by asserting no counter-evidence
exists. It has one of two forms:
- ""no_evident_not_X"" → defends that X IS true (assumes no evidence proves X false)
- ""have_evident_no_Y"" → defends that Y IS absent (assumes there IS evidence Y is missing)

Phrase B is a candidate ""Proposition"" — a separate fact mined from another part of the review data.

TASK: Decide whether Phrase B is CONTRARY to Phrase A — meaning: if Phrase B is true, does it act as
the counter-evidence that breaks Phrase A's assumption?

RULES (apply in order):
1. Strip the ""no_evident_not_"" or ""have_evident_"" prefix from Phrase A to recover the underlying claim.
2. Ask: does Phrase B describe a concrete fact that, if true, disproves that claim?
3. Phrase B must be about the SAME specific situation as the claim, not merely the same general topic.
   A different specific complaint about the same topic is usually NOT contrary.
4. Do not judge by shared keywords (e.g. both containing ""not"" or ""no"") — judge the meaning.
5. If B provides real counter-evidence against A's claim → Yes. Otherwise → No.

CONTRASTIVE EXAMPLES:

1) Phrase A is no_evident_not_easy_check-in. Phrase B is customer_wait_10_minute_for_greet.
   → Waiting 10 minutes to be greeted is direct evidence check-in was NOT easy. Answer: Yes

2) Phrase A is no_evident_not_easy_check-in. Phrase B is no_one_give_key_on_late_check-in.
   → This is about late check-in key handover, a different specific issue than check-in being easy. Answer: No

3) Phrase A is no_evident_not_great_quality. Phrase B is shampoo_seem_cheap_considering_hotel_cost.
   → Cheap-feeling shampoo for the price directly undercuts the ""great quality"" claim. Answer: Yes

4) Phrase A is no_evident_not_great_quality. Phrase B is expensive_hotel.
   → ""Expensive"" is a price complaint, not evidence about quality. Answer: No

5) Phrase A is no_evident_not_helpful_staff. Phrase B is not_kind_staff.
   → ""Not kind"" is a distinct complaint (attitude) from ""not helpful"" (competence/assistance) —
     it does not itself prove staff were unhelpful. Answer: No

OUTPUT FORMAT: Respond with exactly one word, ""Yes"" or ""No"". No explanation, no punctuation.

NOW DECIDE:
Phrase A is no_evident_not_staff_give_early_check-in. Phrase B is customer_wait_10_minute_for_check-in.
Answer:
",No.
2026-08-10 23:07:32,3,221,no_evident_not_staff_give_early_check-in,staff_misunderstand_on_payment,"You are checking arguments in an ABA (Assumption-Based Argumentation) framework built from hotel review mining.

BACKGROUND:
Phrase A is always an auto-derived ""Assumption"" — it defends a claim by asserting no counter-evidence
exists. It has one of two forms:
- ""no_evident_not_X"" → defends that X IS true (assumes no evidence proves X false)
- ""have_evident_no_Y"" → defends that Y IS absent (assumes there IS evidence Y is missing)

Phrase B is a candidate ""Proposition"" — a separate fact mined from another part of the review data.

TASK: Decide whether Phrase B is CONTRARY to Phrase A — meaning: if Phrase B is true, does it act as
the counter-evidence that breaks Phrase A's assumption?

RULES (apply in order):
1. Strip the ""no_evident_not_"" or ""have_evident_"" prefix from Phrase A to recover the underlying claim.
2. Ask: does Phrase B describe a concrete fact that, if true, disproves that claim?
3. Phrase B must be about the SAME specific situation as the claim, not merely the same general topic.
   A different specific complaint about the same topic is usually NOT contrary.
4. Do not judge by shared keywords (e.g. both containing ""not"" or ""no"") — judge the meaning.
5. If B provides real counter-evidence against A's claim → Yes. Otherwise → No.

CONTRASTIVE EXAMPLES:

1) Phrase A is no_evident_not_easy_check-in. Phrase B is customer_wait_10_minute_for_greet.
   → Waiting 10 minutes to be greeted is direct evidence check-in was NOT easy. Answer: Yes

2) Phrase A is no_evident_not_easy_check-in. Phrase B is no_one_give_key_on_late_check-in.
   → This is about late check-in key handover, a different specific issue than check-in being easy. Answer: No

3) Phrase A is no_evident_not_great_quality. Phrase B is shampoo_seem_cheap_considering_hotel_cost.
   → Cheap-feeling shampoo for the price directly undercuts the ""great quality"" claim. Answer: Yes

4) Phrase A is no_evident_not_great_quality. Phrase B is expensive_hotel.
   → ""Expensive"" is a price complaint, not evidence about quality. Answer: No

5) Phrase A is no_evident_not_helpful_staff. Phrase B is not_kind_staff.
   → ""Not kind"" is a distinct complaint (attitude) from ""not helpful"" (competence/assistance) —
     it does not itself prove staff were unhelpful. Answer: No

OUTPUT FORMAT: Respond with exactly one word, ""Yes"" or ""No"". No explanation, no punctuation.

NOW DECIDE:
Phrase A is no_evident_not_staff_give_early_check-in. Phrase B is staff_misunderstand_on_payment.
Answer:
",No.
2026-08-10 23:07:32,3,222,no_evident_not_staff_give_early_check-in,staff_take_picture_of_passport,"You are checking arguments in an ABA (Assumption-Based Argumentation) framework built from hotel review mining.

BACKGROUND:
Phrase A is always an auto-derived ""Assumption"" — it defends a claim by asserting no counter-evidence
exists. It has one of two forms:
- ""no_evident_not_X"" → defends that X IS true (assumes no evidence proves X false)
- ""have_evident_no_Y"" → defends that Y IS absent (assumes there IS evidence Y is missing)

Phrase B is a candidate ""Proposition"" — a separate fact mined from another part of the review data.

TASK: Decide whether Phrase B is CONTRARY to Phrase A — meaning: if Phrase B is true, does it act as
the counter-evidence that breaks Phrase A's assumption?

RULES (apply in order):
1. Strip the ""no_evident_not_"" or ""have_evident_"" prefix from Phrase A to recover the underlying claim.
2. Ask: does Phrase B describe a concrete fact that, if true, disproves that claim?
3. Phrase B must be about the SAME specific situation as the claim, not merely the same general topic.
   A different specific complaint about the same topic is usually NOT contrary.
4. Do not judge by shared keywords (e.g. both containing ""not"" or ""no"") — judge the meaning.
5. If B provides real counter-evidence against A's claim → Yes. Otherwise → No.

CONTRASTIVE EXAMPLES:

1) Phrase A is no_evident_not_easy_check-in. Phrase B is customer_wait_10_minute_for_greet.
   → Waiting 10 minutes to be greeted is direct evidence check-in was NOT easy. Answer: Yes

2) Phrase A is no_evident_not_easy_check-in. Phrase B is no_one_give_key_on_late_check-in.
   → This is about late check-in key handover, a different specific issue than check-in being easy. Answer: No

3) Phrase A is no_evident_not_great_quality. Phrase B is shampoo_seem_cheap_considering_hotel_cost.
   → Cheap-feeling shampoo for the price directly undercuts the ""great quality"" claim. Answer: Yes

4) Phrase A is no_evident_not_great_quality. Phrase B is expensive_hotel.
   → ""Expensive"" is a price complaint, not evidence about quality. Answer: No

5) Phrase A is no_evident_not_helpful_staff. Phrase B is not_kind_staff.
   → ""Not kind"" is a distinct complaint (attitude) from ""not helpful"" (competence/assistance) —
     it does not itself prove staff were unhelpful. Answer: No

OUTPUT FORMAT: Respond with exactly one word, ""Yes"" or ""No"". No explanation, no punctuation.

NOW DECIDE:
Phrase A is no_evident_not_staff_give_early_check-in. Phrase B is staff_take_picture_of_passport.
Answer:
",No.
2026-08-10 23:07:32,3,223,no_evident_not_late_arrival_no_extra_cost,no_one_give_key_on_late_check-in,"You are checking arguments in an ABA (Assumption-Based Argumentation) framework built from hotel review mining.

BACKGROUND:
Phrase A is always an auto-derived ""Assumption"" — it defends a claim by asserting no counter-evidence
exists. It has one of two forms:
- ""no_evident_not_X"" → defends that X IS true (assumes no evidence proves X false)
- ""have_evident_no_Y"" → defends that Y IS absent (assumes there IS evidence Y is missing)

Phrase B is a candidate ""Proposition"" — a separate fact mined from another part of the review data.

TASK: Decide whether Phrase B is CONTRARY to Phrase A — meaning: if Phrase B is true, does it act as
the counter-evidence that breaks Phrase A's assumption?

RULES (apply in order):
1. Strip the ""no_evident_not_"" or ""have_evident_"" prefix from Phrase A to recover the underlying claim.
2. Ask: does Phrase B describe a concrete fact that, if true, disproves that claim?
3. Phrase B must be about the SAME specific situation as the claim, not merely the same general topic.
   A different specific complaint about the same topic is usually NOT contrary.
4. Do not judge by shared keywords (e.g. both containing ""not"" or ""no"") — judge the meaning.
5. If B provides real counter-evidence against A's claim → Yes. Otherwise → No.

CONTRASTIVE EXAMPLES:

1) Phrase A is no_evident_not_easy_check-in. Phrase B is customer_wait_10_minute_for_greet.
   → Waiting 10 minutes to be greeted is direct evidence check-in was NOT easy. Answer: Yes

2) Phrase A is no_evident_not_easy_check-in. Phrase B is no_one_give_key_on_late_check-in.
   → This is about late check-in key handover, a different specific issue than check-in being easy. Answer: No

3) Phrase A is no_evident_not_great_quality. Phrase B is shampoo_seem_cheap_considering_hotel_cost.
   → Cheap-feeling shampoo for the price directly undercuts the ""great quality"" claim. Answer: Yes

4) Phrase A is no_evident_not_great_quality. Phrase B is expensive_hotel.
   → ""Expensive"" is a price complaint, not evidence about quality. Answer: No

5) Phrase A is no_evident_not_helpful_staff. Phrase B is not_kind_staff.
   → ""Not kind"" is a distinct complaint (attitude) from ""not helpful"" (competence/assistance) —
     it does not itself prove staff were unhelpful. Answer: No

OUTPUT FORMAT: Respond with exactly one word, ""Yes"" or ""No"". No explanation, no punctuation.

NOW DECIDE:
Phrase A is no_evident_not_late_arrival_no_extra_cost. Phrase B is no_one_give_key_on_late_check-in.
Answer:
",Yes
2026-08-10 23:07:32,3,224,no_evident_not_late_arrival_no_extra_cost,door_lock_on_late_check-in,"You are checking arguments in an ABA (Assumption-Based Argumentation) framework built from hotel review mining.

BACKGROUND:
Phrase A is always an auto-derived ""Assumption"" — it defends a claim by asserting no counter-evidence
exists. It has one of two forms:
- ""no_evident_not_X"" → defends that X IS true (assumes no evidence proves X false)
- ""have_evident_no_Y"" → defends that Y IS absent (assumes there IS evidence Y is missing)

Phrase B is a candidate ""Proposition"" — a separate fact mined from another part of the review data.

TASK: Decide whether Phrase B is CONTRARY to Phrase A — meaning: if Phrase B is true, does it act as
the counter-evidence that breaks Phrase A's assumption?

RULES (apply in order):
1. Strip the ""no_evident_not_"" or ""have_evident_"" prefix from Phrase A to recover the underlying claim.
2. Ask: does Phrase B describe a concrete fact that, if true, disproves that claim?
3. Phrase B must be about the SAME specific situation as the claim, not merely the same general topic.
   A different specific complaint about the same topic is usually NOT contrary.
4. Do not judge by shared keywords (e.g. both containing ""not"" or ""no"") — judge the meaning.
5. If B provides real counter-evidence against A's claim → Yes. Otherwise → No.

CONTRASTIVE EXAMPLES:

1) Phrase A is no_evident_not_easy_check-in. Phrase B is customer_wait_10_minute_for_greet.
   → Waiting 10 minutes to be greeted is direct evidence check-in was NOT easy. Answer: Yes

2) Phrase A is no_evident_not_easy_check-in. Phrase B is no_one_give_key_on_late_check-in.
   → This is about late check-in key handover, a different specific issue than check-in being easy. Answer: No

3) Phrase A is no_evident_not_great_quality. Phrase B is shampoo_seem_cheap_considering_hotel_cost.
   → Cheap-feeling shampoo for the price directly undercuts the ""great quality"" claim. Answer: Yes

4) Phrase A is no_evident_not_great_quality. Phrase B is expensive_hotel.
   → ""Expensive"" is a price complaint, not evidence about quality. Answer: No

5) Phrase A is no_evident_not_helpful_staff. Phrase B is not_kind_staff.
   → ""Not kind"" is a distinct complaint (attitude) from ""not helpful"" (competence/assistance) —
     it does not itself prove staff were unhelpful. Answer: No

OUTPUT FORMAT: Respond with exactly one word, ""Yes"" or ""No"". No explanation, no punctuation.

NOW DECIDE:
Phrase A is no_evident_not_late_arrival_no_extra_cost. Phrase B is door_lock_on_late_check-in.
Answer:
",Yes
2026-08-10 23:07:32,3,225,no_evident_not_late_arrival_no_extra_cost,customer_wait_10_minute_for_greet,"You are checking arguments in an ABA (Assumption-Based Argumentation) framework built from hotel review mining.

BACKGROUND:
Phrase A is always an auto-derived ""Assumption"" — it defends a claim by asserting no counter-evidence
exists. It has one of two forms:
- ""no_evident_not_X"" → defends that X IS true (assumes no evidence proves X false)
- ""have_evident_no_Y"" → defends that Y IS absent (assumes there IS evidence Y is missing)

Phrase B is a candidate ""Proposition"" — a separate fact mined from another part of the review data.

TASK: Decide whether Phrase B is CONTRARY to Phrase A — meaning: if Phrase B is true, does it act as
the counter-evidence that breaks Phrase A's assumption?

RULES (apply in order):
1. Strip the ""no_evident_not_"" or ""have_evident_"" prefix from Phrase A to recover the underlying claim.
2. Ask: does Phrase B describe a concrete fact that, if true, disproves that claim?
3. Phrase B must be about the SAME specific situation as the claim, not merely the same general topic.
   A different specific complaint about the same topic is usually NOT contrary.
4. Do not judge by shared keywords (e.g. both containing ""not"" or ""no"") — judge the meaning.
5. If B provides real counter-evidence against A's claim → Yes. Otherwise → No.

CONTRASTIVE EXAMPLES:

1) Phrase A is no_evident_not_easy_check-in. Phrase B is customer_wait_10_minute_for_greet.
   → Waiting 10 minutes to be greeted is direct evidence check-in was NOT easy. Answer: Yes

2) Phrase A is no_evident_not_easy_check-in. Phrase B is no_one_give_key_on_late_check-in.
   → This is about late check-in key handover, a different specific issue than check-in being easy. Answer: No

3) Phrase A is no_evident_not_great_quality. Phrase B is shampoo_seem_cheap_considering_hotel_cost.
   → Cheap-feeling shampoo for the price directly undercuts the ""great quality"" claim. Answer: Yes

4) Phrase A is no_evident_not_great_quality. Phrase B is expensive_hotel.
   → ""Expensive"" is a price complaint, not evidence about quality. Answer: No

5) Phrase A is no_evident_not_helpful_staff. Phrase B is not_kind_staff.
   → ""Not kind"" is a distinct complaint (attitude) from ""not helpful"" (competence/assistance) —
     it does not itself prove staff were unhelpful. Answer: No

OUTPUT FORMAT: Respond with exactly one word, ""Yes"" or ""No"". No explanation, no punctuation.

NOW DECIDE:
Phrase A is no_evident_not_late_arrival_no_extra_cost. Phrase B is customer_wait_10_minute_for_greet.
Answer:
",Yes
2026-08-10 23:07:33,3,226,no_evident_not_late_arrival_no_extra_cost,customer_wait_10_minute_for_check-in,"You are checking arguments in an ABA (Assumption-Based Argumentation) framework built from hotel review mining.

BACKGROUND:
Phrase A is always an auto-derived ""Assumption"" — it defends a claim by asserting no counter-evidence
exists. It has one of two forms:
- ""no_evident_not_X"" → defends that X IS true (assumes no evidence proves X false)
- ""have_evident_no_Y"" → defends that Y IS absent (assumes there IS evidence Y is missing)

Phrase B is a candidate ""Proposition"" — a separate fact mined from another part of the review data.

TASK: Decide whether Phrase B is CONTRARY to Phrase A — meaning: if Phrase B is true, does it act as
the counter-evidence that breaks Phrase A's assumption?

RULES (apply in order):
1. Strip the ""no_evident_not_"" or ""have_evident_"" prefix from Phrase A to recover the underlying claim.
2. Ask: does Phrase B describe a concrete fact that, if true, disproves that claim?
3. Phrase B must be about the SAME specific situation as the claim, not merely the same general topic.
   A different specific complaint about the same topic is usually NOT contrary.
4. Do not judge by shared keywords (e.g. both containing ""not"" or ""no"") — judge the meaning.
5. If B provides real counter-evidence against A's claim → Yes. Otherwise → No.

CONTRASTIVE EXAMPLES:

1) Phrase A is no_evident_not_easy_check-in. Phrase B is customer_wait_10_minute_for_greet.
   → Waiting 10 minutes to be greeted is direct evidence check-in was NOT easy. Answer: Yes

2) Phrase A is no_evident_not_easy_check-in. Phrase B is no_one_give_key_on_late_check-in.
   → This is about late check-in key handover, a different specific issue than check-in being easy. Answer: No

3) Phrase A is no_evident_not_great_quality. Phrase B is shampoo_seem_cheap_considering_hotel_cost.
   → Cheap-feeling shampoo for the price directly undercuts the ""great quality"" claim. Answer: Yes

4) Phrase A is no_evident_not_great_quality. Phrase B is expensive_hotel.
   → ""Expensive"" is a price complaint, not evidence about quality. Answer: No

5) Phrase A is no_evident_not_helpful_staff. Phrase B is not_kind_staff.
   → ""Not kind"" is a distinct complaint (attitude) from ""not helpful"" (competence/assistance) —
     it does not itself prove staff were unhelpful. Answer: No

OUTPUT FORMAT: Respond with exactly one word, ""Yes"" or ""No"". No explanation, no punctuation.

NOW DECIDE:
Phrase A is no_evident_not_late_arrival_no_extra_cost. Phrase B is customer_wait_10_minute_for_check-in.
Answer:
",No.
2026-08-10 23:07:33,3,227,no_evident_not_late_arrival_no_extra_cost,staff_misunderstand_on_payment,"You are checking arguments in an ABA (Assumption-Based Argumentation) framework built from hotel review mining.

BACKGROUND:
Phrase A is always an auto-derived ""Assumption"" — it defends a claim by asserting no counter-evidence
exists. It has one of two forms:
- ""no_evident_not_X"" → defends that X IS true (assumes no evidence proves X false)
- ""have_evident_no_Y"" → defends that Y IS absent (assumes there IS evidence Y is missing)

Phrase B is a candidate ""Proposition"" — a separate fact mined from another part of the review data.

TASK: Decide whether Phrase B is CONTRARY to Phrase A — meaning: if Phrase B is true, does it act as
the counter-evidence that breaks Phrase A's assumption?

RULES (apply in order):
1. Strip the ""no_evident_not_"" or ""have_evident_"" prefix from Phrase A to recover the underlying claim.
2. Ask: does Phrase B describe a concrete fact that, if true, disproves that claim?
3. Phrase B must be about the SAME specific situation as the claim, not merely the same general topic.
   A different specific complaint about the same topic is usually NOT contrary.
4. Do not judge by shared keywords (e.g. both containing ""not"" or ""no"") — judge the meaning.
5. If B provides real counter-evidence against A's claim → Yes. Otherwise → No.

CONTRASTIVE EXAMPLES:

1) Phrase A is no_evident_not_easy_check-in. Phrase B is customer_wait_10_minute_for_greet.
   → Waiting 10 minutes to be greeted is direct evidence check-in was NOT easy. Answer: Yes

2) Phrase A is no_evident_not_easy_check-in. Phrase B is no_one_give_key_on_late_check-in.
   → This is about late check-in key handover, a different specific issue than check-in being easy. Answer: No

3) Phrase A is no_evident_not_great_quality. Phrase B is shampoo_seem_cheap_considering_hotel_cost.
   → Cheap-feeling shampoo for the price directly undercuts the ""great quality"" claim. Answer: Yes

4) Phrase A is no_evident_not_great_quality. Phrase B is expensive_hotel.
   → ""Expensive"" is a price complaint, not evidence about quality. Answer: No

5) Phrase A is no_evident_not_helpful_staff. Phrase B is not_kind_staff.
   → ""Not kind"" is a distinct complaint (attitude) from ""not helpful"" (competence/assistance) —
     it does not itself prove staff were unhelpful. Answer: No

OUTPUT FORMAT: Respond with exactly one word, ""Yes"" or ""No"". No explanation, no punctuation.

NOW DECIDE:
Phrase A is no_evident_not_late_arrival_no_extra_cost. Phrase B is staff_misunderstand_on_payment.
Answer:
",Yes
2026-08-10 23:07:33,3,228,no_evident_not_late_arrival_no_extra_cost,staff_take_picture_of_passport,"You are checking arguments in an ABA (Assumption-Based Argumentation) framework built from hotel review mining.

BACKGROUND:
Phrase A is always an auto-derived ""Assumption"" — it defends a claim by asserting no counter-evidence
exists. It has one of two forms:
- ""no_evident_not_X"" → defends that X IS true (assumes no evidence proves X false)
- ""have_evident_no_Y"" → defends that Y IS absent (assumes there IS evidence Y is missing)

Phrase B is a candidate ""Proposition"" — a separate fact mined from another part of the review data.

TASK: Decide whether Phrase B is CONTRARY to Phrase A — meaning: if Phrase B is true, does it act as
the counter-evidence that breaks Phrase A's assumption?

RULES (apply in order):
1. Strip the ""no_evident_not_"" or ""have_evident_"" prefix from Phrase A to recover the underlying claim.
2. Ask: does Phrase B describe a concrete fact that, if true, disproves that claim?
3. Phrase B must be about the SAME specific situation as the claim, not merely the same general topic.
   A different specific complaint about the same topic is usually NOT contrary.
4. Do not judge by shared keywords (e.g. both containing ""not"" or ""no"") — judge the meaning.
5. If B provides real counter-evidence against A's claim → Yes. Otherwise → No.

CONTRASTIVE EXAMPLES:

1) Phrase A is no_evident_not_easy_check-in. Phrase B is customer_wait_10_minute_for_greet.
   → Waiting 10 minutes to be greeted is direct evidence check-in was NOT easy. Answer: Yes

2) Phrase A is no_evident_not_easy_check-in. Phrase B is no_one_give_key_on_late_check-in.
   → This is about late check-in key handover, a different specific issue than check-in being easy. Answer: No

3) Phrase A is no_evident_not_great_quality. Phrase B is shampoo_seem_cheap_considering_hotel_cost.
   → Cheap-feeling shampoo for the price directly undercuts the ""great quality"" claim. Answer: Yes

4) Phrase A is no_evident_not_great_quality. Phrase B is expensive_hotel.
   → ""Expensive"" is a price complaint, not evidence about quality. Answer: No

5) Phrase A is no_evident_not_helpful_staff. Phrase B is not_kind_staff.
   → ""Not kind"" is a distinct complaint (attitude) from ""not helpful"" (competence/assistance) —
     it does not itself prove staff were unhelpful. Answer: No

OUTPUT FORMAT: Respond with exactly one word, ""Yes"" or ""No"". No explanation, no punctuation.

NOW DECIDE:
Phrase A is no_evident_not_late_arrival_no_extra_cost. Phrase B is staff_take_picture_of_passport.
Answer:
",No.
2026-08-10 23:07:33,3,229,no_evident_not_hotel_allow_late_arrival,no_one_give_key_on_late_check-in,"You are checking arguments in an ABA (Assumption-Based Argumentation) framework built from hotel review mining.

BACKGROUND:
Phrase A is always an auto-derived ""Assumption"" — it defends a claim by asserting no counter-evidence
exists. It has one of two forms:
- ""no_evident_not_X"" → defends that X IS true (assumes no evidence proves X false)
- ""have_evident_no_Y"" → defends that Y IS absent (assumes there IS evidence Y is missing)

Phrase B is a candidate ""Proposition"" — a separate fact mined from another part of the review data.

TASK: Decide whether Phrase B is CONTRARY to Phrase A — meaning: if Phrase B is true, does it act as
the counter-evidence that breaks Phrase A's assumption?

RULES (apply in order):
1. Strip the ""no_evident_not_"" or ""have_evident_"" prefix from Phrase A to recover the underlying claim.
2. Ask: does Phrase B describe a concrete fact that, if true, disproves that claim?
3. Phrase B must be about the SAME specific situation as the claim, not merely the same general topic.
   A different specific complaint about the same topic is usually NOT contrary.
4. Do not judge by shared keywords (e.g. both containing ""not"" or ""no"") — judge the meaning.
5. If B provides real counter-evidence against A's claim → Yes. Otherwise → No.

CONTRASTIVE EXAMPLES:

1) Phrase A is no_evident_not_easy_check-in. Phrase B is customer_wait_10_minute_for_greet.
   → Waiting 10 minutes to be greeted is direct evidence check-in was NOT easy. Answer: Yes

2) Phrase A is no_evident_not_easy_check-in. Phrase B is no_one_give_key_on_late_check-in.
   → This is about late check-in key handover, a different specific issue than check-in being easy. Answer: No

3) Phrase A is no_evident_not_great_quality. Phrase B is shampoo_seem_cheap_considering_hotel_cost.
   → Cheap-feeling shampoo for the price directly undercuts the ""great quality"" claim. Answer: Yes

4) Phrase A is no_evident_not_great_quality. Phrase B is expensive_hotel.
   → ""Expensive"" is a price complaint, not evidence about quality. Answer: No

5) Phrase A is no_evident_not_helpful_staff. Phrase B is not_kind_staff.
   → ""Not kind"" is a distinct complaint (attitude) from ""not helpful"" (competence/assistance) —
     it does not itself prove staff were unhelpful. Answer: No

OUTPUT FORMAT: Respond with exactly one word, ""Yes"" or ""No"". No explanation, no punctuation.

NOW DECIDE:
Phrase A is no_evident_not_hotel_allow_late_arrival. Phrase B is no_one_give_key_on_late_check-in.
Answer:
",Yes
2026-08-10 23:07:33,3,230,no_evident_not_hotel_allow_late_arrival,door_lock_on_late_check-in,"You are checking arguments in an ABA (Assumption-Based Argumentation) framework built from hotel review mining.

BACKGROUND:
Phrase A is always an auto-derived ""Assumption"" — it defends a claim by asserting no counter-evidence
exists. It has one of two forms:
- ""no_evident_not_X"" → defends that X IS true (assumes no evidence proves X false)
- ""have_evident_no_Y"" → defends that Y IS absent (assumes there IS evidence Y is missing)

Phrase B is a candidate ""Proposition"" — a separate fact mined from another part of the review data.

TASK: Decide whether Phrase B is CONTRARY to Phrase A — meaning: if Phrase B is true, does it act as
the counter-evidence that breaks Phrase A's assumption?

RULES (apply in order):
1. Strip the ""no_evident_not_"" or ""have_evident_"" prefix from Phrase A to recover the underlying claim.
2. Ask: does Phrase B describe a concrete fact that, if true, disproves that claim?
3. Phrase B must be about the SAME specific situation as the claim, not merely the same general topic.
   A different specific complaint about the same topic is usually NOT contrary.
4. Do not judge by shared keywords (e.g. both containing ""not"" or ""no"") — judge the meaning.
5. If B provides real counter-evidence against A's claim → Yes. Otherwise → No.

CONTRASTIVE EXAMPLES:

1) Phrase A is no_evident_not_easy_check-in. Phrase B is customer_wait_10_minute_for_greet.
   → Waiting 10 minutes to be greeted is direct evidence check-in was NOT easy. Answer: Yes

2) Phrase A is no_evident_not_easy_check-in. Phrase B is no_one_give_key_on_late_check-in.
   → This is about late check-in key handover, a different specific issue than check-in being easy. Answer: No

3) Phrase A is no_evident_not_great_quality. Phrase B is shampoo_seem_cheap_considering_hotel_cost.
   → Cheap-feeling shampoo for the price directly undercuts the ""great quality"" claim. Answer: Yes

4) Phrase A is no_evident_not_great_quality. Phrase B is expensive_hotel.
   → ""Expensive"" is a price complaint, not evidence about quality. Answer: No

5) Phrase A is no_evident_not_helpful_staff. Phrase B is not_kind_staff.
   → ""Not kind"" is a distinct complaint (attitude) from ""not helpful"" (competence/assistance) —
     it does not itself prove staff were unhelpful. Answer: No

OUTPUT FORMAT: Respond with exactly one word, ""Yes"" or ""No"". No explanation, no punctuation.

NOW DECIDE:
Phrase A is no_evident_not_hotel_allow_late_arrival. Phrase B is door_lock_on_late_check-in.
Answer:
",Yes
2026-08-10 23:07:33,3,231,no_evident_not_hotel_allow_late_arrival,customer_wait_10_minute_for_greet,"You are checking arguments in an ABA (Assumption-Based Argumentation) framework built from hotel review mining.

BACKGROUND:
Phrase A is always an auto-derived ""Assumption"" — it defends a claim by asserting no counter-evidence
exists. It has one of two forms:
- ""no_evident_not_X"" → defends that X IS true (assumes no evidence proves X false)
- ""have_evident_no_Y"" → defends that Y IS absent (assumes there IS evidence Y is missing)

Phrase B is a candidate ""Proposition"" — a separate fact mined from another part of the review data.

TASK: Decide whether Phrase B is CONTRARY to Phrase A — meaning: if Phrase B is true, does it act as
the counter-evidence that breaks Phrase A's assumption?

RULES (apply in order):
1. Strip the ""no_evident_not_"" or ""have_evident_"" prefix from Phrase A to recover the underlying claim.
2. Ask: does Phrase B describe a concrete fact that, if true, disproves that claim?
3. Phrase B must be about the SAME specific situation as the claim, not merely the same general topic.
   A different specific complaint about the same topic is usually NOT contrary.
4. Do not judge by shared keywords (e.g. both containing ""not"" or ""no"") — judge the meaning.
5. If B provides real counter-evidence against A's claim → Yes. Otherwise → No.

CONTRASTIVE EXAMPLES:

1) Phrase A is no_evident_not_easy_check-in. Phrase B is customer_wait_10_minute_for_greet.
   → Waiting 10 minutes to be greeted is direct evidence check-in was NOT easy. Answer: Yes

2) Phrase A is no_evident_not_easy_check-in. Phrase B is no_one_give_key_on_late_check-in.
   → This is about late check-in key handover, a different specific issue than check-in being easy. Answer: No

3) Phrase A is no_evident_not_great_quality. Phrase B is shampoo_seem_cheap_considering_hotel_cost.
   → Cheap-feeling shampoo for the price directly undercuts the ""great quality"" claim. Answer: Yes

4) Phrase A is no_evident_not_great_quality. Phrase B is expensive_hotel.
   → ""Expensive"" is a price complaint, not evidence about quality. Answer: No

5) Phrase A is no_evident_not_helpful_staff. Phrase B is not_kind_staff.
   → ""Not kind"" is a distinct complaint (attitude) from ""not helpful"" (competence/assistance) —
     it does not itself prove staff were unhelpful. Answer: No

OUTPUT FORMAT: Respond with exactly one word, ""Yes"" or ""No"". No explanation, no punctuation.

NOW DECIDE:
Phrase A is no_evident_not_hotel_allow_late_arrival. Phrase B is customer_wait_10_minute_for_greet.
Answer:
",Yes
2026-08-10 23:07:33,3,232,no_evident_not_hotel_allow_late_arrival,customer_wait_10_minute_for_check-in,"You are checking arguments in an ABA (Assumption-Based Argumentation) framework built from hotel review mining.

BACKGROUND:
Phrase A is always an auto-derived ""Assumption"" — it defends a claim by asserting no counter-evidence
exists. It has one of two forms:
- ""no_evident_not_X"" → defends that X IS true (assumes no evidence proves X false)
- ""have_evident_no_Y"" → defends that Y IS absent (assumes there IS evidence Y is missing)

Phrase B is a candidate ""Proposition"" — a separate fact mined from another part of the review data.

TASK: Decide whether Phrase B is CONTRARY to Phrase A — meaning: if Phrase B is true, does it act as
the counter-evidence that breaks Phrase A's assumption?

RULES (apply in order):
1. Strip the ""no_evident_not_"" or ""have_evident_"" prefix from Phrase A to recover the underlying claim.
2. Ask: does Phrase B describe a concrete fact that, if true, disproves that claim?
3. Phrase B must be about the SAME specific situation as the claim, not merely the same general topic.
   A different specific complaint about the same topic is usually NOT contrary.
4. Do not judge by shared keywords (e.g. both containing ""not"" or ""no"") — judge the meaning.
5. If B provides real counter-evidence against A's claim → Yes. Otherwise → No.

CONTRASTIVE EXAMPLES:

1) Phrase A is no_evident_not_easy_check-in. Phrase B is customer_wait_10_minute_for_greet.
   → Waiting 10 minutes to be greeted is direct evidence check-in was NOT easy. Answer: Yes

2) Phrase A is no_evident_not_easy_check-in. Phrase B is no_one_give_key_on_late_check-in.
   → This is about late check-in key handover, a different specific issue than check-in being easy. Answer: No

3) Phrase A is no_evident_not_great_quality. Phrase B is shampoo_seem_cheap_considering_hotel_cost.
   → Cheap-feeling shampoo for the price directly undercuts the ""great quality"" claim. Answer: Yes

4) Phrase A is no_evident_not_great_quality. Phrase B is expensive_hotel.
   → ""Expensive"" is a price complaint, not evidence about quality. Answer: No

5) Phrase A is no_evident_not_helpful_staff. Phrase B is not_kind_staff.
   → ""Not kind"" is a distinct complaint (attitude) from ""not helpful"" (competence/assistance) —
     it does not itself prove staff were unhelpful. Answer: No

OUTPUT FORMAT: Respond with exactly one word, ""Yes"" or ""No"". No explanation, no punctuation.

NOW DECIDE:
Phrase A is no_evident_not_hotel_allow_late_arrival. Phrase B is customer_wait_10_minute_for_check-in.
Answer:
",No.
2026-08-10 23:07:34,3,233,no_evident_not_hotel_allow_late_arrival,staff_misunderstand_on_payment,"You are checking arguments in an ABA (Assumption-Based Argumentation) framework built from hotel review mining.

BACKGROUND:
Phrase A is always an auto-derived ""Assumption"" — it defends a claim by asserting no counter-evidence
exists. It has one of two forms:
- ""no_evident_not_X"" → defends that X IS true (assumes no evidence proves X false)
- ""have_evident_no_Y"" → defends that Y IS absent (assumes there IS evidence Y is missing)

Phrase B is a candidate ""Proposition"" — a separate fact mined from another part of the review data.

TASK: Decide whether Phrase B is CONTRARY to Phrase A — meaning: if Phrase B is true, does it act as
the counter-evidence that breaks Phrase A's assumption?

RULES (apply in order):
1. Strip the ""no_evident_not_"" or ""have_evident_"" prefix from Phrase A to recover the underlying claim.
2. Ask: does Phrase B describe a concrete fact that, if true, disproves that claim?
3. Phrase B must be about the SAME specific situation as the claim, not merely the same general topic.
   A different specific complaint about the same topic is usually NOT contrary.
4. Do not judge by shared keywords (e.g. both containing ""not"" or ""no"") — judge the meaning.
5. If B provides real counter-evidence against A's claim → Yes. Otherwise → No.

CONTRASTIVE EXAMPLES:

1) Phrase A is no_evident_not_easy_check-in. Phrase B is customer_wait_10_minute_for_greet.
   → Waiting 10 minutes to be greeted is direct evidence check-in was NOT easy. Answer: Yes

2) Phrase A is no_evident_not_easy_check-in. Phrase B is no_one_give_key_on_late_check-in.
   → This is about late check-in key handover, a different specific issue than check-in being easy. Answer: No

3) Phrase A is no_evident_not_great_quality. Phrase B is shampoo_seem_cheap_considering_hotel_cost.
   → Cheap-feeling shampoo for the price directly undercuts the ""great quality"" claim. Answer: Yes

4) Phrase A is no_evident_not_great_quality. Phrase B is expensive_hotel.
   → ""Expensive"" is a price complaint, not evidence about quality. Answer: No

5) Phrase A is no_evident_not_helpful_staff. Phrase B is not_kind_staff.
   → ""Not kind"" is a distinct complaint (attitude) from ""not helpful"" (competence/assistance) —
     it does not itself prove staff were unhelpful. Answer: No

OUTPUT FORMAT: Respond with exactly one word, ""Yes"" or ""No"". No explanation, no punctuation.

NOW DECIDE:
Phrase A is no_evident_not_hotel_allow_late_arrival. Phrase B is staff_misunderstand_on_payment.
Answer:
",No.
2026-08-10 23:07:34,3,234,no_evident_not_hotel_allow_late_arrival,staff_take_picture_of_passport,"You are checking arguments in an ABA (Assumption-Based Argumentation) framework built from hotel review mining.

BACKGROUND:
Phrase A is always an auto-derived ""Assumption"" — it defends a claim by asserting no counter-evidence
exists. It has one of two forms:
- ""no_evident_not_X"" → defends that X IS true (assumes no evidence proves X false)
- ""have_evident_no_Y"" → defends that Y IS absent (assumes there IS evidence Y is missing)

Phrase B is a candidate ""Proposition"" — a separate fact mined from another part of the review data.

TASK: Decide whether Phrase B is CONTRARY to Phrase A — meaning: if Phrase B is true, does it act as
the counter-evidence that breaks Phrase A's assumption?

RULES (apply in order):
1. Strip the ""no_evident_not_"" or ""have_evident_"" prefix from Phrase A to recover the underlying claim.
2. Ask: does Phrase B describe a concrete fact that, if true, disproves that claim?
3. Phrase B must be about the SAME specific situation as the claim, not merely the same general topic.
   A different specific complaint about the same topic is usually NOT contrary.
4. Do not judge by shared keywords (e.g. both containing ""not"" or ""no"") — judge the meaning.
5. If B provides real counter-evidence against A's claim → Yes. Otherwise → No.

CONTRASTIVE EXAMPLES:

1) Phrase A is no_evident_not_easy_check-in. Phrase B is customer_wait_10_minute_for_greet.
   → Waiting 10 minutes to be greeted is direct evidence check-in was NOT easy. Answer: Yes

2) Phrase A is no_evident_not_easy_check-in. Phrase B is no_one_give_key_on_late_check-in.
   → This is about late check-in key handover, a different specific issue than check-in being easy. Answer: No

3) Phrase A is no_evident_not_great_quality. Phrase B is shampoo_seem_cheap_considering_hotel_cost.
   → Cheap-feeling shampoo for the price directly undercuts the ""great quality"" claim. Answer: Yes

4) Phrase A is no_evident_not_great_quality. Phrase B is expensive_hotel.
   → ""Expensive"" is a price complaint, not evidence about quality. Answer: No

5) Phrase A is no_evident_not_helpful_staff. Phrase B is not_kind_staff.
   → ""Not kind"" is a distinct complaint (attitude) from ""not helpful"" (competence/assistance) —
     it does not itself prove staff were unhelpful. Answer: No

OUTPUT FORMAT: Respond with exactly one word, ""Yes"" or ""No"". No explanation, no punctuation.

NOW DECIDE:
Phrase A is no_evident_not_hotel_allow_late_arrival. Phrase B is staff_take_picture_of_passport.
Answer:
",No.
2026-08-10 23:07:34,3,235,no_evident_not_perfect_welcome_at_4am_arrival,no_one_give_key_on_late_check-in,"You are checking arguments in an ABA (Assumption-Based Argumentation) framework built from hotel review mining.

BACKGROUND:
Phrase A is always an auto-derived ""Assumption"" — it defends a claim by asserting no counter-evidence
exists. It has one of two forms:
- ""no_evident_not_X"" → defends that X IS true (assumes no evidence proves X false)
- ""have_evident_no_Y"" → defends that Y IS absent (assumes there IS evidence Y is missing)

Phrase B is a candidate ""Proposition"" — a separate fact mined from another part of the review data.

TASK: Decide whether Phrase B is CONTRARY to Phrase A — meaning: if Phrase B is true, does it act as
the counter-evidence that breaks Phrase A's assumption?

RULES (apply in order):
1. Strip the ""no_evident_not_"" or ""have_evident_"" prefix from Phrase A to recover the underlying claim.
2. Ask: does Phrase B describe a concrete fact that, if true, disproves that claim?
3. Phrase B must be about the SAME specific situation as the claim, not merely the same general topic.
   A different specific complaint about the same topic is usually NOT contrary.
4. Do not judge by shared keywords (e.g. both containing ""not"" or ""no"") — judge the meaning.
5. If B provides real counter-evidence against A's claim → Yes. Otherwise → No.

CONTRASTIVE EXAMPLES:

1) Phrase A is no_evident_not_easy_check-in. Phrase B is customer_wait_10_minute_for_greet.
   → Waiting 10 minutes to be greeted is direct evidence check-in was NOT easy. Answer: Yes

2) Phrase A is no_evident_not_easy_check-in. Phrase B is no_one_give_key_on_late_check-in.
   → This is about late check-in key handover, a different specific issue than check-in being easy. Answer: No

3) Phrase A is no_evident_not_great_quality. Phrase B is shampoo_seem_cheap_considering_hotel_cost.
   → Cheap-feeling shampoo for the price directly undercuts the ""great quality"" claim. Answer: Yes

4) Phrase A is no_evident_not_great_quality. Phrase B is expensive_hotel.
   → ""Expensive"" is a price complaint, not evidence about quality. Answer: No

5) Phrase A is no_evident_not_helpful_staff. Phrase B is not_kind_staff.
   → ""Not kind"" is a distinct complaint (attitude) from ""not helpful"" (competence/assistance) —
     it does not itself prove staff were unhelpful. Answer: No

OUTPUT FORMAT: Respond with exactly one word, ""Yes"" or ""No"". No explanation, no punctuation.

NOW DECIDE:
Phrase A is no_evident_not_perfect_welcome_at_4am_arrival. Phrase B is no_one_give_key_on_late_check-in.
Answer:
",Yes
2026-08-10 23:07:34,3,236,no_evident_not_perfect_welcome_at_4am_arrival,door_lock_on_late_check-in,"You are checking arguments in an ABA (Assumption-Based Argumentation) framework built from hotel review mining.

BACKGROUND:
Phrase A is always an auto-derived ""Assumption"" — it defends a claim by asserting no counter-evidence
exists. It has one of two forms:
- ""no_evident_not_X"" → defends that X IS true (assumes no evidence proves X false)
- ""have_evident_no_Y"" → defends that Y IS absent (assumes there IS evidence Y is missing)

Phrase B is a candidate ""Proposition"" — a separate fact mined from another part of the review data.

TASK: Decide whether Phrase B is CONTRARY to Phrase A — meaning: if Phrase B is true, does it act as
the counter-evidence that breaks Phrase A's assumption?

RULES (apply in order):
1. Strip the ""no_evident_not_"" or ""have_evident_"" prefix from Phrase A to recover the underlying claim.
2. Ask: does Phrase B describe a concrete fact that, if true, disproves that claim?
3. Phrase B must be about the SAME specific situation as the claim, not merely the same general topic.
   A different specific complaint about the same topic is usually NOT contrary.
4. Do not judge by shared keywords (e.g. both containing ""not"" or ""no"") — judge the meaning.
5. If B provides real counter-evidence against A's claim → Yes. Otherwise → No.

CONTRASTIVE EXAMPLES:

1) Phrase A is no_evident_not_easy_check-in. Phrase B is customer_wait_10_minute_for_greet.
   → Waiting 10 minutes to be greeted is direct evidence check-in was NOT easy. Answer: Yes

2) Phrase A is no_evident_not_easy_check-in. Phrase B is no_one_give_key_on_late_check-in.
   → This is about late check-in key handover, a different specific issue than check-in being easy. Answer: No

3) Phrase A is no_evident_not_great_quality. Phrase B is shampoo_seem_cheap_considering_hotel_cost.
   → Cheap-feeling shampoo for the price directly undercuts the ""great quality"" claim. Answer: Yes

4) Phrase A is no_evident_not_great_quality. Phrase B is expensive_hotel.
   → ""Expensive"" is a price complaint, not evidence about quality. Answer: No

5) Phrase A is no_evident_not_helpful_staff. Phrase B is not_kind_staff.
   → ""Not kind"" is a distinct complaint (attitude) from ""not helpful"" (competence/assistance) —
     it does not itself prove staff were unhelpful. Answer: No

OUTPUT FORMAT: Respond with exactly one word, ""Yes"" or ""No"". No explanation, no punctuation.

NOW DECIDE:
Phrase A is no_evident_not_perfect_welcome_at_4am_arrival. Phrase B is door_lock_on_late_check-in.
Answer:
",No.
2026-08-10 23:07:34,3,237,no_evident_not_perfect_welcome_at_4am_arrival,customer_wait_10_minute_for_greet,"You are checking arguments in an ABA (Assumption-Based Argumentation) framework built from hotel review mining.

BACKGROUND:
Phrase A is always an auto-derived ""Assumption"" — it defends a claim by asserting no counter-evidence
exists. It has one of two forms:
- ""no_evident_not_X"" → defends that X IS true (assumes no evidence proves X false)
- ""have_evident_no_Y"" → defends that Y IS absent (assumes there IS evidence Y is missing)

Phrase B is a candidate ""Proposition"" — a separate fact mined from another part of the review data.

TASK: Decide whether Phrase B is CONTRARY to Phrase A — meaning: if Phrase B is true, does it act as
the counter-evidence that breaks Phrase A's assumption?

RULES (apply in order):
1. Strip the ""no_evident_not_"" or ""have_evident_"" prefix from Phrase A to recover the underlying claim.
2. Ask: does Phrase B describe a concrete fact that, if true, disproves that claim?
3. Phrase B must be about the SAME specific situation as the claim, not merely the same general topic.
   A different specific complaint about the same topic is usually NOT contrary.
4. Do not judge by shared keywords (e.g. both containing ""not"" or ""no"") — judge the meaning.
5. If B provides real counter-evidence against A's claim → Yes. Otherwise → No.

CONTRASTIVE EXAMPLES:

1) Phrase A is no_evident_not_easy_check-in. Phrase B is customer_wait_10_minute_for_greet.
   → Waiting 10 minutes to be greeted is direct evidence check-in was NOT easy. Answer: Yes

2) Phrase A is no_evident_not_easy_check-in. Phrase B is no_one_give_key_on_late_check-in.
   → This is about late check-in key handover, a different specific issue than check-in being easy. Answer: No

3) Phrase A is no_evident_not_great_quality. Phrase B is shampoo_seem_cheap_considering_hotel_cost.
   → Cheap-feeling shampoo for the price directly undercuts the ""great quality"" claim. Answer: Yes

4) Phrase A is no_evident_not_great_quality. Phrase B is expensive_hotel.
   → ""Expensive"" is a price complaint, not evidence about quality. Answer: No

5) Phrase A is no_evident_not_helpful_staff. Phrase B is not_kind_staff.
   → ""Not kind"" is a distinct complaint (attitude) from ""not helpful"" (competence/assistance) —
     it does not itself prove staff were unhelpful. Answer: No

OUTPUT FORMAT: Respond with exactly one word, ""Yes"" or ""No"". No explanation, no punctuation.

NOW DECIDE:
Phrase A is no_evident_not_perfect_welcome_at_4am_arrival. Phrase B is customer_wait_10_minute_for_greet.
Answer:
",Yes
2026-08-10 23:07:35,3,239,no_evident_not_perfect_welcome_at_4am_arrival,staff_misunderstand_on_payment,"You are checking arguments in an ABA (Assumption-Based Argumentation) framework built from hotel review mining.

BACKGROUND:
Phrase A is always an auto-derived ""Assumption"" — it defends a claim by asserting no counter-evidence
exists. It has one of two forms:
- ""no_evident_not_X"" → defends that X IS true (assumes no evidence proves X false)
- ""have_evident_no_Y"" → defends that Y IS absent (assumes there IS evidence Y is missing)

Phrase B is a candidate ""Proposition"" — a separate fact mined from another part of the review data.

TASK: Decide whether Phrase B is CONTRARY to Phrase A — meaning: if Phrase B is true, does it act as
the counter-evidence that breaks Phrase A's assumption?

RULES (apply in order):
1. Strip the ""no_evident_not_"" or ""have_evident_"" prefix from Phrase A to recover the underlying claim.
2. Ask: does Phrase B describe a concrete fact that, if true, disproves that claim?
3. Phrase B must be about the SAME specific situation as the claim, not merely the same general topic.
   A different specific complaint about the same topic is usually NOT contrary.
4. Do not judge by shared keywords (e.g. both containing ""not"" or ""no"") — judge the meaning.
5. If B provides real counter-evidence against A's claim → Yes. Otherwise → No.

CONTRASTIVE EXAMPLES:

1) Phrase A is no_evident_not_easy_check-in. Phrase B is customer_wait_10_minute_for_greet.
   → Waiting 10 minutes to be greeted is direct evidence check-in was NOT easy. Answer: Yes

2) Phrase A is no_evident_not_easy_check-in. Phrase B is no_one_give_key_on_late_check-in.
   → This is about late check-in key handover, a different specific issue than check-in being easy. Answer: No

3) Phrase A is no_evident_not_great_quality. Phrase B is shampoo_seem_cheap_considering_hotel_cost.
   → Cheap-feeling shampoo for the price directly undercuts the ""great quality"" claim. Answer: Yes

4) Phrase A is no_evident_not_great_quality. Phrase B is expensive_hotel.
   → ""Expensive"" is a price complaint, not evidence about quality. Answer: No

5) Phrase A is no_evident_not_helpful_staff. Phrase B is not_kind_staff.
   → ""Not kind"" is a distinct complaint (attitude) from ""not helpful"" (competence/assistance) —
     it does not itself prove staff were unhelpful. Answer: No

OUTPUT FORMAT: Respond with exactly one word, ""Yes"" or ""No"". No explanation, no punctuation.

NOW DECIDE:
Phrase A is no_evident_not_perfect_welcome_at_4am_arrival. Phrase B is staff_misunderstand_on_payment.
Answer:
",No.
2026-08-10 23:07:35,3,238,no_evident_not_perfect_welcome_at_4am_arrival,customer_wait_10_minute_for_check-in,"You are checking arguments in an ABA (Assumption-Based Argumentation) framework built from hotel review mining.

BACKGROUND:
Phrase A is always an auto-derived ""Assumption"" — it defends a claim by asserting no counter-evidence
exists. It has one of two forms:
- ""no_evident_not_X"" → defends that X IS true (assumes no evidence proves X false)
- ""have_evident_no_Y"" → defends that Y IS absent (assumes there IS evidence Y is missing)

Phrase B is a candidate ""Proposition"" — a separate fact mined from another part of the review data.

TASK: Decide whether Phrase B is CONTRARY to Phrase A — meaning: if Phrase B is true, does it act as
the counter-evidence that breaks Phrase A's assumption?

RULES (apply in order):
1. Strip the ""no_evident_not_"" or ""have_evident_"" prefix from Phrase A to recover the underlying claim.
2. Ask: does Phrase B describe a concrete fact that, if true, disproves that claim?
3. Phrase B must be about the SAME specific situation as the claim, not merely the same general topic.
   A different specific complaint about the same topic is usually NOT contrary.
4. Do not judge by shared keywords (e.g. both containing ""not"" or ""no"") — judge the meaning.
5. If B provides real counter-evidence against A's claim → Yes. Otherwise → No.

CONTRASTIVE EXAMPLES:

1) Phrase A is no_evident_not_easy_check-in. Phrase B is customer_wait_10_minute_for_greet.
   → Waiting 10 minutes to be greeted is direct evidence check-in was NOT easy. Answer: Yes

2) Phrase A is no_evident_not_easy_check-in. Phrase B is no_one_give_key_on_late_check-in.
   → This is about late check-in key handover, a different specific issue than check-in being easy. Answer: No

3) Phrase A is no_evident_not_great_quality. Phrase B is shampoo_seem_cheap_considering_hotel_cost.
   → Cheap-feeling shampoo for the price directly undercuts the ""great quality"" claim. Answer: Yes

4) Phrase A is no_evident_not_great_quality. Phrase B is expensive_hotel.
   → ""Expensive"" is a price complaint, not evidence about quality. Answer: No

5) Phrase A is no_evident_not_helpful_staff. Phrase B is not_kind_staff.
   → ""Not kind"" is a distinct complaint (attitude) from ""not helpful"" (competence/assistance) —
     it does not itself prove staff were unhelpful. Answer: No

OUTPUT FORMAT: Respond with exactly one word, ""Yes"" or ""No"". No explanation, no punctuation.

NOW DECIDE:
Phrase A is no_evident_not_perfect_welcome_at_4am_arrival. Phrase B is customer_wait_10_minute_for_check-in.
Answer:
",No.
2026-08-10 23:07:35,3,240,no_evident_not_perfect_welcome_at_4am_arrival,staff_take_picture_of_passport,"You are checking arguments in an ABA (Assumption-Based Argumentation) framework built from hotel review mining.

BACKGROUND:
Phrase A is always an auto-derived ""Assumption"" — it defends a claim by asserting no counter-evidence
exists. It has one of two forms:
- ""no_evident_not_X"" → defends that X IS true (assumes no evidence proves X false)
- ""have_evident_no_Y"" → defends that Y IS absent (assumes there IS evidence Y is missing)

Phrase B is a candidate ""Proposition"" — a separate fact mined from another part of the review data.

TASK: Decide whether Phrase B is CONTRARY to Phrase A — meaning: if Phrase B is true, does it act as
the counter-evidence that breaks Phrase A's assumption?

RULES (apply in order):
1. Strip the ""no_evident_not_"" or ""have_evident_"" prefix from Phrase A to recover the underlying claim.
2. Ask: does Phrase B describe a concrete fact that, if true, disproves that claim?
3. Phrase B must be about the SAME specific situation as the claim, not merely the same general topic.
   A different specific complaint about the same topic is usually NOT contrary.
4. Do not judge by shared keywords (e.g. both containing ""not"" or ""no"") — judge the meaning.
5. If B provides real counter-evidence against A's claim → Yes. Otherwise → No.

CONTRASTIVE EXAMPLES:

1) Phrase A is no_evident_not_easy_check-in. Phrase B is customer_wait_10_minute_for_greet.
   → Waiting 10 minutes to be greeted is direct evidence check-in was NOT easy. Answer: Yes

2) Phrase A is no_evident_not_easy_check-in. Phrase B is no_one_give_key_on_late_check-in.
   → This is about late check-in key handover, a different specific issue than check-in being easy. Answer: No

3) Phrase A is no_evident_not_great_quality. Phrase B is shampoo_seem_cheap_considering_hotel_cost.
   → Cheap-feeling shampoo for the price directly undercuts the ""great quality"" claim. Answer: Yes

4) Phrase A is no_evident_not_great_quality. Phrase B is expensive_hotel.
   → ""Expensive"" is a price complaint, not evidence about quality. Answer: No

5) Phrase A is no_evident_not_helpful_staff. Phrase B is not_kind_staff.
   → ""Not kind"" is a distinct complaint (attitude) from ""not helpful"" (competence/assistance) —
     it does not itself prove staff were unhelpful. Answer: No

OUTPUT FORMAT: Respond with exactly one word, ""Yes"" or ""No"". No explanation, no punctuation.

NOW DECIDE:
Phrase A is no_evident_not_perfect_welcome_at_4am_arrival. Phrase B is staff_take_picture_of_passport.
Answer:
",No.
2026-08-10 23:07:35,3,241,no_evident_not_perfect_welcome_at_1:30am_in_morning,no_one_give_key_on_late_check-in,"You are checking arguments in an ABA (Assumption-Based Argumentation) framework built from hotel review mining.

BACKGROUND:
Phrase A is always an auto-derived ""Assumption"" — it defends a claim by asserting no counter-evidence
exists. It has one of two forms:
- ""no_evident_not_X"" → defends that X IS true (assumes no evidence proves X false)
- ""have_evident_no_Y"" → defends that Y IS absent (assumes there IS evidence Y is missing)

Phrase B is a candidate ""Proposition"" — a separate fact mined from another part of the review data.

TASK: Decide whether Phrase B is CONTRARY to Phrase A — meaning: if Phrase B is true, does it act as
the counter-evidence that breaks Phrase A's assumption?

RULES (apply in order):
1. Strip the ""no_evident_not_"" or ""have_evident_"" prefix from Phrase A to recover the underlying claim.
2. Ask: does Phrase B describe a concrete fact that, if true, disproves that claim?
3. Phrase B must be about the SAME specific situation as the claim, not merely the same general topic.
   A different specific complaint about the same topic is usually NOT contrary.
4. Do not judge by shared keywords (e.g. both containing ""not"" or ""no"") — judge the meaning.
5. If B provides real counter-evidence against A's claim → Yes. Otherwise → No.

CONTRASTIVE EXAMPLES:

1) Phrase A is no_evident_not_easy_check-in. Phrase B is customer_wait_10_minute_for_greet.
   → Waiting 10 minutes to be greeted is direct evidence check-in was NOT easy. Answer: Yes

2) Phrase A is no_evident_not_easy_check-in. Phrase B is no_one_give_key_on_late_check-in.
   → This is about late check-in key handover, a different specific issue than check-in being easy. Answer: No

3) Phrase A is no_evident_not_great_quality. Phrase B is shampoo_seem_cheap_considering_hotel_cost.
   → Cheap-feeling shampoo for the price directly undercuts the ""great quality"" claim. Answer: Yes

4) Phrase A is no_evident_not_great_quality. Phrase B is expensive_hotel.
   → ""Expensive"" is a price complaint, not evidence about quality. Answer: No

5) Phrase A is no_evident_not_helpful_staff. Phrase B is not_kind_staff.
   → ""Not kind"" is a distinct complaint (attitude) from ""not helpful"" (competence/assistance) —
     it does not itself prove staff were unhelpful. Answer: No

OUTPUT FORMAT: Respond with exactly one word, ""Yes"" or ""No"". No explanation, no punctuation.

NOW DECIDE:
Phrase A is no_evident_not_perfect_welcome_at_1:30am_in_morning. Phrase B is no_one_give_key_on_late_check-in.
Answer:
",No.
2026-08-10 23:07:35,3,242,no_evident_not_perfect_welcome_at_1:30am_in_morning,door_lock_on_late_check-in,"You are checking arguments in an ABA (Assumption-Based Argumentation) framework built from hotel review mining.

BACKGROUND:
Phrase A is always an auto-derived ""Assumption"" — it defends a claim by asserting no counter-evidence
exists. It has one of two forms:
- ""no_evident_not_X"" → defends that X IS true (assumes no evidence proves X false)
- ""have_evident_no_Y"" → defends that Y IS absent (assumes there IS evidence Y is missing)

Phrase B is a candidate ""Proposition"" — a separate fact mined from another part of the review data.

TASK: Decide whether Phrase B is CONTRARY to Phrase A — meaning: if Phrase B is true, does it act as
the counter-evidence that breaks Phrase A's assumption?

RULES (apply in order):
1. Strip the ""no_evident_not_"" or ""have_evident_"" prefix from Phrase A to recover the underlying claim.
2. Ask: does Phrase B describe a concrete fact that, if true, disproves that claim?
3. Phrase B must be about the SAME specific situation as the claim, not merely the same general topic.
   A different specific complaint about the same topic is usually NOT contrary.
4. Do not judge by shared keywords (e.g. both containing ""not"" or ""no"") — judge the meaning.
5. If B provides real counter-evidence against A's claim → Yes. Otherwise → No.

CONTRASTIVE EXAMPLES:

1) Phrase A is no_evident_not_easy_check-in. Phrase B is customer_wait_10_minute_for_greet.
   → Waiting 10 minutes to be greeted is direct evidence check-in was NOT easy. Answer: Yes

2) Phrase A is no_evident_not_easy_check-in. Phrase B is no_one_give_key_on_late_check-in.
   → This is about late check-in key handover, a different specific issue than check-in being easy. Answer: No

3) Phrase A is no_evident_not_great_quality. Phrase B is shampoo_seem_cheap_considering_hotel_cost.
   → Cheap-feeling shampoo for the price directly undercuts the ""great quality"" claim. Answer: Yes

4) Phrase A is no_evident_not_great_quality. Phrase B is expensive_hotel.
   → ""Expensive"" is a price complaint, not evidence about quality. Answer: No

5) Phrase A is no_evident_not_helpful_staff. Phrase B is not_kind_staff.
   → ""Not kind"" is a distinct complaint (attitude) from ""not helpful"" (competence/assistance) —
     it does not itself prove staff were unhelpful. Answer: No

OUTPUT FORMAT: Respond with exactly one word, ""Yes"" or ""No"". No explanation, no punctuation.

NOW DECIDE:
Phrase A is no_evident_not_perfect_welcome_at_1:30am_in_morning. Phrase B is door_lock_on_late_check-in.
Answer:
",No.
2026-08-10 23:07:36,3,243,no_evident_not_perfect_welcome_at_1:30am_in_morning,customer_wait_10_minute_for_greet,"You are checking arguments in an ABA (Assumption-Based Argumentation) framework built from hotel review mining.

BACKGROUND:
Phrase A is always an auto-derived ""Assumption"" — it defends a claim by asserting no counter-evidence
exists. It has one of two forms:
- ""no_evident_not_X"" → defends that X IS true (assumes no evidence proves X false)
- ""have_evident_no_Y"" → defends that Y IS absent (assumes there IS evidence Y is missing)

Phrase B is a candidate ""Proposition"" — a separate fact mined from another part of the review data.

TASK: Decide whether Phrase B is CONTRARY to Phrase A — meaning: if Phrase B is true, does it act as
the counter-evidence that breaks Phrase A's assumption?

RULES (apply in order):
1. Strip the ""no_evident_not_"" or ""have_evident_"" prefix from Phrase A to recover the underlying claim.
2. Ask: does Phrase B describe a concrete fact that, if true, disproves that claim?
3. Phrase B must be about the SAME specific situation as the claim, not merely the same general topic.
   A different specific complaint about the same topic is usually NOT contrary.
4. Do not judge by shared keywords (e.g. both containing ""not"" or ""no"") — judge the meaning.
5. If B provides real counter-evidence against A's claim → Yes. Otherwise → No.

CONTRASTIVE EXAMPLES:

1) Phrase A is no_evident_not_easy_check-in. Phrase B is customer_wait_10_minute_for_greet.
   → Waiting 10 minutes to be greeted is direct evidence check-in was NOT easy. Answer: Yes

2) Phrase A is no_evident_not_easy_check-in. Phrase B is no_one_give_key_on_late_check-in.
   → This is about late check-in key handover, a different specific issue than check-in being easy. Answer: No

3) Phrase A is no_evident_not_great_quality. Phrase B is shampoo_seem_cheap_considering_hotel_cost.
   → Cheap-feeling shampoo for the price directly undercuts the ""great quality"" claim. Answer: Yes

4) Phrase A is no_evident_not_great_quality. Phrase B is expensive_hotel.
   → ""Expensive"" is a price complaint, not evidence about quality. Answer: No

5) Phrase A is no_evident_not_helpful_staff. Phrase B is not_kind_staff.
   → ""Not kind"" is a distinct complaint (attitude) from ""not helpful"" (competence/assistance) —
     it does not itself prove staff were unhelpful. Answer: No

OUTPUT FORMAT: Respond with exactly one word, ""Yes"" or ""No"". No explanation, no punctuation.

NOW DECIDE:
Phrase A is no_evident_not_perfect_welcome_at_1:30am_in_morning. Phrase B is customer_wait_10_minute_for_greet.
Answer:
",Yes
2026-08-10 23:07:36,3,244,no_evident_not_perfect_welcome_at_1:30am_in_morning,customer_wait_10_minute_for_check-in,"You are checking arguments in an ABA (Assumption-Based Argumentation) framework built from hotel review mining.

BACKGROUND:
Phrase A is always an auto-derived ""Assumption"" — it defends a claim by asserting no counter-evidence
exists. It has one of two forms:
- ""no_evident_not_X"" → defends that X IS true (assumes no evidence proves X false)
- ""have_evident_no_Y"" → defends that Y IS absent (assumes there IS evidence Y is missing)

Phrase B is a candidate ""Proposition"" — a separate fact mined from another part of the review data.

TASK: Decide whether Phrase B is CONTRARY to Phrase A — meaning: if Phrase B is true, does it act as
the counter-evidence that breaks Phrase A's assumption?

RULES (apply in order):
1. Strip the ""no_evident_not_"" or ""have_evident_"" prefix from Phrase A to recover the underlying claim.
2. Ask: does Phrase B describe a concrete fact that, if true, disproves that claim?
3. Phrase B must be about the SAME specific situation as the claim, not merely the same general topic.
   A different specific complaint about the same topic is usually NOT contrary.
4. Do not judge by shared keywords (e.g. both containing ""not"" or ""no"") — judge the meaning.
5. If B provides real counter-evidence against A's claim → Yes. Otherwise → No.

CONTRASTIVE EXAMPLES:

1) Phrase A is no_evident_not_easy_check-in. Phrase B is customer_wait_10_minute_for_greet.
   → Waiting 10 minutes to be greeted is direct evidence check-in was NOT easy. Answer: Yes

2) Phrase A is no_evident_not_easy_check-in. Phrase B is no_one_give_key_on_late_check-in.
   → This is about late check-in key handover, a different specific issue than check-in being easy. Answer: No

3) Phrase A is no_evident_not_great_quality. Phrase B is shampoo_seem_cheap_considering_hotel_cost.
   → Cheap-feeling shampoo for the price directly undercuts the ""great quality"" claim. Answer: Yes

4) Phrase A is no_evident_not_great_quality. Phrase B is expensive_hotel.
   → ""Expensive"" is a price complaint, not evidence about quality. Answer: No

5) Phrase A is no_evident_not_helpful_staff. Phrase B is not_kind_staff.
   → ""Not kind"" is a distinct complaint (attitude) from ""not helpful"" (competence/assistance) —
     it does not itself prove staff were unhelpful. Answer: No

OUTPUT FORMAT: Respond with exactly one word, ""Yes"" or ""No"". No explanation, no punctuation.

NOW DECIDE:
Phrase A is no_evident_not_perfect_welcome_at_1:30am_in_morning. Phrase B is customer_wait_10_minute_for_check-in.
Answer:
",No.
2026-08-10 23:07:36,3,245,no_evident_not_perfect_welcome_at_1:30am_in_morning,staff_misunderstand_on_payment,"You are checking arguments in an ABA (Assumption-Based Argumentation) framework built from hotel review mining.

BACKGROUND:
Phrase A is always an auto-derived ""Assumption"" — it defends a claim by asserting no counter-evidence
exists. It has one of two forms:
- ""no_evident_not_X"" → defends that X IS true (assumes no evidence proves X false)
- ""have_evident_no_Y"" → defends that Y IS absent (assumes there IS evidence Y is missing)

Phrase B is a candidate ""Proposition"" — a separate fact mined from another part of the review data.

TASK: Decide whether Phrase B is CONTRARY to Phrase A — meaning: if Phrase B is true, does it act as
the counter-evidence that breaks Phrase A's assumption?

RULES (apply in order):
1. Strip the ""no_evident_not_"" or ""have_evident_"" prefix from Phrase A to recover the underlying claim.
2. Ask: does Phrase B describe a concrete fact that, if true, disproves that claim?
3. Phrase B must be about the SAME specific situation as the claim, not merely the same general topic.
   A different specific complaint about the same topic is usually NOT contrary.
4. Do not judge by shared keywords (e.g. both containing ""not"" or ""no"") — judge the meaning.
5. If B provides real counter-evidence against A's claim → Yes. Otherwise → No.

CONTRASTIVE EXAMPLES:

1) Phrase A is no_evident_not_easy_check-in. Phrase B is customer_wait_10_minute_for_greet.
   → Waiting 10 minutes to be greeted is direct evidence check-in was NOT easy. Answer: Yes

2) Phrase A is no_evident_not_easy_check-in. Phrase B is no_one_give_key_on_late_check-in.
   → This is about late check-in key handover, a different specific issue than check-in being easy. Answer: No

3) Phrase A is no_evident_not_great_quality. Phrase B is shampoo_seem_cheap_considering_hotel_cost.
   → Cheap-feeling shampoo for the price directly undercuts the ""great quality"" claim. Answer: Yes

4) Phrase A is no_evident_not_great_quality. Phrase B is expensive_hotel.
   → ""Expensive"" is a price complaint, not evidence about quality. Answer: No

5) Phrase A is no_evident_not_helpful_staff. Phrase B is not_kind_staff.
   → ""Not kind"" is a distinct complaint (attitude) from ""not helpful"" (competence/assistance) —
     it does not itself prove staff were unhelpful. Answer: No

OUTPUT FORMAT: Respond with exactly one word, ""Yes"" or ""No"". No explanation, no punctuation.

NOW DECIDE:
Phrase A is no_evident_not_perfect_welcome_at_1:30am_in_morning. Phrase B is staff_misunderstand_on_payment.
Answer:
",Yes
2026-08-10 23:07:36,3,246,no_evident_not_perfect_welcome_at_1:30am_in_morning,staff_take_picture_of_passport,"You are checking arguments in an ABA (Assumption-Based Argumentation) framework built from hotel review mining.

BACKGROUND:
Phrase A is always an auto-derived ""Assumption"" — it defends a claim by asserting no counter-evidence
exists. It has one of two forms:
- ""no_evident_not_X"" → defends that X IS true (assumes no evidence proves X false)
- ""have_evident_no_Y"" → defends that Y IS absent (assumes there IS evidence Y is missing)

Phrase B is a candidate ""Proposition"" — a separate fact mined from another part of the review data.

TASK: Decide whether Phrase B is CONTRARY to Phrase A — meaning: if Phrase B is true, does it act as
the counter-evidence that breaks Phrase A's assumption?

RULES (apply in order):
1. Strip the ""no_evident_not_"" or ""have_evident_"" prefix from Phrase A to recover the underlying claim.
2. Ask: does Phrase B describe a concrete fact that, if true, disproves that claim?
3. Phrase B must be about the SAME specific situation as the claim, not merely the same general topic.
   A different specific complaint about the same topic is usually NOT contrary.
4. Do not judge by shared keywords (e.g. both containing ""not"" or ""no"") — judge the meaning.
5. If B provides real counter-evidence against A's claim → Yes. Otherwise → No.

CONTRASTIVE EXAMPLES:

1) Phrase A is no_evident_not_easy_check-in. Phrase B is customer_wait_10_minute_for_greet.
   → Waiting 10 minutes to be greeted is direct evidence check-in was NOT easy. Answer: Yes

2) Phrase A is no_evident_not_easy_check-in. Phrase B is no_one_give_key_on_late_check-in.
   → This is about late check-in key handover, a different specific issue than check-in being easy. Answer: No

3) Phrase A is no_evident_not_great_quality. Phrase B is shampoo_seem_cheap_considering_hotel_cost.
   → Cheap-feeling shampoo for the price directly undercuts the ""great quality"" claim. Answer: Yes

4) Phrase A is no_evident_not_great_quality. Phrase B is expensive_hotel.
   → ""Expensive"" is a price complaint, not evidence about quality. Answer: No

5) Phrase A is no_evident_not_helpful_staff. Phrase B is not_kind_staff.
   → ""Not kind"" is a distinct complaint (attitude) from ""not helpful"" (competence/assistance) —
     it does not itself prove staff were unhelpful. Answer: No

OUTPUT FORMAT: Respond with exactly one word, ""Yes"" or ""No"". No explanation, no punctuation.

NOW DECIDE:
Phrase A is no_evident_not_perfect_welcome_at_1:30am_in_morning. Phrase B is staff_take_picture_of_passport.
Answer:
",No.
2026-08-10 23:07:36,3,247,no_evident_not_can_check-in_at_4am,no_one_give_key_on_late_check-in,"You are checking arguments in an ABA (Assumption-Based Argumentation) framework built from hotel review mining.

BACKGROUND:
Phrase A is always an auto-derived ""Assumption"" — it defends a claim by asserting no counter-evidence
exists. It has one of two forms:
- ""no_evident_not_X"" → defends that X IS true (assumes no evidence proves X false)
- ""have_evident_no_Y"" → defends that Y IS absent (assumes there IS evidence Y is missing)

Phrase B is a candidate ""Proposition"" — a separate fact mined from another part of the review data.

TASK: Decide whether Phrase B is CONTRARY to Phrase A — meaning: if Phrase B is true, does it act as
the counter-evidence that breaks Phrase A's assumption?

RULES (apply in order):
1. Strip the ""no_evident_not_"" or ""have_evident_"" prefix from Phrase A to recover the underlying claim.
2. Ask: does Phrase B describe a concrete fact that, if true, disproves that claim?
3. Phrase B must be about the SAME specific situation as the claim, not merely the same general topic.
   A different specific complaint about the same topic is usually NOT contrary.
4. Do not judge by shared keywords (e.g. both containing ""not"" or ""no"") — judge the meaning.
5. If B provides real counter-evidence against A's claim → Yes. Otherwise → No.

CONTRASTIVE EXAMPLES:

1) Phrase A is no_evident_not_easy_check-in. Phrase B is customer_wait_10_minute_for_greet.
   → Waiting 10 minutes to be greeted is direct evidence check-in was NOT easy. Answer: Yes

2) Phrase A is no_evident_not_easy_check-in. Phrase B is no_one_give_key_on_late_check-in.
   → This is about late check-in key handover, a different specific issue than check-in being easy. Answer: No

3) Phrase A is no_evident_not_great_quality. Phrase B is shampoo_seem_cheap_considering_hotel_cost.
   → Cheap-feeling shampoo for the price directly undercuts the ""great quality"" claim. Answer: Yes

4) Phrase A is no_evident_not_great_quality. Phrase B is expensive_hotel.
   → ""Expensive"" is a price complaint, not evidence about quality. Answer: No

5) Phrase A is no_evident_not_helpful_staff. Phrase B is not_kind_staff.
   → ""Not kind"" is a distinct complaint (attitude) from ""not helpful"" (competence/assistance) —
     it does not itself prove staff were unhelpful. Answer: No

OUTPUT FORMAT: Respond with exactly one word, ""Yes"" or ""No"". No explanation, no punctuation.

NOW DECIDE:
Phrase A is no_evident_not_can_check-in_at_4am. Phrase B is no_one_give_key_on_late_check-in.
Answer:
",Yes
2026-08-10 23:07:36,3,248,no_evident_not_can_check-in_at_4am,door_lock_on_late_check-in,"You are checking arguments in an ABA (Assumption-Based Argumentation) framework built from hotel review mining.

BACKGROUND:
Phrase A is always an auto-derived ""Assumption"" — it defends a claim by asserting no counter-evidence
exists. It has one of two forms:
- ""no_evident_not_X"" → defends that X IS true (assumes no evidence proves X false)
- ""have_evident_no_Y"" → defends that Y IS absent (assumes there IS evidence Y is missing)

Phrase B is a candidate ""Proposition"" — a separate fact mined from another part of the review data.

TASK: Decide whether Phrase B is CONTRARY to Phrase A — meaning: if Phrase B is true, does it act as
the counter-evidence that breaks Phrase A's assumption?

RULES (apply in order):
1. Strip the ""no_evident_not_"" or ""have_evident_"" prefix from Phrase A to recover the underlying claim.
2. Ask: does Phrase B describe a concrete fact that, if true, disproves that claim?
3. Phrase B must be about the SAME specific situation as the claim, not merely the same general topic.
   A different specific complaint about the same topic is usually NOT contrary.
4. Do not judge by shared keywords (e.g. both containing ""not"" or ""no"") — judge the meaning.
5. If B provides real counter-evidence against A's claim → Yes. Otherwise → No.

CONTRASTIVE EXAMPLES:

1) Phrase A is no_evident_not_easy_check-in. Phrase B is customer_wait_10_minute_for_greet.
   → Waiting 10 minutes to be greeted is direct evidence check-in was NOT easy. Answer: Yes

2) Phrase A is no_evident_not_easy_check-in. Phrase B is no_one_give_key_on_late_check-in.
   → This is about late check-in key handover, a different specific issue than check-in being easy. Answer: No

3) Phrase A is no_evident_not_great_quality. Phrase B is shampoo_seem_cheap_considering_hotel_cost.
   → Cheap-feeling shampoo for the price directly undercuts the ""great quality"" claim. Answer: Yes

4) Phrase A is no_evident_not_great_quality. Phrase B is expensive_hotel.
   → ""Expensive"" is a price complaint, not evidence about quality. Answer: No

5) Phrase A is no_evident_not_helpful_staff. Phrase B is not_kind_staff.
   → ""Not kind"" is a distinct complaint (attitude) from ""not helpful"" (competence/assistance) —
     it does not itself prove staff were unhelpful. Answer: No

OUTPUT FORMAT: Respond with exactly one word, ""Yes"" or ""No"". No explanation, no punctuation.

NOW DECIDE:
Phrase A is no_evident_not_can_check-in_at_4am. Phrase B is door_lock_on_late_check-in.
Answer:
",No.
2026-08-10 23:07:36,3,249,no_evident_not_can_check-in_at_4am,customer_wait_10_minute_for_greet,"You are checking arguments in an ABA (Assumption-Based Argumentation) framework built from hotel review mining.

BACKGROUND:
Phrase A is always an auto-derived ""Assumption"" — it defends a claim by asserting no counter-evidence
exists. It has one of two forms:
- ""no_evident_not_X"" → defends that X IS true (assumes no evidence proves X false)
- ""have_evident_no_Y"" → defends that Y IS absent (assumes there IS evidence Y is missing)

Phrase B is a candidate ""Proposition"" — a separate fact mined from another part of the review data.

TASK: Decide whether Phrase B is CONTRARY to Phrase A — meaning: if Phrase B is true, does it act as
the counter-evidence that breaks Phrase A's assumption?

RULES (apply in order):
1. Strip the ""no_evident_not_"" or ""have_evident_"" prefix from Phrase A to recover the underlying claim.
2. Ask: does Phrase B describe a concrete fact that, if true, disproves that claim?
3. Phrase B must be about the SAME specific situation as the claim, not merely the same general topic.
   A different specific complaint about the same topic is usually NOT contrary.
4. Do not judge by shared keywords (e.g. both containing ""not"" or ""no"") — judge the meaning.
5. If B provides real counter-evidence against A's claim → Yes. Otherwise → No.

CONTRASTIVE EXAMPLES:

1) Phrase A is no_evident_not_easy_check-in. Phrase B is customer_wait_10_minute_for_greet.
   → Waiting 10 minutes to be greeted is direct evidence check-in was NOT easy. Answer: Yes

2) Phrase A is no_evident_not_easy_check-in. Phrase B is no_one_give_key_on_late_check-in.
   → This is about late check-in key handover, a different specific issue than check-in being easy. Answer: No

3) Phrase A is no_evident_not_great_quality. Phrase B is shampoo_seem_cheap_considering_hotel_cost.
   → Cheap-feeling shampoo for the price directly undercuts the ""great quality"" claim. Answer: Yes

4) Phrase A is no_evident_not_great_quality. Phrase B is expensive_hotel.
   → ""Expensive"" is a price complaint, not evidence about quality. Answer: No

5) Phrase A is no_evident_not_helpful_staff. Phrase B is not_kind_staff.
   → ""Not kind"" is a distinct complaint (attitude) from ""not helpful"" (competence/assistance) —
     it does not itself prove staff were unhelpful. Answer: No

OUTPUT FORMAT: Respond with exactly one word, ""Yes"" or ""No"". No explanation, no punctuation.

NOW DECIDE:
Phrase A is no_evident_not_can_check-in_at_4am. Phrase B is customer_wait_10_minute_for_greet.
Answer:
",Yes
2026-08-10 23:07:37,3,250,no_evident_not_can_check-in_at_4am,customer_wait_10_minute_for_check-in,"You are checking arguments in an ABA (Assumption-Based Argumentation) framework built from hotel review mining.

BACKGROUND:
Phrase A is always an auto-derived ""Assumption"" — it defends a claim by asserting no counter-evidence
exists. It has one of two forms:
- ""no_evident_not_X"" → defends that X IS true (assumes no evidence proves X false)
- ""have_evident_no_Y"" → defends that Y IS absent (assumes there IS evidence Y is missing)

Phrase B is a candidate ""Proposition"" — a separate fact mined from another part of the review data.

TASK: Decide whether Phrase B is CONTRARY to Phrase A — meaning: if Phrase B is true, does it act as
the counter-evidence that breaks Phrase A's assumption?

RULES (apply in order):
1. Strip the ""no_evident_not_"" or ""have_evident_"" prefix from Phrase A to recover the underlying claim.
2. Ask: does Phrase B describe a concrete fact that, if true, disproves that claim?
3. Phrase B must be about the SAME specific situation as the claim, not merely the same general topic.
   A different specific complaint about the same topic is usually NOT contrary.
4. Do not judge by shared keywords (e.g. both containing ""not"" or ""no"") — judge the meaning.
5. If B provides real counter-evidence against A's claim → Yes. Otherwise → No.

CONTRASTIVE EXAMPLES:

1) Phrase A is no_evident_not_easy_check-in. Phrase B is customer_wait_10_minute_for_greet.
   → Waiting 10 minutes to be greeted is direct evidence check-in was NOT easy. Answer: Yes

2) Phrase A is no_evident_not_easy_check-in. Phrase B is no_one_give_key_on_late_check-in.
   → This is about late check-in key handover, a different specific issue than check-in being easy. Answer: No

3) Phrase A is no_evident_not_great_quality. Phrase B is shampoo_seem_cheap_considering_hotel_cost.
   → Cheap-feeling shampoo for the price directly undercuts the ""great quality"" claim. Answer: Yes

4) Phrase A is no_evident_not_great_quality. Phrase B is expensive_hotel.
   → ""Expensive"" is a price complaint, not evidence about quality. Answer: No

5) Phrase A is no_evident_not_helpful_staff. Phrase B is not_kind_staff.
   → ""Not kind"" is a distinct complaint (attitude) from ""not helpful"" (competence/assistance) —
     it does not itself prove staff were unhelpful. Answer: No

OUTPUT FORMAT: Respond with exactly one word, ""Yes"" or ""No"". No explanation, no punctuation.

NOW DECIDE:
Phrase A is no_evident_not_can_check-in_at_4am. Phrase B is customer_wait_10_minute_for_check-in.
Answer:
",No.
2026-08-10 23:07:37,3,251,no_evident_not_can_check-in_at_4am,staff_misunderstand_on_payment,"You are checking arguments in an ABA (Assumption-Based Argumentation) framework built from hotel review mining.

BACKGROUND:
Phrase A is always an auto-derived ""Assumption"" — it defends a claim by asserting no counter-evidence
exists. It has one of two forms:
- ""no_evident_not_X"" → defends that X IS true (assumes no evidence proves X false)
- ""have_evident_no_Y"" → defends that Y IS absent (assumes there IS evidence Y is missing)

Phrase B is a candidate ""Proposition"" — a separate fact mined from another part of the review data.

TASK: Decide whether Phrase B is CONTRARY to Phrase A — meaning: if Phrase B is true, does it act as
the counter-evidence that breaks Phrase A's assumption?

RULES (apply in order):
1. Strip the ""no_evident_not_"" or ""have_evident_"" prefix from Phrase A to recover the underlying claim.
2. Ask: does Phrase B describe a concrete fact that, if true, disproves that claim?
3. Phrase B must be about the SAME specific situation as the claim, not merely the same general topic.
   A different specific complaint about the same topic is usually NOT contrary.
4. Do not judge by shared keywords (e.g. both containing ""not"" or ""no"") — judge the meaning.
5. If B provides real counter-evidence against A's claim → Yes. Otherwise → No.

CONTRASTIVE EXAMPLES:

1) Phrase A is no_evident_not_easy_check-in. Phrase B is customer_wait_10_minute_for_greet.
   → Waiting 10 minutes to be greeted is direct evidence check-in was NOT easy. Answer: Yes

2) Phrase A is no_evident_not_easy_check-in. Phrase B is no_one_give_key_on_late_check-in.
   → This is about late check-in key handover, a different specific issue than check-in being easy. Answer: No

3) Phrase A is no_evident_not_great_quality. Phrase B is shampoo_seem_cheap_considering_hotel_cost.
   → Cheap-feeling shampoo for the price directly undercuts the ""great quality"" claim. Answer: Yes

4) Phrase A is no_evident_not_great_quality. Phrase B is expensive_hotel.
   → ""Expensive"" is a price complaint, not evidence about quality. Answer: No

5) Phrase A is no_evident_not_helpful_staff. Phrase B is not_kind_staff.
   → ""Not kind"" is a distinct complaint (attitude) from ""not helpful"" (competence/assistance) —
     it does not itself prove staff were unhelpful. Answer: No

OUTPUT FORMAT: Respond with exactly one word, ""Yes"" or ""No"". No explanation, no punctuation.

NOW DECIDE:
Phrase A is no_evident_not_can_check-in_at_4am. Phrase B is staff_misunderstand_on_payment.
Answer:
",No.
2026-08-10 23:07:37,3,252,no_evident_not_can_check-in_at_4am,staff_take_picture_of_passport,"You are checking arguments in an ABA (Assumption-Based Argumentation) framework built from hotel review mining.

BACKGROUND:
Phrase A is always an auto-derived ""Assumption"" — it defends a claim by asserting no counter-evidence
exists. It has one of two forms:
- ""no_evident_not_X"" → defends that X IS true (assumes no evidence proves X false)
- ""have_evident_no_Y"" → defends that Y IS absent (assumes there IS evidence Y is missing)

Phrase B is a candidate ""Proposition"" — a separate fact mined from another part of the review data.

TASK: Decide whether Phrase B is CONTRARY to Phrase A — meaning: if Phrase B is true, does it act as
the counter-evidence that breaks Phrase A's assumption?

RULES (apply in order):
1. Strip the ""no_evident_not_"" or ""have_evident_"" prefix from Phrase A to recover the underlying claim.
2. Ask: does Phrase B describe a concrete fact that, if true, disproves that claim?
3. Phrase B must be about the SAME specific situation as the claim, not merely the same general topic.
   A different specific complaint about the same topic is usually NOT contrary.
4. Do not judge by shared keywords (e.g. both containing ""not"" or ""no"") — judge the meaning.
5. If B provides real counter-evidence against A's claim → Yes. Otherwise → No.

CONTRASTIVE EXAMPLES:

1) Phrase A is no_evident_not_easy_check-in. Phrase B is customer_wait_10_minute_for_greet.
   → Waiting 10 minutes to be greeted is direct evidence check-in was NOT easy. Answer: Yes

2) Phrase A is no_evident_not_easy_check-in. Phrase B is no_one_give_key_on_late_check-in.
   → This is about late check-in key handover, a different specific issue than check-in being easy. Answer: No

3) Phrase A is no_evident_not_great_quality. Phrase B is shampoo_seem_cheap_considering_hotel_cost.
   → Cheap-feeling shampoo for the price directly undercuts the ""great quality"" claim. Answer: Yes

4) Phrase A is no_evident_not_great_quality. Phrase B is expensive_hotel.
   → ""Expensive"" is a price complaint, not evidence about quality. Answer: No

5) Phrase A is no_evident_not_helpful_staff. Phrase B is not_kind_staff.
   → ""Not kind"" is a distinct complaint (attitude) from ""not helpful"" (competence/assistance) —
     it does not itself prove staff were unhelpful. Answer: No

OUTPUT FORMAT: Respond with exactly one word, ""Yes"" or ""No"". No explanation, no punctuation.

NOW DECIDE:
Phrase A is no_evident_not_can_check-in_at_4am. Phrase B is staff_take_picture_of_passport.
Answer:
",No.
