Timestamp,Run,ID,PhraseA,PhraseB,Prompt,RawOutput
2026-08-16 22:51:33,3,1747,have_evident_low_doorway_leading_to_elevator,not_easy_parking,"Complete the sentence by filling in the blank with exactly one word: Yes or No.

Template: ""Phrase A assumes no counter-evidence against its claim. Phrase B is a separate fact.
B breaks A's assumption? Fill in the blank: ____""

Example 1:
Phrase A assumes no counter-evidence against its claim: no_evident_not_easy_check-in.
Phrase B is a separate fact: customer_wait_10_minute_for_greet.
B breaks A's assumption? Fill in the blank: Yes

Example 2:
Phrase A assumes no counter-evidence against its claim: no_evident_not_easy_check-in.
Phrase B is a separate fact: no_one_give_key_on_late_check-in.
B breaks A's assumption? Fill in the blank: No

Example 3:
Phrase A assumes no counter-evidence against its claim: no_evident_not_helpful_staff.
Phrase B is a separate fact: staff_not_speak_English_properly.
B breaks A's assumption? Fill in the blank: Yes

Example 4:
Phrase A assumes no counter-evidence against its claim: no_evident_not_helpful_staff.
Phrase B is a separate fact: not_kind_staff.
B breaks A's assumption? Fill in the blank: No

Now complete the blank for this pair. Output ONLY the missing word (Yes or No), nothing else.

Phrase A assumes no counter-evidence against its claim: have_evident_low_doorway_leading_to_elevator.
Phrase B is a separate fact: not_easy_parking.
B breaks A's assumption? Fill in the blank:
",No
2026-08-16 22:51:33,3,4145,have_evident_young_hotel,pool_close,"Complete the sentence by filling in the blank with exactly one word: Yes or No.

Template: ""Phrase A assumes no counter-evidence against its claim. Phrase B is a separate fact.
B breaks A's assumption? Fill in the blank: ____""

Example 1:
Phrase A assumes no counter-evidence against its claim: no_evident_not_easy_check-in.
Phrase B is a separate fact: customer_wait_10_minute_for_greet.
B breaks A's assumption? Fill in the blank: Yes

Example 2:
Phrase A assumes no counter-evidence against its claim: no_evident_not_easy_check-in.
Phrase B is a separate fact: no_one_give_key_on_late_check-in.
B breaks A's assumption? Fill in the blank: No

Example 3:
Phrase A assumes no counter-evidence against its claim: no_evident_not_helpful_staff.
Phrase B is a separate fact: staff_not_speak_English_properly.
B breaks A's assumption? Fill in the blank: Yes

Example 4:
Phrase A assumes no counter-evidence against its claim: no_evident_not_helpful_staff.
Phrase B is a separate fact: not_kind_staff.
B breaks A's assumption? Fill in the blank: No

Now complete the blank for this pair. Output ONLY the missing word (Yes or No), nothing else.

Phrase A assumes no counter-evidence against its claim: have_evident_young_hotel.
Phrase B is a separate fact: pool_close.
B breaks A's assumption? Fill in the blank:
",No
2026-08-16 22:51:34,3,564,have_evident_nothing_to_do,head_bump_doorway,"Complete the sentence by filling in the blank with exactly one word: Yes or No.

Template: ""Phrase A assumes no counter-evidence against its claim. Phrase B is a separate fact.
B breaks A's assumption? Fill in the blank: ____""

Example 1:
Phrase A assumes no counter-evidence against its claim: no_evident_not_easy_check-in.
Phrase B is a separate fact: customer_wait_10_minute_for_greet.
B breaks A's assumption? Fill in the blank: Yes

Example 2:
Phrase A assumes no counter-evidence against its claim: no_evident_not_easy_check-in.
Phrase B is a separate fact: no_one_give_key_on_late_check-in.
B breaks A's assumption? Fill in the blank: No

Example 3:
Phrase A assumes no counter-evidence against its claim: no_evident_not_helpful_staff.
Phrase B is a separate fact: staff_not_speak_English_properly.
B breaks A's assumption? Fill in the blank: Yes

Example 4:
Phrase A assumes no counter-evidence against its claim: no_evident_not_helpful_staff.
Phrase B is a separate fact: not_kind_staff.
B breaks A's assumption? Fill in the blank: No

Now complete the blank for this pair. Output ONLY the missing word (Yes or No), nothing else.

Phrase A assumes no counter-evidence against its claim: have_evident_nothing_to_do.
Phrase B is a separate fact: head_bump_doorway.
B breaks A's assumption? Fill in the blank:
",No.
2026-08-16 22:51:34,3,2173,have_evident_limited_parking,not_EU_regulation_ramp,"Complete the sentence by filling in the blank with exactly one word: Yes or No.

Template: ""Phrase A assumes no counter-evidence against its claim. Phrase B is a separate fact.
B breaks A's assumption? Fill in the blank: ____""

Example 1:
Phrase A assumes no counter-evidence against its claim: no_evident_not_easy_check-in.
Phrase B is a separate fact: customer_wait_10_minute_for_greet.
B breaks A's assumption? Fill in the blank: Yes

Example 2:
Phrase A assumes no counter-evidence against its claim: no_evident_not_easy_check-in.
Phrase B is a separate fact: no_one_give_key_on_late_check-in.
B breaks A's assumption? Fill in the blank: No

Example 3:
Phrase A assumes no counter-evidence against its claim: no_evident_not_helpful_staff.
Phrase B is a separate fact: staff_not_speak_English_properly.
B breaks A's assumption? Fill in the blank: Yes

Example 4:
Phrase A assumes no counter-evidence against its claim: no_evident_not_helpful_staff.
Phrase B is a separate fact: not_kind_staff.
B breaks A's assumption? Fill in the blank: No

Now complete the blank for this pair. Output ONLY the missing word (Yes or No), nothing else.

Phrase A assumes no counter-evidence against its claim: have_evident_limited_parking.
Phrase B is a separate fact: not_EU_regulation_ramp.
B breaks A's assumption? Fill in the blank:
",No
2026-08-16 22:51:34,3,4405,have_evident_not_encourage_to_use_deckchair,limited_facility,"Complete the sentence by filling in the blank with exactly one word: Yes or No.

Template: ""Phrase A assumes no counter-evidence against its claim. Phrase B is a separate fact.
B breaks A's assumption? Fill in the blank: ____""

Example 1:
Phrase A assumes no counter-evidence against its claim: no_evident_not_easy_check-in.
Phrase B is a separate fact: customer_wait_10_minute_for_greet.
B breaks A's assumption? Fill in the blank: Yes

Example 2:
Phrase A assumes no counter-evidence against its claim: no_evident_not_easy_check-in.
Phrase B is a separate fact: no_one_give_key_on_late_check-in.
B breaks A's assumption? Fill in the blank: No

Example 3:
Phrase A assumes no counter-evidence against its claim: no_evident_not_helpful_staff.
Phrase B is a separate fact: staff_not_speak_English_properly.
B breaks A's assumption? Fill in the blank: Yes

Example 4:
Phrase A assumes no counter-evidence against its claim: no_evident_not_helpful_staff.
Phrase B is a separate fact: not_kind_staff.
B breaks A's assumption? Fill in the blank: No

Now complete the blank for this pair. Output ONLY the missing word (Yes or No), nothing else.

Phrase A assumes no counter-evidence against its claim: have_evident_not_encourage_to_use_deckchair.
Phrase B is a separate fact: limited_facility.
B breaks A's assumption? Fill in the blank:
",No
2026-08-16 22:51:34,3,1086,have_evident_no_safety_strip_on_stair,main_door_not_close,"Complete the sentence by filling in the blank with exactly one word: Yes or No.

Template: ""Phrase A assumes no counter-evidence against its claim. Phrase B is a separate fact.
B breaks A's assumption? Fill in the blank: ____""

Example 1:
Phrase A assumes no counter-evidence against its claim: no_evident_not_easy_check-in.
Phrase B is a separate fact: customer_wait_10_minute_for_greet.
B breaks A's assumption? Fill in the blank: Yes

Example 2:
Phrase A assumes no counter-evidence against its claim: no_evident_not_easy_check-in.
Phrase B is a separate fact: no_one_give_key_on_late_check-in.
B breaks A's assumption? Fill in the blank: No

Example 3:
Phrase A assumes no counter-evidence against its claim: no_evident_not_helpful_staff.
Phrase B is a separate fact: staff_not_speak_English_properly.
B breaks A's assumption? Fill in the blank: Yes

Example 4:
Phrase A assumes no counter-evidence against its claim: no_evident_not_helpful_staff.
Phrase B is a separate fact: not_kind_staff.
B breaks A's assumption? Fill in the blank: No

Now complete the blank for this pair. Output ONLY the missing word (Yes or No), nothing else.

Phrase A assumes no counter-evidence against its claim: have_evident_no_safety_strip_on_stair.
Phrase B is a separate fact: main_door_not_close.
B breaks A's assumption? Fill in the blank:
",No
2026-08-16 22:51:34,3,2860,have_evident_feel_cold_inviting,badly_maintain_hotel_installation,"Complete the sentence by filling in the blank with exactly one word: Yes or No.

Template: ""Phrase A assumes no counter-evidence against its claim. Phrase B is a separate fact.
B breaks A's assumption? Fill in the blank: ____""

Example 1:
Phrase A assumes no counter-evidence against its claim: no_evident_not_easy_check-in.
Phrase B is a separate fact: customer_wait_10_minute_for_greet.
B breaks A's assumption? Fill in the blank: Yes

Example 2:
Phrase A assumes no counter-evidence against its claim: no_evident_not_easy_check-in.
Phrase B is a separate fact: no_one_give_key_on_late_check-in.
B breaks A's assumption? Fill in the blank: No

Example 3:
Phrase A assumes no counter-evidence against its claim: no_evident_not_helpful_staff.
Phrase B is a separate fact: staff_not_speak_English_properly.
B breaks A's assumption? Fill in the blank: Yes

Example 4:
Phrase A assumes no counter-evidence against its claim: no_evident_not_helpful_staff.
Phrase B is a separate fact: not_kind_staff.
B breaks A's assumption? Fill in the blank: No

Now complete the blank for this pair. Output ONLY the missing word (Yes or No), nothing else.

Phrase A assumes no counter-evidence against its claim: have_evident_feel_cold_inviting.
Phrase B is a separate fact: badly_maintain_hotel_installation.
B breaks A's assumption? Fill in the blank:
",No
2026-08-16 22:51:34,3,2002,have_evident_steep_ramp,better_remove_pool_photo,"Complete the sentence by filling in the blank with exactly one word: Yes or No.

Template: ""Phrase A assumes no counter-evidence against its claim. Phrase B is a separate fact.
B breaks A's assumption? Fill in the blank: ____""

Example 1:
Phrase A assumes no counter-evidence against its claim: no_evident_not_easy_check-in.
Phrase B is a separate fact: customer_wait_10_minute_for_greet.
B breaks A's assumption? Fill in the blank: Yes

Example 2:
Phrase A assumes no counter-evidence against its claim: no_evident_not_easy_check-in.
Phrase B is a separate fact: no_one_give_key_on_late_check-in.
B breaks A's assumption? Fill in the blank: No

Example 3:
Phrase A assumes no counter-evidence against its claim: no_evident_not_helpful_staff.
Phrase B is a separate fact: staff_not_speak_English_properly.
B breaks A's assumption? Fill in the blank: Yes

Example 4:
Phrase A assumes no counter-evidence against its claim: no_evident_not_helpful_staff.
Phrase B is a separate fact: not_kind_staff.
B breaks A's assumption? Fill in the blank: No

Now complete the blank for this pair. Output ONLY the missing word (Yes or No), nothing else.

Phrase A assumes no counter-evidence against its claim: have_evident_steep_ramp.
Phrase B is a separate fact: better_remove_pool_photo.
B breaks A's assumption? Fill in the blank:
",No
2026-08-16 22:51:35,3,3028,have_evident_badly_maintain_hotel_installation,not_convenient_parking,"Complete the sentence by filling in the blank with exactly one word: Yes or No.

Template: ""Phrase A assumes no counter-evidence against its claim. Phrase B is a separate fact.
B breaks A's assumption? Fill in the blank: ____""

Example 1:
Phrase A assumes no counter-evidence against its claim: no_evident_not_easy_check-in.
Phrase B is a separate fact: customer_wait_10_minute_for_greet.
B breaks A's assumption? Fill in the blank: Yes

Example 2:
Phrase A assumes no counter-evidence against its claim: no_evident_not_easy_check-in.
Phrase B is a separate fact: no_one_give_key_on_late_check-in.
B breaks A's assumption? Fill in the blank: No

Example 3:
Phrase A assumes no counter-evidence against its claim: no_evident_not_helpful_staff.
Phrase B is a separate fact: staff_not_speak_English_properly.
B breaks A's assumption? Fill in the blank: Yes

Example 4:
Phrase A assumes no counter-evidence against its claim: no_evident_not_helpful_staff.
Phrase B is a separate fact: not_kind_staff.
B breaks A's assumption? Fill in the blank: No

Now complete the blank for this pair. Output ONLY the missing word (Yes or No), nothing else.

Phrase A assumes no counter-evidence against its claim: have_evident_badly_maintain_hotel_installation.
Phrase B is a separate fact: not_convenient_parking.
B breaks A's assumption? Fill in the blank:
",No
2026-08-16 22:51:35,3,2335,have_evident_no_designated_parking,old_furniture,"Complete the sentence by filling in the blank with exactly one word: Yes or No.

Template: ""Phrase A assumes no counter-evidence against its claim. Phrase B is a separate fact.
B breaks A's assumption? Fill in the blank: ____""

Example 1:
Phrase A assumes no counter-evidence against its claim: no_evident_not_easy_check-in.
Phrase B is a separate fact: customer_wait_10_minute_for_greet.
B breaks A's assumption? Fill in the blank: Yes

Example 2:
Phrase A assumes no counter-evidence against its claim: no_evident_not_easy_check-in.
Phrase B is a separate fact: no_one_give_key_on_late_check-in.
B breaks A's assumption? Fill in the blank: No

Example 3:
Phrase A assumes no counter-evidence against its claim: no_evident_not_helpful_staff.
Phrase B is a separate fact: staff_not_speak_English_properly.
B breaks A's assumption? Fill in the blank: Yes

Example 4:
Phrase A assumes no counter-evidence against its claim: no_evident_not_helpful_staff.
Phrase B is a separate fact: not_kind_staff.
B breaks A's assumption? Fill in the blank: No

Now complete the blank for this pair. Output ONLY the missing word (Yes or No), nothing else.

Phrase A assumes no counter-evidence against its claim: have_evident_no_designated_parking.
Phrase B is a separate fact: old_furniture.
B breaks A's assumption? Fill in the blank:
",No
2026-08-16 22:51:35,3,1293,have_evident_not_much_parking,not_much_parking,"Complete the sentence by filling in the blank with exactly one word: Yes or No.

Template: ""Phrase A assumes no counter-evidence against its claim. Phrase B is a separate fact.
B breaks A's assumption? Fill in the blank: ____""

Example 1:
Phrase A assumes no counter-evidence against its claim: no_evident_not_easy_check-in.
Phrase B is a separate fact: customer_wait_10_minute_for_greet.
B breaks A's assumption? Fill in the blank: Yes

Example 2:
Phrase A assumes no counter-evidence against its claim: no_evident_not_easy_check-in.
Phrase B is a separate fact: no_one_give_key_on_late_check-in.
B breaks A's assumption? Fill in the blank: No

Example 3:
Phrase A assumes no counter-evidence against its claim: no_evident_not_helpful_staff.
Phrase B is a separate fact: staff_not_speak_English_properly.
B breaks A's assumption? Fill in the blank: Yes

Example 4:
Phrase A assumes no counter-evidence against its claim: no_evident_not_helpful_staff.
Phrase B is a separate fact: not_kind_staff.
B breaks A's assumption? Fill in the blank: No

Now complete the blank for this pair. Output ONLY the missing word (Yes or No), nothing else.

Phrase A assumes no counter-evidence against its claim: have_evident_not_much_parking.
Phrase B is a separate fact: not_much_parking.
B breaks A's assumption? Fill in the blank:
",No.
2026-08-16 22:51:35,3,3590,have_evident_elevator_need_cleaning,no_bar_on_off_season,"Complete the sentence by filling in the blank with exactly one word: Yes or No.

Template: ""Phrase A assumes no counter-evidence against its claim. Phrase B is a separate fact.
B breaks A's assumption? Fill in the blank: ____""

Example 1:
Phrase A assumes no counter-evidence against its claim: no_evident_not_easy_check-in.
Phrase B is a separate fact: customer_wait_10_minute_for_greet.
B breaks A's assumption? Fill in the blank: Yes

Example 2:
Phrase A assumes no counter-evidence against its claim: no_evident_not_easy_check-in.
Phrase B is a separate fact: no_one_give_key_on_late_check-in.
B breaks A's assumption? Fill in the blank: No

Example 3:
Phrase A assumes no counter-evidence against its claim: no_evident_not_helpful_staff.
Phrase B is a separate fact: staff_not_speak_English_properly.
B breaks A's assumption? Fill in the blank: Yes

Example 4:
Phrase A assumes no counter-evidence against its claim: no_evident_not_helpful_staff.
Phrase B is a separate fact: not_kind_staff.
B breaks A's assumption? Fill in the blank: No

Now complete the blank for this pair. Output ONLY the missing word (Yes or No), nothing else.

Phrase A assumes no counter-evidence against its claim: have_evident_elevator_need_cleaning.
Phrase B is a separate fact: no_bar_on_off_season.
B breaks A's assumption? Fill in the blank:
",No
2026-08-16 22:51:35,3,4451,have_evident_not_encourage_to_use_billiard,not_EU_regulation_ramp,"Complete the sentence by filling in the blank with exactly one word: Yes or No.

Template: ""Phrase A assumes no counter-evidence against its claim. Phrase B is a separate fact.
B breaks A's assumption? Fill in the blank: ____""

Example 1:
Phrase A assumes no counter-evidence against its claim: no_evident_not_easy_check-in.
Phrase B is a separate fact: customer_wait_10_minute_for_greet.
B breaks A's assumption? Fill in the blank: Yes

Example 2:
Phrase A assumes no counter-evidence against its claim: no_evident_not_easy_check-in.
Phrase B is a separate fact: no_one_give_key_on_late_check-in.
B breaks A's assumption? Fill in the blank: No

Example 3:
Phrase A assumes no counter-evidence against its claim: no_evident_not_helpful_staff.
Phrase B is a separate fact: staff_not_speak_English_properly.
B breaks A's assumption? Fill in the blank: Yes

Example 4:
Phrase A assumes no counter-evidence against its claim: no_evident_not_helpful_staff.
Phrase B is a separate fact: not_kind_staff.
B breaks A's assumption? Fill in the blank: No

Now complete the blank for this pair. Output ONLY the missing word (Yes or No), nothing else.

Phrase A assumes no counter-evidence against its claim: have_evident_not_encourage_to_use_billiard.
Phrase B is a separate fact: not_EU_regulation_ramp.
B breaks A's assumption? Fill in the blank:
",No
2026-08-16 22:51:35,3,2479,have_evident_issue_with_internet,not_encourage_to_use_billiard,"Complete the sentence by filling in the blank with exactly one word: Yes or No.

Template: ""Phrase A assumes no counter-evidence against its claim. Phrase B is a separate fact.
B breaks A's assumption? Fill in the blank: ____""

Example 1:
Phrase A assumes no counter-evidence against its claim: no_evident_not_easy_check-in.
Phrase B is a separate fact: customer_wait_10_minute_for_greet.
B breaks A's assumption? Fill in the blank: Yes

Example 2:
Phrase A assumes no counter-evidence against its claim: no_evident_not_easy_check-in.
Phrase B is a separate fact: no_one_give_key_on_late_check-in.
B breaks A's assumption? Fill in the blank: No

Example 3:
Phrase A assumes no counter-evidence against its claim: no_evident_not_helpful_staff.
Phrase B is a separate fact: staff_not_speak_English_properly.
B breaks A's assumption? Fill in the blank: Yes

Example 4:
Phrase A assumes no counter-evidence against its claim: no_evident_not_helpful_staff.
Phrase B is a separate fact: not_kind_staff.
B breaks A's assumption? Fill in the blank: No

Now complete the blank for this pair. Output ONLY the missing word (Yes or No), nothing else.

Phrase A assumes no counter-evidence against its claim: have_evident_issue_with_internet.
Phrase B is a separate fact: not_encourage_to_use_billiard.
B breaks A's assumption? Fill in the blank:
",No
2026-08-16 22:51:35,3,4334,have_evident_not_encourage_to_use_swimming_pool,badly_maintain_hotel_installation,"Complete the sentence by filling in the blank with exactly one word: Yes or No.

Template: ""Phrase A assumes no counter-evidence against its claim. Phrase B is a separate fact.
B breaks A's assumption? Fill in the blank: ____""

Example 1:
Phrase A assumes no counter-evidence against its claim: no_evident_not_easy_check-in.
Phrase B is a separate fact: customer_wait_10_minute_for_greet.
B breaks A's assumption? Fill in the blank: Yes

Example 2:
Phrase A assumes no counter-evidence against its claim: no_evident_not_easy_check-in.
Phrase B is a separate fact: no_one_give_key_on_late_check-in.
B breaks A's assumption? Fill in the blank: No

Example 3:
Phrase A assumes no counter-evidence against its claim: no_evident_not_helpful_staff.
Phrase B is a separate fact: staff_not_speak_English_properly.
B breaks A's assumption? Fill in the blank: Yes

Example 4:
Phrase A assumes no counter-evidence against its claim: no_evident_not_helpful_staff.
Phrase B is a separate fact: not_kind_staff.
B breaks A's assumption? Fill in the blank: No

Now complete the blank for this pair. Output ONLY the missing word (Yes or No), nothing else.

Phrase A assumes no counter-evidence against its claim: have_evident_not_encourage_to_use_swimming_pool.
Phrase B is a separate fact: badly_maintain_hotel_installation.
B breaks A's assumption? Fill in the blank:
",No
2026-08-16 22:51:35,3,65,have_evident_not_big_hotel,not_encourage_to_use_swimming_pool,"Complete the sentence by filling in the blank with exactly one word: Yes or No.

Template: ""Phrase A assumes no counter-evidence against its claim. Phrase B is a separate fact.
B breaks A's assumption? Fill in the blank: ____""

Example 1:
Phrase A assumes no counter-evidence against its claim: no_evident_not_easy_check-in.
Phrase B is a separate fact: customer_wait_10_minute_for_greet.
B breaks A's assumption? Fill in the blank: Yes

Example 2:
Phrase A assumes no counter-evidence against its claim: no_evident_not_easy_check-in.
Phrase B is a separate fact: no_one_give_key_on_late_check-in.
B breaks A's assumption? Fill in the blank: No

Example 3:
Phrase A assumes no counter-evidence against its claim: no_evident_not_helpful_staff.
Phrase B is a separate fact: staff_not_speak_English_properly.
B breaks A's assumption? Fill in the blank: Yes

Example 4:
Phrase A assumes no counter-evidence against its claim: no_evident_not_helpful_staff.
Phrase B is a separate fact: not_kind_staff.
B breaks A's assumption? Fill in the blank: No

Now complete the blank for this pair. Output ONLY the missing word (Yes or No), nothing else.

Phrase A assumes no counter-evidence against its claim: have_evident_not_big_hotel.
Phrase B is a separate fact: not_encourage_to_use_swimming_pool.
B breaks A's assumption? Fill in the blank:
",No
2026-08-16 22:51:36,3,2453,have_evident_issue_with_internet,no_pool_on_off_season,"Complete the sentence by filling in the blank with exactly one word: Yes or No.

Template: ""Phrase A assumes no counter-evidence against its claim. Phrase B is a separate fact.
B breaks A's assumption? Fill in the blank: ____""

Example 1:
Phrase A assumes no counter-evidence against its claim: no_evident_not_easy_check-in.
Phrase B is a separate fact: customer_wait_10_minute_for_greet.
B breaks A's assumption? Fill in the blank: Yes

Example 2:
Phrase A assumes no counter-evidence against its claim: no_evident_not_easy_check-in.
Phrase B is a separate fact: no_one_give_key_on_late_check-in.
B breaks A's assumption? Fill in the blank: No

Example 3:
Phrase A assumes no counter-evidence against its claim: no_evident_not_helpful_staff.
Phrase B is a separate fact: staff_not_speak_English_properly.
B breaks A's assumption? Fill in the blank: Yes

Example 4:
Phrase A assumes no counter-evidence against its claim: no_evident_not_helpful_staff.
Phrase B is a separate fact: not_kind_staff.
B breaks A's assumption? Fill in the blank: No

Now complete the blank for this pair. Output ONLY the missing word (Yes or No), nothing else.

Phrase A assumes no counter-evidence against its claim: have_evident_issue_with_internet.
Phrase B is a separate fact: no_pool_on_off_season.
B breaks A's assumption? Fill in the blank:
",No
2026-08-16 22:51:36,3,849,have_evident_not_convenient_parking,minimalistic_hotel,"Complete the sentence by filling in the blank with exactly one word: Yes or No.

Template: ""Phrase A assumes no counter-evidence against its claim. Phrase B is a separate fact.
B breaks A's assumption? Fill in the blank: ____""

Example 1:
Phrase A assumes no counter-evidence against its claim: no_evident_not_easy_check-in.
Phrase B is a separate fact: customer_wait_10_minute_for_greet.
B breaks A's assumption? Fill in the blank: Yes

Example 2:
Phrase A assumes no counter-evidence against its claim: no_evident_not_easy_check-in.
Phrase B is a separate fact: no_one_give_key_on_late_check-in.
B breaks A's assumption? Fill in the blank: No

Example 3:
Phrase A assumes no counter-evidence against its claim: no_evident_not_helpful_staff.
Phrase B is a separate fact: staff_not_speak_English_properly.
B breaks A's assumption? Fill in the blank: Yes

Example 4:
Phrase A assumes no counter-evidence against its claim: no_evident_not_helpful_staff.
Phrase B is a separate fact: not_kind_staff.
B breaks A's assumption? Fill in the blank: No

Now complete the blank for this pair. Output ONLY the missing word (Yes or No), nothing else.

Phrase A assumes no counter-evidence against its claim: have_evident_not_convenient_parking.
Phrase B is a separate fact: minimalistic_hotel.
B breaks A's assumption? Fill in the blank:
",No
2026-08-16 22:51:36,3,1101,have_evident_no_safety_strip_on_stair,not_EU_regulation_ramp,"Complete the sentence by filling in the blank with exactly one word: Yes or No.

Template: ""Phrase A assumes no counter-evidence against its claim. Phrase B is a separate fact.
B breaks A's assumption? Fill in the blank: ____""

Example 1:
Phrase A assumes no counter-evidence against its claim: no_evident_not_easy_check-in.
Phrase B is a separate fact: customer_wait_10_minute_for_greet.
B breaks A's assumption? Fill in the blank: Yes

Example 2:
Phrase A assumes no counter-evidence against its claim: no_evident_not_easy_check-in.
Phrase B is a separate fact: no_one_give_key_on_late_check-in.
B breaks A's assumption? Fill in the blank: No

Example 3:
Phrase A assumes no counter-evidence against its claim: no_evident_not_helpful_staff.
Phrase B is a separate fact: staff_not_speak_English_properly.
B breaks A's assumption? Fill in the blank: Yes

Example 4:
Phrase A assumes no counter-evidence against its claim: no_evident_not_helpful_staff.
Phrase B is a separate fact: not_kind_staff.
B breaks A's assumption? Fill in the blank: No

Now complete the blank for this pair. Output ONLY the missing word (Yes or No), nothing else.

Phrase A assumes no counter-evidence against its claim: have_evident_no_safety_strip_on_stair.
Phrase B is a separate fact: not_EU_regulation_ramp.
B breaks A's assumption? Fill in the blank:
",No
2026-08-16 22:51:36,3,2167,have_evident_limited_parking,need_renovation_in_lobby,"Complete the sentence by filling in the blank with exactly one word: Yes or No.

Template: ""Phrase A assumes no counter-evidence against its claim. Phrase B is a separate fact.
B breaks A's assumption? Fill in the blank: ____""

Example 1:
Phrase A assumes no counter-evidence against its claim: no_evident_not_easy_check-in.
Phrase B is a separate fact: customer_wait_10_minute_for_greet.
B breaks A's assumption? Fill in the blank: Yes

Example 2:
Phrase A assumes no counter-evidence against its claim: no_evident_not_easy_check-in.
Phrase B is a separate fact: no_one_give_key_on_late_check-in.
B breaks A's assumption? Fill in the blank: No

Example 3:
Phrase A assumes no counter-evidence against its claim: no_evident_not_helpful_staff.
Phrase B is a separate fact: staff_not_speak_English_properly.
B breaks A's assumption? Fill in the blank: Yes

Example 4:
Phrase A assumes no counter-evidence against its claim: no_evident_not_helpful_staff.
Phrase B is a separate fact: not_kind_staff.
B breaks A's assumption? Fill in the blank: No

Now complete the blank for this pair. Output ONLY the missing word (Yes or No), nothing else.

Phrase A assumes no counter-evidence against its claim: have_evident_limited_parking.
Phrase B is a separate fact: need_renovation_in_lobby.
B breaks A's assumption? Fill in the blank:
",No
2026-08-16 22:51:36,3,946,have_evident_main_door_slam_at_night,slow_elevator,"Complete the sentence by filling in the blank with exactly one word: Yes or No.

Template: ""Phrase A assumes no counter-evidence against its claim. Phrase B is a separate fact.
B breaks A's assumption? Fill in the blank: ____""

Example 1:
Phrase A assumes no counter-evidence against its claim: no_evident_not_easy_check-in.
Phrase B is a separate fact: customer_wait_10_minute_for_greet.
B breaks A's assumption? Fill in the blank: Yes

Example 2:
Phrase A assumes no counter-evidence against its claim: no_evident_not_easy_check-in.
Phrase B is a separate fact: no_one_give_key_on_late_check-in.
B breaks A's assumption? Fill in the blank: No

Example 3:
Phrase A assumes no counter-evidence against its claim: no_evident_not_helpful_staff.
Phrase B is a separate fact: staff_not_speak_English_properly.
B breaks A's assumption? Fill in the blank: Yes

Example 4:
Phrase A assumes no counter-evidence against its claim: no_evident_not_helpful_staff.
Phrase B is a separate fact: not_kind_staff.
B breaks A's assumption? Fill in the blank: No

Now complete the blank for this pair. Output ONLY the missing word (Yes or No), nothing else.

Phrase A assumes no counter-evidence against its claim: have_evident_main_door_slam_at_night.
Phrase B is a separate fact: slow_elevator.
B breaks A's assumption? Fill in the blank:
",No
2026-08-16 22:51:36,3,877,have_evident_main_door_not_close,no_swimming_pool,"Complete the sentence by filling in the blank with exactly one word: Yes or No.

Template: ""Phrase A assumes no counter-evidence against its claim. Phrase B is a separate fact.
B breaks A's assumption? Fill in the blank: ____""

Example 1:
Phrase A assumes no counter-evidence against its claim: no_evident_not_easy_check-in.
Phrase B is a separate fact: customer_wait_10_minute_for_greet.
B breaks A's assumption? Fill in the blank: Yes

Example 2:
Phrase A assumes no counter-evidence against its claim: no_evident_not_easy_check-in.
Phrase B is a separate fact: no_one_give_key_on_late_check-in.
B breaks A's assumption? Fill in the blank: No

Example 3:
Phrase A assumes no counter-evidence against its claim: no_evident_not_helpful_staff.
Phrase B is a separate fact: staff_not_speak_English_properly.
B breaks A's assumption? Fill in the blank: Yes

Example 4:
Phrase A assumes no counter-evidence against its claim: no_evident_not_helpful_staff.
Phrase B is a separate fact: not_kind_staff.
B breaks A's assumption? Fill in the blank: No

Now complete the blank for this pair. Output ONLY the missing word (Yes or No), nothing else.

Phrase A assumes no counter-evidence against its claim: have_evident_main_door_not_close.
Phrase B is a separate fact: no_swimming_pool.
B breaks A's assumption? Fill in the blank:
",No
2026-08-16 22:51:36,3,1274,have_evident_not_much_parking,not_big_hotel,"Complete the sentence by filling in the blank with exactly one word: Yes or No.

Template: ""Phrase A assumes no counter-evidence against its claim. Phrase B is a separate fact.
B breaks A's assumption? Fill in the blank: ____""

Example 1:
Phrase A assumes no counter-evidence against its claim: no_evident_not_easy_check-in.
Phrase B is a separate fact: customer_wait_10_minute_for_greet.
B breaks A's assumption? Fill in the blank: Yes

Example 2:
Phrase A assumes no counter-evidence against its claim: no_evident_not_easy_check-in.
Phrase B is a separate fact: no_one_give_key_on_late_check-in.
B breaks A's assumption? Fill in the blank: No

Example 3:
Phrase A assumes no counter-evidence against its claim: no_evident_not_helpful_staff.
Phrase B is a separate fact: staff_not_speak_English_properly.
B breaks A's assumption? Fill in the blank: Yes

Example 4:
Phrase A assumes no counter-evidence against its claim: no_evident_not_helpful_staff.
Phrase B is a separate fact: not_kind_staff.
B breaks A's assumption? Fill in the blank: No

Now complete the blank for this pair. Output ONLY the missing word (Yes or No), nothing else.

Phrase A assumes no counter-evidence against its claim: have_evident_not_much_parking.
Phrase B is a separate fact: not_big_hotel.
B breaks A's assumption? Fill in the blank:
",No
2026-08-16 22:51:37,3,2232,have_evident_street_parking,outside_view_not_excellent,"Complete the sentence by filling in the blank with exactly one word: Yes or No.

Template: ""Phrase A assumes no counter-evidence against its claim. Phrase B is a separate fact.
B breaks A's assumption? Fill in the blank: ____""

Example 1:
Phrase A assumes no counter-evidence against its claim: no_evident_not_easy_check-in.
Phrase B is a separate fact: customer_wait_10_minute_for_greet.
B breaks A's assumption? Fill in the blank: Yes

Example 2:
Phrase A assumes no counter-evidence against its claim: no_evident_not_easy_check-in.
Phrase B is a separate fact: no_one_give_key_on_late_check-in.
B breaks A's assumption? Fill in the blank: No

Example 3:
Phrase A assumes no counter-evidence against its claim: no_evident_not_helpful_staff.
Phrase B is a separate fact: staff_not_speak_English_properly.
B breaks A's assumption? Fill in the blank: Yes

Example 4:
Phrase A assumes no counter-evidence against its claim: no_evident_not_helpful_staff.
Phrase B is a separate fact: not_kind_staff.
B breaks A's assumption? Fill in the blank: No

Now complete the blank for this pair. Output ONLY the missing word (Yes or No), nothing else.

Phrase A assumes no counter-evidence against its claim: have_evident_street_parking.
Phrase B is a separate fact: outside_view_not_excellent.
B breaks A's assumption? Fill in the blank:
",No
2026-08-16 22:51:37,3,2309,have_evident_no_designated_parking,dangerous_ramp,"Complete the sentence by filling in the blank with exactly one word: Yes or No.

Template: ""Phrase A assumes no counter-evidence against its claim. Phrase B is a separate fact.
B breaks A's assumption? Fill in the blank: ____""

Example 1:
Phrase A assumes no counter-evidence against its claim: no_evident_not_easy_check-in.
Phrase B is a separate fact: customer_wait_10_minute_for_greet.
B breaks A's assumption? Fill in the blank: Yes

Example 2:
Phrase A assumes no counter-evidence against its claim: no_evident_not_easy_check-in.
Phrase B is a separate fact: no_one_give_key_on_late_check-in.
B breaks A's assumption? Fill in the blank: No

Example 3:
Phrase A assumes no counter-evidence against its claim: no_evident_not_helpful_staff.
Phrase B is a separate fact: staff_not_speak_English_properly.
B breaks A's assumption? Fill in the blank: Yes

Example 4:
Phrase A assumes no counter-evidence against its claim: no_evident_not_helpful_staff.
Phrase B is a separate fact: not_kind_staff.
B breaks A's assumption? Fill in the blank: No

Now complete the blank for this pair. Output ONLY the missing word (Yes or No), nothing else.

Phrase A assumes no counter-evidence against its claim: have_evident_no_designated_parking.
Phrase B is a separate fact: dangerous_ramp.
B breaks A's assumption? Fill in the blank:
",No
2026-08-16 22:51:37,3,1726,have_evident_common_area_light_not_worked_well,pool_could_be_cleaner,"Complete the sentence by filling in the blank with exactly one word: Yes or No.

Template: ""Phrase A assumes no counter-evidence against its claim. Phrase B is a separate fact.
B breaks A's assumption? Fill in the blank: ____""

Example 1:
Phrase A assumes no counter-evidence against its claim: no_evident_not_easy_check-in.
Phrase B is a separate fact: customer_wait_10_minute_for_greet.
B breaks A's assumption? Fill in the blank: Yes

Example 2:
Phrase A assumes no counter-evidence against its claim: no_evident_not_easy_check-in.
Phrase B is a separate fact: no_one_give_key_on_late_check-in.
B breaks A's assumption? Fill in the blank: No

Example 3:
Phrase A assumes no counter-evidence against its claim: no_evident_not_helpful_staff.
Phrase B is a separate fact: staff_not_speak_English_properly.
B breaks A's assumption? Fill in the blank: Yes

Example 4:
Phrase A assumes no counter-evidence against its claim: no_evident_not_helpful_staff.
Phrase B is a separate fact: not_kind_staff.
B breaks A's assumption? Fill in the blank: No

Now complete the blank for this pair. Output ONLY the missing word (Yes or No), nothing else.

Phrase A assumes no counter-evidence against its claim: have_evident_common_area_light_not_worked_well.
Phrase B is a separate fact: pool_could_be_cleaner.
B breaks A's assumption? Fill in the blank:
",No
2026-08-16 22:51:37,3,2809,have_evident_available_facility_not_clear_on_booking,young_hotel,"Complete the sentence by filling in the blank with exactly one word: Yes or No.

Template: ""Phrase A assumes no counter-evidence against its claim. Phrase B is a separate fact.
B breaks A's assumption? Fill in the blank: ____""

Example 1:
Phrase A assumes no counter-evidence against its claim: no_evident_not_easy_check-in.
Phrase B is a separate fact: customer_wait_10_minute_for_greet.
B breaks A's assumption? Fill in the blank: Yes

Example 2:
Phrase A assumes no counter-evidence against its claim: no_evident_not_easy_check-in.
Phrase B is a separate fact: no_one_give_key_on_late_check-in.
B breaks A's assumption? Fill in the blank: No

Example 3:
Phrase A assumes no counter-evidence against its claim: no_evident_not_helpful_staff.
Phrase B is a separate fact: staff_not_speak_English_properly.
B breaks A's assumption? Fill in the blank: Yes

Example 4:
Phrase A assumes no counter-evidence against its claim: no_evident_not_helpful_staff.
Phrase B is a separate fact: not_kind_staff.
B breaks A's assumption? Fill in the blank: No

Now complete the blank for this pair. Output ONLY the missing word (Yes or No), nothing else.

Phrase A assumes no counter-evidence against its claim: have_evident_available_facility_not_clear_on_booking.
Phrase B is a separate fact: young_hotel.
B breaks A's assumption? Fill in the blank:
",No
2026-08-16 22:51:38,3,1668,have_evident_need_renovation_in_elevator,small_swimming_pool,"Complete the sentence by filling in the blank with exactly one word: Yes or No.

Template: ""Phrase A assumes no counter-evidence against its claim. Phrase B is a separate fact.
B breaks A's assumption? Fill in the blank: ____""

Example 1:
Phrase A assumes no counter-evidence against its claim: no_evident_not_easy_check-in.
Phrase B is a separate fact: customer_wait_10_minute_for_greet.
B breaks A's assumption? Fill in the blank: Yes

Example 2:
Phrase A assumes no counter-evidence against its claim: no_evident_not_easy_check-in.
Phrase B is a separate fact: no_one_give_key_on_late_check-in.
B breaks A's assumption? Fill in the blank: No

Example 3:
Phrase A assumes no counter-evidence against its claim: no_evident_not_helpful_staff.
Phrase B is a separate fact: staff_not_speak_English_properly.
B breaks A's assumption? Fill in the blank: Yes

Example 4:
Phrase A assumes no counter-evidence against its claim: no_evident_not_helpful_staff.
Phrase B is a separate fact: not_kind_staff.
B breaks A's assumption? Fill in the blank: No

Now complete the blank for this pair. Output ONLY the missing word (Yes or No), nothing else.

Phrase A assumes no counter-evidence against its claim: have_evident_need_renovation_in_elevator.
Phrase B is a separate fact: small_swimming_pool.
B breaks A's assumption? Fill in the blank:
",No
2026-08-16 22:51:38,3,2163,have_evident_limited_parking,tiny_pool,"Complete the sentence by filling in the blank with exactly one word: Yes or No.

Template: ""Phrase A assumes no counter-evidence against its claim. Phrase B is a separate fact.
B breaks A's assumption? Fill in the blank: ____""

Example 1:
Phrase A assumes no counter-evidence against its claim: no_evident_not_easy_check-in.
Phrase B is a separate fact: customer_wait_10_minute_for_greet.
B breaks A's assumption? Fill in the blank: Yes

Example 2:
Phrase A assumes no counter-evidence against its claim: no_evident_not_easy_check-in.
Phrase B is a separate fact: no_one_give_key_on_late_check-in.
B breaks A's assumption? Fill in the blank: No

Example 3:
Phrase A assumes no counter-evidence against its claim: no_evident_not_helpful_staff.
Phrase B is a separate fact: staff_not_speak_English_properly.
B breaks A's assumption? Fill in the blank: Yes

Example 4:
Phrase A assumes no counter-evidence against its claim: no_evident_not_helpful_staff.
Phrase B is a separate fact: not_kind_staff.
B breaks A's assumption? Fill in the blank: No

Now complete the blank for this pair. Output ONLY the missing word (Yes or No), nothing else.

Phrase A assumes no counter-evidence against its claim: have_evident_limited_parking.
Phrase B is a separate fact: tiny_pool.
B breaks A's assumption? Fill in the blank:
",No
2026-08-16 22:51:38,3,4141,have_evident_young_hotel,elevator_need_cleaning,"Complete the sentence by filling in the blank with exactly one word: Yes or No.

Template: ""Phrase A assumes no counter-evidence against its claim. Phrase B is a separate fact.
B breaks A's assumption? Fill in the blank: ____""

Example 1:
Phrase A assumes no counter-evidence against its claim: no_evident_not_easy_check-in.
Phrase B is a separate fact: customer_wait_10_minute_for_greet.
B breaks A's assumption? Fill in the blank: Yes

Example 2:
Phrase A assumes no counter-evidence against its claim: no_evident_not_easy_check-in.
Phrase B is a separate fact: no_one_give_key_on_late_check-in.
B breaks A's assumption? Fill in the blank: No

Example 3:
Phrase A assumes no counter-evidence against its claim: no_evident_not_helpful_staff.
Phrase B is a separate fact: staff_not_speak_English_properly.
B breaks A's assumption? Fill in the blank: Yes

Example 4:
Phrase A assumes no counter-evidence against its claim: no_evident_not_helpful_staff.
Phrase B is a separate fact: not_kind_staff.
B breaks A's assumption? Fill in the blank: No

Now complete the blank for this pair. Output ONLY the missing word (Yes or No), nothing else.

Phrase A assumes no counter-evidence against its claim: have_evident_young_hotel.
Phrase B is a separate fact: elevator_need_cleaning.
B breaks A's assumption? Fill in the blank:
",No
2026-08-16 22:51:38,3,4003,have_evident_small_swimming_pool,limited_facility,"Complete the sentence by filling in the blank with exactly one word: Yes or No.

Template: ""Phrase A assumes no counter-evidence against its claim. Phrase B is a separate fact.
B breaks A's assumption? Fill in the blank: ____""

Example 1:
Phrase A assumes no counter-evidence against its claim: no_evident_not_easy_check-in.
Phrase B is a separate fact: customer_wait_10_minute_for_greet.
B breaks A's assumption? Fill in the blank: Yes

Example 2:
Phrase A assumes no counter-evidence against its claim: no_evident_not_easy_check-in.
Phrase B is a separate fact: no_one_give_key_on_late_check-in.
B breaks A's assumption? Fill in the blank: No

Example 3:
Phrase A assumes no counter-evidence against its claim: no_evident_not_helpful_staff.
Phrase B is a separate fact: staff_not_speak_English_properly.
B breaks A's assumption? Fill in the blank: Yes

Example 4:
Phrase A assumes no counter-evidence against its claim: no_evident_not_helpful_staff.
Phrase B is a separate fact: not_kind_staff.
B breaks A's assumption? Fill in the blank: No

Now complete the blank for this pair. Output ONLY the missing word (Yes or No), nothing else.

Phrase A assumes no counter-evidence against its claim: have_evident_small_swimming_pool.
Phrase B is a separate fact: limited_facility.
B breaks A's assumption? Fill in the blank:
",No
2026-08-16 22:51:38,3,2058,have_evident_dangerous_ramp,not_accurate_hotel_installation_picture,"Complete the sentence by filling in the blank with exactly one word: Yes or No.

Template: ""Phrase A assumes no counter-evidence against its claim. Phrase B is a separate fact.
B breaks A's assumption? Fill in the blank: ____""

Example 1:
Phrase A assumes no counter-evidence against its claim: no_evident_not_easy_check-in.
Phrase B is a separate fact: customer_wait_10_minute_for_greet.
B breaks A's assumption? Fill in the blank: Yes

Example 2:
Phrase A assumes no counter-evidence against its claim: no_evident_not_easy_check-in.
Phrase B is a separate fact: no_one_give_key_on_late_check-in.
B breaks A's assumption? Fill in the blank: No

Example 3:
Phrase A assumes no counter-evidence against its claim: no_evident_not_helpful_staff.
Phrase B is a separate fact: staff_not_speak_English_properly.
B breaks A's assumption? Fill in the blank: Yes

Example 4:
Phrase A assumes no counter-evidence against its claim: no_evident_not_helpful_staff.
Phrase B is a separate fact: not_kind_staff.
B breaks A's assumption? Fill in the blank: No

Now complete the blank for this pair. Output ONLY the missing word (Yes or No), nothing else.

Phrase A assumes no counter-evidence against its claim: have_evident_dangerous_ramp.
Phrase B is a separate fact: not_accurate_hotel_installation_picture.
B breaks A's assumption? Fill in the blank:
",No
2026-08-16 22:51:38,3,417,have_evident_disgusting_outside,main_door_slam_at_night,"Complete the sentence by filling in the blank with exactly one word: Yes or No.

Template: ""Phrase A assumes no counter-evidence against its claim. Phrase B is a separate fact.
B breaks A's assumption? Fill in the blank: ____""

Example 1:
Phrase A assumes no counter-evidence against its claim: no_evident_not_easy_check-in.
Phrase B is a separate fact: customer_wait_10_minute_for_greet.
B breaks A's assumption? Fill in the blank: Yes

Example 2:
Phrase A assumes no counter-evidence against its claim: no_evident_not_easy_check-in.
Phrase B is a separate fact: no_one_give_key_on_late_check-in.
B breaks A's assumption? Fill in the blank: No

Example 3:
Phrase A assumes no counter-evidence against its claim: no_evident_not_helpful_staff.
Phrase B is a separate fact: staff_not_speak_English_properly.
B breaks A's assumption? Fill in the blank: Yes

Example 4:
Phrase A assumes no counter-evidence against its claim: no_evident_not_helpful_staff.
Phrase B is a separate fact: not_kind_staff.
B breaks A's assumption? Fill in the blank: No

Now complete the blank for this pair. Output ONLY the missing word (Yes or No), nothing else.

Phrase A assumes no counter-evidence against its claim: have_evident_disgusting_outside.
Phrase B is a separate fact: main_door_slam_at_night.
B breaks A's assumption? Fill in the blank:
",No.
2026-08-16 22:51:39,3,757,have_evident_difficult_to_find_parking,not_much_parking,"Complete the sentence by filling in the blank with exactly one word: Yes or No.

Template: ""Phrase A assumes no counter-evidence against its claim. Phrase B is a separate fact.
B breaks A's assumption? Fill in the blank: ____""

Example 1:
Phrase A assumes no counter-evidence against its claim: no_evident_not_easy_check-in.
Phrase B is a separate fact: customer_wait_10_minute_for_greet.
B breaks A's assumption? Fill in the blank: Yes

Example 2:
Phrase A assumes no counter-evidence against its claim: no_evident_not_easy_check-in.
Phrase B is a separate fact: no_one_give_key_on_late_check-in.
B breaks A's assumption? Fill in the blank: No

Example 3:
Phrase A assumes no counter-evidence against its claim: no_evident_not_helpful_staff.
Phrase B is a separate fact: staff_not_speak_English_properly.
B breaks A's assumption? Fill in the blank: Yes

Example 4:
Phrase A assumes no counter-evidence against its claim: no_evident_not_helpful_staff.
Phrase B is a separate fact: not_kind_staff.
B breaks A's assumption? Fill in the blank: No

Now complete the blank for this pair. Output ONLY the missing word (Yes or No), nothing else.

Phrase A assumes no counter-evidence against its claim: have_evident_difficult_to_find_parking.
Phrase B is a separate fact: not_much_parking.
B breaks A's assumption? Fill in the blank:
",No.
2026-08-16 22:51:39,3,3470,have_evident_has_parking_if_lucky,little_parking_in_evening,"Complete the sentence by filling in the blank with exactly one word: Yes or No.

Template: ""Phrase A assumes no counter-evidence against its claim. Phrase B is a separate fact.
B breaks A's assumption? Fill in the blank: ____""

Example 1:
Phrase A assumes no counter-evidence against its claim: no_evident_not_easy_check-in.
Phrase B is a separate fact: customer_wait_10_minute_for_greet.
B breaks A's assumption? Fill in the blank: Yes

Example 2:
Phrase A assumes no counter-evidence against its claim: no_evident_not_easy_check-in.
Phrase B is a separate fact: no_one_give_key_on_late_check-in.
B breaks A's assumption? Fill in the blank: No

Example 3:
Phrase A assumes no counter-evidence against its claim: no_evident_not_helpful_staff.
Phrase B is a separate fact: staff_not_speak_English_properly.
B breaks A's assumption? Fill in the blank: Yes

Example 4:
Phrase A assumes no counter-evidence against its claim: no_evident_not_helpful_staff.
Phrase B is a separate fact: not_kind_staff.
B breaks A's assumption? Fill in the blank: No

Now complete the blank for this pair. Output ONLY the missing word (Yes or No), nothing else.

Phrase A assumes no counter-evidence against its claim: have_evident_has_parking_if_lucky.
Phrase B is a separate fact: little_parking_in_evening.
B breaks A's assumption? Fill in the blank:
",No
2026-08-16 22:51:39,3,2267,have_evident_street_parking,need_improvement_reception,"Complete the sentence by filling in the blank with exactly one word: Yes or No.

Template: ""Phrase A assumes no counter-evidence against its claim. Phrase B is a separate fact.
B breaks A's assumption? Fill in the blank: ____""

Example 1:
Phrase A assumes no counter-evidence against its claim: no_evident_not_easy_check-in.
Phrase B is a separate fact: customer_wait_10_minute_for_greet.
B breaks A's assumption? Fill in the blank: Yes

Example 2:
Phrase A assumes no counter-evidence against its claim: no_evident_not_easy_check-in.
Phrase B is a separate fact: no_one_give_key_on_late_check-in.
B breaks A's assumption? Fill in the blank: No

Example 3:
Phrase A assumes no counter-evidence against its claim: no_evident_not_helpful_staff.
Phrase B is a separate fact: staff_not_speak_English_properly.
B breaks A's assumption? Fill in the blank: Yes

Example 4:
Phrase A assumes no counter-evidence against its claim: no_evident_not_helpful_staff.
Phrase B is a separate fact: not_kind_staff.
B breaks A's assumption? Fill in the blank: No

Now complete the blank for this pair. Output ONLY the missing word (Yes or No), nothing else.

Phrase A assumes no counter-evidence against its claim: have_evident_street_parking.
Phrase B is a separate fact: need_improvement_reception.
B breaks A's assumption? Fill in the blank:
",No
2026-08-16 22:51:39,3,362,have_evident_no_swimming_pool,low_doorway_leading_to_elevator,"Complete the sentence by filling in the blank with exactly one word: Yes or No.

Template: ""Phrase A assumes no counter-evidence against its claim. Phrase B is a separate fact.
B breaks A's assumption? Fill in the blank: ____""

Example 1:
Phrase A assumes no counter-evidence against its claim: no_evident_not_easy_check-in.
Phrase B is a separate fact: customer_wait_10_minute_for_greet.
B breaks A's assumption? Fill in the blank: Yes

Example 2:
Phrase A assumes no counter-evidence against its claim: no_evident_not_easy_check-in.
Phrase B is a separate fact: no_one_give_key_on_late_check-in.
B breaks A's assumption? Fill in the blank: No

Example 3:
Phrase A assumes no counter-evidence against its claim: no_evident_not_helpful_staff.
Phrase B is a separate fact: staff_not_speak_English_properly.
B breaks A's assumption? Fill in the blank: Yes

Example 4:
Phrase A assumes no counter-evidence against its claim: no_evident_not_helpful_staff.
Phrase B is a separate fact: not_kind_staff.
B breaks A's assumption? Fill in the blank: No

Now complete the blank for this pair. Output ONLY the missing word (Yes or No), nothing else.

Phrase A assumes no counter-evidence against its claim: have_evident_no_swimming_pool.
Phrase B is a separate fact: low_doorway_leading_to_elevator.
B breaks A's assumption? Fill in the blank:
",No
2026-08-16 22:51:39,3,30,have_evident_not_big_hotel,steep_ramp,"Complete the sentence by filling in the blank with exactly one word: Yes or No.

Template: ""Phrase A assumes no counter-evidence against its claim. Phrase B is a separate fact.
B breaks A's assumption? Fill in the blank: ____""

Example 1:
Phrase A assumes no counter-evidence against its claim: no_evident_not_easy_check-in.
Phrase B is a separate fact: customer_wait_10_minute_for_greet.
B breaks A's assumption? Fill in the blank: Yes

Example 2:
Phrase A assumes no counter-evidence against its claim: no_evident_not_easy_check-in.
Phrase B is a separate fact: no_one_give_key_on_late_check-in.
B breaks A's assumption? Fill in the blank: No

Example 3:
Phrase A assumes no counter-evidence against its claim: no_evident_not_helpful_staff.
Phrase B is a separate fact: staff_not_speak_English_properly.
B breaks A's assumption? Fill in the blank: Yes

Example 4:
Phrase A assumes no counter-evidence against its claim: no_evident_not_helpful_staff.
Phrase B is a separate fact: not_kind_staff.
B breaks A's assumption? Fill in the blank: No

Now complete the blank for this pair. Output ONLY the missing word (Yes or No), nothing else.

Phrase A assumes no counter-evidence against its claim: have_evident_not_big_hotel.
Phrase B is a separate fact: steep_ramp.
B breaks A's assumption? Fill in the blank:
",No
2026-08-16 22:51:39,3,2733,have_evident_no_pool_on_off_season,little_parking_in_evening,"Complete the sentence by filling in the blank with exactly one word: Yes or No.

Template: ""Phrase A assumes no counter-evidence against its claim. Phrase B is a separate fact.
B breaks A's assumption? Fill in the blank: ____""

Example 1:
Phrase A assumes no counter-evidence against its claim: no_evident_not_easy_check-in.
Phrase B is a separate fact: customer_wait_10_minute_for_greet.
B breaks A's assumption? Fill in the blank: Yes

Example 2:
Phrase A assumes no counter-evidence against its claim: no_evident_not_easy_check-in.
Phrase B is a separate fact: no_one_give_key_on_late_check-in.
B breaks A's assumption? Fill in the blank: No

Example 3:
Phrase A assumes no counter-evidence against its claim: no_evident_not_helpful_staff.
Phrase B is a separate fact: staff_not_speak_English_properly.
B breaks A's assumption? Fill in the blank: Yes

Example 4:
Phrase A assumes no counter-evidence against its claim: no_evident_not_helpful_staff.
Phrase B is a separate fact: not_kind_staff.
B breaks A's assumption? Fill in the blank: No

Now complete the blank for this pair. Output ONLY the missing word (Yes or No), nothing else.

Phrase A assumes no counter-evidence against its claim: have_evident_no_pool_on_off_season.
Phrase B is a separate fact: little_parking_in_evening.
B breaks A's assumption? Fill in the blank:
",No
2026-08-16 22:51:39,3,1072,have_evident_no_beach_towel_provide,not_encourage_to_use_billiard,"Complete the sentence by filling in the blank with exactly one word: Yes or No.

Template: ""Phrase A assumes no counter-evidence against its claim. Phrase B is a separate fact.
B breaks A's assumption? Fill in the blank: ____""

Example 1:
Phrase A assumes no counter-evidence against its claim: no_evident_not_easy_check-in.
Phrase B is a separate fact: customer_wait_10_minute_for_greet.
B breaks A's assumption? Fill in the blank: Yes

Example 2:
Phrase A assumes no counter-evidence against its claim: no_evident_not_easy_check-in.
Phrase B is a separate fact: no_one_give_key_on_late_check-in.
B breaks A's assumption? Fill in the blank: No

Example 3:
Phrase A assumes no counter-evidence against its claim: no_evident_not_helpful_staff.
Phrase B is a separate fact: staff_not_speak_English_properly.
B breaks A's assumption? Fill in the blank: Yes

Example 4:
Phrase A assumes no counter-evidence against its claim: no_evident_not_helpful_staff.
Phrase B is a separate fact: not_kind_staff.
B breaks A's assumption? Fill in the blank: No

Now complete the blank for this pair. Output ONLY the missing word (Yes or No), nothing else.

Phrase A assumes no counter-evidence against its claim: have_evident_no_beach_towel_provide.
Phrase B is a separate fact: not_encourage_to_use_billiard.
B breaks A's assumption? Fill in the blank:
",No
2026-08-16 22:51:40,3,2146,have_evident_limited_parking,no_24_hour_reception,"Complete the sentence by filling in the blank with exactly one word: Yes or No.

Template: ""Phrase A assumes no counter-evidence against its claim. Phrase B is a separate fact.
B breaks A's assumption? Fill in the blank: ____""

Example 1:
Phrase A assumes no counter-evidence against its claim: no_evident_not_easy_check-in.
Phrase B is a separate fact: customer_wait_10_minute_for_greet.
B breaks A's assumption? Fill in the blank: Yes

Example 2:
Phrase A assumes no counter-evidence against its claim: no_evident_not_easy_check-in.
Phrase B is a separate fact: no_one_give_key_on_late_check-in.
B breaks A's assumption? Fill in the blank: No

Example 3:
Phrase A assumes no counter-evidence against its claim: no_evident_not_helpful_staff.
Phrase B is a separate fact: staff_not_speak_English_properly.
B breaks A's assumption? Fill in the blank: Yes

Example 4:
Phrase A assumes no counter-evidence against its claim: no_evident_not_helpful_staff.
Phrase B is a separate fact: not_kind_staff.
B breaks A's assumption? Fill in the blank: No

Now complete the blank for this pair. Output ONLY the missing word (Yes or No), nothing else.

Phrase A assumes no counter-evidence against its claim: have_evident_limited_parking.
Phrase B is a separate fact: no_24_hour_reception.
B breaks A's assumption? Fill in the blank:
",No
2026-08-16 22:51:40,3,1324,have_evident_not_much_parking,pool_could_be_cleaner,"Complete the sentence by filling in the blank with exactly one word: Yes or No.

Template: ""Phrase A assumes no counter-evidence against its claim. Phrase B is a separate fact.
B breaks A's assumption? Fill in the blank: ____""

Example 1:
Phrase A assumes no counter-evidence against its claim: no_evident_not_easy_check-in.
Phrase B is a separate fact: customer_wait_10_minute_for_greet.
B breaks A's assumption? Fill in the blank: Yes

Example 2:
Phrase A assumes no counter-evidence against its claim: no_evident_not_easy_check-in.
Phrase B is a separate fact: no_one_give_key_on_late_check-in.
B breaks A's assumption? Fill in the blank: No

Example 3:
Phrase A assumes no counter-evidence against its claim: no_evident_not_helpful_staff.
Phrase B is a separate fact: staff_not_speak_English_properly.
B breaks A's assumption? Fill in the blank: Yes

Example 4:
Phrase A assumes no counter-evidence against its claim: no_evident_not_helpful_staff.
Phrase B is a separate fact: not_kind_staff.
B breaks A's assumption? Fill in the blank: No

Now complete the blank for this pair. Output ONLY the missing word (Yes or No), nothing else.

Phrase A assumes no counter-evidence against its claim: have_evident_not_much_parking.
Phrase B is a separate fact: pool_could_be_cleaner.
B breaks A's assumption? Fill in the blank:
",No
2026-08-16 22:51:40,3,3620,have_evident_elevator_need_renovation,no_24_hour_reception,"Complete the sentence by filling in the blank with exactly one word: Yes or No.

Template: ""Phrase A assumes no counter-evidence against its claim. Phrase B is a separate fact.
B breaks A's assumption? Fill in the blank: ____""

Example 1:
Phrase A assumes no counter-evidence against its claim: no_evident_not_easy_check-in.
Phrase B is a separate fact: customer_wait_10_minute_for_greet.
B breaks A's assumption? Fill in the blank: Yes

Example 2:
Phrase A assumes no counter-evidence against its claim: no_evident_not_easy_check-in.
Phrase B is a separate fact: no_one_give_key_on_late_check-in.
B breaks A's assumption? Fill in the blank: No

Example 3:
Phrase A assumes no counter-evidence against its claim: no_evident_not_helpful_staff.
Phrase B is a separate fact: staff_not_speak_English_properly.
B breaks A's assumption? Fill in the blank: Yes

Example 4:
Phrase A assumes no counter-evidence against its claim: no_evident_not_helpful_staff.
Phrase B is a separate fact: not_kind_staff.
B breaks A's assumption? Fill in the blank: No

Now complete the blank for this pair. Output ONLY the missing word (Yes or No), nothing else.

Phrase A assumes no counter-evidence against its claim: have_evident_elevator_need_renovation.
Phrase B is a separate fact: no_24_hour_reception.
B breaks A's assumption? Fill in the blank:
",No
2026-08-16 22:51:40,3,3504,have_evident_little_parking_in_evening,not_much_parking,"Complete the sentence by filling in the blank with exactly one word: Yes or No.

Template: ""Phrase A assumes no counter-evidence against its claim. Phrase B is a separate fact.
B breaks A's assumption? Fill in the blank: ____""

Example 1:
Phrase A assumes no counter-evidence against its claim: no_evident_not_easy_check-in.
Phrase B is a separate fact: customer_wait_10_minute_for_greet.
B breaks A's assumption? Fill in the blank: Yes

Example 2:
Phrase A assumes no counter-evidence against its claim: no_evident_not_easy_check-in.
Phrase B is a separate fact: no_one_give_key_on_late_check-in.
B breaks A's assumption? Fill in the blank: No

Example 3:
Phrase A assumes no counter-evidence against its claim: no_evident_not_helpful_staff.
Phrase B is a separate fact: staff_not_speak_English_properly.
B breaks A's assumption? Fill in the blank: Yes

Example 4:
Phrase A assumes no counter-evidence against its claim: no_evident_not_helpful_staff.
Phrase B is a separate fact: not_kind_staff.
B breaks A's assumption? Fill in the blank: No

Now complete the blank for this pair. Output ONLY the missing word (Yes or No), nothing else.

Phrase A assumes no counter-evidence against its claim: have_evident_little_parking_in_evening.
Phrase B is a separate fact: not_much_parking.
B breaks A's assumption? Fill in the blank:
",No
2026-08-16 22:51:40,3,80,have_evident_no_24_hour_reception,not_convenient_parking,"Complete the sentence by filling in the blank with exactly one word: Yes or No.

Template: ""Phrase A assumes no counter-evidence against its claim. Phrase B is a separate fact.
B breaks A's assumption? Fill in the blank: ____""

Example 1:
Phrase A assumes no counter-evidence against its claim: no_evident_not_easy_check-in.
Phrase B is a separate fact: customer_wait_10_minute_for_greet.
B breaks A's assumption? Fill in the blank: Yes

Example 2:
Phrase A assumes no counter-evidence against its claim: no_evident_not_easy_check-in.
Phrase B is a separate fact: no_one_give_key_on_late_check-in.
B breaks A's assumption? Fill in the blank: No

Example 3:
Phrase A assumes no counter-evidence against its claim: no_evident_not_helpful_staff.
Phrase B is a separate fact: staff_not_speak_English_properly.
B breaks A's assumption? Fill in the blank: Yes

Example 4:
Phrase A assumes no counter-evidence against its claim: no_evident_not_helpful_staff.
Phrase B is a separate fact: not_kind_staff.
B breaks A's assumption? Fill in the blank: No

Now complete the blank for this pair. Output ONLY the missing word (Yes or No), nothing else.

Phrase A assumes no counter-evidence against its claim: have_evident_no_24_hour_reception.
Phrase B is a separate fact: not_convenient_parking.
B breaks A's assumption? Fill in the blank:
",No
2026-08-16 22:51:40,3,917,have_evident_main_door_not_close,badly_maintain_hotel_installation,"Complete the sentence by filling in the blank with exactly one word: Yes or No.

Template: ""Phrase A assumes no counter-evidence against its claim. Phrase B is a separate fact.
B breaks A's assumption? Fill in the blank: ____""

Example 1:
Phrase A assumes no counter-evidence against its claim: no_evident_not_easy_check-in.
Phrase B is a separate fact: customer_wait_10_minute_for_greet.
B breaks A's assumption? Fill in the blank: Yes

Example 2:
Phrase A assumes no counter-evidence against its claim: no_evident_not_easy_check-in.
Phrase B is a separate fact: no_one_give_key_on_late_check-in.
B breaks A's assumption? Fill in the blank: No

Example 3:
Phrase A assumes no counter-evidence against its claim: no_evident_not_helpful_staff.
Phrase B is a separate fact: staff_not_speak_English_properly.
B breaks A's assumption? Fill in the blank: Yes

Example 4:
Phrase A assumes no counter-evidence against its claim: no_evident_not_helpful_staff.
Phrase B is a separate fact: not_kind_staff.
B breaks A's assumption? Fill in the blank: No

Now complete the blank for this pair. Output ONLY the missing word (Yes or No), nothing else.

Phrase A assumes no counter-evidence against its claim: have_evident_main_door_not_close.
Phrase B is a separate fact: badly_maintain_hotel_installation.
B breaks A's assumption? Fill in the blank:
",No
2026-08-16 22:51:40,3,617,have_evident_no_24_hour_kiosk_close_to_hotel,main_door_not_close,"Complete the sentence by filling in the blank with exactly one word: Yes or No.

Template: ""Phrase A assumes no counter-evidence against its claim. Phrase B is a separate fact.
B breaks A's assumption? Fill in the blank: ____""

Example 1:
Phrase A assumes no counter-evidence against its claim: no_evident_not_easy_check-in.
Phrase B is a separate fact: customer_wait_10_minute_for_greet.
B breaks A's assumption? Fill in the blank: Yes

Example 2:
Phrase A assumes no counter-evidence against its claim: no_evident_not_easy_check-in.
Phrase B is a separate fact: no_one_give_key_on_late_check-in.
B breaks A's assumption? Fill in the blank: No

Example 3:
Phrase A assumes no counter-evidence against its claim: no_evident_not_helpful_staff.
Phrase B is a separate fact: staff_not_speak_English_properly.
B breaks A's assumption? Fill in the blank: Yes

Example 4:
Phrase A assumes no counter-evidence against its claim: no_evident_not_helpful_staff.
Phrase B is a separate fact: not_kind_staff.
B breaks A's assumption? Fill in the blank: No

Now complete the blank for this pair. Output ONLY the missing word (Yes or No), nothing else.

Phrase A assumes no counter-evidence against its claim: have_evident_no_24_hour_kiosk_close_to_hotel.
Phrase B is a separate fact: main_door_not_close.
B breaks A's assumption? Fill in the blank:
",No
2026-08-16 22:51:40,3,1222,have_evident_tiny_pool,no_beach_towel_provide,"Complete the sentence by filling in the blank with exactly one word: Yes or No.

Template: ""Phrase A assumes no counter-evidence against its claim. Phrase B is a separate fact.
B breaks A's assumption? Fill in the blank: ____""

Example 1:
Phrase A assumes no counter-evidence against its claim: no_evident_not_easy_check-in.
Phrase B is a separate fact: customer_wait_10_minute_for_greet.
B breaks A's assumption? Fill in the blank: Yes

Example 2:
Phrase A assumes no counter-evidence against its claim: no_evident_not_easy_check-in.
Phrase B is a separate fact: no_one_give_key_on_late_check-in.
B breaks A's assumption? Fill in the blank: No

Example 3:
Phrase A assumes no counter-evidence against its claim: no_evident_not_helpful_staff.
Phrase B is a separate fact: staff_not_speak_English_properly.
B breaks A's assumption? Fill in the blank: Yes

Example 4:
Phrase A assumes no counter-evidence against its claim: no_evident_not_helpful_staff.
Phrase B is a separate fact: not_kind_staff.
B breaks A's assumption? Fill in the blank: No

Now complete the blank for this pair. Output ONLY the missing word (Yes or No), nothing else.

Phrase A assumes no counter-evidence against its claim: have_evident_tiny_pool.
Phrase B is a separate fact: no_beach_towel_provide.
B breaks A's assumption? Fill in the blank:
",No
2026-08-16 22:51:41,3,4470,have_evident_not_encourage_to_use_billiard,not_accurate_hotel_installation_picture,"Complete the sentence by filling in the blank with exactly one word: Yes or No.

Template: ""Phrase A assumes no counter-evidence against its claim. Phrase B is a separate fact.
B breaks A's assumption? Fill in the blank: ____""

Example 1:
Phrase A assumes no counter-evidence against its claim: no_evident_not_easy_check-in.
Phrase B is a separate fact: customer_wait_10_minute_for_greet.
B breaks A's assumption? Fill in the blank: Yes

Example 2:
Phrase A assumes no counter-evidence against its claim: no_evident_not_easy_check-in.
Phrase B is a separate fact: no_one_give_key_on_late_check-in.
B breaks A's assumption? Fill in the blank: No

Example 3:
Phrase A assumes no counter-evidence against its claim: no_evident_not_helpful_staff.
Phrase B is a separate fact: staff_not_speak_English_properly.
B breaks A's assumption? Fill in the blank: Yes

Example 4:
Phrase A assumes no counter-evidence against its claim: no_evident_not_helpful_staff.
Phrase B is a separate fact: not_kind_staff.
B breaks A's assumption? Fill in the blank: No

Now complete the blank for this pair. Output ONLY the missing word (Yes or No), nothing else.

Phrase A assumes no counter-evidence against its claim: have_evident_not_encourage_to_use_billiard.
Phrase B is a separate fact: not_accurate_hotel_installation_picture.
B breaks A's assumption? Fill in the blank:
",No.
2026-08-16 22:51:41,3,296,have_evident_not_easy_parking,head_bump_doorway,"Complete the sentence by filling in the blank with exactly one word: Yes or No.

Template: ""Phrase A assumes no counter-evidence against its claim. Phrase B is a separate fact.
B breaks A's assumption? Fill in the blank: ____""

Example 1:
Phrase A assumes no counter-evidence against its claim: no_evident_not_easy_check-in.
Phrase B is a separate fact: customer_wait_10_minute_for_greet.
B breaks A's assumption? Fill in the blank: Yes

Example 2:
Phrase A assumes no counter-evidence against its claim: no_evident_not_easy_check-in.
Phrase B is a separate fact: no_one_give_key_on_late_check-in.
B breaks A's assumption? Fill in the blank: No

Example 3:
Phrase A assumes no counter-evidence against its claim: no_evident_not_helpful_staff.
Phrase B is a separate fact: staff_not_speak_English_properly.
B breaks A's assumption? Fill in the blank: Yes

Example 4:
Phrase A assumes no counter-evidence against its claim: no_evident_not_helpful_staff.
Phrase B is a separate fact: not_kind_staff.
B breaks A's assumption? Fill in the blank: No

Now complete the blank for this pair. Output ONLY the missing word (Yes or No), nothing else.

Phrase A assumes no counter-evidence against its claim: have_evident_not_easy_parking.
Phrase B is a separate fact: head_bump_doorway.
B breaks A's assumption? Fill in the blank:
",No
2026-08-16 22:51:41,3,3025,have_evident_badly_maintain_hotel_installation,no_24_hour_kiosk_close_to_hotel,"Complete the sentence by filling in the blank with exactly one word: Yes or No.

Template: ""Phrase A assumes no counter-evidence against its claim. Phrase B is a separate fact.
B breaks A's assumption? Fill in the blank: ____""

Example 1:
Phrase A assumes no counter-evidence against its claim: no_evident_not_easy_check-in.
Phrase B is a separate fact: customer_wait_10_minute_for_greet.
B breaks A's assumption? Fill in the blank: Yes

Example 2:
Phrase A assumes no counter-evidence against its claim: no_evident_not_easy_check-in.
Phrase B is a separate fact: no_one_give_key_on_late_check-in.
B breaks A's assumption? Fill in the blank: No

Example 3:
Phrase A assumes no counter-evidence against its claim: no_evident_not_helpful_staff.
Phrase B is a separate fact: staff_not_speak_English_properly.
B breaks A's assumption? Fill in the blank: Yes

Example 4:
Phrase A assumes no counter-evidence against its claim: no_evident_not_helpful_staff.
Phrase B is a separate fact: not_kind_staff.
B breaks A's assumption? Fill in the blank: No

Now complete the blank for this pair. Output ONLY the missing word (Yes or No), nothing else.

Phrase A assumes no counter-evidence against its claim: have_evident_badly_maintain_hotel_installation.
Phrase B is a separate fact: no_24_hour_kiosk_close_to_hotel.
B breaks A's assumption? Fill in the blank:
",No
2026-08-16 22:51:41,3,1214,have_evident_tiny_pool,slow_elevator,"Complete the sentence by filling in the blank with exactly one word: Yes or No.

Template: ""Phrase A assumes no counter-evidence against its claim. Phrase B is a separate fact.
B breaks A's assumption? Fill in the blank: ____""

Example 1:
Phrase A assumes no counter-evidence against its claim: no_evident_not_easy_check-in.
Phrase B is a separate fact: customer_wait_10_minute_for_greet.
B breaks A's assumption? Fill in the blank: Yes

Example 2:
Phrase A assumes no counter-evidence against its claim: no_evident_not_easy_check-in.
Phrase B is a separate fact: no_one_give_key_on_late_check-in.
B breaks A's assumption? Fill in the blank: No

Example 3:
Phrase A assumes no counter-evidence against its claim: no_evident_not_helpful_staff.
Phrase B is a separate fact: staff_not_speak_English_properly.
B breaks A's assumption? Fill in the blank: Yes

Example 4:
Phrase A assumes no counter-evidence against its claim: no_evident_not_helpful_staff.
Phrase B is a separate fact: not_kind_staff.
B breaks A's assumption? Fill in the blank: No

Now complete the blank for this pair. Output ONLY the missing word (Yes or No), nothing else.

Phrase A assumes no counter-evidence against its claim: have_evident_tiny_pool.
Phrase B is a separate fact: slow_elevator.
B breaks A's assumption? Fill in the blank:
",No
2026-08-16 22:51:41,3,3521,have_evident_little_parking_in_evening,issue_with_internet,"Complete the sentence by filling in the blank with exactly one word: Yes or No.

Template: ""Phrase A assumes no counter-evidence against its claim. Phrase B is a separate fact.
B breaks A's assumption? Fill in the blank: ____""

Example 1:
Phrase A assumes no counter-evidence against its claim: no_evident_not_easy_check-in.
Phrase B is a separate fact: customer_wait_10_minute_for_greet.
B breaks A's assumption? Fill in the blank: Yes

Example 2:
Phrase A assumes no counter-evidence against its claim: no_evident_not_easy_check-in.
Phrase B is a separate fact: no_one_give_key_on_late_check-in.
B breaks A's assumption? Fill in the blank: No

Example 3:
Phrase A assumes no counter-evidence against its claim: no_evident_not_helpful_staff.
Phrase B is a separate fact: staff_not_speak_English_properly.
B breaks A's assumption? Fill in the blank: Yes

Example 4:
Phrase A assumes no counter-evidence against its claim: no_evident_not_helpful_staff.
Phrase B is a separate fact: not_kind_staff.
B breaks A's assumption? Fill in the blank: No

Now complete the blank for this pair. Output ONLY the missing word (Yes or No), nothing else.

Phrase A assumes no counter-evidence against its claim: have_evident_little_parking_in_evening.
Phrase B is a separate fact: issue_with_internet.
B breaks A's assumption? Fill in the blank:
",No
2026-08-16 22:51:41,3,1045,have_evident_no_beach_towel_provide,no_restaurant_on_off_season,"Complete the sentence by filling in the blank with exactly one word: Yes or No.

Template: ""Phrase A assumes no counter-evidence against its claim. Phrase B is a separate fact.
B breaks A's assumption? Fill in the blank: ____""

Example 1:
Phrase A assumes no counter-evidence against its claim: no_evident_not_easy_check-in.
Phrase B is a separate fact: customer_wait_10_minute_for_greet.
B breaks A's assumption? Fill in the blank: Yes

Example 2:
Phrase A assumes no counter-evidence against its claim: no_evident_not_easy_check-in.
Phrase B is a separate fact: no_one_give_key_on_late_check-in.
B breaks A's assumption? Fill in the blank: No

Example 3:
Phrase A assumes no counter-evidence against its claim: no_evident_not_helpful_staff.
Phrase B is a separate fact: staff_not_speak_English_properly.
B breaks A's assumption? Fill in the blank: Yes

Example 4:
Phrase A assumes no counter-evidence against its claim: no_evident_not_helpful_staff.
Phrase B is a separate fact: not_kind_staff.
B breaks A's assumption? Fill in the blank: No

Now complete the blank for this pair. Output ONLY the missing word (Yes or No), nothing else.

Phrase A assumes no counter-evidence against its claim: have_evident_no_beach_towel_provide.
Phrase B is a separate fact: no_restaurant_on_off_season.
B breaks A's assumption? Fill in the blank:
",No
2026-08-16 22:51:42,3,343,have_evident_no_swimming_pool,slow_elevator,"Complete the sentence by filling in the blank with exactly one word: Yes or No.

Template: ""Phrase A assumes no counter-evidence against its claim. Phrase B is a separate fact.
B breaks A's assumption? Fill in the blank: ____""

Example 1:
Phrase A assumes no counter-evidence against its claim: no_evident_not_easy_check-in.
Phrase B is a separate fact: customer_wait_10_minute_for_greet.
B breaks A's assumption? Fill in the blank: Yes

Example 2:
Phrase A assumes no counter-evidence against its claim: no_evident_not_easy_check-in.
Phrase B is a separate fact: no_one_give_key_on_late_check-in.
B breaks A's assumption? Fill in the blank: No

Example 3:
Phrase A assumes no counter-evidence against its claim: no_evident_not_helpful_staff.
Phrase B is a separate fact: staff_not_speak_English_properly.
B breaks A's assumption? Fill in the blank: Yes

Example 4:
Phrase A assumes no counter-evidence against its claim: no_evident_not_helpful_staff.
Phrase B is a separate fact: not_kind_staff.
B breaks A's assumption? Fill in the blank: No

Now complete the blank for this pair. Output ONLY the missing word (Yes or No), nothing else.

Phrase A assumes no counter-evidence against its claim: have_evident_no_swimming_pool.
Phrase B is a separate fact: slow_elevator.
B breaks A's assumption? Fill in the blank:
",No
2026-08-16 22:51:42,3,2526,have_evident_hotel_not_yet_open_up_for_season,broke_lift,"Complete the sentence by filling in the blank with exactly one word: Yes or No.

Template: ""Phrase A assumes no counter-evidence against its claim. Phrase B is a separate fact.
B breaks A's assumption? Fill in the blank: ____""

Example 1:
Phrase A assumes no counter-evidence against its claim: no_evident_not_easy_check-in.
Phrase B is a separate fact: customer_wait_10_minute_for_greet.
B breaks A's assumption? Fill in the blank: Yes

Example 2:
Phrase A assumes no counter-evidence against its claim: no_evident_not_easy_check-in.
Phrase B is a separate fact: no_one_give_key_on_late_check-in.
B breaks A's assumption? Fill in the blank: No

Example 3:
Phrase A assumes no counter-evidence against its claim: no_evident_not_helpful_staff.
Phrase B is a separate fact: staff_not_speak_English_properly.
B breaks A's assumption? Fill in the blank: Yes

Example 4:
Phrase A assumes no counter-evidence against its claim: no_evident_not_helpful_staff.
Phrase B is a separate fact: not_kind_staff.
B breaks A's assumption? Fill in the blank: No

Now complete the blank for this pair. Output ONLY the missing word (Yes or No), nothing else.

Phrase A assumes no counter-evidence against its claim: have_evident_hotel_not_yet_open_up_for_season.
Phrase B is a separate fact: broke_lift.
B breaks A's assumption? Fill in the blank:
",No
2026-08-16 22:51:42,3,2988,have_evident_minimalistic_hotel,no_restaurant_on_off_season,"Complete the sentence by filling in the blank with exactly one word: Yes or No.

Template: ""Phrase A assumes no counter-evidence against its claim. Phrase B is a separate fact.
B breaks A's assumption? Fill in the blank: ____""

Example 1:
Phrase A assumes no counter-evidence against its claim: no_evident_not_easy_check-in.
Phrase B is a separate fact: customer_wait_10_minute_for_greet.
B breaks A's assumption? Fill in the blank: Yes

Example 2:
Phrase A assumes no counter-evidence against its claim: no_evident_not_easy_check-in.
Phrase B is a separate fact: no_one_give_key_on_late_check-in.
B breaks A's assumption? Fill in the blank: No

Example 3:
Phrase A assumes no counter-evidence against its claim: no_evident_not_helpful_staff.
Phrase B is a separate fact: staff_not_speak_English_properly.
B breaks A's assumption? Fill in the blank: Yes

Example 4:
Phrase A assumes no counter-evidence against its claim: no_evident_not_helpful_staff.
Phrase B is a separate fact: not_kind_staff.
B breaks A's assumption? Fill in the blank: No

Now complete the blank for this pair. Output ONLY the missing word (Yes or No), nothing else.

Phrase A assumes no counter-evidence against its claim: have_evident_minimalistic_hotel.
Phrase B is a separate fact: no_restaurant_on_off_season.
B breaks A's assumption? Fill in the blank:
",No
2026-08-16 22:51:42,3,2932,have_evident_no_warm_inviting_atmosphere,pool_could_be_cleaner,"Complete the sentence by filling in the blank with exactly one word: Yes or No.

Template: ""Phrase A assumes no counter-evidence against its claim. Phrase B is a separate fact.
B breaks A's assumption? Fill in the blank: ____""

Example 1:
Phrase A assumes no counter-evidence against its claim: no_evident_not_easy_check-in.
Phrase B is a separate fact: customer_wait_10_minute_for_greet.
B breaks A's assumption? Fill in the blank: Yes

Example 2:
Phrase A assumes no counter-evidence against its claim: no_evident_not_easy_check-in.
Phrase B is a separate fact: no_one_give_key_on_late_check-in.
B breaks A's assumption? Fill in the blank: No

Example 3:
Phrase A assumes no counter-evidence against its claim: no_evident_not_helpful_staff.
Phrase B is a separate fact: staff_not_speak_English_properly.
B breaks A's assumption? Fill in the blank: Yes

Example 4:
Phrase A assumes no counter-evidence against its claim: no_evident_not_helpful_staff.
Phrase B is a separate fact: not_kind_staff.
B breaks A's assumption? Fill in the blank: No

Now complete the blank for this pair. Output ONLY the missing word (Yes or No), nothing else.

Phrase A assumes no counter-evidence against its claim: have_evident_no_warm_inviting_atmosphere.
Phrase B is a separate fact: pool_could_be_cleaner.
B breaks A's assumption? Fill in the blank:
",No
2026-08-16 22:51:42,3,327,have_evident_not_easy_parking,better_remove_pool_photo,"Complete the sentence by filling in the blank with exactly one word: Yes or No.

Template: ""Phrase A assumes no counter-evidence against its claim. Phrase B is a separate fact.
B breaks A's assumption? Fill in the blank: ____""

Example 1:
Phrase A assumes no counter-evidence against its claim: no_evident_not_easy_check-in.
Phrase B is a separate fact: customer_wait_10_minute_for_greet.
B breaks A's assumption? Fill in the blank: Yes

Example 2:
Phrase A assumes no counter-evidence against its claim: no_evident_not_easy_check-in.
Phrase B is a separate fact: no_one_give_key_on_late_check-in.
B breaks A's assumption? Fill in the blank: No

Example 3:
Phrase A assumes no counter-evidence against its claim: no_evident_not_helpful_staff.
Phrase B is a separate fact: staff_not_speak_English_properly.
B breaks A's assumption? Fill in the blank: Yes

Example 4:
Phrase A assumes no counter-evidence against its claim: no_evident_not_helpful_staff.
Phrase B is a separate fact: not_kind_staff.
B breaks A's assumption? Fill in the blank: No

Now complete the blank for this pair. Output ONLY the missing word (Yes or No), nothing else.

Phrase A assumes no counter-evidence against its claim: have_evident_not_easy_parking.
Phrase B is a separate fact: better_remove_pool_photo.
B breaks A's assumption? Fill in the blank:
",No
2026-08-16 22:51:42,3,1721,have_evident_common_area_light_not_worked_well,badly_maintain_hotel_installation,"Complete the sentence by filling in the blank with exactly one word: Yes or No.

Template: ""Phrase A assumes no counter-evidence against its claim. Phrase B is a separate fact.
B breaks A's assumption? Fill in the blank: ____""

Example 1:
Phrase A assumes no counter-evidence against its claim: no_evident_not_easy_check-in.
Phrase B is a separate fact: customer_wait_10_minute_for_greet.
B breaks A's assumption? Fill in the blank: Yes

Example 2:
Phrase A assumes no counter-evidence against its claim: no_evident_not_easy_check-in.
Phrase B is a separate fact: no_one_give_key_on_late_check-in.
B breaks A's assumption? Fill in the blank: No

Example 3:
Phrase A assumes no counter-evidence against its claim: no_evident_not_helpful_staff.
Phrase B is a separate fact: staff_not_speak_English_properly.
B breaks A's assumption? Fill in the blank: Yes

Example 4:
Phrase A assumes no counter-evidence against its claim: no_evident_not_helpful_staff.
Phrase B is a separate fact: not_kind_staff.
B breaks A's assumption? Fill in the blank: No

Now complete the blank for this pair. Output ONLY the missing word (Yes or No), nothing else.

Phrase A assumes no counter-evidence against its claim: have_evident_common_area_light_not_worked_well.
Phrase B is a separate fact: badly_maintain_hotel_installation.
B breaks A's assumption? Fill in the blank:
",No
2026-08-16 22:51:42,3,2045,have_evident_dangerous_ramp,no_designated_parking,"Complete the sentence by filling in the blank with exactly one word: Yes or No.

Template: ""Phrase A assumes no counter-evidence against its claim. Phrase B is a separate fact.
B breaks A's assumption? Fill in the blank: ____""

Example 1:
Phrase A assumes no counter-evidence against its claim: no_evident_not_easy_check-in.
Phrase B is a separate fact: customer_wait_10_minute_for_greet.
B breaks A's assumption? Fill in the blank: Yes

Example 2:
Phrase A assumes no counter-evidence against its claim: no_evident_not_easy_check-in.
Phrase B is a separate fact: no_one_give_key_on_late_check-in.
B breaks A's assumption? Fill in the blank: No

Example 3:
Phrase A assumes no counter-evidence against its claim: no_evident_not_helpful_staff.
Phrase B is a separate fact: staff_not_speak_English_properly.
B breaks A's assumption? Fill in the blank: Yes

Example 4:
Phrase A assumes no counter-evidence against its claim: no_evident_not_helpful_staff.
Phrase B is a separate fact: not_kind_staff.
B breaks A's assumption? Fill in the blank: No

Now complete the blank for this pair. Output ONLY the missing word (Yes or No), nothing else.

Phrase A assumes no counter-evidence against its claim: have_evident_dangerous_ramp.
Phrase B is a separate fact: no_designated_parking.
B breaks A's assumption? Fill in the blank:
",No
2026-08-16 22:51:43,3,843,have_evident_not_convenient_parking,no_bar_on_off_season,"Complete the sentence by filling in the blank with exactly one word: Yes or No.

Template: ""Phrase A assumes no counter-evidence against its claim. Phrase B is a separate fact.
B breaks A's assumption? Fill in the blank: ____""

Example 1:
Phrase A assumes no counter-evidence against its claim: no_evident_not_easy_check-in.
Phrase B is a separate fact: customer_wait_10_minute_for_greet.
B breaks A's assumption? Fill in the blank: Yes

Example 2:
Phrase A assumes no counter-evidence against its claim: no_evident_not_easy_check-in.
Phrase B is a separate fact: no_one_give_key_on_late_check-in.
B breaks A's assumption? Fill in the blank: No

Example 3:
Phrase A assumes no counter-evidence against its claim: no_evident_not_helpful_staff.
Phrase B is a separate fact: staff_not_speak_English_properly.
B breaks A's assumption? Fill in the blank: Yes

Example 4:
Phrase A assumes no counter-evidence against its claim: no_evident_not_helpful_staff.
Phrase B is a separate fact: not_kind_staff.
B breaks A's assumption? Fill in the blank: No

Now complete the blank for this pair. Output ONLY the missing word (Yes or No), nothing else.

Phrase A assumes no counter-evidence against its claim: have_evident_not_convenient_parking.
Phrase B is a separate fact: no_bar_on_off_season.
B breaks A's assumption? Fill in the blank:
",No
2026-08-16 22:51:43,3,2898,have_evident_no_warm_inviting_atmosphere,no_safety_strip_on_stair,"Complete the sentence by filling in the blank with exactly one word: Yes or No.

Template: ""Phrase A assumes no counter-evidence against its claim. Phrase B is a separate fact.
B breaks A's assumption? Fill in the blank: ____""

Example 1:
Phrase A assumes no counter-evidence against its claim: no_evident_not_easy_check-in.
Phrase B is a separate fact: customer_wait_10_minute_for_greet.
B breaks A's assumption? Fill in the blank: Yes

Example 2:
Phrase A assumes no counter-evidence against its claim: no_evident_not_easy_check-in.
Phrase B is a separate fact: no_one_give_key_on_late_check-in.
B breaks A's assumption? Fill in the blank: No

Example 3:
Phrase A assumes no counter-evidence against its claim: no_evident_not_helpful_staff.
Phrase B is a separate fact: staff_not_speak_English_properly.
B breaks A's assumption? Fill in the blank: Yes

Example 4:
Phrase A assumes no counter-evidence against its claim: no_evident_not_helpful_staff.
Phrase B is a separate fact: not_kind_staff.
B breaks A's assumption? Fill in the blank: No

Now complete the blank for this pair. Output ONLY the missing word (Yes or No), nothing else.

Phrase A assumes no counter-evidence against its claim: have_evident_no_warm_inviting_atmosphere.
Phrase B is a separate fact: no_safety_strip_on_stair.
B breaks A's assumption? Fill in the blank:
",No.
2026-08-16 22:51:43,3,3330,have_evident_limited_facility,broke_lift,"Complete the sentence by filling in the blank with exactly one word: Yes or No.

Template: ""Phrase A assumes no counter-evidence against its claim. Phrase B is a separate fact.
B breaks A's assumption? Fill in the blank: ____""

Example 1:
Phrase A assumes no counter-evidence against its claim: no_evident_not_easy_check-in.
Phrase B is a separate fact: customer_wait_10_minute_for_greet.
B breaks A's assumption? Fill in the blank: Yes

Example 2:
Phrase A assumes no counter-evidence against its claim: no_evident_not_easy_check-in.
Phrase B is a separate fact: no_one_give_key_on_late_check-in.
B breaks A's assumption? Fill in the blank: No

Example 3:
Phrase A assumes no counter-evidence against its claim: no_evident_not_helpful_staff.
Phrase B is a separate fact: staff_not_speak_English_properly.
B breaks A's assumption? Fill in the blank: Yes

Example 4:
Phrase A assumes no counter-evidence against its claim: no_evident_not_helpful_staff.
Phrase B is a separate fact: not_kind_staff.
B breaks A's assumption? Fill in the blank: No

Now complete the blank for this pair. Output ONLY the missing word (Yes or No), nothing else.

Phrase A assumes no counter-evidence against its claim: have_evident_limited_facility.
Phrase B is a separate fact: broke_lift.
B breaks A's assumption? Fill in the blank:
",No
2026-08-16 22:51:43,3,1267,have_evident_tiny_pool,dirty_swimming_pool,"Complete the sentence by filling in the blank with exactly one word: Yes or No.

Template: ""Phrase A assumes no counter-evidence against its claim. Phrase B is a separate fact.
B breaks A's assumption? Fill in the blank: ____""

Example 1:
Phrase A assumes no counter-evidence against its claim: no_evident_not_easy_check-in.
Phrase B is a separate fact: customer_wait_10_minute_for_greet.
B breaks A's assumption? Fill in the blank: Yes

Example 2:
Phrase A assumes no counter-evidence against its claim: no_evident_not_easy_check-in.
Phrase B is a separate fact: no_one_give_key_on_late_check-in.
B breaks A's assumption? Fill in the blank: No

Example 3:
Phrase A assumes no counter-evidence against its claim: no_evident_not_helpful_staff.
Phrase B is a separate fact: staff_not_speak_English_properly.
B breaks A's assumption? Fill in the blank: Yes

Example 4:
Phrase A assumes no counter-evidence against its claim: no_evident_not_helpful_staff.
Phrase B is a separate fact: not_kind_staff.
B breaks A's assumption? Fill in the blank: No

Now complete the blank for this pair. Output ONLY the missing word (Yes or No), nothing else.

Phrase A assumes no counter-evidence against its claim: have_evident_tiny_pool.
Phrase B is a separate fact: dirty_swimming_pool.
B breaks A's assumption? Fill in the blank:
",No
2026-08-16 22:51:44,3,1940,have_evident_not_EU_regulation_ramp,not_encourage_to_use_relaxation_zone,"Complete the sentence by filling in the blank with exactly one word: Yes or No.

Template: ""Phrase A assumes no counter-evidence against its claim. Phrase B is a separate fact.
B breaks A's assumption? Fill in the blank: ____""

Example 1:
Phrase A assumes no counter-evidence against its claim: no_evident_not_easy_check-in.
Phrase B is a separate fact: customer_wait_10_minute_for_greet.
B breaks A's assumption? Fill in the blank: Yes

Example 2:
Phrase A assumes no counter-evidence against its claim: no_evident_not_easy_check-in.
Phrase B is a separate fact: no_one_give_key_on_late_check-in.
B breaks A's assumption? Fill in the blank: No

Example 3:
Phrase A assumes no counter-evidence against its claim: no_evident_not_helpful_staff.
Phrase B is a separate fact: staff_not_speak_English_properly.
B breaks A's assumption? Fill in the blank: Yes

Example 4:
Phrase A assumes no counter-evidence against its claim: no_evident_not_helpful_staff.
Phrase B is a separate fact: not_kind_staff.
B breaks A's assumption? Fill in the blank: No

Now complete the blank for this pair. Output ONLY the missing word (Yes or No), nothing else.

Phrase A assumes no counter-evidence against its claim: have_evident_not_EU_regulation_ramp.
Phrase B is a separate fact: not_encourage_to_use_relaxation_zone.
B breaks A's assumption? Fill in the blank:
",No
2026-08-16 22:51:44,3,1332,have_evident_not_much_parking,better_remove_pool_photo,"Complete the sentence by filling in the blank with exactly one word: Yes or No.

Template: ""Phrase A assumes no counter-evidence against its claim. Phrase B is a separate fact.
B breaks A's assumption? Fill in the blank: ____""

Example 1:
Phrase A assumes no counter-evidence against its claim: no_evident_not_easy_check-in.
Phrase B is a separate fact: customer_wait_10_minute_for_greet.
B breaks A's assumption? Fill in the blank: Yes

Example 2:
Phrase A assumes no counter-evidence against its claim: no_evident_not_easy_check-in.
Phrase B is a separate fact: no_one_give_key_on_late_check-in.
B breaks A's assumption? Fill in the blank: No

Example 3:
Phrase A assumes no counter-evidence against its claim: no_evident_not_helpful_staff.
Phrase B is a separate fact: staff_not_speak_English_properly.
B breaks A's assumption? Fill in the blank: Yes

Example 4:
Phrase A assumes no counter-evidence against its claim: no_evident_not_helpful_staff.
Phrase B is a separate fact: not_kind_staff.
B breaks A's assumption? Fill in the blank: No

Now complete the blank for this pair. Output ONLY the missing word (Yes or No), nothing else.

Phrase A assumes no counter-evidence against its claim: have_evident_not_much_parking.
Phrase B is a separate fact: better_remove_pool_photo.
B breaks A's assumption? Fill in the blank:
",No
2026-08-16 22:51:44,3,1451,have_evident_pool_could_be_bigger,no_warm_inviting_atmosphere,"Complete the sentence by filling in the blank with exactly one word: Yes or No.

Template: ""Phrase A assumes no counter-evidence against its claim. Phrase B is a separate fact.
B breaks A's assumption? Fill in the blank: ____""

Example 1:
Phrase A assumes no counter-evidence against its claim: no_evident_not_easy_check-in.
Phrase B is a separate fact: customer_wait_10_minute_for_greet.
B breaks A's assumption? Fill in the blank: Yes

Example 2:
Phrase A assumes no counter-evidence against its claim: no_evident_not_easy_check-in.
Phrase B is a separate fact: no_one_give_key_on_late_check-in.
B breaks A's assumption? Fill in the blank: No

Example 3:
Phrase A assumes no counter-evidence against its claim: no_evident_not_helpful_staff.
Phrase B is a separate fact: staff_not_speak_English_properly.
B breaks A's assumption? Fill in the blank: Yes

Example 4:
Phrase A assumes no counter-evidence against its claim: no_evident_not_helpful_staff.
Phrase B is a separate fact: not_kind_staff.
B breaks A's assumption? Fill in the blank: No

Now complete the blank for this pair. Output ONLY the missing word (Yes or No), nothing else.

Phrase A assumes no counter-evidence against its claim: have_evident_pool_could_be_bigger.
Phrase B is a separate fact: no_warm_inviting_atmosphere.
B breaks A's assumption? Fill in the blank:
",No.
2026-08-16 22:51:44,3,3378,have_evident_pool_could_be_cleaner,head_bump_doorway,"Complete the sentence by filling in the blank with exactly one word: Yes or No.

Template: ""Phrase A assumes no counter-evidence against its claim. Phrase B is a separate fact.
B breaks A's assumption? Fill in the blank: ____""

Example 1:
Phrase A assumes no counter-evidence against its claim: no_evident_not_easy_check-in.
Phrase B is a separate fact: customer_wait_10_minute_for_greet.
B breaks A's assumption? Fill in the blank: Yes

Example 2:
Phrase A assumes no counter-evidence against its claim: no_evident_not_easy_check-in.
Phrase B is a separate fact: no_one_give_key_on_late_check-in.
B breaks A's assumption? Fill in the blank: No

Example 3:
Phrase A assumes no counter-evidence against its claim: no_evident_not_helpful_staff.
Phrase B is a separate fact: staff_not_speak_English_properly.
B breaks A's assumption? Fill in the blank: Yes

Example 4:
Phrase A assumes no counter-evidence against its claim: no_evident_not_helpful_staff.
Phrase B is a separate fact: not_kind_staff.
B breaks A's assumption? Fill in the blank: No

Now complete the blank for this pair. Output ONLY the missing word (Yes or No), nothing else.

Phrase A assumes no counter-evidence against its claim: have_evident_pool_could_be_cleaner.
Phrase B is a separate fact: head_bump_doorway.
B breaks A's assumption? Fill in the blank:
",No
2026-08-16 22:51:44,3,204,have_evident_no_pool,not_easy_to_access entry_at_odd_hour,"Complete the sentence by filling in the blank with exactly one word: Yes or No.

Template: ""Phrase A assumes no counter-evidence against its claim. Phrase B is a separate fact.
B breaks A's assumption? Fill in the blank: ____""

Example 1:
Phrase A assumes no counter-evidence against its claim: no_evident_not_easy_check-in.
Phrase B is a separate fact: customer_wait_10_minute_for_greet.
B breaks A's assumption? Fill in the blank: Yes

Example 2:
Phrase A assumes no counter-evidence against its claim: no_evident_not_easy_check-in.
Phrase B is a separate fact: no_one_give_key_on_late_check-in.
B breaks A's assumption? Fill in the blank: No

Example 3:
Phrase A assumes no counter-evidence against its claim: no_evident_not_helpful_staff.
Phrase B is a separate fact: staff_not_speak_English_properly.
B breaks A's assumption? Fill in the blank: Yes

Example 4:
Phrase A assumes no counter-evidence against its claim: no_evident_not_helpful_staff.
Phrase B is a separate fact: not_kind_staff.
B breaks A's assumption? Fill in the blank: No

Now complete the blank for this pair. Output ONLY the missing word (Yes or No), nothing else.

Phrase A assumes no counter-evidence against its claim: have_evident_no_pool.
Phrase B is a separate fact: not_easy_to_access entry_at_odd_hour.
B breaks A's assumption? Fill in the blank:
",No
2026-08-16 22:51:44,3,1470,have_evident_pool_could_be_bigger,not_everything_perfect_yet,"Complete the sentence by filling in the blank with exactly one word: Yes or No.

Template: ""Phrase A assumes no counter-evidence against its claim. Phrase B is a separate fact.
B breaks A's assumption? Fill in the blank: ____""

Example 1:
Phrase A assumes no counter-evidence against its claim: no_evident_not_easy_check-in.
Phrase B is a separate fact: customer_wait_10_minute_for_greet.
B breaks A's assumption? Fill in the blank: Yes

Example 2:
Phrase A assumes no counter-evidence against its claim: no_evident_not_easy_check-in.
Phrase B is a separate fact: no_one_give_key_on_late_check-in.
B breaks A's assumption? Fill in the blank: No

Example 3:
Phrase A assumes no counter-evidence against its claim: no_evident_not_helpful_staff.
Phrase B is a separate fact: staff_not_speak_English_properly.
B breaks A's assumption? Fill in the blank: Yes

Example 4:
Phrase A assumes no counter-evidence against its claim: no_evident_not_helpful_staff.
Phrase B is a separate fact: not_kind_staff.
B breaks A's assumption? Fill in the blank: No

Now complete the blank for this pair. Output ONLY the missing word (Yes or No), nothing else.

Phrase A assumes no counter-evidence against its claim: have_evident_pool_could_be_bigger.
Phrase B is a separate fact: not_everything_perfect_yet.
B breaks A's assumption? Fill in the blank:
",No
2026-08-16 22:51:44,3,2722,have_evident_no_pool_on_off_season,available_facility_not_clear_on_booking,"Complete the sentence by filling in the blank with exactly one word: Yes or No.

Template: ""Phrase A assumes no counter-evidence against its claim. Phrase B is a separate fact.
B breaks A's assumption? Fill in the blank: ____""

Example 1:
Phrase A assumes no counter-evidence against its claim: no_evident_not_easy_check-in.
Phrase B is a separate fact: customer_wait_10_minute_for_greet.
B breaks A's assumption? Fill in the blank: Yes

Example 2:
Phrase A assumes no counter-evidence against its claim: no_evident_not_easy_check-in.
Phrase B is a separate fact: no_one_give_key_on_late_check-in.
B breaks A's assumption? Fill in the blank: No

Example 3:
Phrase A assumes no counter-evidence against its claim: no_evident_not_helpful_staff.
Phrase B is a separate fact: staff_not_speak_English_properly.
B breaks A's assumption? Fill in the blank: Yes

Example 4:
Phrase A assumes no counter-evidence against its claim: no_evident_not_helpful_staff.
Phrase B is a separate fact: not_kind_staff.
B breaks A's assumption? Fill in the blank: No

Now complete the blank for this pair. Output ONLY the missing word (Yes or No), nothing else.

Phrase A assumes no counter-evidence against its claim: have_evident_no_pool_on_off_season.
Phrase B is a separate fact: available_facility_not_clear_on_booking.
B breaks A's assumption? Fill in the blank:
",No
2026-08-16 22:51:45,3,3373,have_evident_pool_could_be_cleaner,need_renovation_in_lobby,"Complete the sentence by filling in the blank with exactly one word: Yes or No.

Template: ""Phrase A assumes no counter-evidence against its claim. Phrase B is a separate fact.
B breaks A's assumption? Fill in the blank: ____""

Example 1:
Phrase A assumes no counter-evidence against its claim: no_evident_not_easy_check-in.
Phrase B is a separate fact: customer_wait_10_minute_for_greet.
B breaks A's assumption? Fill in the blank: Yes

Example 2:
Phrase A assumes no counter-evidence against its claim: no_evident_not_easy_check-in.
Phrase B is a separate fact: no_one_give_key_on_late_check-in.
B breaks A's assumption? Fill in the blank: No

Example 3:
Phrase A assumes no counter-evidence against its claim: no_evident_not_helpful_staff.
Phrase B is a separate fact: staff_not_speak_English_properly.
B breaks A's assumption? Fill in the blank: Yes

Example 4:
Phrase A assumes no counter-evidence against its claim: no_evident_not_helpful_staff.
Phrase B is a separate fact: not_kind_staff.
B breaks A's assumption? Fill in the blank: No

Now complete the blank for this pair. Output ONLY the missing word (Yes or No), nothing else.

Phrase A assumes no counter-evidence against its claim: have_evident_pool_could_be_cleaner.
Phrase B is a separate fact: need_renovation_in_lobby.
B breaks A's assumption? Fill in the blank:
",No
2026-08-16 22:51:45,3,2033,have_evident_dangerous_ramp,need_renovation_in_lobby,"Complete the sentence by filling in the blank with exactly one word: Yes or No.

Template: ""Phrase A assumes no counter-evidence against its claim. Phrase B is a separate fact.
B breaks A's assumption? Fill in the blank: ____""

Example 1:
Phrase A assumes no counter-evidence against its claim: no_evident_not_easy_check-in.
Phrase B is a separate fact: customer_wait_10_minute_for_greet.
B breaks A's assumption? Fill in the blank: Yes

Example 2:
Phrase A assumes no counter-evidence against its claim: no_evident_not_easy_check-in.
Phrase B is a separate fact: no_one_give_key_on_late_check-in.
B breaks A's assumption? Fill in the blank: No

Example 3:
Phrase A assumes no counter-evidence against its claim: no_evident_not_helpful_staff.
Phrase B is a separate fact: staff_not_speak_English_properly.
B breaks A's assumption? Fill in the blank: Yes

Example 4:
Phrase A assumes no counter-evidence against its claim: no_evident_not_helpful_staff.
Phrase B is a separate fact: not_kind_staff.
B breaks A's assumption? Fill in the blank: No

Now complete the blank for this pair. Output ONLY the missing word (Yes or No), nothing else.

Phrase A assumes no counter-evidence against its claim: have_evident_dangerous_ramp.
Phrase B is a separate fact: need_renovation_in_lobby.
B breaks A's assumption? Fill in the blank:
",No
2026-08-16 22:51:45,3,2186,have_evident_limited_parking,available_facility_not_clear_on_booking,"Complete the sentence by filling in the blank with exactly one word: Yes or No.

Template: ""Phrase A assumes no counter-evidence against its claim. Phrase B is a separate fact.
B breaks A's assumption? Fill in the blank: ____""

Example 1:
Phrase A assumes no counter-evidence against its claim: no_evident_not_easy_check-in.
Phrase B is a separate fact: customer_wait_10_minute_for_greet.
B breaks A's assumption? Fill in the blank: Yes

Example 2:
Phrase A assumes no counter-evidence against its claim: no_evident_not_easy_check-in.
Phrase B is a separate fact: no_one_give_key_on_late_check-in.
B breaks A's assumption? Fill in the blank: No

Example 3:
Phrase A assumes no counter-evidence against its claim: no_evident_not_helpful_staff.
Phrase B is a separate fact: staff_not_speak_English_properly.
B breaks A's assumption? Fill in the blank: Yes

Example 4:
Phrase A assumes no counter-evidence against its claim: no_evident_not_helpful_staff.
Phrase B is a separate fact: not_kind_staff.
B breaks A's assumption? Fill in the blank: No

Now complete the blank for this pair. Output ONLY the missing word (Yes or No), nothing else.

Phrase A assumes no counter-evidence against its claim: have_evident_limited_parking.
Phrase B is a separate fact: available_facility_not_clear_on_booking.
B breaks A's assumption? Fill in the blank:
",No
2026-08-16 22:51:45,3,1305,have_evident_not_much_parking,hotel_not_accessible_to_wheelchair_as_it_said,"Complete the sentence by filling in the blank with exactly one word: Yes or No.

Template: ""Phrase A assumes no counter-evidence against its claim. Phrase B is a separate fact.
B breaks A's assumption? Fill in the blank: ____""

Example 1:
Phrase A assumes no counter-evidence against its claim: no_evident_not_easy_check-in.
Phrase B is a separate fact: customer_wait_10_minute_for_greet.
B breaks A's assumption? Fill in the blank: Yes

Example 2:
Phrase A assumes no counter-evidence against its claim: no_evident_not_easy_check-in.
Phrase B is a separate fact: no_one_give_key_on_late_check-in.
B breaks A's assumption? Fill in the blank: No

Example 3:
Phrase A assumes no counter-evidence against its claim: no_evident_not_helpful_staff.
Phrase B is a separate fact: staff_not_speak_English_properly.
B breaks A's assumption? Fill in the blank: Yes

Example 4:
Phrase A assumes no counter-evidence against its claim: no_evident_not_helpful_staff.
Phrase B is a separate fact: not_kind_staff.
B breaks A's assumption? Fill in the blank: No

Now complete the blank for this pair. Output ONLY the missing word (Yes or No), nothing else.

Phrase A assumes no counter-evidence against its claim: have_evident_not_much_parking.
Phrase B is a separate fact: hotel_not_accessible_to_wheelchair_as_it_said.
B breaks A's assumption? Fill in the blank:
",No
2026-08-16 22:51:45,3,886,have_evident_main_door_not_close,main_door_slam_at_night,"Complete the sentence by filling in the blank with exactly one word: Yes or No.

Template: ""Phrase A assumes no counter-evidence against its claim. Phrase B is a separate fact.
B breaks A's assumption? Fill in the blank: ____""

Example 1:
Phrase A assumes no counter-evidence against its claim: no_evident_not_easy_check-in.
Phrase B is a separate fact: customer_wait_10_minute_for_greet.
B breaks A's assumption? Fill in the blank: Yes

Example 2:
Phrase A assumes no counter-evidence against its claim: no_evident_not_easy_check-in.
Phrase B is a separate fact: no_one_give_key_on_late_check-in.
B breaks A's assumption? Fill in the blank: No

Example 3:
Phrase A assumes no counter-evidence against its claim: no_evident_not_helpful_staff.
Phrase B is a separate fact: staff_not_speak_English_properly.
B breaks A's assumption? Fill in the blank: Yes

Example 4:
Phrase A assumes no counter-evidence against its claim: no_evident_not_helpful_staff.
Phrase B is a separate fact: not_kind_staff.
B breaks A's assumption? Fill in the blank: No

Now complete the blank for this pair. Output ONLY the missing word (Yes or No), nothing else.

Phrase A assumes no counter-evidence against its claim: have_evident_main_door_not_close.
Phrase B is a separate fact: main_door_slam_at_night.
B breaks A's assumption? Fill in the blank:
",No
2026-08-16 22:51:45,3,3134,have_evident_broke_lift,has_parking_if_lucky,"Complete the sentence by filling in the blank with exactly one word: Yes or No.

Template: ""Phrase A assumes no counter-evidence against its claim. Phrase B is a separate fact.
B breaks A's assumption? Fill in the blank: ____""

Example 1:
Phrase A assumes no counter-evidence against its claim: no_evident_not_easy_check-in.
Phrase B is a separate fact: customer_wait_10_minute_for_greet.
B breaks A's assumption? Fill in the blank: Yes

Example 2:
Phrase A assumes no counter-evidence against its claim: no_evident_not_easy_check-in.
Phrase B is a separate fact: no_one_give_key_on_late_check-in.
B breaks A's assumption? Fill in the blank: No

Example 3:
Phrase A assumes no counter-evidence against its claim: no_evident_not_helpful_staff.
Phrase B is a separate fact: staff_not_speak_English_properly.
B breaks A's assumption? Fill in the blank: Yes

Example 4:
Phrase A assumes no counter-evidence against its claim: no_evident_not_helpful_staff.
Phrase B is a separate fact: not_kind_staff.
B breaks A's assumption? Fill in the blank: No

Now complete the blank for this pair. Output ONLY the missing word (Yes or No), nothing else.

Phrase A assumes no counter-evidence against its claim: have_evident_broke_lift.
Phrase B is a separate fact: has_parking_if_lucky.
B breaks A's assumption? Fill in the blank:
",No
2026-08-16 22:51:45,3,318,have_evident_not_easy_parking,limited_facility,"Complete the sentence by filling in the blank with exactly one word: Yes or No.

Template: ""Phrase A assumes no counter-evidence against its claim. Phrase B is a separate fact.
B breaks A's assumption? Fill in the blank: ____""

Example 1:
Phrase A assumes no counter-evidence against its claim: no_evident_not_easy_check-in.
Phrase B is a separate fact: customer_wait_10_minute_for_greet.
B breaks A's assumption? Fill in the blank: Yes

Example 2:
Phrase A assumes no counter-evidence against its claim: no_evident_not_easy_check-in.
Phrase B is a separate fact: no_one_give_key_on_late_check-in.
B breaks A's assumption? Fill in the blank: No

Example 3:
Phrase A assumes no counter-evidence against its claim: no_evident_not_helpful_staff.
Phrase B is a separate fact: staff_not_speak_English_properly.
B breaks A's assumption? Fill in the blank: Yes

Example 4:
Phrase A assumes no counter-evidence against its claim: no_evident_not_helpful_staff.
Phrase B is a separate fact: not_kind_staff.
B breaks A's assumption? Fill in the blank: No

Now complete the blank for this pair. Output ONLY the missing word (Yes or No), nothing else.

Phrase A assumes no counter-evidence against its claim: have_evident_not_easy_parking.
Phrase B is a separate fact: limited_facility.
B breaks A's assumption? Fill in the blank:
",No
2026-08-16 22:51:45,3,3856,have_evident_pool_close,issue_with_internet,"Complete the sentence by filling in the blank with exactly one word: Yes or No.

Template: ""Phrase A assumes no counter-evidence against its claim. Phrase B is a separate fact.
B breaks A's assumption? Fill in the blank: ____""

Example 1:
Phrase A assumes no counter-evidence against its claim: no_evident_not_easy_check-in.
Phrase B is a separate fact: customer_wait_10_minute_for_greet.
B breaks A's assumption? Fill in the blank: Yes

Example 2:
Phrase A assumes no counter-evidence against its claim: no_evident_not_easy_check-in.
Phrase B is a separate fact: no_one_give_key_on_late_check-in.
B breaks A's assumption? Fill in the blank: No

Example 3:
Phrase A assumes no counter-evidence against its claim: no_evident_not_helpful_staff.
Phrase B is a separate fact: staff_not_speak_English_properly.
B breaks A's assumption? Fill in the blank: Yes

Example 4:
Phrase A assumes no counter-evidence against its claim: no_evident_not_helpful_staff.
Phrase B is a separate fact: not_kind_staff.
B breaks A's assumption? Fill in the blank: No

Now complete the blank for this pair. Output ONLY the missing word (Yes or No), nothing else.

Phrase A assumes no counter-evidence against its claim: have_evident_pool_close.
Phrase B is a separate fact: issue_with_internet.
B breaks A's assumption? Fill in the blank:
",No
2026-08-16 22:51:46,3,1823,have_evident_head_bump_doorway,main_door_not_close,"Complete the sentence by filling in the blank with exactly one word: Yes or No.

Template: ""Phrase A assumes no counter-evidence against its claim. Phrase B is a separate fact.
B breaks A's assumption? Fill in the blank: ____""

Example 1:
Phrase A assumes no counter-evidence against its claim: no_evident_not_easy_check-in.
Phrase B is a separate fact: customer_wait_10_minute_for_greet.
B breaks A's assumption? Fill in the blank: Yes

Example 2:
Phrase A assumes no counter-evidence against its claim: no_evident_not_easy_check-in.
Phrase B is a separate fact: no_one_give_key_on_late_check-in.
B breaks A's assumption? Fill in the blank: No

Example 3:
Phrase A assumes no counter-evidence against its claim: no_evident_not_helpful_staff.
Phrase B is a separate fact: staff_not_speak_English_properly.
B breaks A's assumption? Fill in the blank: Yes

Example 4:
Phrase A assumes no counter-evidence against its claim: no_evident_not_helpful_staff.
Phrase B is a separate fact: not_kind_staff.
B breaks A's assumption? Fill in the blank: No

Now complete the blank for this pair. Output ONLY the missing word (Yes or No), nothing else.

Phrase A assumes no counter-evidence against its claim: have_evident_head_bump_doorway.
Phrase B is a separate fact: main_door_not_close.
B breaks A's assumption? Fill in the blank:
",No
2026-08-16 22:51:46,3,1635,have_evident_need_renovation_in_elevator,low_doorway_leading_to_elevator,"Complete the sentence by filling in the blank with exactly one word: Yes or No.

Template: ""Phrase A assumes no counter-evidence against its claim. Phrase B is a separate fact.
B breaks A's assumption? Fill in the blank: ____""

Example 1:
Phrase A assumes no counter-evidence against its claim: no_evident_not_easy_check-in.
Phrase B is a separate fact: customer_wait_10_minute_for_greet.
B breaks A's assumption? Fill in the blank: Yes

Example 2:
Phrase A assumes no counter-evidence against its claim: no_evident_not_easy_check-in.
Phrase B is a separate fact: no_one_give_key_on_late_check-in.
B breaks A's assumption? Fill in the blank: No

Example 3:
Phrase A assumes no counter-evidence against its claim: no_evident_not_helpful_staff.
Phrase B is a separate fact: staff_not_speak_English_properly.
B breaks A's assumption? Fill in the blank: Yes

Example 4:
Phrase A assumes no counter-evidence against its claim: no_evident_not_helpful_staff.
Phrase B is a separate fact: not_kind_staff.
B breaks A's assumption? Fill in the blank: No

Now complete the blank for this pair. Output ONLY the missing word (Yes or No), nothing else.

Phrase A assumes no counter-evidence against its claim: have_evident_need_renovation_in_elevator.
Phrase B is a separate fact: low_doorway_leading_to_elevator.
B breaks A's assumption? Fill in the blank:
",No
2026-08-16 22:51:46,3,3771,have_evident_old_furniture,tiny_pool,"Complete the sentence by filling in the blank with exactly one word: Yes or No.

Template: ""Phrase A assumes no counter-evidence against its claim. Phrase B is a separate fact.
B breaks A's assumption? Fill in the blank: ____""

Example 1:
Phrase A assumes no counter-evidence against its claim: no_evident_not_easy_check-in.
Phrase B is a separate fact: customer_wait_10_minute_for_greet.
B breaks A's assumption? Fill in the blank: Yes

Example 2:
Phrase A assumes no counter-evidence against its claim: no_evident_not_easy_check-in.
Phrase B is a separate fact: no_one_give_key_on_late_check-in.
B breaks A's assumption? Fill in the blank: No

Example 3:
Phrase A assumes no counter-evidence against its claim: no_evident_not_helpful_staff.
Phrase B is a separate fact: staff_not_speak_English_properly.
B breaks A's assumption? Fill in the blank: Yes

Example 4:
Phrase A assumes no counter-evidence against its claim: no_evident_not_helpful_staff.
Phrase B is a separate fact: not_kind_staff.
B breaks A's assumption? Fill in the blank: No

Now complete the blank for this pair. Output ONLY the missing word (Yes or No), nothing else.

Phrase A assumes no counter-evidence against its claim: have_evident_old_furniture.
Phrase B is a separate fact: tiny_pool.
B breaks A's assumption? Fill in the blank:
",No
2026-08-16 22:51:46,3,2865,have_evident_feel_cold_inviting,pool_could_be_cleaner,"Complete the sentence by filling in the blank with exactly one word: Yes or No.

Template: ""Phrase A assumes no counter-evidence against its claim. Phrase B is a separate fact.
B breaks A's assumption? Fill in the blank: ____""

Example 1:
Phrase A assumes no counter-evidence against its claim: no_evident_not_easy_check-in.
Phrase B is a separate fact: customer_wait_10_minute_for_greet.
B breaks A's assumption? Fill in the blank: Yes

Example 2:
Phrase A assumes no counter-evidence against its claim: no_evident_not_easy_check-in.
Phrase B is a separate fact: no_one_give_key_on_late_check-in.
B breaks A's assumption? Fill in the blank: No

Example 3:
Phrase A assumes no counter-evidence against its claim: no_evident_not_helpful_staff.
Phrase B is a separate fact: staff_not_speak_English_properly.
B breaks A's assumption? Fill in the blank: Yes

Example 4:
Phrase A assumes no counter-evidence against its claim: no_evident_not_helpful_staff.
Phrase B is a separate fact: not_kind_staff.
B breaks A's assumption? Fill in the blank: No

Now complete the blank for this pair. Output ONLY the missing word (Yes or No), nothing else.

Phrase A assumes no counter-evidence against its claim: have_evident_feel_cold_inviting.
Phrase B is a separate fact: pool_could_be_cleaner.
B breaks A's assumption? Fill in the blank:
",No
2026-08-16 22:51:47,3,2501,have_evident_hotel_not_yet_open_up_for_season,pool_could_be_bigger,"Complete the sentence by filling in the blank with exactly one word: Yes or No.

Template: ""Phrase A assumes no counter-evidence against its claim. Phrase B is a separate fact.
B breaks A's assumption? Fill in the blank: ____""

Example 1:
Phrase A assumes no counter-evidence against its claim: no_evident_not_easy_check-in.
Phrase B is a separate fact: customer_wait_10_minute_for_greet.
B breaks A's assumption? Fill in the blank: Yes

Example 2:
Phrase A assumes no counter-evidence against its claim: no_evident_not_easy_check-in.
Phrase B is a separate fact: no_one_give_key_on_late_check-in.
B breaks A's assumption? Fill in the blank: No

Example 3:
Phrase A assumes no counter-evidence against its claim: no_evident_not_helpful_staff.
Phrase B is a separate fact: staff_not_speak_English_properly.
B breaks A's assumption? Fill in the blank: Yes

Example 4:
Phrase A assumes no counter-evidence against its claim: no_evident_not_helpful_staff.
Phrase B is a separate fact: not_kind_staff.
B breaks A's assumption? Fill in the blank: No

Now complete the blank for this pair. Output ONLY the missing word (Yes or No), nothing else.

Phrase A assumes no counter-evidence against its claim: have_evident_hotel_not_yet_open_up_for_season.
Phrase B is a separate fact: pool_could_be_bigger.
B breaks A's assumption? Fill in the blank:
",No
2026-08-16 22:51:47,3,1865,have_evident_head_bump_doorway,need_improvement_reception,"Complete the sentence by filling in the blank with exactly one word: Yes or No.

Template: ""Phrase A assumes no counter-evidence against its claim. Phrase B is a separate fact.
B breaks A's assumption? Fill in the blank: ____""

Example 1:
Phrase A assumes no counter-evidence against its claim: no_evident_not_easy_check-in.
Phrase B is a separate fact: customer_wait_10_minute_for_greet.
B breaks A's assumption? Fill in the blank: Yes

Example 2:
Phrase A assumes no counter-evidence against its claim: no_evident_not_easy_check-in.
Phrase B is a separate fact: no_one_give_key_on_late_check-in.
B breaks A's assumption? Fill in the blank: No

Example 3:
Phrase A assumes no counter-evidence against its claim: no_evident_not_helpful_staff.
Phrase B is a separate fact: staff_not_speak_English_properly.
B breaks A's assumption? Fill in the blank: Yes

Example 4:
Phrase A assumes no counter-evidence against its claim: no_evident_not_helpful_staff.
Phrase B is a separate fact: not_kind_staff.
B breaks A's assumption? Fill in the blank: No

Now complete the blank for this pair. Output ONLY the missing word (Yes or No), nothing else.

Phrase A assumes no counter-evidence against its claim: have_evident_head_bump_doorway.
Phrase B is a separate fact: need_improvement_reception.
B breaks A's assumption? Fill in the blank:
",No
2026-08-16 22:51:47,3,1827,have_evident_head_bump_doorway,cold_for_swim,"Complete the sentence by filling in the blank with exactly one word: Yes or No.

Template: ""Phrase A assumes no counter-evidence against its claim. Phrase B is a separate fact.
B breaks A's assumption? Fill in the blank: ____""

Example 1:
Phrase A assumes no counter-evidence against its claim: no_evident_not_easy_check-in.
Phrase B is a separate fact: customer_wait_10_minute_for_greet.
B breaks A's assumption? Fill in the blank: Yes

Example 2:
Phrase A assumes no counter-evidence against its claim: no_evident_not_easy_check-in.
Phrase B is a separate fact: no_one_give_key_on_late_check-in.
B breaks A's assumption? Fill in the blank: No

Example 3:
Phrase A assumes no counter-evidence against its claim: no_evident_not_helpful_staff.
Phrase B is a separate fact: staff_not_speak_English_properly.
B breaks A's assumption? Fill in the blank: Yes

Example 4:
Phrase A assumes no counter-evidence against its claim: no_evident_not_helpful_staff.
Phrase B is a separate fact: not_kind_staff.
B breaks A's assumption? Fill in the blank: No

Now complete the blank for this pair. Output ONLY the missing word (Yes or No), nothing else.

Phrase A assumes no counter-evidence against its claim: have_evident_head_bump_doorway.
Phrase B is a separate fact: cold_for_swim.
B breaks A's assumption? Fill in the blank:
",No
2026-08-16 22:51:47,3,194,have_evident_not_easy_to_access entry_at_odd_hour,small_swimming_pool,"Complete the sentence by filling in the blank with exactly one word: Yes or No.

Template: ""Phrase A assumes no counter-evidence against its claim. Phrase B is a separate fact.
B breaks A's assumption? Fill in the blank: ____""

Example 1:
Phrase A assumes no counter-evidence against its claim: no_evident_not_easy_check-in.
Phrase B is a separate fact: customer_wait_10_minute_for_greet.
B breaks A's assumption? Fill in the blank: Yes

Example 2:
Phrase A assumes no counter-evidence against its claim: no_evident_not_easy_check-in.
Phrase B is a separate fact: no_one_give_key_on_late_check-in.
B breaks A's assumption? Fill in the blank: No

Example 3:
Phrase A assumes no counter-evidence against its claim: no_evident_not_helpful_staff.
Phrase B is a separate fact: staff_not_speak_English_properly.
B breaks A's assumption? Fill in the blank: Yes

Example 4:
Phrase A assumes no counter-evidence against its claim: no_evident_not_helpful_staff.
Phrase B is a separate fact: not_kind_staff.
B breaks A's assumption? Fill in the blank: No

Now complete the blank for this pair. Output ONLY the missing word (Yes or No), nothing else.

Phrase A assumes no counter-evidence against its claim: have_evident_not_easy_to_access entry_at_odd_hour.
Phrase B is a separate fact: small_swimming_pool.
B breaks A's assumption? Fill in the blank:
",No
2026-08-16 22:51:47,3,1583,have_evident_need_renovation_in_common_area,available_facility_not_clear_on_booking,"Complete the sentence by filling in the blank with exactly one word: Yes or No.

Template: ""Phrase A assumes no counter-evidence against its claim. Phrase B is a separate fact.
B breaks A's assumption? Fill in the blank: ____""

Example 1:
Phrase A assumes no counter-evidence against its claim: no_evident_not_easy_check-in.
Phrase B is a separate fact: customer_wait_10_minute_for_greet.
B breaks A's assumption? Fill in the blank: Yes

Example 2:
Phrase A assumes no counter-evidence against its claim: no_evident_not_easy_check-in.
Phrase B is a separate fact: no_one_give_key_on_late_check-in.
B breaks A's assumption? Fill in the blank: No

Example 3:
Phrase A assumes no counter-evidence against its claim: no_evident_not_helpful_staff.
Phrase B is a separate fact: staff_not_speak_English_properly.
B breaks A's assumption? Fill in the blank: Yes

Example 4:
Phrase A assumes no counter-evidence against its claim: no_evident_not_helpful_staff.
Phrase B is a separate fact: not_kind_staff.
B breaks A's assumption? Fill in the blank: No

Now complete the blank for this pair. Output ONLY the missing word (Yes or No), nothing else.

Phrase A assumes no counter-evidence against its claim: have_evident_need_renovation_in_common_area.
Phrase B is a separate fact: available_facility_not_clear_on_booking.
B breaks A's assumption? Fill in the blank:
",No
2026-08-16 22:51:48,3,3265,have_evident_not_accurate_pool_picture,not_accurate_pool_picture,"Complete the sentence by filling in the blank with exactly one word: Yes or No.

Template: ""Phrase A assumes no counter-evidence against its claim. Phrase B is a separate fact.
B breaks A's assumption? Fill in the blank: ____""

Example 1:
Phrase A assumes no counter-evidence against its claim: no_evident_not_easy_check-in.
Phrase B is a separate fact: customer_wait_10_minute_for_greet.
B breaks A's assumption? Fill in the blank: Yes

Example 2:
Phrase A assumes no counter-evidence against its claim: no_evident_not_easy_check-in.
Phrase B is a separate fact: no_one_give_key_on_late_check-in.
B breaks A's assumption? Fill in the blank: No

Example 3:
Phrase A assumes no counter-evidence against its claim: no_evident_not_helpful_staff.
Phrase B is a separate fact: staff_not_speak_English_properly.
B breaks A's assumption? Fill in the blank: Yes

Example 4:
Phrase A assumes no counter-evidence against its claim: no_evident_not_helpful_staff.
Phrase B is a separate fact: not_kind_staff.
B breaks A's assumption? Fill in the blank: No

Now complete the blank for this pair. Output ONLY the missing word (Yes or No), nothing else.

Phrase A assumes no counter-evidence against its claim: have_evident_not_accurate_pool_picture.
Phrase B is a separate fact: not_accurate_pool_picture.
B breaks A's assumption? Fill in the blank:
",No.
2026-08-16 22:51:48,3,2690,have_evident_no_pool_on_off_season,no_24_hour_kiosk_close_to_hotel,"Complete the sentence by filling in the blank with exactly one word: Yes or No.

Template: ""Phrase A assumes no counter-evidence against its claim. Phrase B is a separate fact.
B breaks A's assumption? Fill in the blank: ____""

Example 1:
Phrase A assumes no counter-evidence against its claim: no_evident_not_easy_check-in.
Phrase B is a separate fact: customer_wait_10_minute_for_greet.
B breaks A's assumption? Fill in the blank: Yes

Example 2:
Phrase A assumes no counter-evidence against its claim: no_evident_not_easy_check-in.
Phrase B is a separate fact: no_one_give_key_on_late_check-in.
B breaks A's assumption? Fill in the blank: No

Example 3:
Phrase A assumes no counter-evidence against its claim: no_evident_not_helpful_staff.
Phrase B is a separate fact: staff_not_speak_English_properly.
B breaks A's assumption? Fill in the blank: Yes

Example 4:
Phrase A assumes no counter-evidence against its claim: no_evident_not_helpful_staff.
Phrase B is a separate fact: not_kind_staff.
B breaks A's assumption? Fill in the blank: No

Now complete the blank for this pair. Output ONLY the missing word (Yes or No), nothing else.

Phrase A assumes no counter-evidence against its claim: have_evident_no_pool_on_off_season.
Phrase B is a separate fact: no_24_hour_kiosk_close_to_hotel.
B breaks A's assumption? Fill in the blank:
",No
2026-08-16 22:51:48,3,2283,have_evident_no_designated_parking,not_easy_parking,"Complete the sentence by filling in the blank with exactly one word: Yes or No.

Template: ""Phrase A assumes no counter-evidence against its claim. Phrase B is a separate fact.
B breaks A's assumption? Fill in the blank: ____""

Example 1:
Phrase A assumes no counter-evidence against its claim: no_evident_not_easy_check-in.
Phrase B is a separate fact: customer_wait_10_minute_for_greet.
B breaks A's assumption? Fill in the blank: Yes

Example 2:
Phrase A assumes no counter-evidence against its claim: no_evident_not_easy_check-in.
Phrase B is a separate fact: no_one_give_key_on_late_check-in.
B breaks A's assumption? Fill in the blank: No

Example 3:
Phrase A assumes no counter-evidence against its claim: no_evident_not_helpful_staff.
Phrase B is a separate fact: staff_not_speak_English_properly.
B breaks A's assumption? Fill in the blank: Yes

Example 4:
Phrase A assumes no counter-evidence against its claim: no_evident_not_helpful_staff.
Phrase B is a separate fact: not_kind_staff.
B breaks A's assumption? Fill in the blank: No

Now complete the blank for this pair. Output ONLY the missing word (Yes or No), nothing else.

Phrase A assumes no counter-evidence against its claim: have_evident_no_designated_parking.
Phrase B is a separate fact: not_easy_parking.
B breaks A's assumption? Fill in the blank:
",No
2026-08-16 22:51:48,3,569,have_evident_nothing_to_do,limited_parking,"Complete the sentence by filling in the blank with exactly one word: Yes or No.

Template: ""Phrase A assumes no counter-evidence against its claim. Phrase B is a separate fact.
B breaks A's assumption? Fill in the blank: ____""

Example 1:
Phrase A assumes no counter-evidence against its claim: no_evident_not_easy_check-in.
Phrase B is a separate fact: customer_wait_10_minute_for_greet.
B breaks A's assumption? Fill in the blank: Yes

Example 2:
Phrase A assumes no counter-evidence against its claim: no_evident_not_easy_check-in.
Phrase B is a separate fact: no_one_give_key_on_late_check-in.
B breaks A's assumption? Fill in the blank: No

Example 3:
Phrase A assumes no counter-evidence against its claim: no_evident_not_helpful_staff.
Phrase B is a separate fact: staff_not_speak_English_properly.
B breaks A's assumption? Fill in the blank: Yes

Example 4:
Phrase A assumes no counter-evidence against its claim: no_evident_not_helpful_staff.
Phrase B is a separate fact: not_kind_staff.
B breaks A's assumption? Fill in the blank: No

Now complete the blank for this pair. Output ONLY the missing word (Yes or No), nothing else.

Phrase A assumes no counter-evidence against its claim: have_evident_nothing_to_do.
Phrase B is a separate fact: limited_parking.
B breaks A's assumption? Fill in the blank:
",No
2026-08-16 22:51:48,3,2287,have_evident_no_designated_parking,nothing_to_do,"Complete the sentence by filling in the blank with exactly one word: Yes or No.

Template: ""Phrase A assumes no counter-evidence against its claim. Phrase B is a separate fact.
B breaks A's assumption? Fill in the blank: ____""

Example 1:
Phrase A assumes no counter-evidence against its claim: no_evident_not_easy_check-in.
Phrase B is a separate fact: customer_wait_10_minute_for_greet.
B breaks A's assumption? Fill in the blank: Yes

Example 2:
Phrase A assumes no counter-evidence against its claim: no_evident_not_easy_check-in.
Phrase B is a separate fact: no_one_give_key_on_late_check-in.
B breaks A's assumption? Fill in the blank: No

Example 3:
Phrase A assumes no counter-evidence against its claim: no_evident_not_helpful_staff.
Phrase B is a separate fact: staff_not_speak_English_properly.
B breaks A's assumption? Fill in the blank: Yes

Example 4:
Phrase A assumes no counter-evidence against its claim: no_evident_not_helpful_staff.
Phrase B is a separate fact: not_kind_staff.
B breaks A's assumption? Fill in the blank: No

Now complete the blank for this pair. Output ONLY the missing word (Yes or No), nothing else.

Phrase A assumes no counter-evidence against its claim: have_evident_no_designated_parking.
Phrase B is a separate fact: nothing_to_do.
B breaks A's assumption? Fill in the blank:
",No
2026-08-16 22:51:48,3,2877,have_evident_feel_cold_inviting,not_everything_perfect_yet,"Complete the sentence by filling in the blank with exactly one word: Yes or No.

Template: ""Phrase A assumes no counter-evidence against its claim. Phrase B is a separate fact.
B breaks A's assumption? Fill in the blank: ____""

Example 1:
Phrase A assumes no counter-evidence against its claim: no_evident_not_easy_check-in.
Phrase B is a separate fact: customer_wait_10_minute_for_greet.
B breaks A's assumption? Fill in the blank: Yes

Example 2:
Phrase A assumes no counter-evidence against its claim: no_evident_not_easy_check-in.
Phrase B is a separate fact: no_one_give_key_on_late_check-in.
B breaks A's assumption? Fill in the blank: No

Example 3:
Phrase A assumes no counter-evidence against its claim: no_evident_not_helpful_staff.
Phrase B is a separate fact: staff_not_speak_English_properly.
B breaks A's assumption? Fill in the blank: Yes

Example 4:
Phrase A assumes no counter-evidence against its claim: no_evident_not_helpful_staff.
Phrase B is a separate fact: not_kind_staff.
B breaks A's assumption? Fill in the blank: No

Now complete the blank for this pair. Output ONLY the missing word (Yes or No), nothing else.

Phrase A assumes no counter-evidence against its claim: have_evident_feel_cold_inviting.
Phrase B is a separate fact: not_everything_perfect_yet.
B breaks A's assumption? Fill in the blank:
",No
2026-08-16 22:51:48,3,4174,have_evident_not_everything_perfect_yet,not_much_parking,"Complete the sentence by filling in the blank with exactly one word: Yes or No.

Template: ""Phrase A assumes no counter-evidence against its claim. Phrase B is a separate fact.
B breaks A's assumption? Fill in the blank: ____""

Example 1:
Phrase A assumes no counter-evidence against its claim: no_evident_not_easy_check-in.
Phrase B is a separate fact: customer_wait_10_minute_for_greet.
B breaks A's assumption? Fill in the blank: Yes

Example 2:
Phrase A assumes no counter-evidence against its claim: no_evident_not_easy_check-in.
Phrase B is a separate fact: no_one_give_key_on_late_check-in.
B breaks A's assumption? Fill in the blank: No

Example 3:
Phrase A assumes no counter-evidence against its claim: no_evident_not_helpful_staff.
Phrase B is a separate fact: staff_not_speak_English_properly.
B breaks A's assumption? Fill in the blank: Yes

Example 4:
Phrase A assumes no counter-evidence against its claim: no_evident_not_helpful_staff.
Phrase B is a separate fact: not_kind_staff.
B breaks A's assumption? Fill in the blank: No

Now complete the blank for this pair. Output ONLY the missing word (Yes or No), nothing else.

Phrase A assumes no counter-evidence against its claim: have_evident_not_everything_perfect_yet.
Phrase B is a separate fact: not_much_parking.
B breaks A's assumption? Fill in the blank:
",No.
2026-08-16 22:51:49,3,3275,have_evident_not_accurate_pool_picture,better_remove_pool_photo,"Complete the sentence by filling in the blank with exactly one word: Yes or No.

Template: ""Phrase A assumes no counter-evidence against its claim. Phrase B is a separate fact.
B breaks A's assumption? Fill in the blank: ____""

Example 1:
Phrase A assumes no counter-evidence against its claim: no_evident_not_easy_check-in.
Phrase B is a separate fact: customer_wait_10_minute_for_greet.
B breaks A's assumption? Fill in the blank: Yes

Example 2:
Phrase A assumes no counter-evidence against its claim: no_evident_not_easy_check-in.
Phrase B is a separate fact: no_one_give_key_on_late_check-in.
B breaks A's assumption? Fill in the blank: No

Example 3:
Phrase A assumes no counter-evidence against its claim: no_evident_not_helpful_staff.
Phrase B is a separate fact: staff_not_speak_English_properly.
B breaks A's assumption? Fill in the blank: Yes

Example 4:
Phrase A assumes no counter-evidence against its claim: no_evident_not_helpful_staff.
Phrase B is a separate fact: not_kind_staff.
B breaks A's assumption? Fill in the blank: No

Now complete the blank for this pair. Output ONLY the missing word (Yes or No), nothing else.

Phrase A assumes no counter-evidence against its claim: have_evident_not_accurate_pool_picture.
Phrase B is a separate fact: better_remove_pool_photo.
B breaks A's assumption? Fill in the blank:
",No
2026-08-16 22:51:49,3,4393,have_evident_not_encourage_to_use_deckchair,hotel_not_yet_open_up_for_season,"Complete the sentence by filling in the blank with exactly one word: Yes or No.

Template: ""Phrase A assumes no counter-evidence against its claim. Phrase B is a separate fact.
B breaks A's assumption? Fill in the blank: ____""

Example 1:
Phrase A assumes no counter-evidence against its claim: no_evident_not_easy_check-in.
Phrase B is a separate fact: customer_wait_10_minute_for_greet.
B breaks A's assumption? Fill in the blank: Yes

Example 2:
Phrase A assumes no counter-evidence against its claim: no_evident_not_easy_check-in.
Phrase B is a separate fact: no_one_give_key_on_late_check-in.
B breaks A's assumption? Fill in the blank: No

Example 3:
Phrase A assumes no counter-evidence against its claim: no_evident_not_helpful_staff.
Phrase B is a separate fact: staff_not_speak_English_properly.
B breaks A's assumption? Fill in the blank: Yes

Example 4:
Phrase A assumes no counter-evidence against its claim: no_evident_not_helpful_staff.
Phrase B is a separate fact: not_kind_staff.
B breaks A's assumption? Fill in the blank: No

Now complete the blank for this pair. Output ONLY the missing word (Yes or No), nothing else.

Phrase A assumes no counter-evidence against its claim: have_evident_not_encourage_to_use_deckchair.
Phrase B is a separate fact: hotel_not_yet_open_up_for_season.
B breaks A's assumption? Fill in the blank:
",No
2026-08-16 22:51:49,3,2713,have_evident_no_pool_on_off_season,limited_parking,"Complete the sentence by filling in the blank with exactly one word: Yes or No.

Template: ""Phrase A assumes no counter-evidence against its claim. Phrase B is a separate fact.
B breaks A's assumption? Fill in the blank: ____""

Example 1:
Phrase A assumes no counter-evidence against its claim: no_evident_not_easy_check-in.
Phrase B is a separate fact: customer_wait_10_minute_for_greet.
B breaks A's assumption? Fill in the blank: Yes

Example 2:
Phrase A assumes no counter-evidence against its claim: no_evident_not_easy_check-in.
Phrase B is a separate fact: no_one_give_key_on_late_check-in.
B breaks A's assumption? Fill in the blank: No

Example 3:
Phrase A assumes no counter-evidence against its claim: no_evident_not_helpful_staff.
Phrase B is a separate fact: staff_not_speak_English_properly.
B breaks A's assumption? Fill in the blank: Yes

Example 4:
Phrase A assumes no counter-evidence against its claim: no_evident_not_helpful_staff.
Phrase B is a separate fact: not_kind_staff.
B breaks A's assumption? Fill in the blank: No

Now complete the blank for this pair. Output ONLY the missing word (Yes or No), nothing else.

Phrase A assumes no counter-evidence against its claim: have_evident_no_pool_on_off_season.
Phrase B is a separate fact: limited_parking.
B breaks A's assumption? Fill in the blank:
",No
2026-08-16 22:51:49,3,227,have_evident_no_pool,common_area_light_not_worked_well,"Complete the sentence by filling in the blank with exactly one word: Yes or No.

Template: ""Phrase A assumes no counter-evidence against its claim. Phrase B is a separate fact.
B breaks A's assumption? Fill in the blank: ____""

Example 1:
Phrase A assumes no counter-evidence against its claim: no_evident_not_easy_check-in.
Phrase B is a separate fact: customer_wait_10_minute_for_greet.
B breaks A's assumption? Fill in the blank: Yes

Example 2:
Phrase A assumes no counter-evidence against its claim: no_evident_not_easy_check-in.
Phrase B is a separate fact: no_one_give_key_on_late_check-in.
B breaks A's assumption? Fill in the blank: No

Example 3:
Phrase A assumes no counter-evidence against its claim: no_evident_not_helpful_staff.
Phrase B is a separate fact: staff_not_speak_English_properly.
B breaks A's assumption? Fill in the blank: Yes

Example 4:
Phrase A assumes no counter-evidence against its claim: no_evident_not_helpful_staff.
Phrase B is a separate fact: not_kind_staff.
B breaks A's assumption? Fill in the blank: No

Now complete the blank for this pair. Output ONLY the missing word (Yes or No), nothing else.

Phrase A assumes no counter-evidence against its claim: have_evident_no_pool.
Phrase B is a separate fact: common_area_light_not_worked_well.
B breaks A's assumption? Fill in the blank:
",No
2026-08-16 22:51:49,3,945,have_evident_main_door_slam_at_night,disgusting_outside,"Complete the sentence by filling in the blank with exactly one word: Yes or No.

Template: ""Phrase A assumes no counter-evidence against its claim. Phrase B is a separate fact.
B breaks A's assumption? Fill in the blank: ____""

Example 1:
Phrase A assumes no counter-evidence against its claim: no_evident_not_easy_check-in.
Phrase B is a separate fact: customer_wait_10_minute_for_greet.
B breaks A's assumption? Fill in the blank: Yes

Example 2:
Phrase A assumes no counter-evidence against its claim: no_evident_not_easy_check-in.
Phrase B is a separate fact: no_one_give_key_on_late_check-in.
B breaks A's assumption? Fill in the blank: No

Example 3:
Phrase A assumes no counter-evidence against its claim: no_evident_not_helpful_staff.
Phrase B is a separate fact: staff_not_speak_English_properly.
B breaks A's assumption? Fill in the blank: Yes

Example 4:
Phrase A assumes no counter-evidence against its claim: no_evident_not_helpful_staff.
Phrase B is a separate fact: not_kind_staff.
B breaks A's assumption? Fill in the blank: No

Now complete the blank for this pair. Output ONLY the missing word (Yes or No), nothing else.

Phrase A assumes no counter-evidence against its claim: have_evident_main_door_slam_at_night.
Phrase B is a separate fact: disgusting_outside.
B breaks A's assumption? Fill in the blank:
",No
2026-08-16 22:51:49,3,2140,have_evident_hotel_not_accessible_to_wheelchair_as_it_said,not_everything_perfect_yet,"Complete the sentence by filling in the blank with exactly one word: Yes or No.

Template: ""Phrase A assumes no counter-evidence against its claim. Phrase B is a separate fact.
B breaks A's assumption? Fill in the blank: ____""

Example 1:
Phrase A assumes no counter-evidence against its claim: no_evident_not_easy_check-in.
Phrase B is a separate fact: customer_wait_10_minute_for_greet.
B breaks A's assumption? Fill in the blank: Yes

Example 2:
Phrase A assumes no counter-evidence against its claim: no_evident_not_easy_check-in.
Phrase B is a separate fact: no_one_give_key_on_late_check-in.
B breaks A's assumption? Fill in the blank: No

Example 3:
Phrase A assumes no counter-evidence against its claim: no_evident_not_helpful_staff.
Phrase B is a separate fact: staff_not_speak_English_properly.
B breaks A's assumption? Fill in the blank: Yes

Example 4:
Phrase A assumes no counter-evidence against its claim: no_evident_not_helpful_staff.
Phrase B is a separate fact: not_kind_staff.
B breaks A's assumption? Fill in the blank: No

Now complete the blank for this pair. Output ONLY the missing word (Yes or No), nothing else.

Phrase A assumes no counter-evidence against its claim: have_evident_hotel_not_accessible_to_wheelchair_as_it_said.
Phrase B is a separate fact: not_everything_perfect_yet.
B breaks A's assumption? Fill in the blank:
",No.
2026-08-16 22:51:49,3,1463,have_evident_pool_could_be_bigger,need_improvement_reception,"Complete the sentence by filling in the blank with exactly one word: Yes or No.

Template: ""Phrase A assumes no counter-evidence against its claim. Phrase B is a separate fact.
B breaks A's assumption? Fill in the blank: ____""

Example 1:
Phrase A assumes no counter-evidence against its claim: no_evident_not_easy_check-in.
Phrase B is a separate fact: customer_wait_10_minute_for_greet.
B breaks A's assumption? Fill in the blank: Yes

Example 2:
Phrase A assumes no counter-evidence against its claim: no_evident_not_easy_check-in.
Phrase B is a separate fact: no_one_give_key_on_late_check-in.
B breaks A's assumption? Fill in the blank: No

Example 3:
Phrase A assumes no counter-evidence against its claim: no_evident_not_helpful_staff.
Phrase B is a separate fact: staff_not_speak_English_properly.
B breaks A's assumption? Fill in the blank: Yes

Example 4:
Phrase A assumes no counter-evidence against its claim: no_evident_not_helpful_staff.
Phrase B is a separate fact: not_kind_staff.
B breaks A's assumption? Fill in the blank: No

Now complete the blank for this pair. Output ONLY the missing word (Yes or No), nothing else.

Phrase A assumes no counter-evidence against its claim: have_evident_pool_could_be_bigger.
Phrase B is a separate fact: need_improvement_reception.
B breaks A's assumption? Fill in the blank:
",No
2026-08-16 22:51:49,3,2175,have_evident_limited_parking,dangerous_ramp,"Complete the sentence by filling in the blank with exactly one word: Yes or No.

Template: ""Phrase A assumes no counter-evidence against its claim. Phrase B is a separate fact.
B breaks A's assumption? Fill in the blank: ____""

Example 1:
Phrase A assumes no counter-evidence against its claim: no_evident_not_easy_check-in.
Phrase B is a separate fact: customer_wait_10_minute_for_greet.
B breaks A's assumption? Fill in the blank: Yes

Example 2:
Phrase A assumes no counter-evidence against its claim: no_evident_not_easy_check-in.
Phrase B is a separate fact: no_one_give_key_on_late_check-in.
B breaks A's assumption? Fill in the blank: No

Example 3:
Phrase A assumes no counter-evidence against its claim: no_evident_not_helpful_staff.
Phrase B is a separate fact: staff_not_speak_English_properly.
B breaks A's assumption? Fill in the blank: Yes

Example 4:
Phrase A assumes no counter-evidence against its claim: no_evident_not_helpful_staff.
Phrase B is a separate fact: not_kind_staff.
B breaks A's assumption? Fill in the blank: No

Now complete the blank for this pair. Output ONLY the missing word (Yes or No), nothing else.

Phrase A assumes no counter-evidence against its claim: have_evident_limited_parking.
Phrase B is a separate fact: dangerous_ramp.
B breaks A's assumption? Fill in the blank:
",No
2026-08-16 22:51:50,3,314,have_evident_not_easy_parking,badly_maintain_hotel_installation,"Complete the sentence by filling in the blank with exactly one word: Yes or No.

Template: ""Phrase A assumes no counter-evidence against its claim. Phrase B is a separate fact.
B breaks A's assumption? Fill in the blank: ____""

Example 1:
Phrase A assumes no counter-evidence against its claim: no_evident_not_easy_check-in.
Phrase B is a separate fact: customer_wait_10_minute_for_greet.
B breaks A's assumption? Fill in the blank: Yes

Example 2:
Phrase A assumes no counter-evidence against its claim: no_evident_not_easy_check-in.
Phrase B is a separate fact: no_one_give_key_on_late_check-in.
B breaks A's assumption? Fill in the blank: No

Example 3:
Phrase A assumes no counter-evidence against its claim: no_evident_not_helpful_staff.
Phrase B is a separate fact: staff_not_speak_English_properly.
B breaks A's assumption? Fill in the blank: Yes

Example 4:
Phrase A assumes no counter-evidence against its claim: no_evident_not_helpful_staff.
Phrase B is a separate fact: not_kind_staff.
B breaks A's assumption? Fill in the blank: No

Now complete the blank for this pair. Output ONLY the missing word (Yes or No), nothing else.

Phrase A assumes no counter-evidence against its claim: have_evident_not_easy_parking.
Phrase B is a separate fact: badly_maintain_hotel_installation.
B breaks A's assumption? Fill in the blank:
",No
2026-08-16 22:51:50,3,889,have_evident_main_door_not_close,cold_for_swim,"Complete the sentence by filling in the blank with exactly one word: Yes or No.

Template: ""Phrase A assumes no counter-evidence against its claim. Phrase B is a separate fact.
B breaks A's assumption? Fill in the blank: ____""

Example 1:
Phrase A assumes no counter-evidence against its claim: no_evident_not_easy_check-in.
Phrase B is a separate fact: customer_wait_10_minute_for_greet.
B breaks A's assumption? Fill in the blank: Yes

Example 2:
Phrase A assumes no counter-evidence against its claim: no_evident_not_easy_check-in.
Phrase B is a separate fact: no_one_give_key_on_late_check-in.
B breaks A's assumption? Fill in the blank: No

Example 3:
Phrase A assumes no counter-evidence against its claim: no_evident_not_helpful_staff.
Phrase B is a separate fact: staff_not_speak_English_properly.
B breaks A's assumption? Fill in the blank: Yes

Example 4:
Phrase A assumes no counter-evidence against its claim: no_evident_not_helpful_staff.
Phrase B is a separate fact: not_kind_staff.
B breaks A's assumption? Fill in the blank: No

Now complete the blank for this pair. Output ONLY the missing word (Yes or No), nothing else.

Phrase A assumes no counter-evidence against its claim: have_evident_main_door_not_close.
Phrase B is a separate fact: cold_for_swim.
B breaks A's assumption? Fill in the blank:
",No
2026-08-16 22:51:50,3,3560,have_evident_elevator_need_cleaning,nothing_to_do,"Complete the sentence by filling in the blank with exactly one word: Yes or No.

Template: ""Phrase A assumes no counter-evidence against its claim. Phrase B is a separate fact.
B breaks A's assumption? Fill in the blank: ____""

Example 1:
Phrase A assumes no counter-evidence against its claim: no_evident_not_easy_check-in.
Phrase B is a separate fact: customer_wait_10_minute_for_greet.
B breaks A's assumption? Fill in the blank: Yes

Example 2:
Phrase A assumes no counter-evidence against its claim: no_evident_not_easy_check-in.
Phrase B is a separate fact: no_one_give_key_on_late_check-in.
B breaks A's assumption? Fill in the blank: No

Example 3:
Phrase A assumes no counter-evidence against its claim: no_evident_not_helpful_staff.
Phrase B is a separate fact: staff_not_speak_English_properly.
B breaks A's assumption? Fill in the blank: Yes

Example 4:
Phrase A assumes no counter-evidence against its claim: no_evident_not_helpful_staff.
Phrase B is a separate fact: not_kind_staff.
B breaks A's assumption? Fill in the blank: No

Now complete the blank for this pair. Output ONLY the missing word (Yes or No), nothing else.

Phrase A assumes no counter-evidence against its claim: have_evident_elevator_need_cleaning.
Phrase B is a separate fact: nothing_to_do.
B breaks A's assumption? Fill in the blank:
",No
2026-08-16 22:51:50,3,2832,have_evident_feel_cold_inviting,cold_for_swim,"Complete the sentence by filling in the blank with exactly one word: Yes or No.

Template: ""Phrase A assumes no counter-evidence against its claim. Phrase B is a separate fact.
B breaks A's assumption? Fill in the blank: ____""

Example 1:
Phrase A assumes no counter-evidence against its claim: no_evident_not_easy_check-in.
Phrase B is a separate fact: customer_wait_10_minute_for_greet.
B breaks A's assumption? Fill in the blank: Yes

Example 2:
Phrase A assumes no counter-evidence against its claim: no_evident_not_easy_check-in.
Phrase B is a separate fact: no_one_give_key_on_late_check-in.
B breaks A's assumption? Fill in the blank: No

Example 3:
Phrase A assumes no counter-evidence against its claim: no_evident_not_helpful_staff.
Phrase B is a separate fact: staff_not_speak_English_properly.
B breaks A's assumption? Fill in the blank: Yes

Example 4:
Phrase A assumes no counter-evidence against its claim: no_evident_not_helpful_staff.
Phrase B is a separate fact: not_kind_staff.
B breaks A's assumption? Fill in the blank: No

Now complete the blank for this pair. Output ONLY the missing word (Yes or No), nothing else.

Phrase A assumes no counter-evidence against its claim: have_evident_feel_cold_inviting.
Phrase B is a separate fact: cold_for_swim.
B breaks A's assumption? Fill in the blank:
",No.
2026-08-16 22:51:50,3,2570,have_evident_no_bar_on_off_season,need_renovation_in_common_area,"Complete the sentence by filling in the blank with exactly one word: Yes or No.

Template: ""Phrase A assumes no counter-evidence against its claim. Phrase B is a separate fact.
B breaks A's assumption? Fill in the blank: ____""

Example 1:
Phrase A assumes no counter-evidence against its claim: no_evident_not_easy_check-in.
Phrase B is a separate fact: customer_wait_10_minute_for_greet.
B breaks A's assumption? Fill in the blank: Yes

Example 2:
Phrase A assumes no counter-evidence against its claim: no_evident_not_easy_check-in.
Phrase B is a separate fact: no_one_give_key_on_late_check-in.
B breaks A's assumption? Fill in the blank: No

Example 3:
Phrase A assumes no counter-evidence against its claim: no_evident_not_helpful_staff.
Phrase B is a separate fact: staff_not_speak_English_properly.
B breaks A's assumption? Fill in the blank: Yes

Example 4:
Phrase A assumes no counter-evidence against its claim: no_evident_not_helpful_staff.
Phrase B is a separate fact: not_kind_staff.
B breaks A's assumption? Fill in the blank: No

Now complete the blank for this pair. Output ONLY the missing word (Yes or No), nothing else.

Phrase A assumes no counter-evidence against its claim: have_evident_no_bar_on_off_season.
Phrase B is a separate fact: need_renovation_in_common_area.
B breaks A's assumption? Fill in the blank:
",No
2026-08-16 22:51:50,3,3575,have_evident_elevator_need_cleaning,need_renovation_in_common_area,"Complete the sentence by filling in the blank with exactly one word: Yes or No.

Template: ""Phrase A assumes no counter-evidence against its claim. Phrase B is a separate fact.
B breaks A's assumption? Fill in the blank: ____""

Example 1:
Phrase A assumes no counter-evidence against its claim: no_evident_not_easy_check-in.
Phrase B is a separate fact: customer_wait_10_minute_for_greet.
B breaks A's assumption? Fill in the blank: Yes

Example 2:
Phrase A assumes no counter-evidence against its claim: no_evident_not_easy_check-in.
Phrase B is a separate fact: no_one_give_key_on_late_check-in.
B breaks A's assumption? Fill in the blank: No

Example 3:
Phrase A assumes no counter-evidence against its claim: no_evident_not_helpful_staff.
Phrase B is a separate fact: staff_not_speak_English_properly.
B breaks A's assumption? Fill in the blank: Yes

Example 4:
Phrase A assumes no counter-evidence against its claim: no_evident_not_helpful_staff.
Phrase B is a separate fact: not_kind_staff.
B breaks A's assumption? Fill in the blank: No

Now complete the blank for this pair. Output ONLY the missing word (Yes or No), nothing else.

Phrase A assumes no counter-evidence against its claim: have_evident_elevator_need_cleaning.
Phrase B is a separate fact: need_renovation_in_common_area.
B breaks A's assumption? Fill in the blank:
",No
2026-08-16 22:51:51,3,4190,have_evident_not_everything_perfect_yet,park_wherever_you_find,"Complete the sentence by filling in the blank with exactly one word: Yes or No.

Template: ""Phrase A assumes no counter-evidence against its claim. Phrase B is a separate fact.
B breaks A's assumption? Fill in the blank: ____""

Example 1:
Phrase A assumes no counter-evidence against its claim: no_evident_not_easy_check-in.
Phrase B is a separate fact: customer_wait_10_minute_for_greet.
B breaks A's assumption? Fill in the blank: Yes

Example 2:
Phrase A assumes no counter-evidence against its claim: no_evident_not_easy_check-in.
Phrase B is a separate fact: no_one_give_key_on_late_check-in.
B breaks A's assumption? Fill in the blank: No

Example 3:
Phrase A assumes no counter-evidence against its claim: no_evident_not_helpful_staff.
Phrase B is a separate fact: staff_not_speak_English_properly.
B breaks A's assumption? Fill in the blank: Yes

Example 4:
Phrase A assumes no counter-evidence against its claim: no_evident_not_helpful_staff.
Phrase B is a separate fact: not_kind_staff.
B breaks A's assumption? Fill in the blank: No

Now complete the blank for this pair. Output ONLY the missing word (Yes or No), nothing else.

Phrase A assumes no counter-evidence against its claim: have_evident_not_everything_perfect_yet.
Phrase B is a separate fact: park_wherever_you_find.
B breaks A's assumption? Fill in the blank:
",No.
2026-08-16 22:51:51,3,948,have_evident_main_door_slam_at_night,no_24_hour_kiosk_close_to_hotel,"Complete the sentence by filling in the blank with exactly one word: Yes or No.

Template: ""Phrase A assumes no counter-evidence against its claim. Phrase B is a separate fact.
B breaks A's assumption? Fill in the blank: ____""

Example 1:
Phrase A assumes no counter-evidence against its claim: no_evident_not_easy_check-in.
Phrase B is a separate fact: customer_wait_10_minute_for_greet.
B breaks A's assumption? Fill in the blank: Yes

Example 2:
Phrase A assumes no counter-evidence against its claim: no_evident_not_easy_check-in.
Phrase B is a separate fact: no_one_give_key_on_late_check-in.
B breaks A's assumption? Fill in the blank: No

Example 3:
Phrase A assumes no counter-evidence against its claim: no_evident_not_helpful_staff.
Phrase B is a separate fact: staff_not_speak_English_properly.
B breaks A's assumption? Fill in the blank: Yes

Example 4:
Phrase A assumes no counter-evidence against its claim: no_evident_not_helpful_staff.
Phrase B is a separate fact: not_kind_staff.
B breaks A's assumption? Fill in the blank: No

Now complete the blank for this pair. Output ONLY the missing word (Yes or No), nothing else.

Phrase A assumes no counter-evidence against its claim: have_evident_main_door_slam_at_night.
Phrase B is a separate fact: no_24_hour_kiosk_close_to_hotel.
B breaks A's assumption? Fill in the blank:
",No
2026-08-16 22:51:51,3,3156,have_evident_not_accurate_hotel_installation_picture,disgusting_outside,"Complete the sentence by filling in the blank with exactly one word: Yes or No.

Template: ""Phrase A assumes no counter-evidence against its claim. Phrase B is a separate fact.
B breaks A's assumption? Fill in the blank: ____""

Example 1:
Phrase A assumes no counter-evidence against its claim: no_evident_not_easy_check-in.
Phrase B is a separate fact: customer_wait_10_minute_for_greet.
B breaks A's assumption? Fill in the blank: Yes

Example 2:
Phrase A assumes no counter-evidence against its claim: no_evident_not_easy_check-in.
Phrase B is a separate fact: no_one_give_key_on_late_check-in.
B breaks A's assumption? Fill in the blank: No

Example 3:
Phrase A assumes no counter-evidence against its claim: no_evident_not_helpful_staff.
Phrase B is a separate fact: staff_not_speak_English_properly.
B breaks A's assumption? Fill in the blank: Yes

Example 4:
Phrase A assumes no counter-evidence against its claim: no_evident_not_helpful_staff.
Phrase B is a separate fact: not_kind_staff.
B breaks A's assumption? Fill in the blank: No

Now complete the blank for this pair. Output ONLY the missing word (Yes or No), nothing else.

Phrase A assumes no counter-evidence against its claim: have_evident_not_accurate_hotel_installation_picture.
Phrase B is a separate fact: disgusting_outside.
B breaks A's assumption? Fill in the blank:
",No
2026-08-16 22:51:51,3,1558,have_evident_need_renovation_in_common_area,no_safety_strip_on_stair,"Complete the sentence by filling in the blank with exactly one word: Yes or No.

Template: ""Phrase A assumes no counter-evidence against its claim. Phrase B is a separate fact.
B breaks A's assumption? Fill in the blank: ____""

Example 1:
Phrase A assumes no counter-evidence against its claim: no_evident_not_easy_check-in.
Phrase B is a separate fact: customer_wait_10_minute_for_greet.
B breaks A's assumption? Fill in the blank: Yes

Example 2:
Phrase A assumes no counter-evidence against its claim: no_evident_not_easy_check-in.
Phrase B is a separate fact: no_one_give_key_on_late_check-in.
B breaks A's assumption? Fill in the blank: No

Example 3:
Phrase A assumes no counter-evidence against its claim: no_evident_not_helpful_staff.
Phrase B is a separate fact: staff_not_speak_English_properly.
B breaks A's assumption? Fill in the blank: Yes

Example 4:
Phrase A assumes no counter-evidence against its claim: no_evident_not_helpful_staff.
Phrase B is a separate fact: not_kind_staff.
B breaks A's assumption? Fill in the blank: No

Now complete the blank for this pair. Output ONLY the missing word (Yes or No), nothing else.

Phrase A assumes no counter-evidence against its claim: have_evident_need_renovation_in_common_area.
Phrase B is a separate fact: no_safety_strip_on_stair.
B breaks A's assumption? Fill in the blank:
",No
2026-08-16 22:51:51,3,2087,have_evident_hotel_not_accessible_to_wheelchair_as_it_said,no_24_hour_kiosk_close_to_hotel,"Complete the sentence by filling in the blank with exactly one word: Yes or No.

Template: ""Phrase A assumes no counter-evidence against its claim. Phrase B is a separate fact.
B breaks A's assumption? Fill in the blank: ____""

Example 1:
Phrase A assumes no counter-evidence against its claim: no_evident_not_easy_check-in.
Phrase B is a separate fact: customer_wait_10_minute_for_greet.
B breaks A's assumption? Fill in the blank: Yes

Example 2:
Phrase A assumes no counter-evidence against its claim: no_evident_not_easy_check-in.
Phrase B is a separate fact: no_one_give_key_on_late_check-in.
B breaks A's assumption? Fill in the blank: No

Example 3:
Phrase A assumes no counter-evidence against its claim: no_evident_not_helpful_staff.
Phrase B is a separate fact: staff_not_speak_English_properly.
B breaks A's assumption? Fill in the blank: Yes

Example 4:
Phrase A assumes no counter-evidence against its claim: no_evident_not_helpful_staff.
Phrase B is a separate fact: not_kind_staff.
B breaks A's assumption? Fill in the blank: No

Now complete the blank for this pair. Output ONLY the missing word (Yes or No), nothing else.

Phrase A assumes no counter-evidence against its claim: have_evident_hotel_not_accessible_to_wheelchair_as_it_said.
Phrase B is a separate fact: no_24_hour_kiosk_close_to_hotel.
B breaks A's assumption? Fill in the blank:
",No
2026-08-16 22:51:51,3,364,have_evident_no_swimming_pool,not_EU_regulation_ramp,"Complete the sentence by filling in the blank with exactly one word: Yes or No.

Template: ""Phrase A assumes no counter-evidence against its claim. Phrase B is a separate fact.
B breaks A's assumption? Fill in the blank: ____""

Example 1:
Phrase A assumes no counter-evidence against its claim: no_evident_not_easy_check-in.
Phrase B is a separate fact: customer_wait_10_minute_for_greet.
B breaks A's assumption? Fill in the blank: Yes

Example 2:
Phrase A assumes no counter-evidence against its claim: no_evident_not_easy_check-in.
Phrase B is a separate fact: no_one_give_key_on_late_check-in.
B breaks A's assumption? Fill in the blank: No

Example 3:
Phrase A assumes no counter-evidence against its claim: no_evident_not_helpful_staff.
Phrase B is a separate fact: staff_not_speak_English_properly.
B breaks A's assumption? Fill in the blank: Yes

Example 4:
Phrase A assumes no counter-evidence against its claim: no_evident_not_helpful_staff.
Phrase B is a separate fact: not_kind_staff.
B breaks A's assumption? Fill in the blank: No

Now complete the blank for this pair. Output ONLY the missing word (Yes or No), nothing else.

Phrase A assumes no counter-evidence against its claim: have_evident_no_swimming_pool.
Phrase B is a separate fact: not_EU_regulation_ramp.
B breaks A's assumption? Fill in the blank:
",No
2026-08-16 22:51:52,3,3573,have_evident_elevator_need_cleaning,pool_could_be_bigger,"Complete the sentence by filling in the blank with exactly one word: Yes or No.

Template: ""Phrase A assumes no counter-evidence against its claim. Phrase B is a separate fact.
B breaks A's assumption? Fill in the blank: ____""

Example 1:
Phrase A assumes no counter-evidence against its claim: no_evident_not_easy_check-in.
Phrase B is a separate fact: customer_wait_10_minute_for_greet.
B breaks A's assumption? Fill in the blank: Yes

Example 2:
Phrase A assumes no counter-evidence against its claim: no_evident_not_easy_check-in.
Phrase B is a separate fact: no_one_give_key_on_late_check-in.
B breaks A's assumption? Fill in the blank: No

Example 3:
Phrase A assumes no counter-evidence against its claim: no_evident_not_helpful_staff.
Phrase B is a separate fact: staff_not_speak_English_properly.
B breaks A's assumption? Fill in the blank: Yes

Example 4:
Phrase A assumes no counter-evidence against its claim: no_evident_not_helpful_staff.
Phrase B is a separate fact: not_kind_staff.
B breaks A's assumption? Fill in the blank: No

Now complete the blank for this pair. Output ONLY the missing word (Yes or No), nothing else.

Phrase A assumes no counter-evidence against its claim: have_evident_elevator_need_cleaning.
Phrase B is a separate fact: pool_could_be_bigger.
B breaks A's assumption? Fill in the blank:
",No
2026-08-16 22:51:52,3,14,have_evident_not_big_hotel,main_door_not_close,"Complete the sentence by filling in the blank with exactly one word: Yes or No.

Template: ""Phrase A assumes no counter-evidence against its claim. Phrase B is a separate fact.
B breaks A's assumption? Fill in the blank: ____""

Example 1:
Phrase A assumes no counter-evidence against its claim: no_evident_not_easy_check-in.
Phrase B is a separate fact: customer_wait_10_minute_for_greet.
B breaks A's assumption? Fill in the blank: Yes

Example 2:
Phrase A assumes no counter-evidence against its claim: no_evident_not_easy_check-in.
Phrase B is a separate fact: no_one_give_key_on_late_check-in.
B breaks A's assumption? Fill in the blank: No

Example 3:
Phrase A assumes no counter-evidence against its claim: no_evident_not_helpful_staff.
Phrase B is a separate fact: staff_not_speak_English_properly.
B breaks A's assumption? Fill in the blank: Yes

Example 4:
Phrase A assumes no counter-evidence against its claim: no_evident_not_helpful_staff.
Phrase B is a separate fact: not_kind_staff.
B breaks A's assumption? Fill in the blank: No

Now complete the blank for this pair. Output ONLY the missing word (Yes or No), nothing else.

Phrase A assumes no counter-evidence against its claim: have_evident_not_big_hotel.
Phrase B is a separate fact: main_door_not_close.
B breaks A's assumption? Fill in the blank:
",No
2026-08-16 22:51:52,3,4411,have_evident_not_encourage_to_use_deckchair,need_improvement_reception,"Complete the sentence by filling in the blank with exactly one word: Yes or No.

Template: ""Phrase A assumes no counter-evidence against its claim. Phrase B is a separate fact.
B breaks A's assumption? Fill in the blank: ____""

Example 1:
Phrase A assumes no counter-evidence against its claim: no_evident_not_easy_check-in.
Phrase B is a separate fact: customer_wait_10_minute_for_greet.
B breaks A's assumption? Fill in the blank: Yes

Example 2:
Phrase A assumes no counter-evidence against its claim: no_evident_not_easy_check-in.
Phrase B is a separate fact: no_one_give_key_on_late_check-in.
B breaks A's assumption? Fill in the blank: No

Example 3:
Phrase A assumes no counter-evidence against its claim: no_evident_not_helpful_staff.
Phrase B is a separate fact: staff_not_speak_English_properly.
B breaks A's assumption? Fill in the blank: Yes

Example 4:
Phrase A assumes no counter-evidence against its claim: no_evident_not_helpful_staff.
Phrase B is a separate fact: not_kind_staff.
B breaks A's assumption? Fill in the blank: No

Now complete the blank for this pair. Output ONLY the missing word (Yes or No), nothing else.

Phrase A assumes no counter-evidence against its claim: have_evident_not_encourage_to_use_deckchair.
Phrase B is a separate fact: need_improvement_reception.
B breaks A's assumption? Fill in the blank:
",No
2026-08-16 22:51:52,3,4260,have_evident_not_encourage_to_use_relaxation_zone,no_bar_on_off_season,"Complete the sentence by filling in the blank with exactly one word: Yes or No.

Template: ""Phrase A assumes no counter-evidence against its claim. Phrase B is a separate fact.
B breaks A's assumption? Fill in the blank: ____""

Example 1:
Phrase A assumes no counter-evidence against its claim: no_evident_not_easy_check-in.
Phrase B is a separate fact: customer_wait_10_minute_for_greet.
B breaks A's assumption? Fill in the blank: Yes

Example 2:
Phrase A assumes no counter-evidence against its claim: no_evident_not_easy_check-in.
Phrase B is a separate fact: no_one_give_key_on_late_check-in.
B breaks A's assumption? Fill in the blank: No

Example 3:
Phrase A assumes no counter-evidence against its claim: no_evident_not_helpful_staff.
Phrase B is a separate fact: staff_not_speak_English_properly.
B breaks A's assumption? Fill in the blank: Yes

Example 4:
Phrase A assumes no counter-evidence against its claim: no_evident_not_helpful_staff.
Phrase B is a separate fact: not_kind_staff.
B breaks A's assumption? Fill in the blank: No

Now complete the blank for this pair. Output ONLY the missing word (Yes or No), nothing else.

Phrase A assumes no counter-evidence against its claim: have_evident_not_encourage_to_use_relaxation_zone.
Phrase B is a separate fact: no_bar_on_off_season.
B breaks A's assumption? Fill in the blank:
",No
2026-08-16 22:51:52,3,1615,have_evident_need_renovation_in_elevator,disgusting_outside,"Complete the sentence by filling in the blank with exactly one word: Yes or No.

Template: ""Phrase A assumes no counter-evidence against its claim. Phrase B is a separate fact.
B breaks A's assumption? Fill in the blank: ____""

Example 1:
Phrase A assumes no counter-evidence against its claim: no_evident_not_easy_check-in.
Phrase B is a separate fact: customer_wait_10_minute_for_greet.
B breaks A's assumption? Fill in the blank: Yes

Example 2:
Phrase A assumes no counter-evidence against its claim: no_evident_not_easy_check-in.
Phrase B is a separate fact: no_one_give_key_on_late_check-in.
B breaks A's assumption? Fill in the blank: No

Example 3:
Phrase A assumes no counter-evidence against its claim: no_evident_not_helpful_staff.
Phrase B is a separate fact: staff_not_speak_English_properly.
B breaks A's assumption? Fill in the blank: Yes

Example 4:
Phrase A assumes no counter-evidence against its claim: no_evident_not_helpful_staff.
Phrase B is a separate fact: not_kind_staff.
B breaks A's assumption? Fill in the blank: No

Now complete the blank for this pair. Output ONLY the missing word (Yes or No), nothing else.

Phrase A assumes no counter-evidence against its claim: have_evident_need_renovation_in_elevator.
Phrase B is a separate fact: disgusting_outside.
B breaks A's assumption? Fill in the blank:
",No
2026-08-16 22:51:52,3,2984,have_evident_minimalistic_hotel,park_wherever_you_find,"Complete the sentence by filling in the blank with exactly one word: Yes or No.

Template: ""Phrase A assumes no counter-evidence against its claim. Phrase B is a separate fact.
B breaks A's assumption? Fill in the blank: ____""

Example 1:
Phrase A assumes no counter-evidence against its claim: no_evident_not_easy_check-in.
Phrase B is a separate fact: customer_wait_10_minute_for_greet.
B breaks A's assumption? Fill in the blank: Yes

Example 2:
Phrase A assumes no counter-evidence against its claim: no_evident_not_easy_check-in.
Phrase B is a separate fact: no_one_give_key_on_late_check-in.
B breaks A's assumption? Fill in the blank: No

Example 3:
Phrase A assumes no counter-evidence against its claim: no_evident_not_helpful_staff.
Phrase B is a separate fact: staff_not_speak_English_properly.
B breaks A's assumption? Fill in the blank: Yes

Example 4:
Phrase A assumes no counter-evidence against its claim: no_evident_not_helpful_staff.
Phrase B is a separate fact: not_kind_staff.
B breaks A's assumption? Fill in the blank: No

Now complete the blank for this pair. Output ONLY the missing word (Yes or No), nothing else.

Phrase A assumes no counter-evidence against its claim: have_evident_minimalistic_hotel.
Phrase B is a separate fact: park_wherever_you_find.
B breaks A's assumption? Fill in the blank:
",No
2026-08-16 22:51:53,3,3534,have_evident_little_parking_in_evening,limited_facility,"Complete the sentence by filling in the blank with exactly one word: Yes or No.

Template: ""Phrase A assumes no counter-evidence against its claim. Phrase B is a separate fact.
B breaks A's assumption? Fill in the blank: ____""

Example 1:
Phrase A assumes no counter-evidence against its claim: no_evident_not_easy_check-in.
Phrase B is a separate fact: customer_wait_10_minute_for_greet.
B breaks A's assumption? Fill in the blank: Yes

Example 2:
Phrase A assumes no counter-evidence against its claim: no_evident_not_easy_check-in.
Phrase B is a separate fact: no_one_give_key_on_late_check-in.
B breaks A's assumption? Fill in the blank: No

Example 3:
Phrase A assumes no counter-evidence against its claim: no_evident_not_helpful_staff.
Phrase B is a separate fact: staff_not_speak_English_properly.
B breaks A's assumption? Fill in the blank: Yes

Example 4:
Phrase A assumes no counter-evidence against its claim: no_evident_not_helpful_staff.
Phrase B is a separate fact: not_kind_staff.
B breaks A's assumption? Fill in the blank: No

Now complete the blank for this pair. Output ONLY the missing word (Yes or No), nothing else.

Phrase A assumes no counter-evidence against its claim: have_evident_little_parking_in_evening.
Phrase B is a separate fact: limited_facility.
B breaks A's assumption? Fill in the blank:
",No
2026-08-16 22:51:53,3,574,have_evident_nothing_to_do,hotel_not_yet_open_up_for_season,"Complete the sentence by filling in the blank with exactly one word: Yes or No.

Template: ""Phrase A assumes no counter-evidence against its claim. Phrase B is a separate fact.
B breaks A's assumption? Fill in the blank: ____""

Example 1:
Phrase A assumes no counter-evidence against its claim: no_evident_not_easy_check-in.
Phrase B is a separate fact: customer_wait_10_minute_for_greet.
B breaks A's assumption? Fill in the blank: Yes

Example 2:
Phrase A assumes no counter-evidence against its claim: no_evident_not_easy_check-in.
Phrase B is a separate fact: no_one_give_key_on_late_check-in.
B breaks A's assumption? Fill in the blank: No

Example 3:
Phrase A assumes no counter-evidence against its claim: no_evident_not_helpful_staff.
Phrase B is a separate fact: staff_not_speak_English_properly.
B breaks A's assumption? Fill in the blank: Yes

Example 4:
Phrase A assumes no counter-evidence against its claim: no_evident_not_helpful_staff.
Phrase B is a separate fact: not_kind_staff.
B breaks A's assumption? Fill in the blank: No

Now complete the blank for this pair. Output ONLY the missing word (Yes or No), nothing else.

Phrase A assumes no counter-evidence against its claim: have_evident_nothing_to_do.
Phrase B is a separate fact: hotel_not_yet_open_up_for_season.
B breaks A's assumption? Fill in the blank:
",No
2026-08-16 22:51:53,3,2705,have_evident_no_pool_on_off_season,need_renovation_in_elevator,"Complete the sentence by filling in the blank with exactly one word: Yes or No.

Template: ""Phrase A assumes no counter-evidence against its claim. Phrase B is a separate fact.
B breaks A's assumption? Fill in the blank: ____""

Example 1:
Phrase A assumes no counter-evidence against its claim: no_evident_not_easy_check-in.
Phrase B is a separate fact: customer_wait_10_minute_for_greet.
B breaks A's assumption? Fill in the blank: Yes

Example 2:
Phrase A assumes no counter-evidence against its claim: no_evident_not_easy_check-in.
Phrase B is a separate fact: no_one_give_key_on_late_check-in.
B breaks A's assumption? Fill in the blank: No

Example 3:
Phrase A assumes no counter-evidence against its claim: no_evident_not_helpful_staff.
Phrase B is a separate fact: staff_not_speak_English_properly.
B breaks A's assumption? Fill in the blank: Yes

Example 4:
Phrase A assumes no counter-evidence against its claim: no_evident_not_helpful_staff.
Phrase B is a separate fact: not_kind_staff.
B breaks A's assumption? Fill in the blank: No

Now complete the blank for this pair. Output ONLY the missing word (Yes or No), nothing else.

Phrase A assumes no counter-evidence against its claim: have_evident_no_pool_on_off_season.
Phrase B is a separate fact: need_renovation_in_elevator.
B breaks A's assumption? Fill in the blank:
",No
2026-08-16 22:51:53,3,2572,have_evident_no_bar_on_off_season,common_area_light_not_worked_well,"Complete the sentence by filling in the blank with exactly one word: Yes or No.

Template: ""Phrase A assumes no counter-evidence against its claim. Phrase B is a separate fact.
B breaks A's assumption? Fill in the blank: ____""

Example 1:
Phrase A assumes no counter-evidence against its claim: no_evident_not_easy_check-in.
Phrase B is a separate fact: customer_wait_10_minute_for_greet.
B breaks A's assumption? Fill in the blank: Yes

Example 2:
Phrase A assumes no counter-evidence against its claim: no_evident_not_easy_check-in.
Phrase B is a separate fact: no_one_give_key_on_late_check-in.
B breaks A's assumption? Fill in the blank: No

Example 3:
Phrase A assumes no counter-evidence against its claim: no_evident_not_helpful_staff.
Phrase B is a separate fact: staff_not_speak_English_properly.
B breaks A's assumption? Fill in the blank: Yes

Example 4:
Phrase A assumes no counter-evidence against its claim: no_evident_not_helpful_staff.
Phrase B is a separate fact: not_kind_staff.
B breaks A's assumption? Fill in the blank: No

Now complete the blank for this pair. Output ONLY the missing word (Yes or No), nothing else.

Phrase A assumes no counter-evidence against its claim: have_evident_no_bar_on_off_season.
Phrase B is a separate fact: common_area_light_not_worked_well.
B breaks A's assumption? Fill in the blank:
",No
2026-08-16 22:51:53,3,1021,have_evident_no_beach_towel_provide,no_beach_towel_provide,"Complete the sentence by filling in the blank with exactly one word: Yes or No.

Template: ""Phrase A assumes no counter-evidence against its claim. Phrase B is a separate fact.
B breaks A's assumption? Fill in the blank: ____""

Example 1:
Phrase A assumes no counter-evidence against its claim: no_evident_not_easy_check-in.
Phrase B is a separate fact: customer_wait_10_minute_for_greet.
B breaks A's assumption? Fill in the blank: Yes

Example 2:
Phrase A assumes no counter-evidence against its claim: no_evident_not_easy_check-in.
Phrase B is a separate fact: no_one_give_key_on_late_check-in.
B breaks A's assumption? Fill in the blank: No

Example 3:
Phrase A assumes no counter-evidence against its claim: no_evident_not_helpful_staff.
Phrase B is a separate fact: staff_not_speak_English_properly.
B breaks A's assumption? Fill in the blank: Yes

Example 4:
Phrase A assumes no counter-evidence against its claim: no_evident_not_helpful_staff.
Phrase B is a separate fact: not_kind_staff.
B breaks A's assumption? Fill in the blank: No

Now complete the blank for this pair. Output ONLY the missing word (Yes or No), nothing else.

Phrase A assumes no counter-evidence against its claim: have_evident_no_beach_towel_provide.
Phrase B is a separate fact: no_beach_towel_provide.
B breaks A's assumption? Fill in the blank:
",No.
2026-08-16 22:51:53,3,2461,have_evident_issue_with_internet,not_accurate_pool_picture,"Complete the sentence by filling in the blank with exactly one word: Yes or No.

Template: ""Phrase A assumes no counter-evidence against its claim. Phrase B is a separate fact.
B breaks A's assumption? Fill in the blank: ____""

Example 1:
Phrase A assumes no counter-evidence against its claim: no_evident_not_easy_check-in.
Phrase B is a separate fact: customer_wait_10_minute_for_greet.
B breaks A's assumption? Fill in the blank: Yes

Example 2:
Phrase A assumes no counter-evidence against its claim: no_evident_not_easy_check-in.
Phrase B is a separate fact: no_one_give_key_on_late_check-in.
B breaks A's assumption? Fill in the blank: No

Example 3:
Phrase A assumes no counter-evidence against its claim: no_evident_not_helpful_staff.
Phrase B is a separate fact: staff_not_speak_English_properly.
B breaks A's assumption? Fill in the blank: Yes

Example 4:
Phrase A assumes no counter-evidence against its claim: no_evident_not_helpful_staff.
Phrase B is a separate fact: not_kind_staff.
B breaks A's assumption? Fill in the blank: No

Now complete the blank for this pair. Output ONLY the missing word (Yes or No), nothing else.

Phrase A assumes no counter-evidence against its claim: have_evident_issue_with_internet.
Phrase B is a separate fact: not_accurate_pool_picture.
B breaks A's assumption? Fill in the blank:
",No
2026-08-16 22:51:54,3,4155,have_evident_not_everything_perfect_yet,not_big_hotel,"Complete the sentence by filling in the blank with exactly one word: Yes or No.

Template: ""Phrase A assumes no counter-evidence against its claim. Phrase B is a separate fact.
B breaks A's assumption? Fill in the blank: ____""

Example 1:
Phrase A assumes no counter-evidence against its claim: no_evident_not_easy_check-in.
Phrase B is a separate fact: customer_wait_10_minute_for_greet.
B breaks A's assumption? Fill in the blank: Yes

Example 2:
Phrase A assumes no counter-evidence against its claim: no_evident_not_easy_check-in.
Phrase B is a separate fact: no_one_give_key_on_late_check-in.
B breaks A's assumption? Fill in the blank: No

Example 3:
Phrase A assumes no counter-evidence against its claim: no_evident_not_helpful_staff.
Phrase B is a separate fact: staff_not_speak_English_properly.
B breaks A's assumption? Fill in the blank: Yes

Example 4:
Phrase A assumes no counter-evidence against its claim: no_evident_not_helpful_staff.
Phrase B is a separate fact: not_kind_staff.
B breaks A's assumption? Fill in the blank: No

Now complete the blank for this pair. Output ONLY the missing word (Yes or No), nothing else.

Phrase A assumes no counter-evidence against its claim: have_evident_not_everything_perfect_yet.
Phrase B is a separate fact: not_big_hotel.
B breaks A's assumption? Fill in the blank:
",No.
2026-08-16 22:51:54,3,2534,have_evident_hotel_not_yet_open_up_for_season,elevator_need_renovation,"Complete the sentence by filling in the blank with exactly one word: Yes or No.

Template: ""Phrase A assumes no counter-evidence against its claim. Phrase B is a separate fact.
B breaks A's assumption? Fill in the blank: ____""

Example 1:
Phrase A assumes no counter-evidence against its claim: no_evident_not_easy_check-in.
Phrase B is a separate fact: customer_wait_10_minute_for_greet.
B breaks A's assumption? Fill in the blank: Yes

Example 2:
Phrase A assumes no counter-evidence against its claim: no_evident_not_easy_check-in.
Phrase B is a separate fact: no_one_give_key_on_late_check-in.
B breaks A's assumption? Fill in the blank: No

Example 3:
Phrase A assumes no counter-evidence against its claim: no_evident_not_helpful_staff.
Phrase B is a separate fact: staff_not_speak_English_properly.
B breaks A's assumption? Fill in the blank: Yes

Example 4:
Phrase A assumes no counter-evidence against its claim: no_evident_not_helpful_staff.
Phrase B is a separate fact: not_kind_staff.
B breaks A's assumption? Fill in the blank: No

Now complete the blank for this pair. Output ONLY the missing word (Yes or No), nothing else.

Phrase A assumes no counter-evidence against its claim: have_evident_hotel_not_yet_open_up_for_season.
Phrase B is a separate fact: elevator_need_renovation.
B breaks A's assumption? Fill in the blank:
",No
2026-08-16 22:51:54,3,3346,have_evident_limited_facility,not_everything_perfect_yet,"Complete the sentence by filling in the blank with exactly one word: Yes or No.

Template: ""Phrase A assumes no counter-evidence against its claim. Phrase B is a separate fact.
B breaks A's assumption? Fill in the blank: ____""

Example 1:
Phrase A assumes no counter-evidence against its claim: no_evident_not_easy_check-in.
Phrase B is a separate fact: customer_wait_10_minute_for_greet.
B breaks A's assumption? Fill in the blank: Yes

Example 2:
Phrase A assumes no counter-evidence against its claim: no_evident_not_easy_check-in.
Phrase B is a separate fact: no_one_give_key_on_late_check-in.
B breaks A's assumption? Fill in the blank: No

Example 3:
Phrase A assumes no counter-evidence against its claim: no_evident_not_helpful_staff.
Phrase B is a separate fact: staff_not_speak_English_properly.
B breaks A's assumption? Fill in the blank: Yes

Example 4:
Phrase A assumes no counter-evidence against its claim: no_evident_not_helpful_staff.
Phrase B is a separate fact: not_kind_staff.
B breaks A's assumption? Fill in the blank: No

Now complete the blank for this pair. Output ONLY the missing word (Yes or No), nothing else.

Phrase A assumes no counter-evidence against its claim: have_evident_limited_facility.
Phrase B is a separate fact: not_everything_perfect_yet.
B breaks A's assumption? Fill in the blank:
",No
2026-08-16 22:51:54,3,2673,have_evident_no_restaurant_on_off_season,small_swimming_pool,"Complete the sentence by filling in the blank with exactly one word: Yes or No.

Template: ""Phrase A assumes no counter-evidence against its claim. Phrase B is a separate fact.
B breaks A's assumption? Fill in the blank: ____""

Example 1:
Phrase A assumes no counter-evidence against its claim: no_evident_not_easy_check-in.
Phrase B is a separate fact: customer_wait_10_minute_for_greet.
B breaks A's assumption? Fill in the blank: Yes

Example 2:
Phrase A assumes no counter-evidence against its claim: no_evident_not_easy_check-in.
Phrase B is a separate fact: no_one_give_key_on_late_check-in.
B breaks A's assumption? Fill in the blank: No

Example 3:
Phrase A assumes no counter-evidence against its claim: no_evident_not_helpful_staff.
Phrase B is a separate fact: staff_not_speak_English_properly.
B breaks A's assumption? Fill in the blank: Yes

Example 4:
Phrase A assumes no counter-evidence against its claim: no_evident_not_helpful_staff.
Phrase B is a separate fact: not_kind_staff.
B breaks A's assumption? Fill in the blank: No

Now complete the blank for this pair. Output ONLY the missing word (Yes or No), nothing else.

Phrase A assumes no counter-evidence against its claim: have_evident_no_restaurant_on_off_season.
Phrase B is a separate fact: small_swimming_pool.
B breaks A's assumption? Fill in the blank:
",No
2026-08-16 22:51:54,3,3297,have_evident_limited_facility,main_door_not_close,"Complete the sentence by filling in the blank with exactly one word: Yes or No.

Template: ""Phrase A assumes no counter-evidence against its claim. Phrase B is a separate fact.
B breaks A's assumption? Fill in the blank: ____""

Example 1:
Phrase A assumes no counter-evidence against its claim: no_evident_not_easy_check-in.
Phrase B is a separate fact: customer_wait_10_minute_for_greet.
B breaks A's assumption? Fill in the blank: Yes

Example 2:
Phrase A assumes no counter-evidence against its claim: no_evident_not_easy_check-in.
Phrase B is a separate fact: no_one_give_key_on_late_check-in.
B breaks A's assumption? Fill in the blank: No

Example 3:
Phrase A assumes no counter-evidence against its claim: no_evident_not_helpful_staff.
Phrase B is a separate fact: staff_not_speak_English_properly.
B breaks A's assumption? Fill in the blank: Yes

Example 4:
Phrase A assumes no counter-evidence against its claim: no_evident_not_helpful_staff.
Phrase B is a separate fact: not_kind_staff.
B breaks A's assumption? Fill in the blank: No

Now complete the blank for this pair. Output ONLY the missing word (Yes or No), nothing else.

Phrase A assumes no counter-evidence against its claim: have_evident_limited_facility.
Phrase B is a separate fact: main_door_not_close.
B breaks A's assumption? Fill in the blank:
",No
2026-08-16 22:51:54,3,2423,have_evident_issue_with_internet,no_own_parking_lot,"Complete the sentence by filling in the blank with exactly one word: Yes or No.

Template: ""Phrase A assumes no counter-evidence against its claim. Phrase B is a separate fact.
B breaks A's assumption? Fill in the blank: ____""

Example 1:
Phrase A assumes no counter-evidence against its claim: no_evident_not_easy_check-in.
Phrase B is a separate fact: customer_wait_10_minute_for_greet.
B breaks A's assumption? Fill in the blank: Yes

Example 2:
Phrase A assumes no counter-evidence against its claim: no_evident_not_easy_check-in.
Phrase B is a separate fact: no_one_give_key_on_late_check-in.
B breaks A's assumption? Fill in the blank: No

Example 3:
Phrase A assumes no counter-evidence against its claim: no_evident_not_helpful_staff.
Phrase B is a separate fact: staff_not_speak_English_properly.
B breaks A's assumption? Fill in the blank: Yes

Example 4:
Phrase A assumes no counter-evidence against its claim: no_evident_not_helpful_staff.
Phrase B is a separate fact: not_kind_staff.
B breaks A's assumption? Fill in the blank: No

Now complete the blank for this pair. Output ONLY the missing word (Yes or No), nothing else.

Phrase A assumes no counter-evidence against its claim: have_evident_issue_with_internet.
Phrase B is a separate fact: no_own_parking_lot.
B breaks A's assumption? Fill in the blank:
",No
2026-08-16 22:51:54,3,1043,have_evident_no_beach_towel_provide,hotel_not_yet_open_up_for_season,"Complete the sentence by filling in the blank with exactly one word: Yes or No.

Template: ""Phrase A assumes no counter-evidence against its claim. Phrase B is a separate fact.
B breaks A's assumption? Fill in the blank: ____""

Example 1:
Phrase A assumes no counter-evidence against its claim: no_evident_not_easy_check-in.
Phrase B is a separate fact: customer_wait_10_minute_for_greet.
B breaks A's assumption? Fill in the blank: Yes

Example 2:
Phrase A assumes no counter-evidence against its claim: no_evident_not_easy_check-in.
Phrase B is a separate fact: no_one_give_key_on_late_check-in.
B breaks A's assumption? Fill in the blank: No

Example 3:
Phrase A assumes no counter-evidence against its claim: no_evident_not_helpful_staff.
Phrase B is a separate fact: staff_not_speak_English_properly.
B breaks A's assumption? Fill in the blank: Yes

Example 4:
Phrase A assumes no counter-evidence against its claim: no_evident_not_helpful_staff.
Phrase B is a separate fact: not_kind_staff.
B breaks A's assumption? Fill in the blank: No

Now complete the blank for this pair. Output ONLY the missing word (Yes or No), nothing else.

Phrase A assumes no counter-evidence against its claim: have_evident_no_beach_towel_provide.
Phrase B is a separate fact: hotel_not_yet_open_up_for_season.
B breaks A's assumption? Fill in the blank:
",No
2026-08-16 22:51:54,3,1572,have_evident_need_renovation_in_common_area,dangerous_ramp,"Complete the sentence by filling in the blank with exactly one word: Yes or No.

Template: ""Phrase A assumes no counter-evidence against its claim. Phrase B is a separate fact.
B breaks A's assumption? Fill in the blank: ____""

Example 1:
Phrase A assumes no counter-evidence against its claim: no_evident_not_easy_check-in.
Phrase B is a separate fact: customer_wait_10_minute_for_greet.
B breaks A's assumption? Fill in the blank: Yes

Example 2:
Phrase A assumes no counter-evidence against its claim: no_evident_not_easy_check-in.
Phrase B is a separate fact: no_one_give_key_on_late_check-in.
B breaks A's assumption? Fill in the blank: No

Example 3:
Phrase A assumes no counter-evidence against its claim: no_evident_not_helpful_staff.
Phrase B is a separate fact: staff_not_speak_English_properly.
B breaks A's assumption? Fill in the blank: Yes

Example 4:
Phrase A assumes no counter-evidence against its claim: no_evident_not_helpful_staff.
Phrase B is a separate fact: not_kind_staff.
B breaks A's assumption? Fill in the blank: No

Now complete the blank for this pair. Output ONLY the missing word (Yes or No), nothing else.

Phrase A assumes no counter-evidence against its claim: have_evident_need_renovation_in_common_area.
Phrase B is a separate fact: dangerous_ramp.
B breaks A's assumption? Fill in the blank:
",No
2026-08-16 22:51:55,3,3445,have_evident_has_parking_if_lucky,head_bump_doorway,"Complete the sentence by filling in the blank with exactly one word: Yes or No.

Template: ""Phrase A assumes no counter-evidence against its claim. Phrase B is a separate fact.
B breaks A's assumption? Fill in the blank: ____""

Example 1:
Phrase A assumes no counter-evidence against its claim: no_evident_not_easy_check-in.
Phrase B is a separate fact: customer_wait_10_minute_for_greet.
B breaks A's assumption? Fill in the blank: Yes

Example 2:
Phrase A assumes no counter-evidence against its claim: no_evident_not_easy_check-in.
Phrase B is a separate fact: no_one_give_key_on_late_check-in.
B breaks A's assumption? Fill in the blank: No

Example 3:
Phrase A assumes no counter-evidence against its claim: no_evident_not_helpful_staff.
Phrase B is a separate fact: staff_not_speak_English_properly.
B breaks A's assumption? Fill in the blank: Yes

Example 4:
Phrase A assumes no counter-evidence against its claim: no_evident_not_helpful_staff.
Phrase B is a separate fact: not_kind_staff.
B breaks A's assumption? Fill in the blank: No

Now complete the blank for this pair. Output ONLY the missing word (Yes or No), nothing else.

Phrase A assumes no counter-evidence against its claim: have_evident_has_parking_if_lucky.
Phrase B is a separate fact: head_bump_doorway.
B breaks A's assumption? Fill in the blank:
",No
2026-08-16 22:51:55,3,3106,have_evident_broke_lift,need_renovation_in_common_area,"Complete the sentence by filling in the blank with exactly one word: Yes or No.

Template: ""Phrase A assumes no counter-evidence against its claim. Phrase B is a separate fact.
B breaks A's assumption? Fill in the blank: ____""

Example 1:
Phrase A assumes no counter-evidence against its claim: no_evident_not_easy_check-in.
Phrase B is a separate fact: customer_wait_10_minute_for_greet.
B breaks A's assumption? Fill in the blank: Yes

Example 2:
Phrase A assumes no counter-evidence against its claim: no_evident_not_easy_check-in.
Phrase B is a separate fact: no_one_give_key_on_late_check-in.
B breaks A's assumption? Fill in the blank: No

Example 3:
Phrase A assumes no counter-evidence against its claim: no_evident_not_helpful_staff.
Phrase B is a separate fact: staff_not_speak_English_properly.
B breaks A's assumption? Fill in the blank: Yes

Example 4:
Phrase A assumes no counter-evidence against its claim: no_evident_not_helpful_staff.
Phrase B is a separate fact: not_kind_staff.
B breaks A's assumption? Fill in the blank: No

Now complete the blank for this pair. Output ONLY the missing word (Yes or No), nothing else.

Phrase A assumes no counter-evidence against its claim: have_evident_broke_lift.
Phrase B is a separate fact: need_renovation_in_common_area.
B breaks A's assumption? Fill in the blank:
",No
2026-08-16 22:51:55,3,1426,have_evident_pool_could_be_bigger,tiny_pool,"Complete the sentence by filling in the blank with exactly one word: Yes or No.

Template: ""Phrase A assumes no counter-evidence against its claim. Phrase B is a separate fact.
B breaks A's assumption? Fill in the blank: ____""

Example 1:
Phrase A assumes no counter-evidence against its claim: no_evident_not_easy_check-in.
Phrase B is a separate fact: customer_wait_10_minute_for_greet.
B breaks A's assumption? Fill in the blank: Yes

Example 2:
Phrase A assumes no counter-evidence against its claim: no_evident_not_easy_check-in.
Phrase B is a separate fact: no_one_give_key_on_late_check-in.
B breaks A's assumption? Fill in the blank: No

Example 3:
Phrase A assumes no counter-evidence against its claim: no_evident_not_helpful_staff.
Phrase B is a separate fact: staff_not_speak_English_properly.
B breaks A's assumption? Fill in the blank: Yes

Example 4:
Phrase A assumes no counter-evidence against its claim: no_evident_not_helpful_staff.
Phrase B is a separate fact: not_kind_staff.
B breaks A's assumption? Fill in the blank: No

Now complete the blank for this pair. Output ONLY the missing word (Yes or No), nothing else.

Phrase A assumes no counter-evidence against its claim: have_evident_pool_could_be_bigger.
Phrase B is a separate fact: tiny_pool.
B breaks A's assumption? Fill in the blank:
",No
2026-08-16 22:51:55,3,2466,have_evident_issue_with_internet,elevator_need_cleaning,"Complete the sentence by filling in the blank with exactly one word: Yes or No.

Template: ""Phrase A assumes no counter-evidence against its claim. Phrase B is a separate fact.
B breaks A's assumption? Fill in the blank: ____""

Example 1:
Phrase A assumes no counter-evidence against its claim: no_evident_not_easy_check-in.
Phrase B is a separate fact: customer_wait_10_minute_for_greet.
B breaks A's assumption? Fill in the blank: Yes

Example 2:
Phrase A assumes no counter-evidence against its claim: no_evident_not_easy_check-in.
Phrase B is a separate fact: no_one_give_key_on_late_check-in.
B breaks A's assumption? Fill in the blank: No

Example 3:
Phrase A assumes no counter-evidence against its claim: no_evident_not_helpful_staff.
Phrase B is a separate fact: staff_not_speak_English_properly.
B breaks A's assumption? Fill in the blank: Yes

Example 4:
Phrase A assumes no counter-evidence against its claim: no_evident_not_helpful_staff.
Phrase B is a separate fact: not_kind_staff.
B breaks A's assumption? Fill in the blank: No

Now complete the blank for this pair. Output ONLY the missing word (Yes or No), nothing else.

Phrase A assumes no counter-evidence against its claim: have_evident_issue_with_internet.
Phrase B is a separate fact: elevator_need_cleaning.
B breaks A's assumption? Fill in the blank:
",No
2026-08-16 22:51:55,3,3327,have_evident_limited_facility,no_warm_inviting_atmosphere,"Complete the sentence by filling in the blank with exactly one word: Yes or No.

Template: ""Phrase A assumes no counter-evidence against its claim. Phrase B is a separate fact.
B breaks A's assumption? Fill in the blank: ____""

Example 1:
Phrase A assumes no counter-evidence against its claim: no_evident_not_easy_check-in.
Phrase B is a separate fact: customer_wait_10_minute_for_greet.
B breaks A's assumption? Fill in the blank: Yes

Example 2:
Phrase A assumes no counter-evidence against its claim: no_evident_not_easy_check-in.
Phrase B is a separate fact: no_one_give_key_on_late_check-in.
B breaks A's assumption? Fill in the blank: No

Example 3:
Phrase A assumes no counter-evidence against its claim: no_evident_not_helpful_staff.
Phrase B is a separate fact: staff_not_speak_English_properly.
B breaks A's assumption? Fill in the blank: Yes

Example 4:
Phrase A assumes no counter-evidence against its claim: no_evident_not_helpful_staff.
Phrase B is a separate fact: not_kind_staff.
B breaks A's assumption? Fill in the blank: No

Now complete the blank for this pair. Output ONLY the missing word (Yes or No), nothing else.

Phrase A assumes no counter-evidence against its claim: have_evident_limited_facility.
Phrase B is a separate fact: no_warm_inviting_atmosphere.
B breaks A's assumption? Fill in the blank:
",No.
2026-08-16 22:51:56,3,4489,have_evident_not_encourage_to_use_billiard,not_encourage_to_use_billiard,"Complete the sentence by filling in the blank with exactly one word: Yes or No.

Template: ""Phrase A assumes no counter-evidence against its claim. Phrase B is a separate fact.
B breaks A's assumption? Fill in the blank: ____""

Example 1:
Phrase A assumes no counter-evidence against its claim: no_evident_not_easy_check-in.
Phrase B is a separate fact: customer_wait_10_minute_for_greet.
B breaks A's assumption? Fill in the blank: Yes

Example 2:
Phrase A assumes no counter-evidence against its claim: no_evident_not_easy_check-in.
Phrase B is a separate fact: no_one_give_key_on_late_check-in.
B breaks A's assumption? Fill in the blank: No

Example 3:
Phrase A assumes no counter-evidence against its claim: no_evident_not_helpful_staff.
Phrase B is a separate fact: staff_not_speak_English_properly.
B breaks A's assumption? Fill in the blank: Yes

Example 4:
Phrase A assumes no counter-evidence against its claim: no_evident_not_helpful_staff.
Phrase B is a separate fact: not_kind_staff.
B breaks A's assumption? Fill in the blank: No

Now complete the blank for this pair. Output ONLY the missing word (Yes or No), nothing else.

Phrase A assumes no counter-evidence against its claim: have_evident_not_encourage_to_use_billiard.
Phrase B is a separate fact: not_encourage_to_use_billiard.
B breaks A's assumption? Fill in the blank:
",No.
2026-08-16 22:51:56,3,4,have_evident_not_big_hotel,no_pool,"Complete the sentence by filling in the blank with exactly one word: Yes or No.

Template: ""Phrase A assumes no counter-evidence against its claim. Phrase B is a separate fact.
B breaks A's assumption? Fill in the blank: ____""

Example 1:
Phrase A assumes no counter-evidence against its claim: no_evident_not_easy_check-in.
Phrase B is a separate fact: customer_wait_10_minute_for_greet.
B breaks A's assumption? Fill in the blank: Yes

Example 2:
Phrase A assumes no counter-evidence against its claim: no_evident_not_easy_check-in.
Phrase B is a separate fact: no_one_give_key_on_late_check-in.
B breaks A's assumption? Fill in the blank: No

Example 3:
Phrase A assumes no counter-evidence against its claim: no_evident_not_helpful_staff.
Phrase B is a separate fact: staff_not_speak_English_properly.
B breaks A's assumption? Fill in the blank: Yes

Example 4:
Phrase A assumes no counter-evidence against its claim: no_evident_not_helpful_staff.
Phrase B is a separate fact: not_kind_staff.
B breaks A's assumption? Fill in the blank: No

Now complete the blank for this pair. Output ONLY the missing word (Yes or No), nothing else.

Phrase A assumes no counter-evidence against its claim: have_evident_not_big_hotel.
Phrase B is a separate fact: no_pool.
B breaks A's assumption? Fill in the blank:
",No
2026-08-16 22:51:56,3,2490,have_evident_hotel_not_yet_open_up_for_season,no_own_parking_lot,"Complete the sentence by filling in the blank with exactly one word: Yes or No.

Template: ""Phrase A assumes no counter-evidence against its claim. Phrase B is a separate fact.
B breaks A's assumption? Fill in the blank: ____""

Example 1:
Phrase A assumes no counter-evidence against its claim: no_evident_not_easy_check-in.
Phrase B is a separate fact: customer_wait_10_minute_for_greet.
B breaks A's assumption? Fill in the blank: Yes

Example 2:
Phrase A assumes no counter-evidence against its claim: no_evident_not_easy_check-in.
Phrase B is a separate fact: no_one_give_key_on_late_check-in.
B breaks A's assumption? Fill in the blank: No

Example 3:
Phrase A assumes no counter-evidence against its claim: no_evident_not_helpful_staff.
Phrase B is a separate fact: staff_not_speak_English_properly.
B breaks A's assumption? Fill in the blank: Yes

Example 4:
Phrase A assumes no counter-evidence against its claim: no_evident_not_helpful_staff.
Phrase B is a separate fact: not_kind_staff.
B breaks A's assumption? Fill in the blank: No

Now complete the blank for this pair. Output ONLY the missing word (Yes or No), nothing else.

Phrase A assumes no counter-evidence against its claim: have_evident_hotel_not_yet_open_up_for_season.
Phrase B is a separate fact: no_own_parking_lot.
B breaks A's assumption? Fill in the blank:
",No
2026-08-16 22:51:56,3,2351,have_evident_park_wherever_you_find,no_swimming_pool,"Complete the sentence by filling in the blank with exactly one word: Yes or No.

Template: ""Phrase A assumes no counter-evidence against its claim. Phrase B is a separate fact.
B breaks A's assumption? Fill in the blank: ____""

Example 1:
Phrase A assumes no counter-evidence against its claim: no_evident_not_easy_check-in.
Phrase B is a separate fact: customer_wait_10_minute_for_greet.
B breaks A's assumption? Fill in the blank: Yes

Example 2:
Phrase A assumes no counter-evidence against its claim: no_evident_not_easy_check-in.
Phrase B is a separate fact: no_one_give_key_on_late_check-in.
B breaks A's assumption? Fill in the blank: No

Example 3:
Phrase A assumes no counter-evidence against its claim: no_evident_not_helpful_staff.
Phrase B is a separate fact: staff_not_speak_English_properly.
B breaks A's assumption? Fill in the blank: Yes

Example 4:
Phrase A assumes no counter-evidence against its claim: no_evident_not_helpful_staff.
Phrase B is a separate fact: not_kind_staff.
B breaks A's assumption? Fill in the blank: No

Now complete the blank for this pair. Output ONLY the missing word (Yes or No), nothing else.

Phrase A assumes no counter-evidence against its claim: have_evident_park_wherever_you_find.
Phrase B is a separate fact: no_swimming_pool.
B breaks A's assumption? Fill in the blank:
",No
2026-08-16 22:51:56,3,1722,have_evident_common_area_light_not_worked_well,broke_lift,"Complete the sentence by filling in the blank with exactly one word: Yes or No.

Template: ""Phrase A assumes no counter-evidence against its claim. Phrase B is a separate fact.
B breaks A's assumption? Fill in the blank: ____""

Example 1:
Phrase A assumes no counter-evidence against its claim: no_evident_not_easy_check-in.
Phrase B is a separate fact: customer_wait_10_minute_for_greet.
B breaks A's assumption? Fill in the blank: Yes

Example 2:
Phrase A assumes no counter-evidence against its claim: no_evident_not_easy_check-in.
Phrase B is a separate fact: no_one_give_key_on_late_check-in.
B breaks A's assumption? Fill in the blank: No

Example 3:
Phrase A assumes no counter-evidence against its claim: no_evident_not_helpful_staff.
Phrase B is a separate fact: staff_not_speak_English_properly.
B breaks A's assumption? Fill in the blank: Yes

Example 4:
Phrase A assumes no counter-evidence against its claim: no_evident_not_helpful_staff.
Phrase B is a separate fact: not_kind_staff.
B breaks A's assumption? Fill in the blank: No

Now complete the blank for this pair. Output ONLY the missing word (Yes or No), nothing else.

Phrase A assumes no counter-evidence against its claim: have_evident_common_area_light_not_worked_well.
Phrase B is a separate fact: broke_lift.
B breaks A's assumption? Fill in the blank:
",No
2026-08-16 22:51:56,3,3522,have_evident_little_parking_in_evening,hotel_not_yet_open_up_for_season,"Complete the sentence by filling in the blank with exactly one word: Yes or No.

Template: ""Phrase A assumes no counter-evidence against its claim. Phrase B is a separate fact.
B breaks A's assumption? Fill in the blank: ____""

Example 1:
Phrase A assumes no counter-evidence against its claim: no_evident_not_easy_check-in.
Phrase B is a separate fact: customer_wait_10_minute_for_greet.
B breaks A's assumption? Fill in the blank: Yes

Example 2:
Phrase A assumes no counter-evidence against its claim: no_evident_not_easy_check-in.
Phrase B is a separate fact: no_one_give_key_on_late_check-in.
B breaks A's assumption? Fill in the blank: No

Example 3:
Phrase A assumes no counter-evidence against its claim: no_evident_not_helpful_staff.
Phrase B is a separate fact: staff_not_speak_English_properly.
B breaks A's assumption? Fill in the blank: Yes

Example 4:
Phrase A assumes no counter-evidence against its claim: no_evident_not_helpful_staff.
Phrase B is a separate fact: not_kind_staff.
B breaks A's assumption? Fill in the blank: No

Now complete the blank for this pair. Output ONLY the missing word (Yes or No), nothing else.

Phrase A assumes no counter-evidence against its claim: have_evident_little_parking_in_evening.
Phrase B is a separate fact: hotel_not_yet_open_up_for_season.
B breaks A's assumption? Fill in the blank:
",No
2026-08-16 22:51:56,3,2640,have_evident_no_restaurant_on_off_season,low_doorway_leading_to_elevator,"Complete the sentence by filling in the blank with exactly one word: Yes or No.

Template: ""Phrase A assumes no counter-evidence against its claim. Phrase B is a separate fact.
B breaks A's assumption? Fill in the blank: ____""

Example 1:
Phrase A assumes no counter-evidence against its claim: no_evident_not_easy_check-in.
Phrase B is a separate fact: customer_wait_10_minute_for_greet.
B breaks A's assumption? Fill in the blank: Yes

Example 2:
Phrase A assumes no counter-evidence against its claim: no_evident_not_easy_check-in.
Phrase B is a separate fact: no_one_give_key_on_late_check-in.
B breaks A's assumption? Fill in the blank: No

Example 3:
Phrase A assumes no counter-evidence against its claim: no_evident_not_helpful_staff.
Phrase B is a separate fact: staff_not_speak_English_properly.
B breaks A's assumption? Fill in the blank: Yes

Example 4:
Phrase A assumes no counter-evidence against its claim: no_evident_not_helpful_staff.
Phrase B is a separate fact: not_kind_staff.
B breaks A's assumption? Fill in the blank: No

Now complete the blank for this pair. Output ONLY the missing word (Yes or No), nothing else.

Phrase A assumes no counter-evidence against its claim: have_evident_no_restaurant_on_off_season.
Phrase B is a separate fact: low_doorway_leading_to_elevator.
B breaks A's assumption? Fill in the blank:
",No
2026-08-16 22:51:57,3,3810,have_evident_old_furniture,pool_close,"Complete the sentence by filling in the blank with exactly one word: Yes or No.

Template: ""Phrase A assumes no counter-evidence against its claim. Phrase B is a separate fact.
B breaks A's assumption? Fill in the blank: ____""

Example 1:
Phrase A assumes no counter-evidence against its claim: no_evident_not_easy_check-in.
Phrase B is a separate fact: customer_wait_10_minute_for_greet.
B breaks A's assumption? Fill in the blank: Yes

Example 2:
Phrase A assumes no counter-evidence against its claim: no_evident_not_easy_check-in.
Phrase B is a separate fact: no_one_give_key_on_late_check-in.
B breaks A's assumption? Fill in the blank: No

Example 3:
Phrase A assumes no counter-evidence against its claim: no_evident_not_helpful_staff.
Phrase B is a separate fact: staff_not_speak_English_properly.
B breaks A's assumption? Fill in the blank: Yes

Example 4:
Phrase A assumes no counter-evidence against its claim: no_evident_not_helpful_staff.
Phrase B is a separate fact: not_kind_staff.
B breaks A's assumption? Fill in the blank: No

Now complete the blank for this pair. Output ONLY the missing word (Yes or No), nothing else.

Phrase A assumes no counter-evidence against its claim: have_evident_old_furniture.
Phrase B is a separate fact: pool_close.
B breaks A's assumption? Fill in the blank:
",No
2026-08-16 22:51:57,3,3623,have_evident_elevator_need_renovation,not_easy_parking,"Complete the sentence by filling in the blank with exactly one word: Yes or No.

Template: ""Phrase A assumes no counter-evidence against its claim. Phrase B is a separate fact.
B breaks A's assumption? Fill in the blank: ____""

Example 1:
Phrase A assumes no counter-evidence against its claim: no_evident_not_easy_check-in.
Phrase B is a separate fact: customer_wait_10_minute_for_greet.
B breaks A's assumption? Fill in the blank: Yes

Example 2:
Phrase A assumes no counter-evidence against its claim: no_evident_not_easy_check-in.
Phrase B is a separate fact: no_one_give_key_on_late_check-in.
B breaks A's assumption? Fill in the blank: No

Example 3:
Phrase A assumes no counter-evidence against its claim: no_evident_not_helpful_staff.
Phrase B is a separate fact: staff_not_speak_English_properly.
B breaks A's assumption? Fill in the blank: Yes

Example 4:
Phrase A assumes no counter-evidence against its claim: no_evident_not_helpful_staff.
Phrase B is a separate fact: not_kind_staff.
B breaks A's assumption? Fill in the blank: No

Now complete the blank for this pair. Output ONLY the missing word (Yes or No), nothing else.

Phrase A assumes no counter-evidence against its claim: have_evident_elevator_need_renovation.
Phrase B is a separate fact: not_easy_parking.
B breaks A's assumption? Fill in the blank:
",No
2026-08-16 22:51:57,3,1751,have_evident_low_doorway_leading_to_elevator,nothing_to_do,"Complete the sentence by filling in the blank with exactly one word: Yes or No.

Template: ""Phrase A assumes no counter-evidence against its claim. Phrase B is a separate fact.
B breaks A's assumption? Fill in the blank: ____""

Example 1:
Phrase A assumes no counter-evidence against its claim: no_evident_not_easy_check-in.
Phrase B is a separate fact: customer_wait_10_minute_for_greet.
B breaks A's assumption? Fill in the blank: Yes

Example 2:
Phrase A assumes no counter-evidence against its claim: no_evident_not_easy_check-in.
Phrase B is a separate fact: no_one_give_key_on_late_check-in.
B breaks A's assumption? Fill in the blank: No

Example 3:
Phrase A assumes no counter-evidence against its claim: no_evident_not_helpful_staff.
Phrase B is a separate fact: staff_not_speak_English_properly.
B breaks A's assumption? Fill in the blank: Yes

Example 4:
Phrase A assumes no counter-evidence against its claim: no_evident_not_helpful_staff.
Phrase B is a separate fact: not_kind_staff.
B breaks A's assumption? Fill in the blank: No

Now complete the blank for this pair. Output ONLY the missing word (Yes or No), nothing else.

Phrase A assumes no counter-evidence against its claim: have_evident_low_doorway_leading_to_elevator.
Phrase B is a separate fact: nothing_to_do.
B breaks A's assumption? Fill in the blank:
",No
2026-08-16 22:51:57,3,4188,have_evident_not_everything_perfect_yet,street_parking,"Complete the sentence by filling in the blank with exactly one word: Yes or No.

Template: ""Phrase A assumes no counter-evidence against its claim. Phrase B is a separate fact.
B breaks A's assumption? Fill in the blank: ____""

Example 1:
Phrase A assumes no counter-evidence against its claim: no_evident_not_easy_check-in.
Phrase B is a separate fact: customer_wait_10_minute_for_greet.
B breaks A's assumption? Fill in the blank: Yes

Example 2:
Phrase A assumes no counter-evidence against its claim: no_evident_not_easy_check-in.
Phrase B is a separate fact: no_one_give_key_on_late_check-in.
B breaks A's assumption? Fill in the blank: No

Example 3:
Phrase A assumes no counter-evidence against its claim: no_evident_not_helpful_staff.
Phrase B is a separate fact: staff_not_speak_English_properly.
B breaks A's assumption? Fill in the blank: Yes

Example 4:
Phrase A assumes no counter-evidence against its claim: no_evident_not_helpful_staff.
Phrase B is a separate fact: not_kind_staff.
B breaks A's assumption? Fill in the blank: No

Now complete the blank for this pair. Output ONLY the missing word (Yes or No), nothing else.

Phrase A assumes no counter-evidence against its claim: have_evident_not_everything_perfect_yet.
Phrase B is a separate fact: street_parking.
B breaks A's assumption? Fill in the blank:
",No.
2026-08-16 22:51:57,3,3877,have_evident_pool_close,pool_close,"Complete the sentence by filling in the blank with exactly one word: Yes or No.

Template: ""Phrase A assumes no counter-evidence against its claim. Phrase B is a separate fact.
B breaks A's assumption? Fill in the blank: ____""

Example 1:
Phrase A assumes no counter-evidence against its claim: no_evident_not_easy_check-in.
Phrase B is a separate fact: customer_wait_10_minute_for_greet.
B breaks A's assumption? Fill in the blank: Yes

Example 2:
Phrase A assumes no counter-evidence against its claim: no_evident_not_easy_check-in.
Phrase B is a separate fact: no_one_give_key_on_late_check-in.
B breaks A's assumption? Fill in the blank: No

Example 3:
Phrase A assumes no counter-evidence against its claim: no_evident_not_helpful_staff.
Phrase B is a separate fact: staff_not_speak_English_properly.
B breaks A's assumption? Fill in the blank: Yes

Example 4:
Phrase A assumes no counter-evidence against its claim: no_evident_not_helpful_staff.
Phrase B is a separate fact: not_kind_staff.
B breaks A's assumption? Fill in the blank: No

Now complete the blank for this pair. Output ONLY the missing word (Yes or No), nothing else.

Phrase A assumes no counter-evidence against its claim: have_evident_pool_close.
Phrase B is a separate fact: pool_close.
B breaks A's assumption? Fill in the blank:
",No
2026-08-16 22:51:57,3,1391,have_evident_outside_view_not_excellent,pool_could_be_cleaner,"Complete the sentence by filling in the blank with exactly one word: Yes or No.

Template: ""Phrase A assumes no counter-evidence against its claim. Phrase B is a separate fact.
B breaks A's assumption? Fill in the blank: ____""

Example 1:
Phrase A assumes no counter-evidence against its claim: no_evident_not_easy_check-in.
Phrase B is a separate fact: customer_wait_10_minute_for_greet.
B breaks A's assumption? Fill in the blank: Yes

Example 2:
Phrase A assumes no counter-evidence against its claim: no_evident_not_easy_check-in.
Phrase B is a separate fact: no_one_give_key_on_late_check-in.
B breaks A's assumption? Fill in the blank: No

Example 3:
Phrase A assumes no counter-evidence against its claim: no_evident_not_helpful_staff.
Phrase B is a separate fact: staff_not_speak_English_properly.
B breaks A's assumption? Fill in the blank: Yes

Example 4:
Phrase A assumes no counter-evidence against its claim: no_evident_not_helpful_staff.
Phrase B is a separate fact: not_kind_staff.
B breaks A's assumption? Fill in the blank: No

Now complete the blank for this pair. Output ONLY the missing word (Yes or No), nothing else.

Phrase A assumes no counter-evidence against its claim: have_evident_outside_view_not_excellent.
Phrase B is a separate fact: pool_could_be_cleaner.
B breaks A's assumption? Fill in the blank:
",No.
2026-08-16 22:51:58,3,695,have_evident_no_own_parking_lot,need_renovation_in_elevator,"Complete the sentence by filling in the blank with exactly one word: Yes or No.

Template: ""Phrase A assumes no counter-evidence against its claim. Phrase B is a separate fact.
B breaks A's assumption? Fill in the blank: ____""

Example 1:
Phrase A assumes no counter-evidence against its claim: no_evident_not_easy_check-in.
Phrase B is a separate fact: customer_wait_10_minute_for_greet.
B breaks A's assumption? Fill in the blank: Yes

Example 2:
Phrase A assumes no counter-evidence against its claim: no_evident_not_easy_check-in.
Phrase B is a separate fact: no_one_give_key_on_late_check-in.
B breaks A's assumption? Fill in the blank: No

Example 3:
Phrase A assumes no counter-evidence against its claim: no_evident_not_helpful_staff.
Phrase B is a separate fact: staff_not_speak_English_properly.
B breaks A's assumption? Fill in the blank: Yes

Example 4:
Phrase A assumes no counter-evidence against its claim: no_evident_not_helpful_staff.
Phrase B is a separate fact: not_kind_staff.
B breaks A's assumption? Fill in the blank: No

Now complete the blank for this pair. Output ONLY the missing word (Yes or No), nothing else.

Phrase A assumes no counter-evidence against its claim: have_evident_no_own_parking_lot.
Phrase B is a separate fact: need_renovation_in_elevator.
B breaks A's assumption? Fill in the blank:
",No
2026-08-16 22:51:58,3,2325,have_evident_no_designated_parking,broke_lift,"Complete the sentence by filling in the blank with exactly one word: Yes or No.

Template: ""Phrase A assumes no counter-evidence against its claim. Phrase B is a separate fact.
B breaks A's assumption? Fill in the blank: ____""

Example 1:
Phrase A assumes no counter-evidence against its claim: no_evident_not_easy_check-in.
Phrase B is a separate fact: customer_wait_10_minute_for_greet.
B breaks A's assumption? Fill in the blank: Yes

Example 2:
Phrase A assumes no counter-evidence against its claim: no_evident_not_easy_check-in.
Phrase B is a separate fact: no_one_give_key_on_late_check-in.
B breaks A's assumption? Fill in the blank: No

Example 3:
Phrase A assumes no counter-evidence against its claim: no_evident_not_helpful_staff.
Phrase B is a separate fact: staff_not_speak_English_properly.
B breaks A's assumption? Fill in the blank: Yes

Example 4:
Phrase A assumes no counter-evidence against its claim: no_evident_not_helpful_staff.
Phrase B is a separate fact: not_kind_staff.
B breaks A's assumption? Fill in the blank: No

Now complete the blank for this pair. Output ONLY the missing word (Yes or No), nothing else.

Phrase A assumes no counter-evidence against its claim: have_evident_no_designated_parking.
Phrase B is a separate fact: broke_lift.
B breaks A's assumption? Fill in the blank:
",No
2026-08-16 22:51:58,3,4223,have_evident_not_encourage_to_use_relaxation_zone,no_24_hour_reception,"Complete the sentence by filling in the blank with exactly one word: Yes or No.

Template: ""Phrase A assumes no counter-evidence against its claim. Phrase B is a separate fact.
B breaks A's assumption? Fill in the blank: ____""

Example 1:
Phrase A assumes no counter-evidence against its claim: no_evident_not_easy_check-in.
Phrase B is a separate fact: customer_wait_10_minute_for_greet.
B breaks A's assumption? Fill in the blank: Yes

Example 2:
Phrase A assumes no counter-evidence against its claim: no_evident_not_easy_check-in.
Phrase B is a separate fact: no_one_give_key_on_late_check-in.
B breaks A's assumption? Fill in the blank: No

Example 3:
Phrase A assumes no counter-evidence against its claim: no_evident_not_helpful_staff.
Phrase B is a separate fact: staff_not_speak_English_properly.
B breaks A's assumption? Fill in the blank: Yes

Example 4:
Phrase A assumes no counter-evidence against its claim: no_evident_not_helpful_staff.
Phrase B is a separate fact: not_kind_staff.
B breaks A's assumption? Fill in the blank: No

Now complete the blank for this pair. Output ONLY the missing word (Yes or No), nothing else.

Phrase A assumes no counter-evidence against its claim: have_evident_not_encourage_to_use_relaxation_zone.
Phrase B is a separate fact: no_24_hour_reception.
B breaks A's assumption? Fill in the blank:
",No
2026-08-16 22:51:58,3,2746,have_evident_no_pool_on_off_season,not_encourage_to_use_deckchair,"Complete the sentence by filling in the blank with exactly one word: Yes or No.

Template: ""Phrase A assumes no counter-evidence against its claim. Phrase B is a separate fact.
B breaks A's assumption? Fill in the blank: ____""

Example 1:
Phrase A assumes no counter-evidence against its claim: no_evident_not_easy_check-in.
Phrase B is a separate fact: customer_wait_10_minute_for_greet.
B breaks A's assumption? Fill in the blank: Yes

Example 2:
Phrase A assumes no counter-evidence against its claim: no_evident_not_easy_check-in.
Phrase B is a separate fact: no_one_give_key_on_late_check-in.
B breaks A's assumption? Fill in the blank: No

Example 3:
Phrase A assumes no counter-evidence against its claim: no_evident_not_helpful_staff.
Phrase B is a separate fact: staff_not_speak_English_properly.
B breaks A's assumption? Fill in the blank: Yes

Example 4:
Phrase A assumes no counter-evidence against its claim: no_evident_not_helpful_staff.
Phrase B is a separate fact: not_kind_staff.
B breaks A's assumption? Fill in the blank: No

Now complete the blank for this pair. Output ONLY the missing word (Yes or No), nothing else.

Phrase A assumes no counter-evidence against its claim: have_evident_no_pool_on_off_season.
Phrase B is a separate fact: not_encourage_to_use_deckchair.
B breaks A's assumption? Fill in the blank:
",No
2026-08-16 22:51:58,3,766,have_evident_difficult_to_find_parking,not_EU_regulation_ramp,"Complete the sentence by filling in the blank with exactly one word: Yes or No.

Template: ""Phrase A assumes no counter-evidence against its claim. Phrase B is a separate fact.
B breaks A's assumption? Fill in the blank: ____""

Example 1:
Phrase A assumes no counter-evidence against its claim: no_evident_not_easy_check-in.
Phrase B is a separate fact: customer_wait_10_minute_for_greet.
B breaks A's assumption? Fill in the blank: Yes

Example 2:
Phrase A assumes no counter-evidence against its claim: no_evident_not_easy_check-in.
Phrase B is a separate fact: no_one_give_key_on_late_check-in.
B breaks A's assumption? Fill in the blank: No

Example 3:
Phrase A assumes no counter-evidence against its claim: no_evident_not_helpful_staff.
Phrase B is a separate fact: staff_not_speak_English_properly.
B breaks A's assumption? Fill in the blank: Yes

Example 4:
Phrase A assumes no counter-evidence against its claim: no_evident_not_helpful_staff.
Phrase B is a separate fact: not_kind_staff.
B breaks A's assumption? Fill in the blank: No

Now complete the blank for this pair. Output ONLY the missing word (Yes or No), nothing else.

Phrase A assumes no counter-evidence against its claim: have_evident_difficult_to_find_parking.
Phrase B is a separate fact: not_EU_regulation_ramp.
B breaks A's assumption? Fill in the blank:
",No
2026-08-16 22:51:58,3,1925,have_evident_not_EU_regulation_ramp,not_accurate_pool_picture,"Complete the sentence by filling in the blank with exactly one word: Yes or No.

Template: ""Phrase A assumes no counter-evidence against its claim. Phrase B is a separate fact.
B breaks A's assumption? Fill in the blank: ____""

Example 1:
Phrase A assumes no counter-evidence against its claim: no_evident_not_easy_check-in.
Phrase B is a separate fact: customer_wait_10_minute_for_greet.
B breaks A's assumption? Fill in the blank: Yes

Example 2:
Phrase A assumes no counter-evidence against its claim: no_evident_not_easy_check-in.
Phrase B is a separate fact: no_one_give_key_on_late_check-in.
B breaks A's assumption? Fill in the blank: No

Example 3:
Phrase A assumes no counter-evidence against its claim: no_evident_not_helpful_staff.
Phrase B is a separate fact: staff_not_speak_English_properly.
B breaks A's assumption? Fill in the blank: Yes

Example 4:
Phrase A assumes no counter-evidence against its claim: no_evident_not_helpful_staff.
Phrase B is a separate fact: not_kind_staff.
B breaks A's assumption? Fill in the blank: No

Now complete the blank for this pair. Output ONLY the missing word (Yes or No), nothing else.

Phrase A assumes no counter-evidence against its claim: have_evident_not_EU_regulation_ramp.
Phrase B is a separate fact: not_accurate_pool_picture.
B breaks A's assumption? Fill in the blank:
",No
2026-08-16 22:51:59,3,2543,have_evident_hotel_not_yet_open_up_for_season,not_encourage_to_use_relaxation_zone,"Complete the sentence by filling in the blank with exactly one word: Yes or No.

Template: ""Phrase A assumes no counter-evidence against its claim. Phrase B is a separate fact.
B breaks A's assumption? Fill in the blank: ____""

Example 1:
Phrase A assumes no counter-evidence against its claim: no_evident_not_easy_check-in.
Phrase B is a separate fact: customer_wait_10_minute_for_greet.
B breaks A's assumption? Fill in the blank: Yes

Example 2:
Phrase A assumes no counter-evidence against its claim: no_evident_not_easy_check-in.
Phrase B is a separate fact: no_one_give_key_on_late_check-in.
B breaks A's assumption? Fill in the blank: No

Example 3:
Phrase A assumes no counter-evidence against its claim: no_evident_not_helpful_staff.
Phrase B is a separate fact: staff_not_speak_English_properly.
B breaks A's assumption? Fill in the blank: Yes

Example 4:
Phrase A assumes no counter-evidence against its claim: no_evident_not_helpful_staff.
Phrase B is a separate fact: not_kind_staff.
B breaks A's assumption? Fill in the blank: No

Now complete the blank for this pair. Output ONLY the missing word (Yes or No), nothing else.

Phrase A assumes no counter-evidence against its claim: have_evident_hotel_not_yet_open_up_for_season.
Phrase B is a separate fact: not_encourage_to_use_relaxation_zone.
B breaks A's assumption? Fill in the blank:
",No
2026-08-16 22:51:59,3,1841,have_evident_head_bump_doorway,hotel_not_accessible_to_wheelchair_as_it_said,"Complete the sentence by filling in the blank with exactly one word: Yes or No.

Template: ""Phrase A assumes no counter-evidence against its claim. Phrase B is a separate fact.
B breaks A's assumption? Fill in the blank: ____""

Example 1:
Phrase A assumes no counter-evidence against its claim: no_evident_not_easy_check-in.
Phrase B is a separate fact: customer_wait_10_minute_for_greet.
B breaks A's assumption? Fill in the blank: Yes

Example 2:
Phrase A assumes no counter-evidence against its claim: no_evident_not_easy_check-in.
Phrase B is a separate fact: no_one_give_key_on_late_check-in.
B breaks A's assumption? Fill in the blank: No

Example 3:
Phrase A assumes no counter-evidence against its claim: no_evident_not_helpful_staff.
Phrase B is a separate fact: staff_not_speak_English_properly.
B breaks A's assumption? Fill in the blank: Yes

Example 4:
Phrase A assumes no counter-evidence against its claim: no_evident_not_helpful_staff.
Phrase B is a separate fact: not_kind_staff.
B breaks A's assumption? Fill in the blank: No

Now complete the blank for this pair. Output ONLY the missing word (Yes or No), nothing else.

Phrase A assumes no counter-evidence against its claim: have_evident_head_bump_doorway.
Phrase B is a separate fact: hotel_not_accessible_to_wheelchair_as_it_said.
B breaks A's assumption? Fill in the blank:
",No
2026-08-16 22:51:59,3,1632,have_evident_need_renovation_in_elevator,need_renovation_in_common_area,"Complete the sentence by filling in the blank with exactly one word: Yes or No.

Template: ""Phrase A assumes no counter-evidence against its claim. Phrase B is a separate fact.
B breaks A's assumption? Fill in the blank: ____""

Example 1:
Phrase A assumes no counter-evidence against its claim: no_evident_not_easy_check-in.
Phrase B is a separate fact: customer_wait_10_minute_for_greet.
B breaks A's assumption? Fill in the blank: Yes

Example 2:
Phrase A assumes no counter-evidence against its claim: no_evident_not_easy_check-in.
Phrase B is a separate fact: no_one_give_key_on_late_check-in.
B breaks A's assumption? Fill in the blank: No

Example 3:
Phrase A assumes no counter-evidence against its claim: no_evident_not_helpful_staff.
Phrase B is a separate fact: staff_not_speak_English_properly.
B breaks A's assumption? Fill in the blank: Yes

Example 4:
Phrase A assumes no counter-evidence against its claim: no_evident_not_helpful_staff.
Phrase B is a separate fact: not_kind_staff.
B breaks A's assumption? Fill in the blank: No

Now complete the blank for this pair. Output ONLY the missing word (Yes or No), nothing else.

Phrase A assumes no counter-evidence against its claim: have_evident_need_renovation_in_elevator.
Phrase B is a separate fact: need_renovation_in_common_area.
B breaks A's assumption? Fill in the blank:
",No
2026-08-16 22:51:59,3,1208,have_evident_tiny_pool,no_24_hour_reception,"Complete the sentence by filling in the blank with exactly one word: Yes or No.

Template: ""Phrase A assumes no counter-evidence against its claim. Phrase B is a separate fact.
B breaks A's assumption? Fill in the blank: ____""

Example 1:
Phrase A assumes no counter-evidence against its claim: no_evident_not_easy_check-in.
Phrase B is a separate fact: customer_wait_10_minute_for_greet.
B breaks A's assumption? Fill in the blank: Yes

Example 2:
Phrase A assumes no counter-evidence against its claim: no_evident_not_easy_check-in.
Phrase B is a separate fact: no_one_give_key_on_late_check-in.
B breaks A's assumption? Fill in the blank: No

Example 3:
Phrase A assumes no counter-evidence against its claim: no_evident_not_helpful_staff.
Phrase B is a separate fact: staff_not_speak_English_properly.
B breaks A's assumption? Fill in the blank: Yes

Example 4:
Phrase A assumes no counter-evidence against its claim: no_evident_not_helpful_staff.
Phrase B is a separate fact: not_kind_staff.
B breaks A's assumption? Fill in the blank: No

Now complete the blank for this pair. Output ONLY the missing word (Yes or No), nothing else.

Phrase A assumes no counter-evidence against its claim: have_evident_tiny_pool.
Phrase B is a separate fact: no_24_hour_reception.
B breaks A's assumption? Fill in the blank:
",No
2026-08-16 22:51:59,3,201,have_evident_not_easy_to_access entry_at_odd_hour,not_encourage_to_use_billiard,"Complete the sentence by filling in the blank with exactly one word: Yes or No.

Template: ""Phrase A assumes no counter-evidence against its claim. Phrase B is a separate fact.
B breaks A's assumption? Fill in the blank: ____""

Example 1:
Phrase A assumes no counter-evidence against its claim: no_evident_not_easy_check-in.
Phrase B is a separate fact: customer_wait_10_minute_for_greet.
B breaks A's assumption? Fill in the blank: Yes

Example 2:
Phrase A assumes no counter-evidence against its claim: no_evident_not_easy_check-in.
Phrase B is a separate fact: no_one_give_key_on_late_check-in.
B breaks A's assumption? Fill in the blank: No

Example 3:
Phrase A assumes no counter-evidence against its claim: no_evident_not_helpful_staff.
Phrase B is a separate fact: staff_not_speak_English_properly.
B breaks A's assumption? Fill in the blank: Yes

Example 4:
Phrase A assumes no counter-evidence against its claim: no_evident_not_helpful_staff.
Phrase B is a separate fact: not_kind_staff.
B breaks A's assumption? Fill in the blank: No

Now complete the blank for this pair. Output ONLY the missing word (Yes or No), nothing else.

Phrase A assumes no counter-evidence against its claim: have_evident_not_easy_to_access entry_at_odd_hour.
Phrase B is a separate fact: not_encourage_to_use_billiard.
B breaks A's assumption? Fill in the blank:
",No
2026-08-16 22:51:59,3,379,have_evident_no_swimming_pool,no_warm_inviting_atmosphere,"Complete the sentence by filling in the blank with exactly one word: Yes or No.

Template: ""Phrase A assumes no counter-evidence against its claim. Phrase B is a separate fact.
B breaks A's assumption? Fill in the blank: ____""

Example 1:
Phrase A assumes no counter-evidence against its claim: no_evident_not_easy_check-in.
Phrase B is a separate fact: customer_wait_10_minute_for_greet.
B breaks A's assumption? Fill in the blank: Yes

Example 2:
Phrase A assumes no counter-evidence against its claim: no_evident_not_easy_check-in.
Phrase B is a separate fact: no_one_give_key_on_late_check-in.
B breaks A's assumption? Fill in the blank: No

Example 3:
Phrase A assumes no counter-evidence against its claim: no_evident_not_helpful_staff.
Phrase B is a separate fact: staff_not_speak_English_properly.
B breaks A's assumption? Fill in the blank: Yes

Example 4:
Phrase A assumes no counter-evidence against its claim: no_evident_not_helpful_staff.
Phrase B is a separate fact: not_kind_staff.
B breaks A's assumption? Fill in the blank: No

Now complete the blank for this pair. Output ONLY the missing word (Yes or No), nothing else.

Phrase A assumes no counter-evidence against its claim: have_evident_no_swimming_pool.
Phrase B is a separate fact: no_warm_inviting_atmosphere.
B breaks A's assumption? Fill in the blank:
",No
2026-08-16 22:51:59,3,2006,have_evident_steep_ramp,not_everything_perfect_yet,"Complete the sentence by filling in the blank with exactly one word: Yes or No.

Template: ""Phrase A assumes no counter-evidence against its claim. Phrase B is a separate fact.
B breaks A's assumption? Fill in the blank: ____""

Example 1:
Phrase A assumes no counter-evidence against its claim: no_evident_not_easy_check-in.
Phrase B is a separate fact: customer_wait_10_minute_for_greet.
B breaks A's assumption? Fill in the blank: Yes

Example 2:
Phrase A assumes no counter-evidence against its claim: no_evident_not_easy_check-in.
Phrase B is a separate fact: no_one_give_key_on_late_check-in.
B breaks A's assumption? Fill in the blank: No

Example 3:
Phrase A assumes no counter-evidence against its claim: no_evident_not_helpful_staff.
Phrase B is a separate fact: staff_not_speak_English_properly.
B breaks A's assumption? Fill in the blank: Yes

Example 4:
Phrase A assumes no counter-evidence against its claim: no_evident_not_helpful_staff.
Phrase B is a separate fact: not_kind_staff.
B breaks A's assumption? Fill in the blank: No

Now complete the blank for this pair. Output ONLY the missing word (Yes or No), nothing else.

Phrase A assumes no counter-evidence against its claim: have_evident_steep_ramp.
Phrase B is a separate fact: not_everything_perfect_yet.
B breaks A's assumption? Fill in the blank:
",No
2026-08-16 22:51:59,3,3893,have_evident_better_remove_pool_photo,disgusting_outside,"Complete the sentence by filling in the blank with exactly one word: Yes or No.

Template: ""Phrase A assumes no counter-evidence against its claim. Phrase B is a separate fact.
B breaks A's assumption? Fill in the blank: ____""

Example 1:
Phrase A assumes no counter-evidence against its claim: no_evident_not_easy_check-in.
Phrase B is a separate fact: customer_wait_10_minute_for_greet.
B breaks A's assumption? Fill in the blank: Yes

Example 2:
Phrase A assumes no counter-evidence against its claim: no_evident_not_easy_check-in.
Phrase B is a separate fact: no_one_give_key_on_late_check-in.
B breaks A's assumption? Fill in the blank: No

Example 3:
Phrase A assumes no counter-evidence against its claim: no_evident_not_helpful_staff.
Phrase B is a separate fact: staff_not_speak_English_properly.
B breaks A's assumption? Fill in the blank: Yes

Example 4:
Phrase A assumes no counter-evidence against its claim: no_evident_not_helpful_staff.
Phrase B is a separate fact: not_kind_staff.
B breaks A's assumption? Fill in the blank: No

Now complete the blank for this pair. Output ONLY the missing word (Yes or No), nothing else.

Phrase A assumes no counter-evidence against its claim: have_evident_better_remove_pool_photo.
Phrase B is a separate fact: disgusting_outside.
B breaks A's assumption? Fill in the blank:
",No
2026-08-16 22:52:00,3,597,have_evident_nothing_to_do,dirty_swimming_pool,"Complete the sentence by filling in the blank with exactly one word: Yes or No.

Template: ""Phrase A assumes no counter-evidence against its claim. Phrase B is a separate fact.
B breaks A's assumption? Fill in the blank: ____""

Example 1:
Phrase A assumes no counter-evidence against its claim: no_evident_not_easy_check-in.
Phrase B is a separate fact: customer_wait_10_minute_for_greet.
B breaks A's assumption? Fill in the blank: Yes

Example 2:
Phrase A assumes no counter-evidence against its claim: no_evident_not_easy_check-in.
Phrase B is a separate fact: no_one_give_key_on_late_check-in.
B breaks A's assumption? Fill in the blank: No

Example 3:
Phrase A assumes no counter-evidence against its claim: no_evident_not_helpful_staff.
Phrase B is a separate fact: staff_not_speak_English_properly.
B breaks A's assumption? Fill in the blank: Yes

Example 4:
Phrase A assumes no counter-evidence against its claim: no_evident_not_helpful_staff.
Phrase B is a separate fact: not_kind_staff.
B breaks A's assumption? Fill in the blank: No

Now complete the blank for this pair. Output ONLY the missing word (Yes or No), nothing else.

Phrase A assumes no counter-evidence against its claim: have_evident_nothing_to_do.
Phrase B is a separate fact: dirty_swimming_pool.
B breaks A's assumption? Fill in the blank:
",No
2026-08-16 22:52:00,3,3731,have_evident_need_improvement_reception,badly_maintain_hotel_installation,"Complete the sentence by filling in the blank with exactly one word: Yes or No.

Template: ""Phrase A assumes no counter-evidence against its claim. Phrase B is a separate fact.
B breaks A's assumption? Fill in the blank: ____""

Example 1:
Phrase A assumes no counter-evidence against its claim: no_evident_not_easy_check-in.
Phrase B is a separate fact: customer_wait_10_minute_for_greet.
B breaks A's assumption? Fill in the blank: Yes

Example 2:
Phrase A assumes no counter-evidence against its claim: no_evident_not_easy_check-in.
Phrase B is a separate fact: no_one_give_key_on_late_check-in.
B breaks A's assumption? Fill in the blank: No

Example 3:
Phrase A assumes no counter-evidence against its claim: no_evident_not_helpful_staff.
Phrase B is a separate fact: staff_not_speak_English_properly.
B breaks A's assumption? Fill in the blank: Yes

Example 4:
Phrase A assumes no counter-evidence against its claim: no_evident_not_helpful_staff.
Phrase B is a separate fact: not_kind_staff.
B breaks A's assumption? Fill in the blank: No

Now complete the blank for this pair. Output ONLY the missing word (Yes or No), nothing else.

Phrase A assumes no counter-evidence against its claim: have_evident_need_improvement_reception.
Phrase B is a separate fact: badly_maintain_hotel_installation.
B breaks A's assumption? Fill in the blank:
",No
2026-08-16 22:52:00,3,3396,have_evident_pool_could_be_cleaner,badly_maintain_hotel_installation,"Complete the sentence by filling in the blank with exactly one word: Yes or No.

Template: ""Phrase A assumes no counter-evidence against its claim. Phrase B is a separate fact.
B breaks A's assumption? Fill in the blank: ____""

Example 1:
Phrase A assumes no counter-evidence against its claim: no_evident_not_easy_check-in.
Phrase B is a separate fact: customer_wait_10_minute_for_greet.
B breaks A's assumption? Fill in the blank: Yes

Example 2:
Phrase A assumes no counter-evidence against its claim: no_evident_not_easy_check-in.
Phrase B is a separate fact: no_one_give_key_on_late_check-in.
B breaks A's assumption? Fill in the blank: No

Example 3:
Phrase A assumes no counter-evidence against its claim: no_evident_not_helpful_staff.
Phrase B is a separate fact: staff_not_speak_English_properly.
B breaks A's assumption? Fill in the blank: Yes

Example 4:
Phrase A assumes no counter-evidence against its claim: no_evident_not_helpful_staff.
Phrase B is a separate fact: not_kind_staff.
B breaks A's assumption? Fill in the blank: No

Now complete the blank for this pair. Output ONLY the missing word (Yes or No), nothing else.

Phrase A assumes no counter-evidence against its claim: have_evident_pool_could_be_cleaner.
Phrase B is a separate fact: badly_maintain_hotel_installation.
B breaks A's assumption? Fill in the blank:
",No
2026-08-16 22:52:00,3,1593,have_evident_need_renovation_in_common_area,has_parking_if_lucky,"Complete the sentence by filling in the blank with exactly one word: Yes or No.

Template: ""Phrase A assumes no counter-evidence against its claim. Phrase B is a separate fact.
B breaks A's assumption? Fill in the blank: ____""

Example 1:
Phrase A assumes no counter-evidence against its claim: no_evident_not_easy_check-in.
Phrase B is a separate fact: customer_wait_10_minute_for_greet.
B breaks A's assumption? Fill in the blank: Yes

Example 2:
Phrase A assumes no counter-evidence against its claim: no_evident_not_easy_check-in.
Phrase B is a separate fact: no_one_give_key_on_late_check-in.
B breaks A's assumption? Fill in the blank: No

Example 3:
Phrase A assumes no counter-evidence against its claim: no_evident_not_helpful_staff.
Phrase B is a separate fact: staff_not_speak_English_properly.
B breaks A's assumption? Fill in the blank: Yes

Example 4:
Phrase A assumes no counter-evidence against its claim: no_evident_not_helpful_staff.
Phrase B is a separate fact: not_kind_staff.
B breaks A's assumption? Fill in the blank: No

Now complete the blank for this pair. Output ONLY the missing word (Yes or No), nothing else.

Phrase A assumes no counter-evidence against its claim: have_evident_need_renovation_in_common_area.
Phrase B is a separate fact: has_parking_if_lucky.
B breaks A's assumption? Fill in the blank:
",No
2026-08-16 22:52:00,3,3146,have_evident_broke_lift,not_encourage_to_use_relaxation_zone,"Complete the sentence by filling in the blank with exactly one word: Yes or No.

Template: ""Phrase A assumes no counter-evidence against its claim. Phrase B is a separate fact.
B breaks A's assumption? Fill in the blank: ____""

Example 1:
Phrase A assumes no counter-evidence against its claim: no_evident_not_easy_check-in.
Phrase B is a separate fact: customer_wait_10_minute_for_greet.
B breaks A's assumption? Fill in the blank: Yes

Example 2:
Phrase A assumes no counter-evidence against its claim: no_evident_not_easy_check-in.
Phrase B is a separate fact: no_one_give_key_on_late_check-in.
B breaks A's assumption? Fill in the blank: No

Example 3:
Phrase A assumes no counter-evidence against its claim: no_evident_not_helpful_staff.
Phrase B is a separate fact: staff_not_speak_English_properly.
B breaks A's assumption? Fill in the blank: Yes

Example 4:
Phrase A assumes no counter-evidence against its claim: no_evident_not_helpful_staff.
Phrase B is a separate fact: not_kind_staff.
B breaks A's assumption? Fill in the blank: No

Now complete the blank for this pair. Output ONLY the missing word (Yes or No), nothing else.

Phrase A assumes no counter-evidence against its claim: have_evident_broke_lift.
Phrase B is a separate fact: not_encourage_to_use_relaxation_zone.
B breaks A's assumption? Fill in the blank:
",No
2026-08-16 22:52:01,3,4050,have_evident_dirty_swimming_pool,steep_ramp,"Complete the sentence by filling in the blank with exactly one word: Yes or No.

Template: ""Phrase A assumes no counter-evidence against its claim. Phrase B is a separate fact.
B breaks A's assumption? Fill in the blank: ____""

Example 1:
Phrase A assumes no counter-evidence against its claim: no_evident_not_easy_check-in.
Phrase B is a separate fact: customer_wait_10_minute_for_greet.
B breaks A's assumption? Fill in the blank: Yes

Example 2:
Phrase A assumes no counter-evidence against its claim: no_evident_not_easy_check-in.
Phrase B is a separate fact: no_one_give_key_on_late_check-in.
B breaks A's assumption? Fill in the blank: No

Example 3:
Phrase A assumes no counter-evidence against its claim: no_evident_not_helpful_staff.
Phrase B is a separate fact: staff_not_speak_English_properly.
B breaks A's assumption? Fill in the blank: Yes

Example 4:
Phrase A assumes no counter-evidence against its claim: no_evident_not_helpful_staff.
Phrase B is a separate fact: not_kind_staff.
B breaks A's assumption? Fill in the blank: No

Now complete the blank for this pair. Output ONLY the missing word (Yes or No), nothing else.

Phrase A assumes no counter-evidence against its claim: have_evident_dirty_swimming_pool.
Phrase B is a separate fact: steep_ramp.
B breaks A's assumption? Fill in the blank:
",No
2026-08-16 22:52:01,3,3274,have_evident_not_accurate_pool_picture,pool_close,"Complete the sentence by filling in the blank with exactly one word: Yes or No.

Template: ""Phrase A assumes no counter-evidence against its claim. Phrase B is a separate fact.
B breaks A's assumption? Fill in the blank: ____""

Example 1:
Phrase A assumes no counter-evidence against its claim: no_evident_not_easy_check-in.
Phrase B is a separate fact: customer_wait_10_minute_for_greet.
B breaks A's assumption? Fill in the blank: Yes

Example 2:
Phrase A assumes no counter-evidence against its claim: no_evident_not_easy_check-in.
Phrase B is a separate fact: no_one_give_key_on_late_check-in.
B breaks A's assumption? Fill in the blank: No

Example 3:
Phrase A assumes no counter-evidence against its claim: no_evident_not_helpful_staff.
Phrase B is a separate fact: staff_not_speak_English_properly.
B breaks A's assumption? Fill in the blank: Yes

Example 4:
Phrase A assumes no counter-evidence against its claim: no_evident_not_helpful_staff.
Phrase B is a separate fact: not_kind_staff.
B breaks A's assumption? Fill in the blank: No

Now complete the blank for this pair. Output ONLY the missing word (Yes or No), nothing else.

Phrase A assumes no counter-evidence against its claim: have_evident_not_accurate_pool_picture.
Phrase B is a separate fact: pool_close.
B breaks A's assumption? Fill in the blank:
",No
2026-08-16 22:52:01,3,1999,have_evident_steep_ramp,need_improvement_reception,"Complete the sentence by filling in the blank with exactly one word: Yes or No.

Template: ""Phrase A assumes no counter-evidence against its claim. Phrase B is a separate fact.
B breaks A's assumption? Fill in the blank: ____""

Example 1:
Phrase A assumes no counter-evidence against its claim: no_evident_not_easy_check-in.
Phrase B is a separate fact: customer_wait_10_minute_for_greet.
B breaks A's assumption? Fill in the blank: Yes

Example 2:
Phrase A assumes no counter-evidence against its claim: no_evident_not_easy_check-in.
Phrase B is a separate fact: no_one_give_key_on_late_check-in.
B breaks A's assumption? Fill in the blank: No

Example 3:
Phrase A assumes no counter-evidence against its claim: no_evident_not_helpful_staff.
Phrase B is a separate fact: staff_not_speak_English_properly.
B breaks A's assumption? Fill in the blank: Yes

Example 4:
Phrase A assumes no counter-evidence against its claim: no_evident_not_helpful_staff.
Phrase B is a separate fact: not_kind_staff.
B breaks A's assumption? Fill in the blank: No

Now complete the blank for this pair. Output ONLY the missing word (Yes or No), nothing else.

Phrase A assumes no counter-evidence against its claim: have_evident_steep_ramp.
Phrase B is a separate fact: need_improvement_reception.
B breaks A's assumption? Fill in the blank:
",No
2026-08-16 22:52:01,3,1209,have_evident_tiny_pool,not_easy_to_access entry_at_odd_hour,"Complete the sentence by filling in the blank with exactly one word: Yes or No.

Template: ""Phrase A assumes no counter-evidence against its claim. Phrase B is a separate fact.
B breaks A's assumption? Fill in the blank: ____""

Example 1:
Phrase A assumes no counter-evidence against its claim: no_evident_not_easy_check-in.
Phrase B is a separate fact: customer_wait_10_minute_for_greet.
B breaks A's assumption? Fill in the blank: Yes

Example 2:
Phrase A assumes no counter-evidence against its claim: no_evident_not_easy_check-in.
Phrase B is a separate fact: no_one_give_key_on_late_check-in.
B breaks A's assumption? Fill in the blank: No

Example 3:
Phrase A assumes no counter-evidence against its claim: no_evident_not_helpful_staff.
Phrase B is a separate fact: staff_not_speak_English_properly.
B breaks A's assumption? Fill in the blank: Yes

Example 4:
Phrase A assumes no counter-evidence against its claim: no_evident_not_helpful_staff.
Phrase B is a separate fact: not_kind_staff.
B breaks A's assumption? Fill in the blank: No

Now complete the blank for this pair. Output ONLY the missing word (Yes or No), nothing else.

Phrase A assumes no counter-evidence against its claim: have_evident_tiny_pool.
Phrase B is a separate fact: not_easy_to_access entry_at_odd_hour.
B breaks A's assumption? Fill in the blank:
",No
2026-08-16 22:52:01,3,46,have_evident_not_big_hotel,badly_maintain_hotel_installation,"Complete the sentence by filling in the blank with exactly one word: Yes or No.

Template: ""Phrase A assumes no counter-evidence against its claim. Phrase B is a separate fact.
B breaks A's assumption? Fill in the blank: ____""

Example 1:
Phrase A assumes no counter-evidence against its claim: no_evident_not_easy_check-in.
Phrase B is a separate fact: customer_wait_10_minute_for_greet.
B breaks A's assumption? Fill in the blank: Yes

Example 2:
Phrase A assumes no counter-evidence against its claim: no_evident_not_easy_check-in.
Phrase B is a separate fact: no_one_give_key_on_late_check-in.
B breaks A's assumption? Fill in the blank: No

Example 3:
Phrase A assumes no counter-evidence against its claim: no_evident_not_helpful_staff.
Phrase B is a separate fact: staff_not_speak_English_properly.
B breaks A's assumption? Fill in the blank: Yes

Example 4:
Phrase A assumes no counter-evidence against its claim: no_evident_not_helpful_staff.
Phrase B is a separate fact: not_kind_staff.
B breaks A's assumption? Fill in the blank: No

Now complete the blank for this pair. Output ONLY the missing word (Yes or No), nothing else.

Phrase A assumes no counter-evidence against its claim: have_evident_not_big_hotel.
Phrase B is a separate fact: badly_maintain_hotel_installation.
B breaks A's assumption? Fill in the blank:
",No
2026-08-16 22:52:02,3,874,have_evident_main_door_not_close,not_easy_to_access entry_at_odd_hour,"Complete the sentence by filling in the blank with exactly one word: Yes or No.

Template: ""Phrase A assumes no counter-evidence against its claim. Phrase B is a separate fact.
B breaks A's assumption? Fill in the blank: ____""

Example 1:
Phrase A assumes no counter-evidence against its claim: no_evident_not_easy_check-in.
Phrase B is a separate fact: customer_wait_10_minute_for_greet.
B breaks A's assumption? Fill in the blank: Yes

Example 2:
Phrase A assumes no counter-evidence against its claim: no_evident_not_easy_check-in.
Phrase B is a separate fact: no_one_give_key_on_late_check-in.
B breaks A's assumption? Fill in the blank: No

Example 3:
Phrase A assumes no counter-evidence against its claim: no_evident_not_helpful_staff.
Phrase B is a separate fact: staff_not_speak_English_properly.
B breaks A's assumption? Fill in the blank: Yes

Example 4:
Phrase A assumes no counter-evidence against its claim: no_evident_not_helpful_staff.
Phrase B is a separate fact: not_kind_staff.
B breaks A's assumption? Fill in the blank: No

Now complete the blank for this pair. Output ONLY the missing word (Yes or No), nothing else.

Phrase A assumes no counter-evidence against its claim: have_evident_main_door_not_close.
Phrase B is a separate fact: not_easy_to_access entry_at_odd_hour.
B breaks A's assumption? Fill in the blank:
",No
2026-08-16 22:52:02,3,3483,have_evident_has_parking_if_lucky,not_encourage_to_use_deckchair,"Complete the sentence by filling in the blank with exactly one word: Yes or No.

Template: ""Phrase A assumes no counter-evidence against its claim. Phrase B is a separate fact.
B breaks A's assumption? Fill in the blank: ____""

Example 1:
Phrase A assumes no counter-evidence against its claim: no_evident_not_easy_check-in.
Phrase B is a separate fact: customer_wait_10_minute_for_greet.
B breaks A's assumption? Fill in the blank: Yes

Example 2:
Phrase A assumes no counter-evidence against its claim: no_evident_not_easy_check-in.
Phrase B is a separate fact: no_one_give_key_on_late_check-in.
B breaks A's assumption? Fill in the blank: No

Example 3:
Phrase A assumes no counter-evidence against its claim: no_evident_not_helpful_staff.
Phrase B is a separate fact: staff_not_speak_English_properly.
B breaks A's assumption? Fill in the blank: Yes

Example 4:
Phrase A assumes no counter-evidence against its claim: no_evident_not_helpful_staff.
Phrase B is a separate fact: not_kind_staff.
B breaks A's assumption? Fill in the blank: No

Now complete the blank for this pair. Output ONLY the missing word (Yes or No), nothing else.

Phrase A assumes no counter-evidence against its claim: have_evident_has_parking_if_lucky.
Phrase B is a separate fact: not_encourage_to_use_deckchair.
B breaks A's assumption? Fill in the blank:
",No
2026-08-16 22:52:02,3,1793,have_evident_low_doorway_leading_to_elevator,pool_could_be_cleaner,"Complete the sentence by filling in the blank with exactly one word: Yes or No.

Template: ""Phrase A assumes no counter-evidence against its claim. Phrase B is a separate fact.
B breaks A's assumption? Fill in the blank: ____""

Example 1:
Phrase A assumes no counter-evidence against its claim: no_evident_not_easy_check-in.
Phrase B is a separate fact: customer_wait_10_minute_for_greet.
B breaks A's assumption? Fill in the blank: Yes

Example 2:
Phrase A assumes no counter-evidence against its claim: no_evident_not_easy_check-in.
Phrase B is a separate fact: no_one_give_key_on_late_check-in.
B breaks A's assumption? Fill in the blank: No

Example 3:
Phrase A assumes no counter-evidence against its claim: no_evident_not_helpful_staff.
Phrase B is a separate fact: staff_not_speak_English_properly.
B breaks A's assumption? Fill in the blank: Yes

Example 4:
Phrase A assumes no counter-evidence against its claim: no_evident_not_helpful_staff.
Phrase B is a separate fact: not_kind_staff.
B breaks A's assumption? Fill in the blank: No

Now complete the blank for this pair. Output ONLY the missing word (Yes or No), nothing else.

Phrase A assumes no counter-evidence against its claim: have_evident_low_doorway_leading_to_elevator.
Phrase B is a separate fact: pool_could_be_cleaner.
B breaks A's assumption? Fill in the blank:
",No
2026-08-16 22:52:02,3,1441,have_evident_pool_could_be_bigger,street_parking,"Complete the sentence by filling in the blank with exactly one word: Yes or No.

Template: ""Phrase A assumes no counter-evidence against its claim. Phrase B is a separate fact.
B breaks A's assumption? Fill in the blank: ____""

Example 1:
Phrase A assumes no counter-evidence against its claim: no_evident_not_easy_check-in.
Phrase B is a separate fact: customer_wait_10_minute_for_greet.
B breaks A's assumption? Fill in the blank: Yes

Example 2:
Phrase A assumes no counter-evidence against its claim: no_evident_not_easy_check-in.
Phrase B is a separate fact: no_one_give_key_on_late_check-in.
B breaks A's assumption? Fill in the blank: No

Example 3:
Phrase A assumes no counter-evidence against its claim: no_evident_not_helpful_staff.
Phrase B is a separate fact: staff_not_speak_English_properly.
B breaks A's assumption? Fill in the blank: Yes

Example 4:
Phrase A assumes no counter-evidence against its claim: no_evident_not_helpful_staff.
Phrase B is a separate fact: not_kind_staff.
B breaks A's assumption? Fill in the blank: No

Now complete the blank for this pair. Output ONLY the missing word (Yes or No), nothing else.

Phrase A assumes no counter-evidence against its claim: have_evident_pool_could_be_bigger.
Phrase B is a separate fact: street_parking.
B breaks A's assumption? Fill in the blank:
",No
2026-08-16 22:52:02,3,4244,have_evident_not_encourage_to_use_relaxation_zone,need_renovation_in_lobby,"Complete the sentence by filling in the blank with exactly one word: Yes or No.

Template: ""Phrase A assumes no counter-evidence against its claim. Phrase B is a separate fact.
B breaks A's assumption? Fill in the blank: ____""

Example 1:
Phrase A assumes no counter-evidence against its claim: no_evident_not_easy_check-in.
Phrase B is a separate fact: customer_wait_10_minute_for_greet.
B breaks A's assumption? Fill in the blank: Yes

Example 2:
Phrase A assumes no counter-evidence against its claim: no_evident_not_easy_check-in.
Phrase B is a separate fact: no_one_give_key_on_late_check-in.
B breaks A's assumption? Fill in the blank: No

Example 3:
Phrase A assumes no counter-evidence against its claim: no_evident_not_helpful_staff.
Phrase B is a separate fact: staff_not_speak_English_properly.
B breaks A's assumption? Fill in the blank: Yes

Example 4:
Phrase A assumes no counter-evidence against its claim: no_evident_not_helpful_staff.
Phrase B is a separate fact: not_kind_staff.
B breaks A's assumption? Fill in the blank: No

Now complete the blank for this pair. Output ONLY the missing word (Yes or No), nothing else.

Phrase A assumes no counter-evidence against its claim: have_evident_not_encourage_to_use_relaxation_zone.
Phrase B is a separate fact: need_renovation_in_lobby.
B breaks A's assumption? Fill in the blank:
",No
2026-08-16 22:52:02,3,3806,have_evident_old_furniture,elevator_need_cleaning,"Complete the sentence by filling in the blank with exactly one word: Yes or No.

Template: ""Phrase A assumes no counter-evidence against its claim. Phrase B is a separate fact.
B breaks A's assumption? Fill in the blank: ____""

Example 1:
Phrase A assumes no counter-evidence against its claim: no_evident_not_easy_check-in.
Phrase B is a separate fact: customer_wait_10_minute_for_greet.
B breaks A's assumption? Fill in the blank: Yes

Example 2:
Phrase A assumes no counter-evidence against its claim: no_evident_not_easy_check-in.
Phrase B is a separate fact: no_one_give_key_on_late_check-in.
B breaks A's assumption? Fill in the blank: No

Example 3:
Phrase A assumes no counter-evidence against its claim: no_evident_not_helpful_staff.
Phrase B is a separate fact: staff_not_speak_English_properly.
B breaks A's assumption? Fill in the blank: Yes

Example 4:
Phrase A assumes no counter-evidence against its claim: no_evident_not_helpful_staff.
Phrase B is a separate fact: not_kind_staff.
B breaks A's assumption? Fill in the blank: No

Now complete the blank for this pair. Output ONLY the missing word (Yes or No), nothing else.

Phrase A assumes no counter-evidence against its claim: have_evident_old_furniture.
Phrase B is a separate fact: elevator_need_cleaning.
B breaks A's assumption? Fill in the blank:
",No
2026-08-16 22:52:03,3,412,have_evident_disgusting_outside,no_24_hour_kiosk_close_to_hotel,"Complete the sentence by filling in the blank with exactly one word: Yes or No.

Template: ""Phrase A assumes no counter-evidence against its claim. Phrase B is a separate fact.
B breaks A's assumption? Fill in the blank: ____""

Example 1:
Phrase A assumes no counter-evidence against its claim: no_evident_not_easy_check-in.
Phrase B is a separate fact: customer_wait_10_minute_for_greet.
B breaks A's assumption? Fill in the blank: Yes

Example 2:
Phrase A assumes no counter-evidence against its claim: no_evident_not_easy_check-in.
Phrase B is a separate fact: no_one_give_key_on_late_check-in.
B breaks A's assumption? Fill in the blank: No

Example 3:
Phrase A assumes no counter-evidence against its claim: no_evident_not_helpful_staff.
Phrase B is a separate fact: staff_not_speak_English_properly.
B breaks A's assumption? Fill in the blank: Yes

Example 4:
Phrase A assumes no counter-evidence against its claim: no_evident_not_helpful_staff.
Phrase B is a separate fact: not_kind_staff.
B breaks A's assumption? Fill in the blank: No

Now complete the blank for this pair. Output ONLY the missing word (Yes or No), nothing else.

Phrase A assumes no counter-evidence against its claim: have_evident_disgusting_outside.
Phrase B is a separate fact: no_24_hour_kiosk_close_to_hotel.
B breaks A's assumption? Fill in the blank:
",No
2026-08-16 22:52:03,3,2042,have_evident_dangerous_ramp,hotel_not_accessible_to_wheelchair_as_it_said,"Complete the sentence by filling in the blank with exactly one word: Yes or No.

Template: ""Phrase A assumes no counter-evidence against its claim. Phrase B is a separate fact.
B breaks A's assumption? Fill in the blank: ____""

Example 1:
Phrase A assumes no counter-evidence against its claim: no_evident_not_easy_check-in.
Phrase B is a separate fact: customer_wait_10_minute_for_greet.
B breaks A's assumption? Fill in the blank: Yes

Example 2:
Phrase A assumes no counter-evidence against its claim: no_evident_not_easy_check-in.
Phrase B is a separate fact: no_one_give_key_on_late_check-in.
B breaks A's assumption? Fill in the blank: No

Example 3:
Phrase A assumes no counter-evidence against its claim: no_evident_not_helpful_staff.
Phrase B is a separate fact: staff_not_speak_English_properly.
B breaks A's assumption? Fill in the blank: Yes

Example 4:
Phrase A assumes no counter-evidence against its claim: no_evident_not_helpful_staff.
Phrase B is a separate fact: not_kind_staff.
B breaks A's assumption? Fill in the blank: No

Now complete the blank for this pair. Output ONLY the missing word (Yes or No), nothing else.

Phrase A assumes no counter-evidence against its claim: have_evident_dangerous_ramp.
Phrase B is a separate fact: hotel_not_accessible_to_wheelchair_as_it_said.
B breaks A's assumption? Fill in the blank:
",No
2026-08-16 22:52:03,3,995,have_evident_main_door_slam_at_night,old_furniture,"Complete the sentence by filling in the blank with exactly one word: Yes or No.

Template: ""Phrase A assumes no counter-evidence against its claim. Phrase B is a separate fact.
B breaks A's assumption? Fill in the blank: ____""

Example 1:
Phrase A assumes no counter-evidence against its claim: no_evident_not_easy_check-in.
Phrase B is a separate fact: customer_wait_10_minute_for_greet.
B breaks A's assumption? Fill in the blank: Yes

Example 2:
Phrase A assumes no counter-evidence against its claim: no_evident_not_easy_check-in.
Phrase B is a separate fact: no_one_give_key_on_late_check-in.
B breaks A's assumption? Fill in the blank: No

Example 3:
Phrase A assumes no counter-evidence against its claim: no_evident_not_helpful_staff.
Phrase B is a separate fact: staff_not_speak_English_properly.
B breaks A's assumption? Fill in the blank: Yes

Example 4:
Phrase A assumes no counter-evidence against its claim: no_evident_not_helpful_staff.
Phrase B is a separate fact: not_kind_staff.
B breaks A's assumption? Fill in the blank: No

Now complete the blank for this pair. Output ONLY the missing word (Yes or No), nothing else.

Phrase A assumes no counter-evidence against its claim: have_evident_main_door_slam_at_night.
Phrase B is a separate fact: old_furniture.
B breaks A's assumption? Fill in the blank:
",No.
2026-08-16 22:52:03,3,1093,have_evident_no_safety_strip_on_stair,outside_view_not_excellent,"Complete the sentence by filling in the blank with exactly one word: Yes or No.

Template: ""Phrase A assumes no counter-evidence against its claim. Phrase B is a separate fact.
B breaks A's assumption? Fill in the blank: ____""

Example 1:
Phrase A assumes no counter-evidence against its claim: no_evident_not_easy_check-in.
Phrase B is a separate fact: customer_wait_10_minute_for_greet.
B breaks A's assumption? Fill in the blank: Yes

Example 2:
Phrase A assumes no counter-evidence against its claim: no_evident_not_easy_check-in.
Phrase B is a separate fact: no_one_give_key_on_late_check-in.
B breaks A's assumption? Fill in the blank: No

Example 3:
Phrase A assumes no counter-evidence against its claim: no_evident_not_helpful_staff.
Phrase B is a separate fact: staff_not_speak_English_properly.
B breaks A's assumption? Fill in the blank: Yes

Example 4:
Phrase A assumes no counter-evidence against its claim: no_evident_not_helpful_staff.
Phrase B is a separate fact: not_kind_staff.
B breaks A's assumption? Fill in the blank: No

Now complete the blank for this pair. Output ONLY the missing word (Yes or No), nothing else.

Phrase A assumes no counter-evidence against its claim: have_evident_no_safety_strip_on_stair.
Phrase B is a separate fact: outside_view_not_excellent.
B breaks A's assumption? Fill in the blank:
",No
2026-08-16 22:52:03,3,3740,have_evident_need_improvement_reception,elevator_need_renovation,"Complete the sentence by filling in the blank with exactly one word: Yes or No.

Template: ""Phrase A assumes no counter-evidence against its claim. Phrase B is a separate fact.
B breaks A's assumption? Fill in the blank: ____""

Example 1:
Phrase A assumes no counter-evidence against its claim: no_evident_not_easy_check-in.
Phrase B is a separate fact: customer_wait_10_minute_for_greet.
B breaks A's assumption? Fill in the blank: Yes

Example 2:
Phrase A assumes no counter-evidence against its claim: no_evident_not_easy_check-in.
Phrase B is a separate fact: no_one_give_key_on_late_check-in.
B breaks A's assumption? Fill in the blank: No

Example 3:
Phrase A assumes no counter-evidence against its claim: no_evident_not_helpful_staff.
Phrase B is a separate fact: staff_not_speak_English_properly.
B breaks A's assumption? Fill in the blank: Yes

Example 4:
Phrase A assumes no counter-evidence against its claim: no_evident_not_helpful_staff.
Phrase B is a separate fact: not_kind_staff.
B breaks A's assumption? Fill in the blank: No

Now complete the blank for this pair. Output ONLY the missing word (Yes or No), nothing else.

Phrase A assumes no counter-evidence against its claim: have_evident_need_improvement_reception.
Phrase B is a separate fact: elevator_need_renovation.
B breaks A's assumption? Fill in the blank:
",No
2026-08-16 22:52:03,3,3807,have_evident_old_furniture,elevator_need_renovation,"Complete the sentence by filling in the blank with exactly one word: Yes or No.

Template: ""Phrase A assumes no counter-evidence against its claim. Phrase B is a separate fact.
B breaks A's assumption? Fill in the blank: ____""

Example 1:
Phrase A assumes no counter-evidence against its claim: no_evident_not_easy_check-in.
Phrase B is a separate fact: customer_wait_10_minute_for_greet.
B breaks A's assumption? Fill in the blank: Yes

Example 2:
Phrase A assumes no counter-evidence against its claim: no_evident_not_easy_check-in.
Phrase B is a separate fact: no_one_give_key_on_late_check-in.
B breaks A's assumption? Fill in the blank: No

Example 3:
Phrase A assumes no counter-evidence against its claim: no_evident_not_helpful_staff.
Phrase B is a separate fact: staff_not_speak_English_properly.
B breaks A's assumption? Fill in the blank: Yes

Example 4:
Phrase A assumes no counter-evidence against its claim: no_evident_not_helpful_staff.
Phrase B is a separate fact: not_kind_staff.
B breaks A's assumption? Fill in the blank: No

Now complete the blank for this pair. Output ONLY the missing word (Yes or No), nothing else.

Phrase A assumes no counter-evidence against its claim: have_evident_old_furniture.
Phrase B is a separate fact: elevator_need_renovation.
B breaks A's assumption? Fill in the blank:
",No
2026-08-16 22:52:04,3,2600,have_evident_no_bar_on_off_season,elevator_need_cleaning,"Complete the sentence by filling in the blank with exactly one word: Yes or No.

Template: ""Phrase A assumes no counter-evidence against its claim. Phrase B is a separate fact.
B breaks A's assumption? Fill in the blank: ____""

Example 1:
Phrase A assumes no counter-evidence against its claim: no_evident_not_easy_check-in.
Phrase B is a separate fact: customer_wait_10_minute_for_greet.
B breaks A's assumption? Fill in the blank: Yes

Example 2:
Phrase A assumes no counter-evidence against its claim: no_evident_not_easy_check-in.
Phrase B is a separate fact: no_one_give_key_on_late_check-in.
B breaks A's assumption? Fill in the blank: No

Example 3:
Phrase A assumes no counter-evidence against its claim: no_evident_not_helpful_staff.
Phrase B is a separate fact: staff_not_speak_English_properly.
B breaks A's assumption? Fill in the blank: Yes

Example 4:
Phrase A assumes no counter-evidence against its claim: no_evident_not_helpful_staff.
Phrase B is a separate fact: not_kind_staff.
B breaks A's assumption? Fill in the blank: No

Now complete the blank for this pair. Output ONLY the missing word (Yes or No), nothing else.

Phrase A assumes no counter-evidence against its claim: have_evident_no_bar_on_off_season.
Phrase B is a separate fact: elevator_need_cleaning.
B breaks A's assumption? Fill in the blank:
",No
2026-08-16 22:52:04,3,4352,have_evident_not_encourage_to_use_swimming_pool,not_encourage_to_use_relaxation_zone,"Complete the sentence by filling in the blank with exactly one word: Yes or No.

Template: ""Phrase A assumes no counter-evidence against its claim. Phrase B is a separate fact.
B breaks A's assumption? Fill in the blank: ____""

Example 1:
Phrase A assumes no counter-evidence against its claim: no_evident_not_easy_check-in.
Phrase B is a separate fact: customer_wait_10_minute_for_greet.
B breaks A's assumption? Fill in the blank: Yes

Example 2:
Phrase A assumes no counter-evidence against its claim: no_evident_not_easy_check-in.
Phrase B is a separate fact: no_one_give_key_on_late_check-in.
B breaks A's assumption? Fill in the blank: No

Example 3:
Phrase A assumes no counter-evidence against its claim: no_evident_not_helpful_staff.
Phrase B is a separate fact: staff_not_speak_English_properly.
B breaks A's assumption? Fill in the blank: Yes

Example 4:
Phrase A assumes no counter-evidence against its claim: no_evident_not_helpful_staff.
Phrase B is a separate fact: not_kind_staff.
B breaks A's assumption? Fill in the blank: No

Now complete the blank for this pair. Output ONLY the missing word (Yes or No), nothing else.

Phrase A assumes no counter-evidence against its claim: have_evident_not_encourage_to_use_swimming_pool.
Phrase B is a separate fact: not_encourage_to_use_relaxation_zone.
B breaks A's assumption? Fill in the blank:
",No.
2026-08-16 22:52:04,3,3626,have_evident_elevator_need_renovation,slow_elevator,"Complete the sentence by filling in the blank with exactly one word: Yes or No.

Template: ""Phrase A assumes no counter-evidence against its claim. Phrase B is a separate fact.
B breaks A's assumption? Fill in the blank: ____""

Example 1:
Phrase A assumes no counter-evidence against its claim: no_evident_not_easy_check-in.
Phrase B is a separate fact: customer_wait_10_minute_for_greet.
B breaks A's assumption? Fill in the blank: Yes

Example 2:
Phrase A assumes no counter-evidence against its claim: no_evident_not_easy_check-in.
Phrase B is a separate fact: no_one_give_key_on_late_check-in.
B breaks A's assumption? Fill in the blank: No

Example 3:
Phrase A assumes no counter-evidence against its claim: no_evident_not_helpful_staff.
Phrase B is a separate fact: staff_not_speak_English_properly.
B breaks A's assumption? Fill in the blank: Yes

Example 4:
Phrase A assumes no counter-evidence against its claim: no_evident_not_helpful_staff.
Phrase B is a separate fact: not_kind_staff.
B breaks A's assumption? Fill in the blank: No

Now complete the blank for this pair. Output ONLY the missing word (Yes or No), nothing else.

Phrase A assumes no counter-evidence against its claim: have_evident_elevator_need_renovation.
Phrase B is a separate fact: slow_elevator.
B breaks A's assumption? Fill in the blank:
",No
2026-08-16 22:52:04,3,4136,have_evident_young_hotel,not_accurate_pool_picture,"Complete the sentence by filling in the blank with exactly one word: Yes or No.

Template: ""Phrase A assumes no counter-evidence against its claim. Phrase B is a separate fact.
B breaks A's assumption? Fill in the blank: ____""

Example 1:
Phrase A assumes no counter-evidence against its claim: no_evident_not_easy_check-in.
Phrase B is a separate fact: customer_wait_10_minute_for_greet.
B breaks A's assumption? Fill in the blank: Yes

Example 2:
Phrase A assumes no counter-evidence against its claim: no_evident_not_easy_check-in.
Phrase B is a separate fact: no_one_give_key_on_late_check-in.
B breaks A's assumption? Fill in the blank: No

Example 3:
Phrase A assumes no counter-evidence against its claim: no_evident_not_helpful_staff.
Phrase B is a separate fact: staff_not_speak_English_properly.
B breaks A's assumption? Fill in the blank: Yes

Example 4:
Phrase A assumes no counter-evidence against its claim: no_evident_not_helpful_staff.
Phrase B is a separate fact: not_kind_staff.
B breaks A's assumption? Fill in the blank: No

Now complete the blank for this pair. Output ONLY the missing word (Yes or No), nothing else.

Phrase A assumes no counter-evidence against its claim: have_evident_young_hotel.
Phrase B is a separate fact: not_accurate_pool_picture.
B breaks A's assumption? Fill in the blank:
",No
2026-08-16 22:52:04,3,3496,have_evident_little_parking_in_evening,difficult_to_find_parking,"Complete the sentence by filling in the blank with exactly one word: Yes or No.

Template: ""Phrase A assumes no counter-evidence against its claim. Phrase B is a separate fact.
B breaks A's assumption? Fill in the blank: ____""

Example 1:
Phrase A assumes no counter-evidence against its claim: no_evident_not_easy_check-in.
Phrase B is a separate fact: customer_wait_10_minute_for_greet.
B breaks A's assumption? Fill in the blank: Yes

Example 2:
Phrase A assumes no counter-evidence against its claim: no_evident_not_easy_check-in.
Phrase B is a separate fact: no_one_give_key_on_late_check-in.
B breaks A's assumption? Fill in the blank: No

Example 3:
Phrase A assumes no counter-evidence against its claim: no_evident_not_helpful_staff.
Phrase B is a separate fact: staff_not_speak_English_properly.
B breaks A's assumption? Fill in the blank: Yes

Example 4:
Phrase A assumes no counter-evidence against its claim: no_evident_not_helpful_staff.
Phrase B is a separate fact: not_kind_staff.
B breaks A's assumption? Fill in the blank: No

Now complete the blank for this pair. Output ONLY the missing word (Yes or No), nothing else.

Phrase A assumes no counter-evidence against its claim: have_evident_little_parking_in_evening.
Phrase B is a separate fact: difficult_to_find_parking.
B breaks A's assumption? Fill in the blank:
",No
2026-08-16 22:52:04,3,3653,have_evident_elevator_need_renovation,no_designated_parking,"Complete the sentence by filling in the blank with exactly one word: Yes or No.

Template: ""Phrase A assumes no counter-evidence against its claim. Phrase B is a separate fact.
B breaks A's assumption? Fill in the blank: ____""

Example 1:
Phrase A assumes no counter-evidence against its claim: no_evident_not_easy_check-in.
Phrase B is a separate fact: customer_wait_10_minute_for_greet.
B breaks A's assumption? Fill in the blank: Yes

Example 2:
Phrase A assumes no counter-evidence against its claim: no_evident_not_easy_check-in.
Phrase B is a separate fact: no_one_give_key_on_late_check-in.
B breaks A's assumption? Fill in the blank: No

Example 3:
Phrase A assumes no counter-evidence against its claim: no_evident_not_helpful_staff.
Phrase B is a separate fact: staff_not_speak_English_properly.
B breaks A's assumption? Fill in the blank: Yes

Example 4:
Phrase A assumes no counter-evidence against its claim: no_evident_not_helpful_staff.
Phrase B is a separate fact: not_kind_staff.
B breaks A's assumption? Fill in the blank: No

Now complete the blank for this pair. Output ONLY the missing word (Yes or No), nothing else.

Phrase A assumes no counter-evidence against its claim: have_evident_elevator_need_renovation.
Phrase B is a separate fact: no_designated_parking.
B breaks A's assumption? Fill in the blank:
",No
2026-08-16 22:52:05,3,1304,have_evident_not_much_parking,dangerous_ramp,"Complete the sentence by filling in the blank with exactly one word: Yes or No.

Template: ""Phrase A assumes no counter-evidence against its claim. Phrase B is a separate fact.
B breaks A's assumption? Fill in the blank: ____""

Example 1:
Phrase A assumes no counter-evidence against its claim: no_evident_not_easy_check-in.
Phrase B is a separate fact: customer_wait_10_minute_for_greet.
B breaks A's assumption? Fill in the blank: Yes

Example 2:
Phrase A assumes no counter-evidence against its claim: no_evident_not_easy_check-in.
Phrase B is a separate fact: no_one_give_key_on_late_check-in.
B breaks A's assumption? Fill in the blank: No

Example 3:
Phrase A assumes no counter-evidence against its claim: no_evident_not_helpful_staff.
Phrase B is a separate fact: staff_not_speak_English_properly.
B breaks A's assumption? Fill in the blank: Yes

Example 4:
Phrase A assumes no counter-evidence against its claim: no_evident_not_helpful_staff.
Phrase B is a separate fact: not_kind_staff.
B breaks A's assumption? Fill in the blank: No

Now complete the blank for this pair. Output ONLY the missing word (Yes or No), nothing else.

Phrase A assumes no counter-evidence against its claim: have_evident_not_much_parking.
Phrase B is a separate fact: dangerous_ramp.
B breaks A's assumption? Fill in the blank:
",No
2026-08-16 22:52:05,3,3889,have_evident_better_remove_pool_photo,not_easy_to_access entry_at_odd_hour,"Complete the sentence by filling in the blank with exactly one word: Yes or No.

Template: ""Phrase A assumes no counter-evidence against its claim. Phrase B is a separate fact.
B breaks A's assumption? Fill in the blank: ____""

Example 1:
Phrase A assumes no counter-evidence against its claim: no_evident_not_easy_check-in.
Phrase B is a separate fact: customer_wait_10_minute_for_greet.
B breaks A's assumption? Fill in the blank: Yes

Example 2:
Phrase A assumes no counter-evidence against its claim: no_evident_not_easy_check-in.
Phrase B is a separate fact: no_one_give_key_on_late_check-in.
B breaks A's assumption? Fill in the blank: No

Example 3:
Phrase A assumes no counter-evidence against its claim: no_evident_not_helpful_staff.
Phrase B is a separate fact: staff_not_speak_English_properly.
B breaks A's assumption? Fill in the blank: Yes

Example 4:
Phrase A assumes no counter-evidence against its claim: no_evident_not_helpful_staff.
Phrase B is a separate fact: not_kind_staff.
B breaks A's assumption? Fill in the blank: No

Now complete the blank for this pair. Output ONLY the missing word (Yes or No), nothing else.

Phrase A assumes no counter-evidence against its claim: have_evident_better_remove_pool_photo.
Phrase B is a separate fact: not_easy_to_access entry_at_odd_hour.
B breaks A's assumption? Fill in the blank:
",No
2026-08-16 22:52:05,3,3687,have_evident_need_improvement_reception,no_24_hour_reception,"Complete the sentence by filling in the blank with exactly one word: Yes or No.

Template: ""Phrase A assumes no counter-evidence against its claim. Phrase B is a separate fact.
B breaks A's assumption? Fill in the blank: ____""

Example 1:
Phrase A assumes no counter-evidence against its claim: no_evident_not_easy_check-in.
Phrase B is a separate fact: customer_wait_10_minute_for_greet.
B breaks A's assumption? Fill in the blank: Yes

Example 2:
Phrase A assumes no counter-evidence against its claim: no_evident_not_easy_check-in.
Phrase B is a separate fact: no_one_give_key_on_late_check-in.
B breaks A's assumption? Fill in the blank: No

Example 3:
Phrase A assumes no counter-evidence against its claim: no_evident_not_helpful_staff.
Phrase B is a separate fact: staff_not_speak_English_properly.
B breaks A's assumption? Fill in the blank: Yes

Example 4:
Phrase A assumes no counter-evidence against its claim: no_evident_not_helpful_staff.
Phrase B is a separate fact: not_kind_staff.
B breaks A's assumption? Fill in the blank: No

Now complete the blank for this pair. Output ONLY the missing word (Yes or No), nothing else.

Phrase A assumes no counter-evidence against its claim: have_evident_need_improvement_reception.
Phrase B is a separate fact: no_24_hour_reception.
B breaks A's assumption? Fill in the blank:
",No
2026-08-16 22:52:05,3,2124,have_evident_hotel_not_accessible_to_wheelchair_as_it_said,broke_lift,"Complete the sentence by filling in the blank with exactly one word: Yes or No.

Template: ""Phrase A assumes no counter-evidence against its claim. Phrase B is a separate fact.
B breaks A's assumption? Fill in the blank: ____""

Example 1:
Phrase A assumes no counter-evidence against its claim: no_evident_not_easy_check-in.
Phrase B is a separate fact: customer_wait_10_minute_for_greet.
B breaks A's assumption? Fill in the blank: Yes

Example 2:
Phrase A assumes no counter-evidence against its claim: no_evident_not_easy_check-in.
Phrase B is a separate fact: no_one_give_key_on_late_check-in.
B breaks A's assumption? Fill in the blank: No

Example 3:
Phrase A assumes no counter-evidence against its claim: no_evident_not_helpful_staff.
Phrase B is a separate fact: staff_not_speak_English_properly.
B breaks A's assumption? Fill in the blank: Yes

Example 4:
Phrase A assumes no counter-evidence against its claim: no_evident_not_helpful_staff.
Phrase B is a separate fact: not_kind_staff.
B breaks A's assumption? Fill in the blank: No

Now complete the blank for this pair. Output ONLY the missing word (Yes or No), nothing else.

Phrase A assumes no counter-evidence against its claim: have_evident_hotel_not_accessible_to_wheelchair_as_it_said.
Phrase B is a separate fact: broke_lift.
B breaks A's assumption? Fill in the blank:
",No
2026-08-16 22:52:05,3,2026,have_evident_dangerous_ramp,no_beach_towel_provide,"Complete the sentence by filling in the blank with exactly one word: Yes or No.

Template: ""Phrase A assumes no counter-evidence against its claim. Phrase B is a separate fact.
B breaks A's assumption? Fill in the blank: ____""

Example 1:
Phrase A assumes no counter-evidence against its claim: no_evident_not_easy_check-in.
Phrase B is a separate fact: customer_wait_10_minute_for_greet.
B breaks A's assumption? Fill in the blank: Yes

Example 2:
Phrase A assumes no counter-evidence against its claim: no_evident_not_easy_check-in.
Phrase B is a separate fact: no_one_give_key_on_late_check-in.
B breaks A's assumption? Fill in the blank: No

Example 3:
Phrase A assumes no counter-evidence against its claim: no_evident_not_helpful_staff.
Phrase B is a separate fact: staff_not_speak_English_properly.
B breaks A's assumption? Fill in the blank: Yes

Example 4:
Phrase A assumes no counter-evidence against its claim: no_evident_not_helpful_staff.
Phrase B is a separate fact: not_kind_staff.
B breaks A's assumption? Fill in the blank: No

Now complete the blank for this pair. Output ONLY the missing word (Yes or No), nothing else.

Phrase A assumes no counter-evidence against its claim: have_evident_dangerous_ramp.
Phrase B is a separate fact: no_beach_towel_provide.
B breaks A's assumption? Fill in the blank:
",No
2026-08-16 22:52:05,3,2272,have_evident_street_parking,dirty_swimming_pool,"Complete the sentence by filling in the blank with exactly one word: Yes or No.

Template: ""Phrase A assumes no counter-evidence against its claim. Phrase B is a separate fact.
B breaks A's assumption? Fill in the blank: ____""

Example 1:
Phrase A assumes no counter-evidence against its claim: no_evident_not_easy_check-in.
Phrase B is a separate fact: customer_wait_10_minute_for_greet.
B breaks A's assumption? Fill in the blank: Yes

Example 2:
Phrase A assumes no counter-evidence against its claim: no_evident_not_easy_check-in.
Phrase B is a separate fact: no_one_give_key_on_late_check-in.
B breaks A's assumption? Fill in the blank: No

Example 3:
Phrase A assumes no counter-evidence against its claim: no_evident_not_helpful_staff.
Phrase B is a separate fact: staff_not_speak_English_properly.
B breaks A's assumption? Fill in the blank: Yes

Example 4:
Phrase A assumes no counter-evidence against its claim: no_evident_not_helpful_staff.
Phrase B is a separate fact: not_kind_staff.
B breaks A's assumption? Fill in the blank: No

Now complete the blank for this pair. Output ONLY the missing word (Yes or No), nothing else.

Phrase A assumes no counter-evidence against its claim: have_evident_street_parking.
Phrase B is a separate fact: dirty_swimming_pool.
B breaks A's assumption? Fill in the blank:
",No
2026-08-16 22:52:06,3,4271,have_evident_not_encourage_to_use_relaxation_zone,limited_facility,"Complete the sentence by filling in the blank with exactly one word: Yes or No.

Template: ""Phrase A assumes no counter-evidence against its claim. Phrase B is a separate fact.
B breaks A's assumption? Fill in the blank: ____""

Example 1:
Phrase A assumes no counter-evidence against its claim: no_evident_not_easy_check-in.
Phrase B is a separate fact: customer_wait_10_minute_for_greet.
B breaks A's assumption? Fill in the blank: Yes

Example 2:
Phrase A assumes no counter-evidence against its claim: no_evident_not_easy_check-in.
Phrase B is a separate fact: no_one_give_key_on_late_check-in.
B breaks A's assumption? Fill in the blank: No

Example 3:
Phrase A assumes no counter-evidence against its claim: no_evident_not_helpful_staff.
Phrase B is a separate fact: staff_not_speak_English_properly.
B breaks A's assumption? Fill in the blank: Yes

Example 4:
Phrase A assumes no counter-evidence against its claim: no_evident_not_helpful_staff.
Phrase B is a separate fact: not_kind_staff.
B breaks A's assumption? Fill in the blank: No

Now complete the blank for this pair. Output ONLY the missing word (Yes or No), nothing else.

Phrase A assumes no counter-evidence against its claim: have_evident_not_encourage_to_use_relaxation_zone.
Phrase B is a separate fact: limited_facility.
B breaks A's assumption? Fill in the blank:
",No
2026-08-16 22:52:06,3,3970,have_evident_small_swimming_pool,no_safety_strip_on_stair,"Complete the sentence by filling in the blank with exactly one word: Yes or No.

Template: ""Phrase A assumes no counter-evidence against its claim. Phrase B is a separate fact.
B breaks A's assumption? Fill in the blank: ____""

Example 1:
Phrase A assumes no counter-evidence against its claim: no_evident_not_easy_check-in.
Phrase B is a separate fact: customer_wait_10_minute_for_greet.
B breaks A's assumption? Fill in the blank: Yes

Example 2:
Phrase A assumes no counter-evidence against its claim: no_evident_not_easy_check-in.
Phrase B is a separate fact: no_one_give_key_on_late_check-in.
B breaks A's assumption? Fill in the blank: No

Example 3:
Phrase A assumes no counter-evidence against its claim: no_evident_not_helpful_staff.
Phrase B is a separate fact: staff_not_speak_English_properly.
B breaks A's assumption? Fill in the blank: Yes

Example 4:
Phrase A assumes no counter-evidence against its claim: no_evident_not_helpful_staff.
Phrase B is a separate fact: not_kind_staff.
B breaks A's assumption? Fill in the blank: No

Now complete the blank for this pair. Output ONLY the missing word (Yes or No), nothing else.

Phrase A assumes no counter-evidence against its claim: have_evident_small_swimming_pool.
Phrase B is a separate fact: no_safety_strip_on_stair.
B breaks A's assumption? Fill in the blank:
",No
2026-08-16 22:52:06,3,1960,have_evident_steep_ramp,no_safety_strip_on_stair,"Complete the sentence by filling in the blank with exactly one word: Yes or No.

Template: ""Phrase A assumes no counter-evidence against its claim. Phrase B is a separate fact.
B breaks A's assumption? Fill in the blank: ____""

Example 1:
Phrase A assumes no counter-evidence against its claim: no_evident_not_easy_check-in.
Phrase B is a separate fact: customer_wait_10_minute_for_greet.
B breaks A's assumption? Fill in the blank: Yes

Example 2:
Phrase A assumes no counter-evidence against its claim: no_evident_not_easy_check-in.
Phrase B is a separate fact: no_one_give_key_on_late_check-in.
B breaks A's assumption? Fill in the blank: No

Example 3:
Phrase A assumes no counter-evidence against its claim: no_evident_not_helpful_staff.
Phrase B is a separate fact: staff_not_speak_English_properly.
B breaks A's assumption? Fill in the blank: Yes

Example 4:
Phrase A assumes no counter-evidence against its claim: no_evident_not_helpful_staff.
Phrase B is a separate fact: not_kind_staff.
B breaks A's assumption? Fill in the blank: No

Now complete the blank for this pair. Output ONLY the missing word (Yes or No), nothing else.

Phrase A assumes no counter-evidence against its claim: have_evident_steep_ramp.
Phrase B is a separate fact: no_safety_strip_on_stair.
B breaks A's assumption? Fill in the blank:
",No
2026-08-16 22:52:06,3,2250,have_evident_street_parking,no_bar_on_off_season,"Complete the sentence by filling in the blank with exactly one word: Yes or No.

Template: ""Phrase A assumes no counter-evidence against its claim. Phrase B is a separate fact.
B breaks A's assumption? Fill in the blank: ____""

Example 1:
Phrase A assumes no counter-evidence against its claim: no_evident_not_easy_check-in.
Phrase B is a separate fact: customer_wait_10_minute_for_greet.
B breaks A's assumption? Fill in the blank: Yes

Example 2:
Phrase A assumes no counter-evidence against its claim: no_evident_not_easy_check-in.
Phrase B is a separate fact: no_one_give_key_on_late_check-in.
B breaks A's assumption? Fill in the blank: No

Example 3:
Phrase A assumes no counter-evidence against its claim: no_evident_not_helpful_staff.
Phrase B is a separate fact: staff_not_speak_English_properly.
B breaks A's assumption? Fill in the blank: Yes

Example 4:
Phrase A assumes no counter-evidence against its claim: no_evident_not_helpful_staff.
Phrase B is a separate fact: not_kind_staff.
B breaks A's assumption? Fill in the blank: No

Now complete the blank for this pair. Output ONLY the missing word (Yes or No), nothing else.

Phrase A assumes no counter-evidence against its claim: have_evident_street_parking.
Phrase B is a separate fact: no_bar_on_off_season.
B breaks A's assumption? Fill in the blank:
",No
2026-08-16 22:52:06,3,635,have_evident_no_24_hour_kiosk_close_to_hotel,hotel_not_accessible_to_wheelchair_as_it_said,"Complete the sentence by filling in the blank with exactly one word: Yes or No.

Template: ""Phrase A assumes no counter-evidence against its claim. Phrase B is a separate fact.
B breaks A's assumption? Fill in the blank: ____""

Example 1:
Phrase A assumes no counter-evidence against its claim: no_evident_not_easy_check-in.
Phrase B is a separate fact: customer_wait_10_minute_for_greet.
B breaks A's assumption? Fill in the blank: Yes

Example 2:
Phrase A assumes no counter-evidence against its claim: no_evident_not_easy_check-in.
Phrase B is a separate fact: no_one_give_key_on_late_check-in.
B breaks A's assumption? Fill in the blank: No

Example 3:
Phrase A assumes no counter-evidence against its claim: no_evident_not_helpful_staff.
Phrase B is a separate fact: staff_not_speak_English_properly.
B breaks A's assumption? Fill in the blank: Yes

Example 4:
Phrase A assumes no counter-evidence against its claim: no_evident_not_helpful_staff.
Phrase B is a separate fact: not_kind_staff.
B breaks A's assumption? Fill in the blank: No

Now complete the blank for this pair. Output ONLY the missing word (Yes or No), nothing else.

Phrase A assumes no counter-evidence against its claim: have_evident_no_24_hour_kiosk_close_to_hotel.
Phrase B is a separate fact: hotel_not_accessible_to_wheelchair_as_it_said.
B breaks A's assumption? Fill in the blank:
",No
2026-08-16 22:52:06,3,3604,have_evident_elevator_need_cleaning,little_parking_in_evening,"Complete the sentence by filling in the blank with exactly one word: Yes or No.

Template: ""Phrase A assumes no counter-evidence against its claim. Phrase B is a separate fact.
B breaks A's assumption? Fill in the blank: ____""

Example 1:
Phrase A assumes no counter-evidence against its claim: no_evident_not_easy_check-in.
Phrase B is a separate fact: customer_wait_10_minute_for_greet.
B breaks A's assumption? Fill in the blank: Yes

Example 2:
Phrase A assumes no counter-evidence against its claim: no_evident_not_easy_check-in.
Phrase B is a separate fact: no_one_give_key_on_late_check-in.
B breaks A's assumption? Fill in the blank: No

Example 3:
Phrase A assumes no counter-evidence against its claim: no_evident_not_helpful_staff.
Phrase B is a separate fact: staff_not_speak_English_properly.
B breaks A's assumption? Fill in the blank: Yes

Example 4:
Phrase A assumes no counter-evidence against its claim: no_evident_not_helpful_staff.
Phrase B is a separate fact: not_kind_staff.
B breaks A's assumption? Fill in the blank: No

Now complete the blank for this pair. Output ONLY the missing word (Yes or No), nothing else.

Phrase A assumes no counter-evidence against its claim: have_evident_elevator_need_cleaning.
Phrase B is a separate fact: little_parking_in_evening.
B breaks A's assumption? Fill in the blank:
",No
2026-08-16 22:52:07,3,1921,have_evident_not_EU_regulation_ramp,minimalistic_hotel,"Complete the sentence by filling in the blank with exactly one word: Yes or No.

Template: ""Phrase A assumes no counter-evidence against its claim. Phrase B is a separate fact.
B breaks A's assumption? Fill in the blank: ____""

Example 1:
Phrase A assumes no counter-evidence against its claim: no_evident_not_easy_check-in.
Phrase B is a separate fact: customer_wait_10_minute_for_greet.
B breaks A's assumption? Fill in the blank: Yes

Example 2:
Phrase A assumes no counter-evidence against its claim: no_evident_not_easy_check-in.
Phrase B is a separate fact: no_one_give_key_on_late_check-in.
B breaks A's assumption? Fill in the blank: No

Example 3:
Phrase A assumes no counter-evidence against its claim: no_evident_not_helpful_staff.
Phrase B is a separate fact: staff_not_speak_English_properly.
B breaks A's assumption? Fill in the blank: Yes

Example 4:
Phrase A assumes no counter-evidence against its claim: no_evident_not_helpful_staff.
Phrase B is a separate fact: not_kind_staff.
B breaks A's assumption? Fill in the blank: No

Now complete the blank for this pair. Output ONLY the missing word (Yes or No), nothing else.

Phrase A assumes no counter-evidence against its claim: have_evident_not_EU_regulation_ramp.
Phrase B is a separate fact: minimalistic_hotel.
B breaks A's assumption? Fill in the blank:
",No
2026-08-16 22:52:07,3,2341,have_evident_no_designated_parking,not_everything_perfect_yet,"Complete the sentence by filling in the blank with exactly one word: Yes or No.

Template: ""Phrase A assumes no counter-evidence against its claim. Phrase B is a separate fact.
B breaks A's assumption? Fill in the blank: ____""

Example 1:
Phrase A assumes no counter-evidence against its claim: no_evident_not_easy_check-in.
Phrase B is a separate fact: customer_wait_10_minute_for_greet.
B breaks A's assumption? Fill in the blank: Yes

Example 2:
Phrase A assumes no counter-evidence against its claim: no_evident_not_easy_check-in.
Phrase B is a separate fact: no_one_give_key_on_late_check-in.
B breaks A's assumption? Fill in the blank: No

Example 3:
Phrase A assumes no counter-evidence against its claim: no_evident_not_helpful_staff.
Phrase B is a separate fact: staff_not_speak_English_properly.
B breaks A's assumption? Fill in the blank: Yes

Example 4:
Phrase A assumes no counter-evidence against its claim: no_evident_not_helpful_staff.
Phrase B is a separate fact: not_kind_staff.
B breaks A's assumption? Fill in the blank: No

Now complete the blank for this pair. Output ONLY the missing word (Yes or No), nothing else.

Phrase A assumes no counter-evidence against its claim: have_evident_no_designated_parking.
Phrase B is a separate fact: not_everything_perfect_yet.
B breaks A's assumption? Fill in the blank:
",No
2026-08-16 22:52:07,3,2226,have_evident_street_parking,main_door_slam_at_night,"Complete the sentence by filling in the blank with exactly one word: Yes or No.

Template: ""Phrase A assumes no counter-evidence against its claim. Phrase B is a separate fact.
B breaks A's assumption? Fill in the blank: ____""

Example 1:
Phrase A assumes no counter-evidence against its claim: no_evident_not_easy_check-in.
Phrase B is a separate fact: customer_wait_10_minute_for_greet.
B breaks A's assumption? Fill in the blank: Yes

Example 2:
Phrase A assumes no counter-evidence against its claim: no_evident_not_easy_check-in.
Phrase B is a separate fact: no_one_give_key_on_late_check-in.
B breaks A's assumption? Fill in the blank: No

Example 3:
Phrase A assumes no counter-evidence against its claim: no_evident_not_helpful_staff.
Phrase B is a separate fact: staff_not_speak_English_properly.
B breaks A's assumption? Fill in the blank: Yes

Example 4:
Phrase A assumes no counter-evidence against its claim: no_evident_not_helpful_staff.
Phrase B is a separate fact: not_kind_staff.
B breaks A's assumption? Fill in the blank: No

Now complete the blank for this pair. Output ONLY the missing word (Yes or No), nothing else.

Phrase A assumes no counter-evidence against its claim: have_evident_street_parking.
Phrase B is a separate fact: main_door_slam_at_night.
B breaks A's assumption? Fill in the blank:
",No
2026-08-16 22:52:07,3,2752,have_evident_available_facility_not_clear_on_booking,not_easy_parking,"Complete the sentence by filling in the blank with exactly one word: Yes or No.

Template: ""Phrase A assumes no counter-evidence against its claim. Phrase B is a separate fact.
B breaks A's assumption? Fill in the blank: ____""

Example 1:
Phrase A assumes no counter-evidence against its claim: no_evident_not_easy_check-in.
Phrase B is a separate fact: customer_wait_10_minute_for_greet.
B breaks A's assumption? Fill in the blank: Yes

Example 2:
Phrase A assumes no counter-evidence against its claim: no_evident_not_easy_check-in.
Phrase B is a separate fact: no_one_give_key_on_late_check-in.
B breaks A's assumption? Fill in the blank: No

Example 3:
Phrase A assumes no counter-evidence against its claim: no_evident_not_helpful_staff.
Phrase B is a separate fact: staff_not_speak_English_properly.
B breaks A's assumption? Fill in the blank: Yes

Example 4:
Phrase A assumes no counter-evidence against its claim: no_evident_not_helpful_staff.
Phrase B is a separate fact: not_kind_staff.
B breaks A's assumption? Fill in the blank: No

Now complete the blank for this pair. Output ONLY the missing word (Yes or No), nothing else.

Phrase A assumes no counter-evidence against its claim: have_evident_available_facility_not_clear_on_booking.
Phrase B is a separate fact: not_easy_parking.
B breaks A's assumption? Fill in the blank:
",No.
2026-08-16 22:52:07,3,2620,have_evident_no_restaurant_on_off_season,disgusting_outside,"Complete the sentence by filling in the blank with exactly one word: Yes or No.

Template: ""Phrase A assumes no counter-evidence against its claim. Phrase B is a separate fact.
B breaks A's assumption? Fill in the blank: ____""

Example 1:
Phrase A assumes no counter-evidence against its claim: no_evident_not_easy_check-in.
Phrase B is a separate fact: customer_wait_10_minute_for_greet.
B breaks A's assumption? Fill in the blank: Yes

Example 2:
Phrase A assumes no counter-evidence against its claim: no_evident_not_easy_check-in.
Phrase B is a separate fact: no_one_give_key_on_late_check-in.
B breaks A's assumption? Fill in the blank: No

Example 3:
Phrase A assumes no counter-evidence against its claim: no_evident_not_helpful_staff.
Phrase B is a separate fact: staff_not_speak_English_properly.
B breaks A's assumption? Fill in the blank: Yes

Example 4:
Phrase A assumes no counter-evidence against its claim: no_evident_not_helpful_staff.
Phrase B is a separate fact: not_kind_staff.
B breaks A's assumption? Fill in the blank: No

Now complete the blank for this pair. Output ONLY the missing word (Yes or No), nothing else.

Phrase A assumes no counter-evidence against its claim: have_evident_no_restaurant_on_off_season.
Phrase B is a separate fact: disgusting_outside.
B breaks A's assumption? Fill in the blank:
",No
2026-08-16 22:52:08,3,4425,have_evident_not_encourage_to_use_billiard,not_easy_to_access entry_at_odd_hour,"Complete the sentence by filling in the blank with exactly one word: Yes or No.

Template: ""Phrase A assumes no counter-evidence against its claim. Phrase B is a separate fact.
B breaks A's assumption? Fill in the blank: ____""

Example 1:
Phrase A assumes no counter-evidence against its claim: no_evident_not_easy_check-in.
Phrase B is a separate fact: customer_wait_10_minute_for_greet.
B breaks A's assumption? Fill in the blank: Yes

Example 2:
Phrase A assumes no counter-evidence against its claim: no_evident_not_easy_check-in.
Phrase B is a separate fact: no_one_give_key_on_late_check-in.
B breaks A's assumption? Fill in the blank: No

Example 3:
Phrase A assumes no counter-evidence against its claim: no_evident_not_helpful_staff.
Phrase B is a separate fact: staff_not_speak_English_properly.
B breaks A's assumption? Fill in the blank: Yes

Example 4:
Phrase A assumes no counter-evidence against its claim: no_evident_not_helpful_staff.
Phrase B is a separate fact: not_kind_staff.
B breaks A's assumption? Fill in the blank: No

Now complete the blank for this pair. Output ONLY the missing word (Yes or No), nothing else.

Phrase A assumes no counter-evidence against its claim: have_evident_not_encourage_to_use_billiard.
Phrase B is a separate fact: not_easy_to_access entry_at_odd_hour.
B breaks A's assumption? Fill in the blank:
",No
2026-08-16 22:52:08,3,661,have_evident_no_24_hour_kiosk_close_to_hotel,pool_close,"Complete the sentence by filling in the blank with exactly one word: Yes or No.

Template: ""Phrase A assumes no counter-evidence against its claim. Phrase B is a separate fact.
B breaks A's assumption? Fill in the blank: ____""

Example 1:
Phrase A assumes no counter-evidence against its claim: no_evident_not_easy_check-in.
Phrase B is a separate fact: customer_wait_10_minute_for_greet.
B breaks A's assumption? Fill in the blank: Yes

Example 2:
Phrase A assumes no counter-evidence against its claim: no_evident_not_easy_check-in.
Phrase B is a separate fact: no_one_give_key_on_late_check-in.
B breaks A's assumption? Fill in the blank: No

Example 3:
Phrase A assumes no counter-evidence against its claim: no_evident_not_helpful_staff.
Phrase B is a separate fact: staff_not_speak_English_properly.
B breaks A's assumption? Fill in the blank: Yes

Example 4:
Phrase A assumes no counter-evidence against its claim: no_evident_not_helpful_staff.
Phrase B is a separate fact: not_kind_staff.
B breaks A's assumption? Fill in the blank: No

Now complete the blank for this pair. Output ONLY the missing word (Yes or No), nothing else.

Phrase A assumes no counter-evidence against its claim: have_evident_no_24_hour_kiosk_close_to_hotel.
Phrase B is a separate fact: pool_close.
B breaks A's assumption? Fill in the blank:
",No
2026-08-16 22:52:08,3,1134,have_evident_no_safety_strip_on_stair,young_hotel,"Complete the sentence by filling in the blank with exactly one word: Yes or No.

Template: ""Phrase A assumes no counter-evidence against its claim. Phrase B is a separate fact.
B breaks A's assumption? Fill in the blank: ____""

Example 1:
Phrase A assumes no counter-evidence against its claim: no_evident_not_easy_check-in.
Phrase B is a separate fact: customer_wait_10_minute_for_greet.
B breaks A's assumption? Fill in the blank: Yes

Example 2:
Phrase A assumes no counter-evidence against its claim: no_evident_not_easy_check-in.
Phrase B is a separate fact: no_one_give_key_on_late_check-in.
B breaks A's assumption? Fill in the blank: No

Example 3:
Phrase A assumes no counter-evidence against its claim: no_evident_not_helpful_staff.
Phrase B is a separate fact: staff_not_speak_English_properly.
B breaks A's assumption? Fill in the blank: Yes

Example 4:
Phrase A assumes no counter-evidence against its claim: no_evident_not_helpful_staff.
Phrase B is a separate fact: not_kind_staff.
B breaks A's assumption? Fill in the blank: No

Now complete the blank for this pair. Output ONLY the missing word (Yes or No), nothing else.

Phrase A assumes no counter-evidence against its claim: have_evident_no_safety_strip_on_stair.
Phrase B is a separate fact: young_hotel.
B breaks A's assumption? Fill in the blank:
",No
2026-08-16 22:52:08,3,1236,have_evident_tiny_pool,steep_ramp,"Complete the sentence by filling in the blank with exactly one word: Yes or No.

Template: ""Phrase A assumes no counter-evidence against its claim. Phrase B is a separate fact.
B breaks A's assumption? Fill in the blank: ____""

Example 1:
Phrase A assumes no counter-evidence against its claim: no_evident_not_easy_check-in.
Phrase B is a separate fact: customer_wait_10_minute_for_greet.
B breaks A's assumption? Fill in the blank: Yes

Example 2:
Phrase A assumes no counter-evidence against its claim: no_evident_not_easy_check-in.
Phrase B is a separate fact: no_one_give_key_on_late_check-in.
B breaks A's assumption? Fill in the blank: No

Example 3:
Phrase A assumes no counter-evidence against its claim: no_evident_not_helpful_staff.
Phrase B is a separate fact: staff_not_speak_English_properly.
B breaks A's assumption? Fill in the blank: Yes

Example 4:
Phrase A assumes no counter-evidence against its claim: no_evident_not_helpful_staff.
Phrase B is a separate fact: not_kind_staff.
B breaks A's assumption? Fill in the blank: No

Now complete the blank for this pair. Output ONLY the missing word (Yes or No), nothing else.

Phrase A assumes no counter-evidence against its claim: have_evident_tiny_pool.
Phrase B is a separate fact: steep_ramp.
B breaks A's assumption? Fill in the blank:
",No
2026-08-16 22:52:08,3,1895,have_evident_not_EU_regulation_ramp,tiny_pool,"Complete the sentence by filling in the blank with exactly one word: Yes or No.

Template: ""Phrase A assumes no counter-evidence against its claim. Phrase B is a separate fact.
B breaks A's assumption? Fill in the blank: ____""

Example 1:
Phrase A assumes no counter-evidence against its claim: no_evident_not_easy_check-in.
Phrase B is a separate fact: customer_wait_10_minute_for_greet.
B breaks A's assumption? Fill in the blank: Yes

Example 2:
Phrase A assumes no counter-evidence against its claim: no_evident_not_easy_check-in.
Phrase B is a separate fact: no_one_give_key_on_late_check-in.
B breaks A's assumption? Fill in the blank: No

Example 3:
Phrase A assumes no counter-evidence against its claim: no_evident_not_helpful_staff.
Phrase B is a separate fact: staff_not_speak_English_properly.
B breaks A's assumption? Fill in the blank: Yes

Example 4:
Phrase A assumes no counter-evidence against its claim: no_evident_not_helpful_staff.
Phrase B is a separate fact: not_kind_staff.
B breaks A's assumption? Fill in the blank: No

Now complete the blank for this pair. Output ONLY the missing word (Yes or No), nothing else.

Phrase A assumes no counter-evidence against its claim: have_evident_not_EU_regulation_ramp.
Phrase B is a separate fact: tiny_pool.
B breaks A's assumption? Fill in the blank:
",No
2026-08-16 22:52:09,3,3138,have_evident_broke_lift,need_improvement_reception,"Complete the sentence by filling in the blank with exactly one word: Yes or No.

Template: ""Phrase A assumes no counter-evidence against its claim. Phrase B is a separate fact.
B breaks A's assumption? Fill in the blank: ____""

Example 1:
Phrase A assumes no counter-evidence against its claim: no_evident_not_easy_check-in.
Phrase B is a separate fact: customer_wait_10_minute_for_greet.
B breaks A's assumption? Fill in the blank: Yes

Example 2:
Phrase A assumes no counter-evidence against its claim: no_evident_not_easy_check-in.
Phrase B is a separate fact: no_one_give_key_on_late_check-in.
B breaks A's assumption? Fill in the blank: No

Example 3:
Phrase A assumes no counter-evidence against its claim: no_evident_not_helpful_staff.
Phrase B is a separate fact: staff_not_speak_English_properly.
B breaks A's assumption? Fill in the blank: Yes

Example 4:
Phrase A assumes no counter-evidence against its claim: no_evident_not_helpful_staff.
Phrase B is a separate fact: not_kind_staff.
B breaks A's assumption? Fill in the blank: No

Now complete the blank for this pair. Output ONLY the missing word (Yes or No), nothing else.

Phrase A assumes no counter-evidence against its claim: have_evident_broke_lift.
Phrase B is a separate fact: need_improvement_reception.
B breaks A's assumption? Fill in the blank:
",No
2026-08-16 22:52:09,3,1252,have_evident_tiny_pool,badly_maintain_hotel_installation,"Complete the sentence by filling in the blank with exactly one word: Yes or No.

Template: ""Phrase A assumes no counter-evidence against its claim. Phrase B is a separate fact.
B breaks A's assumption? Fill in the blank: ____""

Example 1:
Phrase A assumes no counter-evidence against its claim: no_evident_not_easy_check-in.
Phrase B is a separate fact: customer_wait_10_minute_for_greet.
B breaks A's assumption? Fill in the blank: Yes

Example 2:
Phrase A assumes no counter-evidence against its claim: no_evident_not_easy_check-in.
Phrase B is a separate fact: no_one_give_key_on_late_check-in.
B breaks A's assumption? Fill in the blank: No

Example 3:
Phrase A assumes no counter-evidence against its claim: no_evident_not_helpful_staff.
Phrase B is a separate fact: staff_not_speak_English_properly.
B breaks A's assumption? Fill in the blank: Yes

Example 4:
Phrase A assumes no counter-evidence against its claim: no_evident_not_helpful_staff.
Phrase B is a separate fact: not_kind_staff.
B breaks A's assumption? Fill in the blank: No

Now complete the blank for this pair. Output ONLY the missing word (Yes or No), nothing else.

Phrase A assumes no counter-evidence against its claim: have_evident_tiny_pool.
Phrase B is a separate fact: badly_maintain_hotel_installation.
B breaks A's assumption? Fill in the blank:
",No
2026-08-16 22:52:09,3,1753,have_evident_low_doorway_leading_to_elevator,no_own_parking_lot,"Complete the sentence by filling in the blank with exactly one word: Yes or No.

Template: ""Phrase A assumes no counter-evidence against its claim. Phrase B is a separate fact.
B breaks A's assumption? Fill in the blank: ____""

Example 1:
Phrase A assumes no counter-evidence against its claim: no_evident_not_easy_check-in.
Phrase B is a separate fact: customer_wait_10_minute_for_greet.
B breaks A's assumption? Fill in the blank: Yes

Example 2:
Phrase A assumes no counter-evidence against its claim: no_evident_not_easy_check-in.
Phrase B is a separate fact: no_one_give_key_on_late_check-in.
B breaks A's assumption? Fill in the blank: No

Example 3:
Phrase A assumes no counter-evidence against its claim: no_evident_not_helpful_staff.
Phrase B is a separate fact: staff_not_speak_English_properly.
B breaks A's assumption? Fill in the blank: Yes

Example 4:
Phrase A assumes no counter-evidence against its claim: no_evident_not_helpful_staff.
Phrase B is a separate fact: not_kind_staff.
B breaks A's assumption? Fill in the blank: No

Now complete the blank for this pair. Output ONLY the missing word (Yes or No), nothing else.

Phrase A assumes no counter-evidence against its claim: have_evident_low_doorway_leading_to_elevator.
Phrase B is a separate fact: no_own_parking_lot.
B breaks A's assumption? Fill in the blank:
",No
2026-08-16 22:52:09,3,527,have_evident_slow_elevator,pool_close,"Complete the sentence by filling in the blank with exactly one word: Yes or No.

Template: ""Phrase A assumes no counter-evidence against its claim. Phrase B is a separate fact.
B breaks A's assumption? Fill in the blank: ____""

Example 1:
Phrase A assumes no counter-evidence against its claim: no_evident_not_easy_check-in.
Phrase B is a separate fact: customer_wait_10_minute_for_greet.
B breaks A's assumption? Fill in the blank: Yes

Example 2:
Phrase A assumes no counter-evidence against its claim: no_evident_not_easy_check-in.
Phrase B is a separate fact: no_one_give_key_on_late_check-in.
B breaks A's assumption? Fill in the blank: No

Example 3:
Phrase A assumes no counter-evidence against its claim: no_evident_not_helpful_staff.
Phrase B is a separate fact: staff_not_speak_English_properly.
B breaks A's assumption? Fill in the blank: Yes

Example 4:
Phrase A assumes no counter-evidence against its claim: no_evident_not_helpful_staff.
Phrase B is a separate fact: not_kind_staff.
B breaks A's assumption? Fill in the blank: No

Now complete the blank for this pair. Output ONLY the missing word (Yes or No), nothing else.

Phrase A assumes no counter-evidence against its claim: have_evident_slow_elevator.
Phrase B is a separate fact: pool_close.
B breaks A's assumption? Fill in the blank:
",No
2026-08-16 22:52:09,3,3399,have_evident_pool_could_be_cleaner,not_accurate_pool_picture,"Complete the sentence by filling in the blank with exactly one word: Yes or No.

Template: ""Phrase A assumes no counter-evidence against its claim. Phrase B is a separate fact.
B breaks A's assumption? Fill in the blank: ____""

Example 1:
Phrase A assumes no counter-evidence against its claim: no_evident_not_easy_check-in.
Phrase B is a separate fact: customer_wait_10_minute_for_greet.
B breaks A's assumption? Fill in the blank: Yes

Example 2:
Phrase A assumes no counter-evidence against its claim: no_evident_not_easy_check-in.
Phrase B is a separate fact: no_one_give_key_on_late_check-in.
B breaks A's assumption? Fill in the blank: No

Example 3:
Phrase A assumes no counter-evidence against its claim: no_evident_not_helpful_staff.
Phrase B is a separate fact: staff_not_speak_English_properly.
B breaks A's assumption? Fill in the blank: Yes

Example 4:
Phrase A assumes no counter-evidence against its claim: no_evident_not_helpful_staff.
Phrase B is a separate fact: not_kind_staff.
B breaks A's assumption? Fill in the blank: No

Now complete the blank for this pair. Output ONLY the missing word (Yes or No), nothing else.

Phrase A assumes no counter-evidence against its claim: have_evident_pool_could_be_cleaner.
Phrase B is a separate fact: not_accurate_pool_picture.
B breaks A's assumption? Fill in the blank:
",No
2026-08-16 22:52:09,3,3340,have_evident_limited_facility,old_furniture,"Complete the sentence by filling in the blank with exactly one word: Yes or No.

Template: ""Phrase A assumes no counter-evidence against its claim. Phrase B is a separate fact.
B breaks A's assumption? Fill in the blank: ____""

Example 1:
Phrase A assumes no counter-evidence against its claim: no_evident_not_easy_check-in.
Phrase B is a separate fact: customer_wait_10_minute_for_greet.
B breaks A's assumption? Fill in the blank: Yes

Example 2:
Phrase A assumes no counter-evidence against its claim: no_evident_not_easy_check-in.
Phrase B is a separate fact: no_one_give_key_on_late_check-in.
B breaks A's assumption? Fill in the blank: No

Example 3:
Phrase A assumes no counter-evidence against its claim: no_evident_not_helpful_staff.
Phrase B is a separate fact: staff_not_speak_English_properly.
B breaks A's assumption? Fill in the blank: Yes

Example 4:
Phrase A assumes no counter-evidence against its claim: no_evident_not_helpful_staff.
Phrase B is a separate fact: not_kind_staff.
B breaks A's assumption? Fill in the blank: No

Now complete the blank for this pair. Output ONLY the missing word (Yes or No), nothing else.

Phrase A assumes no counter-evidence against its claim: have_evident_limited_facility.
Phrase B is a separate fact: old_furniture.
B breaks A's assumption? Fill in the blank:
",No
2026-08-16 22:52:10,3,4446,have_evident_not_encourage_to_use_billiard,need_renovation_in_common_area,"Complete the sentence by filling in the blank with exactly one word: Yes or No.

Template: ""Phrase A assumes no counter-evidence against its claim. Phrase B is a separate fact.
B breaks A's assumption? Fill in the blank: ____""

Example 1:
Phrase A assumes no counter-evidence against its claim: no_evident_not_easy_check-in.
Phrase B is a separate fact: customer_wait_10_minute_for_greet.
B breaks A's assumption? Fill in the blank: Yes

Example 2:
Phrase A assumes no counter-evidence against its claim: no_evident_not_easy_check-in.
Phrase B is a separate fact: no_one_give_key_on_late_check-in.
B breaks A's assumption? Fill in the blank: No

Example 3:
Phrase A assumes no counter-evidence against its claim: no_evident_not_helpful_staff.
Phrase B is a separate fact: staff_not_speak_English_properly.
B breaks A's assumption? Fill in the blank: Yes

Example 4:
Phrase A assumes no counter-evidence against its claim: no_evident_not_helpful_staff.
Phrase B is a separate fact: not_kind_staff.
B breaks A's assumption? Fill in the blank: No

Now complete the blank for this pair. Output ONLY the missing word (Yes or No), nothing else.

Phrase A assumes no counter-evidence against its claim: have_evident_not_encourage_to_use_billiard.
Phrase B is a separate fact: need_renovation_in_common_area.
B breaks A's assumption? Fill in the blank:
",No
2026-08-16 22:52:10,3,2711,have_evident_no_pool_on_off_season,dangerous_ramp,"Complete the sentence by filling in the blank with exactly one word: Yes or No.

Template: ""Phrase A assumes no counter-evidence against its claim. Phrase B is a separate fact.
B breaks A's assumption? Fill in the blank: ____""

Example 1:
Phrase A assumes no counter-evidence against its claim: no_evident_not_easy_check-in.
Phrase B is a separate fact: customer_wait_10_minute_for_greet.
B breaks A's assumption? Fill in the blank: Yes

Example 2:
Phrase A assumes no counter-evidence against its claim: no_evident_not_easy_check-in.
Phrase B is a separate fact: no_one_give_key_on_late_check-in.
B breaks A's assumption? Fill in the blank: No

Example 3:
Phrase A assumes no counter-evidence against its claim: no_evident_not_helpful_staff.
Phrase B is a separate fact: staff_not_speak_English_properly.
B breaks A's assumption? Fill in the blank: Yes

Example 4:
Phrase A assumes no counter-evidence against its claim: no_evident_not_helpful_staff.
Phrase B is a separate fact: not_kind_staff.
B breaks A's assumption? Fill in the blank: No

Now complete the blank for this pair. Output ONLY the missing word (Yes or No), nothing else.

Phrase A assumes no counter-evidence against its claim: have_evident_no_pool_on_off_season.
Phrase B is a separate fact: dangerous_ramp.
B breaks A's assumption? Fill in the blank:
",No
2026-08-16 22:52:10,3,3817,have_evident_old_furniture,not_encourage_to_use_swimming_pool,"Complete the sentence by filling in the blank with exactly one word: Yes or No.

Template: ""Phrase A assumes no counter-evidence against its claim. Phrase B is a separate fact.
B breaks A's assumption? Fill in the blank: ____""

Example 1:
Phrase A assumes no counter-evidence against its claim: no_evident_not_easy_check-in.
Phrase B is a separate fact: customer_wait_10_minute_for_greet.
B breaks A's assumption? Fill in the blank: Yes

Example 2:
Phrase A assumes no counter-evidence against its claim: no_evident_not_easy_check-in.
Phrase B is a separate fact: no_one_give_key_on_late_check-in.
B breaks A's assumption? Fill in the blank: No

Example 3:
Phrase A assumes no counter-evidence against its claim: no_evident_not_helpful_staff.
Phrase B is a separate fact: staff_not_speak_English_properly.
B breaks A's assumption? Fill in the blank: Yes

Example 4:
Phrase A assumes no counter-evidence against its claim: no_evident_not_helpful_staff.
Phrase B is a separate fact: not_kind_staff.
B breaks A's assumption? Fill in the blank: No

Now complete the blank for this pair. Output ONLY the missing word (Yes or No), nothing else.

Phrase A assumes no counter-evidence against its claim: have_evident_old_furniture.
Phrase B is a separate fact: not_encourage_to_use_swimming_pool.
B breaks A's assumption? Fill in the blank:
",No
2026-08-16 22:52:10,3,3407,have_evident_pool_could_be_cleaner,old_furniture,"Complete the sentence by filling in the blank with exactly one word: Yes or No.

Template: ""Phrase A assumes no counter-evidence against its claim. Phrase B is a separate fact.
B breaks A's assumption? Fill in the blank: ____""

Example 1:
Phrase A assumes no counter-evidence against its claim: no_evident_not_easy_check-in.
Phrase B is a separate fact: customer_wait_10_minute_for_greet.
B breaks A's assumption? Fill in the blank: Yes

Example 2:
Phrase A assumes no counter-evidence against its claim: no_evident_not_easy_check-in.
Phrase B is a separate fact: no_one_give_key_on_late_check-in.
B breaks A's assumption? Fill in the blank: No

Example 3:
Phrase A assumes no counter-evidence against its claim: no_evident_not_helpful_staff.
Phrase B is a separate fact: staff_not_speak_English_properly.
B breaks A's assumption? Fill in the blank: Yes

Example 4:
Phrase A assumes no counter-evidence against its claim: no_evident_not_helpful_staff.
Phrase B is a separate fact: not_kind_staff.
B breaks A's assumption? Fill in the blank: No

Now complete the blank for this pair. Output ONLY the missing word (Yes or No), nothing else.

Phrase A assumes no counter-evidence against its claim: have_evident_pool_could_be_cleaner.
Phrase B is a separate fact: old_furniture.
B breaks A's assumption? Fill in the blank:
",No
2026-08-16 22:52:10,3,511,have_evident_slow_elevator,available_facility_not_clear_on_booking,"Complete the sentence by filling in the blank with exactly one word: Yes or No.

Template: ""Phrase A assumes no counter-evidence against its claim. Phrase B is a separate fact.
B breaks A's assumption? Fill in the blank: ____""

Example 1:
Phrase A assumes no counter-evidence against its claim: no_evident_not_easy_check-in.
Phrase B is a separate fact: customer_wait_10_minute_for_greet.
B breaks A's assumption? Fill in the blank: Yes

Example 2:
Phrase A assumes no counter-evidence against its claim: no_evident_not_easy_check-in.
Phrase B is a separate fact: no_one_give_key_on_late_check-in.
B breaks A's assumption? Fill in the blank: No

Example 3:
Phrase A assumes no counter-evidence against its claim: no_evident_not_helpful_staff.
Phrase B is a separate fact: staff_not_speak_English_properly.
B breaks A's assumption? Fill in the blank: Yes

Example 4:
Phrase A assumes no counter-evidence against its claim: no_evident_not_helpful_staff.
Phrase B is a separate fact: not_kind_staff.
B breaks A's assumption? Fill in the blank: No

Now complete the blank for this pair. Output ONLY the missing word (Yes or No), nothing else.

Phrase A assumes no counter-evidence against its claim: have_evident_slow_elevator.
Phrase B is a separate fact: available_facility_not_clear_on_booking.
B breaks A's assumption? Fill in the blank:
",No
2026-08-16 22:52:10,3,1695,have_evident_common_area_light_not_worked_well,not_much_parking,"Complete the sentence by filling in the blank with exactly one word: Yes or No.

Template: ""Phrase A assumes no counter-evidence against its claim. Phrase B is a separate fact.
B breaks A's assumption? Fill in the blank: ____""

Example 1:
Phrase A assumes no counter-evidence against its claim: no_evident_not_easy_check-in.
Phrase B is a separate fact: customer_wait_10_minute_for_greet.
B breaks A's assumption? Fill in the blank: Yes

Example 2:
Phrase A assumes no counter-evidence against its claim: no_evident_not_easy_check-in.
Phrase B is a separate fact: no_one_give_key_on_late_check-in.
B breaks A's assumption? Fill in the blank: No

Example 3:
Phrase A assumes no counter-evidence against its claim: no_evident_not_helpful_staff.
Phrase B is a separate fact: staff_not_speak_English_properly.
B breaks A's assumption? Fill in the blank: Yes

Example 4:
Phrase A assumes no counter-evidence against its claim: no_evident_not_helpful_staff.
Phrase B is a separate fact: not_kind_staff.
B breaks A's assumption? Fill in the blank: No

Now complete the blank for this pair. Output ONLY the missing word (Yes or No), nothing else.

Phrase A assumes no counter-evidence against its claim: have_evident_common_area_light_not_worked_well.
Phrase B is a separate fact: not_much_parking.
B breaks A's assumption? Fill in the blank:
",No
2026-08-16 22:52:10,3,3442,have_evident_has_parking_if_lucky,need_renovation_in_elevator,"Complete the sentence by filling in the blank with exactly one word: Yes or No.

Template: ""Phrase A assumes no counter-evidence against its claim. Phrase B is a separate fact.
B breaks A's assumption? Fill in the blank: ____""

Example 1:
Phrase A assumes no counter-evidence against its claim: no_evident_not_easy_check-in.
Phrase B is a separate fact: customer_wait_10_minute_for_greet.
B breaks A's assumption? Fill in the blank: Yes

Example 2:
Phrase A assumes no counter-evidence against its claim: no_evident_not_easy_check-in.
Phrase B is a separate fact: no_one_give_key_on_late_check-in.
B breaks A's assumption? Fill in the blank: No

Example 3:
Phrase A assumes no counter-evidence against its claim: no_evident_not_helpful_staff.
Phrase B is a separate fact: staff_not_speak_English_properly.
B breaks A's assumption? Fill in the blank: Yes

Example 4:
Phrase A assumes no counter-evidence against its claim: no_evident_not_helpful_staff.
Phrase B is a separate fact: not_kind_staff.
B breaks A's assumption? Fill in the blank: No

Now complete the blank for this pair. Output ONLY the missing word (Yes or No), nothing else.

Phrase A assumes no counter-evidence against its claim: have_evident_has_parking_if_lucky.
Phrase B is a separate fact: need_renovation_in_elevator.
B breaks A's assumption? Fill in the blank:
",No
2026-08-16 22:52:11,3,3191,have_evident_not_accurate_hotel_installation_picture,available_facility_not_clear_on_booking,"Complete the sentence by filling in the blank with exactly one word: Yes or No.

Template: ""Phrase A assumes no counter-evidence against its claim. Phrase B is a separate fact.
B breaks A's assumption? Fill in the blank: ____""

Example 1:
Phrase A assumes no counter-evidence against its claim: no_evident_not_easy_check-in.
Phrase B is a separate fact: customer_wait_10_minute_for_greet.
B breaks A's assumption? Fill in the blank: Yes

Example 2:
Phrase A assumes no counter-evidence against its claim: no_evident_not_easy_check-in.
Phrase B is a separate fact: no_one_give_key_on_late_check-in.
B breaks A's assumption? Fill in the blank: No

Example 3:
Phrase A assumes no counter-evidence against its claim: no_evident_not_helpful_staff.
Phrase B is a separate fact: staff_not_speak_English_properly.
B breaks A's assumption? Fill in the blank: Yes

Example 4:
Phrase A assumes no counter-evidence against its claim: no_evident_not_helpful_staff.
Phrase B is a separate fact: not_kind_staff.
B breaks A's assumption? Fill in the blank: No

Now complete the blank for this pair. Output ONLY the missing word (Yes or No), nothing else.

Phrase A assumes no counter-evidence against its claim: have_evident_not_accurate_hotel_installation_picture.
Phrase B is a separate fact: available_facility_not_clear_on_booking.
B breaks A's assumption? Fill in the blank:
",No
2026-08-16 22:52:11,3,161,have_evident_not_easy_to_access entry_at_odd_hour,low_doorway_leading_to_elevator,"Complete the sentence by filling in the blank with exactly one word: Yes or No.

Template: ""Phrase A assumes no counter-evidence against its claim. Phrase B is a separate fact.
B breaks A's assumption? Fill in the blank: ____""

Example 1:
Phrase A assumes no counter-evidence against its claim: no_evident_not_easy_check-in.
Phrase B is a separate fact: customer_wait_10_minute_for_greet.
B breaks A's assumption? Fill in the blank: Yes

Example 2:
Phrase A assumes no counter-evidence against its claim: no_evident_not_easy_check-in.
Phrase B is a separate fact: no_one_give_key_on_late_check-in.
B breaks A's assumption? Fill in the blank: No

Example 3:
Phrase A assumes no counter-evidence against its claim: no_evident_not_helpful_staff.
Phrase B is a separate fact: staff_not_speak_English_properly.
B breaks A's assumption? Fill in the blank: Yes

Example 4:
Phrase A assumes no counter-evidence against its claim: no_evident_not_helpful_staff.
Phrase B is a separate fact: not_kind_staff.
B breaks A's assumption? Fill in the blank: No

Now complete the blank for this pair. Output ONLY the missing word (Yes or No), nothing else.

Phrase A assumes no counter-evidence against its claim: have_evident_not_easy_to_access entry_at_odd_hour.
Phrase B is a separate fact: low_doorway_leading_to_elevator.
B breaks A's assumption? Fill in the blank:
",No
2026-08-16 22:52:11,3,3117,have_evident_broke_lift,no_designated_parking,"Complete the sentence by filling in the blank with exactly one word: Yes or No.

Template: ""Phrase A assumes no counter-evidence against its claim. Phrase B is a separate fact.
B breaks A's assumption? Fill in the blank: ____""

Example 1:
Phrase A assumes no counter-evidence against its claim: no_evident_not_easy_check-in.
Phrase B is a separate fact: customer_wait_10_minute_for_greet.
B breaks A's assumption? Fill in the blank: Yes

Example 2:
Phrase A assumes no counter-evidence against its claim: no_evident_not_easy_check-in.
Phrase B is a separate fact: no_one_give_key_on_late_check-in.
B breaks A's assumption? Fill in the blank: No

Example 3:
Phrase A assumes no counter-evidence against its claim: no_evident_not_helpful_staff.
Phrase B is a separate fact: staff_not_speak_English_properly.
B breaks A's assumption? Fill in the blank: Yes

Example 4:
Phrase A assumes no counter-evidence against its claim: no_evident_not_helpful_staff.
Phrase B is a separate fact: not_kind_staff.
B breaks A's assumption? Fill in the blank: No

Now complete the blank for this pair. Output ONLY the missing word (Yes or No), nothing else.

Phrase A assumes no counter-evidence against its claim: have_evident_broke_lift.
Phrase B is a separate fact: no_designated_parking.
B breaks A's assumption? Fill in the blank:
",No
2026-08-16 22:52:11,3,3908,have_evident_better_remove_pool_photo,pool_could_be_bigger,"Complete the sentence by filling in the blank with exactly one word: Yes or No.

Template: ""Phrase A assumes no counter-evidence against its claim. Phrase B is a separate fact.
B breaks A's assumption? Fill in the blank: ____""

Example 1:
Phrase A assumes no counter-evidence against its claim: no_evident_not_easy_check-in.
Phrase B is a separate fact: customer_wait_10_minute_for_greet.
B breaks A's assumption? Fill in the blank: Yes

Example 2:
Phrase A assumes no counter-evidence against its claim: no_evident_not_easy_check-in.
Phrase B is a separate fact: no_one_give_key_on_late_check-in.
B breaks A's assumption? Fill in the blank: No

Example 3:
Phrase A assumes no counter-evidence against its claim: no_evident_not_helpful_staff.
Phrase B is a separate fact: staff_not_speak_English_properly.
B breaks A's assumption? Fill in the blank: Yes

Example 4:
Phrase A assumes no counter-evidence against its claim: no_evident_not_helpful_staff.
Phrase B is a separate fact: not_kind_staff.
B breaks A's assumption? Fill in the blank: No

Now complete the blank for this pair. Output ONLY the missing word (Yes or No), nothing else.

Phrase A assumes no counter-evidence against its claim: have_evident_better_remove_pool_photo.
Phrase B is a separate fact: pool_could_be_bigger.
B breaks A's assumption? Fill in the blank:
",No
2026-08-16 22:52:11,3,49,have_evident_not_big_hotel,not_accurate_pool_picture,"Complete the sentence by filling in the blank with exactly one word: Yes or No.

Template: ""Phrase A assumes no counter-evidence against its claim. Phrase B is a separate fact.
B breaks A's assumption? Fill in the blank: ____""

Example 1:
Phrase A assumes no counter-evidence against its claim: no_evident_not_easy_check-in.
Phrase B is a separate fact: customer_wait_10_minute_for_greet.
B breaks A's assumption? Fill in the blank: Yes

Example 2:
Phrase A assumes no counter-evidence against its claim: no_evident_not_easy_check-in.
Phrase B is a separate fact: no_one_give_key_on_late_check-in.
B breaks A's assumption? Fill in the blank: No

Example 3:
Phrase A assumes no counter-evidence against its claim: no_evident_not_helpful_staff.
Phrase B is a separate fact: staff_not_speak_English_properly.
B breaks A's assumption? Fill in the blank: Yes

Example 4:
Phrase A assumes no counter-evidence against its claim: no_evident_not_helpful_staff.
Phrase B is a separate fact: not_kind_staff.
B breaks A's assumption? Fill in the blank: No

Now complete the blank for this pair. Output ONLY the missing word (Yes or No), nothing else.

Phrase A assumes no counter-evidence against its claim: have_evident_not_big_hotel.
Phrase B is a separate fact: not_accurate_pool_picture.
B breaks A's assumption? Fill in the blank:
",No
2026-08-16 22:52:12,3,2882,have_evident_no_warm_inviting_atmosphere,not_big_hotel,"Complete the sentence by filling in the blank with exactly one word: Yes or No.

Template: ""Phrase A assumes no counter-evidence against its claim. Phrase B is a separate fact.
B breaks A's assumption? Fill in the blank: ____""

Example 1:
Phrase A assumes no counter-evidence against its claim: no_evident_not_easy_check-in.
Phrase B is a separate fact: customer_wait_10_minute_for_greet.
B breaks A's assumption? Fill in the blank: Yes

Example 2:
Phrase A assumes no counter-evidence against its claim: no_evident_not_easy_check-in.
Phrase B is a separate fact: no_one_give_key_on_late_check-in.
B breaks A's assumption? Fill in the blank: No

Example 3:
Phrase A assumes no counter-evidence against its claim: no_evident_not_helpful_staff.
Phrase B is a separate fact: staff_not_speak_English_properly.
B breaks A's assumption? Fill in the blank: Yes

Example 4:
Phrase A assumes no counter-evidence against its claim: no_evident_not_helpful_staff.
Phrase B is a separate fact: not_kind_staff.
B breaks A's assumption? Fill in the blank: No

Now complete the blank for this pair. Output ONLY the missing word (Yes or No), nothing else.

Phrase A assumes no counter-evidence against its claim: have_evident_no_warm_inviting_atmosphere.
Phrase B is a separate fact: not_big_hotel.
B breaks A's assumption? Fill in the blank:
",No
2026-08-16 22:52:12,3,2447,have_evident_issue_with_internet,no_designated_parking,"Complete the sentence by filling in the blank with exactly one word: Yes or No.

Template: ""Phrase A assumes no counter-evidence against its claim. Phrase B is a separate fact.
B breaks A's assumption? Fill in the blank: ____""

Example 1:
Phrase A assumes no counter-evidence against its claim: no_evident_not_easy_check-in.
Phrase B is a separate fact: customer_wait_10_minute_for_greet.
B breaks A's assumption? Fill in the blank: Yes

Example 2:
Phrase A assumes no counter-evidence against its claim: no_evident_not_easy_check-in.
Phrase B is a separate fact: no_one_give_key_on_late_check-in.
B breaks A's assumption? Fill in the blank: No

Example 3:
Phrase A assumes no counter-evidence against its claim: no_evident_not_helpful_staff.
Phrase B is a separate fact: staff_not_speak_English_properly.
B breaks A's assumption? Fill in the blank: Yes

Example 4:
Phrase A assumes no counter-evidence against its claim: no_evident_not_helpful_staff.
Phrase B is a separate fact: not_kind_staff.
B breaks A's assumption? Fill in the blank: No

Now complete the blank for this pair. Output ONLY the missing word (Yes or No), nothing else.

Phrase A assumes no counter-evidence against its claim: have_evident_issue_with_internet.
Phrase B is a separate fact: no_designated_parking.
B breaks A's assumption? Fill in the blank:
",No
2026-08-16 22:52:12,3,3195,have_evident_not_accurate_hotel_installation_picture,badly_maintain_hotel_installation,"Complete the sentence by filling in the blank with exactly one word: Yes or No.

Template: ""Phrase A assumes no counter-evidence against its claim. Phrase B is a separate fact.
B breaks A's assumption? Fill in the blank: ____""

Example 1:
Phrase A assumes no counter-evidence against its claim: no_evident_not_easy_check-in.
Phrase B is a separate fact: customer_wait_10_minute_for_greet.
B breaks A's assumption? Fill in the blank: Yes

Example 2:
Phrase A assumes no counter-evidence against its claim: no_evident_not_easy_check-in.
Phrase B is a separate fact: no_one_give_key_on_late_check-in.
B breaks A's assumption? Fill in the blank: No

Example 3:
Phrase A assumes no counter-evidence against its claim: no_evident_not_helpful_staff.
Phrase B is a separate fact: staff_not_speak_English_properly.
B breaks A's assumption? Fill in the blank: Yes

Example 4:
Phrase A assumes no counter-evidence against its claim: no_evident_not_helpful_staff.
Phrase B is a separate fact: not_kind_staff.
B breaks A's assumption? Fill in the blank: No

Now complete the blank for this pair. Output ONLY the missing word (Yes or No), nothing else.

Phrase A assumes no counter-evidence against its claim: have_evident_not_accurate_hotel_installation_picture.
Phrase B is a separate fact: badly_maintain_hotel_installation.
B breaks A's assumption? Fill in the blank:
",No.
2026-08-16 22:52:12,3,3433,have_evident_has_parking_if_lucky,no_beach_towel_provide,"Complete the sentence by filling in the blank with exactly one word: Yes or No.

Template: ""Phrase A assumes no counter-evidence against its claim. Phrase B is a separate fact.
B breaks A's assumption? Fill in the blank: ____""

Example 1:
Phrase A assumes no counter-evidence against its claim: no_evident_not_easy_check-in.
Phrase B is a separate fact: customer_wait_10_minute_for_greet.
B breaks A's assumption? Fill in the blank: Yes

Example 2:
Phrase A assumes no counter-evidence against its claim: no_evident_not_easy_check-in.
Phrase B is a separate fact: no_one_give_key_on_late_check-in.
B breaks A's assumption? Fill in the blank: No

Example 3:
Phrase A assumes no counter-evidence against its claim: no_evident_not_helpful_staff.
Phrase B is a separate fact: staff_not_speak_English_properly.
B breaks A's assumption? Fill in the blank: Yes

Example 4:
Phrase A assumes no counter-evidence against its claim: no_evident_not_helpful_staff.
Phrase B is a separate fact: not_kind_staff.
B breaks A's assumption? Fill in the blank: No

Now complete the blank for this pair. Output ONLY the missing word (Yes or No), nothing else.

Phrase A assumes no counter-evidence against its claim: have_evident_has_parking_if_lucky.
Phrase B is a separate fact: no_beach_towel_provide.
B breaks A's assumption? Fill in the blank:
",No
2026-08-16 22:52:12,3,4410,have_evident_not_encourage_to_use_deckchair,elevator_need_renovation,"Complete the sentence by filling in the blank with exactly one word: Yes or No.

Template: ""Phrase A assumes no counter-evidence against its claim. Phrase B is a separate fact.
B breaks A's assumption? Fill in the blank: ____""

Example 1:
Phrase A assumes no counter-evidence against its claim: no_evident_not_easy_check-in.
Phrase B is a separate fact: customer_wait_10_minute_for_greet.
B breaks A's assumption? Fill in the blank: Yes

Example 2:
Phrase A assumes no counter-evidence against its claim: no_evident_not_easy_check-in.
Phrase B is a separate fact: no_one_give_key_on_late_check-in.
B breaks A's assumption? Fill in the blank: No

Example 3:
Phrase A assumes no counter-evidence against its claim: no_evident_not_helpful_staff.
Phrase B is a separate fact: staff_not_speak_English_properly.
B breaks A's assumption? Fill in the blank: Yes

Example 4:
Phrase A assumes no counter-evidence against its claim: no_evident_not_helpful_staff.
Phrase B is a separate fact: not_kind_staff.
B breaks A's assumption? Fill in the blank: No

Now complete the blank for this pair. Output ONLY the missing word (Yes or No), nothing else.

Phrase A assumes no counter-evidence against its claim: have_evident_not_encourage_to_use_deckchair.
Phrase B is a separate fact: elevator_need_renovation.
B breaks A's assumption? Fill in the blank:
",No
2026-08-16 22:52:12,3,4474,have_evident_not_encourage_to_use_billiard,has_parking_if_lucky,"Complete the sentence by filling in the blank with exactly one word: Yes or No.

Template: ""Phrase A assumes no counter-evidence against its claim. Phrase B is a separate fact.
B breaks A's assumption? Fill in the blank: ____""

Example 1:
Phrase A assumes no counter-evidence against its claim: no_evident_not_easy_check-in.
Phrase B is a separate fact: customer_wait_10_minute_for_greet.
B breaks A's assumption? Fill in the blank: Yes

Example 2:
Phrase A assumes no counter-evidence against its claim: no_evident_not_easy_check-in.
Phrase B is a separate fact: no_one_give_key_on_late_check-in.
B breaks A's assumption? Fill in the blank: No

Example 3:
Phrase A assumes no counter-evidence against its claim: no_evident_not_helpful_staff.
Phrase B is a separate fact: staff_not_speak_English_properly.
B breaks A's assumption? Fill in the blank: Yes

Example 4:
Phrase A assumes no counter-evidence against its claim: no_evident_not_helpful_staff.
Phrase B is a separate fact: not_kind_staff.
B breaks A's assumption? Fill in the blank: No

Now complete the blank for this pair. Output ONLY the missing word (Yes or No), nothing else.

Phrase A assumes no counter-evidence against its claim: have_evident_not_encourage_to_use_billiard.
Phrase B is a separate fact: has_parking_if_lucky.
B breaks A's assumption? Fill in the blank:
",No
2026-08-16 22:52:12,3,1807,have_evident_low_doorway_leading_to_elevator,not_encourage_to_use_swimming_pool,"Complete the sentence by filling in the blank with exactly one word: Yes or No.

Template: ""Phrase A assumes no counter-evidence against its claim. Phrase B is a separate fact.
B breaks A's assumption? Fill in the blank: ____""

Example 1:
Phrase A assumes no counter-evidence against its claim: no_evident_not_easy_check-in.
Phrase B is a separate fact: customer_wait_10_minute_for_greet.
B breaks A's assumption? Fill in the blank: Yes

Example 2:
Phrase A assumes no counter-evidence against its claim: no_evident_not_easy_check-in.
Phrase B is a separate fact: no_one_give_key_on_late_check-in.
B breaks A's assumption? Fill in the blank: No

Example 3:
Phrase A assumes no counter-evidence against its claim: no_evident_not_helpful_staff.
Phrase B is a separate fact: staff_not_speak_English_properly.
B breaks A's assumption? Fill in the blank: Yes

Example 4:
Phrase A assumes no counter-evidence against its claim: no_evident_not_helpful_staff.
Phrase B is a separate fact: not_kind_staff.
B breaks A's assumption? Fill in the blank: No

Now complete the blank for this pair. Output ONLY the missing word (Yes or No), nothing else.

Phrase A assumes no counter-evidence against its claim: have_evident_low_doorway_leading_to_elevator.
Phrase B is a separate fact: not_encourage_to_use_swimming_pool.
B breaks A's assumption? Fill in the blank:
",No
2026-08-16 22:52:13,3,4000,have_evident_small_swimming_pool,broke_lift,"Complete the sentence by filling in the blank with exactly one word: Yes or No.

Template: ""Phrase A assumes no counter-evidence against its claim. Phrase B is a separate fact.
B breaks A's assumption? Fill in the blank: ____""

Example 1:
Phrase A assumes no counter-evidence against its claim: no_evident_not_easy_check-in.
Phrase B is a separate fact: customer_wait_10_minute_for_greet.
B breaks A's assumption? Fill in the blank: Yes

Example 2:
Phrase A assumes no counter-evidence against its claim: no_evident_not_easy_check-in.
Phrase B is a separate fact: no_one_give_key_on_late_check-in.
B breaks A's assumption? Fill in the blank: No

Example 3:
Phrase A assumes no counter-evidence against its claim: no_evident_not_helpful_staff.
Phrase B is a separate fact: staff_not_speak_English_properly.
B breaks A's assumption? Fill in the blank: Yes

Example 4:
Phrase A assumes no counter-evidence against its claim: no_evident_not_helpful_staff.
Phrase B is a separate fact: not_kind_staff.
B breaks A's assumption? Fill in the blank: No

Now complete the blank for this pair. Output ONLY the missing word (Yes or No), nothing else.

Phrase A assumes no counter-evidence against its claim: have_evident_small_swimming_pool.
Phrase B is a separate fact: broke_lift.
B breaks A's assumption? Fill in the blank:
",No
2026-08-16 22:52:13,3,1798,have_evident_low_doorway_leading_to_elevator,need_improvement_reception,"Complete the sentence by filling in the blank with exactly one word: Yes or No.

Template: ""Phrase A assumes no counter-evidence against its claim. Phrase B is a separate fact.
B breaks A's assumption? Fill in the blank: ____""

Example 1:
Phrase A assumes no counter-evidence against its claim: no_evident_not_easy_check-in.
Phrase B is a separate fact: customer_wait_10_minute_for_greet.
B breaks A's assumption? Fill in the blank: Yes

Example 2:
Phrase A assumes no counter-evidence against its claim: no_evident_not_easy_check-in.
Phrase B is a separate fact: no_one_give_key_on_late_check-in.
B breaks A's assumption? Fill in the blank: No

Example 3:
Phrase A assumes no counter-evidence against its claim: no_evident_not_helpful_staff.
Phrase B is a separate fact: staff_not_speak_English_properly.
B breaks A's assumption? Fill in the blank: Yes

Example 4:
Phrase A assumes no counter-evidence against its claim: no_evident_not_helpful_staff.
Phrase B is a separate fact: not_kind_staff.
B breaks A's assumption? Fill in the blank: No

Now complete the blank for this pair. Output ONLY the missing word (Yes or No), nothing else.

Phrase A assumes no counter-evidence against its claim: have_evident_low_doorway_leading_to_elevator.
Phrase B is a separate fact: need_improvement_reception.
B breaks A's assumption? Fill in the blank:
",No
2026-08-16 22:52:13,3,2236,have_evident_street_parking,need_renovation_in_elevator,"Complete the sentence by filling in the blank with exactly one word: Yes or No.

Template: ""Phrase A assumes no counter-evidence against its claim. Phrase B is a separate fact.
B breaks A's assumption? Fill in the blank: ____""

Example 1:
Phrase A assumes no counter-evidence against its claim: no_evident_not_easy_check-in.
Phrase B is a separate fact: customer_wait_10_minute_for_greet.
B breaks A's assumption? Fill in the blank: Yes

Example 2:
Phrase A assumes no counter-evidence against its claim: no_evident_not_easy_check-in.
Phrase B is a separate fact: no_one_give_key_on_late_check-in.
B breaks A's assumption? Fill in the blank: No

Example 3:
Phrase A assumes no counter-evidence against its claim: no_evident_not_helpful_staff.
Phrase B is a separate fact: staff_not_speak_English_properly.
B breaks A's assumption? Fill in the blank: Yes

Example 4:
Phrase A assumes no counter-evidence against its claim: no_evident_not_helpful_staff.
Phrase B is a separate fact: not_kind_staff.
B breaks A's assumption? Fill in the blank: No

Now complete the blank for this pair. Output ONLY the missing word (Yes or No), nothing else.

Phrase A assumes no counter-evidence against its claim: have_evident_street_parking.
Phrase B is a separate fact: need_renovation_in_elevator.
B breaks A's assumption? Fill in the blank:
",No
2026-08-16 22:52:13,3,3571,have_evident_elevator_need_cleaning,not_much_parking,"Complete the sentence by filling in the blank with exactly one word: Yes or No.

Template: ""Phrase A assumes no counter-evidence against its claim. Phrase B is a separate fact.
B breaks A's assumption? Fill in the blank: ____""

Example 1:
Phrase A assumes no counter-evidence against its claim: no_evident_not_easy_check-in.
Phrase B is a separate fact: customer_wait_10_minute_for_greet.
B breaks A's assumption? Fill in the blank: Yes

Example 2:
Phrase A assumes no counter-evidence against its claim: no_evident_not_easy_check-in.
Phrase B is a separate fact: no_one_give_key_on_late_check-in.
B breaks A's assumption? Fill in the blank: No

Example 3:
Phrase A assumes no counter-evidence against its claim: no_evident_not_helpful_staff.
Phrase B is a separate fact: staff_not_speak_English_properly.
B breaks A's assumption? Fill in the blank: Yes

Example 4:
Phrase A assumes no counter-evidence against its claim: no_evident_not_helpful_staff.
Phrase B is a separate fact: not_kind_staff.
B breaks A's assumption? Fill in the blank: No

Now complete the blank for this pair. Output ONLY the missing word (Yes or No), nothing else.

Phrase A assumes no counter-evidence against its claim: have_evident_elevator_need_cleaning.
Phrase B is a separate fact: not_much_parking.
B breaks A's assumption? Fill in the blank:
",No
2026-08-16 22:52:13,3,3979,have_evident_small_swimming_pool,common_area_light_not_worked_well,"Complete the sentence by filling in the blank with exactly one word: Yes or No.

Template: ""Phrase A assumes no counter-evidence against its claim. Phrase B is a separate fact.
B breaks A's assumption? Fill in the blank: ____""

Example 1:
Phrase A assumes no counter-evidence against its claim: no_evident_not_easy_check-in.
Phrase B is a separate fact: customer_wait_10_minute_for_greet.
B breaks A's assumption? Fill in the blank: Yes

Example 2:
Phrase A assumes no counter-evidence against its claim: no_evident_not_easy_check-in.
Phrase B is a separate fact: no_one_give_key_on_late_check-in.
B breaks A's assumption? Fill in the blank: No

Example 3:
Phrase A assumes no counter-evidence against its claim: no_evident_not_helpful_staff.
Phrase B is a separate fact: staff_not_speak_English_properly.
B breaks A's assumption? Fill in the blank: Yes

Example 4:
Phrase A assumes no counter-evidence against its claim: no_evident_not_helpful_staff.
Phrase B is a separate fact: not_kind_staff.
B breaks A's assumption? Fill in the blank: No

Now complete the blank for this pair. Output ONLY the missing word (Yes or No), nothing else.

Phrase A assumes no counter-evidence against its claim: have_evident_small_swimming_pool.
Phrase B is a separate fact: common_area_light_not_worked_well.
B breaks A's assumption? Fill in the blank:
",No
2026-08-16 22:52:14,3,238,have_evident_no_pool,issue_with_internet,"Complete the sentence by filling in the blank with exactly one word: Yes or No.

Template: ""Phrase A assumes no counter-evidence against its claim. Phrase B is a separate fact.
B breaks A's assumption? Fill in the blank: ____""

Example 1:
Phrase A assumes no counter-evidence against its claim: no_evident_not_easy_check-in.
Phrase B is a separate fact: customer_wait_10_minute_for_greet.
B breaks A's assumption? Fill in the blank: Yes

Example 2:
Phrase A assumes no counter-evidence against its claim: no_evident_not_easy_check-in.
Phrase B is a separate fact: no_one_give_key_on_late_check-in.
B breaks A's assumption? Fill in the blank: No

Example 3:
Phrase A assumes no counter-evidence against its claim: no_evident_not_helpful_staff.
Phrase B is a separate fact: staff_not_speak_English_properly.
B breaks A's assumption? Fill in the blank: Yes

Example 4:
Phrase A assumes no counter-evidence against its claim: no_evident_not_helpful_staff.
Phrase B is a separate fact: not_kind_staff.
B breaks A's assumption? Fill in the blank: No

Now complete the blank for this pair. Output ONLY the missing word (Yes or No), nothing else.

Phrase A assumes no counter-evidence against its claim: have_evident_no_pool.
Phrase B is a separate fact: issue_with_internet.
B breaks A's assumption? Fill in the blank:
",No
2026-08-16 22:52:14,3,3186,have_evident_not_accurate_hotel_installation_picture,issue_with_internet,"Complete the sentence by filling in the blank with exactly one word: Yes or No.

Template: ""Phrase A assumes no counter-evidence against its claim. Phrase B is a separate fact.
B breaks A's assumption? Fill in the blank: ____""

Example 1:
Phrase A assumes no counter-evidence against its claim: no_evident_not_easy_check-in.
Phrase B is a separate fact: customer_wait_10_minute_for_greet.
B breaks A's assumption? Fill in the blank: Yes

Example 2:
Phrase A assumes no counter-evidence against its claim: no_evident_not_easy_check-in.
Phrase B is a separate fact: no_one_give_key_on_late_check-in.
B breaks A's assumption? Fill in the blank: No

Example 3:
Phrase A assumes no counter-evidence against its claim: no_evident_not_helpful_staff.
Phrase B is a separate fact: staff_not_speak_English_properly.
B breaks A's assumption? Fill in the blank: Yes

Example 4:
Phrase A assumes no counter-evidence against its claim: no_evident_not_helpful_staff.
Phrase B is a separate fact: not_kind_staff.
B breaks A's assumption? Fill in the blank: No

Now complete the blank for this pair. Output ONLY the missing word (Yes or No), nothing else.

Phrase A assumes no counter-evidence against its claim: have_evident_not_accurate_hotel_installation_picture.
Phrase B is a separate fact: issue_with_internet.
B breaks A's assumption? Fill in the blank:
",No
2026-08-16 22:52:14,3,2754,have_evident_available_facility_not_clear_on_booking,disgusting_outside,"Complete the sentence by filling in the blank with exactly one word: Yes or No.

Template: ""Phrase A assumes no counter-evidence against its claim. Phrase B is a separate fact.
B breaks A's assumption? Fill in the blank: ____""

Example 1:
Phrase A assumes no counter-evidence against its claim: no_evident_not_easy_check-in.
Phrase B is a separate fact: customer_wait_10_minute_for_greet.
B breaks A's assumption? Fill in the blank: Yes

Example 2:
Phrase A assumes no counter-evidence against its claim: no_evident_not_easy_check-in.
Phrase B is a separate fact: no_one_give_key_on_late_check-in.
B breaks A's assumption? Fill in the blank: No

Example 3:
Phrase A assumes no counter-evidence against its claim: no_evident_not_helpful_staff.
Phrase B is a separate fact: staff_not_speak_English_properly.
B breaks A's assumption? Fill in the blank: Yes

Example 4:
Phrase A assumes no counter-evidence against its claim: no_evident_not_helpful_staff.
Phrase B is a separate fact: not_kind_staff.
B breaks A's assumption? Fill in the blank: No

Now complete the blank for this pair. Output ONLY the missing word (Yes or No), nothing else.

Phrase A assumes no counter-evidence against its claim: have_evident_available_facility_not_clear_on_booking.
Phrase B is a separate fact: disgusting_outside.
B breaks A's assumption? Fill in the blank:
",No
2026-08-16 22:52:14,3,3313,have_evident_limited_facility,steep_ramp,"Complete the sentence by filling in the blank with exactly one word: Yes or No.

Template: ""Phrase A assumes no counter-evidence against its claim. Phrase B is a separate fact.
B breaks A's assumption? Fill in the blank: ____""

Example 1:
Phrase A assumes no counter-evidence against its claim: no_evident_not_easy_check-in.
Phrase B is a separate fact: customer_wait_10_minute_for_greet.
B breaks A's assumption? Fill in the blank: Yes

Example 2:
Phrase A assumes no counter-evidence against its claim: no_evident_not_easy_check-in.
Phrase B is a separate fact: no_one_give_key_on_late_check-in.
B breaks A's assumption? Fill in the blank: No

Example 3:
Phrase A assumes no counter-evidence against its claim: no_evident_not_helpful_staff.
Phrase B is a separate fact: staff_not_speak_English_properly.
B breaks A's assumption? Fill in the blank: Yes

Example 4:
Phrase A assumes no counter-evidence against its claim: no_evident_not_helpful_staff.
Phrase B is a separate fact: not_kind_staff.
B breaks A's assumption? Fill in the blank: No

Now complete the blank for this pair. Output ONLY the missing word (Yes or No), nothing else.

Phrase A assumes no counter-evidence against its claim: have_evident_limited_facility.
Phrase B is a separate fact: steep_ramp.
B breaks A's assumption? Fill in the blank:
",No
2026-08-16 22:52:14,3,1353,have_evident_outside_view_not_excellent,not_convenient_parking,"Complete the sentence by filling in the blank with exactly one word: Yes or No.

Template: ""Phrase A assumes no counter-evidence against its claim. Phrase B is a separate fact.
B breaks A's assumption? Fill in the blank: ____""

Example 1:
Phrase A assumes no counter-evidence against its claim: no_evident_not_easy_check-in.
Phrase B is a separate fact: customer_wait_10_minute_for_greet.
B breaks A's assumption? Fill in the blank: Yes

Example 2:
Phrase A assumes no counter-evidence against its claim: no_evident_not_easy_check-in.
Phrase B is a separate fact: no_one_give_key_on_late_check-in.
B breaks A's assumption? Fill in the blank: No

Example 3:
Phrase A assumes no counter-evidence against its claim: no_evident_not_helpful_staff.
Phrase B is a separate fact: staff_not_speak_English_properly.
B breaks A's assumption? Fill in the blank: Yes

Example 4:
Phrase A assumes no counter-evidence against its claim: no_evident_not_helpful_staff.
Phrase B is a separate fact: not_kind_staff.
B breaks A's assumption? Fill in the blank: No

Now complete the blank for this pair. Output ONLY the missing word (Yes or No), nothing else.

Phrase A assumes no counter-evidence against its claim: have_evident_outside_view_not_excellent.
Phrase B is a separate fact: not_convenient_parking.
B breaks A's assumption? Fill in the blank:
",No.
2026-08-16 22:52:14,3,3829,have_evident_pool_close,no_24_hour_kiosk_close_to_hotel,"Complete the sentence by filling in the blank with exactly one word: Yes or No.

Template: ""Phrase A assumes no counter-evidence against its claim. Phrase B is a separate fact.
B breaks A's assumption? Fill in the blank: ____""

Example 1:
Phrase A assumes no counter-evidence against its claim: no_evident_not_easy_check-in.
Phrase B is a separate fact: customer_wait_10_minute_for_greet.
B breaks A's assumption? Fill in the blank: Yes

Example 2:
Phrase A assumes no counter-evidence against its claim: no_evident_not_easy_check-in.
Phrase B is a separate fact: no_one_give_key_on_late_check-in.
B breaks A's assumption? Fill in the blank: No

Example 3:
Phrase A assumes no counter-evidence against its claim: no_evident_not_helpful_staff.
Phrase B is a separate fact: staff_not_speak_English_properly.
B breaks A's assumption? Fill in the blank: Yes

Example 4:
Phrase A assumes no counter-evidence against its claim: no_evident_not_helpful_staff.
Phrase B is a separate fact: not_kind_staff.
B breaks A's assumption? Fill in the blank: No

Now complete the blank for this pair. Output ONLY the missing word (Yes or No), nothing else.

Phrase A assumes no counter-evidence against its claim: have_evident_pool_close.
Phrase B is a separate fact: no_24_hour_kiosk_close_to_hotel.
B breaks A's assumption? Fill in the blank:
",No
2026-08-16 22:52:14,3,1046,have_evident_no_beach_towel_provide,no_pool_on_off_season,"Complete the sentence by filling in the blank with exactly one word: Yes or No.

Template: ""Phrase A assumes no counter-evidence against its claim. Phrase B is a separate fact.
B breaks A's assumption? Fill in the blank: ____""

Example 1:
Phrase A assumes no counter-evidence against its claim: no_evident_not_easy_check-in.
Phrase B is a separate fact: customer_wait_10_minute_for_greet.
B breaks A's assumption? Fill in the blank: Yes

Example 2:
Phrase A assumes no counter-evidence against its claim: no_evident_not_easy_check-in.
Phrase B is a separate fact: no_one_give_key_on_late_check-in.
B breaks A's assumption? Fill in the blank: No

Example 3:
Phrase A assumes no counter-evidence against its claim: no_evident_not_helpful_staff.
Phrase B is a separate fact: staff_not_speak_English_properly.
B breaks A's assumption? Fill in the blank: Yes

Example 4:
Phrase A assumes no counter-evidence against its claim: no_evident_not_helpful_staff.
Phrase B is a separate fact: not_kind_staff.
B breaks A's assumption? Fill in the blank: No

Now complete the blank for this pair. Output ONLY the missing word (Yes or No), nothing else.

Phrase A assumes no counter-evidence against its claim: have_evident_no_beach_towel_provide.
Phrase B is a separate fact: no_pool_on_off_season.
B breaks A's assumption? Fill in the blank:
",No
2026-08-16 22:52:14,3,4376,have_evident_not_encourage_to_use_deckchair,outside_view_not_excellent,"Complete the sentence by filling in the blank with exactly one word: Yes or No.

Template: ""Phrase A assumes no counter-evidence against its claim. Phrase B is a separate fact.
B breaks A's assumption? Fill in the blank: ____""

Example 1:
Phrase A assumes no counter-evidence against its claim: no_evident_not_easy_check-in.
Phrase B is a separate fact: customer_wait_10_minute_for_greet.
B breaks A's assumption? Fill in the blank: Yes

Example 2:
Phrase A assumes no counter-evidence against its claim: no_evident_not_easy_check-in.
Phrase B is a separate fact: no_one_give_key_on_late_check-in.
B breaks A's assumption? Fill in the blank: No

Example 3:
Phrase A assumes no counter-evidence against its claim: no_evident_not_helpful_staff.
Phrase B is a separate fact: staff_not_speak_English_properly.
B breaks A's assumption? Fill in the blank: Yes

Example 4:
Phrase A assumes no counter-evidence against its claim: no_evident_not_helpful_staff.
Phrase B is a separate fact: not_kind_staff.
B breaks A's assumption? Fill in the blank: No

Now complete the blank for this pair. Output ONLY the missing word (Yes or No), nothing else.

Phrase A assumes no counter-evidence against its claim: have_evident_not_encourage_to_use_deckchair.
Phrase B is a separate fact: outside_view_not_excellent.
B breaks A's assumption? Fill in the blank:
",No
2026-08-16 22:52:15,3,221,have_evident_no_pool,not_much_parking,"Complete the sentence by filling in the blank with exactly one word: Yes or No.

Template: ""Phrase A assumes no counter-evidence against its claim. Phrase B is a separate fact.
B breaks A's assumption? Fill in the blank: ____""

Example 1:
Phrase A assumes no counter-evidence against its claim: no_evident_not_easy_check-in.
Phrase B is a separate fact: customer_wait_10_minute_for_greet.
B breaks A's assumption? Fill in the blank: Yes

Example 2:
Phrase A assumes no counter-evidence against its claim: no_evident_not_easy_check-in.
Phrase B is a separate fact: no_one_give_key_on_late_check-in.
B breaks A's assumption? Fill in the blank: No

Example 3:
Phrase A assumes no counter-evidence against its claim: no_evident_not_helpful_staff.
Phrase B is a separate fact: staff_not_speak_English_properly.
B breaks A's assumption? Fill in the blank: Yes

Example 4:
Phrase A assumes no counter-evidence against its claim: no_evident_not_helpful_staff.
Phrase B is a separate fact: not_kind_staff.
B breaks A's assumption? Fill in the blank: No

Now complete the blank for this pair. Output ONLY the missing word (Yes or No), nothing else.

Phrase A assumes no counter-evidence against its claim: have_evident_no_pool.
Phrase B is a separate fact: not_much_parking.
B breaks A's assumption? Fill in the blank:
",No
2026-08-16 22:52:15,3,3228,have_evident_not_accurate_pool_picture,difficult_to_find_parking,"Complete the sentence by filling in the blank with exactly one word: Yes or No.

Template: ""Phrase A assumes no counter-evidence against its claim. Phrase B is a separate fact.
B breaks A's assumption? Fill in the blank: ____""

Example 1:
Phrase A assumes no counter-evidence against its claim: no_evident_not_easy_check-in.
Phrase B is a separate fact: customer_wait_10_minute_for_greet.
B breaks A's assumption? Fill in the blank: Yes

Example 2:
Phrase A assumes no counter-evidence against its claim: no_evident_not_easy_check-in.
Phrase B is a separate fact: no_one_give_key_on_late_check-in.
B breaks A's assumption? Fill in the blank: No

Example 3:
Phrase A assumes no counter-evidence against its claim: no_evident_not_helpful_staff.
Phrase B is a separate fact: staff_not_speak_English_properly.
B breaks A's assumption? Fill in the blank: Yes

Example 4:
Phrase A assumes no counter-evidence against its claim: no_evident_not_helpful_staff.
Phrase B is a separate fact: not_kind_staff.
B breaks A's assumption? Fill in the blank: No

Now complete the blank for this pair. Output ONLY the missing word (Yes or No), nothing else.

Phrase A assumes no counter-evidence against its claim: have_evident_not_accurate_pool_picture.
Phrase B is a separate fact: difficult_to_find_parking.
B breaks A's assumption? Fill in the blank:
",No
2026-08-16 22:52:15,3,223,have_evident_no_pool,pool_could_be_bigger,"Complete the sentence by filling in the blank with exactly one word: Yes or No.

Template: ""Phrase A assumes no counter-evidence against its claim. Phrase B is a separate fact.
B breaks A's assumption? Fill in the blank: ____""

Example 1:
Phrase A assumes no counter-evidence against its claim: no_evident_not_easy_check-in.
Phrase B is a separate fact: customer_wait_10_minute_for_greet.
B breaks A's assumption? Fill in the blank: Yes

Example 2:
Phrase A assumes no counter-evidence against its claim: no_evident_not_easy_check-in.
Phrase B is a separate fact: no_one_give_key_on_late_check-in.
B breaks A's assumption? Fill in the blank: No

Example 3:
Phrase A assumes no counter-evidence against its claim: no_evident_not_helpful_staff.
Phrase B is a separate fact: staff_not_speak_English_properly.
B breaks A's assumption? Fill in the blank: Yes

Example 4:
Phrase A assumes no counter-evidence against its claim: no_evident_not_helpful_staff.
Phrase B is a separate fact: not_kind_staff.
B breaks A's assumption? Fill in the blank: No

Now complete the blank for this pair. Output ONLY the missing word (Yes or No), nothing else.

Phrase A assumes no counter-evidence against its claim: have_evident_no_pool.
Phrase B is a separate fact: pool_could_be_bigger.
B breaks A's assumption? Fill in the blank:
",No
2026-08-16 22:52:15,3,688,have_evident_no_own_parking_lot,cold_for_swim,"Complete the sentence by filling in the blank with exactly one word: Yes or No.

Template: ""Phrase A assumes no counter-evidence against its claim. Phrase B is a separate fact.
B breaks A's assumption? Fill in the blank: ____""

Example 1:
Phrase A assumes no counter-evidence against its claim: no_evident_not_easy_check-in.
Phrase B is a separate fact: customer_wait_10_minute_for_greet.
B breaks A's assumption? Fill in the blank: Yes

Example 2:
Phrase A assumes no counter-evidence against its claim: no_evident_not_easy_check-in.
Phrase B is a separate fact: no_one_give_key_on_late_check-in.
B breaks A's assumption? Fill in the blank: No

Example 3:
Phrase A assumes no counter-evidence against its claim: no_evident_not_helpful_staff.
Phrase B is a separate fact: staff_not_speak_English_properly.
B breaks A's assumption? Fill in the blank: Yes

Example 4:
Phrase A assumes no counter-evidence against its claim: no_evident_not_helpful_staff.
Phrase B is a separate fact: not_kind_staff.
B breaks A's assumption? Fill in the blank: No

Now complete the blank for this pair. Output ONLY the missing word (Yes or No), nothing else.

Phrase A assumes no counter-evidence against its claim: have_evident_no_own_parking_lot.
Phrase B is a separate fact: cold_for_swim.
B breaks A's assumption? Fill in the blank:
",No
2026-08-16 22:52:15,3,3512,have_evident_little_parking_in_evening,head_bump_doorway,"Complete the sentence by filling in the blank with exactly one word: Yes or No.

Template: ""Phrase A assumes no counter-evidence against its claim. Phrase B is a separate fact.
B breaks A's assumption? Fill in the blank: ____""

Example 1:
Phrase A assumes no counter-evidence against its claim: no_evident_not_easy_check-in.
Phrase B is a separate fact: customer_wait_10_minute_for_greet.
B breaks A's assumption? Fill in the blank: Yes

Example 2:
Phrase A assumes no counter-evidence against its claim: no_evident_not_easy_check-in.
Phrase B is a separate fact: no_one_give_key_on_late_check-in.
B breaks A's assumption? Fill in the blank: No

Example 3:
Phrase A assumes no counter-evidence against its claim: no_evident_not_helpful_staff.
Phrase B is a separate fact: staff_not_speak_English_properly.
B breaks A's assumption? Fill in the blank: Yes

Example 4:
Phrase A assumes no counter-evidence against its claim: no_evident_not_helpful_staff.
Phrase B is a separate fact: not_kind_staff.
B breaks A's assumption? Fill in the blank: No

Now complete the blank for this pair. Output ONLY the missing word (Yes or No), nothing else.

Phrase A assumes no counter-evidence against its claim: have_evident_little_parking_in_evening.
Phrase B is a separate fact: head_bump_doorway.
B breaks A's assumption? Fill in the blank:
",No
2026-08-16 22:52:16,3,1112,have_evident_no_safety_strip_on_stair,no_restaurant_on_off_season,"Complete the sentence by filling in the blank with exactly one word: Yes or No.

Template: ""Phrase A assumes no counter-evidence against its claim. Phrase B is a separate fact.
B breaks A's assumption? Fill in the blank: ____""

Example 1:
Phrase A assumes no counter-evidence against its claim: no_evident_not_easy_check-in.
Phrase B is a separate fact: customer_wait_10_minute_for_greet.
B breaks A's assumption? Fill in the blank: Yes

Example 2:
Phrase A assumes no counter-evidence against its claim: no_evident_not_easy_check-in.
Phrase B is a separate fact: no_one_give_key_on_late_check-in.
B breaks A's assumption? Fill in the blank: No

Example 3:
Phrase A assumes no counter-evidence against its claim: no_evident_not_helpful_staff.
Phrase B is a separate fact: staff_not_speak_English_properly.
B breaks A's assumption? Fill in the blank: Yes

Example 4:
Phrase A assumes no counter-evidence against its claim: no_evident_not_helpful_staff.
Phrase B is a separate fact: not_kind_staff.
B breaks A's assumption? Fill in the blank: No

Now complete the blank for this pair. Output ONLY the missing word (Yes or No), nothing else.

Phrase A assumes no counter-evidence against its claim: have_evident_no_safety_strip_on_stair.
Phrase B is a separate fact: no_restaurant_on_off_season.
B breaks A's assumption? Fill in the blank:
",No
2026-08-16 22:52:16,3,3783,have_evident_old_furniture,dangerous_ramp,"Complete the sentence by filling in the blank with exactly one word: Yes or No.

Template: ""Phrase A assumes no counter-evidence against its claim. Phrase B is a separate fact.
B breaks A's assumption? Fill in the blank: ____""

Example 1:
Phrase A assumes no counter-evidence against its claim: no_evident_not_easy_check-in.
Phrase B is a separate fact: customer_wait_10_minute_for_greet.
B breaks A's assumption? Fill in the blank: Yes

Example 2:
Phrase A assumes no counter-evidence against its claim: no_evident_not_easy_check-in.
Phrase B is a separate fact: no_one_give_key_on_late_check-in.
B breaks A's assumption? Fill in the blank: No

Example 3:
Phrase A assumes no counter-evidence against its claim: no_evident_not_helpful_staff.
Phrase B is a separate fact: staff_not_speak_English_properly.
B breaks A's assumption? Fill in the blank: Yes

Example 4:
Phrase A assumes no counter-evidence against its claim: no_evident_not_helpful_staff.
Phrase B is a separate fact: not_kind_staff.
B breaks A's assumption? Fill in the blank: No

Now complete the blank for this pair. Output ONLY the missing word (Yes or No), nothing else.

Phrase A assumes no counter-evidence against its claim: have_evident_old_furniture.
Phrase B is a separate fact: dangerous_ramp.
B breaks A's assumption? Fill in the blank:
",No
2026-08-16 22:52:16,3,1489,have_evident_need_renovation_in_lobby,main_door_slam_at_night,"Complete the sentence by filling in the blank with exactly one word: Yes or No.

Template: ""Phrase A assumes no counter-evidence against its claim. Phrase B is a separate fact.
B breaks A's assumption? Fill in the blank: ____""

Example 1:
Phrase A assumes no counter-evidence against its claim: no_evident_not_easy_check-in.
Phrase B is a separate fact: customer_wait_10_minute_for_greet.
B breaks A's assumption? Fill in the blank: Yes

Example 2:
Phrase A assumes no counter-evidence against its claim: no_evident_not_easy_check-in.
Phrase B is a separate fact: no_one_give_key_on_late_check-in.
B breaks A's assumption? Fill in the blank: No

Example 3:
Phrase A assumes no counter-evidence against its claim: no_evident_not_helpful_staff.
Phrase B is a separate fact: staff_not_speak_English_properly.
B breaks A's assumption? Fill in the blank: Yes

Example 4:
Phrase A assumes no counter-evidence against its claim: no_evident_not_helpful_staff.
Phrase B is a separate fact: not_kind_staff.
B breaks A's assumption? Fill in the blank: No

Now complete the blank for this pair. Output ONLY the missing word (Yes or No), nothing else.

Phrase A assumes no counter-evidence against its claim: have_evident_need_renovation_in_lobby.
Phrase B is a separate fact: main_door_slam_at_night.
B breaks A's assumption? Fill in the blank:
",No
2026-08-16 22:52:16,3,2132,have_evident_hotel_not_accessible_to_wheelchair_as_it_said,elevator_need_renovation,"Complete the sentence by filling in the blank with exactly one word: Yes or No.

Template: ""Phrase A assumes no counter-evidence against its claim. Phrase B is a separate fact.
B breaks A's assumption? Fill in the blank: ____""

Example 1:
Phrase A assumes no counter-evidence against its claim: no_evident_not_easy_check-in.
Phrase B is a separate fact: customer_wait_10_minute_for_greet.
B breaks A's assumption? Fill in the blank: Yes

Example 2:
Phrase A assumes no counter-evidence against its claim: no_evident_not_easy_check-in.
Phrase B is a separate fact: no_one_give_key_on_late_check-in.
B breaks A's assumption? Fill in the blank: No

Example 3:
Phrase A assumes no counter-evidence against its claim: no_evident_not_helpful_staff.
Phrase B is a separate fact: staff_not_speak_English_properly.
B breaks A's assumption? Fill in the blank: Yes

Example 4:
Phrase A assumes no counter-evidence against its claim: no_evident_not_helpful_staff.
Phrase B is a separate fact: not_kind_staff.
B breaks A's assumption? Fill in the blank: No

Now complete the blank for this pair. Output ONLY the missing word (Yes or No), nothing else.

Phrase A assumes no counter-evidence against its claim: have_evident_hotel_not_accessible_to_wheelchair_as_it_said.
Phrase B is a separate fact: elevator_need_renovation.
B breaks A's assumption? Fill in the blank:
",No
2026-08-16 22:52:16,3,2682,have_evident_no_pool_on_off_season,no_24_hour_reception,"Complete the sentence by filling in the blank with exactly one word: Yes or No.

Template: ""Phrase A assumes no counter-evidence against its claim. Phrase B is a separate fact.
B breaks A's assumption? Fill in the blank: ____""

Example 1:
Phrase A assumes no counter-evidence against its claim: no_evident_not_easy_check-in.
Phrase B is a separate fact: customer_wait_10_minute_for_greet.
B breaks A's assumption? Fill in the blank: Yes

Example 2:
Phrase A assumes no counter-evidence against its claim: no_evident_not_easy_check-in.
Phrase B is a separate fact: no_one_give_key_on_late_check-in.
B breaks A's assumption? Fill in the blank: No

Example 3:
Phrase A assumes no counter-evidence against its claim: no_evident_not_helpful_staff.
Phrase B is a separate fact: staff_not_speak_English_properly.
B breaks A's assumption? Fill in the blank: Yes

Example 4:
Phrase A assumes no counter-evidence against its claim: no_evident_not_helpful_staff.
Phrase B is a separate fact: not_kind_staff.
B breaks A's assumption? Fill in the blank: No

Now complete the blank for this pair. Output ONLY the missing word (Yes or No), nothing else.

Phrase A assumes no counter-evidence against its claim: have_evident_no_pool_on_off_season.
Phrase B is a separate fact: no_24_hour_reception.
B breaks A's assumption? Fill in the blank:
",No
2026-08-16 22:52:16,3,1734,have_evident_common_area_light_not_worked_well,better_remove_pool_photo,"Complete the sentence by filling in the blank with exactly one word: Yes or No.

Template: ""Phrase A assumes no counter-evidence against its claim. Phrase B is a separate fact.
B breaks A's assumption? Fill in the blank: ____""

Example 1:
Phrase A assumes no counter-evidence against its claim: no_evident_not_easy_check-in.
Phrase B is a separate fact: customer_wait_10_minute_for_greet.
B breaks A's assumption? Fill in the blank: Yes

Example 2:
Phrase A assumes no counter-evidence against its claim: no_evident_not_easy_check-in.
Phrase B is a separate fact: no_one_give_key_on_late_check-in.
B breaks A's assumption? Fill in the blank: No

Example 3:
Phrase A assumes no counter-evidence against its claim: no_evident_not_helpful_staff.
Phrase B is a separate fact: staff_not_speak_English_properly.
B breaks A's assumption? Fill in the blank: Yes

Example 4:
Phrase A assumes no counter-evidence against its claim: no_evident_not_helpful_staff.
Phrase B is a separate fact: not_kind_staff.
B breaks A's assumption? Fill in the blank: No

Now complete the blank for this pair. Output ONLY the missing word (Yes or No), nothing else.

Phrase A assumes no counter-evidence against its claim: have_evident_common_area_light_not_worked_well.
Phrase B is a separate fact: better_remove_pool_photo.
B breaks A's assumption? Fill in the blank:
",No
2026-08-16 22:52:17,3,3725,have_evident_need_improvement_reception,no_restaurant_on_off_season,"Complete the sentence by filling in the blank with exactly one word: Yes or No.

Template: ""Phrase A assumes no counter-evidence against its claim. Phrase B is a separate fact.
B breaks A's assumption? Fill in the blank: ____""

Example 1:
Phrase A assumes no counter-evidence against its claim: no_evident_not_easy_check-in.
Phrase B is a separate fact: customer_wait_10_minute_for_greet.
B breaks A's assumption? Fill in the blank: Yes

Example 2:
Phrase A assumes no counter-evidence against its claim: no_evident_not_easy_check-in.
Phrase B is a separate fact: no_one_give_key_on_late_check-in.
B breaks A's assumption? Fill in the blank: No

Example 3:
Phrase A assumes no counter-evidence against its claim: no_evident_not_helpful_staff.
Phrase B is a separate fact: staff_not_speak_English_properly.
B breaks A's assumption? Fill in the blank: Yes

Example 4:
Phrase A assumes no counter-evidence against its claim: no_evident_not_helpful_staff.
Phrase B is a separate fact: not_kind_staff.
B breaks A's assumption? Fill in the blank: No

Now complete the blank for this pair. Output ONLY the missing word (Yes or No), nothing else.

Phrase A assumes no counter-evidence against its claim: have_evident_need_improvement_reception.
Phrase B is a separate fact: no_restaurant_on_off_season.
B breaks A's assumption? Fill in the blank:
",No
2026-08-16 22:52:17,3,2678,have_evident_no_restaurant_on_off_season,not_encourage_to_use_swimming_pool,"Complete the sentence by filling in the blank with exactly one word: Yes or No.

Template: ""Phrase A assumes no counter-evidence against its claim. Phrase B is a separate fact.
B breaks A's assumption? Fill in the blank: ____""

Example 1:
Phrase A assumes no counter-evidence against its claim: no_evident_not_easy_check-in.
Phrase B is a separate fact: customer_wait_10_minute_for_greet.
B breaks A's assumption? Fill in the blank: Yes

Example 2:
Phrase A assumes no counter-evidence against its claim: no_evident_not_easy_check-in.
Phrase B is a separate fact: no_one_give_key_on_late_check-in.
B breaks A's assumption? Fill in the blank: No

Example 3:
Phrase A assumes no counter-evidence against its claim: no_evident_not_helpful_staff.
Phrase B is a separate fact: staff_not_speak_English_properly.
B breaks A's assumption? Fill in the blank: Yes

Example 4:
Phrase A assumes no counter-evidence against its claim: no_evident_not_helpful_staff.
Phrase B is a separate fact: not_kind_staff.
B breaks A's assumption? Fill in the blank: No

Now complete the blank for this pair. Output ONLY the missing word (Yes or No), nothing else.

Phrase A assumes no counter-evidence against its claim: have_evident_no_restaurant_on_off_season.
Phrase B is a separate fact: not_encourage_to_use_swimming_pool.
B breaks A's assumption? Fill in the blank:
",No
2026-08-16 22:52:17,3,2765,have_evident_available_facility_not_clear_on_booking,cold_for_swim,"Complete the sentence by filling in the blank with exactly one word: Yes or No.

Template: ""Phrase A assumes no counter-evidence against its claim. Phrase B is a separate fact.
B breaks A's assumption? Fill in the blank: ____""

Example 1:
Phrase A assumes no counter-evidence against its claim: no_evident_not_easy_check-in.
Phrase B is a separate fact: customer_wait_10_minute_for_greet.
B breaks A's assumption? Fill in the blank: Yes

Example 2:
Phrase A assumes no counter-evidence against its claim: no_evident_not_easy_check-in.
Phrase B is a separate fact: no_one_give_key_on_late_check-in.
B breaks A's assumption? Fill in the blank: No

Example 3:
Phrase A assumes no counter-evidence against its claim: no_evident_not_helpful_staff.
Phrase B is a separate fact: staff_not_speak_English_properly.
B breaks A's assumption? Fill in the blank: Yes

Example 4:
Phrase A assumes no counter-evidence against its claim: no_evident_not_helpful_staff.
Phrase B is a separate fact: not_kind_staff.
B breaks A's assumption? Fill in the blank: No

Now complete the blank for this pair. Output ONLY the missing word (Yes or No), nothing else.

Phrase A assumes no counter-evidence against its claim: have_evident_available_facility_not_clear_on_booking.
Phrase B is a separate fact: cold_for_swim.
B breaks A's assumption? Fill in the blank:
",No
2026-08-16 22:52:17,3,2280,have_evident_no_designated_parking,no_24_hour_reception,"Complete the sentence by filling in the blank with exactly one word: Yes or No.

Template: ""Phrase A assumes no counter-evidence against its claim. Phrase B is a separate fact.
B breaks A's assumption? Fill in the blank: ____""

Example 1:
Phrase A assumes no counter-evidence against its claim: no_evident_not_easy_check-in.
Phrase B is a separate fact: customer_wait_10_minute_for_greet.
B breaks A's assumption? Fill in the blank: Yes

Example 2:
Phrase A assumes no counter-evidence against its claim: no_evident_not_easy_check-in.
Phrase B is a separate fact: no_one_give_key_on_late_check-in.
B breaks A's assumption? Fill in the blank: No

Example 3:
Phrase A assumes no counter-evidence against its claim: no_evident_not_helpful_staff.
Phrase B is a separate fact: staff_not_speak_English_properly.
B breaks A's assumption? Fill in the blank: Yes

Example 4:
Phrase A assumes no counter-evidence against its claim: no_evident_not_helpful_staff.
Phrase B is a separate fact: not_kind_staff.
B breaks A's assumption? Fill in the blank: No

Now complete the blank for this pair. Output ONLY the missing word (Yes or No), nothing else.

Phrase A assumes no counter-evidence against its claim: have_evident_no_designated_parking.
Phrase B is a separate fact: no_24_hour_reception.
B breaks A's assumption? Fill in the blank:
",No
2026-08-16 22:52:17,3,3454,have_evident_has_parking_if_lucky,issue_with_internet,"Complete the sentence by filling in the blank with exactly one word: Yes or No.

Template: ""Phrase A assumes no counter-evidence against its claim. Phrase B is a separate fact.
B breaks A's assumption? Fill in the blank: ____""

Example 1:
Phrase A assumes no counter-evidence against its claim: no_evident_not_easy_check-in.
Phrase B is a separate fact: customer_wait_10_minute_for_greet.
B breaks A's assumption? Fill in the blank: Yes

Example 2:
Phrase A assumes no counter-evidence against its claim: no_evident_not_easy_check-in.
Phrase B is a separate fact: no_one_give_key_on_late_check-in.
B breaks A's assumption? Fill in the blank: No

Example 3:
Phrase A assumes no counter-evidence against its claim: no_evident_not_helpful_staff.
Phrase B is a separate fact: staff_not_speak_English_properly.
B breaks A's assumption? Fill in the blank: Yes

Example 4:
Phrase A assumes no counter-evidence against its claim: no_evident_not_helpful_staff.
Phrase B is a separate fact: not_kind_staff.
B breaks A's assumption? Fill in the blank: No

Now complete the blank for this pair. Output ONLY the missing word (Yes or No), nothing else.

Phrase A assumes no counter-evidence against its claim: have_evident_has_parking_if_lucky.
Phrase B is a separate fact: issue_with_internet.
B breaks A's assumption? Fill in the blank:
",No
2026-08-16 22:52:17,3,2067,have_evident_dangerous_ramp,old_furniture,"Complete the sentence by filling in the blank with exactly one word: Yes or No.

Template: ""Phrase A assumes no counter-evidence against its claim. Phrase B is a separate fact.
B breaks A's assumption? Fill in the blank: ____""

Example 1:
Phrase A assumes no counter-evidence against its claim: no_evident_not_easy_check-in.
Phrase B is a separate fact: customer_wait_10_minute_for_greet.
B breaks A's assumption? Fill in the blank: Yes

Example 2:
Phrase A assumes no counter-evidence against its claim: no_evident_not_easy_check-in.
Phrase B is a separate fact: no_one_give_key_on_late_check-in.
B breaks A's assumption? Fill in the blank: No

Example 3:
Phrase A assumes no counter-evidence against its claim: no_evident_not_helpful_staff.
Phrase B is a separate fact: staff_not_speak_English_properly.
B breaks A's assumption? Fill in the blank: Yes

Example 4:
Phrase A assumes no counter-evidence against its claim: no_evident_not_helpful_staff.
Phrase B is a separate fact: not_kind_staff.
B breaks A's assumption? Fill in the blank: No

Now complete the blank for this pair. Output ONLY the missing word (Yes or No), nothing else.

Phrase A assumes no counter-evidence against its claim: have_evident_dangerous_ramp.
Phrase B is a separate fact: old_furniture.
B breaks A's assumption? Fill in the blank:
",No
2026-08-16 22:52:18,3,671,have_evident_no_own_parking_lot,not_big_hotel,"Complete the sentence by filling in the blank with exactly one word: Yes or No.

Template: ""Phrase A assumes no counter-evidence against its claim. Phrase B is a separate fact.
B breaks A's assumption? Fill in the blank: ____""

Example 1:
Phrase A assumes no counter-evidence against its claim: no_evident_not_easy_check-in.
Phrase B is a separate fact: customer_wait_10_minute_for_greet.
B breaks A's assumption? Fill in the blank: Yes

Example 2:
Phrase A assumes no counter-evidence against its claim: no_evident_not_easy_check-in.
Phrase B is a separate fact: no_one_give_key_on_late_check-in.
B breaks A's assumption? Fill in the blank: No

Example 3:
Phrase A assumes no counter-evidence against its claim: no_evident_not_helpful_staff.
Phrase B is a separate fact: staff_not_speak_English_properly.
B breaks A's assumption? Fill in the blank: Yes

Example 4:
Phrase A assumes no counter-evidence against its claim: no_evident_not_helpful_staff.
Phrase B is a separate fact: not_kind_staff.
B breaks A's assumption? Fill in the blank: No

Now complete the blank for this pair. Output ONLY the missing word (Yes or No), nothing else.

Phrase A assumes no counter-evidence against its claim: have_evident_no_own_parking_lot.
Phrase B is a separate fact: not_big_hotel.
B breaks A's assumption? Fill in the blank:
",No
2026-08-16 22:52:18,3,3853,have_evident_pool_close,street_parking,"Complete the sentence by filling in the blank with exactly one word: Yes or No.

Template: ""Phrase A assumes no counter-evidence against its claim. Phrase B is a separate fact.
B breaks A's assumption? Fill in the blank: ____""

Example 1:
Phrase A assumes no counter-evidence against its claim: no_evident_not_easy_check-in.
Phrase B is a separate fact: customer_wait_10_minute_for_greet.
B breaks A's assumption? Fill in the blank: Yes

Example 2:
Phrase A assumes no counter-evidence against its claim: no_evident_not_easy_check-in.
Phrase B is a separate fact: no_one_give_key_on_late_check-in.
B breaks A's assumption? Fill in the blank: No

Example 3:
Phrase A assumes no counter-evidence against its claim: no_evident_not_helpful_staff.
Phrase B is a separate fact: staff_not_speak_English_properly.
B breaks A's assumption? Fill in the blank: Yes

Example 4:
Phrase A assumes no counter-evidence against its claim: no_evident_not_helpful_staff.
Phrase B is a separate fact: not_kind_staff.
B breaks A's assumption? Fill in the blank: No

Now complete the blank for this pair. Output ONLY the missing word (Yes or No), nothing else.

Phrase A assumes no counter-evidence against its claim: have_evident_pool_close.
Phrase B is a separate fact: street_parking.
B breaks A's assumption? Fill in the blank:
",No
2026-08-16 22:52:18,3,159,have_evident_not_easy_to_access entry_at_odd_hour,need_renovation_in_elevator,"Complete the sentence by filling in the blank with exactly one word: Yes or No.

Template: ""Phrase A assumes no counter-evidence against its claim. Phrase B is a separate fact.
B breaks A's assumption? Fill in the blank: ____""

Example 1:
Phrase A assumes no counter-evidence against its claim: no_evident_not_easy_check-in.
Phrase B is a separate fact: customer_wait_10_minute_for_greet.
B breaks A's assumption? Fill in the blank: Yes

Example 2:
Phrase A assumes no counter-evidence against its claim: no_evident_not_easy_check-in.
Phrase B is a separate fact: no_one_give_key_on_late_check-in.
B breaks A's assumption? Fill in the blank: No

Example 3:
Phrase A assumes no counter-evidence against its claim: no_evident_not_helpful_staff.
Phrase B is a separate fact: staff_not_speak_English_properly.
B breaks A's assumption? Fill in the blank: Yes

Example 4:
Phrase A assumes no counter-evidence against its claim: no_evident_not_helpful_staff.
Phrase B is a separate fact: not_kind_staff.
B breaks A's assumption? Fill in the blank: No

Now complete the blank for this pair. Output ONLY the missing word (Yes or No), nothing else.

Phrase A assumes no counter-evidence against its claim: have_evident_not_easy_to_access entry_at_odd_hour.
Phrase B is a separate fact: need_renovation_in_elevator.
B breaks A's assumption? Fill in the blank:
",No
2026-08-16 22:52:18,3,4419,have_evident_not_encourage_to_use_deckchair,not_encourage_to_use_relaxation_zone,"Complete the sentence by filling in the blank with exactly one word: Yes or No.

Template: ""Phrase A assumes no counter-evidence against its claim. Phrase B is a separate fact.
B breaks A's assumption? Fill in the blank: ____""

Example 1:
Phrase A assumes no counter-evidence against its claim: no_evident_not_easy_check-in.
Phrase B is a separate fact: customer_wait_10_minute_for_greet.
B breaks A's assumption? Fill in the blank: Yes

Example 2:
Phrase A assumes no counter-evidence against its claim: no_evident_not_easy_check-in.
Phrase B is a separate fact: no_one_give_key_on_late_check-in.
B breaks A's assumption? Fill in the blank: No

Example 3:
Phrase A assumes no counter-evidence against its claim: no_evident_not_helpful_staff.
Phrase B is a separate fact: staff_not_speak_English_properly.
B breaks A's assumption? Fill in the blank: Yes

Example 4:
Phrase A assumes no counter-evidence against its claim: no_evident_not_helpful_staff.
Phrase B is a separate fact: not_kind_staff.
B breaks A's assumption? Fill in the blank: No

Now complete the blank for this pair. Output ONLY the missing word (Yes or No), nothing else.

Phrase A assumes no counter-evidence against its claim: have_evident_not_encourage_to_use_deckchair.
Phrase B is a separate fact: not_encourage_to_use_relaxation_zone.
B breaks A's assumption? Fill in the blank:
",No
2026-08-16 22:52:18,3,427,have_evident_disgusting_outside,need_renovation_in_elevator,"Complete the sentence by filling in the blank with exactly one word: Yes or No.

Template: ""Phrase A assumes no counter-evidence against its claim. Phrase B is a separate fact.
B breaks A's assumption? Fill in the blank: ____""

Example 1:
Phrase A assumes no counter-evidence against its claim: no_evident_not_easy_check-in.
Phrase B is a separate fact: customer_wait_10_minute_for_greet.
B breaks A's assumption? Fill in the blank: Yes

Example 2:
Phrase A assumes no counter-evidence against its claim: no_evident_not_easy_check-in.
Phrase B is a separate fact: no_one_give_key_on_late_check-in.
B breaks A's assumption? Fill in the blank: No

Example 3:
Phrase A assumes no counter-evidence against its claim: no_evident_not_helpful_staff.
Phrase B is a separate fact: staff_not_speak_English_properly.
B breaks A's assumption? Fill in the blank: Yes

Example 4:
Phrase A assumes no counter-evidence against its claim: no_evident_not_helpful_staff.
Phrase B is a separate fact: not_kind_staff.
B breaks A's assumption? Fill in the blank: No

Now complete the blank for this pair. Output ONLY the missing word (Yes or No), nothing else.

Phrase A assumes no counter-evidence against its claim: have_evident_disgusting_outside.
Phrase B is a separate fact: need_renovation_in_elevator.
B breaks A's assumption? Fill in the blank:
",No
2026-08-16 22:52:18,3,2867,have_evident_feel_cold_inviting,little_parking_in_evening,"Complete the sentence by filling in the blank with exactly one word: Yes or No.

Template: ""Phrase A assumes no counter-evidence against its claim. Phrase B is a separate fact.
B breaks A's assumption? Fill in the blank: ____""

Example 1:
Phrase A assumes no counter-evidence against its claim: no_evident_not_easy_check-in.
Phrase B is a separate fact: customer_wait_10_minute_for_greet.
B breaks A's assumption? Fill in the blank: Yes

Example 2:
Phrase A assumes no counter-evidence against its claim: no_evident_not_easy_check-in.
Phrase B is a separate fact: no_one_give_key_on_late_check-in.
B breaks A's assumption? Fill in the blank: No

Example 3:
Phrase A assumes no counter-evidence against its claim: no_evident_not_helpful_staff.
Phrase B is a separate fact: staff_not_speak_English_properly.
B breaks A's assumption? Fill in the blank: Yes

Example 4:
Phrase A assumes no counter-evidence against its claim: no_evident_not_helpful_staff.
Phrase B is a separate fact: not_kind_staff.
B breaks A's assumption? Fill in the blank: No

Now complete the blank for this pair. Output ONLY the missing word (Yes or No), nothing else.

Phrase A assumes no counter-evidence against its claim: have_evident_feel_cold_inviting.
Phrase B is a separate fact: little_parking_in_evening.
B breaks A's assumption? Fill in the blank:
",No
2026-08-16 22:52:18,3,1837,have_evident_head_bump_doorway,head_bump_doorway,"Complete the sentence by filling in the blank with exactly one word: Yes or No.

Template: ""Phrase A assumes no counter-evidence against its claim. Phrase B is a separate fact.
B breaks A's assumption? Fill in the blank: ____""

Example 1:
Phrase A assumes no counter-evidence against its claim: no_evident_not_easy_check-in.
Phrase B is a separate fact: customer_wait_10_minute_for_greet.
B breaks A's assumption? Fill in the blank: Yes

Example 2:
Phrase A assumes no counter-evidence against its claim: no_evident_not_easy_check-in.
Phrase B is a separate fact: no_one_give_key_on_late_check-in.
B breaks A's assumption? Fill in the blank: No

Example 3:
Phrase A assumes no counter-evidence against its claim: no_evident_not_helpful_staff.
Phrase B is a separate fact: staff_not_speak_English_properly.
B breaks A's assumption? Fill in the blank: Yes

Example 4:
Phrase A assumes no counter-evidence against its claim: no_evident_not_helpful_staff.
Phrase B is a separate fact: not_kind_staff.
B breaks A's assumption? Fill in the blank: No

Now complete the blank for this pair. Output ONLY the missing word (Yes or No), nothing else.

Phrase A assumes no counter-evidence against its claim: have_evident_head_bump_doorway.
Phrase B is a separate fact: head_bump_doorway.
B breaks A's assumption? Fill in the blank:
",No.
2026-08-16 22:52:19,3,563,have_evident_nothing_to_do,low_doorway_leading_to_elevator,"Complete the sentence by filling in the blank with exactly one word: Yes or No.

Template: ""Phrase A assumes no counter-evidence against its claim. Phrase B is a separate fact.
B breaks A's assumption? Fill in the blank: ____""

Example 1:
Phrase A assumes no counter-evidence against its claim: no_evident_not_easy_check-in.
Phrase B is a separate fact: customer_wait_10_minute_for_greet.
B breaks A's assumption? Fill in the blank: Yes

Example 2:
Phrase A assumes no counter-evidence against its claim: no_evident_not_easy_check-in.
Phrase B is a separate fact: no_one_give_key_on_late_check-in.
B breaks A's assumption? Fill in the blank: No

Example 3:
Phrase A assumes no counter-evidence against its claim: no_evident_not_helpful_staff.
Phrase B is a separate fact: staff_not_speak_English_properly.
B breaks A's assumption? Fill in the blank: Yes

Example 4:
Phrase A assumes no counter-evidence against its claim: no_evident_not_helpful_staff.
Phrase B is a separate fact: not_kind_staff.
B breaks A's assumption? Fill in the blank: No

Now complete the blank for this pair. Output ONLY the missing word (Yes or No), nothing else.

Phrase A assumes no counter-evidence against its claim: have_evident_nothing_to_do.
Phrase B is a separate fact: low_doorway_leading_to_elevator.
B breaks A's assumption? Fill in the blank:
",No
2026-08-16 22:52:19,3,330,have_evident_not_easy_parking,young_hotel,"Complete the sentence by filling in the blank with exactly one word: Yes or No.

Template: ""Phrase A assumes no counter-evidence against its claim. Phrase B is a separate fact.
B breaks A's assumption? Fill in the blank: ____""

Example 1:
Phrase A assumes no counter-evidence against its claim: no_evident_not_easy_check-in.
Phrase B is a separate fact: customer_wait_10_minute_for_greet.
B breaks A's assumption? Fill in the blank: Yes

Example 2:
Phrase A assumes no counter-evidence against its claim: no_evident_not_easy_check-in.
Phrase B is a separate fact: no_one_give_key_on_late_check-in.
B breaks A's assumption? Fill in the blank: No

Example 3:
Phrase A assumes no counter-evidence against its claim: no_evident_not_helpful_staff.
Phrase B is a separate fact: staff_not_speak_English_properly.
B breaks A's assumption? Fill in the blank: Yes

Example 4:
Phrase A assumes no counter-evidence against its claim: no_evident_not_helpful_staff.
Phrase B is a separate fact: not_kind_staff.
B breaks A's assumption? Fill in the blank: No

Now complete the blank for this pair. Output ONLY the missing word (Yes or No), nothing else.

Phrase A assumes no counter-evidence against its claim: have_evident_not_easy_parking.
Phrase B is a separate fact: young_hotel.
B breaks A's assumption? Fill in the blank:
",No
2026-08-16 22:52:19,3,255,have_evident_no_pool,elevator_need_cleaning,"Complete the sentence by filling in the blank with exactly one word: Yes or No.

Template: ""Phrase A assumes no counter-evidence against its claim. Phrase B is a separate fact.
B breaks A's assumption? Fill in the blank: ____""

Example 1:
Phrase A assumes no counter-evidence against its claim: no_evident_not_easy_check-in.
Phrase B is a separate fact: customer_wait_10_minute_for_greet.
B breaks A's assumption? Fill in the blank: Yes

Example 2:
Phrase A assumes no counter-evidence against its claim: no_evident_not_easy_check-in.
Phrase B is a separate fact: no_one_give_key_on_late_check-in.
B breaks A's assumption? Fill in the blank: No

Example 3:
Phrase A assumes no counter-evidence against its claim: no_evident_not_helpful_staff.
Phrase B is a separate fact: staff_not_speak_English_properly.
B breaks A's assumption? Fill in the blank: Yes

Example 4:
Phrase A assumes no counter-evidence against its claim: no_evident_not_helpful_staff.
Phrase B is a separate fact: not_kind_staff.
B breaks A's assumption? Fill in the blank: No

Now complete the blank for this pair. Output ONLY the missing word (Yes or No), nothing else.

Phrase A assumes no counter-evidence against its claim: have_evident_no_pool.
Phrase B is a separate fact: elevator_need_cleaning.
B breaks A's assumption? Fill in the blank:
",No
2026-08-16 22:52:19,3,1634,have_evident_need_renovation_in_elevator,common_area_light_not_worked_well,"Complete the sentence by filling in the blank with exactly one word: Yes or No.

Template: ""Phrase A assumes no counter-evidence against its claim. Phrase B is a separate fact.
B breaks A's assumption? Fill in the blank: ____""

Example 1:
Phrase A assumes no counter-evidence against its claim: no_evident_not_easy_check-in.
Phrase B is a separate fact: customer_wait_10_minute_for_greet.
B breaks A's assumption? Fill in the blank: Yes

Example 2:
Phrase A assumes no counter-evidence against its claim: no_evident_not_easy_check-in.
Phrase B is a separate fact: no_one_give_key_on_late_check-in.
B breaks A's assumption? Fill in the blank: No

Example 3:
Phrase A assumes no counter-evidence against its claim: no_evident_not_helpful_staff.
Phrase B is a separate fact: staff_not_speak_English_properly.
B breaks A's assumption? Fill in the blank: Yes

Example 4:
Phrase A assumes no counter-evidence against its claim: no_evident_not_helpful_staff.
Phrase B is a separate fact: not_kind_staff.
B breaks A's assumption? Fill in the blank: No

Now complete the blank for this pair. Output ONLY the missing word (Yes or No), nothing else.

Phrase A assumes no counter-evidence against its claim: have_evident_need_renovation_in_elevator.
Phrase B is a separate fact: common_area_light_not_worked_well.
B breaks A's assumption? Fill in the blank:
",No
2026-08-16 22:52:19,3,167,have_evident_not_easy_to_access entry_at_odd_hour,limited_parking,"Complete the sentence by filling in the blank with exactly one word: Yes or No.

Template: ""Phrase A assumes no counter-evidence against its claim. Phrase B is a separate fact.
B breaks A's assumption? Fill in the blank: ____""

Example 1:
Phrase A assumes no counter-evidence against its claim: no_evident_not_easy_check-in.
Phrase B is a separate fact: customer_wait_10_minute_for_greet.
B breaks A's assumption? Fill in the blank: Yes

Example 2:
Phrase A assumes no counter-evidence against its claim: no_evident_not_easy_check-in.
Phrase B is a separate fact: no_one_give_key_on_late_check-in.
B breaks A's assumption? Fill in the blank: No

Example 3:
Phrase A assumes no counter-evidence against its claim: no_evident_not_helpful_staff.
Phrase B is a separate fact: staff_not_speak_English_properly.
B breaks A's assumption? Fill in the blank: Yes

Example 4:
Phrase A assumes no counter-evidence against its claim: no_evident_not_helpful_staff.
Phrase B is a separate fact: not_kind_staff.
B breaks A's assumption? Fill in the blank: No

Now complete the blank for this pair. Output ONLY the missing word (Yes or No), nothing else.

Phrase A assumes no counter-evidence against its claim: have_evident_not_easy_to_access entry_at_odd_hour.
Phrase B is a separate fact: limited_parking.
B breaks A's assumption? Fill in the blank:
",No
2026-08-16 22:52:19,3,1249,have_evident_tiny_pool,feel_cold_inviting,"Complete the sentence by filling in the blank with exactly one word: Yes or No.

Template: ""Phrase A assumes no counter-evidence against its claim. Phrase B is a separate fact.
B breaks A's assumption? Fill in the blank: ____""

Example 1:
Phrase A assumes no counter-evidence against its claim: no_evident_not_easy_check-in.
Phrase B is a separate fact: customer_wait_10_minute_for_greet.
B breaks A's assumption? Fill in the blank: Yes

Example 2:
Phrase A assumes no counter-evidence against its claim: no_evident_not_easy_check-in.
Phrase B is a separate fact: no_one_give_key_on_late_check-in.
B breaks A's assumption? Fill in the blank: No

Example 3:
Phrase A assumes no counter-evidence against its claim: no_evident_not_helpful_staff.
Phrase B is a separate fact: staff_not_speak_English_properly.
B breaks A's assumption? Fill in the blank: Yes

Example 4:
Phrase A assumes no counter-evidence against its claim: no_evident_not_helpful_staff.
Phrase B is a separate fact: not_kind_staff.
B breaks A's assumption? Fill in the blank: No

Now complete the blank for this pair. Output ONLY the missing word (Yes or No), nothing else.

Phrase A assumes no counter-evidence against its claim: have_evident_tiny_pool.
Phrase B is a separate fact: feel_cold_inviting.
B breaks A's assumption? Fill in the blank:
",No
2026-08-16 22:52:20,3,1955,have_evident_steep_ramp,difficult_to_find_parking,"Complete the sentence by filling in the blank with exactly one word: Yes or No.

Template: ""Phrase A assumes no counter-evidence against its claim. Phrase B is a separate fact.
B breaks A's assumption? Fill in the blank: ____""

Example 1:
Phrase A assumes no counter-evidence against its claim: no_evident_not_easy_check-in.
Phrase B is a separate fact: customer_wait_10_minute_for_greet.
B breaks A's assumption? Fill in the blank: Yes

Example 2:
Phrase A assumes no counter-evidence against its claim: no_evident_not_easy_check-in.
Phrase B is a separate fact: no_one_give_key_on_late_check-in.
B breaks A's assumption? Fill in the blank: No

Example 3:
Phrase A assumes no counter-evidence against its claim: no_evident_not_helpful_staff.
Phrase B is a separate fact: staff_not_speak_English_properly.
B breaks A's assumption? Fill in the blank: Yes

Example 4:
Phrase A assumes no counter-evidence against its claim: no_evident_not_helpful_staff.
Phrase B is a separate fact: not_kind_staff.
B breaks A's assumption? Fill in the blank: No

Now complete the blank for this pair. Output ONLY the missing word (Yes or No), nothing else.

Phrase A assumes no counter-evidence against its claim: have_evident_steep_ramp.
Phrase B is a separate fact: difficult_to_find_parking.
B breaks A's assumption? Fill in the blank:
",No
2026-08-16 22:52:20,3,1035,have_evident_no_beach_towel_provide,steep_ramp,"Complete the sentence by filling in the blank with exactly one word: Yes or No.

Template: ""Phrase A assumes no counter-evidence against its claim. Phrase B is a separate fact.
B breaks A's assumption? Fill in the blank: ____""

Example 1:
Phrase A assumes no counter-evidence against its claim: no_evident_not_easy_check-in.
Phrase B is a separate fact: customer_wait_10_minute_for_greet.
B breaks A's assumption? Fill in the blank: Yes

Example 2:
Phrase A assumes no counter-evidence against its claim: no_evident_not_easy_check-in.
Phrase B is a separate fact: no_one_give_key_on_late_check-in.
B breaks A's assumption? Fill in the blank: No

Example 3:
Phrase A assumes no counter-evidence against its claim: no_evident_not_helpful_staff.
Phrase B is a separate fact: staff_not_speak_English_properly.
B breaks A's assumption? Fill in the blank: Yes

Example 4:
Phrase A assumes no counter-evidence against its claim: no_evident_not_helpful_staff.
Phrase B is a separate fact: not_kind_staff.
B breaks A's assumption? Fill in the blank: No

Now complete the blank for this pair. Output ONLY the missing word (Yes or No), nothing else.

Phrase A assumes no counter-evidence against its claim: have_evident_no_beach_towel_provide.
Phrase B is a separate fact: steep_ramp.
B breaks A's assumption? Fill in the blank:
",No
2026-08-16 22:52:20,3,3880,have_evident_pool_close,dirty_swimming_pool,"Complete the sentence by filling in the blank with exactly one word: Yes or No.

Template: ""Phrase A assumes no counter-evidence against its claim. Phrase B is a separate fact.
B breaks A's assumption? Fill in the blank: ____""

Example 1:
Phrase A assumes no counter-evidence against its claim: no_evident_not_easy_check-in.
Phrase B is a separate fact: customer_wait_10_minute_for_greet.
B breaks A's assumption? Fill in the blank: Yes

Example 2:
Phrase A assumes no counter-evidence against its claim: no_evident_not_easy_check-in.
Phrase B is a separate fact: no_one_give_key_on_late_check-in.
B breaks A's assumption? Fill in the blank: No

Example 3:
Phrase A assumes no counter-evidence against its claim: no_evident_not_helpful_staff.
Phrase B is a separate fact: staff_not_speak_English_properly.
B breaks A's assumption? Fill in the blank: Yes

Example 4:
Phrase A assumes no counter-evidence against its claim: no_evident_not_helpful_staff.
Phrase B is a separate fact: not_kind_staff.
B breaks A's assumption? Fill in the blank: No

Now complete the blank for this pair. Output ONLY the missing word (Yes or No), nothing else.

Phrase A assumes no counter-evidence against its claim: have_evident_pool_close.
Phrase B is a separate fact: dirty_swimming_pool.
B breaks A's assumption? Fill in the blank:
",No
2026-08-16 22:52:20,3,938,have_evident_main_door_not_close,not_encourage_to_use_billiard,"Complete the sentence by filling in the blank with exactly one word: Yes or No.

Template: ""Phrase A assumes no counter-evidence against its claim. Phrase B is a separate fact.
B breaks A's assumption? Fill in the blank: ____""

Example 1:
Phrase A assumes no counter-evidence against its claim: no_evident_not_easy_check-in.
Phrase B is a separate fact: customer_wait_10_minute_for_greet.
B breaks A's assumption? Fill in the blank: Yes

Example 2:
Phrase A assumes no counter-evidence against its claim: no_evident_not_easy_check-in.
Phrase B is a separate fact: no_one_give_key_on_late_check-in.
B breaks A's assumption? Fill in the blank: No

Example 3:
Phrase A assumes no counter-evidence against its claim: no_evident_not_helpful_staff.
Phrase B is a separate fact: staff_not_speak_English_properly.
B breaks A's assumption? Fill in the blank: Yes

Example 4:
Phrase A assumes no counter-evidence against its claim: no_evident_not_helpful_staff.
Phrase B is a separate fact: not_kind_staff.
B breaks A's assumption? Fill in the blank: No

Now complete the blank for this pair. Output ONLY the missing word (Yes or No), nothing else.

Phrase A assumes no counter-evidence against its claim: have_evident_main_door_not_close.
Phrase B is a separate fact: not_encourage_to_use_billiard.
B breaks A's assumption? Fill in the blank:
",No
2026-08-16 22:52:20,3,1786,have_evident_low_doorway_leading_to_elevator,no_warm_inviting_atmosphere,"Complete the sentence by filling in the blank with exactly one word: Yes or No.

Template: ""Phrase A assumes no counter-evidence against its claim. Phrase B is a separate fact.
B breaks A's assumption? Fill in the blank: ____""

Example 1:
Phrase A assumes no counter-evidence against its claim: no_evident_not_easy_check-in.
Phrase B is a separate fact: customer_wait_10_minute_for_greet.
B breaks A's assumption? Fill in the blank: Yes

Example 2:
Phrase A assumes no counter-evidence against its claim: no_evident_not_easy_check-in.
Phrase B is a separate fact: no_one_give_key_on_late_check-in.
B breaks A's assumption? Fill in the blank: No

Example 3:
Phrase A assumes no counter-evidence against its claim: no_evident_not_helpful_staff.
Phrase B is a separate fact: staff_not_speak_English_properly.
B breaks A's assumption? Fill in the blank: Yes

Example 4:
Phrase A assumes no counter-evidence against its claim: no_evident_not_helpful_staff.
Phrase B is a separate fact: not_kind_staff.
B breaks A's assumption? Fill in the blank: No

Now complete the blank for this pair. Output ONLY the missing word (Yes or No), nothing else.

Phrase A assumes no counter-evidence against its claim: have_evident_low_doorway_leading_to_elevator.
Phrase B is a separate fact: no_warm_inviting_atmosphere.
B breaks A's assumption? Fill in the blank:
",No
2026-08-16 22:52:20,3,2100,have_evident_hotel_not_accessible_to_wheelchair_as_it_said,need_renovation_in_lobby,"Complete the sentence by filling in the blank with exactly one word: Yes or No.

Template: ""Phrase A assumes no counter-evidence against its claim. Phrase B is a separate fact.
B breaks A's assumption? Fill in the blank: ____""

Example 1:
Phrase A assumes no counter-evidence against its claim: no_evident_not_easy_check-in.
Phrase B is a separate fact: customer_wait_10_minute_for_greet.
B breaks A's assumption? Fill in the blank: Yes

Example 2:
Phrase A assumes no counter-evidence against its claim: no_evident_not_easy_check-in.
Phrase B is a separate fact: no_one_give_key_on_late_check-in.
B breaks A's assumption? Fill in the blank: No

Example 3:
Phrase A assumes no counter-evidence against its claim: no_evident_not_helpful_staff.
Phrase B is a separate fact: staff_not_speak_English_properly.
B breaks A's assumption? Fill in the blank: Yes

Example 4:
Phrase A assumes no counter-evidence against its claim: no_evident_not_helpful_staff.
Phrase B is a separate fact: not_kind_staff.
B breaks A's assumption? Fill in the blank: No

Now complete the blank for this pair. Output ONLY the missing word (Yes or No), nothing else.

Phrase A assumes no counter-evidence against its claim: have_evident_hotel_not_accessible_to_wheelchair_as_it_said.
Phrase B is a separate fact: need_renovation_in_lobby.
B breaks A's assumption? Fill in the blank:
",No.
2026-08-16 22:52:21,3,3022,have_evident_badly_maintain_hotel_installation,disgusting_outside,"Complete the sentence by filling in the blank with exactly one word: Yes or No.

Template: ""Phrase A assumes no counter-evidence against its claim. Phrase B is a separate fact.
B breaks A's assumption? Fill in the blank: ____""

Example 1:
Phrase A assumes no counter-evidence against its claim: no_evident_not_easy_check-in.
Phrase B is a separate fact: customer_wait_10_minute_for_greet.
B breaks A's assumption? Fill in the blank: Yes

Example 2:
Phrase A assumes no counter-evidence against its claim: no_evident_not_easy_check-in.
Phrase B is a separate fact: no_one_give_key_on_late_check-in.
B breaks A's assumption? Fill in the blank: No

Example 3:
Phrase A assumes no counter-evidence against its claim: no_evident_not_helpful_staff.
Phrase B is a separate fact: staff_not_speak_English_properly.
B breaks A's assumption? Fill in the blank: Yes

Example 4:
Phrase A assumes no counter-evidence against its claim: no_evident_not_helpful_staff.
Phrase B is a separate fact: not_kind_staff.
B breaks A's assumption? Fill in the blank: No

Now complete the blank for this pair. Output ONLY the missing word (Yes or No), nothing else.

Phrase A assumes no counter-evidence against its claim: have_evident_badly_maintain_hotel_installation.
Phrase B is a separate fact: disgusting_outside.
B breaks A's assumption? Fill in the blank:
",No
2026-08-16 22:52:21,3,1375,have_evident_outside_view_not_excellent,no_designated_parking,"Complete the sentence by filling in the blank with exactly one word: Yes or No.

Template: ""Phrase A assumes no counter-evidence against its claim. Phrase B is a separate fact.
B breaks A's assumption? Fill in the blank: ____""

Example 1:
Phrase A assumes no counter-evidence against its claim: no_evident_not_easy_check-in.
Phrase B is a separate fact: customer_wait_10_minute_for_greet.
B breaks A's assumption? Fill in the blank: Yes

Example 2:
Phrase A assumes no counter-evidence against its claim: no_evident_not_easy_check-in.
Phrase B is a separate fact: no_one_give_key_on_late_check-in.
B breaks A's assumption? Fill in the blank: No

Example 3:
Phrase A assumes no counter-evidence against its claim: no_evident_not_helpful_staff.
Phrase B is a separate fact: staff_not_speak_English_properly.
B breaks A's assumption? Fill in the blank: Yes

Example 4:
Phrase A assumes no counter-evidence against its claim: no_evident_not_helpful_staff.
Phrase B is a separate fact: not_kind_staff.
B breaks A's assumption? Fill in the blank: No

Now complete the blank for this pair. Output ONLY the missing word (Yes or No), nothing else.

Phrase A assumes no counter-evidence against its claim: have_evident_outside_view_not_excellent.
Phrase B is a separate fact: no_designated_parking.
B breaks A's assumption? Fill in the blank:
",No
2026-08-16 22:52:21,3,939,have_evident_main_door_slam_at_night,not_big_hotel,"Complete the sentence by filling in the blank with exactly one word: Yes or No.

Template: ""Phrase A assumes no counter-evidence against its claim. Phrase B is a separate fact.
B breaks A's assumption? Fill in the blank: ____""

Example 1:
Phrase A assumes no counter-evidence against its claim: no_evident_not_easy_check-in.
Phrase B is a separate fact: customer_wait_10_minute_for_greet.
B breaks A's assumption? Fill in the blank: Yes

Example 2:
Phrase A assumes no counter-evidence against its claim: no_evident_not_easy_check-in.
Phrase B is a separate fact: no_one_give_key_on_late_check-in.
B breaks A's assumption? Fill in the blank: No

Example 3:
Phrase A assumes no counter-evidence against its claim: no_evident_not_helpful_staff.
Phrase B is a separate fact: staff_not_speak_English_properly.
B breaks A's assumption? Fill in the blank: Yes

Example 4:
Phrase A assumes no counter-evidence against its claim: no_evident_not_helpful_staff.
Phrase B is a separate fact: not_kind_staff.
B breaks A's assumption? Fill in the blank: No

Now complete the blank for this pair. Output ONLY the missing word (Yes or No), nothing else.

Phrase A assumes no counter-evidence against its claim: have_evident_main_door_slam_at_night.
Phrase B is a separate fact: not_big_hotel.
B breaks A's assumption? Fill in the blank:
",No
2026-08-16 22:52:21,3,1342,have_evident_outside_view_not_excellent,no_24_hour_reception,"Complete the sentence by filling in the blank with exactly one word: Yes or No.

Template: ""Phrase A assumes no counter-evidence against its claim. Phrase B is a separate fact.
B breaks A's assumption? Fill in the blank: ____""

Example 1:
Phrase A assumes no counter-evidence against its claim: no_evident_not_easy_check-in.
Phrase B is a separate fact: customer_wait_10_minute_for_greet.
B breaks A's assumption? Fill in the blank: Yes

Example 2:
Phrase A assumes no counter-evidence against its claim: no_evident_not_easy_check-in.
Phrase B is a separate fact: no_one_give_key_on_late_check-in.
B breaks A's assumption? Fill in the blank: No

Example 3:
Phrase A assumes no counter-evidence against its claim: no_evident_not_helpful_staff.
Phrase B is a separate fact: staff_not_speak_English_properly.
B breaks A's assumption? Fill in the blank: Yes

Example 4:
Phrase A assumes no counter-evidence against its claim: no_evident_not_helpful_staff.
Phrase B is a separate fact: not_kind_staff.
B breaks A's assumption? Fill in the blank: No

Now complete the blank for this pair. Output ONLY the missing word (Yes or No), nothing else.

Phrase A assumes no counter-evidence against its claim: have_evident_outside_view_not_excellent.
Phrase B is a separate fact: no_24_hour_reception.
B breaks A's assumption? Fill in the blank:
",No
2026-08-16 22:52:21,3,2549,have_evident_no_bar_on_off_season,not_easy_to_access entry_at_odd_hour,"Complete the sentence by filling in the blank with exactly one word: Yes or No.

Template: ""Phrase A assumes no counter-evidence against its claim. Phrase B is a separate fact.
B breaks A's assumption? Fill in the blank: ____""

Example 1:
Phrase A assumes no counter-evidence against its claim: no_evident_not_easy_check-in.
Phrase B is a separate fact: customer_wait_10_minute_for_greet.
B breaks A's assumption? Fill in the blank: Yes

Example 2:
Phrase A assumes no counter-evidence against its claim: no_evident_not_easy_check-in.
Phrase B is a separate fact: no_one_give_key_on_late_check-in.
B breaks A's assumption? Fill in the blank: No

Example 3:
Phrase A assumes no counter-evidence against its claim: no_evident_not_helpful_staff.
Phrase B is a separate fact: staff_not_speak_English_properly.
B breaks A's assumption? Fill in the blank: Yes

Example 4:
Phrase A assumes no counter-evidence against its claim: no_evident_not_helpful_staff.
Phrase B is a separate fact: not_kind_staff.
B breaks A's assumption? Fill in the blank: No

Now complete the blank for this pair. Output ONLY the missing word (Yes or No), nothing else.

Phrase A assumes no counter-evidence against its claim: have_evident_no_bar_on_off_season.
Phrase B is a separate fact: not_easy_to_access entry_at_odd_hour.
B breaks A's assumption? Fill in the blank:
",No
2026-08-16 22:52:21,3,211,have_evident_no_pool,no_24_hour_kiosk_close_to_hotel,"Complete the sentence by filling in the blank with exactly one word: Yes or No.

Template: ""Phrase A assumes no counter-evidence against its claim. Phrase B is a separate fact.
B breaks A's assumption? Fill in the blank: ____""

Example 1:
Phrase A assumes no counter-evidence against its claim: no_evident_not_easy_check-in.
Phrase B is a separate fact: customer_wait_10_minute_for_greet.
B breaks A's assumption? Fill in the blank: Yes

Example 2:
Phrase A assumes no counter-evidence against its claim: no_evident_not_easy_check-in.
Phrase B is a separate fact: no_one_give_key_on_late_check-in.
B breaks A's assumption? Fill in the blank: No

Example 3:
Phrase A assumes no counter-evidence against its claim: no_evident_not_helpful_staff.
Phrase B is a separate fact: staff_not_speak_English_properly.
B breaks A's assumption? Fill in the blank: Yes

Example 4:
Phrase A assumes no counter-evidence against its claim: no_evident_not_helpful_staff.
Phrase B is a separate fact: not_kind_staff.
B breaks A's assumption? Fill in the blank: No

Now complete the blank for this pair. Output ONLY the missing word (Yes or No), nothing else.

Phrase A assumes no counter-evidence against its claim: have_evident_no_pool.
Phrase B is a separate fact: no_24_hour_kiosk_close_to_hotel.
B breaks A's assumption? Fill in the blank:
",No
2026-08-16 22:52:22,3,2556,have_evident_no_bar_on_off_season,no_24_hour_kiosk_close_to_hotel,"Complete the sentence by filling in the blank with exactly one word: Yes or No.

Template: ""Phrase A assumes no counter-evidence against its claim. Phrase B is a separate fact.
B breaks A's assumption? Fill in the blank: ____""

Example 1:
Phrase A assumes no counter-evidence against its claim: no_evident_not_easy_check-in.
Phrase B is a separate fact: customer_wait_10_minute_for_greet.
B breaks A's assumption? Fill in the blank: Yes

Example 2:
Phrase A assumes no counter-evidence against its claim: no_evident_not_easy_check-in.
Phrase B is a separate fact: no_one_give_key_on_late_check-in.
B breaks A's assumption? Fill in the blank: No

Example 3:
Phrase A assumes no counter-evidence against its claim: no_evident_not_helpful_staff.
Phrase B is a separate fact: staff_not_speak_English_properly.
B breaks A's assumption? Fill in the blank: Yes

Example 4:
Phrase A assumes no counter-evidence against its claim: no_evident_not_helpful_staff.
Phrase B is a separate fact: not_kind_staff.
B breaks A's assumption? Fill in the blank: No

Now complete the blank for this pair. Output ONLY the missing word (Yes or No), nothing else.

Phrase A assumes no counter-evidence against its claim: have_evident_no_bar_on_off_season.
Phrase B is a separate fact: no_24_hour_kiosk_close_to_hotel.
B breaks A's assumption? Fill in the blank:
",No
2026-08-16 22:52:22,3,3075,have_evident_badly_maintain_hotel_installation,small_swimming_pool,"Complete the sentence by filling in the blank with exactly one word: Yes or No.

Template: ""Phrase A assumes no counter-evidence against its claim. Phrase B is a separate fact.
B breaks A's assumption? Fill in the blank: ____""

Example 1:
Phrase A assumes no counter-evidence against its claim: no_evident_not_easy_check-in.
Phrase B is a separate fact: customer_wait_10_minute_for_greet.
B breaks A's assumption? Fill in the blank: Yes

Example 2:
Phrase A assumes no counter-evidence against its claim: no_evident_not_easy_check-in.
Phrase B is a separate fact: no_one_give_key_on_late_check-in.
B breaks A's assumption? Fill in the blank: No

Example 3:
Phrase A assumes no counter-evidence against its claim: no_evident_not_helpful_staff.
Phrase B is a separate fact: staff_not_speak_English_properly.
B breaks A's assumption? Fill in the blank: Yes

Example 4:
Phrase A assumes no counter-evidence against its claim: no_evident_not_helpful_staff.
Phrase B is a separate fact: not_kind_staff.
B breaks A's assumption? Fill in the blank: No

Now complete the blank for this pair. Output ONLY the missing word (Yes or No), nothing else.

Phrase A assumes no counter-evidence against its claim: have_evident_badly_maintain_hotel_installation.
Phrase B is a separate fact: small_swimming_pool.
B breaks A's assumption? Fill in the blank:
",No
2026-08-16 22:52:22,3,3250,have_evident_not_accurate_pool_picture,street_parking,"Complete the sentence by filling in the blank with exactly one word: Yes or No.

Template: ""Phrase A assumes no counter-evidence against its claim. Phrase B is a separate fact.
B breaks A's assumption? Fill in the blank: ____""

Example 1:
Phrase A assumes no counter-evidence against its claim: no_evident_not_easy_check-in.
Phrase B is a separate fact: customer_wait_10_minute_for_greet.
B breaks A's assumption? Fill in the blank: Yes

Example 2:
Phrase A assumes no counter-evidence against its claim: no_evident_not_easy_check-in.
Phrase B is a separate fact: no_one_give_key_on_late_check-in.
B breaks A's assumption? Fill in the blank: No

Example 3:
Phrase A assumes no counter-evidence against its claim: no_evident_not_helpful_staff.
Phrase B is a separate fact: staff_not_speak_English_properly.
B breaks A's assumption? Fill in the blank: Yes

Example 4:
Phrase A assumes no counter-evidence against its claim: no_evident_not_helpful_staff.
Phrase B is a separate fact: not_kind_staff.
B breaks A's assumption? Fill in the blank: No

Now complete the blank for this pair. Output ONLY the missing word (Yes or No), nothing else.

Phrase A assumes no counter-evidence against its claim: have_evident_not_accurate_pool_picture.
Phrase B is a separate fact: street_parking.
B breaks A's assumption? Fill in the blank:
",No
2026-08-16 22:52:22,3,1625,have_evident_need_renovation_in_elevator,no_safety_strip_on_stair,"Complete the sentence by filling in the blank with exactly one word: Yes or No.

Template: ""Phrase A assumes no counter-evidence against its claim. Phrase B is a separate fact.
B breaks A's assumption? Fill in the blank: ____""

Example 1:
Phrase A assumes no counter-evidence against its claim: no_evident_not_easy_check-in.
Phrase B is a separate fact: customer_wait_10_minute_for_greet.
B breaks A's assumption? Fill in the blank: Yes

Example 2:
Phrase A assumes no counter-evidence against its claim: no_evident_not_easy_check-in.
Phrase B is a separate fact: no_one_give_key_on_late_check-in.
B breaks A's assumption? Fill in the blank: No

Example 3:
Phrase A assumes no counter-evidence against its claim: no_evident_not_helpful_staff.
Phrase B is a separate fact: staff_not_speak_English_properly.
B breaks A's assumption? Fill in the blank: Yes

Example 4:
Phrase A assumes no counter-evidence against its claim: no_evident_not_helpful_staff.
Phrase B is a separate fact: not_kind_staff.
B breaks A's assumption? Fill in the blank: No

Now complete the blank for this pair. Output ONLY the missing word (Yes or No), nothing else.

Phrase A assumes no counter-evidence against its claim: have_evident_need_renovation_in_elevator.
Phrase B is a separate fact: no_safety_strip_on_stair.
B breaks A's assumption? Fill in the blank:
",No
2026-08-16 22:52:22,3,623,have_evident_no_24_hour_kiosk_close_to_hotel,not_much_parking,"Complete the sentence by filling in the blank with exactly one word: Yes or No.

Template: ""Phrase A assumes no counter-evidence against its claim. Phrase B is a separate fact.
B breaks A's assumption? Fill in the blank: ____""

Example 1:
Phrase A assumes no counter-evidence against its claim: no_evident_not_easy_check-in.
Phrase B is a separate fact: customer_wait_10_minute_for_greet.
B breaks A's assumption? Fill in the blank: Yes

Example 2:
Phrase A assumes no counter-evidence against its claim: no_evident_not_easy_check-in.
Phrase B is a separate fact: no_one_give_key_on_late_check-in.
B breaks A's assumption? Fill in the blank: No

Example 3:
Phrase A assumes no counter-evidence against its claim: no_evident_not_helpful_staff.
Phrase B is a separate fact: staff_not_speak_English_properly.
B breaks A's assumption? Fill in the blank: Yes

Example 4:
Phrase A assumes no counter-evidence against its claim: no_evident_not_helpful_staff.
Phrase B is a separate fact: not_kind_staff.
B breaks A's assumption? Fill in the blank: No

Now complete the blank for this pair. Output ONLY the missing word (Yes or No), nothing else.

Phrase A assumes no counter-evidence against its claim: have_evident_no_24_hour_kiosk_close_to_hotel.
Phrase B is a separate fact: not_much_parking.
B breaks A's assumption? Fill in the blank:
",No
2026-08-16 22:52:22,3,1990,have_evident_steep_ramp,broke_lift,"Complete the sentence by filling in the blank with exactly one word: Yes or No.

Template: ""Phrase A assumes no counter-evidence against its claim. Phrase B is a separate fact.
B breaks A's assumption? Fill in the blank: ____""

Example 1:
Phrase A assumes no counter-evidence against its claim: no_evident_not_easy_check-in.
Phrase B is a separate fact: customer_wait_10_minute_for_greet.
B breaks A's assumption? Fill in the blank: Yes

Example 2:
Phrase A assumes no counter-evidence against its claim: no_evident_not_easy_check-in.
Phrase B is a separate fact: no_one_give_key_on_late_check-in.
B breaks A's assumption? Fill in the blank: No

Example 3:
Phrase A assumes no counter-evidence against its claim: no_evident_not_helpful_staff.
Phrase B is a separate fact: staff_not_speak_English_properly.
B breaks A's assumption? Fill in the blank: Yes

Example 4:
Phrase A assumes no counter-evidence against its claim: no_evident_not_helpful_staff.
Phrase B is a separate fact: not_kind_staff.
B breaks A's assumption? Fill in the blank: No

Now complete the blank for this pair. Output ONLY the missing word (Yes or No), nothing else.

Phrase A assumes no counter-evidence against its claim: have_evident_steep_ramp.
Phrase B is a separate fact: broke_lift.
B breaks A's assumption? Fill in the blank:
",No
2026-08-16 22:52:23,3,835,have_evident_not_convenient_parking,dangerous_ramp,"Complete the sentence by filling in the blank with exactly one word: Yes or No.

Template: ""Phrase A assumes no counter-evidence against its claim. Phrase B is a separate fact.
B breaks A's assumption? Fill in the blank: ____""

Example 1:
Phrase A assumes no counter-evidence against its claim: no_evident_not_easy_check-in.
Phrase B is a separate fact: customer_wait_10_minute_for_greet.
B breaks A's assumption? Fill in the blank: Yes

Example 2:
Phrase A assumes no counter-evidence against its claim: no_evident_not_easy_check-in.
Phrase B is a separate fact: no_one_give_key_on_late_check-in.
B breaks A's assumption? Fill in the blank: No

Example 3:
Phrase A assumes no counter-evidence against its claim: no_evident_not_helpful_staff.
Phrase B is a separate fact: staff_not_speak_English_properly.
B breaks A's assumption? Fill in the blank: Yes

Example 4:
Phrase A assumes no counter-evidence against its claim: no_evident_not_helpful_staff.
Phrase B is a separate fact: not_kind_staff.
B breaks A's assumption? Fill in the blank: No

Now complete the blank for this pair. Output ONLY the missing word (Yes or No), nothing else.

Phrase A assumes no counter-evidence against its claim: have_evident_not_convenient_parking.
Phrase B is a separate fact: dangerous_ramp.
B breaks A's assumption? Fill in the blank:
",No
2026-08-16 22:52:23,3,2471,have_evident_issue_with_internet,better_remove_pool_photo,"Complete the sentence by filling in the blank with exactly one word: Yes or No.

Template: ""Phrase A assumes no counter-evidence against its claim. Phrase B is a separate fact.
B breaks A's assumption? Fill in the blank: ____""

Example 1:
Phrase A assumes no counter-evidence against its claim: no_evident_not_easy_check-in.
Phrase B is a separate fact: customer_wait_10_minute_for_greet.
B breaks A's assumption? Fill in the blank: Yes

Example 2:
Phrase A assumes no counter-evidence against its claim: no_evident_not_easy_check-in.
Phrase B is a separate fact: no_one_give_key_on_late_check-in.
B breaks A's assumption? Fill in the blank: No

Example 3:
Phrase A assumes no counter-evidence against its claim: no_evident_not_helpful_staff.
Phrase B is a separate fact: staff_not_speak_English_properly.
B breaks A's assumption? Fill in the blank: Yes

Example 4:
Phrase A assumes no counter-evidence against its claim: no_evident_not_helpful_staff.
Phrase B is a separate fact: not_kind_staff.
B breaks A's assumption? Fill in the blank: No

Now complete the blank for this pair. Output ONLY the missing word (Yes or No), nothing else.

Phrase A assumes no counter-evidence against its claim: have_evident_issue_with_internet.
Phrase B is a separate fact: better_remove_pool_photo.
B breaks A's assumption? Fill in the blank:
",No
2026-08-16 22:52:23,3,992,have_evident_main_door_slam_at_night,elevator_need_cleaning,"Complete the sentence by filling in the blank with exactly one word: Yes or No.

Template: ""Phrase A assumes no counter-evidence against its claim. Phrase B is a separate fact.
B breaks A's assumption? Fill in the blank: ____""

Example 1:
Phrase A assumes no counter-evidence against its claim: no_evident_not_easy_check-in.
Phrase B is a separate fact: customer_wait_10_minute_for_greet.
B breaks A's assumption? Fill in the blank: Yes

Example 2:
Phrase A assumes no counter-evidence against its claim: no_evident_not_easy_check-in.
Phrase B is a separate fact: no_one_give_key_on_late_check-in.
B breaks A's assumption? Fill in the blank: No

Example 3:
Phrase A assumes no counter-evidence against its claim: no_evident_not_helpful_staff.
Phrase B is a separate fact: staff_not_speak_English_properly.
B breaks A's assumption? Fill in the blank: Yes

Example 4:
Phrase A assumes no counter-evidence against its claim: no_evident_not_helpful_staff.
Phrase B is a separate fact: not_kind_staff.
B breaks A's assumption? Fill in the blank: No

Now complete the blank for this pair. Output ONLY the missing word (Yes or No), nothing else.

Phrase A assumes no counter-evidence against its claim: have_evident_main_door_slam_at_night.
Phrase B is a separate fact: elevator_need_cleaning.
B breaks A's assumption? Fill in the blank:
",No
2026-08-16 22:52:23,3,337,have_evident_no_swimming_pool,no_24_hour_reception,"Complete the sentence by filling in the blank with exactly one word: Yes or No.

Template: ""Phrase A assumes no counter-evidence against its claim. Phrase B is a separate fact.
B breaks A's assumption? Fill in the blank: ____""

Example 1:
Phrase A assumes no counter-evidence against its claim: no_evident_not_easy_check-in.
Phrase B is a separate fact: customer_wait_10_minute_for_greet.
B breaks A's assumption? Fill in the blank: Yes

Example 2:
Phrase A assumes no counter-evidence against its claim: no_evident_not_easy_check-in.
Phrase B is a separate fact: no_one_give_key_on_late_check-in.
B breaks A's assumption? Fill in the blank: No

Example 3:
Phrase A assumes no counter-evidence against its claim: no_evident_not_helpful_staff.
Phrase B is a separate fact: staff_not_speak_English_properly.
B breaks A's assumption? Fill in the blank: Yes

Example 4:
Phrase A assumes no counter-evidence against its claim: no_evident_not_helpful_staff.
Phrase B is a separate fact: not_kind_staff.
B breaks A's assumption? Fill in the blank: No

Now complete the blank for this pair. Output ONLY the missing word (Yes or No), nothing else.

Phrase A assumes no counter-evidence against its claim: have_evident_no_swimming_pool.
Phrase B is a separate fact: no_24_hour_reception.
B breaks A's assumption? Fill in the blank:
",No
2026-08-16 22:52:23,3,2845,have_evident_feel_cold_inviting,dangerous_ramp,"Complete the sentence by filling in the blank with exactly one word: Yes or No.

Template: ""Phrase A assumes no counter-evidence against its claim. Phrase B is a separate fact.
B breaks A's assumption? Fill in the blank: ____""

Example 1:
Phrase A assumes no counter-evidence against its claim: no_evident_not_easy_check-in.
Phrase B is a separate fact: customer_wait_10_minute_for_greet.
B breaks A's assumption? Fill in the blank: Yes

Example 2:
Phrase A assumes no counter-evidence against its claim: no_evident_not_easy_check-in.
Phrase B is a separate fact: no_one_give_key_on_late_check-in.
B breaks A's assumption? Fill in the blank: No

Example 3:
Phrase A assumes no counter-evidence against its claim: no_evident_not_helpful_staff.
Phrase B is a separate fact: staff_not_speak_English_properly.
B breaks A's assumption? Fill in the blank: Yes

Example 4:
Phrase A assumes no counter-evidence against its claim: no_evident_not_helpful_staff.
Phrase B is a separate fact: not_kind_staff.
B breaks A's assumption? Fill in the blank: No

Now complete the blank for this pair. Output ONLY the missing word (Yes or No), nothing else.

Phrase A assumes no counter-evidence against its claim: have_evident_feel_cold_inviting.
Phrase B is a separate fact: dangerous_ramp.
B breaks A's assumption? Fill in the blank:
",No
2026-08-16 22:52:23,3,4365,have_evident_not_encourage_to_use_deckchair,no_24_hour_kiosk_close_to_hotel,"Complete the sentence by filling in the blank with exactly one word: Yes or No.

Template: ""Phrase A assumes no counter-evidence against its claim. Phrase B is a separate fact.
B breaks A's assumption? Fill in the blank: ____""

Example 1:
Phrase A assumes no counter-evidence against its claim: no_evident_not_easy_check-in.
Phrase B is a separate fact: customer_wait_10_minute_for_greet.
B breaks A's assumption? Fill in the blank: Yes

Example 2:
Phrase A assumes no counter-evidence against its claim: no_evident_not_easy_check-in.
Phrase B is a separate fact: no_one_give_key_on_late_check-in.
B breaks A's assumption? Fill in the blank: No

Example 3:
Phrase A assumes no counter-evidence against its claim: no_evident_not_helpful_staff.
Phrase B is a separate fact: staff_not_speak_English_properly.
B breaks A's assumption? Fill in the blank: Yes

Example 4:
Phrase A assumes no counter-evidence against its claim: no_evident_not_helpful_staff.
Phrase B is a separate fact: not_kind_staff.
B breaks A's assumption? Fill in the blank: No

Now complete the blank for this pair. Output ONLY the missing word (Yes or No), nothing else.

Phrase A assumes no counter-evidence against its claim: have_evident_not_encourage_to_use_deckchair.
Phrase B is a separate fact: no_24_hour_kiosk_close_to_hotel.
B breaks A's assumption? Fill in the blank:
",No
2026-08-16 22:52:23,3,3510,have_evident_little_parking_in_evening,common_area_light_not_worked_well,"Complete the sentence by filling in the blank with exactly one word: Yes or No.

Template: ""Phrase A assumes no counter-evidence against its claim. Phrase B is a separate fact.
B breaks A's assumption? Fill in the blank: ____""

Example 1:
Phrase A assumes no counter-evidence against its claim: no_evident_not_easy_check-in.
Phrase B is a separate fact: customer_wait_10_minute_for_greet.
B breaks A's assumption? Fill in the blank: Yes

Example 2:
Phrase A assumes no counter-evidence against its claim: no_evident_not_easy_check-in.
Phrase B is a separate fact: no_one_give_key_on_late_check-in.
B breaks A's assumption? Fill in the blank: No

Example 3:
Phrase A assumes no counter-evidence against its claim: no_evident_not_helpful_staff.
Phrase B is a separate fact: staff_not_speak_English_properly.
B breaks A's assumption? Fill in the blank: Yes

Example 4:
Phrase A assumes no counter-evidence against its claim: no_evident_not_helpful_staff.
Phrase B is a separate fact: not_kind_staff.
B breaks A's assumption? Fill in the blank: No

Now complete the blank for this pair. Output ONLY the missing word (Yes or No), nothing else.

Phrase A assumes no counter-evidence against its claim: have_evident_little_parking_in_evening.
Phrase B is a separate fact: common_area_light_not_worked_well.
B breaks A's assumption? Fill in the blank:
",No
2026-08-16 22:52:23,3,3036,have_evident_badly_maintain_hotel_installation,outside_view_not_excellent,"Complete the sentence by filling in the blank with exactly one word: Yes or No.

Template: ""Phrase A assumes no counter-evidence against its claim. Phrase B is a separate fact.
B breaks A's assumption? Fill in the blank: ____""

Example 1:
Phrase A assumes no counter-evidence against its claim: no_evident_not_easy_check-in.
Phrase B is a separate fact: customer_wait_10_minute_for_greet.
B breaks A's assumption? Fill in the blank: Yes

Example 2:
Phrase A assumes no counter-evidence against its claim: no_evident_not_easy_check-in.
Phrase B is a separate fact: no_one_give_key_on_late_check-in.
B breaks A's assumption? Fill in the blank: No

Example 3:
Phrase A assumes no counter-evidence against its claim: no_evident_not_helpful_staff.
Phrase B is a separate fact: staff_not_speak_English_properly.
B breaks A's assumption? Fill in the blank: Yes

Example 4:
Phrase A assumes no counter-evidence against its claim: no_evident_not_helpful_staff.
Phrase B is a separate fact: not_kind_staff.
B breaks A's assumption? Fill in the blank: No

Now complete the blank for this pair. Output ONLY the missing word (Yes or No), nothing else.

Phrase A assumes no counter-evidence against its claim: have_evident_badly_maintain_hotel_installation.
Phrase B is a separate fact: outside_view_not_excellent.
B breaks A's assumption? Fill in the blank:
",No
2026-08-16 22:52:24,3,565,have_evident_nothing_to_do,not_EU_regulation_ramp,"Complete the sentence by filling in the blank with exactly one word: Yes or No.

Template: ""Phrase A assumes no counter-evidence against its claim. Phrase B is a separate fact.
B breaks A's assumption? Fill in the blank: ____""

Example 1:
Phrase A assumes no counter-evidence against its claim: no_evident_not_easy_check-in.
Phrase B is a separate fact: customer_wait_10_minute_for_greet.
B breaks A's assumption? Fill in the blank: Yes

Example 2:
Phrase A assumes no counter-evidence against its claim: no_evident_not_easy_check-in.
Phrase B is a separate fact: no_one_give_key_on_late_check-in.
B breaks A's assumption? Fill in the blank: No

Example 3:
Phrase A assumes no counter-evidence against its claim: no_evident_not_helpful_staff.
Phrase B is a separate fact: staff_not_speak_English_properly.
B breaks A's assumption? Fill in the blank: Yes

Example 4:
Phrase A assumes no counter-evidence against its claim: no_evident_not_helpful_staff.
Phrase B is a separate fact: not_kind_staff.
B breaks A's assumption? Fill in the blank: No

Now complete the blank for this pair. Output ONLY the missing word (Yes or No), nothing else.

Phrase A assumes no counter-evidence against its claim: have_evident_nothing_to_do.
Phrase B is a separate fact: not_EU_regulation_ramp.
B breaks A's assumption? Fill in the blank:
",No
2026-08-16 22:52:24,3,2796,have_evident_available_facility_not_clear_on_booking,not_accurate_pool_picture,"Complete the sentence by filling in the blank with exactly one word: Yes or No.

Template: ""Phrase A assumes no counter-evidence against its claim. Phrase B is a separate fact.
B breaks A's assumption? Fill in the blank: ____""

Example 1:
Phrase A assumes no counter-evidence against its claim: no_evident_not_easy_check-in.
Phrase B is a separate fact: customer_wait_10_minute_for_greet.
B breaks A's assumption? Fill in the blank: Yes

Example 2:
Phrase A assumes no counter-evidence against its claim: no_evident_not_easy_check-in.
Phrase B is a separate fact: no_one_give_key_on_late_check-in.
B breaks A's assumption? Fill in the blank: No

Example 3:
Phrase A assumes no counter-evidence against its claim: no_evident_not_helpful_staff.
Phrase B is a separate fact: staff_not_speak_English_properly.
B breaks A's assumption? Fill in the blank: Yes

Example 4:
Phrase A assumes no counter-evidence against its claim: no_evident_not_helpful_staff.
Phrase B is a separate fact: not_kind_staff.
B breaks A's assumption? Fill in the blank: No

Now complete the blank for this pair. Output ONLY the missing word (Yes or No), nothing else.

Phrase A assumes no counter-evidence against its claim: have_evident_available_facility_not_clear_on_booking.
Phrase B is a separate fact: not_accurate_pool_picture.
B breaks A's assumption? Fill in the blank:
",No
2026-08-16 22:52:24,3,104,have_evident_no_24_hour_reception,issue_with_internet,"Complete the sentence by filling in the blank with exactly one word: Yes or No.

Template: ""Phrase A assumes no counter-evidence against its claim. Phrase B is a separate fact.
B breaks A's assumption? Fill in the blank: ____""

Example 1:
Phrase A assumes no counter-evidence against its claim: no_evident_not_easy_check-in.
Phrase B is a separate fact: customer_wait_10_minute_for_greet.
B breaks A's assumption? Fill in the blank: Yes

Example 2:
Phrase A assumes no counter-evidence against its claim: no_evident_not_easy_check-in.
Phrase B is a separate fact: no_one_give_key_on_late_check-in.
B breaks A's assumption? Fill in the blank: No

Example 3:
Phrase A assumes no counter-evidence against its claim: no_evident_not_helpful_staff.
Phrase B is a separate fact: staff_not_speak_English_properly.
B breaks A's assumption? Fill in the blank: Yes

Example 4:
Phrase A assumes no counter-evidence against its claim: no_evident_not_helpful_staff.
Phrase B is a separate fact: not_kind_staff.
B breaks A's assumption? Fill in the blank: No

Now complete the blank for this pair. Output ONLY the missing word (Yes or No), nothing else.

Phrase A assumes no counter-evidence against its claim: have_evident_no_24_hour_reception.
Phrase B is a separate fact: issue_with_internet.
B breaks A's assumption? Fill in the blank:
",No
2026-08-16 22:52:24,3,4016,have_evident_small_swimming_pool,not_everything_perfect_yet,"Complete the sentence by filling in the blank with exactly one word: Yes or No.

Template: ""Phrase A assumes no counter-evidence against its claim. Phrase B is a separate fact.
B breaks A's assumption? Fill in the blank: ____""

Example 1:
Phrase A assumes no counter-evidence against its claim: no_evident_not_easy_check-in.
Phrase B is a separate fact: customer_wait_10_minute_for_greet.
B breaks A's assumption? Fill in the blank: Yes

Example 2:
Phrase A assumes no counter-evidence against its claim: no_evident_not_easy_check-in.
Phrase B is a separate fact: no_one_give_key_on_late_check-in.
B breaks A's assumption? Fill in the blank: No

Example 3:
Phrase A assumes no counter-evidence against its claim: no_evident_not_helpful_staff.
Phrase B is a separate fact: staff_not_speak_English_properly.
B breaks A's assumption? Fill in the blank: Yes

Example 4:
Phrase A assumes no counter-evidence against its claim: no_evident_not_helpful_staff.
Phrase B is a separate fact: not_kind_staff.
B breaks A's assumption? Fill in the blank: No

Now complete the blank for this pair. Output ONLY the missing word (Yes or No), nothing else.

Phrase A assumes no counter-evidence against its claim: have_evident_small_swimming_pool.
Phrase B is a separate fact: not_everything_perfect_yet.
B breaks A's assumption? Fill in the blank:
",No
2026-08-16 22:52:24,3,865,have_evident_not_convenient_parking,dirty_swimming_pool,"Complete the sentence by filling in the blank with exactly one word: Yes or No.

Template: ""Phrase A assumes no counter-evidence against its claim. Phrase B is a separate fact.
B breaks A's assumption? Fill in the blank: ____""

Example 1:
Phrase A assumes no counter-evidence against its claim: no_evident_not_easy_check-in.
Phrase B is a separate fact: customer_wait_10_minute_for_greet.
B breaks A's assumption? Fill in the blank: Yes

Example 2:
Phrase A assumes no counter-evidence against its claim: no_evident_not_easy_check-in.
Phrase B is a separate fact: no_one_give_key_on_late_check-in.
B breaks A's assumption? Fill in the blank: No

Example 3:
Phrase A assumes no counter-evidence against its claim: no_evident_not_helpful_staff.
Phrase B is a separate fact: staff_not_speak_English_properly.
B breaks A's assumption? Fill in the blank: Yes

Example 4:
Phrase A assumes no counter-evidence against its claim: no_evident_not_helpful_staff.
Phrase B is a separate fact: not_kind_staff.
B breaks A's assumption? Fill in the blank: No

Now complete the blank for this pair. Output ONLY the missing word (Yes or No), nothing else.

Phrase A assumes no counter-evidence against its claim: have_evident_not_convenient_parking.
Phrase B is a separate fact: dirty_swimming_pool.
B breaks A's assumption? Fill in the blank:
",No
2026-08-16 22:52:24,3,3552,have_evident_elevator_need_cleaning,not_big_hotel,"Complete the sentence by filling in the blank with exactly one word: Yes or No.

Template: ""Phrase A assumes no counter-evidence against its claim. Phrase B is a separate fact.
B breaks A's assumption? Fill in the blank: ____""

Example 1:
Phrase A assumes no counter-evidence against its claim: no_evident_not_easy_check-in.
Phrase B is a separate fact: customer_wait_10_minute_for_greet.
B breaks A's assumption? Fill in the blank: Yes

Example 2:
Phrase A assumes no counter-evidence against its claim: no_evident_not_easy_check-in.
Phrase B is a separate fact: no_one_give_key_on_late_check-in.
B breaks A's assumption? Fill in the blank: No

Example 3:
Phrase A assumes no counter-evidence against its claim: no_evident_not_helpful_staff.
Phrase B is a separate fact: staff_not_speak_English_properly.
B breaks A's assumption? Fill in the blank: Yes

Example 4:
Phrase A assumes no counter-evidence against its claim: no_evident_not_helpful_staff.
Phrase B is a separate fact: not_kind_staff.
B breaks A's assumption? Fill in the blank: No

Now complete the blank for this pair. Output ONLY the missing word (Yes or No), nothing else.

Phrase A assumes no counter-evidence against its claim: have_evident_elevator_need_cleaning.
Phrase B is a separate fact: not_big_hotel.
B breaks A's assumption? Fill in the blank:
",No
2026-08-16 22:52:25,3,2968,have_evident_minimalistic_hotel,not_much_parking,"Complete the sentence by filling in the blank with exactly one word: Yes or No.

Template: ""Phrase A assumes no counter-evidence against its claim. Phrase B is a separate fact.
B breaks A's assumption? Fill in the blank: ____""

Example 1:
Phrase A assumes no counter-evidence against its claim: no_evident_not_easy_check-in.
Phrase B is a separate fact: customer_wait_10_minute_for_greet.
B breaks A's assumption? Fill in the blank: Yes

Example 2:
Phrase A assumes no counter-evidence against its claim: no_evident_not_easy_check-in.
Phrase B is a separate fact: no_one_give_key_on_late_check-in.
B breaks A's assumption? Fill in the blank: No

Example 3:
Phrase A assumes no counter-evidence against its claim: no_evident_not_helpful_staff.
Phrase B is a separate fact: staff_not_speak_English_properly.
B breaks A's assumption? Fill in the blank: Yes

Example 4:
Phrase A assumes no counter-evidence against its claim: no_evident_not_helpful_staff.
Phrase B is a separate fact: not_kind_staff.
B breaks A's assumption? Fill in the blank: No

Now complete the blank for this pair. Output ONLY the missing word (Yes or No), nothing else.

Phrase A assumes no counter-evidence against its claim: have_evident_minimalistic_hotel.
Phrase B is a separate fact: not_much_parking.
B breaks A's assumption? Fill in the blank:
",No
2026-08-16 22:52:25,3,3767,have_evident_old_furniture,main_door_slam_at_night,"Complete the sentence by filling in the blank with exactly one word: Yes or No.

Template: ""Phrase A assumes no counter-evidence against its claim. Phrase B is a separate fact.
B breaks A's assumption? Fill in the blank: ____""

Example 1:
Phrase A assumes no counter-evidence against its claim: no_evident_not_easy_check-in.
Phrase B is a separate fact: customer_wait_10_minute_for_greet.
B breaks A's assumption? Fill in the blank: Yes

Example 2:
Phrase A assumes no counter-evidence against its claim: no_evident_not_easy_check-in.
Phrase B is a separate fact: no_one_give_key_on_late_check-in.
B breaks A's assumption? Fill in the blank: No

Example 3:
Phrase A assumes no counter-evidence against its claim: no_evident_not_helpful_staff.
Phrase B is a separate fact: staff_not_speak_English_properly.
B breaks A's assumption? Fill in the blank: Yes

Example 4:
Phrase A assumes no counter-evidence against its claim: no_evident_not_helpful_staff.
Phrase B is a separate fact: not_kind_staff.
B breaks A's assumption? Fill in the blank: No

Now complete the blank for this pair. Output ONLY the missing word (Yes or No), nothing else.

Phrase A assumes no counter-evidence against its claim: have_evident_old_furniture.
Phrase B is a separate fact: main_door_slam_at_night.
B breaks A's assumption? Fill in the blank:
",No
2026-08-16 22:52:25,3,1254,have_evident_tiny_pool,not_accurate_hotel_installation_picture,"Complete the sentence by filling in the blank with exactly one word: Yes or No.

Template: ""Phrase A assumes no counter-evidence against its claim. Phrase B is a separate fact.
B breaks A's assumption? Fill in the blank: ____""

Example 1:
Phrase A assumes no counter-evidence against its claim: no_evident_not_easy_check-in.
Phrase B is a separate fact: customer_wait_10_minute_for_greet.
B breaks A's assumption? Fill in the blank: Yes

Example 2:
Phrase A assumes no counter-evidence against its claim: no_evident_not_easy_check-in.
Phrase B is a separate fact: no_one_give_key_on_late_check-in.
B breaks A's assumption? Fill in the blank: No

Example 3:
Phrase A assumes no counter-evidence against its claim: no_evident_not_helpful_staff.
Phrase B is a separate fact: staff_not_speak_English_properly.
B breaks A's assumption? Fill in the blank: Yes

Example 4:
Phrase A assumes no counter-evidence against its claim: no_evident_not_helpful_staff.
Phrase B is a separate fact: not_kind_staff.
B breaks A's assumption? Fill in the blank: No

Now complete the blank for this pair. Output ONLY the missing word (Yes or No), nothing else.

Phrase A assumes no counter-evidence against its claim: have_evident_tiny_pool.
Phrase B is a separate fact: not_accurate_hotel_installation_picture.
B breaks A's assumption? Fill in the blank:
",No
2026-08-16 22:52:25,3,3568,have_evident_elevator_need_cleaning,no_safety_strip_on_stair,"Complete the sentence by filling in the blank with exactly one word: Yes or No.

Template: ""Phrase A assumes no counter-evidence against its claim. Phrase B is a separate fact.
B breaks A's assumption? Fill in the blank: ____""

Example 1:
Phrase A assumes no counter-evidence against its claim: no_evident_not_easy_check-in.
Phrase B is a separate fact: customer_wait_10_minute_for_greet.
B breaks A's assumption? Fill in the blank: Yes

Example 2:
Phrase A assumes no counter-evidence against its claim: no_evident_not_easy_check-in.
Phrase B is a separate fact: no_one_give_key_on_late_check-in.
B breaks A's assumption? Fill in the blank: No

Example 3:
Phrase A assumes no counter-evidence against its claim: no_evident_not_helpful_staff.
Phrase B is a separate fact: staff_not_speak_English_properly.
B breaks A's assumption? Fill in the blank: Yes

Example 4:
Phrase A assumes no counter-evidence against its claim: no_evident_not_helpful_staff.
Phrase B is a separate fact: not_kind_staff.
B breaks A's assumption? Fill in the blank: No

Now complete the blank for this pair. Output ONLY the missing word (Yes or No), nothing else.

Phrase A assumes no counter-evidence against its claim: have_evident_elevator_need_cleaning.
Phrase B is a separate fact: no_safety_strip_on_stair.
B breaks A's assumption? Fill in the blank:
",No
2026-08-16 22:52:25,3,1443,have_evident_pool_could_be_bigger,park_wherever_you_find,"Complete the sentence by filling in the blank with exactly one word: Yes or No.

Template: ""Phrase A assumes no counter-evidence against its claim. Phrase B is a separate fact.
B breaks A's assumption? Fill in the blank: ____""

Example 1:
Phrase A assumes no counter-evidence against its claim: no_evident_not_easy_check-in.
Phrase B is a separate fact: customer_wait_10_minute_for_greet.
B breaks A's assumption? Fill in the blank: Yes

Example 2:
Phrase A assumes no counter-evidence against its claim: no_evident_not_easy_check-in.
Phrase B is a separate fact: no_one_give_key_on_late_check-in.
B breaks A's assumption? Fill in the blank: No

Example 3:
Phrase A assumes no counter-evidence against its claim: no_evident_not_helpful_staff.
Phrase B is a separate fact: staff_not_speak_English_properly.
B breaks A's assumption? Fill in the blank: Yes

Example 4:
Phrase A assumes no counter-evidence against its claim: no_evident_not_helpful_staff.
Phrase B is a separate fact: not_kind_staff.
B breaks A's assumption? Fill in the blank: No

Now complete the blank for this pair. Output ONLY the missing word (Yes or No), nothing else.

Phrase A assumes no counter-evidence against its claim: have_evident_pool_could_be_bigger.
Phrase B is a separate fact: park_wherever_you_find.
B breaks A's assumption? Fill in the blank:
",No
2026-08-16 22:52:26,3,2213,have_evident_street_parking,no_24_hour_reception,"Complete the sentence by filling in the blank with exactly one word: Yes or No.

Template: ""Phrase A assumes no counter-evidence against its claim. Phrase B is a separate fact.
B breaks A's assumption? Fill in the blank: ____""

Example 1:
Phrase A assumes no counter-evidence against its claim: no_evident_not_easy_check-in.
Phrase B is a separate fact: customer_wait_10_minute_for_greet.
B breaks A's assumption? Fill in the blank: Yes

Example 2:
Phrase A assumes no counter-evidence against its claim: no_evident_not_easy_check-in.
Phrase B is a separate fact: no_one_give_key_on_late_check-in.
B breaks A's assumption? Fill in the blank: No

Example 3:
Phrase A assumes no counter-evidence against its claim: no_evident_not_helpful_staff.
Phrase B is a separate fact: staff_not_speak_English_properly.
B breaks A's assumption? Fill in the blank: Yes

Example 4:
Phrase A assumes no counter-evidence against its claim: no_evident_not_helpful_staff.
Phrase B is a separate fact: not_kind_staff.
B breaks A's assumption? Fill in the blank: No

Now complete the blank for this pair. Output ONLY the missing word (Yes or No), nothing else.

Phrase A assumes no counter-evidence against its claim: have_evident_street_parking.
Phrase B is a separate fact: no_24_hour_reception.
B breaks A's assumption? Fill in the blank:
",No
2026-08-16 22:52:26,3,4275,have_evident_not_encourage_to_use_relaxation_zone,elevator_need_cleaning,"Complete the sentence by filling in the blank with exactly one word: Yes or No.

Template: ""Phrase A assumes no counter-evidence against its claim. Phrase B is a separate fact.
B breaks A's assumption? Fill in the blank: ____""

Example 1:
Phrase A assumes no counter-evidence against its claim: no_evident_not_easy_check-in.
Phrase B is a separate fact: customer_wait_10_minute_for_greet.
B breaks A's assumption? Fill in the blank: Yes

Example 2:
Phrase A assumes no counter-evidence against its claim: no_evident_not_easy_check-in.
Phrase B is a separate fact: no_one_give_key_on_late_check-in.
B breaks A's assumption? Fill in the blank: No

Example 3:
Phrase A assumes no counter-evidence against its claim: no_evident_not_helpful_staff.
Phrase B is a separate fact: staff_not_speak_English_properly.
B breaks A's assumption? Fill in the blank: Yes

Example 4:
Phrase A assumes no counter-evidence against its claim: no_evident_not_helpful_staff.
Phrase B is a separate fact: not_kind_staff.
B breaks A's assumption? Fill in the blank: No

Now complete the blank for this pair. Output ONLY the missing word (Yes or No), nothing else.

Phrase A assumes no counter-evidence against its claim: have_evident_not_encourage_to_use_relaxation_zone.
Phrase B is a separate fact: elevator_need_cleaning.
B breaks A's assumption? Fill in the blank:
",No
2026-08-16 22:52:26,3,4409,have_evident_not_encourage_to_use_deckchair,elevator_need_cleaning,"Complete the sentence by filling in the blank with exactly one word: Yes or No.

Template: ""Phrase A assumes no counter-evidence against its claim. Phrase B is a separate fact.
B breaks A's assumption? Fill in the blank: ____""

Example 1:
Phrase A assumes no counter-evidence against its claim: no_evident_not_easy_check-in.
Phrase B is a separate fact: customer_wait_10_minute_for_greet.
B breaks A's assumption? Fill in the blank: Yes

Example 2:
Phrase A assumes no counter-evidence against its claim: no_evident_not_easy_check-in.
Phrase B is a separate fact: no_one_give_key_on_late_check-in.
B breaks A's assumption? Fill in the blank: No

Example 3:
Phrase A assumes no counter-evidence against its claim: no_evident_not_helpful_staff.
Phrase B is a separate fact: staff_not_speak_English_properly.
B breaks A's assumption? Fill in the blank: Yes

Example 4:
Phrase A assumes no counter-evidence against its claim: no_evident_not_helpful_staff.
Phrase B is a separate fact: not_kind_staff.
B breaks A's assumption? Fill in the blank: No

Now complete the blank for this pair. Output ONLY the missing word (Yes or No), nothing else.

Phrase A assumes no counter-evidence against its claim: have_evident_not_encourage_to_use_deckchair.
Phrase B is a separate fact: elevator_need_cleaning.
B breaks A's assumption? Fill in the blank:
",No
2026-08-16 22:52:26,3,3961,have_evident_small_swimming_pool,slow_elevator,"Complete the sentence by filling in the blank with exactly one word: Yes or No.

Template: ""Phrase A assumes no counter-evidence against its claim. Phrase B is a separate fact.
B breaks A's assumption? Fill in the blank: ____""

Example 1:
Phrase A assumes no counter-evidence against its claim: no_evident_not_easy_check-in.
Phrase B is a separate fact: customer_wait_10_minute_for_greet.
B breaks A's assumption? Fill in the blank: Yes

Example 2:
Phrase A assumes no counter-evidence against its claim: no_evident_not_easy_check-in.
Phrase B is a separate fact: no_one_give_key_on_late_check-in.
B breaks A's assumption? Fill in the blank: No

Example 3:
Phrase A assumes no counter-evidence against its claim: no_evident_not_helpful_staff.
Phrase B is a separate fact: staff_not_speak_English_properly.
B breaks A's assumption? Fill in the blank: Yes

Example 4:
Phrase A assumes no counter-evidence against its claim: no_evident_not_helpful_staff.
Phrase B is a separate fact: not_kind_staff.
B breaks A's assumption? Fill in the blank: No

Now complete the blank for this pair. Output ONLY the missing word (Yes or No), nothing else.

Phrase A assumes no counter-evidence against its claim: have_evident_small_swimming_pool.
Phrase B is a separate fact: slow_elevator.
B breaks A's assumption? Fill in the blank:
",No
2026-08-16 22:52:26,3,3809,have_evident_old_furniture,old_furniture,"Complete the sentence by filling in the blank with exactly one word: Yes or No.

Template: ""Phrase A assumes no counter-evidence against its claim. Phrase B is a separate fact.
B breaks A's assumption? Fill in the blank: ____""

Example 1:
Phrase A assumes no counter-evidence against its claim: no_evident_not_easy_check-in.
Phrase B is a separate fact: customer_wait_10_minute_for_greet.
B breaks A's assumption? Fill in the blank: Yes

Example 2:
Phrase A assumes no counter-evidence against its claim: no_evident_not_easy_check-in.
Phrase B is a separate fact: no_one_give_key_on_late_check-in.
B breaks A's assumption? Fill in the blank: No

Example 3:
Phrase A assumes no counter-evidence against its claim: no_evident_not_helpful_staff.
Phrase B is a separate fact: staff_not_speak_English_properly.
B breaks A's assumption? Fill in the blank: Yes

Example 4:
Phrase A assumes no counter-evidence against its claim: no_evident_not_helpful_staff.
Phrase B is a separate fact: not_kind_staff.
B breaks A's assumption? Fill in the blank: No

Now complete the blank for this pair. Output ONLY the missing word (Yes or No), nothing else.

Phrase A assumes no counter-evidence against its claim: have_evident_old_furniture.
Phrase B is a separate fact: old_furniture.
B breaks A's assumption? Fill in the blank:
",No
2026-08-16 22:52:26,3,3569,have_evident_elevator_need_cleaning,cold_for_swim,"Complete the sentence by filling in the blank with exactly one word: Yes or No.

Template: ""Phrase A assumes no counter-evidence against its claim. Phrase B is a separate fact.
B breaks A's assumption? Fill in the blank: ____""

Example 1:
Phrase A assumes no counter-evidence against its claim: no_evident_not_easy_check-in.
Phrase B is a separate fact: customer_wait_10_minute_for_greet.
B breaks A's assumption? Fill in the blank: Yes

Example 2:
Phrase A assumes no counter-evidence against its claim: no_evident_not_easy_check-in.
Phrase B is a separate fact: no_one_give_key_on_late_check-in.
B breaks A's assumption? Fill in the blank: No

Example 3:
Phrase A assumes no counter-evidence against its claim: no_evident_not_helpful_staff.
Phrase B is a separate fact: staff_not_speak_English_properly.
B breaks A's assumption? Fill in the blank: Yes

Example 4:
Phrase A assumes no counter-evidence against its claim: no_evident_not_helpful_staff.
Phrase B is a separate fact: not_kind_staff.
B breaks A's assumption? Fill in the blank: No

Now complete the blank for this pair. Output ONLY the missing word (Yes or No), nothing else.

Phrase A assumes no counter-evidence against its claim: have_evident_elevator_need_cleaning.
Phrase B is a separate fact: cold_for_swim.
B breaks A's assumption? Fill in the blank:
",No
2026-08-16 22:52:26,3,2199,have_evident_limited_parking,elevator_need_renovation,"Complete the sentence by filling in the blank with exactly one word: Yes or No.

Template: ""Phrase A assumes no counter-evidence against its claim. Phrase B is a separate fact.
B breaks A's assumption? Fill in the blank: ____""

Example 1:
Phrase A assumes no counter-evidence against its claim: no_evident_not_easy_check-in.
Phrase B is a separate fact: customer_wait_10_minute_for_greet.
B breaks A's assumption? Fill in the blank: Yes

Example 2:
Phrase A assumes no counter-evidence against its claim: no_evident_not_easy_check-in.
Phrase B is a separate fact: no_one_give_key_on_late_check-in.
B breaks A's assumption? Fill in the blank: No

Example 3:
Phrase A assumes no counter-evidence against its claim: no_evident_not_helpful_staff.
Phrase B is a separate fact: staff_not_speak_English_properly.
B breaks A's assumption? Fill in the blank: Yes

Example 4:
Phrase A assumes no counter-evidence against its claim: no_evident_not_helpful_staff.
Phrase B is a separate fact: not_kind_staff.
B breaks A's assumption? Fill in the blank: No

Now complete the blank for this pair. Output ONLY the missing word (Yes or No), nothing else.

Phrase A assumes no counter-evidence against its claim: have_evident_limited_parking.
Phrase B is a separate fact: elevator_need_renovation.
B breaks A's assumption? Fill in the blank:
",No
2026-08-16 22:52:27,3,2641,have_evident_no_restaurant_on_off_season,head_bump_doorway,"Complete the sentence by filling in the blank with exactly one word: Yes or No.

Template: ""Phrase A assumes no counter-evidence against its claim. Phrase B is a separate fact.
B breaks A's assumption? Fill in the blank: ____""

Example 1:
Phrase A assumes no counter-evidence against its claim: no_evident_not_easy_check-in.
Phrase B is a separate fact: customer_wait_10_minute_for_greet.
B breaks A's assumption? Fill in the blank: Yes

Example 2:
Phrase A assumes no counter-evidence against its claim: no_evident_not_easy_check-in.
Phrase B is a separate fact: no_one_give_key_on_late_check-in.
B breaks A's assumption? Fill in the blank: No

Example 3:
Phrase A assumes no counter-evidence against its claim: no_evident_not_helpful_staff.
Phrase B is a separate fact: staff_not_speak_English_properly.
B breaks A's assumption? Fill in the blank: Yes

Example 4:
Phrase A assumes no counter-evidence against its claim: no_evident_not_helpful_staff.
Phrase B is a separate fact: not_kind_staff.
B breaks A's assumption? Fill in the blank: No

Now complete the blank for this pair. Output ONLY the missing word (Yes or No), nothing else.

Phrase A assumes no counter-evidence against its claim: have_evident_no_restaurant_on_off_season.
Phrase B is a separate fact: head_bump_doorway.
B breaks A's assumption? Fill in the blank:
",No
2026-08-16 22:52:27,3,2012,have_evident_dangerous_ramp,no_24_hour_reception,"Complete the sentence by filling in the blank with exactly one word: Yes or No.

Template: ""Phrase A assumes no counter-evidence against its claim. Phrase B is a separate fact.
B breaks A's assumption? Fill in the blank: ____""

Example 1:
Phrase A assumes no counter-evidence against its claim: no_evident_not_easy_check-in.
Phrase B is a separate fact: customer_wait_10_minute_for_greet.
B breaks A's assumption? Fill in the blank: Yes

Example 2:
Phrase A assumes no counter-evidence against its claim: no_evident_not_easy_check-in.
Phrase B is a separate fact: no_one_give_key_on_late_check-in.
B breaks A's assumption? Fill in the blank: No

Example 3:
Phrase A assumes no counter-evidence against its claim: no_evident_not_helpful_staff.
Phrase B is a separate fact: staff_not_speak_English_properly.
B breaks A's assumption? Fill in the blank: Yes

Example 4:
Phrase A assumes no counter-evidence against its claim: no_evident_not_helpful_staff.
Phrase B is a separate fact: not_kind_staff.
B breaks A's assumption? Fill in the blank: No

Now complete the blank for this pair. Output ONLY the missing word (Yes or No), nothing else.

Phrase A assumes no counter-evidence against its claim: have_evident_dangerous_ramp.
Phrase B is a separate fact: no_24_hour_reception.
B breaks A's assumption? Fill in the blank:
",No
2026-08-16 22:52:27,3,710,have_evident_no_own_parking_lot,no_restaurant_on_off_season,"Complete the sentence by filling in the blank with exactly one word: Yes or No.

Template: ""Phrase A assumes no counter-evidence against its claim. Phrase B is a separate fact.
B breaks A's assumption? Fill in the blank: ____""

Example 1:
Phrase A assumes no counter-evidence against its claim: no_evident_not_easy_check-in.
Phrase B is a separate fact: customer_wait_10_minute_for_greet.
B breaks A's assumption? Fill in the blank: Yes

Example 2:
Phrase A assumes no counter-evidence against its claim: no_evident_not_easy_check-in.
Phrase B is a separate fact: no_one_give_key_on_late_check-in.
B breaks A's assumption? Fill in the blank: No

Example 3:
Phrase A assumes no counter-evidence against its claim: no_evident_not_helpful_staff.
Phrase B is a separate fact: staff_not_speak_English_properly.
B breaks A's assumption? Fill in the blank: Yes

Example 4:
Phrase A assumes no counter-evidence against its claim: no_evident_not_helpful_staff.
Phrase B is a separate fact: not_kind_staff.
B breaks A's assumption? Fill in the blank: No

Now complete the blank for this pair. Output ONLY the missing word (Yes or No), nothing else.

Phrase A assumes no counter-evidence against its claim: have_evident_no_own_parking_lot.
Phrase B is a separate fact: no_restaurant_on_off_season.
B breaks A's assumption? Fill in the blank:
",No
2026-08-16 22:52:27,3,2285,have_evident_no_designated_parking,disgusting_outside,"Complete the sentence by filling in the blank with exactly one word: Yes or No.

Template: ""Phrase A assumes no counter-evidence against its claim. Phrase B is a separate fact.
B breaks A's assumption? Fill in the blank: ____""

Example 1:
Phrase A assumes no counter-evidence against its claim: no_evident_not_easy_check-in.
Phrase B is a separate fact: customer_wait_10_minute_for_greet.
B breaks A's assumption? Fill in the blank: Yes

Example 2:
Phrase A assumes no counter-evidence against its claim: no_evident_not_easy_check-in.
Phrase B is a separate fact: no_one_give_key_on_late_check-in.
B breaks A's assumption? Fill in the blank: No

Example 3:
Phrase A assumes no counter-evidence against its claim: no_evident_not_helpful_staff.
Phrase B is a separate fact: staff_not_speak_English_properly.
B breaks A's assumption? Fill in the blank: Yes

Example 4:
Phrase A assumes no counter-evidence against its claim: no_evident_not_helpful_staff.
Phrase B is a separate fact: not_kind_staff.
B breaks A's assumption? Fill in the blank: No

Now complete the blank for this pair. Output ONLY the missing word (Yes or No), nothing else.

Phrase A assumes no counter-evidence against its claim: have_evident_no_designated_parking.
Phrase B is a separate fact: disgusting_outside.
B breaks A's assumption? Fill in the blank:
",No
2026-08-16 22:52:27,3,3693,have_evident_need_improvement_reception,slow_elevator,"Complete the sentence by filling in the blank with exactly one word: Yes or No.

Template: ""Phrase A assumes no counter-evidence against its claim. Phrase B is a separate fact.
B breaks A's assumption? Fill in the blank: ____""

Example 1:
Phrase A assumes no counter-evidence against its claim: no_evident_not_easy_check-in.
Phrase B is a separate fact: customer_wait_10_minute_for_greet.
B breaks A's assumption? Fill in the blank: Yes

Example 2:
Phrase A assumes no counter-evidence against its claim: no_evident_not_easy_check-in.
Phrase B is a separate fact: no_one_give_key_on_late_check-in.
B breaks A's assumption? Fill in the blank: No

Example 3:
Phrase A assumes no counter-evidence against its claim: no_evident_not_helpful_staff.
Phrase B is a separate fact: staff_not_speak_English_properly.
B breaks A's assumption? Fill in the blank: Yes

Example 4:
Phrase A assumes no counter-evidence against its claim: no_evident_not_helpful_staff.
Phrase B is a separate fact: not_kind_staff.
B breaks A's assumption? Fill in the blank: No

Now complete the blank for this pair. Output ONLY the missing word (Yes or No), nothing else.

Phrase A assumes no counter-evidence against its claim: have_evident_need_improvement_reception.
Phrase B is a separate fact: slow_elevator.
B breaks A's assumption? Fill in the blank:
",No
2026-08-16 22:52:27,3,1998,have_evident_steep_ramp,elevator_need_renovation,"Complete the sentence by filling in the blank with exactly one word: Yes or No.

Template: ""Phrase A assumes no counter-evidence against its claim. Phrase B is a separate fact.
B breaks A's assumption? Fill in the blank: ____""

Example 1:
Phrase A assumes no counter-evidence against its claim: no_evident_not_easy_check-in.
Phrase B is a separate fact: customer_wait_10_minute_for_greet.
B breaks A's assumption? Fill in the blank: Yes

Example 2:
Phrase A assumes no counter-evidence against its claim: no_evident_not_easy_check-in.
Phrase B is a separate fact: no_one_give_key_on_late_check-in.
B breaks A's assumption? Fill in the blank: No

Example 3:
Phrase A assumes no counter-evidence against its claim: no_evident_not_helpful_staff.
Phrase B is a separate fact: staff_not_speak_English_properly.
B breaks A's assumption? Fill in the blank: Yes

Example 4:
Phrase A assumes no counter-evidence against its claim: no_evident_not_helpful_staff.
Phrase B is a separate fact: not_kind_staff.
B breaks A's assumption? Fill in the blank: No

Now complete the blank for this pair. Output ONLY the missing word (Yes or No), nothing else.

Phrase A assumes no counter-evidence against its claim: have_evident_steep_ramp.
Phrase B is a separate fact: elevator_need_renovation.
B breaks A's assumption? Fill in the blank:
",No
2026-08-16 22:52:28,3,3105,have_evident_broke_lift,need_renovation_in_lobby,"Complete the sentence by filling in the blank with exactly one word: Yes or No.

Template: ""Phrase A assumes no counter-evidence against its claim. Phrase B is a separate fact.
B breaks A's assumption? Fill in the blank: ____""

Example 1:
Phrase A assumes no counter-evidence against its claim: no_evident_not_easy_check-in.
Phrase B is a separate fact: customer_wait_10_minute_for_greet.
B breaks A's assumption? Fill in the blank: Yes

Example 2:
Phrase A assumes no counter-evidence against its claim: no_evident_not_easy_check-in.
Phrase B is a separate fact: no_one_give_key_on_late_check-in.
B breaks A's assumption? Fill in the blank: No

Example 3:
Phrase A assumes no counter-evidence against its claim: no_evident_not_helpful_staff.
Phrase B is a separate fact: staff_not_speak_English_properly.
B breaks A's assumption? Fill in the blank: Yes

Example 4:
Phrase A assumes no counter-evidence against its claim: no_evident_not_helpful_staff.
Phrase B is a separate fact: not_kind_staff.
B breaks A's assumption? Fill in the blank: No

Now complete the blank for this pair. Output ONLY the missing word (Yes or No), nothing else.

Phrase A assumes no counter-evidence against its claim: have_evident_broke_lift.
Phrase B is a separate fact: need_renovation_in_lobby.
B breaks A's assumption? Fill in the blank:
",No
2026-08-16 22:52:28,3,2756,have_evident_available_facility_not_clear_on_booking,nothing_to_do,"Complete the sentence by filling in the blank with exactly one word: Yes or No.

Template: ""Phrase A assumes no counter-evidence against its claim. Phrase B is a separate fact.
B breaks A's assumption? Fill in the blank: ____""

Example 1:
Phrase A assumes no counter-evidence against its claim: no_evident_not_easy_check-in.
Phrase B is a separate fact: customer_wait_10_minute_for_greet.
B breaks A's assumption? Fill in the blank: Yes

Example 2:
Phrase A assumes no counter-evidence against its claim: no_evident_not_easy_check-in.
Phrase B is a separate fact: no_one_give_key_on_late_check-in.
B breaks A's assumption? Fill in the blank: No

Example 3:
Phrase A assumes no counter-evidence against its claim: no_evident_not_helpful_staff.
Phrase B is a separate fact: staff_not_speak_English_properly.
B breaks A's assumption? Fill in the blank: Yes

Example 4:
Phrase A assumes no counter-evidence against its claim: no_evident_not_helpful_staff.
Phrase B is a separate fact: not_kind_staff.
B breaks A's assumption? Fill in the blank: No

Now complete the blank for this pair. Output ONLY the missing word (Yes or No), nothing else.

Phrase A assumes no counter-evidence against its claim: have_evident_available_facility_not_clear_on_booking.
Phrase B is a separate fact: nothing_to_do.
B breaks A's assumption? Fill in the blank:
",No
2026-08-16 22:52:28,3,236,have_evident_no_pool,no_designated_parking,"Complete the sentence by filling in the blank with exactly one word: Yes or No.

Template: ""Phrase A assumes no counter-evidence against its claim. Phrase B is a separate fact.
B breaks A's assumption? Fill in the blank: ____""

Example 1:
Phrase A assumes no counter-evidence against its claim: no_evident_not_easy_check-in.
Phrase B is a separate fact: customer_wait_10_minute_for_greet.
B breaks A's assumption? Fill in the blank: Yes

Example 2:
Phrase A assumes no counter-evidence against its claim: no_evident_not_easy_check-in.
Phrase B is a separate fact: no_one_give_key_on_late_check-in.
B breaks A's assumption? Fill in the blank: No

Example 3:
Phrase A assumes no counter-evidence against its claim: no_evident_not_helpful_staff.
Phrase B is a separate fact: staff_not_speak_English_properly.
B breaks A's assumption? Fill in the blank: Yes

Example 4:
Phrase A assumes no counter-evidence against its claim: no_evident_not_helpful_staff.
Phrase B is a separate fact: not_kind_staff.
B breaks A's assumption? Fill in the blank: No

Now complete the blank for this pair. Output ONLY the missing word (Yes or No), nothing else.

Phrase A assumes no counter-evidence against its claim: have_evident_no_pool.
Phrase B is a separate fact: no_designated_parking.
B breaks A's assumption? Fill in the blank:
",No
2026-08-16 22:52:28,3,2663,have_evident_no_restaurant_on_off_season,limited_facility,"Complete the sentence by filling in the blank with exactly one word: Yes or No.

Template: ""Phrase A assumes no counter-evidence against its claim. Phrase B is a separate fact.
B breaks A's assumption? Fill in the blank: ____""

Example 1:
Phrase A assumes no counter-evidence against its claim: no_evident_not_easy_check-in.
Phrase B is a separate fact: customer_wait_10_minute_for_greet.
B breaks A's assumption? Fill in the blank: Yes

Example 2:
Phrase A assumes no counter-evidence against its claim: no_evident_not_easy_check-in.
Phrase B is a separate fact: no_one_give_key_on_late_check-in.
B breaks A's assumption? Fill in the blank: No

Example 3:
Phrase A assumes no counter-evidence against its claim: no_evident_not_helpful_staff.
Phrase B is a separate fact: staff_not_speak_English_properly.
B breaks A's assumption? Fill in the blank: Yes

Example 4:
Phrase A assumes no counter-evidence against its claim: no_evident_not_helpful_staff.
Phrase B is a separate fact: not_kind_staff.
B breaks A's assumption? Fill in the blank: No

Now complete the blank for this pair. Output ONLY the missing word (Yes or No), nothing else.

Phrase A assumes no counter-evidence against its claim: have_evident_no_restaurant_on_off_season.
Phrase B is a separate fact: limited_facility.
B breaks A's assumption? Fill in the blank:
",No
2026-08-16 22:52:28,3,1490,have_evident_need_renovation_in_lobby,no_beach_towel_provide,"Complete the sentence by filling in the blank with exactly one word: Yes or No.

Template: ""Phrase A assumes no counter-evidence against its claim. Phrase B is a separate fact.
B breaks A's assumption? Fill in the blank: ____""

Example 1:
Phrase A assumes no counter-evidence against its claim: no_evident_not_easy_check-in.
Phrase B is a separate fact: customer_wait_10_minute_for_greet.
B breaks A's assumption? Fill in the blank: Yes

Example 2:
Phrase A assumes no counter-evidence against its claim: no_evident_not_easy_check-in.
Phrase B is a separate fact: no_one_give_key_on_late_check-in.
B breaks A's assumption? Fill in the blank: No

Example 3:
Phrase A assumes no counter-evidence against its claim: no_evident_not_helpful_staff.
Phrase B is a separate fact: staff_not_speak_English_properly.
B breaks A's assumption? Fill in the blank: Yes

Example 4:
Phrase A assumes no counter-evidence against its claim: no_evident_not_helpful_staff.
Phrase B is a separate fact: not_kind_staff.
B breaks A's assumption? Fill in the blank: No

Now complete the blank for this pair. Output ONLY the missing word (Yes or No), nothing else.

Phrase A assumes no counter-evidence against its claim: have_evident_need_renovation_in_lobby.
Phrase B is a separate fact: no_beach_towel_provide.
B breaks A's assumption? Fill in the blank:
",No
2026-08-16 22:52:28,3,3995,have_evident_small_swimming_pool,available_facility_not_clear_on_booking,"Complete the sentence by filling in the blank with exactly one word: Yes or No.

Template: ""Phrase A assumes no counter-evidence against its claim. Phrase B is a separate fact.
B breaks A's assumption? Fill in the blank: ____""

Example 1:
Phrase A assumes no counter-evidence against its claim: no_evident_not_easy_check-in.
Phrase B is a separate fact: customer_wait_10_minute_for_greet.
B breaks A's assumption? Fill in the blank: Yes

Example 2:
Phrase A assumes no counter-evidence against its claim: no_evident_not_easy_check-in.
Phrase B is a separate fact: no_one_give_key_on_late_check-in.
B breaks A's assumption? Fill in the blank: No

Example 3:
Phrase A assumes no counter-evidence against its claim: no_evident_not_helpful_staff.
Phrase B is a separate fact: staff_not_speak_English_properly.
B breaks A's assumption? Fill in the blank: Yes

Example 4:
Phrase A assumes no counter-evidence against its claim: no_evident_not_helpful_staff.
Phrase B is a separate fact: not_kind_staff.
B breaks A's assumption? Fill in the blank: No

Now complete the blank for this pair. Output ONLY the missing word (Yes or No), nothing else.

Phrase A assumes no counter-evidence against its claim: have_evident_small_swimming_pool.
Phrase B is a separate fact: available_facility_not_clear_on_booking.
B breaks A's assumption? Fill in the blank:
",No
2026-08-16 22:52:29,3,1738,have_evident_common_area_light_not_worked_well,not_everything_perfect_yet,"Complete the sentence by filling in the blank with exactly one word: Yes or No.

Template: ""Phrase A assumes no counter-evidence against its claim. Phrase B is a separate fact.
B breaks A's assumption? Fill in the blank: ____""

Example 1:
Phrase A assumes no counter-evidence against its claim: no_evident_not_easy_check-in.
Phrase B is a separate fact: customer_wait_10_minute_for_greet.
B breaks A's assumption? Fill in the blank: Yes

Example 2:
Phrase A assumes no counter-evidence against its claim: no_evident_not_easy_check-in.
Phrase B is a separate fact: no_one_give_key_on_late_check-in.
B breaks A's assumption? Fill in the blank: No

Example 3:
Phrase A assumes no counter-evidence against its claim: no_evident_not_helpful_staff.
Phrase B is a separate fact: staff_not_speak_English_properly.
B breaks A's assumption? Fill in the blank: Yes

Example 4:
Phrase A assumes no counter-evidence against its claim: no_evident_not_helpful_staff.
Phrase B is a separate fact: not_kind_staff.
B breaks A's assumption? Fill in the blank: No

Now complete the blank for this pair. Output ONLY the missing word (Yes or No), nothing else.

Phrase A assumes no counter-evidence against its claim: have_evident_common_area_light_not_worked_well.
Phrase B is a separate fact: not_everything_perfect_yet.
B breaks A's assumption? Fill in the blank:
",No
2026-08-16 22:52:29,3,2907,have_evident_no_warm_inviting_atmosphere,common_area_light_not_worked_well,"Complete the sentence by filling in the blank with exactly one word: Yes or No.

Template: ""Phrase A assumes no counter-evidence against its claim. Phrase B is a separate fact.
B breaks A's assumption? Fill in the blank: ____""

Example 1:
Phrase A assumes no counter-evidence against its claim: no_evident_not_easy_check-in.
Phrase B is a separate fact: customer_wait_10_minute_for_greet.
B breaks A's assumption? Fill in the blank: Yes

Example 2:
Phrase A assumes no counter-evidence against its claim: no_evident_not_easy_check-in.
Phrase B is a separate fact: no_one_give_key_on_late_check-in.
B breaks A's assumption? Fill in the blank: No

Example 3:
Phrase A assumes no counter-evidence against its claim: no_evident_not_helpful_staff.
Phrase B is a separate fact: staff_not_speak_English_properly.
B breaks A's assumption? Fill in the blank: Yes

Example 4:
Phrase A assumes no counter-evidence against its claim: no_evident_not_helpful_staff.
Phrase B is a separate fact: not_kind_staff.
B breaks A's assumption? Fill in the blank: No

Now complete the blank for this pair. Output ONLY the missing word (Yes or No), nothing else.

Phrase A assumes no counter-evidence against its claim: have_evident_no_warm_inviting_atmosphere.
Phrase B is a separate fact: common_area_light_not_worked_well.
B breaks A's assumption? Fill in the blank:
",No.
2026-08-16 22:52:29,3,2117,have_evident_hotel_not_accessible_to_wheelchair_as_it_said,no_restaurant_on_off_season,"Complete the sentence by filling in the blank with exactly one word: Yes or No.

Template: ""Phrase A assumes no counter-evidence against its claim. Phrase B is a separate fact.
B breaks A's assumption? Fill in the blank: ____""

Example 1:
Phrase A assumes no counter-evidence against its claim: no_evident_not_easy_check-in.
Phrase B is a separate fact: customer_wait_10_minute_for_greet.
B breaks A's assumption? Fill in the blank: Yes

Example 2:
Phrase A assumes no counter-evidence against its claim: no_evident_not_easy_check-in.
Phrase B is a separate fact: no_one_give_key_on_late_check-in.
B breaks A's assumption? Fill in the blank: No

Example 3:
Phrase A assumes no counter-evidence against its claim: no_evident_not_helpful_staff.
Phrase B is a separate fact: staff_not_speak_English_properly.
B breaks A's assumption? Fill in the blank: Yes

Example 4:
Phrase A assumes no counter-evidence against its claim: no_evident_not_helpful_staff.
Phrase B is a separate fact: not_kind_staff.
B breaks A's assumption? Fill in the blank: No

Now complete the blank for this pair. Output ONLY the missing word (Yes or No), nothing else.

Phrase A assumes no counter-evidence against its claim: have_evident_hotel_not_accessible_to_wheelchair_as_it_said.
Phrase B is a separate fact: no_restaurant_on_off_season.
B breaks A's assumption? Fill in the blank:
",No
2026-08-16 22:52:29,3,2789,have_evident_available_facility_not_clear_on_booking,available_facility_not_clear_on_booking,"Complete the sentence by filling in the blank with exactly one word: Yes or No.

Template: ""Phrase A assumes no counter-evidence against its claim. Phrase B is a separate fact.
B breaks A's assumption? Fill in the blank: ____""

Example 1:
Phrase A assumes no counter-evidence against its claim: no_evident_not_easy_check-in.
Phrase B is a separate fact: customer_wait_10_minute_for_greet.
B breaks A's assumption? Fill in the blank: Yes

Example 2:
Phrase A assumes no counter-evidence against its claim: no_evident_not_easy_check-in.
Phrase B is a separate fact: no_one_give_key_on_late_check-in.
B breaks A's assumption? Fill in the blank: No

Example 3:
Phrase A assumes no counter-evidence against its claim: no_evident_not_helpful_staff.
Phrase B is a separate fact: staff_not_speak_English_properly.
B breaks A's assumption? Fill in the blank: Yes

Example 4:
Phrase A assumes no counter-evidence against its claim: no_evident_not_helpful_staff.
Phrase B is a separate fact: not_kind_staff.
B breaks A's assumption? Fill in the blank: No

Now complete the blank for this pair. Output ONLY the missing word (Yes or No), nothing else.

Phrase A assumes no counter-evidence against its claim: have_evident_available_facility_not_clear_on_booking.
Phrase B is a separate fact: available_facility_not_clear_on_booking.
B breaks A's assumption? Fill in the blank:
",No.
2026-08-16 22:52:29,3,2291,have_evident_no_designated_parking,not_convenient_parking,"Complete the sentence by filling in the blank with exactly one word: Yes or No.

Template: ""Phrase A assumes no counter-evidence against its claim. Phrase B is a separate fact.
B breaks A's assumption? Fill in the blank: ____""

Example 1:
Phrase A assumes no counter-evidence against its claim: no_evident_not_easy_check-in.
Phrase B is a separate fact: customer_wait_10_minute_for_greet.
B breaks A's assumption? Fill in the blank: Yes

Example 2:
Phrase A assumes no counter-evidence against its claim: no_evident_not_easy_check-in.
Phrase B is a separate fact: no_one_give_key_on_late_check-in.
B breaks A's assumption? Fill in the blank: No

Example 3:
Phrase A assumes no counter-evidence against its claim: no_evident_not_helpful_staff.
Phrase B is a separate fact: staff_not_speak_English_properly.
B breaks A's assumption? Fill in the blank: Yes

Example 4:
Phrase A assumes no counter-evidence against its claim: no_evident_not_helpful_staff.
Phrase B is a separate fact: not_kind_staff.
B breaks A's assumption? Fill in the blank: No

Now complete the blank for this pair. Output ONLY the missing word (Yes or No), nothing else.

Phrase A assumes no counter-evidence against its claim: have_evident_no_designated_parking.
Phrase B is a separate fact: not_convenient_parking.
B breaks A's assumption? Fill in the blank:
",No
2026-08-16 22:52:30,3,2264,have_evident_street_parking,little_parking_in_evening,"Complete the sentence by filling in the blank with exactly one word: Yes or No.

Template: ""Phrase A assumes no counter-evidence against its claim. Phrase B is a separate fact.
B breaks A's assumption? Fill in the blank: ____""

Example 1:
Phrase A assumes no counter-evidence against its claim: no_evident_not_easy_check-in.
Phrase B is a separate fact: customer_wait_10_minute_for_greet.
B breaks A's assumption? Fill in the blank: Yes

Example 2:
Phrase A assumes no counter-evidence against its claim: no_evident_not_easy_check-in.
Phrase B is a separate fact: no_one_give_key_on_late_check-in.
B breaks A's assumption? Fill in the blank: No

Example 3:
Phrase A assumes no counter-evidence against its claim: no_evident_not_helpful_staff.
Phrase B is a separate fact: staff_not_speak_English_properly.
B breaks A's assumption? Fill in the blank: Yes

Example 4:
Phrase A assumes no counter-evidence against its claim: no_evident_not_helpful_staff.
Phrase B is a separate fact: not_kind_staff.
B breaks A's assumption? Fill in the blank: No

Now complete the blank for this pair. Output ONLY the missing word (Yes or No), nothing else.

Phrase A assumes no counter-evidence against its claim: have_evident_street_parking.
Phrase B is a separate fact: little_parking_in_evening.
B breaks A's assumption? Fill in the blank:
",No
2026-08-16 22:52:30,3,84,have_evident_no_24_hour_reception,no_safety_strip_on_stair,"Complete the sentence by filling in the blank with exactly one word: Yes or No.

Template: ""Phrase A assumes no counter-evidence against its claim. Phrase B is a separate fact.
B breaks A's assumption? Fill in the blank: ____""

Example 1:
Phrase A assumes no counter-evidence against its claim: no_evident_not_easy_check-in.
Phrase B is a separate fact: customer_wait_10_minute_for_greet.
B breaks A's assumption? Fill in the blank: Yes

Example 2:
Phrase A assumes no counter-evidence against its claim: no_evident_not_easy_check-in.
Phrase B is a separate fact: no_one_give_key_on_late_check-in.
B breaks A's assumption? Fill in the blank: No

Example 3:
Phrase A assumes no counter-evidence against its claim: no_evident_not_helpful_staff.
Phrase B is a separate fact: staff_not_speak_English_properly.
B breaks A's assumption? Fill in the blank: Yes

Example 4:
Phrase A assumes no counter-evidence against its claim: no_evident_not_helpful_staff.
Phrase B is a separate fact: not_kind_staff.
B breaks A's assumption? Fill in the blank: No

Now complete the blank for this pair. Output ONLY the missing word (Yes or No), nothing else.

Phrase A assumes no counter-evidence against its claim: have_evident_no_24_hour_reception.
Phrase B is a separate fact: no_safety_strip_on_stair.
B breaks A's assumption? Fill in the blank:
",No
2026-08-16 22:52:30,3,4233,have_evident_not_encourage_to_use_relaxation_zone,difficult_to_find_parking,"Complete the sentence by filling in the blank with exactly one word: Yes or No.

Template: ""Phrase A assumes no counter-evidence against its claim. Phrase B is a separate fact.
B breaks A's assumption? Fill in the blank: ____""

Example 1:
Phrase A assumes no counter-evidence against its claim: no_evident_not_easy_check-in.
Phrase B is a separate fact: customer_wait_10_minute_for_greet.
B breaks A's assumption? Fill in the blank: Yes

Example 2:
Phrase A assumes no counter-evidence against its claim: no_evident_not_easy_check-in.
Phrase B is a separate fact: no_one_give_key_on_late_check-in.
B breaks A's assumption? Fill in the blank: No

Example 3:
Phrase A assumes no counter-evidence against its claim: no_evident_not_helpful_staff.
Phrase B is a separate fact: staff_not_speak_English_properly.
B breaks A's assumption? Fill in the blank: Yes

Example 4:
Phrase A assumes no counter-evidence against its claim: no_evident_not_helpful_staff.
Phrase B is a separate fact: not_kind_staff.
B breaks A's assumption? Fill in the blank: No

Now complete the blank for this pair. Output ONLY the missing word (Yes or No), nothing else.

Phrase A assumes no counter-evidence against its claim: have_evident_not_encourage_to_use_relaxation_zone.
Phrase B is a separate fact: difficult_to_find_parking.
B breaks A's assumption? Fill in the blank:
",No
2026-08-16 22:52:30,3,1566,have_evident_need_renovation_in_common_area,need_renovation_in_elevator,"Complete the sentence by filling in the blank with exactly one word: Yes or No.

Template: ""Phrase A assumes no counter-evidence against its claim. Phrase B is a separate fact.
B breaks A's assumption? Fill in the blank: ____""

Example 1:
Phrase A assumes no counter-evidence against its claim: no_evident_not_easy_check-in.
Phrase B is a separate fact: customer_wait_10_minute_for_greet.
B breaks A's assumption? Fill in the blank: Yes

Example 2:
Phrase A assumes no counter-evidence against its claim: no_evident_not_easy_check-in.
Phrase B is a separate fact: no_one_give_key_on_late_check-in.
B breaks A's assumption? Fill in the blank: No

Example 3:
Phrase A assumes no counter-evidence against its claim: no_evident_not_helpful_staff.
Phrase B is a separate fact: staff_not_speak_English_properly.
B breaks A's assumption? Fill in the blank: Yes

Example 4:
Phrase A assumes no counter-evidence against its claim: no_evident_not_helpful_staff.
Phrase B is a separate fact: not_kind_staff.
B breaks A's assumption? Fill in the blank: No

Now complete the blank for this pair. Output ONLY the missing word (Yes or No), nothing else.

Phrase A assumes no counter-evidence against its claim: have_evident_need_renovation_in_common_area.
Phrase B is a separate fact: need_renovation_in_elevator.
B breaks A's assumption? Fill in the blank:
",No
2026-08-16 22:52:30,3,702,have_evident_no_own_parking_lot,hotel_not_accessible_to_wheelchair_as_it_said,"Complete the sentence by filling in the blank with exactly one word: Yes or No.

Template: ""Phrase A assumes no counter-evidence against its claim. Phrase B is a separate fact.
B breaks A's assumption? Fill in the blank: ____""

Example 1:
Phrase A assumes no counter-evidence against its claim: no_evident_not_easy_check-in.
Phrase B is a separate fact: customer_wait_10_minute_for_greet.
B breaks A's assumption? Fill in the blank: Yes

Example 2:
Phrase A assumes no counter-evidence against its claim: no_evident_not_easy_check-in.
Phrase B is a separate fact: no_one_give_key_on_late_check-in.
B breaks A's assumption? Fill in the blank: No

Example 3:
Phrase A assumes no counter-evidence against its claim: no_evident_not_helpful_staff.
Phrase B is a separate fact: staff_not_speak_English_properly.
B breaks A's assumption? Fill in the blank: Yes

Example 4:
Phrase A assumes no counter-evidence against its claim: no_evident_not_helpful_staff.
Phrase B is a separate fact: not_kind_staff.
B breaks A's assumption? Fill in the blank: No

Now complete the blank for this pair. Output ONLY the missing word (Yes or No), nothing else.

Phrase A assumes no counter-evidence against its claim: have_evident_no_own_parking_lot.
Phrase B is a separate fact: hotel_not_accessible_to_wheelchair_as_it_said.
B breaks A's assumption? Fill in the blank:
",No
2026-08-16 22:52:30,3,1978,have_evident_steep_ramp,no_designated_parking,"Complete the sentence by filling in the blank with exactly one word: Yes or No.

Template: ""Phrase A assumes no counter-evidence against its claim. Phrase B is a separate fact.
B breaks A's assumption? Fill in the blank: ____""

Example 1:
Phrase A assumes no counter-evidence against its claim: no_evident_not_easy_check-in.
Phrase B is a separate fact: customer_wait_10_minute_for_greet.
B breaks A's assumption? Fill in the blank: Yes

Example 2:
Phrase A assumes no counter-evidence against its claim: no_evident_not_easy_check-in.
Phrase B is a separate fact: no_one_give_key_on_late_check-in.
B breaks A's assumption? Fill in the blank: No

Example 3:
Phrase A assumes no counter-evidence against its claim: no_evident_not_helpful_staff.
Phrase B is a separate fact: staff_not_speak_English_properly.
B breaks A's assumption? Fill in the blank: Yes

Example 4:
Phrase A assumes no counter-evidence against its claim: no_evident_not_helpful_staff.
Phrase B is a separate fact: not_kind_staff.
B breaks A's assumption? Fill in the blank: No

Now complete the blank for this pair. Output ONLY the missing word (Yes or No), nothing else.

Phrase A assumes no counter-evidence against its claim: have_evident_steep_ramp.
Phrase B is a separate fact: no_designated_parking.
B breaks A's assumption? Fill in the blank:
",No
2026-08-16 22:52:30,3,1969,have_evident_steep_ramp,common_area_light_not_worked_well,"Complete the sentence by filling in the blank with exactly one word: Yes or No.

Template: ""Phrase A assumes no counter-evidence against its claim. Phrase B is a separate fact.
B breaks A's assumption? Fill in the blank: ____""

Example 1:
Phrase A assumes no counter-evidence against its claim: no_evident_not_easy_check-in.
Phrase B is a separate fact: customer_wait_10_minute_for_greet.
B breaks A's assumption? Fill in the blank: Yes

Example 2:
Phrase A assumes no counter-evidence against its claim: no_evident_not_easy_check-in.
Phrase B is a separate fact: no_one_give_key_on_late_check-in.
B breaks A's assumption? Fill in the blank: No

Example 3:
Phrase A assumes no counter-evidence against its claim: no_evident_not_helpful_staff.
Phrase B is a separate fact: staff_not_speak_English_properly.
B breaks A's assumption? Fill in the blank: Yes

Example 4:
Phrase A assumes no counter-evidence against its claim: no_evident_not_helpful_staff.
Phrase B is a separate fact: not_kind_staff.
B breaks A's assumption? Fill in the blank: No

Now complete the blank for this pair. Output ONLY the missing word (Yes or No), nothing else.

Phrase A assumes no counter-evidence against its claim: have_evident_steep_ramp.
Phrase B is a separate fact: common_area_light_not_worked_well.
B breaks A's assumption? Fill in the blank:
",No
2026-08-16 22:52:31,3,3901,have_evident_better_remove_pool_photo,main_door_slam_at_night,"Complete the sentence by filling in the blank with exactly one word: Yes or No.

Template: ""Phrase A assumes no counter-evidence against its claim. Phrase B is a separate fact.
B breaks A's assumption? Fill in the blank: ____""

Example 1:
Phrase A assumes no counter-evidence against its claim: no_evident_not_easy_check-in.
Phrase B is a separate fact: customer_wait_10_minute_for_greet.
B breaks A's assumption? Fill in the blank: Yes

Example 2:
Phrase A assumes no counter-evidence against its claim: no_evident_not_easy_check-in.
Phrase B is a separate fact: no_one_give_key_on_late_check-in.
B breaks A's assumption? Fill in the blank: No

Example 3:
Phrase A assumes no counter-evidence against its claim: no_evident_not_helpful_staff.
Phrase B is a separate fact: staff_not_speak_English_properly.
B breaks A's assumption? Fill in the blank: Yes

Example 4:
Phrase A assumes no counter-evidence against its claim: no_evident_not_helpful_staff.
Phrase B is a separate fact: not_kind_staff.
B breaks A's assumption? Fill in the blank: No

Now complete the blank for this pair. Output ONLY the missing word (Yes or No), nothing else.

Phrase A assumes no counter-evidence against its claim: have_evident_better_remove_pool_photo.
Phrase B is a separate fact: main_door_slam_at_night.
B breaks A's assumption? Fill in the blank:
",No
2026-08-16 22:52:31,3,4021,have_evident_dirty_swimming_pool,not_big_hotel,"Complete the sentence by filling in the blank with exactly one word: Yes or No.

Template: ""Phrase A assumes no counter-evidence against its claim. Phrase B is a separate fact.
B breaks A's assumption? Fill in the blank: ____""

Example 1:
Phrase A assumes no counter-evidence against its claim: no_evident_not_easy_check-in.
Phrase B is a separate fact: customer_wait_10_minute_for_greet.
B breaks A's assumption? Fill in the blank: Yes

Example 2:
Phrase A assumes no counter-evidence against its claim: no_evident_not_easy_check-in.
Phrase B is a separate fact: no_one_give_key_on_late_check-in.
B breaks A's assumption? Fill in the blank: No

Example 3:
Phrase A assumes no counter-evidence against its claim: no_evident_not_helpful_staff.
Phrase B is a separate fact: staff_not_speak_English_properly.
B breaks A's assumption? Fill in the blank: Yes

Example 4:
Phrase A assumes no counter-evidence against its claim: no_evident_not_helpful_staff.
Phrase B is a separate fact: not_kind_staff.
B breaks A's assumption? Fill in the blank: No

Now complete the blank for this pair. Output ONLY the missing word (Yes or No), nothing else.

Phrase A assumes no counter-evidence against its claim: have_evident_dirty_swimming_pool.
Phrase B is a separate fact: not_big_hotel.
B breaks A's assumption? Fill in the blank:
",No
2026-08-16 22:52:31,3,3672,have_evident_elevator_need_renovation,elevator_need_cleaning,"Complete the sentence by filling in the blank with exactly one word: Yes or No.

Template: ""Phrase A assumes no counter-evidence against its claim. Phrase B is a separate fact.
B breaks A's assumption? Fill in the blank: ____""

Example 1:
Phrase A assumes no counter-evidence against its claim: no_evident_not_easy_check-in.
Phrase B is a separate fact: customer_wait_10_minute_for_greet.
B breaks A's assumption? Fill in the blank: Yes

Example 2:
Phrase A assumes no counter-evidence against its claim: no_evident_not_easy_check-in.
Phrase B is a separate fact: no_one_give_key_on_late_check-in.
B breaks A's assumption? Fill in the blank: No

Example 3:
Phrase A assumes no counter-evidence against its claim: no_evident_not_helpful_staff.
Phrase B is a separate fact: staff_not_speak_English_properly.
B breaks A's assumption? Fill in the blank: Yes

Example 4:
Phrase A assumes no counter-evidence against its claim: no_evident_not_helpful_staff.
Phrase B is a separate fact: not_kind_staff.
B breaks A's assumption? Fill in the blank: No

Now complete the blank for this pair. Output ONLY the missing word (Yes or No), nothing else.

Phrase A assumes no counter-evidence against its claim: have_evident_elevator_need_renovation.
Phrase B is a separate fact: elevator_need_cleaning.
B breaks A's assumption? Fill in the blank:
",No
2026-08-16 22:52:31,3,142,have_evident_not_easy_to_access entry_at_odd_hour,slow_elevator,"Complete the sentence by filling in the blank with exactly one word: Yes or No.

Template: ""Phrase A assumes no counter-evidence against its claim. Phrase B is a separate fact.
B breaks A's assumption? Fill in the blank: ____""

Example 1:
Phrase A assumes no counter-evidence against its claim: no_evident_not_easy_check-in.
Phrase B is a separate fact: customer_wait_10_minute_for_greet.
B breaks A's assumption? Fill in the blank: Yes

Example 2:
Phrase A assumes no counter-evidence against its claim: no_evident_not_easy_check-in.
Phrase B is a separate fact: no_one_give_key_on_late_check-in.
B breaks A's assumption? Fill in the blank: No

Example 3:
Phrase A assumes no counter-evidence against its claim: no_evident_not_helpful_staff.
Phrase B is a separate fact: staff_not_speak_English_properly.
B breaks A's assumption? Fill in the blank: Yes

Example 4:
Phrase A assumes no counter-evidence against its claim: no_evident_not_helpful_staff.
Phrase B is a separate fact: not_kind_staff.
B breaks A's assumption? Fill in the blank: No

Now complete the blank for this pair. Output ONLY the missing word (Yes or No), nothing else.

Phrase A assumes no counter-evidence against its claim: have_evident_not_easy_to_access entry_at_odd_hour.
Phrase B is a separate fact: slow_elevator.
B breaks A's assumption? Fill in the blank:
",No
2026-08-16 22:52:31,3,2411,have_evident_park_wherever_you_find,not_encourage_to_use_deckchair,"Complete the sentence by filling in the blank with exactly one word: Yes or No.

Template: ""Phrase A assumes no counter-evidence against its claim. Phrase B is a separate fact.
B breaks A's assumption? Fill in the blank: ____""

Example 1:
Phrase A assumes no counter-evidence against its claim: no_evident_not_easy_check-in.
Phrase B is a separate fact: customer_wait_10_minute_for_greet.
B breaks A's assumption? Fill in the blank: Yes

Example 2:
Phrase A assumes no counter-evidence against its claim: no_evident_not_easy_check-in.
Phrase B is a separate fact: no_one_give_key_on_late_check-in.
B breaks A's assumption? Fill in the blank: No

Example 3:
Phrase A assumes no counter-evidence against its claim: no_evident_not_helpful_staff.
Phrase B is a separate fact: staff_not_speak_English_properly.
B breaks A's assumption? Fill in the blank: Yes

Example 4:
Phrase A assumes no counter-evidence against its claim: no_evident_not_helpful_staff.
Phrase B is a separate fact: not_kind_staff.
B breaks A's assumption? Fill in the blank: No

Now complete the blank for this pair. Output ONLY the missing word (Yes or No), nothing else.

Phrase A assumes no counter-evidence against its claim: have_evident_park_wherever_you_find.
Phrase B is a separate fact: not_encourage_to_use_deckchair.
B breaks A's assumption? Fill in the blank:
",No
2026-08-16 22:52:31,3,763,have_evident_difficult_to_find_parking,common_area_light_not_worked_well,"Complete the sentence by filling in the blank with exactly one word: Yes or No.

Template: ""Phrase A assumes no counter-evidence against its claim. Phrase B is a separate fact.
B breaks A's assumption? Fill in the blank: ____""

Example 1:
Phrase A assumes no counter-evidence against its claim: no_evident_not_easy_check-in.
Phrase B is a separate fact: customer_wait_10_minute_for_greet.
B breaks A's assumption? Fill in the blank: Yes

Example 2:
Phrase A assumes no counter-evidence against its claim: no_evident_not_easy_check-in.
Phrase B is a separate fact: no_one_give_key_on_late_check-in.
B breaks A's assumption? Fill in the blank: No

Example 3:
Phrase A assumes no counter-evidence against its claim: no_evident_not_helpful_staff.
Phrase B is a separate fact: staff_not_speak_English_properly.
B breaks A's assumption? Fill in the blank: Yes

Example 4:
Phrase A assumes no counter-evidence against its claim: no_evident_not_helpful_staff.
Phrase B is a separate fact: not_kind_staff.
B breaks A's assumption? Fill in the blank: No

Now complete the blank for this pair. Output ONLY the missing word (Yes or No), nothing else.

Phrase A assumes no counter-evidence against its claim: have_evident_difficult_to_find_parking.
Phrase B is a separate fact: common_area_light_not_worked_well.
B breaks A's assumption? Fill in the blank:
",No
2026-08-16 22:52:32,3,1816,have_evident_head_bump_doorway,disgusting_outside,"Complete the sentence by filling in the blank with exactly one word: Yes or No.

Template: ""Phrase A assumes no counter-evidence against its claim. Phrase B is a separate fact.
B breaks A's assumption? Fill in the blank: ____""

Example 1:
Phrase A assumes no counter-evidence against its claim: no_evident_not_easy_check-in.
Phrase B is a separate fact: customer_wait_10_minute_for_greet.
B breaks A's assumption? Fill in the blank: Yes

Example 2:
Phrase A assumes no counter-evidence against its claim: no_evident_not_easy_check-in.
Phrase B is a separate fact: no_one_give_key_on_late_check-in.
B breaks A's assumption? Fill in the blank: No

Example 3:
Phrase A assumes no counter-evidence against its claim: no_evident_not_helpful_staff.
Phrase B is a separate fact: staff_not_speak_English_properly.
B breaks A's assumption? Fill in the blank: Yes

Example 4:
Phrase A assumes no counter-evidence against its claim: no_evident_not_helpful_staff.
Phrase B is a separate fact: not_kind_staff.
B breaks A's assumption? Fill in the blank: No

Now complete the blank for this pair. Output ONLY the missing word (Yes or No), nothing else.

Phrase A assumes no counter-evidence against its claim: have_evident_head_bump_doorway.
Phrase B is a separate fact: disgusting_outside.
B breaks A's assumption? Fill in the blank:
",No
2026-08-16 22:52:32,3,1994,have_evident_steep_ramp,pool_could_be_cleaner,"Complete the sentence by filling in the blank with exactly one word: Yes or No.

Template: ""Phrase A assumes no counter-evidence against its claim. Phrase B is a separate fact.
B breaks A's assumption? Fill in the blank: ____""

Example 1:
Phrase A assumes no counter-evidence against its claim: no_evident_not_easy_check-in.
Phrase B is a separate fact: customer_wait_10_minute_for_greet.
B breaks A's assumption? Fill in the blank: Yes

Example 2:
Phrase A assumes no counter-evidence against its claim: no_evident_not_easy_check-in.
Phrase B is a separate fact: no_one_give_key_on_late_check-in.
B breaks A's assumption? Fill in the blank: No

Example 3:
Phrase A assumes no counter-evidence against its claim: no_evident_not_helpful_staff.
Phrase B is a separate fact: staff_not_speak_English_properly.
B breaks A's assumption? Fill in the blank: Yes

Example 4:
Phrase A assumes no counter-evidence against its claim: no_evident_not_helpful_staff.
Phrase B is a separate fact: not_kind_staff.
B breaks A's assumption? Fill in the blank: No

Now complete the blank for this pair. Output ONLY the missing word (Yes or No), nothing else.

Phrase A assumes no counter-evidence against its claim: have_evident_steep_ramp.
Phrase B is a separate fact: pool_could_be_cleaner.
B breaks A's assumption? Fill in the blank:
",No
2026-08-16 22:52:32,3,2509,have_evident_hotel_not_yet_open_up_for_season,steep_ramp,"Complete the sentence by filling in the blank with exactly one word: Yes or No.

Template: ""Phrase A assumes no counter-evidence against its claim. Phrase B is a separate fact.
B breaks A's assumption? Fill in the blank: ____""

Example 1:
Phrase A assumes no counter-evidence against its claim: no_evident_not_easy_check-in.
Phrase B is a separate fact: customer_wait_10_minute_for_greet.
B breaks A's assumption? Fill in the blank: Yes

Example 2:
Phrase A assumes no counter-evidence against its claim: no_evident_not_easy_check-in.
Phrase B is a separate fact: no_one_give_key_on_late_check-in.
B breaks A's assumption? Fill in the blank: No

Example 3:
Phrase A assumes no counter-evidence against its claim: no_evident_not_helpful_staff.
Phrase B is a separate fact: staff_not_speak_English_properly.
B breaks A's assumption? Fill in the blank: Yes

Example 4:
Phrase A assumes no counter-evidence against its claim: no_evident_not_helpful_staff.
Phrase B is a separate fact: not_kind_staff.
B breaks A's assumption? Fill in the blank: No

Now complete the blank for this pair. Output ONLY the missing word (Yes or No), nothing else.

Phrase A assumes no counter-evidence against its claim: have_evident_hotel_not_yet_open_up_for_season.
Phrase B is a separate fact: steep_ramp.
B breaks A's assumption? Fill in the blank:
",No
2026-08-16 22:52:32,3,3024,have_evident_badly_maintain_hotel_installation,nothing_to_do,"Complete the sentence by filling in the blank with exactly one word: Yes or No.

Template: ""Phrase A assumes no counter-evidence against its claim. Phrase B is a separate fact.
B breaks A's assumption? Fill in the blank: ____""

Example 1:
Phrase A assumes no counter-evidence against its claim: no_evident_not_easy_check-in.
Phrase B is a separate fact: customer_wait_10_minute_for_greet.
B breaks A's assumption? Fill in the blank: Yes

Example 2:
Phrase A assumes no counter-evidence against its claim: no_evident_not_easy_check-in.
Phrase B is a separate fact: no_one_give_key_on_late_check-in.
B breaks A's assumption? Fill in the blank: No

Example 3:
Phrase A assumes no counter-evidence against its claim: no_evident_not_helpful_staff.
Phrase B is a separate fact: staff_not_speak_English_properly.
B breaks A's assumption? Fill in the blank: Yes

Example 4:
Phrase A assumes no counter-evidence against its claim: no_evident_not_helpful_staff.
Phrase B is a separate fact: not_kind_staff.
B breaks A's assumption? Fill in the blank: No

Now complete the blank for this pair. Output ONLY the missing word (Yes or No), nothing else.

Phrase A assumes no counter-evidence against its claim: have_evident_badly_maintain_hotel_installation.
Phrase B is a separate fact: nothing_to_do.
B breaks A's assumption? Fill in the blank:
",No
2026-08-16 22:52:32,3,4350,have_evident_not_encourage_to_use_swimming_pool,young_hotel,"Complete the sentence by filling in the blank with exactly one word: Yes or No.

Template: ""Phrase A assumes no counter-evidence against its claim. Phrase B is a separate fact.
B breaks A's assumption? Fill in the blank: ____""

Example 1:
Phrase A assumes no counter-evidence against its claim: no_evident_not_easy_check-in.
Phrase B is a separate fact: customer_wait_10_minute_for_greet.
B breaks A's assumption? Fill in the blank: Yes

Example 2:
Phrase A assumes no counter-evidence against its claim: no_evident_not_easy_check-in.
Phrase B is a separate fact: no_one_give_key_on_late_check-in.
B breaks A's assumption? Fill in the blank: No

Example 3:
Phrase A assumes no counter-evidence against its claim: no_evident_not_helpful_staff.
Phrase B is a separate fact: staff_not_speak_English_properly.
B breaks A's assumption? Fill in the blank: Yes

Example 4:
Phrase A assumes no counter-evidence against its claim: no_evident_not_helpful_staff.
Phrase B is a separate fact: not_kind_staff.
B breaks A's assumption? Fill in the blank: No

Now complete the blank for this pair. Output ONLY the missing word (Yes or No), nothing else.

Phrase A assumes no counter-evidence against its claim: have_evident_not_encourage_to_use_swimming_pool.
Phrase B is a separate fact: young_hotel.
B breaks A's assumption? Fill in the blank:
",No
2026-08-16 22:52:33,3,2817,have_evident_feel_cold_inviting,not_easy_to_access entry_at_odd_hour,"Complete the sentence by filling in the blank with exactly one word: Yes or No.

Template: ""Phrase A assumes no counter-evidence against its claim. Phrase B is a separate fact.
B breaks A's assumption? Fill in the blank: ____""

Example 1:
Phrase A assumes no counter-evidence against its claim: no_evident_not_easy_check-in.
Phrase B is a separate fact: customer_wait_10_minute_for_greet.
B breaks A's assumption? Fill in the blank: Yes

Example 2:
Phrase A assumes no counter-evidence against its claim: no_evident_not_easy_check-in.
Phrase B is a separate fact: no_one_give_key_on_late_check-in.
B breaks A's assumption? Fill in the blank: No

Example 3:
Phrase A assumes no counter-evidence against its claim: no_evident_not_helpful_staff.
Phrase B is a separate fact: staff_not_speak_English_properly.
B breaks A's assumption? Fill in the blank: Yes

Example 4:
Phrase A assumes no counter-evidence against its claim: no_evident_not_helpful_staff.
Phrase B is a separate fact: not_kind_staff.
B breaks A's assumption? Fill in the blank: No

Now complete the blank for this pair. Output ONLY the missing word (Yes or No), nothing else.

Phrase A assumes no counter-evidence against its claim: have_evident_feel_cold_inviting.
Phrase B is a separate fact: not_easy_to_access entry_at_odd_hour.
B breaks A's assumption? Fill in the blank:
",No
2026-08-16 22:52:33,3,3486,have_evident_little_parking_in_evening,no_24_hour_reception,"Complete the sentence by filling in the blank with exactly one word: Yes or No.

Template: ""Phrase A assumes no counter-evidence against its claim. Phrase B is a separate fact.
B breaks A's assumption? Fill in the blank: ____""

Example 1:
Phrase A assumes no counter-evidence against its claim: no_evident_not_easy_check-in.
Phrase B is a separate fact: customer_wait_10_minute_for_greet.
B breaks A's assumption? Fill in the blank: Yes

Example 2:
Phrase A assumes no counter-evidence against its claim: no_evident_not_easy_check-in.
Phrase B is a separate fact: no_one_give_key_on_late_check-in.
B breaks A's assumption? Fill in the blank: No

Example 3:
Phrase A assumes no counter-evidence against its claim: no_evident_not_helpful_staff.
Phrase B is a separate fact: staff_not_speak_English_properly.
B breaks A's assumption? Fill in the blank: Yes

Example 4:
Phrase A assumes no counter-evidence against its claim: no_evident_not_helpful_staff.
Phrase B is a separate fact: not_kind_staff.
B breaks A's assumption? Fill in the blank: No

Now complete the blank for this pair. Output ONLY the missing word (Yes or No), nothing else.

Phrase A assumes no counter-evidence against its claim: have_evident_little_parking_in_evening.
Phrase B is a separate fact: no_24_hour_reception.
B breaks A's assumption? Fill in the blank:
",No
2026-08-16 22:52:33,3,2710,have_evident_no_pool_on_off_season,steep_ramp,"Complete the sentence by filling in the blank with exactly one word: Yes or No.

Template: ""Phrase A assumes no counter-evidence against its claim. Phrase B is a separate fact.
B breaks A's assumption? Fill in the blank: ____""

Example 1:
Phrase A assumes no counter-evidence against its claim: no_evident_not_easy_check-in.
Phrase B is a separate fact: customer_wait_10_minute_for_greet.
B breaks A's assumption? Fill in the blank: Yes

Example 2:
Phrase A assumes no counter-evidence against its claim: no_evident_not_easy_check-in.
Phrase B is a separate fact: no_one_give_key_on_late_check-in.
B breaks A's assumption? Fill in the blank: No

Example 3:
Phrase A assumes no counter-evidence against its claim: no_evident_not_helpful_staff.
Phrase B is a separate fact: staff_not_speak_English_properly.
B breaks A's assumption? Fill in the blank: Yes

Example 4:
Phrase A assumes no counter-evidence against its claim: no_evident_not_helpful_staff.
Phrase B is a separate fact: not_kind_staff.
B breaks A's assumption? Fill in the blank: No

Now complete the blank for this pair. Output ONLY the missing word (Yes or No), nothing else.

Phrase A assumes no counter-evidence against its claim: have_evident_no_pool_on_off_season.
Phrase B is a separate fact: steep_ramp.
B breaks A's assumption? Fill in the blank:
",No
2026-08-16 22:52:33,3,2883,have_evident_no_warm_inviting_atmosphere,no_24_hour_reception,"Complete the sentence by filling in the blank with exactly one word: Yes or No.

Template: ""Phrase A assumes no counter-evidence against its claim. Phrase B is a separate fact.
B breaks A's assumption? Fill in the blank: ____""

Example 1:
Phrase A assumes no counter-evidence against its claim: no_evident_not_easy_check-in.
Phrase B is a separate fact: customer_wait_10_minute_for_greet.
B breaks A's assumption? Fill in the blank: Yes

Example 2:
Phrase A assumes no counter-evidence against its claim: no_evident_not_easy_check-in.
Phrase B is a separate fact: no_one_give_key_on_late_check-in.
B breaks A's assumption? Fill in the blank: No

Example 3:
Phrase A assumes no counter-evidence against its claim: no_evident_not_helpful_staff.
Phrase B is a separate fact: staff_not_speak_English_properly.
B breaks A's assumption? Fill in the blank: Yes

Example 4:
Phrase A assumes no counter-evidence against its claim: no_evident_not_helpful_staff.
Phrase B is a separate fact: not_kind_staff.
B breaks A's assumption? Fill in the blank: No

Now complete the blank for this pair. Output ONLY the missing word (Yes or No), nothing else.

Phrase A assumes no counter-evidence against its claim: have_evident_no_warm_inviting_atmosphere.
Phrase B is a separate fact: no_24_hour_reception.
B breaks A's assumption? Fill in the blank:
",No
2026-08-16 22:52:33,3,3718,have_evident_need_improvement_reception,limited_parking,"Complete the sentence by filling in the blank with exactly one word: Yes or No.

Template: ""Phrase A assumes no counter-evidence against its claim. Phrase B is a separate fact.
B breaks A's assumption? Fill in the blank: ____""

Example 1:
Phrase A assumes no counter-evidence against its claim: no_evident_not_easy_check-in.
Phrase B is a separate fact: customer_wait_10_minute_for_greet.
B breaks A's assumption? Fill in the blank: Yes

Example 2:
Phrase A assumes no counter-evidence against its claim: no_evident_not_easy_check-in.
Phrase B is a separate fact: no_one_give_key_on_late_check-in.
B breaks A's assumption? Fill in the blank: No

Example 3:
Phrase A assumes no counter-evidence against its claim: no_evident_not_helpful_staff.
Phrase B is a separate fact: staff_not_speak_English_properly.
B breaks A's assumption? Fill in the blank: Yes

Example 4:
Phrase A assumes no counter-evidence against its claim: no_evident_not_helpful_staff.
Phrase B is a separate fact: not_kind_staff.
B breaks A's assumption? Fill in the blank: No

Now complete the blank for this pair. Output ONLY the missing word (Yes or No), nothing else.

Phrase A assumes no counter-evidence against its claim: have_evident_need_improvement_reception.
Phrase B is a separate fact: limited_parking.
B breaks A's assumption? Fill in the blank:
",No
2026-08-16 22:52:33,3,2220,have_evident_street_parking,nothing_to_do,"Complete the sentence by filling in the blank with exactly one word: Yes or No.

Template: ""Phrase A assumes no counter-evidence against its claim. Phrase B is a separate fact.
B breaks A's assumption? Fill in the blank: ____""

Example 1:
Phrase A assumes no counter-evidence against its claim: no_evident_not_easy_check-in.
Phrase B is a separate fact: customer_wait_10_minute_for_greet.
B breaks A's assumption? Fill in the blank: Yes

Example 2:
Phrase A assumes no counter-evidence against its claim: no_evident_not_easy_check-in.
Phrase B is a separate fact: no_one_give_key_on_late_check-in.
B breaks A's assumption? Fill in the blank: No

Example 3:
Phrase A assumes no counter-evidence against its claim: no_evident_not_helpful_staff.
Phrase B is a separate fact: staff_not_speak_English_properly.
B breaks A's assumption? Fill in the blank: Yes

Example 4:
Phrase A assumes no counter-evidence against its claim: no_evident_not_helpful_staff.
Phrase B is a separate fact: not_kind_staff.
B breaks A's assumption? Fill in the blank: No

Now complete the blank for this pair. Output ONLY the missing word (Yes or No), nothing else.

Phrase A assumes no counter-evidence against its claim: have_evident_street_parking.
Phrase B is a separate fact: nothing_to_do.
B breaks A's assumption? Fill in the blank:
",No
2026-08-16 22:52:34,3,2512,have_evident_hotel_not_yet_open_up_for_season,limited_parking,"Complete the sentence by filling in the blank with exactly one word: Yes or No.

Template: ""Phrase A assumes no counter-evidence against its claim. Phrase B is a separate fact.
B breaks A's assumption? Fill in the blank: ____""

Example 1:
Phrase A assumes no counter-evidence against its claim: no_evident_not_easy_check-in.
Phrase B is a separate fact: customer_wait_10_minute_for_greet.
B breaks A's assumption? Fill in the blank: Yes

Example 2:
Phrase A assumes no counter-evidence against its claim: no_evident_not_easy_check-in.
Phrase B is a separate fact: no_one_give_key_on_late_check-in.
B breaks A's assumption? Fill in the blank: No

Example 3:
Phrase A assumes no counter-evidence against its claim: no_evident_not_helpful_staff.
Phrase B is a separate fact: staff_not_speak_English_properly.
B breaks A's assumption? Fill in the blank: Yes

Example 4:
Phrase A assumes no counter-evidence against its claim: no_evident_not_helpful_staff.
Phrase B is a separate fact: not_kind_staff.
B breaks A's assumption? Fill in the blank: No

Now complete the blank for this pair. Output ONLY the missing word (Yes or No), nothing else.

Phrase A assumes no counter-evidence against its claim: have_evident_hotel_not_yet_open_up_for_season.
Phrase B is a separate fact: limited_parking.
B breaks A's assumption? Fill in the blank:
",No
2026-08-16 22:52:34,3,2060,have_evident_dangerous_ramp,limited_facility,"Complete the sentence by filling in the blank with exactly one word: Yes or No.

Template: ""Phrase A assumes no counter-evidence against its claim. Phrase B is a separate fact.
B breaks A's assumption? Fill in the blank: ____""

Example 1:
Phrase A assumes no counter-evidence against its claim: no_evident_not_easy_check-in.
Phrase B is a separate fact: customer_wait_10_minute_for_greet.
B breaks A's assumption? Fill in the blank: Yes

Example 2:
Phrase A assumes no counter-evidence against its claim: no_evident_not_easy_check-in.
Phrase B is a separate fact: no_one_give_key_on_late_check-in.
B breaks A's assumption? Fill in the blank: No

Example 3:
Phrase A assumes no counter-evidence against its claim: no_evident_not_helpful_staff.
Phrase B is a separate fact: staff_not_speak_English_properly.
B breaks A's assumption? Fill in the blank: Yes

Example 4:
Phrase A assumes no counter-evidence against its claim: no_evident_not_helpful_staff.
Phrase B is a separate fact: not_kind_staff.
B breaks A's assumption? Fill in the blank: No

Now complete the blank for this pair. Output ONLY the missing word (Yes or No), nothing else.

Phrase A assumes no counter-evidence against its claim: have_evident_dangerous_ramp.
Phrase B is a separate fact: limited_facility.
B breaks A's assumption? Fill in the blank:
",No
2026-08-16 22:52:34,3,1889,have_evident_not_EU_regulation_ramp,not_convenient_parking,"Complete the sentence by filling in the blank with exactly one word: Yes or No.

Template: ""Phrase A assumes no counter-evidence against its claim. Phrase B is a separate fact.
B breaks A's assumption? Fill in the blank: ____""

Example 1:
Phrase A assumes no counter-evidence against its claim: no_evident_not_easy_check-in.
Phrase B is a separate fact: customer_wait_10_minute_for_greet.
B breaks A's assumption? Fill in the blank: Yes

Example 2:
Phrase A assumes no counter-evidence against its claim: no_evident_not_easy_check-in.
Phrase B is a separate fact: no_one_give_key_on_late_check-in.
B breaks A's assumption? Fill in the blank: No

Example 3:
Phrase A assumes no counter-evidence against its claim: no_evident_not_helpful_staff.
Phrase B is a separate fact: staff_not_speak_English_properly.
B breaks A's assumption? Fill in the blank: Yes

Example 4:
Phrase A assumes no counter-evidence against its claim: no_evident_not_helpful_staff.
Phrase B is a separate fact: not_kind_staff.
B breaks A's assumption? Fill in the blank: No

Now complete the blank for this pair. Output ONLY the missing word (Yes or No), nothing else.

Phrase A assumes no counter-evidence against its claim: have_evident_not_EU_regulation_ramp.
Phrase B is a separate fact: not_convenient_parking.
B breaks A's assumption? Fill in the blank:
",No
2026-08-16 22:52:34,3,989,have_evident_main_door_slam_at_night,pool_could_be_cleaner,"Complete the sentence by filling in the blank with exactly one word: Yes or No.

Template: ""Phrase A assumes no counter-evidence against its claim. Phrase B is a separate fact.
B breaks A's assumption? Fill in the blank: ____""

Example 1:
Phrase A assumes no counter-evidence against its claim: no_evident_not_easy_check-in.
Phrase B is a separate fact: customer_wait_10_minute_for_greet.
B breaks A's assumption? Fill in the blank: Yes

Example 2:
Phrase A assumes no counter-evidence against its claim: no_evident_not_easy_check-in.
Phrase B is a separate fact: no_one_give_key_on_late_check-in.
B breaks A's assumption? Fill in the blank: No

Example 3:
Phrase A assumes no counter-evidence against its claim: no_evident_not_helpful_staff.
Phrase B is a separate fact: staff_not_speak_English_properly.
B breaks A's assumption? Fill in the blank: Yes

Example 4:
Phrase A assumes no counter-evidence against its claim: no_evident_not_helpful_staff.
Phrase B is a separate fact: not_kind_staff.
B breaks A's assumption? Fill in the blank: No

Now complete the blank for this pair. Output ONLY the missing word (Yes or No), nothing else.

Phrase A assumes no counter-evidence against its claim: have_evident_main_door_slam_at_night.
Phrase B is a separate fact: pool_could_be_cleaner.
B breaks A's assumption? Fill in the blank:
",No
2026-08-16 22:52:34,3,1578,have_evident_need_renovation_in_common_area,issue_with_internet,"Complete the sentence by filling in the blank with exactly one word: Yes or No.

Template: ""Phrase A assumes no counter-evidence against its claim. Phrase B is a separate fact.
B breaks A's assumption? Fill in the blank: ____""

Example 1:
Phrase A assumes no counter-evidence against its claim: no_evident_not_easy_check-in.
Phrase B is a separate fact: customer_wait_10_minute_for_greet.
B breaks A's assumption? Fill in the blank: Yes

Example 2:
Phrase A assumes no counter-evidence against its claim: no_evident_not_easy_check-in.
Phrase B is a separate fact: no_one_give_key_on_late_check-in.
B breaks A's assumption? Fill in the blank: No

Example 3:
Phrase A assumes no counter-evidence against its claim: no_evident_not_helpful_staff.
Phrase B is a separate fact: staff_not_speak_English_properly.
B breaks A's assumption? Fill in the blank: Yes

Example 4:
Phrase A assumes no counter-evidence against its claim: no_evident_not_helpful_staff.
Phrase B is a separate fact: not_kind_staff.
B breaks A's assumption? Fill in the blank: No

Now complete the blank for this pair. Output ONLY the missing word (Yes or No), nothing else.

Phrase A assumes no counter-evidence against its claim: have_evident_need_renovation_in_common_area.
Phrase B is a separate fact: issue_with_internet.
B breaks A's assumption? Fill in the blank:
",No
2026-08-16 22:52:34,3,2585,have_evident_no_bar_on_off_season,no_bar_on_off_season,"Complete the sentence by filling in the blank with exactly one word: Yes or No.

Template: ""Phrase A assumes no counter-evidence against its claim. Phrase B is a separate fact.
B breaks A's assumption? Fill in the blank: ____""

Example 1:
Phrase A assumes no counter-evidence against its claim: no_evident_not_easy_check-in.
Phrase B is a separate fact: customer_wait_10_minute_for_greet.
B breaks A's assumption? Fill in the blank: Yes

Example 2:
Phrase A assumes no counter-evidence against its claim: no_evident_not_easy_check-in.
Phrase B is a separate fact: no_one_give_key_on_late_check-in.
B breaks A's assumption? Fill in the blank: No

Example 3:
Phrase A assumes no counter-evidence against its claim: no_evident_not_helpful_staff.
Phrase B is a separate fact: staff_not_speak_English_properly.
B breaks A's assumption? Fill in the blank: Yes

Example 4:
Phrase A assumes no counter-evidence against its claim: no_evident_not_helpful_staff.
Phrase B is a separate fact: not_kind_staff.
B breaks A's assumption? Fill in the blank: No

Now complete the blank for this pair. Output ONLY the missing word (Yes or No), nothing else.

Phrase A assumes no counter-evidence against its claim: have_evident_no_bar_on_off_season.
Phrase B is a separate fact: no_bar_on_off_season.
B breaks A's assumption? Fill in the blank:
",No.
2026-08-16 22:52:34,3,980,have_evident_main_door_slam_at_night,available_facility_not_clear_on_booking,"Complete the sentence by filling in the blank with exactly one word: Yes or No.

Template: ""Phrase A assumes no counter-evidence against its claim. Phrase B is a separate fact.
B breaks A's assumption? Fill in the blank: ____""

Example 1:
Phrase A assumes no counter-evidence against its claim: no_evident_not_easy_check-in.
Phrase B is a separate fact: customer_wait_10_minute_for_greet.
B breaks A's assumption? Fill in the blank: Yes

Example 2:
Phrase A assumes no counter-evidence against its claim: no_evident_not_easy_check-in.
Phrase B is a separate fact: no_one_give_key_on_late_check-in.
B breaks A's assumption? Fill in the blank: No

Example 3:
Phrase A assumes no counter-evidence against its claim: no_evident_not_helpful_staff.
Phrase B is a separate fact: staff_not_speak_English_properly.
B breaks A's assumption? Fill in the blank: Yes

Example 4:
Phrase A assumes no counter-evidence against its claim: no_evident_not_helpful_staff.
Phrase B is a separate fact: not_kind_staff.
B breaks A's assumption? Fill in the blank: No

Now complete the blank for this pair. Output ONLY the missing word (Yes or No), nothing else.

Phrase A assumes no counter-evidence against its claim: have_evident_main_door_slam_at_night.
Phrase B is a separate fact: available_facility_not_clear_on_booking.
B breaks A's assumption? Fill in the blank:
",No
2026-08-16 22:52:35,3,4390,have_evident_not_encourage_to_use_deckchair,no_designated_parking,"Complete the sentence by filling in the blank with exactly one word: Yes or No.

Template: ""Phrase A assumes no counter-evidence against its claim. Phrase B is a separate fact.
B breaks A's assumption? Fill in the blank: ____""

Example 1:
Phrase A assumes no counter-evidence against its claim: no_evident_not_easy_check-in.
Phrase B is a separate fact: customer_wait_10_minute_for_greet.
B breaks A's assumption? Fill in the blank: Yes

Example 2:
Phrase A assumes no counter-evidence against its claim: no_evident_not_easy_check-in.
Phrase B is a separate fact: no_one_give_key_on_late_check-in.
B breaks A's assumption? Fill in the blank: No

Example 3:
Phrase A assumes no counter-evidence against its claim: no_evident_not_helpful_staff.
Phrase B is a separate fact: staff_not_speak_English_properly.
B breaks A's assumption? Fill in the blank: Yes

Example 4:
Phrase A assumes no counter-evidence against its claim: no_evident_not_helpful_staff.
Phrase B is a separate fact: not_kind_staff.
B breaks A's assumption? Fill in the blank: No

Now complete the blank for this pair. Output ONLY the missing word (Yes or No), nothing else.

Phrase A assumes no counter-evidence against its claim: have_evident_not_encourage_to_use_deckchair.
Phrase B is a separate fact: no_designated_parking.
B breaks A's assumption? Fill in the blank:
",No
2026-08-16 22:52:35,3,1517,have_evident_need_renovation_in_lobby,feel_cold_inviting,"Complete the sentence by filling in the blank with exactly one word: Yes or No.

Template: ""Phrase A assumes no counter-evidence against its claim. Phrase B is a separate fact.
B breaks A's assumption? Fill in the blank: ____""

Example 1:
Phrase A assumes no counter-evidence against its claim: no_evident_not_easy_check-in.
Phrase B is a separate fact: customer_wait_10_minute_for_greet.
B breaks A's assumption? Fill in the blank: Yes

Example 2:
Phrase A assumes no counter-evidence against its claim: no_evident_not_easy_check-in.
Phrase B is a separate fact: no_one_give_key_on_late_check-in.
B breaks A's assumption? Fill in the blank: No

Example 3:
Phrase A assumes no counter-evidence against its claim: no_evident_not_helpful_staff.
Phrase B is a separate fact: staff_not_speak_English_properly.
B breaks A's assumption? Fill in the blank: Yes

Example 4:
Phrase A assumes no counter-evidence against its claim: no_evident_not_helpful_staff.
Phrase B is a separate fact: not_kind_staff.
B breaks A's assumption? Fill in the blank: No

Now complete the blank for this pair. Output ONLY the missing word (Yes or No), nothing else.

Phrase A assumes no counter-evidence against its claim: have_evident_need_renovation_in_lobby.
Phrase B is a separate fact: feel_cold_inviting.
B breaks A's assumption? Fill in the blank:
",No
2026-08-16 22:52:35,3,1570,have_evident_need_renovation_in_common_area,not_EU_regulation_ramp,"Complete the sentence by filling in the blank with exactly one word: Yes or No.

Template: ""Phrase A assumes no counter-evidence against its claim. Phrase B is a separate fact.
B breaks A's assumption? Fill in the blank: ____""

Example 1:
Phrase A assumes no counter-evidence against its claim: no_evident_not_easy_check-in.
Phrase B is a separate fact: customer_wait_10_minute_for_greet.
B breaks A's assumption? Fill in the blank: Yes

Example 2:
Phrase A assumes no counter-evidence against its claim: no_evident_not_easy_check-in.
Phrase B is a separate fact: no_one_give_key_on_late_check-in.
B breaks A's assumption? Fill in the blank: No

Example 3:
Phrase A assumes no counter-evidence against its claim: no_evident_not_helpful_staff.
Phrase B is a separate fact: staff_not_speak_English_properly.
B breaks A's assumption? Fill in the blank: Yes

Example 4:
Phrase A assumes no counter-evidence against its claim: no_evident_not_helpful_staff.
Phrase B is a separate fact: not_kind_staff.
B breaks A's assumption? Fill in the blank: No

Now complete the blank for this pair. Output ONLY the missing word (Yes or No), nothing else.

Phrase A assumes no counter-evidence against its claim: have_evident_need_renovation_in_common_area.
Phrase B is a separate fact: not_EU_regulation_ramp.
B breaks A's assumption? Fill in the blank:
",No
2026-08-16 22:52:35,3,1773,have_evident_low_doorway_leading_to_elevator,dangerous_ramp,"Complete the sentence by filling in the blank with exactly one word: Yes or No.

Template: ""Phrase A assumes no counter-evidence against its claim. Phrase B is a separate fact.
B breaks A's assumption? Fill in the blank: ____""

Example 1:
Phrase A assumes no counter-evidence against its claim: no_evident_not_easy_check-in.
Phrase B is a separate fact: customer_wait_10_minute_for_greet.
B breaks A's assumption? Fill in the blank: Yes

Example 2:
Phrase A assumes no counter-evidence against its claim: no_evident_not_easy_check-in.
Phrase B is a separate fact: no_one_give_key_on_late_check-in.
B breaks A's assumption? Fill in the blank: No

Example 3:
Phrase A assumes no counter-evidence against its claim: no_evident_not_helpful_staff.
Phrase B is a separate fact: staff_not_speak_English_properly.
B breaks A's assumption? Fill in the blank: Yes

Example 4:
Phrase A assumes no counter-evidence against its claim: no_evident_not_helpful_staff.
Phrase B is a separate fact: not_kind_staff.
B breaks A's assumption? Fill in the blank: No

Now complete the blank for this pair. Output ONLY the missing word (Yes or No), nothing else.

Phrase A assumes no counter-evidence against its claim: have_evident_low_doorway_leading_to_elevator.
Phrase B is a separate fact: dangerous_ramp.
B breaks A's assumption? Fill in the blank:
",No
2026-08-16 22:52:35,3,3967,have_evident_small_swimming_pool,main_door_not_close,"Complete the sentence by filling in the blank with exactly one word: Yes or No.

Template: ""Phrase A assumes no counter-evidence against its claim. Phrase B is a separate fact.
B breaks A's assumption? Fill in the blank: ____""

Example 1:
Phrase A assumes no counter-evidence against its claim: no_evident_not_easy_check-in.
Phrase B is a separate fact: customer_wait_10_minute_for_greet.
B breaks A's assumption? Fill in the blank: Yes

Example 2:
Phrase A assumes no counter-evidence against its claim: no_evident_not_easy_check-in.
Phrase B is a separate fact: no_one_give_key_on_late_check-in.
B breaks A's assumption? Fill in the blank: No

Example 3:
Phrase A assumes no counter-evidence against its claim: no_evident_not_helpful_staff.
Phrase B is a separate fact: staff_not_speak_English_properly.
B breaks A's assumption? Fill in the blank: Yes

Example 4:
Phrase A assumes no counter-evidence against its claim: no_evident_not_helpful_staff.
Phrase B is a separate fact: not_kind_staff.
B breaks A's assumption? Fill in the blank: No

Now complete the blank for this pair. Output ONLY the missing word (Yes or No), nothing else.

Phrase A assumes no counter-evidence against its claim: have_evident_small_swimming_pool.
Phrase B is a separate fact: main_door_not_close.
B breaks A's assumption? Fill in the blank:
",No
2026-08-16 22:52:35,3,2266,have_evident_street_parking,elevator_need_renovation,"Complete the sentence by filling in the blank with exactly one word: Yes or No.

Template: ""Phrase A assumes no counter-evidence against its claim. Phrase B is a separate fact.
B breaks A's assumption? Fill in the blank: ____""

Example 1:
Phrase A assumes no counter-evidence against its claim: no_evident_not_easy_check-in.
Phrase B is a separate fact: customer_wait_10_minute_for_greet.
B breaks A's assumption? Fill in the blank: Yes

Example 2:
Phrase A assumes no counter-evidence against its claim: no_evident_not_easy_check-in.
Phrase B is a separate fact: no_one_give_key_on_late_check-in.
B breaks A's assumption? Fill in the blank: No

Example 3:
Phrase A assumes no counter-evidence against its claim: no_evident_not_helpful_staff.
Phrase B is a separate fact: staff_not_speak_English_properly.
B breaks A's assumption? Fill in the blank: Yes

Example 4:
Phrase A assumes no counter-evidence against its claim: no_evident_not_helpful_staff.
Phrase B is a separate fact: not_kind_staff.
B breaks A's assumption? Fill in the blank: No

Now complete the blank for this pair. Output ONLY the missing word (Yes or No), nothing else.

Phrase A assumes no counter-evidence against its claim: have_evident_street_parking.
Phrase B is a separate fact: elevator_need_renovation.
B breaks A's assumption? Fill in the blank:
",No
2026-08-16 22:52:36,3,4298,have_evident_not_encourage_to_use_swimming_pool,no_24_hour_kiosk_close_to_hotel,"Complete the sentence by filling in the blank with exactly one word: Yes or No.

Template: ""Phrase A assumes no counter-evidence against its claim. Phrase B is a separate fact.
B breaks A's assumption? Fill in the blank: ____""

Example 1:
Phrase A assumes no counter-evidence against its claim: no_evident_not_easy_check-in.
Phrase B is a separate fact: customer_wait_10_minute_for_greet.
B breaks A's assumption? Fill in the blank: Yes

Example 2:
Phrase A assumes no counter-evidence against its claim: no_evident_not_easy_check-in.
Phrase B is a separate fact: no_one_give_key_on_late_check-in.
B breaks A's assumption? Fill in the blank: No

Example 3:
Phrase A assumes no counter-evidence against its claim: no_evident_not_helpful_staff.
Phrase B is a separate fact: staff_not_speak_English_properly.
B breaks A's assumption? Fill in the blank: Yes

Example 4:
Phrase A assumes no counter-evidence against its claim: no_evident_not_helpful_staff.
Phrase B is a separate fact: not_kind_staff.
B breaks A's assumption? Fill in the blank: No

Now complete the blank for this pair. Output ONLY the missing word (Yes or No), nothing else.

Phrase A assumes no counter-evidence against its claim: have_evident_not_encourage_to_use_swimming_pool.
Phrase B is a separate fact: no_24_hour_kiosk_close_to_hotel.
B breaks A's assumption? Fill in the blank:
",No
2026-08-16 22:52:36,3,2319,have_evident_no_designated_parking,no_pool_on_off_season,"Complete the sentence by filling in the blank with exactly one word: Yes or No.

Template: ""Phrase A assumes no counter-evidence against its claim. Phrase B is a separate fact.
B breaks A's assumption? Fill in the blank: ____""

Example 1:
Phrase A assumes no counter-evidence against its claim: no_evident_not_easy_check-in.
Phrase B is a separate fact: customer_wait_10_minute_for_greet.
B breaks A's assumption? Fill in the blank: Yes

Example 2:
Phrase A assumes no counter-evidence against its claim: no_evident_not_easy_check-in.
Phrase B is a separate fact: no_one_give_key_on_late_check-in.
B breaks A's assumption? Fill in the blank: No

Example 3:
Phrase A assumes no counter-evidence against its claim: no_evident_not_helpful_staff.
Phrase B is a separate fact: staff_not_speak_English_properly.
B breaks A's assumption? Fill in the blank: Yes

Example 4:
Phrase A assumes no counter-evidence against its claim: no_evident_not_helpful_staff.
Phrase B is a separate fact: not_kind_staff.
B breaks A's assumption? Fill in the blank: No

Now complete the blank for this pair. Output ONLY the missing word (Yes or No), nothing else.

Phrase A assumes no counter-evidence against its claim: have_evident_no_designated_parking.
Phrase B is a separate fact: no_pool_on_off_season.
B breaks A's assumption? Fill in the blank:
",No
2026-08-16 22:52:36,3,824,have_evident_not_convenient_parking,not_much_parking,"Complete the sentence by filling in the blank with exactly one word: Yes or No.

Template: ""Phrase A assumes no counter-evidence against its claim. Phrase B is a separate fact.
B breaks A's assumption? Fill in the blank: ____""

Example 1:
Phrase A assumes no counter-evidence against its claim: no_evident_not_easy_check-in.
Phrase B is a separate fact: customer_wait_10_minute_for_greet.
B breaks A's assumption? Fill in the blank: Yes

Example 2:
Phrase A assumes no counter-evidence against its claim: no_evident_not_easy_check-in.
Phrase B is a separate fact: no_one_give_key_on_late_check-in.
B breaks A's assumption? Fill in the blank: No

Example 3:
Phrase A assumes no counter-evidence against its claim: no_evident_not_helpful_staff.
Phrase B is a separate fact: staff_not_speak_English_properly.
B breaks A's assumption? Fill in the blank: Yes

Example 4:
Phrase A assumes no counter-evidence against its claim: no_evident_not_helpful_staff.
Phrase B is a separate fact: not_kind_staff.
B breaks A's assumption? Fill in the blank: No

Now complete the blank for this pair. Output ONLY the missing word (Yes or No), nothing else.

Phrase A assumes no counter-evidence against its claim: have_evident_not_convenient_parking.
Phrase B is a separate fact: not_much_parking.
B breaks A's assumption? Fill in the blank:
",No
2026-08-16 22:52:36,3,1591,have_evident_need_renovation_in_common_area,limited_facility,"Complete the sentence by filling in the blank with exactly one word: Yes or No.

Template: ""Phrase A assumes no counter-evidence against its claim. Phrase B is a separate fact.
B breaks A's assumption? Fill in the blank: ____""

Example 1:
Phrase A assumes no counter-evidence against its claim: no_evident_not_easy_check-in.
Phrase B is a separate fact: customer_wait_10_minute_for_greet.
B breaks A's assumption? Fill in the blank: Yes

Example 2:
Phrase A assumes no counter-evidence against its claim: no_evident_not_easy_check-in.
Phrase B is a separate fact: no_one_give_key_on_late_check-in.
B breaks A's assumption? Fill in the blank: No

Example 3:
Phrase A assumes no counter-evidence against its claim: no_evident_not_helpful_staff.
Phrase B is a separate fact: staff_not_speak_English_properly.
B breaks A's assumption? Fill in the blank: Yes

Example 4:
Phrase A assumes no counter-evidence against its claim: no_evident_not_helpful_staff.
Phrase B is a separate fact: not_kind_staff.
B breaks A's assumption? Fill in the blank: No

Now complete the blank for this pair. Output ONLY the missing word (Yes or No), nothing else.

Phrase A assumes no counter-evidence against its claim: have_evident_need_renovation_in_common_area.
Phrase B is a separate fact: limited_facility.
B breaks A's assumption? Fill in the blank:
",No
2026-08-16 22:52:36,3,2427,have_evident_issue_with_internet,main_door_slam_at_night,"Complete the sentence by filling in the blank with exactly one word: Yes or No.

Template: ""Phrase A assumes no counter-evidence against its claim. Phrase B is a separate fact.
B breaks A's assumption? Fill in the blank: ____""

Example 1:
Phrase A assumes no counter-evidence against its claim: no_evident_not_easy_check-in.
Phrase B is a separate fact: customer_wait_10_minute_for_greet.
B breaks A's assumption? Fill in the blank: Yes

Example 2:
Phrase A assumes no counter-evidence against its claim: no_evident_not_easy_check-in.
Phrase B is a separate fact: no_one_give_key_on_late_check-in.
B breaks A's assumption? Fill in the blank: No

Example 3:
Phrase A assumes no counter-evidence against its claim: no_evident_not_helpful_staff.
Phrase B is a separate fact: staff_not_speak_English_properly.
B breaks A's assumption? Fill in the blank: Yes

Example 4:
Phrase A assumes no counter-evidence against its claim: no_evident_not_helpful_staff.
Phrase B is a separate fact: not_kind_staff.
B breaks A's assumption? Fill in the blank: No

Now complete the blank for this pair. Output ONLY the missing word (Yes or No), nothing else.

Phrase A assumes no counter-evidence against its claim: have_evident_issue_with_internet.
Phrase B is a separate fact: main_door_slam_at_night.
B breaks A's assumption? Fill in the blank:
",No
2026-08-16 22:52:36,3,1864,have_evident_head_bump_doorway,elevator_need_renovation,"Complete the sentence by filling in the blank with exactly one word: Yes or No.

Template: ""Phrase A assumes no counter-evidence against its claim. Phrase B is a separate fact.
B breaks A's assumption? Fill in the blank: ____""

Example 1:
Phrase A assumes no counter-evidence against its claim: no_evident_not_easy_check-in.
Phrase B is a separate fact: customer_wait_10_minute_for_greet.
B breaks A's assumption? Fill in the blank: Yes

Example 2:
Phrase A assumes no counter-evidence against its claim: no_evident_not_easy_check-in.
Phrase B is a separate fact: no_one_give_key_on_late_check-in.
B breaks A's assumption? Fill in the blank: No

Example 3:
Phrase A assumes no counter-evidence against its claim: no_evident_not_helpful_staff.
Phrase B is a separate fact: staff_not_speak_English_properly.
B breaks A's assumption? Fill in the blank: Yes

Example 4:
Phrase A assumes no counter-evidence against its claim: no_evident_not_helpful_staff.
Phrase B is a separate fact: not_kind_staff.
B breaks A's assumption? Fill in the blank: No

Now complete the blank for this pair. Output ONLY the missing word (Yes or No), nothing else.

Phrase A assumes no counter-evidence against its claim: have_evident_head_bump_doorway.
Phrase B is a separate fact: elevator_need_renovation.
B breaks A's assumption? Fill in the blank:
",No
2026-08-16 22:52:37,3,2957,have_evident_minimalistic_hotel,nothing_to_do,"Complete the sentence by filling in the blank with exactly one word: Yes or No.

Template: ""Phrase A assumes no counter-evidence against its claim. Phrase B is a separate fact.
B breaks A's assumption? Fill in the blank: ____""

Example 1:
Phrase A assumes no counter-evidence against its claim: no_evident_not_easy_check-in.
Phrase B is a separate fact: customer_wait_10_minute_for_greet.
B breaks A's assumption? Fill in the blank: Yes

Example 2:
Phrase A assumes no counter-evidence against its claim: no_evident_not_easy_check-in.
Phrase B is a separate fact: no_one_give_key_on_late_check-in.
B breaks A's assumption? Fill in the blank: No

Example 3:
Phrase A assumes no counter-evidence against its claim: no_evident_not_helpful_staff.
Phrase B is a separate fact: staff_not_speak_English_properly.
B breaks A's assumption? Fill in the blank: Yes

Example 4:
Phrase A assumes no counter-evidence against its claim: no_evident_not_helpful_staff.
Phrase B is a separate fact: not_kind_staff.
B breaks A's assumption? Fill in the blank: No

Now complete the blank for this pair. Output ONLY the missing word (Yes or No), nothing else.

Phrase A assumes no counter-evidence against its claim: have_evident_minimalistic_hotel.
Phrase B is a separate fact: nothing_to_do.
B breaks A's assumption? Fill in the blank:
",No
2026-08-16 22:52:37,3,2477,have_evident_issue_with_internet,not_encourage_to_use_swimming_pool,"Complete the sentence by filling in the blank with exactly one word: Yes or No.

Template: ""Phrase A assumes no counter-evidence against its claim. Phrase B is a separate fact.
B breaks A's assumption? Fill in the blank: ____""

Example 1:
Phrase A assumes no counter-evidence against its claim: no_evident_not_easy_check-in.
Phrase B is a separate fact: customer_wait_10_minute_for_greet.
B breaks A's assumption? Fill in the blank: Yes

Example 2:
Phrase A assumes no counter-evidence against its claim: no_evident_not_easy_check-in.
Phrase B is a separate fact: no_one_give_key_on_late_check-in.
B breaks A's assumption? Fill in the blank: No

Example 3:
Phrase A assumes no counter-evidence against its claim: no_evident_not_helpful_staff.
Phrase B is a separate fact: staff_not_speak_English_properly.
B breaks A's assumption? Fill in the blank: Yes

Example 4:
Phrase A assumes no counter-evidence against its claim: no_evident_not_helpful_staff.
Phrase B is a separate fact: not_kind_staff.
B breaks A's assumption? Fill in the blank: No

Now complete the blank for this pair. Output ONLY the missing word (Yes or No), nothing else.

Phrase A assumes no counter-evidence against its claim: have_evident_issue_with_internet.
Phrase B is a separate fact: not_encourage_to_use_swimming_pool.
B breaks A's assumption? Fill in the blank:
",No
2026-08-16 22:52:37,3,116,have_evident_no_24_hour_reception,not_accurate_pool_picture,"Complete the sentence by filling in the blank with exactly one word: Yes or No.

Template: ""Phrase A assumes no counter-evidence against its claim. Phrase B is a separate fact.
B breaks A's assumption? Fill in the blank: ____""

Example 1:
Phrase A assumes no counter-evidence against its claim: no_evident_not_easy_check-in.
Phrase B is a separate fact: customer_wait_10_minute_for_greet.
B breaks A's assumption? Fill in the blank: Yes

Example 2:
Phrase A assumes no counter-evidence against its claim: no_evident_not_easy_check-in.
Phrase B is a separate fact: no_one_give_key_on_late_check-in.
B breaks A's assumption? Fill in the blank: No

Example 3:
Phrase A assumes no counter-evidence against its claim: no_evident_not_helpful_staff.
Phrase B is a separate fact: staff_not_speak_English_properly.
B breaks A's assumption? Fill in the blank: Yes

Example 4:
Phrase A assumes no counter-evidence against its claim: no_evident_not_helpful_staff.
Phrase B is a separate fact: not_kind_staff.
B breaks A's assumption? Fill in the blank: No

Now complete the blank for this pair. Output ONLY the missing word (Yes or No), nothing else.

Phrase A assumes no counter-evidence against its claim: have_evident_no_24_hour_reception.
Phrase B is a separate fact: not_accurate_pool_picture.
B breaks A's assumption? Fill in the blank:
",No
2026-08-16 22:52:37,3,1037,have_evident_no_beach_towel_provide,hotel_not_accessible_to_wheelchair_as_it_said,"Complete the sentence by filling in the blank with exactly one word: Yes or No.

Template: ""Phrase A assumes no counter-evidence against its claim. Phrase B is a separate fact.
B breaks A's assumption? Fill in the blank: ____""

Example 1:
Phrase A assumes no counter-evidence against its claim: no_evident_not_easy_check-in.
Phrase B is a separate fact: customer_wait_10_minute_for_greet.
B breaks A's assumption? Fill in the blank: Yes

Example 2:
Phrase A assumes no counter-evidence against its claim: no_evident_not_easy_check-in.
Phrase B is a separate fact: no_one_give_key_on_late_check-in.
B breaks A's assumption? Fill in the blank: No

Example 3:
Phrase A assumes no counter-evidence against its claim: no_evident_not_helpful_staff.
Phrase B is a separate fact: staff_not_speak_English_properly.
B breaks A's assumption? Fill in the blank: Yes

Example 4:
Phrase A assumes no counter-evidence against its claim: no_evident_not_helpful_staff.
Phrase B is a separate fact: not_kind_staff.
B breaks A's assumption? Fill in the blank: No

Now complete the blank for this pair. Output ONLY the missing word (Yes or No), nothing else.

Phrase A assumes no counter-evidence against its claim: have_evident_no_beach_towel_provide.
Phrase B is a separate fact: hotel_not_accessible_to_wheelchair_as_it_said.
B breaks A's assumption? Fill in the blank:
",No.
2026-08-16 22:52:37,3,2248,have_evident_street_parking,issue_with_internet,"Complete the sentence by filling in the blank with exactly one word: Yes or No.

Template: ""Phrase A assumes no counter-evidence against its claim. Phrase B is a separate fact.
B breaks A's assumption? Fill in the blank: ____""

Example 1:
Phrase A assumes no counter-evidence against its claim: no_evident_not_easy_check-in.
Phrase B is a separate fact: customer_wait_10_minute_for_greet.
B breaks A's assumption? Fill in the blank: Yes

Example 2:
Phrase A assumes no counter-evidence against its claim: no_evident_not_easy_check-in.
Phrase B is a separate fact: no_one_give_key_on_late_check-in.
B breaks A's assumption? Fill in the blank: No

Example 3:
Phrase A assumes no counter-evidence against its claim: no_evident_not_helpful_staff.
Phrase B is a separate fact: staff_not_speak_English_properly.
B breaks A's assumption? Fill in the blank: Yes

Example 4:
Phrase A assumes no counter-evidence against its claim: no_evident_not_helpful_staff.
Phrase B is a separate fact: not_kind_staff.
B breaks A's assumption? Fill in the blank: No

Now complete the blank for this pair. Output ONLY the missing word (Yes or No), nothing else.

Phrase A assumes no counter-evidence against its claim: have_evident_street_parking.
Phrase B is a separate fact: issue_with_internet.
B breaks A's assumption? Fill in the blank:
",No
2026-08-16 22:52:37,3,373,have_evident_no_swimming_pool,hotel_not_yet_open_up_for_season,"Complete the sentence by filling in the blank with exactly one word: Yes or No.

Template: ""Phrase A assumes no counter-evidence against its claim. Phrase B is a separate fact.
B breaks A's assumption? Fill in the blank: ____""

Example 1:
Phrase A assumes no counter-evidence against its claim: no_evident_not_easy_check-in.
Phrase B is a separate fact: customer_wait_10_minute_for_greet.
B breaks A's assumption? Fill in the blank: Yes

Example 2:
Phrase A assumes no counter-evidence against its claim: no_evident_not_easy_check-in.
Phrase B is a separate fact: no_one_give_key_on_late_check-in.
B breaks A's assumption? Fill in the blank: No

Example 3:
Phrase A assumes no counter-evidence against its claim: no_evident_not_helpful_staff.
Phrase B is a separate fact: staff_not_speak_English_properly.
B breaks A's assumption? Fill in the blank: Yes

Example 4:
Phrase A assumes no counter-evidence against its claim: no_evident_not_helpful_staff.
Phrase B is a separate fact: not_kind_staff.
B breaks A's assumption? Fill in the blank: No

Now complete the blank for this pair. Output ONLY the missing word (Yes or No), nothing else.

Phrase A assumes no counter-evidence against its claim: have_evident_no_swimming_pool.
Phrase B is a separate fact: hotel_not_yet_open_up_for_season.
B breaks A's assumption? Fill in the blank:
",No
2026-08-16 22:52:38,3,447,have_evident_disgusting_outside,minimalistic_hotel,"Complete the sentence by filling in the blank with exactly one word: Yes or No.

Template: ""Phrase A assumes no counter-evidence against its claim. Phrase B is a separate fact.
B breaks A's assumption? Fill in the blank: ____""

Example 1:
Phrase A assumes no counter-evidence against its claim: no_evident_not_easy_check-in.
Phrase B is a separate fact: customer_wait_10_minute_for_greet.
B breaks A's assumption? Fill in the blank: Yes

Example 2:
Phrase A assumes no counter-evidence against its claim: no_evident_not_easy_check-in.
Phrase B is a separate fact: no_one_give_key_on_late_check-in.
B breaks A's assumption? Fill in the blank: No

Example 3:
Phrase A assumes no counter-evidence against its claim: no_evident_not_helpful_staff.
Phrase B is a separate fact: staff_not_speak_English_properly.
B breaks A's assumption? Fill in the blank: Yes

Example 4:
Phrase A assumes no counter-evidence against its claim: no_evident_not_helpful_staff.
Phrase B is a separate fact: not_kind_staff.
B breaks A's assumption? Fill in the blank: No

Now complete the blank for this pair. Output ONLY the missing word (Yes or No), nothing else.

Phrase A assumes no counter-evidence against its claim: have_evident_disgusting_outside.
Phrase B is a separate fact: minimalistic_hotel.
B breaks A's assumption? Fill in the blank:
",No.
2026-08-16 22:52:38,3,2394,have_evident_park_wherever_you_find,not_accurate_pool_picture,"Complete the sentence by filling in the blank with exactly one word: Yes or No.

Template: ""Phrase A assumes no counter-evidence against its claim. Phrase B is a separate fact.
B breaks A's assumption? Fill in the blank: ____""

Example 1:
Phrase A assumes no counter-evidence against its claim: no_evident_not_easy_check-in.
Phrase B is a separate fact: customer_wait_10_minute_for_greet.
B breaks A's assumption? Fill in the blank: Yes

Example 2:
Phrase A assumes no counter-evidence against its claim: no_evident_not_easy_check-in.
Phrase B is a separate fact: no_one_give_key_on_late_check-in.
B breaks A's assumption? Fill in the blank: No

Example 3:
Phrase A assumes no counter-evidence against its claim: no_evident_not_helpful_staff.
Phrase B is a separate fact: staff_not_speak_English_properly.
B breaks A's assumption? Fill in the blank: Yes

Example 4:
Phrase A assumes no counter-evidence against its claim: no_evident_not_helpful_staff.
Phrase B is a separate fact: not_kind_staff.
B breaks A's assumption? Fill in the blank: No

Now complete the blank for this pair. Output ONLY the missing word (Yes or No), nothing else.

Phrase A assumes no counter-evidence against its claim: have_evident_park_wherever_you_find.
Phrase B is a separate fact: not_accurate_pool_picture.
B breaks A's assumption? Fill in the blank:
",No
2026-08-16 22:52:38,3,4022,have_evident_dirty_swimming_pool,no_24_hour_reception,"Complete the sentence by filling in the blank with exactly one word: Yes or No.

Template: ""Phrase A assumes no counter-evidence against its claim. Phrase B is a separate fact.
B breaks A's assumption? Fill in the blank: ____""

Example 1:
Phrase A assumes no counter-evidence against its claim: no_evident_not_easy_check-in.
Phrase B is a separate fact: customer_wait_10_minute_for_greet.
B breaks A's assumption? Fill in the blank: Yes

Example 2:
Phrase A assumes no counter-evidence against its claim: no_evident_not_easy_check-in.
Phrase B is a separate fact: no_one_give_key_on_late_check-in.
B breaks A's assumption? Fill in the blank: No

Example 3:
Phrase A assumes no counter-evidence against its claim: no_evident_not_helpful_staff.
Phrase B is a separate fact: staff_not_speak_English_properly.
B breaks A's assumption? Fill in the blank: Yes

Example 4:
Phrase A assumes no counter-evidence against its claim: no_evident_not_helpful_staff.
Phrase B is a separate fact: not_kind_staff.
B breaks A's assumption? Fill in the blank: No

Now complete the blank for this pair. Output ONLY the missing word (Yes or No), nothing else.

Phrase A assumes no counter-evidence against its claim: have_evident_dirty_swimming_pool.
Phrase B is a separate fact: no_24_hour_reception.
B breaks A's assumption? Fill in the blank:
",No
2026-08-16 22:52:38,3,841,have_evident_not_convenient_parking,issue_with_internet,"Complete the sentence by filling in the blank with exactly one word: Yes or No.

Template: ""Phrase A assumes no counter-evidence against its claim. Phrase B is a separate fact.
B breaks A's assumption? Fill in the blank: ____""

Example 1:
Phrase A assumes no counter-evidence against its claim: no_evident_not_easy_check-in.
Phrase B is a separate fact: customer_wait_10_minute_for_greet.
B breaks A's assumption? Fill in the blank: Yes

Example 2:
Phrase A assumes no counter-evidence against its claim: no_evident_not_easy_check-in.
Phrase B is a separate fact: no_one_give_key_on_late_check-in.
B breaks A's assumption? Fill in the blank: No

Example 3:
Phrase A assumes no counter-evidence against its claim: no_evident_not_helpful_staff.
Phrase B is a separate fact: staff_not_speak_English_properly.
B breaks A's assumption? Fill in the blank: Yes

Example 4:
Phrase A assumes no counter-evidence against its claim: no_evident_not_helpful_staff.
Phrase B is a separate fact: not_kind_staff.
B breaks A's assumption? Fill in the blank: No

Now complete the blank for this pair. Output ONLY the missing word (Yes or No), nothing else.

Phrase A assumes no counter-evidence against its claim: have_evident_not_convenient_parking.
Phrase B is a separate fact: issue_with_internet.
B breaks A's assumption? Fill in the blank:
",No
2026-08-16 22:52:38,3,101,have_evident_no_24_hour_reception,street_parking,"Complete the sentence by filling in the blank with exactly one word: Yes or No.

Template: ""Phrase A assumes no counter-evidence against its claim. Phrase B is a separate fact.
B breaks A's assumption? Fill in the blank: ____""

Example 1:
Phrase A assumes no counter-evidence against its claim: no_evident_not_easy_check-in.
Phrase B is a separate fact: customer_wait_10_minute_for_greet.
B breaks A's assumption? Fill in the blank: Yes

Example 2:
Phrase A assumes no counter-evidence against its claim: no_evident_not_easy_check-in.
Phrase B is a separate fact: no_one_give_key_on_late_check-in.
B breaks A's assumption? Fill in the blank: No

Example 3:
Phrase A assumes no counter-evidence against its claim: no_evident_not_helpful_staff.
Phrase B is a separate fact: staff_not_speak_English_properly.
B breaks A's assumption? Fill in the blank: Yes

Example 4:
Phrase A assumes no counter-evidence against its claim: no_evident_not_helpful_staff.
Phrase B is a separate fact: not_kind_staff.
B breaks A's assumption? Fill in the blank: No

Now complete the blank for this pair. Output ONLY the missing word (Yes or No), nothing else.

Phrase A assumes no counter-evidence against its claim: have_evident_no_24_hour_reception.
Phrase B is a separate fact: street_parking.
B breaks A's assumption? Fill in the blank:
",No
2026-08-16 22:52:38,3,2330,have_evident_no_designated_parking,has_parking_if_lucky,"Complete the sentence by filling in the blank with exactly one word: Yes or No.

Template: ""Phrase A assumes no counter-evidence against its claim. Phrase B is a separate fact.
B breaks A's assumption? Fill in the blank: ____""

Example 1:
Phrase A assumes no counter-evidence against its claim: no_evident_not_easy_check-in.
Phrase B is a separate fact: customer_wait_10_minute_for_greet.
B breaks A's assumption? Fill in the blank: Yes

Example 2:
Phrase A assumes no counter-evidence against its claim: no_evident_not_easy_check-in.
Phrase B is a separate fact: no_one_give_key_on_late_check-in.
B breaks A's assumption? Fill in the blank: No

Example 3:
Phrase A assumes no counter-evidence against its claim: no_evident_not_helpful_staff.
Phrase B is a separate fact: staff_not_speak_English_properly.
B breaks A's assumption? Fill in the blank: Yes

Example 4:
Phrase A assumes no counter-evidence against its claim: no_evident_not_helpful_staff.
Phrase B is a separate fact: not_kind_staff.
B breaks A's assumption? Fill in the blank: No

Now complete the blank for this pair. Output ONLY the missing word (Yes or No), nothing else.

Phrase A assumes no counter-evidence against its claim: have_evident_no_designated_parking.
Phrase B is a separate fact: has_parking_if_lucky.
B breaks A's assumption? Fill in the blank:
",No
2026-08-16 22:52:38,3,3846,have_evident_pool_close,low_doorway_leading_to_elevator,"Complete the sentence by filling in the blank with exactly one word: Yes or No.

Template: ""Phrase A assumes no counter-evidence against its claim. Phrase B is a separate fact.
B breaks A's assumption? Fill in the blank: ____""

Example 1:
Phrase A assumes no counter-evidence against its claim: no_evident_not_easy_check-in.
Phrase B is a separate fact: customer_wait_10_minute_for_greet.
B breaks A's assumption? Fill in the blank: Yes

Example 2:
Phrase A assumes no counter-evidence against its claim: no_evident_not_easy_check-in.
Phrase B is a separate fact: no_one_give_key_on_late_check-in.
B breaks A's assumption? Fill in the blank: No

Example 3:
Phrase A assumes no counter-evidence against its claim: no_evident_not_helpful_staff.
Phrase B is a separate fact: staff_not_speak_English_properly.
B breaks A's assumption? Fill in the blank: Yes

Example 4:
Phrase A assumes no counter-evidence against its claim: no_evident_not_helpful_staff.
Phrase B is a separate fact: not_kind_staff.
B breaks A's assumption? Fill in the blank: No

Now complete the blank for this pair. Output ONLY the missing word (Yes or No), nothing else.

Phrase A assumes no counter-evidence against its claim: have_evident_pool_close.
Phrase B is a separate fact: low_doorway_leading_to_elevator.
B breaks A's assumption? Fill in the blank:
",No
2026-08-16 22:52:39,3,3922,have_evident_better_remove_pool_photo,park_wherever_you_find,"Complete the sentence by filling in the blank with exactly one word: Yes or No.

Template: ""Phrase A assumes no counter-evidence against its claim. Phrase B is a separate fact.
B breaks A's assumption? Fill in the blank: ____""

Example 1:
Phrase A assumes no counter-evidence against its claim: no_evident_not_easy_check-in.
Phrase B is a separate fact: customer_wait_10_minute_for_greet.
B breaks A's assumption? Fill in the blank: Yes

Example 2:
Phrase A assumes no counter-evidence against its claim: no_evident_not_easy_check-in.
Phrase B is a separate fact: no_one_give_key_on_late_check-in.
B breaks A's assumption? Fill in the blank: No

Example 3:
Phrase A assumes no counter-evidence against its claim: no_evident_not_helpful_staff.
Phrase B is a separate fact: staff_not_speak_English_properly.
B breaks A's assumption? Fill in the blank: Yes

Example 4:
Phrase A assumes no counter-evidence against its claim: no_evident_not_helpful_staff.
Phrase B is a separate fact: not_kind_staff.
B breaks A's assumption? Fill in the blank: No

Now complete the blank for this pair. Output ONLY the missing word (Yes or No), nothing else.

Phrase A assumes no counter-evidence against its claim: have_evident_better_remove_pool_photo.
Phrase B is a separate fact: park_wherever_you_find.
B breaks A's assumption? Fill in the blank:
",No
2026-08-16 22:52:39,3,3609,have_evident_elevator_need_cleaning,pool_close,"Complete the sentence by filling in the blank with exactly one word: Yes or No.

Template: ""Phrase A assumes no counter-evidence against its claim. Phrase B is a separate fact.
B breaks A's assumption? Fill in the blank: ____""

Example 1:
Phrase A assumes no counter-evidence against its claim: no_evident_not_easy_check-in.
Phrase B is a separate fact: customer_wait_10_minute_for_greet.
B breaks A's assumption? Fill in the blank: Yes

Example 2:
Phrase A assumes no counter-evidence against its claim: no_evident_not_easy_check-in.
Phrase B is a separate fact: no_one_give_key_on_late_check-in.
B breaks A's assumption? Fill in the blank: No

Example 3:
Phrase A assumes no counter-evidence against its claim: no_evident_not_helpful_staff.
Phrase B is a separate fact: staff_not_speak_English_properly.
B breaks A's assumption? Fill in the blank: Yes

Example 4:
Phrase A assumes no counter-evidence against its claim: no_evident_not_helpful_staff.
Phrase B is a separate fact: not_kind_staff.
B breaks A's assumption? Fill in the blank: No

Now complete the blank for this pair. Output ONLY the missing word (Yes or No), nothing else.

Phrase A assumes no counter-evidence against its claim: have_evident_elevator_need_cleaning.
Phrase B is a separate fact: pool_close.
B breaks A's assumption? Fill in the blank:
",No
2026-08-16 22:52:39,3,2792,have_evident_available_facility_not_clear_on_booking,minimalistic_hotel,"Complete the sentence by filling in the blank with exactly one word: Yes or No.

Template: ""Phrase A assumes no counter-evidence against its claim. Phrase B is a separate fact.
B breaks A's assumption? Fill in the blank: ____""

Example 1:
Phrase A assumes no counter-evidence against its claim: no_evident_not_easy_check-in.
Phrase B is a separate fact: customer_wait_10_minute_for_greet.
B breaks A's assumption? Fill in the blank: Yes

Example 2:
Phrase A assumes no counter-evidence against its claim: no_evident_not_easy_check-in.
Phrase B is a separate fact: no_one_give_key_on_late_check-in.
B breaks A's assumption? Fill in the blank: No

Example 3:
Phrase A assumes no counter-evidence against its claim: no_evident_not_helpful_staff.
Phrase B is a separate fact: staff_not_speak_English_properly.
B breaks A's assumption? Fill in the blank: Yes

Example 4:
Phrase A assumes no counter-evidence against its claim: no_evident_not_helpful_staff.
Phrase B is a separate fact: not_kind_staff.
B breaks A's assumption? Fill in the blank: No

Now complete the blank for this pair. Output ONLY the missing word (Yes or No), nothing else.

Phrase A assumes no counter-evidence against its claim: have_evident_available_facility_not_clear_on_booking.
Phrase B is a separate fact: minimalistic_hotel.
B breaks A's assumption? Fill in the blank:
",No
2026-08-16 22:52:39,3,1511,have_evident_need_renovation_in_lobby,issue_with_internet,"Complete the sentence by filling in the blank with exactly one word: Yes or No.

Template: ""Phrase A assumes no counter-evidence against its claim. Phrase B is a separate fact.
B breaks A's assumption? Fill in the blank: ____""

Example 1:
Phrase A assumes no counter-evidence against its claim: no_evident_not_easy_check-in.
Phrase B is a separate fact: customer_wait_10_minute_for_greet.
B breaks A's assumption? Fill in the blank: Yes

Example 2:
Phrase A assumes no counter-evidence against its claim: no_evident_not_easy_check-in.
Phrase B is a separate fact: no_one_give_key_on_late_check-in.
B breaks A's assumption? Fill in the blank: No

Example 3:
Phrase A assumes no counter-evidence against its claim: no_evident_not_helpful_staff.
Phrase B is a separate fact: staff_not_speak_English_properly.
B breaks A's assumption? Fill in the blank: Yes

Example 4:
Phrase A assumes no counter-evidence against its claim: no_evident_not_helpful_staff.
Phrase B is a separate fact: not_kind_staff.
B breaks A's assumption? Fill in the blank: No

Now complete the blank for this pair. Output ONLY the missing word (Yes or No), nothing else.

Phrase A assumes no counter-evidence against its claim: have_evident_need_renovation_in_lobby.
Phrase B is a separate fact: issue_with_internet.
B breaks A's assumption? Fill in the blank:
",No
2026-08-16 22:52:39,3,421,have_evident_disgusting_outside,tiny_pool,"Complete the sentence by filling in the blank with exactly one word: Yes or No.

Template: ""Phrase A assumes no counter-evidence against its claim. Phrase B is a separate fact.
B breaks A's assumption? Fill in the blank: ____""

Example 1:
Phrase A assumes no counter-evidence against its claim: no_evident_not_easy_check-in.
Phrase B is a separate fact: customer_wait_10_minute_for_greet.
B breaks A's assumption? Fill in the blank: Yes

Example 2:
Phrase A assumes no counter-evidence against its claim: no_evident_not_easy_check-in.
Phrase B is a separate fact: no_one_give_key_on_late_check-in.
B breaks A's assumption? Fill in the blank: No

Example 3:
Phrase A assumes no counter-evidence against its claim: no_evident_not_helpful_staff.
Phrase B is a separate fact: staff_not_speak_English_properly.
B breaks A's assumption? Fill in the blank: Yes

Example 4:
Phrase A assumes no counter-evidence against its claim: no_evident_not_helpful_staff.
Phrase B is a separate fact: not_kind_staff.
B breaks A's assumption? Fill in the blank: No

Now complete the blank for this pair. Output ONLY the missing word (Yes or No), nothing else.

Phrase A assumes no counter-evidence against its claim: have_evident_disgusting_outside.
Phrase B is a separate fact: tiny_pool.
B breaks A's assumption? Fill in the blank:
",No
2026-08-16 22:52:40,3,2069,have_evident_dangerous_ramp,better_remove_pool_photo,"Complete the sentence by filling in the blank with exactly one word: Yes or No.

Template: ""Phrase A assumes no counter-evidence against its claim. Phrase B is a separate fact.
B breaks A's assumption? Fill in the blank: ____""

Example 1:
Phrase A assumes no counter-evidence against its claim: no_evident_not_easy_check-in.
Phrase B is a separate fact: customer_wait_10_minute_for_greet.
B breaks A's assumption? Fill in the blank: Yes

Example 2:
Phrase A assumes no counter-evidence against its claim: no_evident_not_easy_check-in.
Phrase B is a separate fact: no_one_give_key_on_late_check-in.
B breaks A's assumption? Fill in the blank: No

Example 3:
Phrase A assumes no counter-evidence against its claim: no_evident_not_helpful_staff.
Phrase B is a separate fact: staff_not_speak_English_properly.
B breaks A's assumption? Fill in the blank: Yes

Example 4:
Phrase A assumes no counter-evidence against its claim: no_evident_not_helpful_staff.
Phrase B is a separate fact: not_kind_staff.
B breaks A's assumption? Fill in the blank: No

Now complete the blank for this pair. Output ONLY the missing word (Yes or No), nothing else.

Phrase A assumes no counter-evidence against its claim: have_evident_dangerous_ramp.
Phrase B is a separate fact: better_remove_pool_photo.
B breaks A's assumption? Fill in the blank:
",No
2026-08-16 22:52:40,3,3914,have_evident_better_remove_pool_photo,head_bump_doorway,"Complete the sentence by filling in the blank with exactly one word: Yes or No.

Template: ""Phrase A assumes no counter-evidence against its claim. Phrase B is a separate fact.
B breaks A's assumption? Fill in the blank: ____""

Example 1:
Phrase A assumes no counter-evidence against its claim: no_evident_not_easy_check-in.
Phrase B is a separate fact: customer_wait_10_minute_for_greet.
B breaks A's assumption? Fill in the blank: Yes

Example 2:
Phrase A assumes no counter-evidence against its claim: no_evident_not_easy_check-in.
Phrase B is a separate fact: no_one_give_key_on_late_check-in.
B breaks A's assumption? Fill in the blank: No

Example 3:
Phrase A assumes no counter-evidence against its claim: no_evident_not_helpful_staff.
Phrase B is a separate fact: staff_not_speak_English_properly.
B breaks A's assumption? Fill in the blank: Yes

Example 4:
Phrase A assumes no counter-evidence against its claim: no_evident_not_helpful_staff.
Phrase B is a separate fact: not_kind_staff.
B breaks A's assumption? Fill in the blank: No

Now complete the blank for this pair. Output ONLY the missing word (Yes or No), nothing else.

Phrase A assumes no counter-evidence against its claim: have_evident_better_remove_pool_photo.
Phrase B is a separate fact: head_bump_doorway.
B breaks A's assumption? Fill in the blank:
",No.
2026-08-16 22:52:40,3,935,have_evident_main_door_not_close,not_encourage_to_use_relaxation_zone,"Complete the sentence by filling in the blank with exactly one word: Yes or No.

Template: ""Phrase A assumes no counter-evidence against its claim. Phrase B is a separate fact.
B breaks A's assumption? Fill in the blank: ____""

Example 1:
Phrase A assumes no counter-evidence against its claim: no_evident_not_easy_check-in.
Phrase B is a separate fact: customer_wait_10_minute_for_greet.
B breaks A's assumption? Fill in the blank: Yes

Example 2:
Phrase A assumes no counter-evidence against its claim: no_evident_not_easy_check-in.
Phrase B is a separate fact: no_one_give_key_on_late_check-in.
B breaks A's assumption? Fill in the blank: No

Example 3:
Phrase A assumes no counter-evidence against its claim: no_evident_not_helpful_staff.
Phrase B is a separate fact: staff_not_speak_English_properly.
B breaks A's assumption? Fill in the blank: Yes

Example 4:
Phrase A assumes no counter-evidence against its claim: no_evident_not_helpful_staff.
Phrase B is a separate fact: not_kind_staff.
B breaks A's assumption? Fill in the blank: No

Now complete the blank for this pair. Output ONLY the missing word (Yes or No), nothing else.

Phrase A assumes no counter-evidence against its claim: have_evident_main_door_not_close.
Phrase B is a separate fact: not_encourage_to_use_relaxation_zone.
B breaks A's assumption? Fill in the blank:
",No
2026-08-16 22:52:40,3,536,have_evident_slow_elevator,not_encourage_to_use_billiard,"Complete the sentence by filling in the blank with exactly one word: Yes or No.

Template: ""Phrase A assumes no counter-evidence against its claim. Phrase B is a separate fact.
B breaks A's assumption? Fill in the blank: ____""

Example 1:
Phrase A assumes no counter-evidence against its claim: no_evident_not_easy_check-in.
Phrase B is a separate fact: customer_wait_10_minute_for_greet.
B breaks A's assumption? Fill in the blank: Yes

Example 2:
Phrase A assumes no counter-evidence against its claim: no_evident_not_easy_check-in.
Phrase B is a separate fact: no_one_give_key_on_late_check-in.
B breaks A's assumption? Fill in the blank: No

Example 3:
Phrase A assumes no counter-evidence against its claim: no_evident_not_helpful_staff.
Phrase B is a separate fact: staff_not_speak_English_properly.
B breaks A's assumption? Fill in the blank: Yes

Example 4:
Phrase A assumes no counter-evidence against its claim: no_evident_not_helpful_staff.
Phrase B is a separate fact: not_kind_staff.
B breaks A's assumption? Fill in the blank: No

Now complete the blank for this pair. Output ONLY the missing word (Yes or No), nothing else.

Phrase A assumes no counter-evidence against its claim: have_evident_slow_elevator.
Phrase B is a separate fact: not_encourage_to_use_billiard.
B breaks A's assumption? Fill in the blank:
",No
2026-08-16 22:52:40,3,3283,have_evident_not_accurate_pool_picture,not_encourage_to_use_billiard,"Complete the sentence by filling in the blank with exactly one word: Yes or No.

Template: ""Phrase A assumes no counter-evidence against its claim. Phrase B is a separate fact.
B breaks A's assumption? Fill in the blank: ____""

Example 1:
Phrase A assumes no counter-evidence against its claim: no_evident_not_easy_check-in.
Phrase B is a separate fact: customer_wait_10_minute_for_greet.
B breaks A's assumption? Fill in the blank: Yes

Example 2:
Phrase A assumes no counter-evidence against its claim: no_evident_not_easy_check-in.
Phrase B is a separate fact: no_one_give_key_on_late_check-in.
B breaks A's assumption? Fill in the blank: No

Example 3:
Phrase A assumes no counter-evidence against its claim: no_evident_not_helpful_staff.
Phrase B is a separate fact: staff_not_speak_English_properly.
B breaks A's assumption? Fill in the blank: Yes

Example 4:
Phrase A assumes no counter-evidence against its claim: no_evident_not_helpful_staff.
Phrase B is a separate fact: not_kind_staff.
B breaks A's assumption? Fill in the blank: No

Now complete the blank for this pair. Output ONLY the missing word (Yes or No), nothing else.

Phrase A assumes no counter-evidence against its claim: have_evident_not_accurate_pool_picture.
Phrase B is a separate fact: not_encourage_to_use_billiard.
B breaks A's assumption? Fill in the blank:
",No
2026-08-16 22:52:40,3,4029,have_evident_dirty_swimming_pool,nothing_to_do,"Complete the sentence by filling in the blank with exactly one word: Yes or No.

Template: ""Phrase A assumes no counter-evidence against its claim. Phrase B is a separate fact.
B breaks A's assumption? Fill in the blank: ____""

Example 1:
Phrase A assumes no counter-evidence against its claim: no_evident_not_easy_check-in.
Phrase B is a separate fact: customer_wait_10_minute_for_greet.
B breaks A's assumption? Fill in the blank: Yes

Example 2:
Phrase A assumes no counter-evidence against its claim: no_evident_not_easy_check-in.
Phrase B is a separate fact: no_one_give_key_on_late_check-in.
B breaks A's assumption? Fill in the blank: No

Example 3:
Phrase A assumes no counter-evidence against its claim: no_evident_not_helpful_staff.
Phrase B is a separate fact: staff_not_speak_English_properly.
B breaks A's assumption? Fill in the blank: Yes

Example 4:
Phrase A assumes no counter-evidence against its claim: no_evident_not_helpful_staff.
Phrase B is a separate fact: not_kind_staff.
B breaks A's assumption? Fill in the blank: No

Now complete the blank for this pair. Output ONLY the missing word (Yes or No), nothing else.

Phrase A assumes no counter-evidence against its claim: have_evident_dirty_swimming_pool.
Phrase B is a separate fact: nothing_to_do.
B breaks A's assumption? Fill in the blank:
",No
2026-08-16 22:52:40,3,607,have_evident_no_24_hour_kiosk_close_to_hotel,no_pool,"Complete the sentence by filling in the blank with exactly one word: Yes or No.

Template: ""Phrase A assumes no counter-evidence against its claim. Phrase B is a separate fact.
B breaks A's assumption? Fill in the blank: ____""

Example 1:
Phrase A assumes no counter-evidence against its claim: no_evident_not_easy_check-in.
Phrase B is a separate fact: customer_wait_10_minute_for_greet.
B breaks A's assumption? Fill in the blank: Yes

Example 2:
Phrase A assumes no counter-evidence against its claim: no_evident_not_easy_check-in.
Phrase B is a separate fact: no_one_give_key_on_late_check-in.
B breaks A's assumption? Fill in the blank: No

Example 3:
Phrase A assumes no counter-evidence against its claim: no_evident_not_helpful_staff.
Phrase B is a separate fact: staff_not_speak_English_properly.
B breaks A's assumption? Fill in the blank: Yes

Example 4:
Phrase A assumes no counter-evidence against its claim: no_evident_not_helpful_staff.
Phrase B is a separate fact: not_kind_staff.
B breaks A's assumption? Fill in the blank: No

Now complete the blank for this pair. Output ONLY the missing word (Yes or No), nothing else.

Phrase A assumes no counter-evidence against its claim: have_evident_no_24_hour_kiosk_close_to_hotel.
Phrase B is a separate fact: no_pool.
B breaks A's assumption? Fill in the blank:
",No
2026-08-16 22:52:40,3,440,have_evident_disgusting_outside,hotel_not_yet_open_up_for_season,"Complete the sentence by filling in the blank with exactly one word: Yes or No.

Template: ""Phrase A assumes no counter-evidence against its claim. Phrase B is a separate fact.
B breaks A's assumption? Fill in the blank: ____""

Example 1:
Phrase A assumes no counter-evidence against its claim: no_evident_not_easy_check-in.
Phrase B is a separate fact: customer_wait_10_minute_for_greet.
B breaks A's assumption? Fill in the blank: Yes

Example 2:
Phrase A assumes no counter-evidence against its claim: no_evident_not_easy_check-in.
Phrase B is a separate fact: no_one_give_key_on_late_check-in.
B breaks A's assumption? Fill in the blank: No

Example 3:
Phrase A assumes no counter-evidence against its claim: no_evident_not_helpful_staff.
Phrase B is a separate fact: staff_not_speak_English_properly.
B breaks A's assumption? Fill in the blank: Yes

Example 4:
Phrase A assumes no counter-evidence against its claim: no_evident_not_helpful_staff.
Phrase B is a separate fact: not_kind_staff.
B breaks A's assumption? Fill in the blank: No

Now complete the blank for this pair. Output ONLY the missing word (Yes or No), nothing else.

Phrase A assumes no counter-evidence against its claim: have_evident_disgusting_outside.
Phrase B is a separate fact: hotel_not_yet_open_up_for_season.
B breaks A's assumption? Fill in the blank:
",No
2026-08-16 22:52:41,3,1243,have_evident_tiny_pool,issue_with_internet,"Complete the sentence by filling in the blank with exactly one word: Yes or No.

Template: ""Phrase A assumes no counter-evidence against its claim. Phrase B is a separate fact.
B breaks A's assumption? Fill in the blank: ____""

Example 1:
Phrase A assumes no counter-evidence against its claim: no_evident_not_easy_check-in.
Phrase B is a separate fact: customer_wait_10_minute_for_greet.
B breaks A's assumption? Fill in the blank: Yes

Example 2:
Phrase A assumes no counter-evidence against its claim: no_evident_not_easy_check-in.
Phrase B is a separate fact: no_one_give_key_on_late_check-in.
B breaks A's assumption? Fill in the blank: No

Example 3:
Phrase A assumes no counter-evidence against its claim: no_evident_not_helpful_staff.
Phrase B is a separate fact: staff_not_speak_English_properly.
B breaks A's assumption? Fill in the blank: Yes

Example 4:
Phrase A assumes no counter-evidence against its claim: no_evident_not_helpful_staff.
Phrase B is a separate fact: not_kind_staff.
B breaks A's assumption? Fill in the blank: No

Now complete the blank for this pair. Output ONLY the missing word (Yes or No), nothing else.

Phrase A assumes no counter-evidence against its claim: have_evident_tiny_pool.
Phrase B is a separate fact: issue_with_internet.
B breaks A's assumption? Fill in the blank:
",No
2026-08-16 22:52:41,3,1223,have_evident_tiny_pool,no_safety_strip_on_stair,"Complete the sentence by filling in the blank with exactly one word: Yes or No.

Template: ""Phrase A assumes no counter-evidence against its claim. Phrase B is a separate fact.
B breaks A's assumption? Fill in the blank: ____""

Example 1:
Phrase A assumes no counter-evidence against its claim: no_evident_not_easy_check-in.
Phrase B is a separate fact: customer_wait_10_minute_for_greet.
B breaks A's assumption? Fill in the blank: Yes

Example 2:
Phrase A assumes no counter-evidence against its claim: no_evident_not_easy_check-in.
Phrase B is a separate fact: no_one_give_key_on_late_check-in.
B breaks A's assumption? Fill in the blank: No

Example 3:
Phrase A assumes no counter-evidence against its claim: no_evident_not_helpful_staff.
Phrase B is a separate fact: staff_not_speak_English_properly.
B breaks A's assumption? Fill in the blank: Yes

Example 4:
Phrase A assumes no counter-evidence against its claim: no_evident_not_helpful_staff.
Phrase B is a separate fact: not_kind_staff.
B breaks A's assumption? Fill in the blank: No

Now complete the blank for this pair. Output ONLY the missing word (Yes or No), nothing else.

Phrase A assumes no counter-evidence against its claim: have_evident_tiny_pool.
Phrase B is a separate fact: no_safety_strip_on_stair.
B breaks A's assumption? Fill in the blank:
",No
2026-08-16 22:52:41,3,698,have_evident_no_own_parking_lot,head_bump_doorway,"Complete the sentence by filling in the blank with exactly one word: Yes or No.

Template: ""Phrase A assumes no counter-evidence against its claim. Phrase B is a separate fact.
B breaks A's assumption? Fill in the blank: ____""

Example 1:
Phrase A assumes no counter-evidence against its claim: no_evident_not_easy_check-in.
Phrase B is a separate fact: customer_wait_10_minute_for_greet.
B breaks A's assumption? Fill in the blank: Yes

Example 2:
Phrase A assumes no counter-evidence against its claim: no_evident_not_easy_check-in.
Phrase B is a separate fact: no_one_give_key_on_late_check-in.
B breaks A's assumption? Fill in the blank: No

Example 3:
Phrase A assumes no counter-evidence against its claim: no_evident_not_helpful_staff.
Phrase B is a separate fact: staff_not_speak_English_properly.
B breaks A's assumption? Fill in the blank: Yes

Example 4:
Phrase A assumes no counter-evidence against its claim: no_evident_not_helpful_staff.
Phrase B is a separate fact: not_kind_staff.
B breaks A's assumption? Fill in the blank: No

Now complete the blank for this pair. Output ONLY the missing word (Yes or No), nothing else.

Phrase A assumes no counter-evidence against its claim: have_evident_no_own_parking_lot.
Phrase B is a separate fact: head_bump_doorway.
B breaks A's assumption? Fill in the blank:
",No
2026-08-16 22:52:41,3,2034,have_evident_dangerous_ramp,need_renovation_in_common_area,"Complete the sentence by filling in the blank with exactly one word: Yes or No.

Template: ""Phrase A assumes no counter-evidence against its claim. Phrase B is a separate fact.
B breaks A's assumption? Fill in the blank: ____""

Example 1:
Phrase A assumes no counter-evidence against its claim: no_evident_not_easy_check-in.
Phrase B is a separate fact: customer_wait_10_minute_for_greet.
B breaks A's assumption? Fill in the blank: Yes

Example 2:
Phrase A assumes no counter-evidence against its claim: no_evident_not_easy_check-in.
Phrase B is a separate fact: no_one_give_key_on_late_check-in.
B breaks A's assumption? Fill in the blank: No

Example 3:
Phrase A assumes no counter-evidence against its claim: no_evident_not_helpful_staff.
Phrase B is a separate fact: staff_not_speak_English_properly.
B breaks A's assumption? Fill in the blank: Yes

Example 4:
Phrase A assumes no counter-evidence against its claim: no_evident_not_helpful_staff.
Phrase B is a separate fact: not_kind_staff.
B breaks A's assumption? Fill in the blank: No

Now complete the blank for this pair. Output ONLY the missing word (Yes or No), nothing else.

Phrase A assumes no counter-evidence against its claim: have_evident_dangerous_ramp.
Phrase B is a separate fact: need_renovation_in_common_area.
B breaks A's assumption? Fill in the blank:
",No
2026-08-16 22:52:41,3,971,have_evident_main_door_slam_at_night,limited_parking,"Complete the sentence by filling in the blank with exactly one word: Yes or No.

Template: ""Phrase A assumes no counter-evidence against its claim. Phrase B is a separate fact.
B breaks A's assumption? Fill in the blank: ____""

Example 1:
Phrase A assumes no counter-evidence against its claim: no_evident_not_easy_check-in.
Phrase B is a separate fact: customer_wait_10_minute_for_greet.
B breaks A's assumption? Fill in the blank: Yes

Example 2:
Phrase A assumes no counter-evidence against its claim: no_evident_not_easy_check-in.
Phrase B is a separate fact: no_one_give_key_on_late_check-in.
B breaks A's assumption? Fill in the blank: No

Example 3:
Phrase A assumes no counter-evidence against its claim: no_evident_not_helpful_staff.
Phrase B is a separate fact: staff_not_speak_English_properly.
B breaks A's assumption? Fill in the blank: Yes

Example 4:
Phrase A assumes no counter-evidence against its claim: no_evident_not_helpful_staff.
Phrase B is a separate fact: not_kind_staff.
B breaks A's assumption? Fill in the blank: No

Now complete the blank for this pair. Output ONLY the missing word (Yes or No), nothing else.

Phrase A assumes no counter-evidence against its claim: have_evident_main_door_slam_at_night.
Phrase B is a separate fact: limited_parking.
B breaks A's assumption? Fill in the blank:
",No
2026-08-16 22:52:41,3,3410,have_evident_pool_could_be_cleaner,small_swimming_pool,"Complete the sentence by filling in the blank with exactly one word: Yes or No.

Template: ""Phrase A assumes no counter-evidence against its claim. Phrase B is a separate fact.
B breaks A's assumption? Fill in the blank: ____""

Example 1:
Phrase A assumes no counter-evidence against its claim: no_evident_not_easy_check-in.
Phrase B is a separate fact: customer_wait_10_minute_for_greet.
B breaks A's assumption? Fill in the blank: Yes

Example 2:
Phrase A assumes no counter-evidence against its claim: no_evident_not_easy_check-in.
Phrase B is a separate fact: no_one_give_key_on_late_check-in.
B breaks A's assumption? Fill in the blank: No

Example 3:
Phrase A assumes no counter-evidence against its claim: no_evident_not_helpful_staff.
Phrase B is a separate fact: staff_not_speak_English_properly.
B breaks A's assumption? Fill in the blank: Yes

Example 4:
Phrase A assumes no counter-evidence against its claim: no_evident_not_helpful_staff.
Phrase B is a separate fact: not_kind_staff.
B breaks A's assumption? Fill in the blank: No

Now complete the blank for this pair. Output ONLY the missing word (Yes or No), nothing else.

Phrase A assumes no counter-evidence against its claim: have_evident_pool_could_be_cleaner.
Phrase B is a separate fact: small_swimming_pool.
B breaks A's assumption? Fill in the blank:
",No
2026-08-16 22:52:42,3,1849,have_evident_head_bump_doorway,no_restaurant_on_off_season,"Complete the sentence by filling in the blank with exactly one word: Yes or No.

Template: ""Phrase A assumes no counter-evidence against its claim. Phrase B is a separate fact.
B breaks A's assumption? Fill in the blank: ____""

Example 1:
Phrase A assumes no counter-evidence against its claim: no_evident_not_easy_check-in.
Phrase B is a separate fact: customer_wait_10_minute_for_greet.
B breaks A's assumption? Fill in the blank: Yes

Example 2:
Phrase A assumes no counter-evidence against its claim: no_evident_not_easy_check-in.
Phrase B is a separate fact: no_one_give_key_on_late_check-in.
B breaks A's assumption? Fill in the blank: No

Example 3:
Phrase A assumes no counter-evidence against its claim: no_evident_not_helpful_staff.
Phrase B is a separate fact: staff_not_speak_English_properly.
B breaks A's assumption? Fill in the blank: Yes

Example 4:
Phrase A assumes no counter-evidence against its claim: no_evident_not_helpful_staff.
Phrase B is a separate fact: not_kind_staff.
B breaks A's assumption? Fill in the blank: No

Now complete the blank for this pair. Output ONLY the missing word (Yes or No), nothing else.

Phrase A assumes no counter-evidence against its claim: have_evident_head_bump_doorway.
Phrase B is a separate fact: no_restaurant_on_off_season.
B breaks A's assumption? Fill in the blank:
",No
2026-08-16 22:52:42,3,4281,have_evident_not_encourage_to_use_relaxation_zone,small_swimming_pool,"Complete the sentence by filling in the blank with exactly one word: Yes or No.

Template: ""Phrase A assumes no counter-evidence against its claim. Phrase B is a separate fact.
B breaks A's assumption? Fill in the blank: ____""

Example 1:
Phrase A assumes no counter-evidence against its claim: no_evident_not_easy_check-in.
Phrase B is a separate fact: customer_wait_10_minute_for_greet.
B breaks A's assumption? Fill in the blank: Yes

Example 2:
Phrase A assumes no counter-evidence against its claim: no_evident_not_easy_check-in.
Phrase B is a separate fact: no_one_give_key_on_late_check-in.
B breaks A's assumption? Fill in the blank: No

Example 3:
Phrase A assumes no counter-evidence against its claim: no_evident_not_helpful_staff.
Phrase B is a separate fact: staff_not_speak_English_properly.
B breaks A's assumption? Fill in the blank: Yes

Example 4:
Phrase A assumes no counter-evidence against its claim: no_evident_not_helpful_staff.
Phrase B is a separate fact: not_kind_staff.
B breaks A's assumption? Fill in the blank: No

Now complete the blank for this pair. Output ONLY the missing word (Yes or No), nothing else.

Phrase A assumes no counter-evidence against its claim: have_evident_not_encourage_to_use_relaxation_zone.
Phrase B is a separate fact: small_swimming_pool.
B breaks A's assumption? Fill in the blank:
",No
2026-08-16 22:52:42,3,3691,have_evident_need_improvement_reception,no_swimming_pool,"Complete the sentence by filling in the blank with exactly one word: Yes or No.

Template: ""Phrase A assumes no counter-evidence against its claim. Phrase B is a separate fact.
B breaks A's assumption? Fill in the blank: ____""

Example 1:
Phrase A assumes no counter-evidence against its claim: no_evident_not_easy_check-in.
Phrase B is a separate fact: customer_wait_10_minute_for_greet.
B breaks A's assumption? Fill in the blank: Yes

Example 2:
Phrase A assumes no counter-evidence against its claim: no_evident_not_easy_check-in.
Phrase B is a separate fact: no_one_give_key_on_late_check-in.
B breaks A's assumption? Fill in the blank: No

Example 3:
Phrase A assumes no counter-evidence against its claim: no_evident_not_helpful_staff.
Phrase B is a separate fact: staff_not_speak_English_properly.
B breaks A's assumption? Fill in the blank: Yes

Example 4:
Phrase A assumes no counter-evidence against its claim: no_evident_not_helpful_staff.
Phrase B is a separate fact: not_kind_staff.
B breaks A's assumption? Fill in the blank: No

Now complete the blank for this pair. Output ONLY the missing word (Yes or No), nothing else.

Phrase A assumes no counter-evidence against its claim: have_evident_need_improvement_reception.
Phrase B is a separate fact: no_swimming_pool.
B breaks A's assumption? Fill in the blank:
",No
2026-08-16 22:52:42,3,3627,have_evident_elevator_need_renovation,nothing_to_do,"Complete the sentence by filling in the blank with exactly one word: Yes or No.

Template: ""Phrase A assumes no counter-evidence against its claim. Phrase B is a separate fact.
B breaks A's assumption? Fill in the blank: ____""

Example 1:
Phrase A assumes no counter-evidence against its claim: no_evident_not_easy_check-in.
Phrase B is a separate fact: customer_wait_10_minute_for_greet.
B breaks A's assumption? Fill in the blank: Yes

Example 2:
Phrase A assumes no counter-evidence against its claim: no_evident_not_easy_check-in.
Phrase B is a separate fact: no_one_give_key_on_late_check-in.
B breaks A's assumption? Fill in the blank: No

Example 3:
Phrase A assumes no counter-evidence against its claim: no_evident_not_helpful_staff.
Phrase B is a separate fact: staff_not_speak_English_properly.
B breaks A's assumption? Fill in the blank: Yes

Example 4:
Phrase A assumes no counter-evidence against its claim: no_evident_not_helpful_staff.
Phrase B is a separate fact: not_kind_staff.
B breaks A's assumption? Fill in the blank: No

Now complete the blank for this pair. Output ONLY the missing word (Yes or No), nothing else.

Phrase A assumes no counter-evidence against its claim: have_evident_elevator_need_renovation.
Phrase B is a separate fact: nothing_to_do.
B breaks A's assumption? Fill in the blank:
",No
2026-08-16 22:52:42,3,2436,have_evident_issue_with_internet,need_renovation_in_common_area,"Complete the sentence by filling in the blank with exactly one word: Yes or No.

Template: ""Phrase A assumes no counter-evidence against its claim. Phrase B is a separate fact.
B breaks A's assumption? Fill in the blank: ____""

Example 1:
Phrase A assumes no counter-evidence against its claim: no_evident_not_easy_check-in.
Phrase B is a separate fact: customer_wait_10_minute_for_greet.
B breaks A's assumption? Fill in the blank: Yes

Example 2:
Phrase A assumes no counter-evidence against its claim: no_evident_not_easy_check-in.
Phrase B is a separate fact: no_one_give_key_on_late_check-in.
B breaks A's assumption? Fill in the blank: No

Example 3:
Phrase A assumes no counter-evidence against its claim: no_evident_not_helpful_staff.
Phrase B is a separate fact: staff_not_speak_English_properly.
B breaks A's assumption? Fill in the blank: Yes

Example 4:
Phrase A assumes no counter-evidence against its claim: no_evident_not_helpful_staff.
Phrase B is a separate fact: not_kind_staff.
B breaks A's assumption? Fill in the blank: No

Now complete the blank for this pair. Output ONLY the missing word (Yes or No), nothing else.

Phrase A assumes no counter-evidence against its claim: have_evident_issue_with_internet.
Phrase B is a separate fact: need_renovation_in_common_area.
B breaks A's assumption? Fill in the blank:
",No
2026-08-16 22:52:42,3,3513,have_evident_little_parking_in_evening,not_EU_regulation_ramp,"Complete the sentence by filling in the blank with exactly one word: Yes or No.

Template: ""Phrase A assumes no counter-evidence against its claim. Phrase B is a separate fact.
B breaks A's assumption? Fill in the blank: ____""

Example 1:
Phrase A assumes no counter-evidence against its claim: no_evident_not_easy_check-in.
Phrase B is a separate fact: customer_wait_10_minute_for_greet.
B breaks A's assumption? Fill in the blank: Yes

Example 2:
Phrase A assumes no counter-evidence against its claim: no_evident_not_easy_check-in.
Phrase B is a separate fact: no_one_give_key_on_late_check-in.
B breaks A's assumption? Fill in the blank: No

Example 3:
Phrase A assumes no counter-evidence against its claim: no_evident_not_helpful_staff.
Phrase B is a separate fact: staff_not_speak_English_properly.
B breaks A's assumption? Fill in the blank: Yes

Example 4:
Phrase A assumes no counter-evidence against its claim: no_evident_not_helpful_staff.
Phrase B is a separate fact: not_kind_staff.
B breaks A's assumption? Fill in the blank: No

Now complete the blank for this pair. Output ONLY the missing word (Yes or No), nothing else.

Phrase A assumes no counter-evidence against its claim: have_evident_little_parking_in_evening.
Phrase B is a separate fact: not_EU_regulation_ramp.
B breaks A's assumption? Fill in the blank:
",No
2026-08-16 22:52:43,3,2502,have_evident_hotel_not_yet_open_up_for_season,need_renovation_in_lobby,"Complete the sentence by filling in the blank with exactly one word: Yes or No.

Template: ""Phrase A assumes no counter-evidence against its claim. Phrase B is a separate fact.
B breaks A's assumption? Fill in the blank: ____""

Example 1:
Phrase A assumes no counter-evidence against its claim: no_evident_not_easy_check-in.
Phrase B is a separate fact: customer_wait_10_minute_for_greet.
B breaks A's assumption? Fill in the blank: Yes

Example 2:
Phrase A assumes no counter-evidence against its claim: no_evident_not_easy_check-in.
Phrase B is a separate fact: no_one_give_key_on_late_check-in.
B breaks A's assumption? Fill in the blank: No

Example 3:
Phrase A assumes no counter-evidence against its claim: no_evident_not_helpful_staff.
Phrase B is a separate fact: staff_not_speak_English_properly.
B breaks A's assumption? Fill in the blank: Yes

Example 4:
Phrase A assumes no counter-evidence against its claim: no_evident_not_helpful_staff.
Phrase B is a separate fact: not_kind_staff.
B breaks A's assumption? Fill in the blank: No

Now complete the blank for this pair. Output ONLY the missing word (Yes or No), nothing else.

Phrase A assumes no counter-evidence against its claim: have_evident_hotel_not_yet_open_up_for_season.
Phrase B is a separate fact: need_renovation_in_lobby.
B breaks A's assumption? Fill in the blank:
",No
2026-08-16 22:52:43,3,494,have_evident_slow_elevator,need_renovation_in_elevator,"Complete the sentence by filling in the blank with exactly one word: Yes or No.

Template: ""Phrase A assumes no counter-evidence against its claim. Phrase B is a separate fact.
B breaks A's assumption? Fill in the blank: ____""

Example 1:
Phrase A assumes no counter-evidence against its claim: no_evident_not_easy_check-in.
Phrase B is a separate fact: customer_wait_10_minute_for_greet.
B breaks A's assumption? Fill in the blank: Yes

Example 2:
Phrase A assumes no counter-evidence against its claim: no_evident_not_easy_check-in.
Phrase B is a separate fact: no_one_give_key_on_late_check-in.
B breaks A's assumption? Fill in the blank: No

Example 3:
Phrase A assumes no counter-evidence against its claim: no_evident_not_helpful_staff.
Phrase B is a separate fact: staff_not_speak_English_properly.
B breaks A's assumption? Fill in the blank: Yes

Example 4:
Phrase A assumes no counter-evidence against its claim: no_evident_not_helpful_staff.
Phrase B is a separate fact: not_kind_staff.
B breaks A's assumption? Fill in the blank: No

Now complete the blank for this pair. Output ONLY the missing word (Yes or No), nothing else.

Phrase A assumes no counter-evidence against its claim: have_evident_slow_elevator.
Phrase B is a separate fact: need_renovation_in_elevator.
B breaks A's assumption? Fill in the blank:
",No.
2026-08-16 22:52:43,3,813,have_evident_not_convenient_parking,nothing_to_do,"Complete the sentence by filling in the blank with exactly one word: Yes or No.

Template: ""Phrase A assumes no counter-evidence against its claim. Phrase B is a separate fact.
B breaks A's assumption? Fill in the blank: ____""

Example 1:
Phrase A assumes no counter-evidence against its claim: no_evident_not_easy_check-in.
Phrase B is a separate fact: customer_wait_10_minute_for_greet.
B breaks A's assumption? Fill in the blank: Yes

Example 2:
Phrase A assumes no counter-evidence against its claim: no_evident_not_easy_check-in.
Phrase B is a separate fact: no_one_give_key_on_late_check-in.
B breaks A's assumption? Fill in the blank: No

Example 3:
Phrase A assumes no counter-evidence against its claim: no_evident_not_helpful_staff.
Phrase B is a separate fact: staff_not_speak_English_properly.
B breaks A's assumption? Fill in the blank: Yes

Example 4:
Phrase A assumes no counter-evidence against its claim: no_evident_not_helpful_staff.
Phrase B is a separate fact: not_kind_staff.
B breaks A's assumption? Fill in the blank: No

Now complete the blank for this pair. Output ONLY the missing word (Yes or No), nothing else.

Phrase A assumes no counter-evidence against its claim: have_evident_not_convenient_parking.
Phrase B is a separate fact: nothing_to_do.
B breaks A's assumption? Fill in the blank:
",No
2026-08-16 22:52:43,3,1703,have_evident_common_area_light_not_worked_well,head_bump_doorway,"Complete the sentence by filling in the blank with exactly one word: Yes or No.

Template: ""Phrase A assumes no counter-evidence against its claim. Phrase B is a separate fact.
B breaks A's assumption? Fill in the blank: ____""

Example 1:
Phrase A assumes no counter-evidence against its claim: no_evident_not_easy_check-in.
Phrase B is a separate fact: customer_wait_10_minute_for_greet.
B breaks A's assumption? Fill in the blank: Yes

Example 2:
Phrase A assumes no counter-evidence against its claim: no_evident_not_easy_check-in.
Phrase B is a separate fact: no_one_give_key_on_late_check-in.
B breaks A's assumption? Fill in the blank: No

Example 3:
Phrase A assumes no counter-evidence against its claim: no_evident_not_helpful_staff.
Phrase B is a separate fact: staff_not_speak_English_properly.
B breaks A's assumption? Fill in the blank: Yes

Example 4:
Phrase A assumes no counter-evidence against its claim: no_evident_not_helpful_staff.
Phrase B is a separate fact: not_kind_staff.
B breaks A's assumption? Fill in the blank: No

Now complete the blank for this pair. Output ONLY the missing word (Yes or No), nothing else.

Phrase A assumes no counter-evidence against its claim: have_evident_common_area_light_not_worked_well.
Phrase B is a separate fact: head_bump_doorway.
B breaks A's assumption? Fill in the blank:
",No
2026-08-16 22:52:43,3,1729,have_evident_common_area_light_not_worked_well,elevator_need_cleaning,"Complete the sentence by filling in the blank with exactly one word: Yes or No.

Template: ""Phrase A assumes no counter-evidence against its claim. Phrase B is a separate fact.
B breaks A's assumption? Fill in the blank: ____""

Example 1:
Phrase A assumes no counter-evidence against its claim: no_evident_not_easy_check-in.
Phrase B is a separate fact: customer_wait_10_minute_for_greet.
B breaks A's assumption? Fill in the blank: Yes

Example 2:
Phrase A assumes no counter-evidence against its claim: no_evident_not_easy_check-in.
Phrase B is a separate fact: no_one_give_key_on_late_check-in.
B breaks A's assumption? Fill in the blank: No

Example 3:
Phrase A assumes no counter-evidence against its claim: no_evident_not_helpful_staff.
Phrase B is a separate fact: staff_not_speak_English_properly.
B breaks A's assumption? Fill in the blank: Yes

Example 4:
Phrase A assumes no counter-evidence against its claim: no_evident_not_helpful_staff.
Phrase B is a separate fact: not_kind_staff.
B breaks A's assumption? Fill in the blank: No

Now complete the blank for this pair. Output ONLY the missing word (Yes or No), nothing else.

Phrase A assumes no counter-evidence against its claim: have_evident_common_area_light_not_worked_well.
Phrase B is a separate fact: elevator_need_cleaning.
B breaks A's assumption? Fill in the blank:
",No
2026-08-16 22:52:43,3,2168,have_evident_limited_parking,need_renovation_in_common_area,"Complete the sentence by filling in the blank with exactly one word: Yes or No.

Template: ""Phrase A assumes no counter-evidence against its claim. Phrase B is a separate fact.
B breaks A's assumption? Fill in the blank: ____""

Example 1:
Phrase A assumes no counter-evidence against its claim: no_evident_not_easy_check-in.
Phrase B is a separate fact: customer_wait_10_minute_for_greet.
B breaks A's assumption? Fill in the blank: Yes

Example 2:
Phrase A assumes no counter-evidence against its claim: no_evident_not_easy_check-in.
Phrase B is a separate fact: no_one_give_key_on_late_check-in.
B breaks A's assumption? Fill in the blank: No

Example 3:
Phrase A assumes no counter-evidence against its claim: no_evident_not_helpful_staff.
Phrase B is a separate fact: staff_not_speak_English_properly.
B breaks A's assumption? Fill in the blank: Yes

Example 4:
Phrase A assumes no counter-evidence against its claim: no_evident_not_helpful_staff.
Phrase B is a separate fact: not_kind_staff.
B breaks A's assumption? Fill in the blank: No

Now complete the blank for this pair. Output ONLY the missing word (Yes or No), nothing else.

Phrase A assumes no counter-evidence against its claim: have_evident_limited_parking.
Phrase B is a separate fact: need_renovation_in_common_area.
B breaks A's assumption? Fill in the blank:
",No
2026-08-16 22:52:43,3,666,have_evident_no_24_hour_kiosk_close_to_hotel,not_everything_perfect_yet,"Complete the sentence by filling in the blank with exactly one word: Yes or No.

Template: ""Phrase A assumes no counter-evidence against its claim. Phrase B is a separate fact.
B breaks A's assumption? Fill in the blank: ____""

Example 1:
Phrase A assumes no counter-evidence against its claim: no_evident_not_easy_check-in.
Phrase B is a separate fact: customer_wait_10_minute_for_greet.
B breaks A's assumption? Fill in the blank: Yes

Example 2:
Phrase A assumes no counter-evidence against its claim: no_evident_not_easy_check-in.
Phrase B is a separate fact: no_one_give_key_on_late_check-in.
B breaks A's assumption? Fill in the blank: No

Example 3:
Phrase A assumes no counter-evidence against its claim: no_evident_not_helpful_staff.
Phrase B is a separate fact: staff_not_speak_English_properly.
B breaks A's assumption? Fill in the blank: Yes

Example 4:
Phrase A assumes no counter-evidence against its claim: no_evident_not_helpful_staff.
Phrase B is a separate fact: not_kind_staff.
B breaks A's assumption? Fill in the blank: No

Now complete the blank for this pair. Output ONLY the missing word (Yes or No), nothing else.

Phrase A assumes no counter-evidence against its claim: have_evident_no_24_hour_kiosk_close_to_hotel.
Phrase B is a separate fact: not_everything_perfect_yet.
B breaks A's assumption? Fill in the blank:
",No
2026-08-16 22:52:44,3,1287,have_evident_not_much_parking,main_door_not_close,"Complete the sentence by filling in the blank with exactly one word: Yes or No.

Template: ""Phrase A assumes no counter-evidence against its claim. Phrase B is a separate fact.
B breaks A's assumption? Fill in the blank: ____""

Example 1:
Phrase A assumes no counter-evidence against its claim: no_evident_not_easy_check-in.
Phrase B is a separate fact: customer_wait_10_minute_for_greet.
B breaks A's assumption? Fill in the blank: Yes

Example 2:
Phrase A assumes no counter-evidence against its claim: no_evident_not_easy_check-in.
Phrase B is a separate fact: no_one_give_key_on_late_check-in.
B breaks A's assumption? Fill in the blank: No

Example 3:
Phrase A assumes no counter-evidence against its claim: no_evident_not_helpful_staff.
Phrase B is a separate fact: staff_not_speak_English_properly.
B breaks A's assumption? Fill in the blank: Yes

Example 4:
Phrase A assumes no counter-evidence against its claim: no_evident_not_helpful_staff.
Phrase B is a separate fact: not_kind_staff.
B breaks A's assumption? Fill in the blank: No

Now complete the blank for this pair. Output ONLY the missing word (Yes or No), nothing else.

Phrase A assumes no counter-evidence against its claim: have_evident_not_much_parking.
Phrase B is a separate fact: main_door_not_close.
B breaks A's assumption? Fill in the blank:
",No
2026-08-16 22:52:44,3,1965,have_evident_steep_ramp,pool_could_be_bigger,"Complete the sentence by filling in the blank with exactly one word: Yes or No.

Template: ""Phrase A assumes no counter-evidence against its claim. Phrase B is a separate fact.
B breaks A's assumption? Fill in the blank: ____""

Example 1:
Phrase A assumes no counter-evidence against its claim: no_evident_not_easy_check-in.
Phrase B is a separate fact: customer_wait_10_minute_for_greet.
B breaks A's assumption? Fill in the blank: Yes

Example 2:
Phrase A assumes no counter-evidence against its claim: no_evident_not_easy_check-in.
Phrase B is a separate fact: no_one_give_key_on_late_check-in.
B breaks A's assumption? Fill in the blank: No

Example 3:
Phrase A assumes no counter-evidence against its claim: no_evident_not_helpful_staff.
Phrase B is a separate fact: staff_not_speak_English_properly.
B breaks A's assumption? Fill in the blank: Yes

Example 4:
Phrase A assumes no counter-evidence against its claim: no_evident_not_helpful_staff.
Phrase B is a separate fact: not_kind_staff.
B breaks A's assumption? Fill in the blank: No

Now complete the blank for this pair. Output ONLY the missing word (Yes or No), nothing else.

Phrase A assumes no counter-evidence against its claim: have_evident_steep_ramp.
Phrase B is a separate fact: pool_could_be_bigger.
B breaks A's assumption? Fill in the blank:
",No
2026-08-16 22:52:44,3,1424,have_evident_pool_could_be_bigger,no_safety_strip_on_stair,"Complete the sentence by filling in the blank with exactly one word: Yes or No.

Template: ""Phrase A assumes no counter-evidence against its claim. Phrase B is a separate fact.
B breaks A's assumption? Fill in the blank: ____""

Example 1:
Phrase A assumes no counter-evidence against its claim: no_evident_not_easy_check-in.
Phrase B is a separate fact: customer_wait_10_minute_for_greet.
B breaks A's assumption? Fill in the blank: Yes

Example 2:
Phrase A assumes no counter-evidence against its claim: no_evident_not_easy_check-in.
Phrase B is a separate fact: no_one_give_key_on_late_check-in.
B breaks A's assumption? Fill in the blank: No

Example 3:
Phrase A assumes no counter-evidence against its claim: no_evident_not_helpful_staff.
Phrase B is a separate fact: staff_not_speak_English_properly.
B breaks A's assumption? Fill in the blank: Yes

Example 4:
Phrase A assumes no counter-evidence against its claim: no_evident_not_helpful_staff.
Phrase B is a separate fact: not_kind_staff.
B breaks A's assumption? Fill in the blank: No

Now complete the blank for this pair. Output ONLY the missing word (Yes or No), nothing else.

Phrase A assumes no counter-evidence against its claim: have_evident_pool_could_be_bigger.
Phrase B is a separate fact: no_safety_strip_on_stair.
B breaks A's assumption? Fill in the blank:
",No
2026-08-16 22:52:44,3,615,have_evident_no_24_hour_kiosk_close_to_hotel,difficult_to_find_parking,"Complete the sentence by filling in the blank with exactly one word: Yes or No.

Template: ""Phrase A assumes no counter-evidence against its claim. Phrase B is a separate fact.
B breaks A's assumption? Fill in the blank: ____""

Example 1:
Phrase A assumes no counter-evidence against its claim: no_evident_not_easy_check-in.
Phrase B is a separate fact: customer_wait_10_minute_for_greet.
B breaks A's assumption? Fill in the blank: Yes

Example 2:
Phrase A assumes no counter-evidence against its claim: no_evident_not_easy_check-in.
Phrase B is a separate fact: no_one_give_key_on_late_check-in.
B breaks A's assumption? Fill in the blank: No

Example 3:
Phrase A assumes no counter-evidence against its claim: no_evident_not_helpful_staff.
Phrase B is a separate fact: staff_not_speak_English_properly.
B breaks A's assumption? Fill in the blank: Yes

Example 4:
Phrase A assumes no counter-evidence against its claim: no_evident_not_helpful_staff.
Phrase B is a separate fact: not_kind_staff.
B breaks A's assumption? Fill in the blank: No

Now complete the blank for this pair. Output ONLY the missing word (Yes or No), nothing else.

Phrase A assumes no counter-evidence against its claim: have_evident_no_24_hour_kiosk_close_to_hotel.
Phrase B is a separate fact: difficult_to_find_parking.
B breaks A's assumption? Fill in the blank:
",No
2026-08-16 22:52:44,3,1283,have_evident_not_much_parking,no_24_hour_kiosk_close_to_hotel,"Complete the sentence by filling in the blank with exactly one word: Yes or No.

Template: ""Phrase A assumes no counter-evidence against its claim. Phrase B is a separate fact.
B breaks A's assumption? Fill in the blank: ____""

Example 1:
Phrase A assumes no counter-evidence against its claim: no_evident_not_easy_check-in.
Phrase B is a separate fact: customer_wait_10_minute_for_greet.
B breaks A's assumption? Fill in the blank: Yes

Example 2:
Phrase A assumes no counter-evidence against its claim: no_evident_not_easy_check-in.
Phrase B is a separate fact: no_one_give_key_on_late_check-in.
B breaks A's assumption? Fill in the blank: No

Example 3:
Phrase A assumes no counter-evidence against its claim: no_evident_not_helpful_staff.
Phrase B is a separate fact: staff_not_speak_English_properly.
B breaks A's assumption? Fill in the blank: Yes

Example 4:
Phrase A assumes no counter-evidence against its claim: no_evident_not_helpful_staff.
Phrase B is a separate fact: not_kind_staff.
B breaks A's assumption? Fill in the blank: No

Now complete the blank for this pair. Output ONLY the missing word (Yes or No), nothing else.

Phrase A assumes no counter-evidence against its claim: have_evident_not_much_parking.
Phrase B is a separate fact: no_24_hour_kiosk_close_to_hotel.
B breaks A's assumption? Fill in the blank:
",No
2026-08-16 22:52:44,3,22,have_evident_not_big_hotel,pool_could_be_bigger,"Complete the sentence by filling in the blank with exactly one word: Yes or No.

Template: ""Phrase A assumes no counter-evidence against its claim. Phrase B is a separate fact.
B breaks A's assumption? Fill in the blank: ____""

Example 1:
Phrase A assumes no counter-evidence against its claim: no_evident_not_easy_check-in.
Phrase B is a separate fact: customer_wait_10_minute_for_greet.
B breaks A's assumption? Fill in the blank: Yes

Example 2:
Phrase A assumes no counter-evidence against its claim: no_evident_not_easy_check-in.
Phrase B is a separate fact: no_one_give_key_on_late_check-in.
B breaks A's assumption? Fill in the blank: No

Example 3:
Phrase A assumes no counter-evidence against its claim: no_evident_not_helpful_staff.
Phrase B is a separate fact: staff_not_speak_English_properly.
B breaks A's assumption? Fill in the blank: Yes

Example 4:
Phrase A assumes no counter-evidence against its claim: no_evident_not_helpful_staff.
Phrase B is a separate fact: not_kind_staff.
B breaks A's assumption? Fill in the blank: No

Now complete the blank for this pair. Output ONLY the missing word (Yes or No), nothing else.

Phrase A assumes no counter-evidence against its claim: have_evident_not_big_hotel.
Phrase B is a separate fact: pool_could_be_bigger.
B breaks A's assumption? Fill in the blank:
",No
2026-08-16 22:52:44,3,3347,have_evident_limited_facility,not_encourage_to_use_relaxation_zone,"Complete the sentence by filling in the blank with exactly one word: Yes or No.

Template: ""Phrase A assumes no counter-evidence against its claim. Phrase B is a separate fact.
B breaks A's assumption? Fill in the blank: ____""

Example 1:
Phrase A assumes no counter-evidence against its claim: no_evident_not_easy_check-in.
Phrase B is a separate fact: customer_wait_10_minute_for_greet.
B breaks A's assumption? Fill in the blank: Yes

Example 2:
Phrase A assumes no counter-evidence against its claim: no_evident_not_easy_check-in.
Phrase B is a separate fact: no_one_give_key_on_late_check-in.
B breaks A's assumption? Fill in the blank: No

Example 3:
Phrase A assumes no counter-evidence against its claim: no_evident_not_helpful_staff.
Phrase B is a separate fact: staff_not_speak_English_properly.
B breaks A's assumption? Fill in the blank: Yes

Example 4:
Phrase A assumes no counter-evidence against its claim: no_evident_not_helpful_staff.
Phrase B is a separate fact: not_kind_staff.
B breaks A's assumption? Fill in the blank: No

Now complete the blank for this pair. Output ONLY the missing word (Yes or No), nothing else.

Phrase A assumes no counter-evidence against its claim: have_evident_limited_facility.
Phrase B is a separate fact: not_encourage_to_use_relaxation_zone.
B breaks A's assumption? Fill in the blank:
",No
2026-08-16 22:52:45,3,3850,have_evident_pool_close,dangerous_ramp,"Complete the sentence by filling in the blank with exactly one word: Yes or No.

Template: ""Phrase A assumes no counter-evidence against its claim. Phrase B is a separate fact.
B breaks A's assumption? Fill in the blank: ____""

Example 1:
Phrase A assumes no counter-evidence against its claim: no_evident_not_easy_check-in.
Phrase B is a separate fact: customer_wait_10_minute_for_greet.
B breaks A's assumption? Fill in the blank: Yes

Example 2:
Phrase A assumes no counter-evidence against its claim: no_evident_not_easy_check-in.
Phrase B is a separate fact: no_one_give_key_on_late_check-in.
B breaks A's assumption? Fill in the blank: No

Example 3:
Phrase A assumes no counter-evidence against its claim: no_evident_not_helpful_staff.
Phrase B is a separate fact: staff_not_speak_English_properly.
B breaks A's assumption? Fill in the blank: Yes

Example 4:
Phrase A assumes no counter-evidence against its claim: no_evident_not_helpful_staff.
Phrase B is a separate fact: not_kind_staff.
B breaks A's assumption? Fill in the blank: No

Now complete the blank for this pair. Output ONLY the missing word (Yes or No), nothing else.

Phrase A assumes no counter-evidence against its claim: have_evident_pool_close.
Phrase B is a separate fact: dangerous_ramp.
B breaks A's assumption? Fill in the blank:
",No
2026-08-16 22:52:45,3,2386,have_evident_park_wherever_you_find,no_pool_on_off_season,"Complete the sentence by filling in the blank with exactly one word: Yes or No.

Template: ""Phrase A assumes no counter-evidence against its claim. Phrase B is a separate fact.
B breaks A's assumption? Fill in the blank: ____""

Example 1:
Phrase A assumes no counter-evidence against its claim: no_evident_not_easy_check-in.
Phrase B is a separate fact: customer_wait_10_minute_for_greet.
B breaks A's assumption? Fill in the blank: Yes

Example 2:
Phrase A assumes no counter-evidence against its claim: no_evident_not_easy_check-in.
Phrase B is a separate fact: no_one_give_key_on_late_check-in.
B breaks A's assumption? Fill in the blank: No

Example 3:
Phrase A assumes no counter-evidence against its claim: no_evident_not_helpful_staff.
Phrase B is a separate fact: staff_not_speak_English_properly.
B breaks A's assumption? Fill in the blank: Yes

Example 4:
Phrase A assumes no counter-evidence against its claim: no_evident_not_helpful_staff.
Phrase B is a separate fact: not_kind_staff.
B breaks A's assumption? Fill in the blank: No

Now complete the blank for this pair. Output ONLY the missing word (Yes or No), nothing else.

Phrase A assumes no counter-evidence against its claim: have_evident_park_wherever_you_find.
Phrase B is a separate fact: no_pool_on_off_season.
B breaks A's assumption? Fill in the blank:
",No
2026-08-16 22:52:45,3,268,have_evident_no_pool,not_encourage_to_use_billiard,"Complete the sentence by filling in the blank with exactly one word: Yes or No.

Template: ""Phrase A assumes no counter-evidence against its claim. Phrase B is a separate fact.
B breaks A's assumption? Fill in the blank: ____""

Example 1:
Phrase A assumes no counter-evidence against its claim: no_evident_not_easy_check-in.
Phrase B is a separate fact: customer_wait_10_minute_for_greet.
B breaks A's assumption? Fill in the blank: Yes

Example 2:
Phrase A assumes no counter-evidence against its claim: no_evident_not_easy_check-in.
Phrase B is a separate fact: no_one_give_key_on_late_check-in.
B breaks A's assumption? Fill in the blank: No

Example 3:
Phrase A assumes no counter-evidence against its claim: no_evident_not_helpful_staff.
Phrase B is a separate fact: staff_not_speak_English_properly.
B breaks A's assumption? Fill in the blank: Yes

Example 4:
Phrase A assumes no counter-evidence against its claim: no_evident_not_helpful_staff.
Phrase B is a separate fact: not_kind_staff.
B breaks A's assumption? Fill in the blank: No

Now complete the blank for this pair. Output ONLY the missing word (Yes or No), nothing else.

Phrase A assumes no counter-evidence against its claim: have_evident_no_pool.
Phrase B is a separate fact: not_encourage_to_use_billiard.
B breaks A's assumption? Fill in the blank:
",No
2026-08-16 22:52:45,3,1897,have_evident_not_EU_regulation_ramp,outside_view_not_excellent,"Complete the sentence by filling in the blank with exactly one word: Yes or No.

Template: ""Phrase A assumes no counter-evidence against its claim. Phrase B is a separate fact.
B breaks A's assumption? Fill in the blank: ____""

Example 1:
Phrase A assumes no counter-evidence against its claim: no_evident_not_easy_check-in.
Phrase B is a separate fact: customer_wait_10_minute_for_greet.
B breaks A's assumption? Fill in the blank: Yes

Example 2:
Phrase A assumes no counter-evidence against its claim: no_evident_not_easy_check-in.
Phrase B is a separate fact: no_one_give_key_on_late_check-in.
B breaks A's assumption? Fill in the blank: No

Example 3:
Phrase A assumes no counter-evidence against its claim: no_evident_not_helpful_staff.
Phrase B is a separate fact: staff_not_speak_English_properly.
B breaks A's assumption? Fill in the blank: Yes

Example 4:
Phrase A assumes no counter-evidence against its claim: no_evident_not_helpful_staff.
Phrase B is a separate fact: not_kind_staff.
B breaks A's assumption? Fill in the blank: No

Now complete the blank for this pair. Output ONLY the missing word (Yes or No), nothing else.

Phrase A assumes no counter-evidence against its claim: have_evident_not_EU_regulation_ramp.
Phrase B is a separate fact: outside_view_not_excellent.
B breaks A's assumption? Fill in the blank:
",No
2026-08-16 22:52:45,3,2361,have_evident_park_wherever_you_find,no_beach_towel_provide,"Complete the sentence by filling in the blank with exactly one word: Yes or No.

Template: ""Phrase A assumes no counter-evidence against its claim. Phrase B is a separate fact.
B breaks A's assumption? Fill in the blank: ____""

Example 1:
Phrase A assumes no counter-evidence against its claim: no_evident_not_easy_check-in.
Phrase B is a separate fact: customer_wait_10_minute_for_greet.
B breaks A's assumption? Fill in the blank: Yes

Example 2:
Phrase A assumes no counter-evidence against its claim: no_evident_not_easy_check-in.
Phrase B is a separate fact: no_one_give_key_on_late_check-in.
B breaks A's assumption? Fill in the blank: No

Example 3:
Phrase A assumes no counter-evidence against its claim: no_evident_not_helpful_staff.
Phrase B is a separate fact: staff_not_speak_English_properly.
B breaks A's assumption? Fill in the blank: Yes

Example 4:
Phrase A assumes no counter-evidence against its claim: no_evident_not_helpful_staff.
Phrase B is a separate fact: not_kind_staff.
B breaks A's assumption? Fill in the blank: No

Now complete the blank for this pair. Output ONLY the missing word (Yes or No), nothing else.

Phrase A assumes no counter-evidence against its claim: have_evident_park_wherever_you_find.
Phrase B is a separate fact: no_beach_towel_provide.
B breaks A's assumption? Fill in the blank:
",No
2026-08-16 22:52:45,3,2317,have_evident_no_designated_parking,no_bar_on_off_season,"Complete the sentence by filling in the blank with exactly one word: Yes or No.

Template: ""Phrase A assumes no counter-evidence against its claim. Phrase B is a separate fact.
B breaks A's assumption? Fill in the blank: ____""

Example 1:
Phrase A assumes no counter-evidence against its claim: no_evident_not_easy_check-in.
Phrase B is a separate fact: customer_wait_10_minute_for_greet.
B breaks A's assumption? Fill in the blank: Yes

Example 2:
Phrase A assumes no counter-evidence against its claim: no_evident_not_easy_check-in.
Phrase B is a separate fact: no_one_give_key_on_late_check-in.
B breaks A's assumption? Fill in the blank: No

Example 3:
Phrase A assumes no counter-evidence against its claim: no_evident_not_helpful_staff.
Phrase B is a separate fact: staff_not_speak_English_properly.
B breaks A's assumption? Fill in the blank: Yes

Example 4:
Phrase A assumes no counter-evidence against its claim: no_evident_not_helpful_staff.
Phrase B is a separate fact: not_kind_staff.
B breaks A's assumption? Fill in the blank: No

Now complete the blank for this pair. Output ONLY the missing word (Yes or No), nothing else.

Phrase A assumes no counter-evidence against its claim: have_evident_no_designated_parking.
Phrase B is a separate fact: no_bar_on_off_season.
B breaks A's assumption? Fill in the blank:
",No
2026-08-16 22:52:46,3,3720,have_evident_need_improvement_reception,no_designated_parking,"Complete the sentence by filling in the blank with exactly one word: Yes or No.

Template: ""Phrase A assumes no counter-evidence against its claim. Phrase B is a separate fact.
B breaks A's assumption? Fill in the blank: ____""

Example 1:
Phrase A assumes no counter-evidence against its claim: no_evident_not_easy_check-in.
Phrase B is a separate fact: customer_wait_10_minute_for_greet.
B breaks A's assumption? Fill in the blank: Yes

Example 2:
Phrase A assumes no counter-evidence against its claim: no_evident_not_easy_check-in.
Phrase B is a separate fact: no_one_give_key_on_late_check-in.
B breaks A's assumption? Fill in the blank: No

Example 3:
Phrase A assumes no counter-evidence against its claim: no_evident_not_helpful_staff.
Phrase B is a separate fact: staff_not_speak_English_properly.
B breaks A's assumption? Fill in the blank: Yes

Example 4:
Phrase A assumes no counter-evidence against its claim: no_evident_not_helpful_staff.
Phrase B is a separate fact: not_kind_staff.
B breaks A's assumption? Fill in the blank: No

Now complete the blank for this pair. Output ONLY the missing word (Yes or No), nothing else.

Phrase A assumes no counter-evidence against its claim: have_evident_need_improvement_reception.
Phrase B is a separate fact: no_designated_parking.
B breaks A's assumption? Fill in the blank:
",No
2026-08-16 22:52:46,3,584,have_evident_nothing_to_do,not_accurate_hotel_installation_picture,"Complete the sentence by filling in the blank with exactly one word: Yes or No.

Template: ""Phrase A assumes no counter-evidence against its claim. Phrase B is a separate fact.
B breaks A's assumption? Fill in the blank: ____""

Example 1:
Phrase A assumes no counter-evidence against its claim: no_evident_not_easy_check-in.
Phrase B is a separate fact: customer_wait_10_minute_for_greet.
B breaks A's assumption? Fill in the blank: Yes

Example 2:
Phrase A assumes no counter-evidence against its claim: no_evident_not_easy_check-in.
Phrase B is a separate fact: no_one_give_key_on_late_check-in.
B breaks A's assumption? Fill in the blank: No

Example 3:
Phrase A assumes no counter-evidence against its claim: no_evident_not_helpful_staff.
Phrase B is a separate fact: staff_not_speak_English_properly.
B breaks A's assumption? Fill in the blank: Yes

Example 4:
Phrase A assumes no counter-evidence against its claim: no_evident_not_helpful_staff.
Phrase B is a separate fact: not_kind_staff.
B breaks A's assumption? Fill in the blank: No

Now complete the blank for this pair. Output ONLY the missing word (Yes or No), nothing else.

Phrase A assumes no counter-evidence against its claim: have_evident_nothing_to_do.
Phrase B is a separate fact: not_accurate_hotel_installation_picture.
B breaks A's assumption? Fill in the blank:
",No
2026-08-16 22:52:46,3,1913,have_evident_not_EU_regulation_ramp,issue_with_internet,"Complete the sentence by filling in the blank with exactly one word: Yes or No.

Template: ""Phrase A assumes no counter-evidence against its claim. Phrase B is a separate fact.
B breaks A's assumption? Fill in the blank: ____""

Example 1:
Phrase A assumes no counter-evidence against its claim: no_evident_not_easy_check-in.
Phrase B is a separate fact: customer_wait_10_minute_for_greet.
B breaks A's assumption? Fill in the blank: Yes

Example 2:
Phrase A assumes no counter-evidence against its claim: no_evident_not_easy_check-in.
Phrase B is a separate fact: no_one_give_key_on_late_check-in.
B breaks A's assumption? Fill in the blank: No

Example 3:
Phrase A assumes no counter-evidence against its claim: no_evident_not_helpful_staff.
Phrase B is a separate fact: staff_not_speak_English_properly.
B breaks A's assumption? Fill in the blank: Yes

Example 4:
Phrase A assumes no counter-evidence against its claim: no_evident_not_helpful_staff.
Phrase B is a separate fact: not_kind_staff.
B breaks A's assumption? Fill in the blank: No

Now complete the blank for this pair. Output ONLY the missing word (Yes or No), nothing else.

Phrase A assumes no counter-evidence against its claim: have_evident_not_EU_regulation_ramp.
Phrase B is a separate fact: issue_with_internet.
B breaks A's assumption? Fill in the blank:
",No
2026-08-16 22:52:46,3,1621,have_evident_need_renovation_in_elevator,not_convenient_parking,"Complete the sentence by filling in the blank with exactly one word: Yes or No.

Template: ""Phrase A assumes no counter-evidence against its claim. Phrase B is a separate fact.
B breaks A's assumption? Fill in the blank: ____""

Example 1:
Phrase A assumes no counter-evidence against its claim: no_evident_not_easy_check-in.
Phrase B is a separate fact: customer_wait_10_minute_for_greet.
B breaks A's assumption? Fill in the blank: Yes

Example 2:
Phrase A assumes no counter-evidence against its claim: no_evident_not_easy_check-in.
Phrase B is a separate fact: no_one_give_key_on_late_check-in.
B breaks A's assumption? Fill in the blank: No

Example 3:
Phrase A assumes no counter-evidence against its claim: no_evident_not_helpful_staff.
Phrase B is a separate fact: staff_not_speak_English_properly.
B breaks A's assumption? Fill in the blank: Yes

Example 4:
Phrase A assumes no counter-evidence against its claim: no_evident_not_helpful_staff.
Phrase B is a separate fact: not_kind_staff.
B breaks A's assumption? Fill in the blank: No

Now complete the blank for this pair. Output ONLY the missing word (Yes or No), nothing else.

Phrase A assumes no counter-evidence against its claim: have_evident_need_renovation_in_elevator.
Phrase B is a separate fact: not_convenient_parking.
B breaks A's assumption? Fill in the blank:
",No
2026-08-16 22:52:46,3,941,have_evident_main_door_slam_at_night,not_easy_to_access entry_at_odd_hour,"Complete the sentence by filling in the blank with exactly one word: Yes or No.

Template: ""Phrase A assumes no counter-evidence against its claim. Phrase B is a separate fact.
B breaks A's assumption? Fill in the blank: ____""

Example 1:
Phrase A assumes no counter-evidence against its claim: no_evident_not_easy_check-in.
Phrase B is a separate fact: customer_wait_10_minute_for_greet.
B breaks A's assumption? Fill in the blank: Yes

Example 2:
Phrase A assumes no counter-evidence against its claim: no_evident_not_easy_check-in.
Phrase B is a separate fact: no_one_give_key_on_late_check-in.
B breaks A's assumption? Fill in the blank: No

Example 3:
Phrase A assumes no counter-evidence against its claim: no_evident_not_helpful_staff.
Phrase B is a separate fact: staff_not_speak_English_properly.
B breaks A's assumption? Fill in the blank: Yes

Example 4:
Phrase A assumes no counter-evidence against its claim: no_evident_not_helpful_staff.
Phrase B is a separate fact: not_kind_staff.
B breaks A's assumption? Fill in the blank: No

Now complete the blank for this pair. Output ONLY the missing word (Yes or No), nothing else.

Phrase A assumes no counter-evidence against its claim: have_evident_main_door_slam_at_night.
Phrase B is a separate fact: not_easy_to_access entry_at_odd_hour.
B breaks A's assumption? Fill in the blank:
",No
2026-08-16 22:52:46,3,4462,have_evident_not_encourage_to_use_billiard,no_restaurant_on_off_season,"Complete the sentence by filling in the blank with exactly one word: Yes or No.

Template: ""Phrase A assumes no counter-evidence against its claim. Phrase B is a separate fact.
B breaks A's assumption? Fill in the blank: ____""

Example 1:
Phrase A assumes no counter-evidence against its claim: no_evident_not_easy_check-in.
Phrase B is a separate fact: customer_wait_10_minute_for_greet.
B breaks A's assumption? Fill in the blank: Yes

Example 2:
Phrase A assumes no counter-evidence against its claim: no_evident_not_easy_check-in.
Phrase B is a separate fact: no_one_give_key_on_late_check-in.
B breaks A's assumption? Fill in the blank: No

Example 3:
Phrase A assumes no counter-evidence against its claim: no_evident_not_helpful_staff.
Phrase B is a separate fact: staff_not_speak_English_properly.
B breaks A's assumption? Fill in the blank: Yes

Example 4:
Phrase A assumes no counter-evidence against its claim: no_evident_not_helpful_staff.
Phrase B is a separate fact: not_kind_staff.
B breaks A's assumption? Fill in the blank: No

Now complete the blank for this pair. Output ONLY the missing word (Yes or No), nothing else.

Phrase A assumes no counter-evidence against its claim: have_evident_not_encourage_to_use_billiard.
Phrase B is a separate fact: no_restaurant_on_off_season.
B breaks A's assumption? Fill in the blank:
",No
2026-08-16 22:52:46,3,1842,have_evident_head_bump_doorway,limited_parking,"Complete the sentence by filling in the blank with exactly one word: Yes or No.

Template: ""Phrase A assumes no counter-evidence against its claim. Phrase B is a separate fact.
B breaks A's assumption? Fill in the blank: ____""

Example 1:
Phrase A assumes no counter-evidence against its claim: no_evident_not_easy_check-in.
Phrase B is a separate fact: customer_wait_10_minute_for_greet.
B breaks A's assumption? Fill in the blank: Yes

Example 2:
Phrase A assumes no counter-evidence against its claim: no_evident_not_easy_check-in.
Phrase B is a separate fact: no_one_give_key_on_late_check-in.
B breaks A's assumption? Fill in the blank: No

Example 3:
Phrase A assumes no counter-evidence against its claim: no_evident_not_helpful_staff.
Phrase B is a separate fact: staff_not_speak_English_properly.
B breaks A's assumption? Fill in the blank: Yes

Example 4:
Phrase A assumes no counter-evidence against its claim: no_evident_not_helpful_staff.
Phrase B is a separate fact: not_kind_staff.
B breaks A's assumption? Fill in the blank: No

Now complete the blank for this pair. Output ONLY the missing word (Yes or No), nothing else.

Phrase A assumes no counter-evidence against its claim: have_evident_head_bump_doorway.
Phrase B is a separate fact: limited_parking.
B breaks A's assumption? Fill in the blank:
",No
2026-08-16 22:52:47,3,1221,have_evident_tiny_pool,main_door_slam_at_night,"Complete the sentence by filling in the blank with exactly one word: Yes or No.

Template: ""Phrase A assumes no counter-evidence against its claim. Phrase B is a separate fact.
B breaks A's assumption? Fill in the blank: ____""

Example 1:
Phrase A assumes no counter-evidence against its claim: no_evident_not_easy_check-in.
Phrase B is a separate fact: customer_wait_10_minute_for_greet.
B breaks A's assumption? Fill in the blank: Yes

Example 2:
Phrase A assumes no counter-evidence against its claim: no_evident_not_easy_check-in.
Phrase B is a separate fact: no_one_give_key_on_late_check-in.
B breaks A's assumption? Fill in the blank: No

Example 3:
Phrase A assumes no counter-evidence against its claim: no_evident_not_helpful_staff.
Phrase B is a separate fact: staff_not_speak_English_properly.
B breaks A's assumption? Fill in the blank: Yes

Example 4:
Phrase A assumes no counter-evidence against its claim: no_evident_not_helpful_staff.
Phrase B is a separate fact: not_kind_staff.
B breaks A's assumption? Fill in the blank: No

Now complete the blank for this pair. Output ONLY the missing word (Yes or No), nothing else.

Phrase A assumes no counter-evidence against its claim: have_evident_tiny_pool.
Phrase B is a separate fact: main_door_slam_at_night.
B breaks A's assumption? Fill in the blank:
",No
2026-08-16 22:52:47,3,2177,have_evident_limited_parking,limited_parking,"Complete the sentence by filling in the blank with exactly one word: Yes or No.

Template: ""Phrase A assumes no counter-evidence against its claim. Phrase B is a separate fact.
B breaks A's assumption? Fill in the blank: ____""

Example 1:
Phrase A assumes no counter-evidence against its claim: no_evident_not_easy_check-in.
Phrase B is a separate fact: customer_wait_10_minute_for_greet.
B breaks A's assumption? Fill in the blank: Yes

Example 2:
Phrase A assumes no counter-evidence against its claim: no_evident_not_easy_check-in.
Phrase B is a separate fact: no_one_give_key_on_late_check-in.
B breaks A's assumption? Fill in the blank: No

Example 3:
Phrase A assumes no counter-evidence against its claim: no_evident_not_helpful_staff.
Phrase B is a separate fact: staff_not_speak_English_properly.
B breaks A's assumption? Fill in the blank: Yes

Example 4:
Phrase A assumes no counter-evidence against its claim: no_evident_not_helpful_staff.
Phrase B is a separate fact: not_kind_staff.
B breaks A's assumption? Fill in the blank: No

Now complete the blank for this pair. Output ONLY the missing word (Yes or No), nothing else.

Phrase A assumes no counter-evidence against its claim: have_evident_limited_parking.
Phrase B is a separate fact: limited_parking.
B breaks A's assumption? Fill in the blank:
",No
2026-08-16 22:52:47,3,1166,have_evident_cold_for_swim,low_doorway_leading_to_elevator,"Complete the sentence by filling in the blank with exactly one word: Yes or No.

Template: ""Phrase A assumes no counter-evidence against its claim. Phrase B is a separate fact.
B breaks A's assumption? Fill in the blank: ____""

Example 1:
Phrase A assumes no counter-evidence against its claim: no_evident_not_easy_check-in.
Phrase B is a separate fact: customer_wait_10_minute_for_greet.
B breaks A's assumption? Fill in the blank: Yes

Example 2:
Phrase A assumes no counter-evidence against its claim: no_evident_not_easy_check-in.
Phrase B is a separate fact: no_one_give_key_on_late_check-in.
B breaks A's assumption? Fill in the blank: No

Example 3:
Phrase A assumes no counter-evidence against its claim: no_evident_not_helpful_staff.
Phrase B is a separate fact: staff_not_speak_English_properly.
B breaks A's assumption? Fill in the blank: Yes

Example 4:
Phrase A assumes no counter-evidence against its claim: no_evident_not_helpful_staff.
Phrase B is a separate fact: not_kind_staff.
B breaks A's assumption? Fill in the blank: No

Now complete the blank for this pair. Output ONLY the missing word (Yes or No), nothing else.

Phrase A assumes no counter-evidence against its claim: have_evident_cold_for_swim.
Phrase B is a separate fact: low_doorway_leading_to_elevator.
B breaks A's assumption? Fill in the blank:
",No
2026-08-16 22:52:47,3,585,have_evident_nothing_to_do,not_accurate_pool_picture,"Complete the sentence by filling in the blank with exactly one word: Yes or No.

Template: ""Phrase A assumes no counter-evidence against its claim. Phrase B is a separate fact.
B breaks A's assumption? Fill in the blank: ____""

Example 1:
Phrase A assumes no counter-evidence against its claim: no_evident_not_easy_check-in.
Phrase B is a separate fact: customer_wait_10_minute_for_greet.
B breaks A's assumption? Fill in the blank: Yes

Example 2:
Phrase A assumes no counter-evidence against its claim: no_evident_not_easy_check-in.
Phrase B is a separate fact: no_one_give_key_on_late_check-in.
B breaks A's assumption? Fill in the blank: No

Example 3:
Phrase A assumes no counter-evidence against its claim: no_evident_not_helpful_staff.
Phrase B is a separate fact: staff_not_speak_English_properly.
B breaks A's assumption? Fill in the blank: Yes

Example 4:
Phrase A assumes no counter-evidence against its claim: no_evident_not_helpful_staff.
Phrase B is a separate fact: not_kind_staff.
B breaks A's assumption? Fill in the blank: No

Now complete the blank for this pair. Output ONLY the missing word (Yes or No), nothing else.

Phrase A assumes no counter-evidence against its claim: have_evident_nothing_to_do.
Phrase B is a separate fact: not_accurate_pool_picture.
B breaks A's assumption? Fill in the blank:
",No.
2026-08-16 22:52:47,3,489,have_evident_slow_elevator,not_much_parking,"Complete the sentence by filling in the blank with exactly one word: Yes or No.

Template: ""Phrase A assumes no counter-evidence against its claim. Phrase B is a separate fact.
B breaks A's assumption? Fill in the blank: ____""

Example 1:
Phrase A assumes no counter-evidence against its claim: no_evident_not_easy_check-in.
Phrase B is a separate fact: customer_wait_10_minute_for_greet.
B breaks A's assumption? Fill in the blank: Yes

Example 2:
Phrase A assumes no counter-evidence against its claim: no_evident_not_easy_check-in.
Phrase B is a separate fact: no_one_give_key_on_late_check-in.
B breaks A's assumption? Fill in the blank: No

Example 3:
Phrase A assumes no counter-evidence against its claim: no_evident_not_helpful_staff.
Phrase B is a separate fact: staff_not_speak_English_properly.
B breaks A's assumption? Fill in the blank: Yes

Example 4:
Phrase A assumes no counter-evidence against its claim: no_evident_not_helpful_staff.
Phrase B is a separate fact: not_kind_staff.
B breaks A's assumption? Fill in the blank: No

Now complete the blank for this pair. Output ONLY the missing word (Yes or No), nothing else.

Phrase A assumes no counter-evidence against its claim: have_evident_slow_elevator.
Phrase B is a separate fact: not_much_parking.
B breaks A's assumption? Fill in the blank:
",No
2026-08-16 22:52:47,3,1360,have_evident_outside_view_not_excellent,not_much_parking,"Complete the sentence by filling in the blank with exactly one word: Yes or No.

Template: ""Phrase A assumes no counter-evidence against its claim. Phrase B is a separate fact.
B breaks A's assumption? Fill in the blank: ____""

Example 1:
Phrase A assumes no counter-evidence against its claim: no_evident_not_easy_check-in.
Phrase B is a separate fact: customer_wait_10_minute_for_greet.
B breaks A's assumption? Fill in the blank: Yes

Example 2:
Phrase A assumes no counter-evidence against its claim: no_evident_not_easy_check-in.
Phrase B is a separate fact: no_one_give_key_on_late_check-in.
B breaks A's assumption? Fill in the blank: No

Example 3:
Phrase A assumes no counter-evidence against its claim: no_evident_not_helpful_staff.
Phrase B is a separate fact: staff_not_speak_English_properly.
B breaks A's assumption? Fill in the blank: Yes

Example 4:
Phrase A assumes no counter-evidence against its claim: no_evident_not_helpful_staff.
Phrase B is a separate fact: not_kind_staff.
B breaks A's assumption? Fill in the blank: No

Now complete the blank for this pair. Output ONLY the missing word (Yes or No), nothing else.

Phrase A assumes no counter-evidence against its claim: have_evident_outside_view_not_excellent.
Phrase B is a separate fact: not_much_parking.
B breaks A's assumption? Fill in the blank:
",No.
2026-08-16 22:52:48,3,2520,have_evident_hotel_not_yet_open_up_for_season,no_pool_on_off_season,"Complete the sentence by filling in the blank with exactly one word: Yes or No.

Template: ""Phrase A assumes no counter-evidence against its claim. Phrase B is a separate fact.
B breaks A's assumption? Fill in the blank: ____""

Example 1:
Phrase A assumes no counter-evidence against its claim: no_evident_not_easy_check-in.
Phrase B is a separate fact: customer_wait_10_minute_for_greet.
B breaks A's assumption? Fill in the blank: Yes

Example 2:
Phrase A assumes no counter-evidence against its claim: no_evident_not_easy_check-in.
Phrase B is a separate fact: no_one_give_key_on_late_check-in.
B breaks A's assumption? Fill in the blank: No

Example 3:
Phrase A assumes no counter-evidence against its claim: no_evident_not_helpful_staff.
Phrase B is a separate fact: staff_not_speak_English_properly.
B breaks A's assumption? Fill in the blank: Yes

Example 4:
Phrase A assumes no counter-evidence against its claim: no_evident_not_helpful_staff.
Phrase B is a separate fact: not_kind_staff.
B breaks A's assumption? Fill in the blank: No

Now complete the blank for this pair. Output ONLY the missing word (Yes or No), nothing else.

Phrase A assumes no counter-evidence against its claim: have_evident_hotel_not_yet_open_up_for_season.
Phrase B is a separate fact: no_pool_on_off_season.
B breaks A's assumption? Fill in the blank:
",No
2026-08-16 22:52:48,3,2365,have_evident_park_wherever_you_find,not_much_parking,"Complete the sentence by filling in the blank with exactly one word: Yes or No.

Template: ""Phrase A assumes no counter-evidence against its claim. Phrase B is a separate fact.
B breaks A's assumption? Fill in the blank: ____""

Example 1:
Phrase A assumes no counter-evidence against its claim: no_evident_not_easy_check-in.
Phrase B is a separate fact: customer_wait_10_minute_for_greet.
B breaks A's assumption? Fill in the blank: Yes

Example 2:
Phrase A assumes no counter-evidence against its claim: no_evident_not_easy_check-in.
Phrase B is a separate fact: no_one_give_key_on_late_check-in.
B breaks A's assumption? Fill in the blank: No

Example 3:
Phrase A assumes no counter-evidence against its claim: no_evident_not_helpful_staff.
Phrase B is a separate fact: staff_not_speak_English_properly.
B breaks A's assumption? Fill in the blank: Yes

Example 4:
Phrase A assumes no counter-evidence against its claim: no_evident_not_helpful_staff.
Phrase B is a separate fact: not_kind_staff.
B breaks A's assumption? Fill in the blank: No

Now complete the blank for this pair. Output ONLY the missing word (Yes or No), nothing else.

Phrase A assumes no counter-evidence against its claim: have_evident_park_wherever_you_find.
Phrase B is a separate fact: not_much_parking.
B breaks A's assumption? Fill in the blank:
",No
2026-08-16 22:52:48,3,3598,have_evident_elevator_need_cleaning,broke_lift,"Complete the sentence by filling in the blank with exactly one word: Yes or No.

Template: ""Phrase A assumes no counter-evidence against its claim. Phrase B is a separate fact.
B breaks A's assumption? Fill in the blank: ____""

Example 1:
Phrase A assumes no counter-evidence against its claim: no_evident_not_easy_check-in.
Phrase B is a separate fact: customer_wait_10_minute_for_greet.
B breaks A's assumption? Fill in the blank: Yes

Example 2:
Phrase A assumes no counter-evidence against its claim: no_evident_not_easy_check-in.
Phrase B is a separate fact: no_one_give_key_on_late_check-in.
B breaks A's assumption? Fill in the blank: No

Example 3:
Phrase A assumes no counter-evidence against its claim: no_evident_not_helpful_staff.
Phrase B is a separate fact: staff_not_speak_English_properly.
B breaks A's assumption? Fill in the blank: Yes

Example 4:
Phrase A assumes no counter-evidence against its claim: no_evident_not_helpful_staff.
Phrase B is a separate fact: not_kind_staff.
B breaks A's assumption? Fill in the blank: No

Now complete the blank for this pair. Output ONLY the missing word (Yes or No), nothing else.

Phrase A assumes no counter-evidence against its claim: have_evident_elevator_need_cleaning.
Phrase B is a separate fact: broke_lift.
B breaks A's assumption? Fill in the blank:
",No
2026-08-16 22:52:48,3,1019,have_evident_no_beach_towel_provide,main_door_not_close,"Complete the sentence by filling in the blank with exactly one word: Yes or No.

Template: ""Phrase A assumes no counter-evidence against its claim. Phrase B is a separate fact.
B breaks A's assumption? Fill in the blank: ____""

Example 1:
Phrase A assumes no counter-evidence against its claim: no_evident_not_easy_check-in.
Phrase B is a separate fact: customer_wait_10_minute_for_greet.
B breaks A's assumption? Fill in the blank: Yes

Example 2:
Phrase A assumes no counter-evidence against its claim: no_evident_not_easy_check-in.
Phrase B is a separate fact: no_one_give_key_on_late_check-in.
B breaks A's assumption? Fill in the blank: No

Example 3:
Phrase A assumes no counter-evidence against its claim: no_evident_not_helpful_staff.
Phrase B is a separate fact: staff_not_speak_English_properly.
B breaks A's assumption? Fill in the blank: Yes

Example 4:
Phrase A assumes no counter-evidence against its claim: no_evident_not_helpful_staff.
Phrase B is a separate fact: not_kind_staff.
B breaks A's assumption? Fill in the blank: No

Now complete the blank for this pair. Output ONLY the missing word (Yes or No), nothing else.

Phrase A assumes no counter-evidence against its claim: have_evident_no_beach_towel_provide.
Phrase B is a separate fact: main_door_not_close.
B breaks A's assumption? Fill in the blank:
",No
2026-08-16 22:52:48,3,3840,have_evident_pool_close,outside_view_not_excellent,"Complete the sentence by filling in the blank with exactly one word: Yes or No.

Template: ""Phrase A assumes no counter-evidence against its claim. Phrase B is a separate fact.
B breaks A's assumption? Fill in the blank: ____""

Example 1:
Phrase A assumes no counter-evidence against its claim: no_evident_not_easy_check-in.
Phrase B is a separate fact: customer_wait_10_minute_for_greet.
B breaks A's assumption? Fill in the blank: Yes

Example 2:
Phrase A assumes no counter-evidence against its claim: no_evident_not_easy_check-in.
Phrase B is a separate fact: no_one_give_key_on_late_check-in.
B breaks A's assumption? Fill in the blank: No

Example 3:
Phrase A assumes no counter-evidence against its claim: no_evident_not_helpful_staff.
Phrase B is a separate fact: staff_not_speak_English_properly.
B breaks A's assumption? Fill in the blank: Yes

Example 4:
Phrase A assumes no counter-evidence against its claim: no_evident_not_helpful_staff.
Phrase B is a separate fact: not_kind_staff.
B breaks A's assumption? Fill in the blank: No

Now complete the blank for this pair. Output ONLY the missing word (Yes or No), nothing else.

Phrase A assumes no counter-evidence against its claim: have_evident_pool_close.
Phrase B is a separate fact: outside_view_not_excellent.
B breaks A's assumption? Fill in the blank:
",No
2026-08-16 22:52:48,3,2492,have_evident_hotel_not_yet_open_up_for_season,not_convenient_parking,"Complete the sentence by filling in the blank with exactly one word: Yes or No.

Template: ""Phrase A assumes no counter-evidence against its claim. Phrase B is a separate fact.
B breaks A's assumption? Fill in the blank: ____""

Example 1:
Phrase A assumes no counter-evidence against its claim: no_evident_not_easy_check-in.
Phrase B is a separate fact: customer_wait_10_minute_for_greet.
B breaks A's assumption? Fill in the blank: Yes

Example 2:
Phrase A assumes no counter-evidence against its claim: no_evident_not_easy_check-in.
Phrase B is a separate fact: no_one_give_key_on_late_check-in.
B breaks A's assumption? Fill in the blank: No

Example 3:
Phrase A assumes no counter-evidence against its claim: no_evident_not_helpful_staff.
Phrase B is a separate fact: staff_not_speak_English_properly.
B breaks A's assumption? Fill in the blank: Yes

Example 4:
Phrase A assumes no counter-evidence against its claim: no_evident_not_helpful_staff.
Phrase B is a separate fact: not_kind_staff.
B breaks A's assumption? Fill in the blank: No

Now complete the blank for this pair. Output ONLY the missing word (Yes or No), nothing else.

Phrase A assumes no counter-evidence against its claim: have_evident_hotel_not_yet_open_up_for_season.
Phrase B is a separate fact: not_convenient_parking.
B breaks A's assumption? Fill in the blank:
",No
2026-08-16 22:52:49,3,3298,have_evident_limited_facility,main_door_slam_at_night,"Complete the sentence by filling in the blank with exactly one word: Yes or No.

Template: ""Phrase A assumes no counter-evidence against its claim. Phrase B is a separate fact.
B breaks A's assumption? Fill in the blank: ____""

Example 1:
Phrase A assumes no counter-evidence against its claim: no_evident_not_easy_check-in.
Phrase B is a separate fact: customer_wait_10_minute_for_greet.
B breaks A's assumption? Fill in the blank: Yes

Example 2:
Phrase A assumes no counter-evidence against its claim: no_evident_not_easy_check-in.
Phrase B is a separate fact: no_one_give_key_on_late_check-in.
B breaks A's assumption? Fill in the blank: No

Example 3:
Phrase A assumes no counter-evidence against its claim: no_evident_not_helpful_staff.
Phrase B is a separate fact: staff_not_speak_English_properly.
B breaks A's assumption? Fill in the blank: Yes

Example 4:
Phrase A assumes no counter-evidence against its claim: no_evident_not_helpful_staff.
Phrase B is a separate fact: not_kind_staff.
B breaks A's assumption? Fill in the blank: No

Now complete the blank for this pair. Output ONLY the missing word (Yes or No), nothing else.

Phrase A assumes no counter-evidence against its claim: have_evident_limited_facility.
Phrase B is a separate fact: main_door_slam_at_night.
B breaks A's assumption? Fill in the blank:
",No.
2026-08-16 22:52:49,3,2231,have_evident_street_parking,not_much_parking,"Complete the sentence by filling in the blank with exactly one word: Yes or No.

Template: ""Phrase A assumes no counter-evidence against its claim. Phrase B is a separate fact.
B breaks A's assumption? Fill in the blank: ____""

Example 1:
Phrase A assumes no counter-evidence against its claim: no_evident_not_easy_check-in.
Phrase B is a separate fact: customer_wait_10_minute_for_greet.
B breaks A's assumption? Fill in the blank: Yes

Example 2:
Phrase A assumes no counter-evidence against its claim: no_evident_not_easy_check-in.
Phrase B is a separate fact: no_one_give_key_on_late_check-in.
B breaks A's assumption? Fill in the blank: No

Example 3:
Phrase A assumes no counter-evidence against its claim: no_evident_not_helpful_staff.
Phrase B is a separate fact: staff_not_speak_English_properly.
B breaks A's assumption? Fill in the blank: Yes

Example 4:
Phrase A assumes no counter-evidence against its claim: no_evident_not_helpful_staff.
Phrase B is a separate fact: not_kind_staff.
B breaks A's assumption? Fill in the blank: No

Now complete the blank for this pair. Output ONLY the missing word (Yes or No), nothing else.

Phrase A assumes no counter-evidence against its claim: have_evident_street_parking.
Phrase B is a separate fact: not_much_parking.
B breaks A's assumption? Fill in the blank:
",No
2026-08-16 22:52:49,3,4100,have_evident_young_hotel,not_convenient_parking,"Complete the sentence by filling in the blank with exactly one word: Yes or No.

Template: ""Phrase A assumes no counter-evidence against its claim. Phrase B is a separate fact.
B breaks A's assumption? Fill in the blank: ____""

Example 1:
Phrase A assumes no counter-evidence against its claim: no_evident_not_easy_check-in.
Phrase B is a separate fact: customer_wait_10_minute_for_greet.
B breaks A's assumption? Fill in the blank: Yes

Example 2:
Phrase A assumes no counter-evidence against its claim: no_evident_not_easy_check-in.
Phrase B is a separate fact: no_one_give_key_on_late_check-in.
B breaks A's assumption? Fill in the blank: No

Example 3:
Phrase A assumes no counter-evidence against its claim: no_evident_not_helpful_staff.
Phrase B is a separate fact: staff_not_speak_English_properly.
B breaks A's assumption? Fill in the blank: Yes

Example 4:
Phrase A assumes no counter-evidence against its claim: no_evident_not_helpful_staff.
Phrase B is a separate fact: not_kind_staff.
B breaks A's assumption? Fill in the blank: No

Now complete the blank for this pair. Output ONLY the missing word (Yes or No), nothing else.

Phrase A assumes no counter-evidence against its claim: have_evident_young_hotel.
Phrase B is a separate fact: not_convenient_parking.
B breaks A's assumption? Fill in the blank:
",No
2026-08-16 22:52:49,3,4424,have_evident_not_encourage_to_use_billiard,no_24_hour_reception,"Complete the sentence by filling in the blank with exactly one word: Yes or No.

Template: ""Phrase A assumes no counter-evidence against its claim. Phrase B is a separate fact.
B breaks A's assumption? Fill in the blank: ____""

Example 1:
Phrase A assumes no counter-evidence against its claim: no_evident_not_easy_check-in.
Phrase B is a separate fact: customer_wait_10_minute_for_greet.
B breaks A's assumption? Fill in the blank: Yes

Example 2:
Phrase A assumes no counter-evidence against its claim: no_evident_not_easy_check-in.
Phrase B is a separate fact: no_one_give_key_on_late_check-in.
B breaks A's assumption? Fill in the blank: No

Example 3:
Phrase A assumes no counter-evidence against its claim: no_evident_not_helpful_staff.
Phrase B is a separate fact: staff_not_speak_English_properly.
B breaks A's assumption? Fill in the blank: Yes

Example 4:
Phrase A assumes no counter-evidence against its claim: no_evident_not_helpful_staff.
Phrase B is a separate fact: not_kind_staff.
B breaks A's assumption? Fill in the blank: No

Now complete the blank for this pair. Output ONLY the missing word (Yes or No), nothing else.

Phrase A assumes no counter-evidence against its claim: have_evident_not_encourage_to_use_billiard.
Phrase B is a separate fact: no_24_hour_reception.
B breaks A's assumption? Fill in the blank:
",No
2026-08-16 22:52:49,3,4046,have_evident_dirty_swimming_pool,common_area_light_not_worked_well,"Complete the sentence by filling in the blank with exactly one word: Yes or No.

Template: ""Phrase A assumes no counter-evidence against its claim. Phrase B is a separate fact.
B breaks A's assumption? Fill in the blank: ____""

Example 1:
Phrase A assumes no counter-evidence against its claim: no_evident_not_easy_check-in.
Phrase B is a separate fact: customer_wait_10_minute_for_greet.
B breaks A's assumption? Fill in the blank: Yes

Example 2:
Phrase A assumes no counter-evidence against its claim: no_evident_not_easy_check-in.
Phrase B is a separate fact: no_one_give_key_on_late_check-in.
B breaks A's assumption? Fill in the blank: No

Example 3:
Phrase A assumes no counter-evidence against its claim: no_evident_not_helpful_staff.
Phrase B is a separate fact: staff_not_speak_English_properly.
B breaks A's assumption? Fill in the blank: Yes

Example 4:
Phrase A assumes no counter-evidence against its claim: no_evident_not_helpful_staff.
Phrase B is a separate fact: not_kind_staff.
B breaks A's assumption? Fill in the blank: No

Now complete the blank for this pair. Output ONLY the missing word (Yes or No), nothing else.

Phrase A assumes no counter-evidence against its claim: have_evident_dirty_swimming_pool.
Phrase B is a separate fact: common_area_light_not_worked_well.
B breaks A's assumption? Fill in the blank:
",No
2026-08-16 22:52:50,3,3587,have_evident_elevator_need_cleaning,park_wherever_you_find,"Complete the sentence by filling in the blank with exactly one word: Yes or No.

Template: ""Phrase A assumes no counter-evidence against its claim. Phrase B is a separate fact.
B breaks A's assumption? Fill in the blank: ____""

Example 1:
Phrase A assumes no counter-evidence against its claim: no_evident_not_easy_check-in.
Phrase B is a separate fact: customer_wait_10_minute_for_greet.
B breaks A's assumption? Fill in the blank: Yes

Example 2:
Phrase A assumes no counter-evidence against its claim: no_evident_not_easy_check-in.
Phrase B is a separate fact: no_one_give_key_on_late_check-in.
B breaks A's assumption? Fill in the blank: No

Example 3:
Phrase A assumes no counter-evidence against its claim: no_evident_not_helpful_staff.
Phrase B is a separate fact: staff_not_speak_English_properly.
B breaks A's assumption? Fill in the blank: Yes

Example 4:
Phrase A assumes no counter-evidence against its claim: no_evident_not_helpful_staff.
Phrase B is a separate fact: not_kind_staff.
B breaks A's assumption? Fill in the blank: No

Now complete the blank for this pair. Output ONLY the missing word (Yes or No), nothing else.

Phrase A assumes no counter-evidence against its claim: have_evident_elevator_need_cleaning.
Phrase B is a separate fact: park_wherever_you_find.
B breaks A's assumption? Fill in the blank:
",No
2026-08-16 22:52:50,3,659,have_evident_no_24_hour_kiosk_close_to_hotel,need_improvement_reception,"Complete the sentence by filling in the blank with exactly one word: Yes or No.

Template: ""Phrase A assumes no counter-evidence against its claim. Phrase B is a separate fact.
B breaks A's assumption? Fill in the blank: ____""

Example 1:
Phrase A assumes no counter-evidence against its claim: no_evident_not_easy_check-in.
Phrase B is a separate fact: customer_wait_10_minute_for_greet.
B breaks A's assumption? Fill in the blank: Yes

Example 2:
Phrase A assumes no counter-evidence against its claim: no_evident_not_easy_check-in.
Phrase B is a separate fact: no_one_give_key_on_late_check-in.
B breaks A's assumption? Fill in the blank: No

Example 3:
Phrase A assumes no counter-evidence against its claim: no_evident_not_helpful_staff.
Phrase B is a separate fact: staff_not_speak_English_properly.
B breaks A's assumption? Fill in the blank: Yes

Example 4:
Phrase A assumes no counter-evidence against its claim: no_evident_not_helpful_staff.
Phrase B is a separate fact: not_kind_staff.
B breaks A's assumption? Fill in the blank: No

Now complete the blank for this pair. Output ONLY the missing word (Yes or No), nothing else.

Phrase A assumes no counter-evidence against its claim: have_evident_no_24_hour_kiosk_close_to_hotel.
Phrase B is a separate fact: need_improvement_reception.
B breaks A's assumption? Fill in the blank:
",No
2026-08-16 22:52:50,3,3540,have_evident_little_parking_in_evening,need_improvement_reception,"Complete the sentence by filling in the blank with exactly one word: Yes or No.

Template: ""Phrase A assumes no counter-evidence against its claim. Phrase B is a separate fact.
B breaks A's assumption? Fill in the blank: ____""

Example 1:
Phrase A assumes no counter-evidence against its claim: no_evident_not_easy_check-in.
Phrase B is a separate fact: customer_wait_10_minute_for_greet.
B breaks A's assumption? Fill in the blank: Yes

Example 2:
Phrase A assumes no counter-evidence against its claim: no_evident_not_easy_check-in.
Phrase B is a separate fact: no_one_give_key_on_late_check-in.
B breaks A's assumption? Fill in the blank: No

Example 3:
Phrase A assumes no counter-evidence against its claim: no_evident_not_helpful_staff.
Phrase B is a separate fact: staff_not_speak_English_properly.
B breaks A's assumption? Fill in the blank: Yes

Example 4:
Phrase A assumes no counter-evidence against its claim: no_evident_not_helpful_staff.
Phrase B is a separate fact: not_kind_staff.
B breaks A's assumption? Fill in the blank: No

Now complete the blank for this pair. Output ONLY the missing word (Yes or No), nothing else.

Phrase A assumes no counter-evidence against its claim: have_evident_little_parking_in_evening.
Phrase B is a separate fact: need_improvement_reception.
B breaks A's assumption? Fill in the blank:
",No
2026-08-16 22:52:50,3,2052,have_evident_dangerous_ramp,available_facility_not_clear_on_booking,"Complete the sentence by filling in the blank with exactly one word: Yes or No.

Template: ""Phrase A assumes no counter-evidence against its claim. Phrase B is a separate fact.
B breaks A's assumption? Fill in the blank: ____""

Example 1:
Phrase A assumes no counter-evidence against its claim: no_evident_not_easy_check-in.
Phrase B is a separate fact: customer_wait_10_minute_for_greet.
B breaks A's assumption? Fill in the blank: Yes

Example 2:
Phrase A assumes no counter-evidence against its claim: no_evident_not_easy_check-in.
Phrase B is a separate fact: no_one_give_key_on_late_check-in.
B breaks A's assumption? Fill in the blank: No

Example 3:
Phrase A assumes no counter-evidence against its claim: no_evident_not_helpful_staff.
Phrase B is a separate fact: staff_not_speak_English_properly.
B breaks A's assumption? Fill in the blank: Yes

Example 4:
Phrase A assumes no counter-evidence against its claim: no_evident_not_helpful_staff.
Phrase B is a separate fact: not_kind_staff.
B breaks A's assumption? Fill in the blank: No

Now complete the blank for this pair. Output ONLY the missing word (Yes or No), nothing else.

Phrase A assumes no counter-evidence against its claim: have_evident_dangerous_ramp.
Phrase B is a separate fact: available_facility_not_clear_on_booking.
B breaks A's assumption? Fill in the blank:
",No
2026-08-16 22:52:50,3,212,have_evident_no_pool,no_own_parking_lot,"Complete the sentence by filling in the blank with exactly one word: Yes or No.

Template: ""Phrase A assumes no counter-evidence against its claim. Phrase B is a separate fact.
B breaks A's assumption? Fill in the blank: ____""

Example 1:
Phrase A assumes no counter-evidence against its claim: no_evident_not_easy_check-in.
Phrase B is a separate fact: customer_wait_10_minute_for_greet.
B breaks A's assumption? Fill in the blank: Yes

Example 2:
Phrase A assumes no counter-evidence against its claim: no_evident_not_easy_check-in.
Phrase B is a separate fact: no_one_give_key_on_late_check-in.
B breaks A's assumption? Fill in the blank: No

Example 3:
Phrase A assumes no counter-evidence against its claim: no_evident_not_helpful_staff.
Phrase B is a separate fact: staff_not_speak_English_properly.
B breaks A's assumption? Fill in the blank: Yes

Example 4:
Phrase A assumes no counter-evidence against its claim: no_evident_not_helpful_staff.
Phrase B is a separate fact: not_kind_staff.
B breaks A's assumption? Fill in the blank: No

Now complete the blank for this pair. Output ONLY the missing word (Yes or No), nothing else.

Phrase A assumes no counter-evidence against its claim: have_evident_no_pool.
Phrase B is a separate fact: no_own_parking_lot.
B breaks A's assumption? Fill in the blank:
",No
2026-08-16 22:52:50,3,749,have_evident_difficult_to_find_parking,difficult_to_find_parking,"Complete the sentence by filling in the blank with exactly one word: Yes or No.

Template: ""Phrase A assumes no counter-evidence against its claim. Phrase B is a separate fact.
B breaks A's assumption? Fill in the blank: ____""

Example 1:
Phrase A assumes no counter-evidence against its claim: no_evident_not_easy_check-in.
Phrase B is a separate fact: customer_wait_10_minute_for_greet.
B breaks A's assumption? Fill in the blank: Yes

Example 2:
Phrase A assumes no counter-evidence against its claim: no_evident_not_easy_check-in.
Phrase B is a separate fact: no_one_give_key_on_late_check-in.
B breaks A's assumption? Fill in the blank: No

Example 3:
Phrase A assumes no counter-evidence against its claim: no_evident_not_helpful_staff.
Phrase B is a separate fact: staff_not_speak_English_properly.
B breaks A's assumption? Fill in the blank: Yes

Example 4:
Phrase A assumes no counter-evidence against its claim: no_evident_not_helpful_staff.
Phrase B is a separate fact: not_kind_staff.
B breaks A's assumption? Fill in the blank: No

Now complete the blank for this pair. Output ONLY the missing word (Yes or No), nothing else.

Phrase A assumes no counter-evidence against its claim: have_evident_difficult_to_find_parking.
Phrase B is a separate fact: difficult_to_find_parking.
B breaks A's assumption? Fill in the blank:
",No.
2026-08-16 22:52:50,3,1876,have_evident_head_bump_doorway,not_encourage_to_use_billiard,"Complete the sentence by filling in the blank with exactly one word: Yes or No.

Template: ""Phrase A assumes no counter-evidence against its claim. Phrase B is a separate fact.
B breaks A's assumption? Fill in the blank: ____""

Example 1:
Phrase A assumes no counter-evidence against its claim: no_evident_not_easy_check-in.
Phrase B is a separate fact: customer_wait_10_minute_for_greet.
B breaks A's assumption? Fill in the blank: Yes

Example 2:
Phrase A assumes no counter-evidence against its claim: no_evident_not_easy_check-in.
Phrase B is a separate fact: no_one_give_key_on_late_check-in.
B breaks A's assumption? Fill in the blank: No

Example 3:
Phrase A assumes no counter-evidence against its claim: no_evident_not_helpful_staff.
Phrase B is a separate fact: staff_not_speak_English_properly.
B breaks A's assumption? Fill in the blank: Yes

Example 4:
Phrase A assumes no counter-evidence against its claim: no_evident_not_helpful_staff.
Phrase B is a separate fact: not_kind_staff.
B breaks A's assumption? Fill in the blank: No

Now complete the blank for this pair. Output ONLY the missing word (Yes or No), nothing else.

Phrase A assumes no counter-evidence against its claim: have_evident_head_bump_doorway.
Phrase B is a separate fact: not_encourage_to_use_billiard.
B breaks A's assumption? Fill in the blank:
",No
2026-08-16 22:52:50,3,170,have_evident_not_easy_to_access entry_at_odd_hour,park_wherever_you_find,"Complete the sentence by filling in the blank with exactly one word: Yes or No.

Template: ""Phrase A assumes no counter-evidence against its claim. Phrase B is a separate fact.
B breaks A's assumption? Fill in the blank: ____""

Example 1:
Phrase A assumes no counter-evidence against its claim: no_evident_not_easy_check-in.
Phrase B is a separate fact: customer_wait_10_minute_for_greet.
B breaks A's assumption? Fill in the blank: Yes

Example 2:
Phrase A assumes no counter-evidence against its claim: no_evident_not_easy_check-in.
Phrase B is a separate fact: no_one_give_key_on_late_check-in.
B breaks A's assumption? Fill in the blank: No

Example 3:
Phrase A assumes no counter-evidence against its claim: no_evident_not_helpful_staff.
Phrase B is a separate fact: staff_not_speak_English_properly.
B breaks A's assumption? Fill in the blank: Yes

Example 4:
Phrase A assumes no counter-evidence against its claim: no_evident_not_helpful_staff.
Phrase B is a separate fact: not_kind_staff.
B breaks A's assumption? Fill in the blank: No

Now complete the blank for this pair. Output ONLY the missing word (Yes or No), nothing else.

Phrase A assumes no counter-evidence against its claim: have_evident_not_easy_to_access entry_at_odd_hour.
Phrase B is a separate fact: park_wherever_you_find.
B breaks A's assumption? Fill in the blank:
",No
2026-08-16 22:52:51,3,2208,have_evident_limited_parking,not_encourage_to_use_relaxation_zone,"Complete the sentence by filling in the blank with exactly one word: Yes or No.

Template: ""Phrase A assumes no counter-evidence against its claim. Phrase B is a separate fact.
B breaks A's assumption? Fill in the blank: ____""

Example 1:
Phrase A assumes no counter-evidence against its claim: no_evident_not_easy_check-in.
Phrase B is a separate fact: customer_wait_10_minute_for_greet.
B breaks A's assumption? Fill in the blank: Yes

Example 2:
Phrase A assumes no counter-evidence against its claim: no_evident_not_easy_check-in.
Phrase B is a separate fact: no_one_give_key_on_late_check-in.
B breaks A's assumption? Fill in the blank: No

Example 3:
Phrase A assumes no counter-evidence against its claim: no_evident_not_helpful_staff.
Phrase B is a separate fact: staff_not_speak_English_properly.
B breaks A's assumption? Fill in the blank: Yes

Example 4:
Phrase A assumes no counter-evidence against its claim: no_evident_not_helpful_staff.
Phrase B is a separate fact: not_kind_staff.
B breaks A's assumption? Fill in the blank: No

Now complete the blank for this pair. Output ONLY the missing word (Yes or No), nothing else.

Phrase A assumes no counter-evidence against its claim: have_evident_limited_parking.
Phrase B is a separate fact: not_encourage_to_use_relaxation_zone.
B breaks A's assumption? Fill in the blank:
",No
2026-08-16 22:52:51,3,1436,have_evident_pool_could_be_bigger,not_EU_regulation_ramp,"Complete the sentence by filling in the blank with exactly one word: Yes or No.

Template: ""Phrase A assumes no counter-evidence against its claim. Phrase B is a separate fact.
B breaks A's assumption? Fill in the blank: ____""

Example 1:
Phrase A assumes no counter-evidence against its claim: no_evident_not_easy_check-in.
Phrase B is a separate fact: customer_wait_10_minute_for_greet.
B breaks A's assumption? Fill in the blank: Yes

Example 2:
Phrase A assumes no counter-evidence against its claim: no_evident_not_easy_check-in.
Phrase B is a separate fact: no_one_give_key_on_late_check-in.
B breaks A's assumption? Fill in the blank: No

Example 3:
Phrase A assumes no counter-evidence against its claim: no_evident_not_helpful_staff.
Phrase B is a separate fact: staff_not_speak_English_properly.
B breaks A's assumption? Fill in the blank: Yes

Example 4:
Phrase A assumes no counter-evidence against its claim: no_evident_not_helpful_staff.
Phrase B is a separate fact: not_kind_staff.
B breaks A's assumption? Fill in the blank: No

Now complete the blank for this pair. Output ONLY the missing word (Yes or No), nothing else.

Phrase A assumes no counter-evidence against its claim: have_evident_pool_could_be_bigger.
Phrase B is a separate fact: not_EU_regulation_ramp.
B breaks A's assumption? Fill in the blank:
",No
2026-08-16 22:52:51,3,3855,have_evident_pool_close,park_wherever_you_find,"Complete the sentence by filling in the blank with exactly one word: Yes or No.

Template: ""Phrase A assumes no counter-evidence against its claim. Phrase B is a separate fact.
B breaks A's assumption? Fill in the blank: ____""

Example 1:
Phrase A assumes no counter-evidence against its claim: no_evident_not_easy_check-in.
Phrase B is a separate fact: customer_wait_10_minute_for_greet.
B breaks A's assumption? Fill in the blank: Yes

Example 2:
Phrase A assumes no counter-evidence against its claim: no_evident_not_easy_check-in.
Phrase B is a separate fact: no_one_give_key_on_late_check-in.
B breaks A's assumption? Fill in the blank: No

Example 3:
Phrase A assumes no counter-evidence against its claim: no_evident_not_helpful_staff.
Phrase B is a separate fact: staff_not_speak_English_properly.
B breaks A's assumption? Fill in the blank: Yes

Example 4:
Phrase A assumes no counter-evidence against its claim: no_evident_not_helpful_staff.
Phrase B is a separate fact: not_kind_staff.
B breaks A's assumption? Fill in the blank: No

Now complete the blank for this pair. Output ONLY the missing word (Yes or No), nothing else.

Phrase A assumes no counter-evidence against its claim: have_evident_pool_close.
Phrase B is a separate fact: park_wherever_you_find.
B breaks A's assumption? Fill in the blank:
",No
2026-08-16 22:52:51,3,4252,have_evident_not_encourage_to_use_relaxation_zone,dangerous_ramp,"Complete the sentence by filling in the blank with exactly one word: Yes or No.

Template: ""Phrase A assumes no counter-evidence against its claim. Phrase B is a separate fact.
B breaks A's assumption? Fill in the blank: ____""

Example 1:
Phrase A assumes no counter-evidence against its claim: no_evident_not_easy_check-in.
Phrase B is a separate fact: customer_wait_10_minute_for_greet.
B breaks A's assumption? Fill in the blank: Yes

Example 2:
Phrase A assumes no counter-evidence against its claim: no_evident_not_easy_check-in.
Phrase B is a separate fact: no_one_give_key_on_late_check-in.
B breaks A's assumption? Fill in the blank: No

Example 3:
Phrase A assumes no counter-evidence against its claim: no_evident_not_helpful_staff.
Phrase B is a separate fact: staff_not_speak_English_properly.
B breaks A's assumption? Fill in the blank: Yes

Example 4:
Phrase A assumes no counter-evidence against its claim: no_evident_not_helpful_staff.
Phrase B is a separate fact: not_kind_staff.
B breaks A's assumption? Fill in the blank: No

Now complete the blank for this pair. Output ONLY the missing word (Yes or No), nothing else.

Phrase A assumes no counter-evidence against its claim: have_evident_not_encourage_to_use_relaxation_zone.
Phrase B is a separate fact: dangerous_ramp.
B breaks A's assumption? Fill in the blank:
",No
2026-08-16 22:52:51,3,2279,have_evident_no_designated_parking,not_big_hotel,"Complete the sentence by filling in the blank with exactly one word: Yes or No.

Template: ""Phrase A assumes no counter-evidence against its claim. Phrase B is a separate fact.
B breaks A's assumption? Fill in the blank: ____""

Example 1:
Phrase A assumes no counter-evidence against its claim: no_evident_not_easy_check-in.
Phrase B is a separate fact: customer_wait_10_minute_for_greet.
B breaks A's assumption? Fill in the blank: Yes

Example 2:
Phrase A assumes no counter-evidence against its claim: no_evident_not_easy_check-in.
Phrase B is a separate fact: no_one_give_key_on_late_check-in.
B breaks A's assumption? Fill in the blank: No

Example 3:
Phrase A assumes no counter-evidence against its claim: no_evident_not_helpful_staff.
Phrase B is a separate fact: staff_not_speak_English_properly.
B breaks A's assumption? Fill in the blank: Yes

Example 4:
Phrase A assumes no counter-evidence against its claim: no_evident_not_helpful_staff.
Phrase B is a separate fact: not_kind_staff.
B breaks A's assumption? Fill in the blank: No

Now complete the blank for this pair. Output ONLY the missing word (Yes or No), nothing else.

Phrase A assumes no counter-evidence against its claim: have_evident_no_designated_parking.
Phrase B is a separate fact: not_big_hotel.
B breaks A's assumption? Fill in the blank:
",No
2026-08-16 22:52:52,3,1487,have_evident_need_renovation_in_lobby,not_convenient_parking,"Complete the sentence by filling in the blank with exactly one word: Yes or No.

Template: ""Phrase A assumes no counter-evidence against its claim. Phrase B is a separate fact.
B breaks A's assumption? Fill in the blank: ____""

Example 1:
Phrase A assumes no counter-evidence against its claim: no_evident_not_easy_check-in.
Phrase B is a separate fact: customer_wait_10_minute_for_greet.
B breaks A's assumption? Fill in the blank: Yes

Example 2:
Phrase A assumes no counter-evidence against its claim: no_evident_not_easy_check-in.
Phrase B is a separate fact: no_one_give_key_on_late_check-in.
B breaks A's assumption? Fill in the blank: No

Example 3:
Phrase A assumes no counter-evidence against its claim: no_evident_not_helpful_staff.
Phrase B is a separate fact: staff_not_speak_English_properly.
B breaks A's assumption? Fill in the blank: Yes

Example 4:
Phrase A assumes no counter-evidence against its claim: no_evident_not_helpful_staff.
Phrase B is a separate fact: not_kind_staff.
B breaks A's assumption? Fill in the blank: No

Now complete the blank for this pair. Output ONLY the missing word (Yes or No), nothing else.

Phrase A assumes no counter-evidence against its claim: have_evident_need_renovation_in_lobby.
Phrase B is a separate fact: not_convenient_parking.
B breaks A's assumption? Fill in the blank:
",No
2026-08-16 22:52:52,3,748,have_evident_difficult_to_find_parking,no_own_parking_lot,"Complete the sentence by filling in the blank with exactly one word: Yes or No.

Template: ""Phrase A assumes no counter-evidence against its claim. Phrase B is a separate fact.
B breaks A's assumption? Fill in the blank: ____""

Example 1:
Phrase A assumes no counter-evidence against its claim: no_evident_not_easy_check-in.
Phrase B is a separate fact: customer_wait_10_minute_for_greet.
B breaks A's assumption? Fill in the blank: Yes

Example 2:
Phrase A assumes no counter-evidence against its claim: no_evident_not_easy_check-in.
Phrase B is a separate fact: no_one_give_key_on_late_check-in.
B breaks A's assumption? Fill in the blank: No

Example 3:
Phrase A assumes no counter-evidence against its claim: no_evident_not_helpful_staff.
Phrase B is a separate fact: staff_not_speak_English_properly.
B breaks A's assumption? Fill in the blank: Yes

Example 4:
Phrase A assumes no counter-evidence against its claim: no_evident_not_helpful_staff.
Phrase B is a separate fact: not_kind_staff.
B breaks A's assumption? Fill in the blank: No

Now complete the blank for this pair. Output ONLY the missing word (Yes or No), nothing else.

Phrase A assumes no counter-evidence against its claim: have_evident_difficult_to_find_parking.
Phrase B is a separate fact: no_own_parking_lot.
B breaks A's assumption? Fill in the blank:
",No
2026-08-16 22:52:52,3,3851,have_evident_pool_close,hotel_not_accessible_to_wheelchair_as_it_said,"Complete the sentence by filling in the blank with exactly one word: Yes or No.

Template: ""Phrase A assumes no counter-evidence against its claim. Phrase B is a separate fact.
B breaks A's assumption? Fill in the blank: ____""

Example 1:
Phrase A assumes no counter-evidence against its claim: no_evident_not_easy_check-in.
Phrase B is a separate fact: customer_wait_10_minute_for_greet.
B breaks A's assumption? Fill in the blank: Yes

Example 2:
Phrase A assumes no counter-evidence against its claim: no_evident_not_easy_check-in.
Phrase B is a separate fact: no_one_give_key_on_late_check-in.
B breaks A's assumption? Fill in the blank: No

Example 3:
Phrase A assumes no counter-evidence against its claim: no_evident_not_helpful_staff.
Phrase B is a separate fact: staff_not_speak_English_properly.
B breaks A's assumption? Fill in the blank: Yes

Example 4:
Phrase A assumes no counter-evidence against its claim: no_evident_not_helpful_staff.
Phrase B is a separate fact: not_kind_staff.
B breaks A's assumption? Fill in the blank: No

Now complete the blank for this pair. Output ONLY the missing word (Yes or No), nothing else.

Phrase A assumes no counter-evidence against its claim: have_evident_pool_close.
Phrase B is a separate fact: hotel_not_accessible_to_wheelchair_as_it_said.
B breaks A's assumption? Fill in the blank:
",No
2026-08-16 22:52:52,3,2851,have_evident_feel_cold_inviting,issue_with_internet,"Complete the sentence by filling in the blank with exactly one word: Yes or No.

Template: ""Phrase A assumes no counter-evidence against its claim. Phrase B is a separate fact.
B breaks A's assumption? Fill in the blank: ____""

Example 1:
Phrase A assumes no counter-evidence against its claim: no_evident_not_easy_check-in.
Phrase B is a separate fact: customer_wait_10_minute_for_greet.
B breaks A's assumption? Fill in the blank: Yes

Example 2:
Phrase A assumes no counter-evidence against its claim: no_evident_not_easy_check-in.
Phrase B is a separate fact: no_one_give_key_on_late_check-in.
B breaks A's assumption? Fill in the blank: No

Example 3:
Phrase A assumes no counter-evidence against its claim: no_evident_not_helpful_staff.
Phrase B is a separate fact: staff_not_speak_English_properly.
B breaks A's assumption? Fill in the blank: Yes

Example 4:
Phrase A assumes no counter-evidence against its claim: no_evident_not_helpful_staff.
Phrase B is a separate fact: not_kind_staff.
B breaks A's assumption? Fill in the blank: No

Now complete the blank for this pair. Output ONLY the missing word (Yes or No), nothing else.

Phrase A assumes no counter-evidence against its claim: have_evident_feel_cold_inviting.
Phrase B is a separate fact: issue_with_internet.
B breaks A's assumption? Fill in the blank:
",No.
2026-08-16 22:52:52,3,2731,have_evident_no_pool_on_off_season,pool_could_be_cleaner,"Complete the sentence by filling in the blank with exactly one word: Yes or No.

Template: ""Phrase A assumes no counter-evidence against its claim. Phrase B is a separate fact.
B breaks A's assumption? Fill in the blank: ____""

Example 1:
Phrase A assumes no counter-evidence against its claim: no_evident_not_easy_check-in.
Phrase B is a separate fact: customer_wait_10_minute_for_greet.
B breaks A's assumption? Fill in the blank: Yes

Example 2:
Phrase A assumes no counter-evidence against its claim: no_evident_not_easy_check-in.
Phrase B is a separate fact: no_one_give_key_on_late_check-in.
B breaks A's assumption? Fill in the blank: No

Example 3:
Phrase A assumes no counter-evidence against its claim: no_evident_not_helpful_staff.
Phrase B is a separate fact: staff_not_speak_English_properly.
B breaks A's assumption? Fill in the blank: Yes

Example 4:
Phrase A assumes no counter-evidence against its claim: no_evident_not_helpful_staff.
Phrase B is a separate fact: not_kind_staff.
B breaks A's assumption? Fill in the blank: No

Now complete the blank for this pair. Output ONLY the missing word (Yes or No), nothing else.

Phrase A assumes no counter-evidence against its claim: have_evident_no_pool_on_off_season.
Phrase B is a separate fact: pool_could_be_cleaner.
B breaks A's assumption? Fill in the blank:
",No
2026-08-16 22:52:52,3,2631,have_evident_no_restaurant_on_off_season,cold_for_swim,"Complete the sentence by filling in the blank with exactly one word: Yes or No.

Template: ""Phrase A assumes no counter-evidence against its claim. Phrase B is a separate fact.
B breaks A's assumption? Fill in the blank: ____""

Example 1:
Phrase A assumes no counter-evidence against its claim: no_evident_not_easy_check-in.
Phrase B is a separate fact: customer_wait_10_minute_for_greet.
B breaks A's assumption? Fill in the blank: Yes

Example 2:
Phrase A assumes no counter-evidence against its claim: no_evident_not_easy_check-in.
Phrase B is a separate fact: no_one_give_key_on_late_check-in.
B breaks A's assumption? Fill in the blank: No

Example 3:
Phrase A assumes no counter-evidence against its claim: no_evident_not_helpful_staff.
Phrase B is a separate fact: staff_not_speak_English_properly.
B breaks A's assumption? Fill in the blank: Yes

Example 4:
Phrase A assumes no counter-evidence against its claim: no_evident_not_helpful_staff.
Phrase B is a separate fact: not_kind_staff.
B breaks A's assumption? Fill in the blank: No

Now complete the blank for this pair. Output ONLY the missing word (Yes or No), nothing else.

Phrase A assumes no counter-evidence against its claim: have_evident_no_restaurant_on_off_season.
Phrase B is a separate fact: cold_for_swim.
B breaks A's assumption? Fill in the blank:
",No
2026-08-16 22:52:52,3,857,have_evident_not_convenient_parking,little_parking_in_evening,"Complete the sentence by filling in the blank with exactly one word: Yes or No.

Template: ""Phrase A assumes no counter-evidence against its claim. Phrase B is a separate fact.
B breaks A's assumption? Fill in the blank: ____""

Example 1:
Phrase A assumes no counter-evidence against its claim: no_evident_not_easy_check-in.
Phrase B is a separate fact: customer_wait_10_minute_for_greet.
B breaks A's assumption? Fill in the blank: Yes

Example 2:
Phrase A assumes no counter-evidence against its claim: no_evident_not_easy_check-in.
Phrase B is a separate fact: no_one_give_key_on_late_check-in.
B breaks A's assumption? Fill in the blank: No

Example 3:
Phrase A assumes no counter-evidence against its claim: no_evident_not_helpful_staff.
Phrase B is a separate fact: staff_not_speak_English_properly.
B breaks A's assumption? Fill in the blank: Yes

Example 4:
Phrase A assumes no counter-evidence against its claim: no_evident_not_helpful_staff.
Phrase B is a separate fact: not_kind_staff.
B breaks A's assumption? Fill in the blank: No

Now complete the blank for this pair. Output ONLY the missing word (Yes or No), nothing else.

Phrase A assumes no counter-evidence against its claim: have_evident_not_convenient_parking.
Phrase B is a separate fact: little_parking_in_evening.
B breaks A's assumption? Fill in the blank:
",No
2026-08-16 22:52:53,3,1318,have_evident_not_much_parking,minimalistic_hotel,"Complete the sentence by filling in the blank with exactly one word: Yes or No.

Template: ""Phrase A assumes no counter-evidence against its claim. Phrase B is a separate fact.
B breaks A's assumption? Fill in the blank: ____""

Example 1:
Phrase A assumes no counter-evidence against its claim: no_evident_not_easy_check-in.
Phrase B is a separate fact: customer_wait_10_minute_for_greet.
B breaks A's assumption? Fill in the blank: Yes

Example 2:
Phrase A assumes no counter-evidence against its claim: no_evident_not_easy_check-in.
Phrase B is a separate fact: no_one_give_key_on_late_check-in.
B breaks A's assumption? Fill in the blank: No

Example 3:
Phrase A assumes no counter-evidence against its claim: no_evident_not_helpful_staff.
Phrase B is a separate fact: staff_not_speak_English_properly.
B breaks A's assumption? Fill in the blank: Yes

Example 4:
Phrase A assumes no counter-evidence against its claim: no_evident_not_helpful_staff.
Phrase B is a separate fact: not_kind_staff.
B breaks A's assumption? Fill in the blank: No

Now complete the blank for this pair. Output ONLY the missing word (Yes or No), nothing else.

Phrase A assumes no counter-evidence against its claim: have_evident_not_much_parking.
Phrase B is a separate fact: minimalistic_hotel.
B breaks A's assumption? Fill in the blank:
",No
2026-08-16 22:52:53,3,2702,have_evident_no_pool_on_off_season,pool_could_be_bigger,"Complete the sentence by filling in the blank with exactly one word: Yes or No.

Template: ""Phrase A assumes no counter-evidence against its claim. Phrase B is a separate fact.
B breaks A's assumption? Fill in the blank: ____""

Example 1:
Phrase A assumes no counter-evidence against its claim: no_evident_not_easy_check-in.
Phrase B is a separate fact: customer_wait_10_minute_for_greet.
B breaks A's assumption? Fill in the blank: Yes

Example 2:
Phrase A assumes no counter-evidence against its claim: no_evident_not_easy_check-in.
Phrase B is a separate fact: no_one_give_key_on_late_check-in.
B breaks A's assumption? Fill in the blank: No

Example 3:
Phrase A assumes no counter-evidence against its claim: no_evident_not_helpful_staff.
Phrase B is a separate fact: staff_not_speak_English_properly.
B breaks A's assumption? Fill in the blank: Yes

Example 4:
Phrase A assumes no counter-evidence against its claim: no_evident_not_helpful_staff.
Phrase B is a separate fact: not_kind_staff.
B breaks A's assumption? Fill in the blank: No

Now complete the blank for this pair. Output ONLY the missing word (Yes or No), nothing else.

Phrase A assumes no counter-evidence against its claim: have_evident_no_pool_on_off_season.
Phrase B is a separate fact: pool_could_be_bigger.
B breaks A's assumption? Fill in the blank:
",No
2026-08-16 22:52:53,3,4059,have_evident_dirty_swimming_pool,no_bar_on_off_season,"Complete the sentence by filling in the blank with exactly one word: Yes or No.

Template: ""Phrase A assumes no counter-evidence against its claim. Phrase B is a separate fact.
B breaks A's assumption? Fill in the blank: ____""

Example 1:
Phrase A assumes no counter-evidence against its claim: no_evident_not_easy_check-in.
Phrase B is a separate fact: customer_wait_10_minute_for_greet.
B breaks A's assumption? Fill in the blank: Yes

Example 2:
Phrase A assumes no counter-evidence against its claim: no_evident_not_easy_check-in.
Phrase B is a separate fact: no_one_give_key_on_late_check-in.
B breaks A's assumption? Fill in the blank: No

Example 3:
Phrase A assumes no counter-evidence against its claim: no_evident_not_helpful_staff.
Phrase B is a separate fact: staff_not_speak_English_properly.
B breaks A's assumption? Fill in the blank: Yes

Example 4:
Phrase A assumes no counter-evidence against its claim: no_evident_not_helpful_staff.
Phrase B is a separate fact: not_kind_staff.
B breaks A's assumption? Fill in the blank: No

Now complete the blank for this pair. Output ONLY the missing word (Yes or No), nothing else.

Phrase A assumes no counter-evidence against its claim: have_evident_dirty_swimming_pool.
Phrase B is a separate fact: no_bar_on_off_season.
B breaks A's assumption? Fill in the blank:
",No
2026-08-16 22:52:53,3,2362,have_evident_park_wherever_you_find,no_safety_strip_on_stair,"Complete the sentence by filling in the blank with exactly one word: Yes or No.

Template: ""Phrase A assumes no counter-evidence against its claim. Phrase B is a separate fact.
B breaks A's assumption? Fill in the blank: ____""

Example 1:
Phrase A assumes no counter-evidence against its claim: no_evident_not_easy_check-in.
Phrase B is a separate fact: customer_wait_10_minute_for_greet.
B breaks A's assumption? Fill in the blank: Yes

Example 2:
Phrase A assumes no counter-evidence against its claim: no_evident_not_easy_check-in.
Phrase B is a separate fact: no_one_give_key_on_late_check-in.
B breaks A's assumption? Fill in the blank: No

Example 3:
Phrase A assumes no counter-evidence against its claim: no_evident_not_helpful_staff.
Phrase B is a separate fact: staff_not_speak_English_properly.
B breaks A's assumption? Fill in the blank: Yes

Example 4:
Phrase A assumes no counter-evidence against its claim: no_evident_not_helpful_staff.
Phrase B is a separate fact: not_kind_staff.
B breaks A's assumption? Fill in the blank: No

Now complete the blank for this pair. Output ONLY the missing word (Yes or No), nothing else.

Phrase A assumes no counter-evidence against its claim: have_evident_park_wherever_you_find.
Phrase B is a separate fact: no_safety_strip_on_stair.
B breaks A's assumption? Fill in the blank:
",No
2026-08-16 22:52:53,3,3281,have_evident_not_accurate_pool_picture,not_encourage_to_use_swimming_pool,"Complete the sentence by filling in the blank with exactly one word: Yes or No.

Template: ""Phrase A assumes no counter-evidence against its claim. Phrase B is a separate fact.
B breaks A's assumption? Fill in the blank: ____""

Example 1:
Phrase A assumes no counter-evidence against its claim: no_evident_not_easy_check-in.
Phrase B is a separate fact: customer_wait_10_minute_for_greet.
B breaks A's assumption? Fill in the blank: Yes

Example 2:
Phrase A assumes no counter-evidence against its claim: no_evident_not_easy_check-in.
Phrase B is a separate fact: no_one_give_key_on_late_check-in.
B breaks A's assumption? Fill in the blank: No

Example 3:
Phrase A assumes no counter-evidence against its claim: no_evident_not_helpful_staff.
Phrase B is a separate fact: staff_not_speak_English_properly.
B breaks A's assumption? Fill in the blank: Yes

Example 4:
Phrase A assumes no counter-evidence against its claim: no_evident_not_helpful_staff.
Phrase B is a separate fact: not_kind_staff.
B breaks A's assumption? Fill in the blank: No

Now complete the blank for this pair. Output ONLY the missing word (Yes or No), nothing else.

Phrase A assumes no counter-evidence against its claim: have_evident_not_accurate_pool_picture.
Phrase B is a separate fact: not_encourage_to_use_swimming_pool.
B breaks A's assumption? Fill in the blank:
",No
2026-08-16 22:52:53,3,301,have_evident_not_easy_parking,limited_parking,"Complete the sentence by filling in the blank with exactly one word: Yes or No.

Template: ""Phrase A assumes no counter-evidence against its claim. Phrase B is a separate fact.
B breaks A's assumption? Fill in the blank: ____""

Example 1:
Phrase A assumes no counter-evidence against its claim: no_evident_not_easy_check-in.
Phrase B is a separate fact: customer_wait_10_minute_for_greet.
B breaks A's assumption? Fill in the blank: Yes

Example 2:
Phrase A assumes no counter-evidence against its claim: no_evident_not_easy_check-in.
Phrase B is a separate fact: no_one_give_key_on_late_check-in.
B breaks A's assumption? Fill in the blank: No

Example 3:
Phrase A assumes no counter-evidence against its claim: no_evident_not_helpful_staff.
Phrase B is a separate fact: staff_not_speak_English_properly.
B breaks A's assumption? Fill in the blank: Yes

Example 4:
Phrase A assumes no counter-evidence against its claim: no_evident_not_helpful_staff.
Phrase B is a separate fact: not_kind_staff.
B breaks A's assumption? Fill in the blank: No

Now complete the blank for this pair. Output ONLY the missing word (Yes or No), nothing else.

Phrase A assumes no counter-evidence against its claim: have_evident_not_easy_parking.
Phrase B is a separate fact: limited_parking.
B breaks A's assumption? Fill in the blank:
",No
2026-08-16 22:52:53,3,3726,have_evident_need_improvement_reception,no_pool_on_off_season,"Complete the sentence by filling in the blank with exactly one word: Yes or No.

Template: ""Phrase A assumes no counter-evidence against its claim. Phrase B is a separate fact.
B breaks A's assumption? Fill in the blank: ____""

Example 1:
Phrase A assumes no counter-evidence against its claim: no_evident_not_easy_check-in.
Phrase B is a separate fact: customer_wait_10_minute_for_greet.
B breaks A's assumption? Fill in the blank: Yes

Example 2:
Phrase A assumes no counter-evidence against its claim: no_evident_not_easy_check-in.
Phrase B is a separate fact: no_one_give_key_on_late_check-in.
B breaks A's assumption? Fill in the blank: No

Example 3:
Phrase A assumes no counter-evidence against its claim: no_evident_not_helpful_staff.
Phrase B is a separate fact: staff_not_speak_English_properly.
B breaks A's assumption? Fill in the blank: Yes

Example 4:
Phrase A assumes no counter-evidence against its claim: no_evident_not_helpful_staff.
Phrase B is a separate fact: not_kind_staff.
B breaks A's assumption? Fill in the blank: No

Now complete the blank for this pair. Output ONLY the missing word (Yes or No), nothing else.

Phrase A assumes no counter-evidence against its claim: have_evident_need_improvement_reception.
Phrase B is a separate fact: no_pool_on_off_season.
B breaks A's assumption? Fill in the blank:
",No
2026-08-16 22:52:54,3,722,have_evident_no_own_parking_lot,has_parking_if_lucky,"Complete the sentence by filling in the blank with exactly one word: Yes or No.

Template: ""Phrase A assumes no counter-evidence against its claim. Phrase B is a separate fact.
B breaks A's assumption? Fill in the blank: ____""

Example 1:
Phrase A assumes no counter-evidence against its claim: no_evident_not_easy_check-in.
Phrase B is a separate fact: customer_wait_10_minute_for_greet.
B breaks A's assumption? Fill in the blank: Yes

Example 2:
Phrase A assumes no counter-evidence against its claim: no_evident_not_easy_check-in.
Phrase B is a separate fact: no_one_give_key_on_late_check-in.
B breaks A's assumption? Fill in the blank: No

Example 3:
Phrase A assumes no counter-evidence against its claim: no_evident_not_helpful_staff.
Phrase B is a separate fact: staff_not_speak_English_properly.
B breaks A's assumption? Fill in the blank: Yes

Example 4:
Phrase A assumes no counter-evidence against its claim: no_evident_not_helpful_staff.
Phrase B is a separate fact: not_kind_staff.
B breaks A's assumption? Fill in the blank: No

Now complete the blank for this pair. Output ONLY the missing word (Yes or No), nothing else.

Phrase A assumes no counter-evidence against its claim: have_evident_no_own_parking_lot.
Phrase B is a separate fact: has_parking_if_lucky.
B breaks A's assumption? Fill in the blank:
",No
