Timestamp,Run,ID,PhraseA,PhraseB,Prompt,RawOutput
2026-08-10 22:48:53,3,205,no_evident_not_beyond_expectation,staff_not_understand_English_well,"Is phrase B contrary to phrase A? Answer exactly 'Yes' or 'No' only. Do not provide any extra text.

[Question] Phrase B is staff_not_understand_English_well. Phrase A is no_evident_not_beyond_expectation.
",Yes
2026-08-10 22:48:53,3,913,no_evident_not_friendly_personal_staff,staff_mistakenly_throw_valuable_item_during_cleaning_service,"Is phrase B contrary to phrase A? Answer exactly 'Yes' or 'No' only. Do not provide any extra text.

[Question] Phrase B is staff_mistakenly_throw_valuable_item_during_cleaning_service. Phrase A is no_evident_not_friendly_personal_staff.
",No
2026-08-10 22:48:53,3,1829,no_evident_not_informative,offended_staff,"Is phrase B contrary to phrase A? Answer exactly 'Yes' or 'No' only. Do not provide any extra text.

[Question] Phrase B is offended_staff. Phrase A is no_evident_not_informative.
",Yes
2026-08-10 22:48:53,3,6075,no_evident_not_staff_prepare_roof_garden,staff_should_learn_better_English,"Is phrase B contrary to phrase A? Answer exactly 'Yes' or 'No' only. Do not provide any extra text.

[Question] Phrase B is staff_should_learn_better_English. Phrase A is no_evident_not_staff_prepare_roof_garden.
",Yes
2026-08-10 22:48:53,3,2007,no_evident_not_eager_to_help,staff_need_keep_update,"Is phrase B contrary to phrase A? Answer exactly 'Yes' or 'No' only. Do not provide any extra text.

[Question] Phrase B is staff_need_keep_update. Phrase A is no_evident_not_eager_to_help.
",Yes
2026-08-10 22:48:53,3,5239,no_evident_not_staff_give_pleasant_feeling,staff_has_unaceptable_manner,"Is phrase B contrary to phrase A? Answer exactly 'Yes' or 'No' only. Do not provide any extra text.

[Question] Phrase B is staff_has_unaceptable_manner. Phrase A is no_evident_not_staff_give_pleasant_feeling.
",Yes
2026-08-10 22:48:53,3,2254,no_evident_not_happy_to_help_any_situation,only_one_staff_wear_mask,"Is phrase B contrary to phrase A? Answer exactly 'Yes' or 'No' only. Do not provide any extra text.

[Question] Phrase B is only_one_staff_wear_mask. Phrase A is no_evident_not_happy_to_help_any_situation.
",Yes
2026-08-10 22:48:53,3,1144,no_evident_not_impeccable_service,staff_not_provide_good_solution,"Is phrase B contrary to phrase A? Answer exactly 'Yes' or 'No' only. Do not provide any extra text.

[Question] Phrase B is staff_not_provide_good_solution. Phrase A is no_evident_not_impeccable_service.
",Yes
2026-08-10 22:48:54,3,6034,no_evident_not_staff_prepare_pool,no_empathy_staff,"Is phrase B contrary to phrase A? Answer exactly 'Yes' or 'No' only. Do not provide any extra text.

[Question] Phrase B is no_empathy_staff. Phrase A is no_evident_not_staff_prepare_pool.
",No
2026-08-10 22:48:54,3,840,no_evident_not_staff_alway_assist,offended_staff,"Is phrase B contrary to phrase A? Answer exactly 'Yes' or 'No' only. Do not provide any extra text.

[Question] Phrase B is offended_staff. Phrase A is no_evident_not_staff_alway_assist.
",Yes
2026-08-10 22:48:55,3,5544,no_evident_not_staff_solve_problem_instantly,staff_not_speak_English_properly,"Is phrase B contrary to phrase A? Answer exactly 'Yes' or 'No' only. Do not provide any extra text.

[Question] Phrase B is staff_not_speak_English_properly. Phrase A is no_evident_not_staff_solve_problem_instantly.
",No
2026-08-10 22:48:55,3,6068,no_evident_not_staff_prepare_play_room,staff_not_speak_Cypriot_language,"Is phrase B contrary to phrase A? Answer exactly 'Yes' or 'No' only. Do not provide any extra text.

[Question] Phrase B is staff_not_speak_Cypriot_language. Phrase A is no_evident_not_staff_prepare_play_room.
",No
2026-08-10 22:48:55,3,4468,no_evident_not_can_speak_Arabic,staff_need_keep_update,"Is phrase B contrary to phrase A? Answer exactly 'Yes' or 'No' only. Do not provide any extra text.

[Question] Phrase B is staff_need_keep_update. Phrase A is no_evident_not_can_speak_Arabic.
",Yes
2026-08-10 22:48:55,3,713,no_evident_not_warm_welcome_staff,only_one_staff_wear_mask,"Is phrase B contrary to phrase A? Answer exactly 'Yes' or 'No' only. Do not provide any extra text.

[Question] Phrase B is only_one_staff_wear_mask. Phrase A is no_evident_not_warm_welcome_staff.
",Yes
2026-08-10 22:48:55,3,4838,no_evident_not_staff_settle_early,no_empathy_staff,"Is phrase B contrary to phrase A? Answer exactly 'Yes' or 'No' only. Do not provide any extra text.

[Question] Phrase B is no_empathy_staff. Phrase A is no_evident_not_staff_settle_early.
",Yes
2026-08-10 22:48:55,3,3457,no_evident_not_staff_make_hotel_great,not_kind_staff,"Is phrase B contrary to phrase A? Answer exactly 'Yes' or 'No' only. Do not provide any extra text.

[Question] Phrase B is not_kind_staff. Phrase A is no_evident_not_staff_make_hotel_great.
",Yes
2026-08-10 22:48:56,3,261,no_evident_not_friendly_staff,no_empathy_staff,"Is phrase B contrary to phrase A? Answer exactly 'Yes' or 'No' only. Do not provide any extra text.

[Question] Phrase B is no_empathy_staff. Phrase A is no_evident_not_friendly_staff.
",Yes
2026-08-10 22:48:56,3,245,no_evident_not_friendliest_staff,staff_enforce_cancellation_charge,"Is phrase B contrary to phrase A? Answer exactly 'Yes' or 'No' only. Do not provide any extra text.

[Question] Phrase B is staff_enforce_cancellation_charge. Phrase A is no_evident_not_friendliest_staff.
",No
2026-08-10 22:48:56,3,768,no_evident_not_good_service,staff_fail_to_communicate_with_taxi,"Is phrase B contrary to phrase A? Answer exactly 'Yes' or 'No' only. Do not provide any extra text.

[Question] Phrase B is staff_fail_to_communicate_with_taxi. Phrase A is no_evident_not_good_service.
",Yes
2026-08-10 22:48:56,3,1792,no_evident_not_superb_service,staff_not_understand_English_well,"Is phrase B contrary to phrase A? Answer exactly 'Yes' or 'No' only. Do not provide any extra text.

[Question] Phrase B is staff_not_understand_English_well. Phrase A is no_evident_not_superb_service.
",Yes
2026-08-10 22:48:56,3,1906,no_evident_not_lend_adaptor,no_staff_at_night,"Is phrase B contrary to phrase A? Answer exactly 'Yes' or 'No' only. Do not provide any extra text.

[Question] Phrase B is no_staff_at_night. Phrase A is no_evident_not_lend_adaptor.
",No
2026-08-10 22:48:56,3,4140,no_evident_not_staff_order_taxi,only_one_staff_wear_mask,"Is phrase B contrary to phrase A? Answer exactly 'Yes' or 'No' only. Do not provide any extra text.

[Question] Phrase B is only_one_staff_wear_mask. Phrase A is no_evident_not_staff_order_taxi.
",Yes
2026-08-10 22:48:56,3,4932,no_evident_not_staff_help_find_rental_car,staff_fail_to_guest_request,"Is phrase B contrary to phrase A? Answer exactly 'Yes' or 'No' only. Do not provide any extra text.

[Question] Phrase B is staff_fail_to_guest_request. Phrase A is no_evident_not_staff_help_find_rental_car.
",Yes
2026-08-10 22:48:56,3,218,no_evident_not_staff_take_time_to_explain,staff_cannot_provide_double_bed,"Is phrase B contrary to phrase A? Answer exactly 'Yes' or 'No' only. Do not provide any extra text.

[Question] Phrase B is staff_cannot_provide_double_bed. Phrase A is no_evident_not_staff_take_time_to_explain.
",No
2026-08-10 22:48:57,3,4598,no_evident_not_staff_agree_to_every_request,staff_not_understand_English_well,"Is phrase B contrary to phrase A? Answer exactly 'Yes' or 'No' only. Do not provide any extra text.

[Question] Phrase B is staff_not_understand_English_well. Phrase A is no_evident_not_staff_agree_to_every_request.
",Yes
2026-08-10 22:48:57,3,1629,no_evident_not_pleasant_staff,staff_not_speak_Cypriot_language,"Is phrase B contrary to phrase A? Answer exactly 'Yes' or 'No' only. Do not provide any extra text.

[Question] Phrase B is staff_not_speak_Cypriot_language. Phrase A is no_evident_not_pleasant_staff.
",Yes
2026-08-10 22:48:57,3,5866,no_evident_not_cordial_staff,staff_not_speak_English_properly,"Is phrase B contrary to phrase A? Answer exactly 'Yes' or 'No' only. Do not provide any extra text.

[Question] Phrase B is staff_not_speak_English_properly. Phrase A is no_evident_not_cordial_staff.
",Yes
2026-08-10 22:48:57,3,5324,no_evident_not_staff_wait_for_check-in_at_3am,staff_cannot_provide_double_bed,"Is phrase B contrary to phrase A? Answer exactly 'Yes' or 'No' only. Do not provide any extra text.

[Question] Phrase B is staff_cannot_provide_double_bed. Phrase A is no_evident_not_staff_wait_for_check-in_at_3am.
",No
2026-08-10 22:48:57,3,5746,no_evident_not_super_service_staff,staff_not_speak_Cypriot_language,"Is phrase B contrary to phrase A? Answer exactly 'Yes' or 'No' only. Do not provide any extra text.

[Question] Phrase B is staff_not_speak_Cypriot_language. Phrase A is no_evident_not_super_service_staff.
",No
2026-08-10 22:48:57,3,4465,no_evident_not_can_speak_Arabic,staff_should_learn_better_English,"Is phrase B contrary to phrase A? Answer exactly 'Yes' or 'No' only. Do not provide any extra text.

[Question] Phrase B is staff_should_learn_better_English. Phrase A is no_evident_not_can_speak_Arabic.
",Yes
2026-08-10 22:48:57,3,3437,no_evident_not_grateful_for_staff,staff_fail_to_guest_request,"Is phrase B contrary to phrase A? Answer exactly 'Yes' or 'No' only. Do not provide any extra text.

[Question] Phrase B is staff_fail_to_guest_request. Phrase A is no_evident_not_grateful_for_staff.
",Yes
2026-08-10 22:48:58,3,1806,no_evident_not_reachable_staff,offended_staff,"Is phrase B contrary to phrase A? Answer exactly 'Yes' or 'No' only. Do not provide any extra text.

[Question] Phrase B is offended_staff. Phrase A is no_evident_not_reachable_staff.
",Yes
2026-08-10 22:48:58,3,3680,no_evident_not_happy_staff,only_one_staff_wear_mask,"Is phrase B contrary to phrase A? Answer exactly 'Yes' or 'No' only. Do not provide any extra text.

[Question] Phrase B is only_one_staff_wear_mask. Phrase A is no_evident_not_happy_staff.
",Yes
2026-08-10 22:48:58,3,4828,no_evident_not_staff_speak_French,staff_not_understand_English_well,"Is phrase B contrary to phrase A? Answer exactly 'Yes' or 'No' only. Do not provide any extra text.

[Question] Phrase B is staff_not_understand_English_well. Phrase A is no_evident_not_staff_speak_French.
",Yes
2026-08-10 22:48:59,3,2279,no_evident_not_staff_recommend_place_to_visit,staff_clean_after_complaint,"Is phrase B contrary to phrase A? Answer exactly 'Yes' or 'No' only. Do not provide any extra text.

[Question] Phrase B is staff_clean_after_complaint. Phrase A is no_evident_not_staff_recommend_place_to_visit.
",No
2026-08-10 22:48:59,3,54,no_evident_not_nice_staff,no_empathy_staff,"Is phrase B contrary to phrase A? Answer exactly 'Yes' or 'No' only. Do not provide any extra text.

[Question] Phrase B is no_empathy_staff. Phrase A is no_evident_not_nice_staff.
",Yes
2026-08-10 22:48:59,3,6217,no_evident_not_willingness_staff,not_kind_staff,"Is phrase B contrary to phrase A? Answer exactly 'Yes' or 'No' only. Do not provide any extra text.

[Question] Phrase B is not_kind_staff. Phrase A is no_evident_not_willingness_staff.
",Yes
2026-08-10 22:48:59,3,1308,no_evident_not_stored_luggage_for_us,no_staff_at_night,"Is phrase B contrary to phrase A? Answer exactly 'Yes' or 'No' only. Do not provide any extra text.

[Question] Phrase B is no_staff_at_night. Phrase A is no_evident_not_stored_luggage_for_us.
",No
2026-08-10 22:48:59,3,5720,no_evident_not_sympathy_of_restaurant_staff,staff_mistakenly_throw_valuable_item_during_cleaning_service,"Is phrase B contrary to phrase A? Answer exactly 'Yes' or 'No' only. Do not provide any extra text.

[Question] Phrase B is staff_mistakenly_throw_valuable_item_during_cleaning_service. Phrase A is no_evident_not_sympathy_of_restaurant_staff.
",No
2026-08-10 22:48:59,3,3463,no_evident_not_staff_make_hotel_great,staff_not_justify_booking_issue,"Is phrase B contrary to phrase A? Answer exactly 'Yes' or 'No' only. Do not provide any extra text.

[Question] Phrase B is staff_not_justify_booking_issue. Phrase A is no_evident_not_staff_make_hotel_great.
",No
2026-08-10 22:49:00,3,2788,no_evident_not_brilliant_communication_prior_arrival,staff_need_improve_collaboration,"Is phrase B contrary to phrase A? Answer exactly 'Yes' or 'No' only. Do not provide any extra text.

[Question] Phrase B is staff_need_improve_collaboration. Phrase A is no_evident_not_brilliant_communication_prior_arrival.
",Yes
2026-08-10 22:49:00,3,2277,no_evident_not_happy_to_help_any_question,only_one_staff_wear_mask,"Is phrase B contrary to phrase A? Answer exactly 'Yes' or 'No' only. Do not provide any extra text.

[Question] Phrase B is only_one_staff_wear_mask. Phrase A is no_evident_not_happy_to_help_any_question.
",Yes
2026-08-10 22:49:00,3,1274,no_evident_not_staff_quick_check-in,staff_fail_to_communicate_with_taxi,"Is phrase B contrary to phrase A? Answer exactly 'Yes' or 'No' only. Do not provide any extra text.

[Question] Phrase B is staff_fail_to_communicate_with_taxi. Phrase A is no_evident_not_staff_quick_check-in.
",Yes
2026-08-10 22:49:00,3,6255,no_evident_not_warm_service_staff,staff_cannot_give_bus_to_airport_information,"Is phrase B contrary to phrase A? Answer exactly 'Yes' or 'No' only. Do not provide any extra text.

[Question] Phrase B is staff_cannot_give_bus_to_airport_information. Phrase A is no_evident_not_warm_service_staff.
",Yes
2026-08-10 22:49:00,3,1764,no_evident_not_attentive_staff,staff_mistakenly_throw_valuable_item_during_cleaning_service,"Is phrase B contrary to phrase A? Answer exactly 'Yes' or 'No' only. Do not provide any extra text.

[Question] Phrase B is staff_mistakenly_throw_valuable_item_during_cleaning_service. Phrase A is no_evident_not_attentive_staff.
",Yes
2026-08-10 22:49:00,3,2758,no_evident_not_good_communication,staff_not_understand_English_well,"Is phrase B contrary to phrase A? Answer exactly 'Yes' or 'No' only. Do not provide any extra text.

[Question] Phrase B is staff_not_understand_English_well. Phrase A is no_evident_not_good_communication.
",Yes
2026-08-10 22:49:00,3,838,no_evident_not_staff_alway_assist,staff_fail_to_guest_request,"Is phrase B contrary to phrase A? Answer exactly 'Yes' or 'No' only. Do not provide any extra text.

[Question] Phrase B is staff_fail_to_guest_request. Phrase A is no_evident_not_staff_alway_assist.
",Yes
2026-08-10 22:49:00,3,760,no_evident_not_good_service,staff_not_speak_English_properly,"Is phrase B contrary to phrase A? Answer exactly 'Yes' or 'No' only. Do not provide any extra text.

[Question] Phrase B is staff_not_speak_English_properly. Phrase A is no_evident_not_good_service.
",Yes
2026-08-10 22:49:01,3,3113,no_evident_not_can_borrow_luggage_scale,no_empathy_staff,"Is phrase B contrary to phrase A? Answer exactly 'Yes' or 'No' only. Do not provide any extra text.

[Question] Phrase B is no_empathy_staff. Phrase A is no_evident_not_can_borrow_luggage_scale.
",Yes
2026-08-10 22:49:01,3,793,no_evident_not_staff_reach_out_when_reception_close,staff_cannot_provide_double_bed,"Is phrase B contrary to phrase A? Answer exactly 'Yes' or 'No' only. Do not provide any extra text.

[Question] Phrase B is staff_cannot_provide_double_bed. Phrase A is no_evident_not_staff_reach_out_when_reception_close.
",No
2026-08-10 22:49:01,3,2941,no_evident_not_best_staff_ever,no_staff_at_night,"Is phrase B contrary to phrase A? Answer exactly 'Yes' or 'No' only. Do not provide any extra text.

[Question] Phrase B is no_staff_at_night. Phrase A is no_evident_not_best_staff_ever.
",Yes
2026-08-10 22:49:01,3,2818,no_evident_not_staff_nothing_too_much_for_them,offended_staff,"Is phrase B contrary to phrase A? Answer exactly 'Yes' or 'No' only. Do not provide any extra text.

[Question] Phrase B is offended_staff. Phrase A is no_evident_not_staff_nothing_too_much_for_them.
",Yes
2026-08-10 22:49:01,3,4946,no_evident_not_accompanying_staff,staff_not_speak_English_properly,"Is phrase B contrary to phrase A? Answer exactly 'Yes' or 'No' only. Do not provide any extra text.

[Question] Phrase B is staff_not_speak_English_properly. Phrase A is no_evident_not_accompanying_staff.
",Yes
2026-08-10 22:49:01,3,2167,no_evident_not_happy_to_help_with_Covid_restriction,staff_need_improve_collaboration,"Is phrase B contrary to phrase A? Answer exactly 'Yes' or 'No' only. Do not provide any extra text.

[Question] Phrase B is staff_need_improve_collaboration. Phrase A is no_evident_not_happy_to_help_with_Covid_restriction.
",Yes
2026-08-10 22:49:01,3,356,no_evident_not_welcoming_staff,staff_cannot_provide_double_bed,"Is phrase B contrary to phrase A? Answer exactly 'Yes' or 'No' only. Do not provide any extra text.

[Question] Phrase B is staff_cannot_provide_double_bed. Phrase A is no_evident_not_welcoming_staff.
",No
2026-08-10 22:49:02,3,5978,no_evident_not_staff_explain,staff_not_understand_English_well,"Is phrase B contrary to phrase A? Answer exactly 'Yes' or 'No' only. Do not provide any extra text.

[Question] Phrase B is staff_not_understand_English_well. Phrase A is no_evident_not_staff_explain.
",Yes
2026-08-10 22:49:02,3,3764,no_evident_not_competent_staff,staff_enforce_cancellation_charge,"Is phrase B contrary to phrase A? Answer exactly 'Yes' or 'No' only. Do not provide any extra text.

[Question] Phrase B is staff_enforce_cancellation_charge. Phrase A is no_evident_not_competent_staff.
",Yes
2026-08-10 22:49:02,3,4393,no_evident_not_staff_alway_available_to_satisfy_you,only_one_staff_wear_mask,"Is phrase B contrary to phrase A? Answer exactly 'Yes' or 'No' only. Do not provide any extra text.

[Question] Phrase B is only_one_staff_wear_mask. Phrase A is no_evident_not_staff_alway_available_to_satisfy_you.
",Yes
2026-08-10 22:49:02,3,1023,no_evident_not_staff_email_to_ask_arriving_time,staff_cannot_provide_double_bed,"Is phrase B contrary to phrase A? Answer exactly 'Yes' or 'No' only. Do not provide any extra text.

[Question] Phrase B is staff_cannot_provide_double_bed. Phrase A is no_evident_not_staff_email_to_ask_arriving_time.
",No
2026-08-10 22:49:03,3,3101,no_evident_not_can_borrow_converter,staff_not_speak_Cypriot_language,"Is phrase B contrary to phrase A? Answer exactly 'Yes' or 'No' only. Do not provide any extra text.

[Question] Phrase B is staff_not_speak_Cypriot_language. Phrase A is no_evident_not_can_borrow_converter.
",No
2026-08-10 22:49:03,3,646,no_evident_not_staff_explain_information_clearly,staff_clean_after_complaint,"Is phrase B contrary to phrase A? Answer exactly 'Yes' or 'No' only. Do not provide any extra text.

[Question] Phrase B is staff_clean_after_complaint. Phrase A is no_evident_not_staff_explain_information_clearly.
",No
2026-08-10 22:49:03,3,4523,no_evident_not_kind_hospitality_staff,staff_enforce_cancellation_charge,"Is phrase B contrary to phrase A? Answer exactly 'Yes' or 'No' only. Do not provide any extra text.

[Question] Phrase B is staff_enforce_cancellation_charge. Phrase A is no_evident_not_kind_hospitality_staff.
",Yes
2026-08-10 22:49:03,3,2402,no_evident_not_glad_to_help,staff_fail_to_guest_request,"Is phrase B contrary to phrase A? Answer exactly 'Yes' or 'No' only. Do not provide any extra text.

[Question] Phrase B is staff_fail_to_guest_request. Phrase A is no_evident_not_glad_to_help.
",Yes
2026-08-10 22:49:03,3,5150,no_evident_not_greeting_with_smile,staff_not_understand_English_well,"Is phrase B contrary to phrase A? Answer exactly 'Yes' or 'No' only. Do not provide any extra text.

[Question] Phrase B is staff_not_understand_English_well. Phrase A is no_evident_not_greeting_with_smile.
",Yes
2026-08-10 22:49:03,3,5067,no_evident_not_staff_take_care_well-being_of_guest,not_kind_staff,"Is phrase B contrary to phrase A? Answer exactly 'Yes' or 'No' only. Do not provide any extra text.

[Question] Phrase B is not_kind_staff. Phrase A is no_evident_not_staff_take_care_well-being_of_guest.
",Yes
2026-08-10 22:49:04,3,2963,no_evident_not_pleased_by_staff,staff_not_speak_Cypriot_language,"Is phrase B contrary to phrase A? Answer exactly 'Yes' or 'No' only. Do not provide any extra text.

[Question] Phrase B is staff_not_speak_Cypriot_language. Phrase A is no_evident_not_pleased_by_staff.
",Yes
2026-08-10 22:49:04,3,4730,no_evident_not_staff_left_clear_information_for_arrival,staff_enforce_cancellation_charge,"Is phrase B contrary to phrase A? Answer exactly 'Yes' or 'No' only. Do not provide any extra text.

[Question] Phrase B is staff_enforce_cancellation_charge. Phrase A is no_evident_not_staff_left_clear_information_for_arrival.
",No
2026-08-10 22:49:04,3,1576,no_evident_not_staff_offer_drink,offended_staff,"Is phrase B contrary to phrase A? Answer exactly 'Yes' or 'No' only. Do not provide any extra text.

[Question] Phrase B is offended_staff. Phrase A is no_evident_not_staff_offer_drink.
",Yes
2026-08-10 22:49:04,3,5772,no_evident_not_staff_help_immediately_with_adapter,staff_cannot_give_bus_to_airport_information,"Is phrase B contrary to phrase A? Answer exactly 'Yes' or 'No' only. Do not provide any extra text.

[Question] Phrase B is staff_cannot_give_bus_to_airport_information. Phrase A is no_evident_not_staff_help_immediately_with_adapter.
",No
2026-08-10 22:49:04,3,570,no_evident_not_wonderful_staff,staff_has_unaceptable_manner,"Is phrase B contrary to phrase A? Answer exactly 'Yes' or 'No' only. Do not provide any extra text.

[Question] Phrase B is staff_has_unaceptable_manner. Phrase A is no_evident_not_wonderful_staff.
",Yes
2026-08-10 22:49:04,3,376,no_evident_not_staff_make_like_staying_with_family,no_empathy_staff,"Is phrase B contrary to phrase A? Answer exactly 'Yes' or 'No' only. Do not provide any extra text.

[Question] Phrase B is no_empathy_staff. Phrase A is no_evident_not_staff_make_like_staying_with_family.
",Yes
2026-08-10 22:49:04,3,5418,no_evident_not_staff_give_early_check-out,staff_not_justify_booking_issue,"Is phrase B contrary to phrase A? Answer exactly 'Yes' or 'No' only. Do not provide any extra text.

[Question] Phrase B is staff_not_justify_booking_issue. Phrase A is no_evident_not_staff_give_early_check-out.
",Yes
2026-08-10 22:49:05,3,1867,no_evident_not_5_star_service,staff_need_improve_organization,"Is phrase B contrary to phrase A? Answer exactly 'Yes' or 'No' only. Do not provide any extra text.

[Question] Phrase B is staff_need_improve_organization. Phrase A is no_evident_not_5_star_service.
",Yes
2026-08-10 22:49:05,3,2371,no_evident_not_alway_smile,staff_clean_after_complaint,"Is phrase B contrary to phrase A? Answer exactly 'Yes' or 'No' only. Do not provide any extra text.

[Question] Phrase B is staff_clean_after_complaint. Phrase A is no_evident_not_alway_smile.
",No
2026-08-10 22:49:05,3,654,no_evident_not_staff_explain_information_clearly,staff_fail_to_guest_request,"Is phrase B contrary to phrase A? Answer exactly 'Yes' or 'No' only. Do not provide any extra text.

[Question] Phrase B is staff_fail_to_guest_request. Phrase A is no_evident_not_staff_explain_information_clearly.
",Yes
2026-08-10 22:49:05,3,1908,no_evident_not_lend_adaptor,staff_cannot_give_bus_to_airport_information,"Is phrase B contrary to phrase A? Answer exactly 'Yes' or 'No' only. Do not provide any extra text.

[Question] Phrase B is staff_cannot_give_bus_to_airport_information. Phrase A is no_evident_not_lend_adaptor.
",No
2026-08-10 22:49:05,3,828,no_evident_not_lovely_smiling_staff,only_one_staff_wear_mask,"Is phrase B contrary to phrase A? Answer exactly 'Yes' or 'No' only. Do not provide any extra text.

[Question] Phrase B is only_one_staff_wear_mask. Phrase A is no_evident_not_lovely_smiling_staff.
",Yes
2026-08-10 22:49:05,3,3114,no_evident_not_can_borrow_luggage_scale,staff_fail_to_communicate_with_taxi,"Is phrase B contrary to phrase A? Answer exactly 'Yes' or 'No' only. Do not provide any extra text.

[Question] Phrase B is staff_fail_to_communicate_with_taxi. Phrase A is no_evident_not_can_borrow_luggage_scale.
",No
2026-08-10 22:49:05,3,2278,no_evident_not_staff_recommend_place_to_visit,staff_not_speak_English_properly,"Is phrase B contrary to phrase A? Answer exactly 'Yes' or 'No' only. Do not provide any extra text.

[Question] Phrase B is staff_not_speak_English_properly. Phrase A is no_evident_not_staff_recommend_place_to_visit.
",Yes
2026-08-10 22:49:06,3,3715,no_evident_not_knowledgeable_staff,offended_staff,"Is phrase B contrary to phrase A? Answer exactly 'Yes' or 'No' only. Do not provide any extra text.

[Question] Phrase B is offended_staff. Phrase A is no_evident_not_knowledgeable_staff.
",Yes
2026-08-10 22:49:06,3,5208,no_evident_not_staff_no_charge_lost_room_ticket,staff_fail_to_guest_request,"Is phrase B contrary to phrase A? Answer exactly 'Yes' or 'No' only. Do not provide any extra text.

[Question] Phrase B is staff_fail_to_guest_request. Phrase A is no_evident_not_staff_no_charge_lost_room_ticket.
",Yes
2026-08-10 22:49:06,3,2989,no_evident_not_staff_help_with_taxi,staff_cannot_give_bus_to_airport_information,"Is phrase B contrary to phrase A? Answer exactly 'Yes' or 'No' only. Do not provide any extra text.

[Question] Phrase B is staff_cannot_give_bus_to_airport_information. Phrase A is no_evident_not_staff_help_with_taxi.
",Yes
2026-08-10 22:49:06,3,1333,no_evident_not_staff_call_taxi_for_us,staff_cannot_give_bus_to_airport_information,"Is phrase B contrary to phrase A? Answer exactly 'Yes' or 'No' only. Do not provide any extra text.

[Question] Phrase B is staff_cannot_give_bus_to_airport_information. Phrase A is no_evident_not_staff_call_taxi_for_us.
",Yes
2026-08-10 22:49:06,3,3033,no_evident_not_staff_facilitate_shuttle_service_from_airport,no_staff_at_night,"Is phrase B contrary to phrase A? Answer exactly 'Yes' or 'No' only. Do not provide any extra text.

[Question] Phrase B is no_staff_at_night. Phrase A is no_evident_not_staff_facilitate_shuttle_service_from_airport.
",Yes
2026-08-10 22:49:06,3,2911,no_evident_not_great_hospitality_staff,staff_not_justify_booking_issue,"Is phrase B contrary to phrase A? Answer exactly 'Yes' or 'No' only. Do not provide any extra text.

[Question] Phrase B is staff_not_justify_booking_issue. Phrase A is no_evident_not_great_hospitality_staff.
",Yes
2026-08-10 22:49:07,3,1717,no_evident_not_big_smile,staff_enforce_cancellation_charge,"Is phrase B contrary to phrase A? Answer exactly 'Yes' or 'No' only. Do not provide any extra text.

[Question] Phrase B is staff_enforce_cancellation_charge. Phrase A is no_evident_not_big_smile.
",No
2026-08-10 22:49:07,3,5491,no_evident_not_staff_pick_up_at_bus_stop,staff_not_provide_good_solution,"Is phrase B contrary to phrase A? Answer exactly 'Yes' or 'No' only. Do not provide any extra text.

[Question] Phrase B is staff_not_provide_good_solution. Phrase A is no_evident_not_staff_pick_up_at_bus_stop.
",No
2026-08-10 22:49:07,3,2188,no_evident_not_felt_like_home_staff,staff_should_learn_better_English,"Is phrase B contrary to phrase A? Answer exactly 'Yes' or 'No' only. Do not provide any extra text.

[Question] Phrase B is staff_should_learn_better_English. Phrase A is no_evident_not_felt_like_home_staff.
",Yes
2026-08-10 22:49:07,3,5750,no_evident_not_super_service_staff,only_one_staff_wear_mask,"Is phrase B contrary to phrase A? Answer exactly 'Yes' or 'No' only. Do not provide any extra text.

[Question] Phrase B is only_one_staff_wear_mask. Phrase A is no_evident_not_super_service_staff.
",Yes
2026-08-10 22:49:07,3,5600,no_evident_not_staff_organize_fast_transfer,staff_cannot_provide_double_bed,"Is phrase B contrary to phrase A? Answer exactly 'Yes' or 'No' only. Do not provide any extra text.

[Question] Phrase B is staff_cannot_provide_double_bed. Phrase A is no_evident_not_staff_organize_fast_transfer.
",No
2026-08-10 22:49:07,3,5309,no_evident_not_staff_help_order_taxi_to_airport,staff_not_speak_Cypriot_language,"Is phrase B contrary to phrase A? Answer exactly 'Yes' or 'No' only. Do not provide any extra text.

[Question] Phrase B is staff_not_speak_Cypriot_language. Phrase A is no_evident_not_staff_help_order_taxi_to_airport.
",No
2026-08-10 22:49:07,3,585,no_evident_not_polite_staff,staff_fail_to_guest_request,"Is phrase B contrary to phrase A? Answer exactly 'Yes' or 'No' only. Do not provide any extra text.

[Question] Phrase B is staff_fail_to_guest_request. Phrase A is no_evident_not_polite_staff.
",Yes
2026-08-10 22:49:08,3,4991,no_evident_not_advising_staff,only_one_staff_wear_mask,"Is phrase B contrary to phrase A? Answer exactly 'Yes' or 'No' only. Do not provide any extra text.

[Question] Phrase B is only_one_staff_wear_mask. Phrase A is no_evident_not_advising_staff.
",Yes
2026-08-10 22:49:08,3,5202,no_evident_not_staff_no_charge_lost_room_ticket,staff_need_improve_organization,"Is phrase B contrary to phrase A? Answer exactly 'Yes' or 'No' only. Do not provide any extra text.

[Question] Phrase B is staff_need_improve_organization. Phrase A is no_evident_not_staff_no_charge_lost_room_ticket.
",Yes
2026-08-10 22:49:08,3,1402,no_evident_not_relative-like_staff,staff_cannot_give_bus_to_airport_information,"Is phrase B contrary to phrase A? Answer exactly 'Yes' or 'No' only. Do not provide any extra text.

[Question] Phrase B is staff_cannot_give_bus_to_airport_information. Phrase A is no_evident_not_relative-like_staff.
",No
2026-08-10 22:49:08,3,4376,no_evident_not_staff_alway_available_to_satisfy_you,staff_need_keep_update,"Is phrase B contrary to phrase A? Answer exactly 'Yes' or 'No' only. Do not provide any extra text.

[Question] Phrase B is staff_need_keep_update. Phrase A is no_evident_not_staff_alway_available_to_satisfy_you.
",Yes
2026-08-10 22:49:08,3,5974,no_evident_not_staff_explain,staff_not_provide_good_solution,"Is phrase B contrary to phrase A? Answer exactly 'Yes' or 'No' only. Do not provide any extra text.

[Question] Phrase B is staff_not_provide_good_solution. Phrase A is no_evident_not_staff_explain.
",Yes
2026-08-10 22:49:08,3,2006,no_evident_not_eager_to_help,staff_need_improve_collaboration,"Is phrase B contrary to phrase A? Answer exactly 'Yes' or 'No' only. Do not provide any extra text.

[Question] Phrase B is staff_need_improve_collaboration. Phrase A is no_evident_not_eager_to_help.
",Yes
2026-08-10 22:49:09,3,1339,no_evident_not_staff_agile_to_respond,staff_need_improve_collaboration,"Is phrase B contrary to phrase A? Answer exactly 'Yes' or 'No' only. Do not provide any extra text.

[Question] Phrase B is staff_need_improve_collaboration. Phrase A is no_evident_not_staff_agile_to_respond.
",Yes
2026-08-10 22:49:09,3,3787,no_evident_not_happy_to_help,staff_enforce_cancellation_charge,"Is phrase B contrary to phrase A? Answer exactly 'Yes' or 'No' only. Do not provide any extra text.

[Question] Phrase B is staff_enforce_cancellation_charge. Phrase A is no_evident_not_happy_to_help.
",No
2026-08-10 22:49:09,3,3109,no_evident_not_can_borrow_luggage_scale,staff_need_improve_organization,"Is phrase B contrary to phrase A? Answer exactly 'Yes' or 'No' only. Do not provide any extra text.

[Question] Phrase B is staff_need_improve_organization. Phrase A is no_evident_not_can_borrow_luggage_scale.
",Yes
2026-08-10 22:49:09,3,2212,no_evident_not_staff_make_feel_like_home,staff_need_improve_organization,"Is phrase B contrary to phrase A? Answer exactly 'Yes' or 'No' only. Do not provide any extra text.

[Question] Phrase B is staff_need_improve_organization. Phrase A is no_evident_not_staff_make_feel_like_home.
",Yes
2026-08-10 22:49:09,3,5243,no_evident_not_staff_give_pleasant_feeling,staff_cannot_give_bus_to_airport_information,"Is phrase B contrary to phrase A? Answer exactly 'Yes' or 'No' only. Do not provide any extra text.

[Question] Phrase B is staff_cannot_give_bus_to_airport_information. Phrase A is no_evident_not_staff_give_pleasant_feeling.
",No
2026-08-10 22:49:09,3,5638,no_evident_not_staff_solve_problem_immediately,staff_should_learn_better_English,"Is phrase B contrary to phrase A? Answer exactly 'Yes' or 'No' only. Do not provide any extra text.

[Question] Phrase B is staff_should_learn_better_English. Phrase A is no_evident_not_staff_solve_problem_immediately.
",Yes
2026-08-10 22:49:10,3,4563,no_evident_not_staff_answer_with_smile,staff_fail_to_communicate_with_taxi,"Is phrase B contrary to phrase A? Answer exactly 'Yes' or 'No' only. Do not provide any extra text.

[Question] Phrase B is staff_fail_to_communicate_with_taxi. Phrase A is no_evident_not_staff_answer_with_smile.
",Yes
2026-08-10 22:49:10,3,1800,no_evident_not_reachable_staff,staff_need_keep_update,"Is phrase B contrary to phrase A? Answer exactly 'Yes' or 'No' only. Do not provide any extra text.

[Question] Phrase B is staff_need_keep_update. Phrase A is no_evident_not_reachable_staff.
",No
2026-08-10 22:49:10,3,5609,no_evident_not_staff_organize_fast_transfer,no_staff_at_night,"Is phrase B contrary to phrase A? Answer exactly 'Yes' or 'No' only. Do not provide any extra text.

[Question] Phrase B is no_staff_at_night. Phrase A is no_evident_not_staff_organize_fast_transfer.
",Yes
2026-08-10 22:49:10,3,2657,no_evident_not_staff_help_any_possible_way,offended_staff,"Is phrase B contrary to phrase A? Answer exactly 'Yes' or 'No' only. Do not provide any extra text.

[Question] Phrase B is offended_staff. Phrase A is no_evident_not_staff_help_any_possible_way.
",Yes
2026-08-10 22:49:10,3,459,no_evident_not_staff_help_with_all_our_wish,staff_cannot_give_bus_to_airport_information,"Is phrase B contrary to phrase A? Answer exactly 'Yes' or 'No' only. Do not provide any extra text.

[Question] Phrase B is staff_cannot_give_bus_to_airport_information. Phrase A is no_evident_not_staff_help_with_all_our_wish.
",Yes
2026-08-10 22:49:10,3,1877,no_evident_not_5_star_service,staff_charge_for_cancellation_while_no_cancellation_charge_in_Booking.com,"Is phrase B contrary to phrase A? Answer exactly 'Yes' or 'No' only. Do not provide any extra text.

[Question] Phrase B is staff_charge_for_cancellation_while_no_cancellation_charge_in_Booking.com. Phrase A is no_evident_not_5_star_service.
",Yes
2026-08-10 22:49:10,3,263,no_evident_not_friendly_staff,staff_fail_to_guest_request,"Is phrase B contrary to phrase A? Answer exactly 'Yes' or 'No' only. Do not provide any extra text.

[Question] Phrase B is staff_fail_to_guest_request. Phrase A is no_evident_not_friendly_staff.
",Yes
2026-08-10 22:49:10,3,2585,no_evident_not_customer-centric_staff,staff_fail_to_communicate_with_taxi,"Is phrase B contrary to phrase A? Answer exactly 'Yes' or 'No' only. Do not provide any extra text.

[Question] Phrase B is staff_fail_to_communicate_with_taxi. Phrase A is no_evident_not_customer-centric_staff.
",Yes
2026-08-10 22:49:11,3,3287,no_evident_not_superb_staff,staff_not_understand_English_well,"Is phrase B contrary to phrase A? Answer exactly 'Yes' or 'No' only. Do not provide any extra text.

[Question] Phrase B is staff_not_understand_English_well. Phrase A is no_evident_not_superb_staff.
",Yes
2026-08-10 22:49:11,3,2194,no_evident_not_felt_like_home_staff,staff_fail_to_communicate_with_taxi,"Is phrase B contrary to phrase A? Answer exactly 'Yes' or 'No' only. Do not provide any extra text.

[Question] Phrase B is staff_fail_to_communicate_with_taxi. Phrase A is no_evident_not_felt_like_home_staff.
",Yes
2026-08-10 22:49:11,3,543,no_evident_not_accommodating_staff,staff_charge_for_cancellation_while_no_cancellation_charge_in_Booking.com,"Is phrase B contrary to phrase A? Answer exactly 'Yes' or 'No' only. Do not provide any extra text.

[Question] Phrase B is staff_charge_for_cancellation_while_no_cancellation_charge_in_Booking.com. Phrase A is no_evident_not_accommodating_staff.
",No
2026-08-10 22:49:11,3,1729,no_evident_not_friendly_service,staff_need_improve_organization,"Is phrase B contrary to phrase A? Answer exactly 'Yes' or 'No' only. Do not provide any extra text.

[Question] Phrase B is staff_need_improve_organization. Phrase A is no_evident_not_friendly_service.
",No
2026-08-10 22:49:11,3,4647,no_evident_not_staff_help_with_everything_needed,staff_not_speak_English_properly,"Is phrase B contrary to phrase A? Answer exactly 'Yes' or 'No' only. Do not provide any extra text.

[Question] Phrase B is staff_not_speak_English_properly. Phrase A is no_evident_not_staff_help_with_everything_needed.
",Yes
2026-08-10 22:49:12,3,5882,no_evident_not_cordial_staff,staff_not_provide_good_solution,"Is phrase B contrary to phrase A? Answer exactly 'Yes' or 'No' only. Do not provide any extra text.

[Question] Phrase B is staff_not_provide_good_solution. Phrase A is no_evident_not_cordial_staff.
",Yes
2026-08-10 22:49:12,3,2578,no_evident_not_customer-centric_staff,staff_clean_after_complaint,"Is phrase B contrary to phrase A? Answer exactly 'Yes' or 'No' only. Do not provide any extra text.

[Question] Phrase B is staff_clean_after_complaint. Phrase A is no_evident_not_customer-centric_staff.
",No
2026-08-10 22:49:12,3,1742,no_evident_not_friendly_service,staff_not_provide_good_solution,"Is phrase B contrary to phrase A? Answer exactly 'Yes' or 'No' only. Do not provide any extra text.

[Question] Phrase B is staff_not_provide_good_solution. Phrase A is no_evident_not_friendly_service.
",No
2026-08-10 22:49:12,3,5370,no_evident_not_accommodated_staff,staff_cannot_provide_double_bed,"Is phrase B contrary to phrase A? Answer exactly 'Yes' or 'No' only. Do not provide any extra text.

[Question] Phrase B is staff_cannot_provide_double_bed. Phrase A is no_evident_not_accommodated_staff.
",Yes
2026-08-10 22:49:12,3,4090,no_evident_not_staff_give_family_room_as_requested,staff_not_speak_Cypriot_language,"Is phrase B contrary to phrase A? Answer exactly 'Yes' or 'No' only. Do not provide any extra text.

[Question] Phrase B is staff_not_speak_Cypriot_language. Phrase A is no_evident_not_staff_give_family_room_as_requested.
",Yes
2026-08-10 22:49:13,3,3242,no_evident_not_staff_recommend_place,staff_cannot_give_bus_to_airport_information,"Is phrase B contrary to phrase A? Answer exactly 'Yes' or 'No' only. Do not provide any extra text.

[Question] Phrase B is staff_cannot_give_bus_to_airport_information. Phrase A is no_evident_not_staff_recommend_place.
",No
2026-08-10 22:49:13,3,5267,no_evident_not_staff_confirm_arrival_time,only_one_staff_wear_mask,"Is phrase B contrary to phrase A? Answer exactly 'Yes' or 'No' only. Do not provide any extra text.

[Question] Phrase B is only_one_staff_wear_mask. Phrase A is no_evident_not_staff_confirm_arrival_time.
",Yes
2026-08-10 22:49:13,3,3759,no_evident_not_competent_staff,staff_fail_to_guest_request,"Is phrase B contrary to phrase A? Answer exactly 'Yes' or 'No' only. Do not provide any extra text.

[Question] Phrase B is staff_fail_to_guest_request. Phrase A is no_evident_not_competent_staff.
",Yes
2026-08-10 22:49:13,3,1171,no_evident_not_kind_personal_staff,staff_not_understand_English_well,"Is phrase B contrary to phrase A? Answer exactly 'Yes' or 'No' only. Do not provide any extra text.

[Question] Phrase B is staff_not_understand_English_well. Phrase A is no_evident_not_kind_personal_staff.
",Yes
2026-08-10 22:49:13,3,2170,no_evident_not_happy_to_help_with_Covid_restriction,no_empathy_staff,"Is phrase B contrary to phrase A? Answer exactly 'Yes' or 'No' only. Do not provide any extra text.

[Question] Phrase B is no_empathy_staff. Phrase A is no_evident_not_happy_to_help_with_Covid_restriction.
",Yes
2026-08-10 22:49:13,3,2021,no_evident_not_eager_to_help,no_staff_at_night,"Is phrase B contrary to phrase A? Answer exactly 'Yes' or 'No' only. Do not provide any extra text.

[Question] Phrase B is no_staff_at_night. Phrase A is no_evident_not_eager_to_help.
",No
2026-08-10 22:49:14,3,6103,no_evident_not_staff_communicate_well_French,no_empathy_staff,"Is phrase B contrary to phrase A? Answer exactly 'Yes' or 'No' only. Do not provide any extra text.

[Question] Phrase B is no_empathy_staff. Phrase A is no_evident_not_staff_communicate_well_French.
",Yes
2026-08-10 22:49:14,3,4599,no_evident_not_staff_agree_to_every_request,staff_cannot_give_bus_to_airport_information,"Is phrase B contrary to phrase A? Answer exactly 'Yes' or 'No' only. Do not provide any extra text.

[Question] Phrase B is staff_cannot_give_bus_to_airport_information. Phrase A is no_evident_not_staff_agree_to_every_request.
",Yes
2026-08-10 22:49:14,3,4416,no_evident_not_can_speak_4_language,only_one_staff_wear_mask,"Is phrase B contrary to phrase A? Answer exactly 'Yes' or 'No' only. Do not provide any extra text.

[Question] Phrase B is only_one_staff_wear_mask. Phrase A is no_evident_not_can_speak_4_language.
",Yes
2026-08-10 22:49:14,3,2153,no_evident_not_staff_responsive_to_pre-arrival_question,staff_charge_for_cancellation_while_no_cancellation_charge_in_Booking.com,"Is phrase B contrary to phrase A? Answer exactly 'Yes' or 'No' only. Do not provide any extra text.

[Question] Phrase B is staff_charge_for_cancellation_while_no_cancellation_charge_in_Booking.com. Phrase A is no_evident_not_staff_responsive_to_pre-arrival_question.
",No
2026-08-10 22:49:14,3,6120,no_evident_not_willing_to_help_staff,staff_clean_after_complaint,"Is phrase B contrary to phrase A? Answer exactly 'Yes' or 'No' only. Do not provide any extra text.

[Question] Phrase B is staff_clean_after_complaint. Phrase A is no_evident_not_willing_to_help_staff.
",No
2026-08-10 22:49:14,3,4789,no_evident_not_sympathy_staff,staff_need_improve_collaboration,"Is phrase B contrary to phrase A? Answer exactly 'Yes' or 'No' only. Do not provide any extra text.

[Question] Phrase B is staff_need_improve_collaboration. Phrase A is no_evident_not_sympathy_staff.
",Yes
2026-08-10 22:49:14,3,3510,no_evident_not_willing_to_do_more,staff_charge_for_cancellation_while_no_cancellation_charge_in_Booking.com,"Is phrase B contrary to phrase A? Answer exactly 'Yes' or 'No' only. Do not provide any extra text.

[Question] Phrase B is staff_charge_for_cancellation_while_no_cancellation_charge_in_Booking.com. Phrase A is no_evident_not_willing_to_do_more.
",No
2026-08-10 22:49:14,3,4781,no_evident_not_staff_send_phot_for_arrival,no_staff_at_night,"Is phrase B contrary to phrase A? Answer exactly 'Yes' or 'No' only. Do not provide any extra text.

[Question] Phrase B is no_staff_at_night. Phrase A is no_evident_not_staff_send_phot_for_arrival.
",No
2026-08-10 22:49:15,3,3272,no_evident_not_superb_staff,staff_need_keep_update,"Is phrase B contrary to phrase A? Answer exactly 'Yes' or 'No' only. Do not provide any extra text.

[Question] Phrase B is staff_need_keep_update. Phrase A is no_evident_not_superb_staff.
",Yes
2026-08-10 22:49:15,3,2966,no_evident_not_pleased_by_staff,staff_cannot_give_bus_to_airport_information,"Is phrase B contrary to phrase A? Answer exactly 'Yes' or 'No' only. Do not provide any extra text.

[Question] Phrase B is staff_cannot_give_bus_to_airport_information. Phrase A is no_evident_not_pleased_by_staff.
",Yes
2026-08-10 22:49:15,3,1797,no_evident_not_reachable_staff,staff_should_learn_better_English,"Is phrase B contrary to phrase A? Answer exactly 'Yes' or 'No' only. Do not provide any extra text.

[Question] Phrase B is staff_should_learn_better_English. Phrase A is no_evident_not_reachable_staff.
",Yes
2026-08-10 22:49:15,3,1134,no_evident_not_impeccable_service,not_kind_staff,"Is phrase B contrary to phrase A? Answer exactly 'Yes' or 'No' only. Do not provide any extra text.

[Question] Phrase B is not_kind_staff. Phrase A is no_evident_not_impeccable_service.
",Yes
2026-08-10 22:49:15,3,4175,no_evident_not_staff_celebrate_our_daughter_birthday,offended_staff,"Is phrase B contrary to phrase A? Answer exactly 'Yes' or 'No' only. Do not provide any extra text.

[Question] Phrase B is offended_staff. Phrase A is no_evident_not_staff_celebrate_our_daughter_birthday.
",Yes
2026-08-10 22:49:15,3,4043,no_evident_not_staff_help_any_problem,staff_has_unaceptable_manner,"Is phrase B contrary to phrase A? Answer exactly 'Yes' or 'No' only. Do not provide any extra text.

[Question] Phrase B is staff_has_unaceptable_manner. Phrase A is no_evident_not_staff_help_any_problem.
",Yes
2026-08-10 22:49:15,3,745,no_evident_not_staff_order_taxi_for_us,staff_fail_to_communicate_with_taxi,"Is phrase B contrary to phrase A? Answer exactly 'Yes' or 'No' only. Do not provide any extra text.

[Question] Phrase B is staff_fail_to_communicate_with_taxi. Phrase A is no_evident_not_staff_order_taxi_for_us.
",Yes
2026-08-10 22:49:15,3,6192,no_evident_not_staff_alway_smile,staff_need_improve_collaboration,"Is phrase B contrary to phrase A? Answer exactly 'Yes' or 'No' only. Do not provide any extra text.

[Question] Phrase B is staff_need_improve_collaboration. Phrase A is no_evident_not_staff_alway_smile.
",Yes
2026-08-10 22:49:16,3,386,no_evident_not_staff_make_like_staying_with_family,staff_has_unaceptable_manner,"Is phrase B contrary to phrase A? Answer exactly 'Yes' or 'No' only. Do not provide any extra text.

[Question] Phrase B is staff_has_unaceptable_manner. Phrase A is no_evident_not_staff_make_like_staying_with_family.
",Yes
2026-08-10 22:49:16,3,899,no_evident_not_friendly_personal_staff,staff_clean_after_complaint,"Is phrase B contrary to phrase A? Answer exactly 'Yes' or 'No' only. Do not provide any extra text.

[Question] Phrase B is staff_clean_after_complaint. Phrase A is no_evident_not_friendly_personal_staff.
",No
2026-08-10 22:49:16,3,1253,no_evident_not_staff_arrange_airport_taxi,staff_cannot_provide_double_bed,"Is phrase B contrary to phrase A? Answer exactly 'Yes' or 'No' only. Do not provide any extra text.

[Question] Phrase B is staff_cannot_provide_double_bed. Phrase A is no_evident_not_staff_arrange_airport_taxi.
",No
2026-08-10 22:49:17,3,5141,no_evident_not_greeting_with_smile,offended_staff,"Is phrase B contrary to phrase A? Answer exactly 'Yes' or 'No' only. Do not provide any extra text.

[Question] Phrase B is offended_staff. Phrase A is no_evident_not_greeting_with_smile.
",Yes
2026-08-10 22:49:17,3,1311,no_evident_not_stored_luggage_for_us,only_one_staff_wear_mask,"Is phrase B contrary to phrase A? Answer exactly 'Yes' or 'No' only. Do not provide any extra text.

[Question] Phrase B is only_one_staff_wear_mask. Phrase A is no_evident_not_stored_luggage_for_us.
",Yes
2026-08-10 22:49:17,3,5575,no_evident_not_staff_wait_until_2am,staff_fail_to_communicate_with_taxi,"Is phrase B contrary to phrase A? Answer exactly 'Yes' or 'No' only. Do not provide any extra text.

[Question] Phrase B is staff_fail_to_communicate_with_taxi. Phrase A is no_evident_not_staff_wait_until_2am.
",Yes
2026-08-10 22:49:17,3,3459,no_evident_not_staff_make_hotel_great,staff_fail_to_communicate_with_taxi,"Is phrase B contrary to phrase A? Answer exactly 'Yes' or 'No' only. Do not provide any extra text.

[Question] Phrase B is staff_fail_to_communicate_with_taxi. Phrase A is no_evident_not_staff_make_hotel_great.
",No
2026-08-10 22:49:17,3,4886,no_evident_not_staff_take_care_late_check-in,staff_fail_to_guest_request,"Is phrase B contrary to phrase A? Answer exactly 'Yes' or 'No' only. Do not provide any extra text.

[Question] Phrase B is staff_fail_to_guest_request. Phrase A is no_evident_not_staff_take_care_late_check-in.
",Yes
2026-08-10 22:49:17,3,521,no_evident_not_kind_staff,staff_enforce_cancellation_charge,"Is phrase B contrary to phrase A? Answer exactly 'Yes' or 'No' only. Do not provide any extra text.

[Question] Phrase B is staff_enforce_cancellation_charge. Phrase A is no_evident_not_kind_staff.
",No
2026-08-10 22:49:17,3,3153,no_evident_not_good_customer_service,staff_clean_after_complaint,"Is phrase B contrary to phrase A? Answer exactly 'Yes' or 'No' only. Do not provide any extra text.

[Question] Phrase B is staff_clean_after_complaint. Phrase A is no_evident_not_good_customer_service.
",No
2026-08-10 22:49:18,3,3127,no_evident_not_can_borrow_luggage_scale,staff_cannot_give_bus_to_airport_information,"Is phrase B contrary to phrase A? Answer exactly 'Yes' or 'No' only. Do not provide any extra text.

[Question] Phrase B is staff_cannot_give_bus_to_airport_information. Phrase A is no_evident_not_can_borrow_luggage_scale.
",No
2026-08-10 22:49:18,3,4882,no_evident_not_staff_take_care_late_check-in,staff_need_keep_update,"Is phrase B contrary to phrase A? Answer exactly 'Yes' or 'No' only. Do not provide any extra text.

[Question] Phrase B is staff_need_keep_update. Phrase A is no_evident_not_staff_take_care_late_check-in.
",Yes
2026-08-10 22:49:18,3,3835,no_evident_not_staff_give_good_advice,staff_not_provide_good_solution,"Is phrase B contrary to phrase A? Answer exactly 'Yes' or 'No' only. Do not provide any extra text.

[Question] Phrase B is staff_not_provide_good_solution. Phrase A is no_evident_not_staff_give_good_advice.
",Yes
2026-08-10 22:49:18,3,4335,no_evident_not_staff_give_free_room_upgrade_to_superior_room,staff_cannot_provide_double_bed,"Is phrase B contrary to phrase A? Answer exactly 'Yes' or 'No' only. Do not provide any extra text.

[Question] Phrase B is staff_cannot_provide_double_bed. Phrase A is no_evident_not_staff_give_free_room_upgrade_to_superior_room.
",Yes
2026-08-10 22:49:18,3,2060,no_evident_not_staff_allow_early_check-in_in_morning,staff_not_justify_booking_issue,"Is phrase B contrary to phrase A? Answer exactly 'Yes' or 'No' only. Do not provide any extra text.

[Question] Phrase B is staff_not_justify_booking_issue. Phrase A is no_evident_not_staff_allow_early_check-in_in_morning.
",No
2026-08-10 22:49:18,3,4533,no_evident_not_charming_staff,staff_clean_after_complaint,"Is phrase B contrary to phrase A? Answer exactly 'Yes' or 'No' only. Do not provide any extra text.

[Question] Phrase B is staff_clean_after_complaint. Phrase A is no_evident_not_charming_staff.
",No
2026-08-10 22:49:19,3,95,no_evident_not_lovely_staff,staff_should_learn_better_English,"Is phrase B contrary to phrase A? Answer exactly 'Yes' or 'No' only. Do not provide any extra text.

[Question] Phrase B is staff_should_learn_better_English. Phrase A is no_evident_not_lovely_staff.
",Yes
2026-08-10 22:49:19,3,5573,no_evident_not_staff_wait_until_2am,not_kind_staff,"Is phrase B contrary to phrase A? Answer exactly 'Yes' or 'No' only. Do not provide any extra text.

[Question] Phrase B is not_kind_staff. Phrase A is no_evident_not_staff_wait_until_2am.
",Yes
2026-08-10 22:49:19,3,5905,no_evident_not_quiet_staff,staff_not_provide_good_solution,"Is phrase B contrary to phrase A? Answer exactly 'Yes' or 'No' only. Do not provide any extra text.

[Question] Phrase B is staff_not_provide_good_solution. Phrase A is no_evident_not_quiet_staff.
",Yes
2026-08-10 22:49:19,3,939,no_evident_not_excellent_service,staff_not_speak_Cypriot_language,"Is phrase B contrary to phrase A? Answer exactly 'Yes' or 'No' only. Do not provide any extra text.

[Question] Phrase B is staff_not_speak_Cypriot_language. Phrase A is no_evident_not_excellent_service.
",No
2026-08-10 22:49:19,3,5585,no_evident_not_staff_wait_until_2am,staff_not_speak_Cypriot_language,"Is phrase B contrary to phrase A? Answer exactly 'Yes' or 'No' only. Do not provide any extra text.

[Question] Phrase B is staff_not_speak_Cypriot_language. Phrase A is no_evident_not_staff_wait_until_2am.
",Yes
2026-08-10 22:49:19,3,4399,no_evident_not_can_speak_4_language,staff_need_keep_update,"Is phrase B contrary to phrase A? Answer exactly 'Yes' or 'No' only. Do not provide any extra text.

[Question] Phrase B is staff_need_keep_update. Phrase A is no_evident_not_can_speak_4_language.
",Yes
2026-08-10 22:49:19,3,6152,no_evident_not_warm_welcome_in_French,staff_cannot_provide_double_bed,"Is phrase B contrary to phrase A? Answer exactly 'Yes' or 'No' only. Do not provide any extra text.

[Question] Phrase B is staff_cannot_provide_double_bed. Phrase A is no_evident_not_warm_welcome_in_French.
",No
2026-08-10 22:49:20,3,2186,no_evident_not_felt_like_home_staff,staff_not_speak_English_properly,"Is phrase B contrary to phrase A? Answer exactly 'Yes' or 'No' only. Do not provide any extra text.

[Question] Phrase B is staff_not_speak_English_properly. Phrase A is no_evident_not_felt_like_home_staff.
",Yes
2026-08-10 22:49:20,3,5251,no_evident_not_staff_confirm_arrival_time,not_kind_staff,"Is phrase B contrary to phrase A? Answer exactly 'Yes' or 'No' only. Do not provide any extra text.

[Question] Phrase B is not_kind_staff. Phrase A is no_evident_not_staff_confirm_arrival_time.
",Yes
2026-08-10 22:49:20,3,2787,no_evident_not_brilliant_communication_prior_arrival,staff_need_improve_organization,"Is phrase B contrary to phrase A? Answer exactly 'Yes' or 'No' only. Do not provide any extra text.

[Question] Phrase B is staff_need_improve_organization. Phrase A is no_evident_not_brilliant_communication_prior_arrival.
",Yes
2026-08-10 22:49:20,3,914,no_evident_not_friendly_personal_staff,staff_not_provide_good_solution,"Is phrase B contrary to phrase A? Answer exactly 'Yes' or 'No' only. Do not provide any extra text.

[Question] Phrase B is staff_not_provide_good_solution. Phrase A is no_evident_not_friendly_personal_staff.
",No
2026-08-10 22:49:21,3,2405,no_evident_not_glad_to_help,staff_not_justify_booking_issue,"Is phrase B contrary to phrase A? Answer exactly 'Yes' or 'No' only. Do not provide any extra text.

[Question] Phrase B is staff_not_justify_booking_issue. Phrase A is no_evident_not_glad_to_help.
",No
2026-08-10 22:49:21,3,1296,no_evident_not_stored_luggage_for_us,no_empathy_staff,"Is phrase B contrary to phrase A? Answer exactly 'Yes' or 'No' only. Do not provide any extra text.

[Question] Phrase B is no_empathy_staff. Phrase A is no_evident_not_stored_luggage_for_us.
",Yes
2026-08-10 22:49:21,3,3562,no_evident_not_staff_offer_adapter,no_staff_at_night,"Is phrase B contrary to phrase A? Answer exactly 'Yes' or 'No' only. Do not provide any extra text.

[Question] Phrase B is no_staff_at_night. Phrase A is no_evident_not_staff_offer_adapter.
",No
2026-08-10 22:49:21,3,3717,no_evident_not_knowledgeable_staff,staff_charge_for_cancellation_while_no_cancellation_charge_in_Booking.com,"Is phrase B contrary to phrase A? Answer exactly 'Yes' or 'No' only. Do not provide any extra text.

[Question] Phrase B is staff_charge_for_cancellation_while_no_cancellation_charge_in_Booking.com. Phrase A is no_evident_not_knowledgeable_staff.
",Yes
2026-08-10 22:49:21,3,27,no_evident_not_easy_to_communicate_with,staff_need_improve_organization,"Is phrase B contrary to phrase A? Answer exactly 'Yes' or 'No' only. Do not provide any extra text.

[Question] Phrase B is staff_need_improve_organization. Phrase A is no_evident_not_easy_to_communicate_with.
",Yes
2026-08-10 22:49:21,3,5916,no_evident_not_top_staff,staff_need_improve_collaboration,"Is phrase B contrary to phrase A? Answer exactly 'Yes' or 'No' only. Do not provide any extra text.

[Question] Phrase B is staff_need_improve_collaboration. Phrase A is no_evident_not_top_staff.
",No
2026-08-10 22:49:21,3,5896,no_evident_not_quiet_staff,no_empathy_staff,"Is phrase B contrary to phrase A? Answer exactly 'Yes' or 'No' only. Do not provide any extra text.

[Question] Phrase B is no_empathy_staff. Phrase A is no_evident_not_quiet_staff.
",Yes
2026-08-10 22:49:22,3,2158,no_evident_not_staff_responsive_to_pre-arrival_question,staff_not_speak_Cypriot_language,"Is phrase B contrary to phrase A? Answer exactly 'Yes' or 'No' only. Do not provide any extra text.

[Question] Phrase B is staff_not_speak_Cypriot_language. Phrase A is no_evident_not_staff_responsive_to_pre-arrival_question.
",No
2026-08-10 22:49:22,3,4101,no_evident_not_staff_recommend_place_in_city,not_kind_staff,"Is phrase B contrary to phrase A? Answer exactly 'Yes' or 'No' only. Do not provide any extra text.

[Question] Phrase B is not_kind_staff. Phrase A is no_evident_not_staff_recommend_place_in_city.
",Yes
2026-08-10 22:49:22,3,6242,no_evident_not_warm_service_staff,staff_fail_to_communicate_with_taxi,"Is phrase B contrary to phrase A? Answer exactly 'Yes' or 'No' only. Do not provide any extra text.

[Question] Phrase B is staff_fail_to_communicate_with_taxi. Phrase A is no_evident_not_warm_service_staff.
",Yes
2026-08-10 22:49:22,3,1464,no_evident_not_staff_make_difference,staff_enforce_cancellation_charge,"Is phrase B contrary to phrase A? Answer exactly 'Yes' or 'No' only. Do not provide any extra text.

[Question] Phrase B is staff_enforce_cancellation_charge. Phrase A is no_evident_not_staff_make_difference.
",No
2026-08-10 22:49:22,3,4159,no_evident_not_staff_help_with_car_rental,staff_not_speak_Cypriot_language,"Is phrase B contrary to phrase A? Answer exactly 'Yes' or 'No' only. Do not provide any extra text.

[Question] Phrase B is staff_not_speak_Cypriot_language. Phrase A is no_evident_not_staff_help_with_car_rental.
",No
2026-08-10 22:49:22,3,872,no_evident_not_eager_to_assist,staff_not_understand_English_well,"Is phrase B contrary to phrase A? Answer exactly 'Yes' or 'No' only. Do not provide any extra text.

[Question] Phrase B is staff_not_understand_English_well. Phrase A is no_evident_not_eager_to_assist.
",Yes
2026-08-10 22:49:23,3,5123,no_evident_not_soulful_atmosphere_staff,staff_not_provide_good_solution,"Is phrase B contrary to phrase A? Answer exactly 'Yes' or 'No' only. Do not provide any extra text.

[Question] Phrase B is staff_not_provide_good_solution. Phrase A is no_evident_not_soulful_atmosphere_staff.
",Yes
2026-08-10 22:49:23,3,2445,no_evident_not_quick_response_staff,not_kind_staff,"Is phrase B contrary to phrase A? Answer exactly 'Yes' or 'No' only. Do not provide any extra text.

[Question] Phrase B is not_kind_staff. Phrase A is no_evident_not_quick_response_staff.
",Yes
2026-08-10 22:49:23,3,5235,no_evident_not_staff_give_pleasant_feeling,staff_charge_for_cancellation_while_no_cancellation_charge_in_Booking.com,"Is phrase B contrary to phrase A? Answer exactly 'Yes' or 'No' only. Do not provide any extra text.

[Question] Phrase B is staff_charge_for_cancellation_while_no_cancellation_charge_in_Booking.com. Phrase A is no_evident_not_staff_give_pleasant_feeling.
",No
2026-08-10 22:49:23,3,4989,no_evident_not_advising_staff,staff_not_understand_English_well,"Is phrase B contrary to phrase A? Answer exactly 'Yes' or 'No' only. Do not provide any extra text.

[Question] Phrase B is staff_not_understand_English_well. Phrase A is no_evident_not_advising_staff.
",Yes
2026-08-10 22:49:23,3,1630,no_evident_not_pleasant_staff,no_staff_at_night,"Is phrase B contrary to phrase A? Answer exactly 'Yes' or 'No' only. Do not provide any extra text.

[Question] Phrase B is no_staff_at_night. Phrase A is no_evident_not_pleasant_staff.
",No
2026-08-10 22:49:23,3,3064,no_evident_not_great_management,staff_need_improve_collaboration,"Is phrase B contrary to phrase A? Answer exactly 'Yes' or 'No' only. Do not provide any extra text.

[Question] Phrase B is staff_need_improve_collaboration. Phrase A is no_evident_not_great_management.
",Yes
2026-08-10 22:49:23,3,6247,no_evident_not_warm_service_staff,staff_charge_for_cancellation_while_no_cancellation_charge_in_Booking.com,"Is phrase B contrary to phrase A? Answer exactly 'Yes' or 'No' only. Do not provide any extra text.

[Question] Phrase B is staff_charge_for_cancellation_while_no_cancellation_charge_in_Booking.com. Phrase A is no_evident_not_warm_service_staff.
",No
2026-08-10 22:49:23,3,1324,no_evident_not_staff_call_taxi_for_us,staff_not_justify_booking_issue,"Is phrase B contrary to phrase A? Answer exactly 'Yes' or 'No' only. Do not provide any extra text.

[Question] Phrase B is staff_not_justify_booking_issue. Phrase A is no_evident_not_staff_call_taxi_for_us.
",No
2026-08-10 22:49:24,3,4419,no_evident_not_can_speak_Greek,staff_should_learn_better_English,"Is phrase B contrary to phrase A? Answer exactly 'Yes' or 'No' only. Do not provide any extra text.

[Question] Phrase B is staff_should_learn_better_English. Phrase A is no_evident_not_can_speak_Greek.
",Yes
2026-08-10 22:49:24,3,4345,no_evident_not_staff_give_free_room_upgrade_to_superior_room,staff_not_understand_English_well,"Is phrase B contrary to phrase A? Answer exactly 'Yes' or 'No' only. Do not provide any extra text.

[Question] Phrase B is staff_not_understand_English_well. Phrase A is no_evident_not_staff_give_free_room_upgrade_to_superior_room.
",Yes
2026-08-10 22:49:24,3,5,no_evident_not_helpful_staff,staff_need_improve_collaboration,"Is phrase B contrary to phrase A? Answer exactly 'Yes' or 'No' only. Do not provide any extra text.

[Question] Phrase B is staff_need_improve_collaboration. Phrase A is no_evident_not_helpful_staff.
",Yes
2026-08-10 22:49:24,3,4907,no_evident_not_staff_take_care_for_adapter,no_empathy_staff,"Is phrase B contrary to phrase A? Answer exactly 'Yes' or 'No' only. Do not provide any extra text.

[Question] Phrase B is no_empathy_staff. Phrase A is no_evident_not_staff_take_care_for_adapter.
",Yes
2026-08-10 22:49:24,3,2656,no_evident_not_staff_help_any_possible_way,staff_cannot_provide_double_bed,"Is phrase B contrary to phrase A? Answer exactly 'Yes' or 'No' only. Do not provide any extra text.

[Question] Phrase B is staff_cannot_provide_double_bed. Phrase A is no_evident_not_staff_help_any_possible_way.
",Yes
2026-08-10 22:49:24,3,4003,no_evident_not_staff_help_any_question,staff_not_speak_English_properly,"Is phrase B contrary to phrase A? Answer exactly 'Yes' or 'No' only. Do not provide any extra text.

[Question] Phrase B is staff_not_speak_English_properly. Phrase A is no_evident_not_staff_help_any_question.
",Yes
2026-08-10 22:49:25,3,160,no_evident_not_staff_show_how_nearby_bus_take_to_airport,staff_cannot_give_bus_to_airport_information,"Is phrase B contrary to phrase A? Answer exactly 'Yes' or 'No' only. Do not provide any extra text.

[Question] Phrase B is staff_cannot_give_bus_to_airport_information. Phrase A is no_evident_not_staff_show_how_nearby_bus_take_to_airport.
",Yes
2026-08-10 22:49:25,3,917,no_evident_not_friendly_personal_staff,no_staff_at_night,"Is phrase B contrary to phrase A? Answer exactly 'Yes' or 'No' only. Do not provide any extra text.

[Question] Phrase B is no_staff_at_night. Phrase A is no_evident_not_friendly_personal_staff.
",Yes
2026-08-10 22:49:25,3,2974,no_evident_not_staff_help_with_taxi,not_kind_staff,"Is phrase B contrary to phrase A? Answer exactly 'Yes' or 'No' only. Do not provide any extra text.

[Question] Phrase B is not_kind_staff. Phrase A is no_evident_not_staff_help_with_taxi.
",Yes
2026-08-10 22:49:25,3,2520,no_evident_not_staff_make_room_ready_early,staff_not_justify_booking_issue,"Is phrase B contrary to phrase A? Answer exactly 'Yes' or 'No' only. Do not provide any extra text.

[Question] Phrase B is staff_not_justify_booking_issue. Phrase A is no_evident_not_staff_make_room_ready_early.
",No
2026-08-10 22:49:25,3,1962,no_evident_not_staff_arrange_taxi_from_airport,not_kind_staff,"Is phrase B contrary to phrase A? Answer exactly 'Yes' or 'No' only. Do not provide any extra text.

[Question] Phrase B is not_kind_staff. Phrase A is no_evident_not_staff_arrange_taxi_from_airport.
",Yes
2026-08-10 22:49:26,3,475,no_evident_not_staff_bring_back,staff_enforce_cancellation_charge,"Is phrase B contrary to phrase A? Answer exactly 'Yes' or 'No' only. Do not provide any extra text.

[Question] Phrase B is staff_enforce_cancellation_charge. Phrase A is no_evident_not_staff_bring_back.
",No
2026-08-10 22:49:26,3,1974,no_evident_not_staff_arrange_taxi_from_airport,staff_not_speak_Cypriot_language,"Is phrase B contrary to phrase A? Answer exactly 'Yes' or 'No' only. Do not provide any extra text.

[Question] Phrase B is staff_not_speak_Cypriot_language. Phrase A is no_evident_not_staff_arrange_taxi_from_airport.
",No
2026-08-10 22:49:26,3,4648,no_evident_not_staff_help_with_everything_needed,staff_clean_after_complaint,"Is phrase B contrary to phrase A? Answer exactly 'Yes' or 'No' only. Do not provide any extra text.

[Question] Phrase B is staff_clean_after_complaint. Phrase A is no_evident_not_staff_help_with_everything_needed.
",No
2026-08-10 22:49:26,3,702,no_evident_not_warm_welcome_staff,offended_staff,"Is phrase B contrary to phrase A? Answer exactly 'Yes' or 'No' only. Do not provide any extra text.

[Question] Phrase B is offended_staff. Phrase A is no_evident_not_warm_welcome_staff.
",Yes
2026-08-10 22:49:26,3,5996,no_evident_not_staff_do_everything_to_compensate_inconvenience,staff_mistakenly_throw_valuable_item_during_cleaning_service,"Is phrase B contrary to phrase A? Answer exactly 'Yes' or 'No' only. Do not provide any extra text.

[Question] Phrase B is staff_mistakenly_throw_valuable_item_during_cleaning_service. Phrase A is no_evident_not_staff_do_everything_to_compensate_inconvenience.
",No
2026-08-10 22:49:26,3,3982,no_evident_not_staff_give_family_atmosphere,staff_should_learn_better_English,"Is phrase B contrary to phrase A? Answer exactly 'Yes' or 'No' only. Do not provide any extra text.

[Question] Phrase B is staff_should_learn_better_English. Phrase A is no_evident_not_staff_give_family_atmosphere.
",Yes
2026-08-10 22:49:26,3,567,no_evident_not_wonderful_staff,staff_enforce_cancellation_charge,"Is phrase B contrary to phrase A? Answer exactly 'Yes' or 'No' only. Do not provide any extra text.

[Question] Phrase B is staff_enforce_cancellation_charge. Phrase A is no_evident_not_wonderful_staff.
",Yes
2026-08-10 22:49:27,3,6231,no_evident_not_willingness_staff,staff_not_understand_English_well,"Is phrase B contrary to phrase A? Answer exactly 'Yes' or 'No' only. Do not provide any extra text.

[Question] Phrase B is staff_not_understand_English_well. Phrase A is no_evident_not_willingness_staff.
",Yes
2026-08-10 22:49:27,3,4364,no_evident_not_staff_help_with_everything,staff_not_provide_good_solution,"Is phrase B contrary to phrase A? Answer exactly 'Yes' or 'No' only. Do not provide any extra text.

[Question] Phrase B is staff_not_provide_good_solution. Phrase A is no_evident_not_staff_help_with_everything.
",Yes
2026-08-10 22:49:27,3,1052,no_evident_not_perfect_staff,staff_not_provide_good_solution,"Is phrase B contrary to phrase A? Answer exactly 'Yes' or 'No' only. Do not provide any extra text.

[Question] Phrase B is staff_not_provide_good_solution. Phrase A is no_evident_not_perfect_staff.
",No
2026-08-10 22:49:27,3,1031,no_evident_not_staff_email_to_ask_arriving_time,staff_not_speak_Cypriot_language,"Is phrase B contrary to phrase A? Answer exactly 'Yes' or 'No' only. Do not provide any extra text.

[Question] Phrase B is staff_not_speak_Cypriot_language. Phrase A is no_evident_not_staff_email_to_ask_arriving_time.
",No
2026-08-10 22:49:27,3,5405,no_evident_not_staff_give_early_check-in,only_one_staff_wear_mask,"Is phrase B contrary to phrase A? Answer exactly 'Yes' or 'No' only. Do not provide any extra text.

[Question] Phrase B is only_one_staff_wear_mask. Phrase A is no_evident_not_staff_give_early_check-in.
",Yes
2026-08-10 22:49:27,3,3894,no_evident_not_pleasant_contact_staff,not_kind_staff,"Is phrase B contrary to phrase A? Answer exactly 'Yes' or 'No' only. Do not provide any extra text.

[Question] Phrase B is not_kind_staff. Phrase A is no_evident_not_pleasant_contact_staff.
",Yes
2026-08-10 22:49:28,3,4504,no_evident_not_staff_give_beautiful_hospitality,staff_not_speak_Cypriot_language,"Is phrase B contrary to phrase A? Answer exactly 'Yes' or 'No' only. Do not provide any extra text.

[Question] Phrase B is staff_not_speak_Cypriot_language. Phrase A is no_evident_not_staff_give_beautiful_hospitality.
",No
2026-08-10 22:49:28,3,1353,no_evident_not_staff_agile_to_respond,staff_not_speak_Cypriot_language,"Is phrase B contrary to phrase A? Answer exactly 'Yes' or 'No' only. Do not provide any extra text.

[Question] Phrase B is staff_not_speak_Cypriot_language. Phrase A is no_evident_not_staff_agile_to_respond.
",No
2026-08-10 22:49:28,3,2172,no_evident_not_happy_to_help_with_Covid_restriction,staff_fail_to_guest_request,"Is phrase B contrary to phrase A? Answer exactly 'Yes' or 'No' only. Do not provide any extra text.

[Question] Phrase B is staff_fail_to_guest_request. Phrase A is no_evident_not_happy_to_help_with_Covid_restriction.
",Yes
2026-08-10 22:49:28,3,4323,no_evident_not_staff_kept_suitcase_whole_day,staff_cannot_give_bus_to_airport_information,"Is phrase B contrary to phrase A? Answer exactly 'Yes' or 'No' only. Do not provide any extra text.

[Question] Phrase B is staff_cannot_give_bus_to_airport_information. Phrase A is no_evident_not_staff_kept_suitcase_whole_day.
",No
2026-08-10 22:49:28,3,4970,no_evident_not_advising_staff,staff_clean_after_complaint,"Is phrase B contrary to phrase A? Answer exactly 'Yes' or 'No' only. Do not provide any extra text.

[Question] Phrase B is staff_clean_after_complaint. Phrase A is no_evident_not_advising_staff.
",No
2026-08-10 22:49:28,3,3467,no_evident_not_staff_make_hotel_great,staff_not_provide_good_solution,"Is phrase B contrary to phrase A? Answer exactly 'Yes' or 'No' only. Do not provide any extra text.

[Question] Phrase B is staff_not_provide_good_solution. Phrase A is no_evident_not_staff_make_hotel_great.
",Yes
2026-08-10 22:49:28,3,1736,no_evident_not_friendly_service,staff_cannot_provide_double_bed,"Is phrase B contrary to phrase A? Answer exactly 'Yes' or 'No' only. Do not provide any extra text.

[Question] Phrase B is staff_cannot_provide_double_bed. Phrase A is no_evident_not_friendly_service.
",No
2026-08-10 22:49:28,3,4418,no_evident_not_can_speak_Greek,staff_clean_after_complaint,"Is phrase B contrary to phrase A? Answer exactly 'Yes' or 'No' only. Do not provide any extra text.

[Question] Phrase B is staff_clean_after_complaint. Phrase A is no_evident_not_can_speak_Greek.
",No
2026-08-10 22:49:29,3,6188,no_evident_not_staff_alway_smile,staff_not_speak_English_properly,"Is phrase B contrary to phrase A? Answer exactly 'Yes' or 'No' only. Do not provide any extra text.

[Question] Phrase B is staff_not_speak_English_properly. Phrase A is no_evident_not_staff_alway_smile.
",Yes
2026-08-10 22:49:29,3,5980,no_evident_not_staff_explain,only_one_staff_wear_mask,"Is phrase B contrary to phrase A? Answer exactly 'Yes' or 'No' only. Do not provide any extra text.

[Question] Phrase B is only_one_staff_wear_mask. Phrase A is no_evident_not_staff_explain.
",Yes
2026-08-10 22:49:29,3,5652,no_evident_not_staff_solve_problem_immediately,staff_not_provide_good_solution,"Is phrase B contrary to phrase A? Answer exactly 'Yes' or 'No' only. Do not provide any extra text.

[Question] Phrase B is staff_not_provide_good_solution. Phrase A is no_evident_not_staff_solve_problem_immediately.
",Yes
2026-08-10 22:49:29,3,1648,no_evident_not_can_speak_perfect_English,staff_enforce_cancellation_charge,"Is phrase B contrary to phrase A? Answer exactly 'Yes' or 'No' only. Do not provide any extra text.

[Question] Phrase B is staff_enforce_cancellation_charge. Phrase A is no_evident_not_can_speak_perfect_English.
",Yes
2026-08-10 22:49:29,3,5841,no_evident_not_can_request_socket,staff_cannot_give_bus_to_airport_information,"Is phrase B contrary to phrase A? Answer exactly 'Yes' or 'No' only. Do not provide any extra text.

[Question] Phrase B is staff_cannot_give_bus_to_airport_information. Phrase A is no_evident_not_can_request_socket.
",No
2026-08-10 22:49:30,3,2554,no_evident_not_staff_make_sure_we_had_great_stay,staff_not_speak_English_properly,"Is phrase B contrary to phrase A? Answer exactly 'Yes' or 'No' only. Do not provide any extra text.

[Question] Phrase B is staff_not_speak_English_properly. Phrase A is no_evident_not_staff_make_sure_we_had_great_stay.
",Yes
2026-08-10 22:49:30,3,3269,no_evident_not_superb_staff,staff_should_learn_better_English,"Is phrase B contrary to phrase A? Answer exactly 'Yes' or 'No' only. Do not provide any extra text.

[Question] Phrase B is staff_should_learn_better_English. Phrase A is no_evident_not_superb_staff.
",Yes
2026-08-10 22:49:30,3,5503,no_evident_not_staff_allow_leave_thing_after_check-out,staff_need_keep_update,"Is phrase B contrary to phrase A? Answer exactly 'Yes' or 'No' only. Do not provide any extra text.

[Question] Phrase B is staff_need_keep_update. Phrase A is no_evident_not_staff_allow_leave_thing_after_check-out.
",Yes
2026-08-10 22:49:30,3,3589,no_evident_not_staff_make_guest_comfortable,staff_not_speak_English_properly,"Is phrase B contrary to phrase A? Answer exactly 'Yes' or 'No' only. Do not provide any extra text.

[Question] Phrase B is staff_not_speak_English_properly. Phrase A is no_evident_not_staff_make_guest_comfortable.
",Yes
2026-08-10 22:49:30,3,3060,no_evident_not_great_management,staff_not_speak_English_properly,"Is phrase B contrary to phrase A? Answer exactly 'Yes' or 'No' only. Do not provide any extra text.

[Question] Phrase B is staff_not_speak_English_properly. Phrase A is no_evident_not_great_management.
",Yes
2026-08-10 22:49:30,3,4240,no_evident_not_welcoming_service_staff,no_empathy_staff,"Is phrase B contrary to phrase A? Answer exactly 'Yes' or 'No' only. Do not provide any extra text.

[Question] Phrase B is no_empathy_staff. Phrase A is no_evident_not_welcoming_service_staff.
",Yes
2026-08-10 22:49:31,3,3699,no_evident_not_greet_staff,staff_not_speak_Cypriot_language,"Is phrase B contrary to phrase A? Answer exactly 'Yes' or 'No' only. Do not provide any extra text.

[Question] Phrase B is staff_not_speak_Cypriot_language. Phrase A is no_evident_not_greet_staff.
",Yes
2026-08-10 22:49:31,3,992,no_evident_not_impressed_staff,staff_should_learn_better_English,"Is phrase B contrary to phrase A? Answer exactly 'Yes' or 'No' only. Do not provide any extra text.

[Question] Phrase B is staff_should_learn_better_English. Phrase A is no_evident_not_impressed_staff.
",Yes
2026-08-10 22:49:31,3,2031,no_evident_not_staff_make_stay_enjoyable,not_kind_staff,"Is phrase B contrary to phrase A? Answer exactly 'Yes' or 'No' only. Do not provide any extra text.

[Question] Phrase B is not_kind_staff. Phrase A is no_evident_not_staff_make_stay_enjoyable.
",Yes
2026-08-10 22:49:31,3,1841,no_evident_not_reassuring_service,staff_not_speak_English_properly,"Is phrase B contrary to phrase A? Answer exactly 'Yes' or 'No' only. Do not provide any extra text.

[Question] Phrase B is staff_not_speak_English_properly. Phrase A is no_evident_not_reassuring_service.
",Yes
2026-08-10 22:49:31,3,525,no_evident_not_kind_staff,staff_not_speak_Cypriot_language,"Is phrase B contrary to phrase A? Answer exactly 'Yes' or 'No' only. Do not provide any extra text.

[Question] Phrase B is staff_not_speak_Cypriot_language. Phrase A is no_evident_not_kind_staff.
",Yes
2026-08-10 22:49:31,3,2770,no_evident_not_staff_keen_to_please,staff_fail_to_guest_request,"Is phrase B contrary to phrase A? Answer exactly 'Yes' or 'No' only. Do not provide any extra text.

[Question] Phrase B is staff_fail_to_guest_request. Phrase A is no_evident_not_staff_keen_to_please.
",Yes
2026-08-10 22:49:32,3,173,no_evident_not_amazing_staff,offended_staff,"Is phrase B contrary to phrase A? Answer exactly 'Yes' or 'No' only. Do not provide any extra text.

[Question] Phrase B is offended_staff. Phrase A is no_evident_not_amazing_staff.
",Yes
2026-08-10 22:49:32,3,4820,no_evident_not_staff_speak_French,staff_not_justify_booking_issue,"Is phrase B contrary to phrase A? Answer exactly 'Yes' or 'No' only. Do not provide any extra text.

[Question] Phrase B is staff_not_justify_booking_issue. Phrase A is no_evident_not_staff_speak_French.
",No
2026-08-10 22:49:32,3,4538,no_evident_not_charming_staff,not_kind_staff,"Is phrase B contrary to phrase A? Answer exactly 'Yes' or 'No' only. Do not provide any extra text.

[Question] Phrase B is not_kind_staff. Phrase A is no_evident_not_charming_staff.
",Yes
2026-08-10 22:49:32,3,1886,no_evident_not_5_star_service,only_one_staff_wear_mask,"Is phrase B contrary to phrase A? Answer exactly 'Yes' or 'No' only. Do not provide any extra text.

[Question] Phrase B is only_one_staff_wear_mask. Phrase A is no_evident_not_5_star_service.
",Yes
2026-08-10 22:49:32,3,4821,no_evident_not_staff_speak_French,staff_charge_for_cancellation_while_no_cancellation_charge_in_Booking.com,"Is phrase B contrary to phrase A? Answer exactly 'Yes' or 'No' only. Do not provide any extra text.

[Question] Phrase B is staff_charge_for_cancellation_while_no_cancellation_charge_in_Booking.com. Phrase A is no_evident_not_staff_speak_French.
",No
2026-08-10 22:49:32,3,1805,no_evident_not_reachable_staff,staff_cannot_provide_double_bed,"Is phrase B contrary to phrase A? Answer exactly 'Yes' or 'No' only. Do not provide any extra text.

[Question] Phrase B is staff_cannot_provide_double_bed. Phrase A is no_evident_not_reachable_staff.
",No
2026-08-10 22:49:32,3,59,no_evident_not_nice_staff,staff_not_justify_booking_issue,"Is phrase B contrary to phrase A? Answer exactly 'Yes' or 'No' only. Do not provide any extra text.

[Question] Phrase B is staff_not_justify_booking_issue. Phrase A is no_evident_not_nice_staff.
",Yes
2026-08-10 22:49:33,3,582,no_evident_not_polite_staff,not_kind_staff,"Is phrase B contrary to phrase A? Answer exactly 'Yes' or 'No' only. Do not provide any extra text.

[Question] Phrase B is not_kind_staff. Phrase A is no_evident_not_polite_staff.
",Yes
2026-08-10 22:49:33,3,5799,no_evident_not_can_request_adapter,staff_should_learn_better_English,"Is phrase B contrary to phrase A? Answer exactly 'Yes' or 'No' only. Do not provide any extra text.

[Question] Phrase B is staff_should_learn_better_English. Phrase A is no_evident_not_can_request_adapter.
",Yes
2026-08-10 22:49:33,3,5170,no_evident_not_respond_to_help,staff_has_unaceptable_manner,"Is phrase B contrary to phrase A? Answer exactly 'Yes' or 'No' only. Do not provide any extra text.

[Question] Phrase B is staff_has_unaceptable_manner. Phrase A is no_evident_not_respond_to_help.
",Yes
2026-08-10 22:49:33,3,483,no_evident_not_staff_bring_back,only_one_staff_wear_mask,"Is phrase B contrary to phrase A? Answer exactly 'Yes' or 'No' only. Do not provide any extra text.

[Question] Phrase B is only_one_staff_wear_mask. Phrase A is no_evident_not_staff_bring_back.
",Yes
2026-08-10 22:49:33,3,1876,no_evident_not_5_star_service,staff_not_justify_booking_issue,"Is phrase B contrary to phrase A? Answer exactly 'Yes' or 'No' only. Do not provide any extra text.

[Question] Phrase B is staff_not_justify_booking_issue. Phrase A is no_evident_not_5_star_service.
",Yes
2026-08-10 22:49:33,3,553,no_evident_not_wonderful_staff,staff_not_speak_English_properly,"Is phrase B contrary to phrase A? Answer exactly 'Yes' or 'No' only. Do not provide any extra text.

[Question] Phrase B is staff_not_speak_English_properly. Phrase A is no_evident_not_wonderful_staff.
",Yes
2026-08-10 22:49:33,3,258,no_evident_not_friendly_staff,staff_need_improve_collaboration,"Is phrase B contrary to phrase A? Answer exactly 'Yes' or 'No' only. Do not provide any extra text.

[Question] Phrase B is staff_need_improve_collaboration. Phrase A is no_evident_not_friendly_staff.
",No
2026-08-10 22:49:34,3,2707,no_evident_not_staff_give_prime_parking,staff_mistakenly_throw_valuable_item_during_cleaning_service,"Is phrase B contrary to phrase A? Answer exactly 'Yes' or 'No' only. Do not provide any extra text.

[Question] Phrase B is staff_mistakenly_throw_valuable_item_during_cleaning_service. Phrase A is no_evident_not_staff_give_prime_parking.
",No
2026-08-10 22:49:34,3,581,no_evident_not_polite_staff,staff_need_keep_update,"Is phrase B contrary to phrase A? Answer exactly 'Yes' or 'No' only. Do not provide any extra text.

[Question] Phrase B is staff_need_keep_update. Phrase A is no_evident_not_polite_staff.
",No
2026-08-10 22:49:34,3,4212,no_evident_not_courteous_staff,staff_should_learn_better_English,"Is phrase B contrary to phrase A? Answer exactly 'Yes' or 'No' only. Do not provide any extra text.

[Question] Phrase B is staff_should_learn_better_English. Phrase A is no_evident_not_courteous_staff.
",Yes
2026-08-10 22:49:34,3,1950,no_evident_not_staff_arrange_car_to_airport,staff_has_unaceptable_manner,"Is phrase B contrary to phrase A? Answer exactly 'Yes' or 'No' only. Do not provide any extra text.

[Question] Phrase B is staff_has_unaceptable_manner. Phrase A is no_evident_not_staff_arrange_car_to_airport.
",Yes
2026-08-10 22:49:34,3,2282,no_evident_not_staff_recommend_place_to_visit,staff_need_improve_collaboration,"Is phrase B contrary to phrase A? Answer exactly 'Yes' or 'No' only. Do not provide any extra text.

[Question] Phrase B is staff_need_improve_collaboration. Phrase A is no_evident_not_staff_recommend_place_to_visit.
",Yes
2026-08-10 22:49:35,3,5481,no_evident_not_staff_pick_up_at_bus_stop,not_kind_staff,"Is phrase B contrary to phrase A? Answer exactly 'Yes' or 'No' only. Do not provide any extra text.

[Question] Phrase B is not_kind_staff. Phrase A is no_evident_not_staff_pick_up_at_bus_stop.
",Yes
2026-08-10 22:49:35,3,3977,no_evident_not_staff_alway_help,staff_not_understand_English_well,"Is phrase B contrary to phrase A? Answer exactly 'Yes' or 'No' only. Do not provide any extra text.

[Question] Phrase B is staff_not_understand_English_well. Phrase A is no_evident_not_staff_alway_help.
",Yes
2026-08-10 22:49:35,3,1756,no_evident_not_attentive_staff,no_empathy_staff,"Is phrase B contrary to phrase A? Answer exactly 'Yes' or 'No' only. Do not provide any extra text.

[Question] Phrase B is no_empathy_staff. Phrase A is no_evident_not_attentive_staff.
",Yes
2026-08-10 22:49:35,3,1084,no_evident_not_kindest_staff,staff_should_learn_better_English,"Is phrase B contrary to phrase A? Answer exactly 'Yes' or 'No' only. Do not provide any extra text.

[Question] Phrase B is staff_should_learn_better_English. Phrase A is no_evident_not_kindest_staff.
",Yes
2026-08-10 22:49:35,3,5926,no_evident_not_top_staff,staff_enforce_cancellation_charge,"Is phrase B contrary to phrase A? Answer exactly 'Yes' or 'No' only. Do not provide any extra text.

[Question] Phrase B is staff_enforce_cancellation_charge. Phrase A is no_evident_not_top_staff.
",No
2026-08-10 22:49:35,3,4678,no_evident_not_upgrade_room_free,staff_fail_to_communicate_with_taxi,"Is phrase B contrary to phrase A? Answer exactly 'Yes' or 'No' only. Do not provide any extra text.

[Question] Phrase B is staff_fail_to_communicate_with_taxi. Phrase A is no_evident_not_upgrade_room_free.
",No
2026-08-10 22:49:35,3,4721,no_evident_not_staff_left_clear_information_for_arrival,staff_need_keep_update,"Is phrase B contrary to phrase A? Answer exactly 'Yes' or 'No' only. Do not provide any extra text.

[Question] Phrase B is staff_need_keep_update. Phrase A is no_evident_not_staff_left_clear_information_for_arrival.
",Yes
2026-08-10 22:49:36,3,3873,no_evident_not_sweet_staff,staff_fail_to_communicate_with_taxi,"Is phrase B contrary to phrase A? Answer exactly 'Yes' or 'No' only. Do not provide any extra text.

[Question] Phrase B is staff_fail_to_communicate_with_taxi. Phrase A is no_evident_not_sweet_staff.
",No
2026-08-10 22:49:36,3,1991,no_evident_not_delightful_staff,staff_not_justify_booking_issue,"Is phrase B contrary to phrase A? Answer exactly 'Yes' or 'No' only. Do not provide any extra text.

[Question] Phrase B is staff_not_justify_booking_issue. Phrase A is no_evident_not_delightful_staff.
",No
2026-08-10 22:49:36,3,3875,no_evident_not_sweet_staff,staff_cannot_provide_double_bed,"Is phrase B contrary to phrase A? Answer exactly 'Yes' or 'No' only. Do not provide any extra text.

[Question] Phrase B is staff_cannot_provide_double_bed. Phrase A is no_evident_not_sweet_staff.
",No
2026-08-10 22:49:36,3,3335,no_evident_not_good_hospitality_staff,only_one_staff_wear_mask,"Is phrase B contrary to phrase A? Answer exactly 'Yes' or 'No' only. Do not provide any extra text.

[Question] Phrase B is only_one_staff_wear_mask. Phrase A is no_evident_not_good_hospitality_staff.
",Yes
2026-08-10 22:49:36,3,1560,no_evident_not_staff_offer_food,staff_not_speak_Cypriot_language,"Is phrase B contrary to phrase A? Answer exactly 'Yes' or 'No' only. Do not provide any extra text.

[Question] Phrase B is staff_not_speak_Cypriot_language. Phrase A is no_evident_not_staff_offer_food.
",No
2026-08-10 22:49:37,3,773,no_evident_not_good_service,staff_charge_for_cancellation_while_no_cancellation_charge_in_Booking.com,"Is phrase B contrary to phrase A? Answer exactly 'Yes' or 'No' only. Do not provide any extra text.

[Question] Phrase B is staff_charge_for_cancellation_while_no_cancellation_charge_in_Booking.com. Phrase A is no_evident_not_good_service.
",No
2026-08-10 22:49:37,3,795,no_evident_not_staff_reach_out_when_reception_close,staff_not_justify_booking_issue,"Is phrase B contrary to phrase A? Answer exactly 'Yes' or 'No' only. Do not provide any extra text.

[Question] Phrase B is staff_not_justify_booking_issue. Phrase A is no_evident_not_staff_reach_out_when_reception_close.
",No
2026-08-10 22:49:37,3,5399,no_evident_not_staff_give_early_check-in,staff_not_provide_good_solution,"Is phrase B contrary to phrase A? Answer exactly 'Yes' or 'No' only. Do not provide any extra text.

[Question] Phrase B is staff_not_provide_good_solution. Phrase A is no_evident_not_staff_give_early_check-in.
",Yes
2026-08-10 22:49:37,3,3532,no_evident_not_staff_make_guest_better_stay,staff_not_justify_booking_issue,"Is phrase B contrary to phrase A? Answer exactly 'Yes' or 'No' only. Do not provide any extra text.

[Question] Phrase B is staff_not_justify_booking_issue. Phrase A is no_evident_not_staff_make_guest_better_stay.
",Yes
2026-08-10 22:49:37,3,3470,no_evident_not_staff_make_hotel_great,no_staff_at_night,"Is phrase B contrary to phrase A? Answer exactly 'Yes' or 'No' only. Do not provide any extra text.

[Question] Phrase B is no_staff_at_night. Phrase A is no_evident_not_staff_make_hotel_great.
",Yes
2026-08-10 22:49:37,3,2903,no_evident_not_great_hospitality_staff,staff_need_improve_collaboration,"Is phrase B contrary to phrase A? Answer exactly 'Yes' or 'No' only. Do not provide any extra text.

[Question] Phrase B is staff_need_improve_collaboration. Phrase A is no_evident_not_great_hospitality_staff.
",Yes
2026-08-10 22:49:37,3,3368,no_evident_not_ready_to_help,staff_fail_to_guest_request,"Is phrase B contrary to phrase A? Answer exactly 'Yes' or 'No' only. Do not provide any extra text.

[Question] Phrase B is staff_fail_to_guest_request. Phrase A is no_evident_not_ready_to_help.
",No
2026-08-10 22:49:37,3,3826,no_evident_not_staff_give_good_advice,no_empathy_staff,"Is phrase B contrary to phrase A? Answer exactly 'Yes' or 'No' only. Do not provide any extra text.

[Question] Phrase B is no_empathy_staff. Phrase A is no_evident_not_staff_give_good_advice.
",Yes
2026-08-10 22:49:38,3,5973,no_evident_not_staff_explain,staff_mistakenly_throw_valuable_item_during_cleaning_service,"Is phrase B contrary to phrase A? Answer exactly 'Yes' or 'No' only. Do not provide any extra text.

[Question] Phrase B is staff_mistakenly_throw_valuable_item_during_cleaning_service. Phrase A is no_evident_not_staff_explain.
",Yes
2026-08-10 22:49:38,3,444,no_evident_not_staff_help_with_all_our_wish,not_kind_staff,"Is phrase B contrary to phrase A? Answer exactly 'Yes' or 'No' only. Do not provide any extra text.

[Question] Phrase B is not_kind_staff. Phrase A is no_evident_not_staff_help_with_all_our_wish.
",Yes
2026-08-10 22:49:38,3,5517,no_evident_not_staff_allow_leave_thing_after_check-out,no_staff_at_night,"Is phrase B contrary to phrase A? Answer exactly 'Yes' or 'No' only. Do not provide any extra text.

[Question] Phrase B is no_staff_at_night. Phrase A is no_evident_not_staff_allow_leave_thing_after_check-out.
",Yes
2026-08-10 22:49:38,3,5354,no_evident_not_service_of_staff,staff_has_unaceptable_manner,"Is phrase B contrary to phrase A? Answer exactly 'Yes' or 'No' only. Do not provide any extra text.

[Question] Phrase B is staff_has_unaceptable_manner. Phrase A is no_evident_not_service_of_staff.
",Yes
2026-08-10 22:49:39,3,5294,no_evident_not_staff_help_order_taxi_to_airport,staff_need_improve_organization,"Is phrase B contrary to phrase A? Answer exactly 'Yes' or 'No' only. Do not provide any extra text.

[Question] Phrase B is staff_need_improve_organization. Phrase A is no_evident_not_staff_help_order_taxi_to_airport.
",Yes
2026-08-10 22:49:39,3,497,no_evident_not_staff_buy_fresh_food,staff_charge_for_cancellation_while_no_cancellation_charge_in_Booking.com,"Is phrase B contrary to phrase A? Answer exactly 'Yes' or 'No' only. Do not provide any extra text.

[Question] Phrase B is staff_charge_for_cancellation_while_no_cancellation_charge_in_Booking.com. Phrase A is no_evident_not_staff_buy_fresh_food.
",No
2026-08-10 22:49:39,3,807,no_evident_not_lovely_smiling_staff,staff_clean_after_complaint,"Is phrase B contrary to phrase A? Answer exactly 'Yes' or 'No' only. Do not provide any extra text.

[Question] Phrase B is staff_clean_after_complaint. Phrase A is no_evident_not_lovely_smiling_staff.
",No
2026-08-10 22:49:39,3,3299,no_evident_not_good_team,staff_fail_to_guest_request,"Is phrase B contrary to phrase A? Answer exactly 'Yes' or 'No' only. Do not provide any extra text.

[Question] Phrase B is staff_fail_to_guest_request. Phrase A is no_evident_not_good_team.
",No
2026-08-10 22:49:39,3,5966,no_evident_not_staff_explain,staff_fail_to_communicate_with_taxi,"Is phrase B contrary to phrase A? Answer exactly 'Yes' or 'No' only. Do not provide any extra text.

[Question] Phrase B is staff_fail_to_communicate_with_taxi. Phrase A is no_evident_not_staff_explain.
",Yes
2026-08-10 22:49:39,3,2780,no_evident_not_staff_keen_to_please,no_staff_at_night,"Is phrase B contrary to phrase A? Answer exactly 'Yes' or 'No' only. Do not provide any extra text.

[Question] Phrase B is no_staff_at_night. Phrase A is no_evident_not_staff_keen_to_please.
",Yes
2026-08-10 22:49:39,3,896,no_evident_not_can_not_do_enough_for_guest,staff_cannot_give_bus_to_airport_information,"Is phrase B contrary to phrase A? Answer exactly 'Yes' or 'No' only. Do not provide any extra text.

[Question] Phrase B is staff_cannot_give_bus_to_airport_information. Phrase A is no_evident_not_can_not_do_enough_for_guest.
",Yes
2026-08-10 22:49:40,3,2037,no_evident_not_staff_make_stay_enjoyable,staff_not_justify_booking_issue,"Is phrase B contrary to phrase A? Answer exactly 'Yes' or 'No' only. Do not provide any extra text.

[Question] Phrase B is staff_not_justify_booking_issue. Phrase A is no_evident_not_staff_make_stay_enjoyable.
",No
2026-08-10 22:49:40,3,1570,no_evident_not_staff_offer_drink,staff_need_keep_update,"Is phrase B contrary to phrase A? Answer exactly 'Yes' or 'No' only. Do not provide any extra text.

[Question] Phrase B is staff_need_keep_update. Phrase A is no_evident_not_staff_offer_drink.
",Yes
2026-08-10 22:49:40,3,1559,no_evident_not_staff_offer_food,staff_has_unaceptable_manner,"Is phrase B contrary to phrase A? Answer exactly 'Yes' or 'No' only. Do not provide any extra text.

[Question] Phrase B is staff_has_unaceptable_manner. Phrase A is no_evident_not_staff_offer_food.
",Yes
2026-08-10 22:49:40,3,4394,no_evident_not_can_speak_4_language,staff_not_speak_English_properly,"Is phrase B contrary to phrase A? Answer exactly 'Yes' or 'No' only. Do not provide any extra text.

[Question] Phrase B is staff_not_speak_English_properly. Phrase A is no_evident_not_can_speak_4_language.
",Yes
2026-08-10 22:49:40,3,3676,no_evident_not_happy_staff,staff_not_speak_Cypriot_language,"Is phrase B contrary to phrase A? Answer exactly 'Yes' or 'No' only. Do not provide any extra text.

[Question] Phrase B is staff_not_speak_Cypriot_language. Phrase A is no_evident_not_happy_staff.
",No
2026-08-10 22:49:40,3,1149,no_evident_not_impeccable_service,staff_cannot_give_bus_to_airport_information,"Is phrase B contrary to phrase A? Answer exactly 'Yes' or 'No' only. Do not provide any extra text.

[Question] Phrase B is staff_cannot_give_bus_to_airport_information. Phrase A is no_evident_not_impeccable_service.
",No
2026-08-10 22:49:40,3,1504,no_evident_not_staff_aware_late_arraival,staff_fail_to_communicate_with_taxi,"Is phrase B contrary to phrase A? Answer exactly 'Yes' or 'No' only. Do not provide any extra text.

[Question] Phrase B is staff_fail_to_communicate_with_taxi. Phrase A is no_evident_not_staff_aware_late_arraival.
",Yes
2026-08-10 22:49:41,3,3790,no_evident_not_happy_to_help,staff_has_unaceptable_manner,"Is phrase B contrary to phrase A? Answer exactly 'Yes' or 'No' only. Do not provide any extra text.

[Question] Phrase B is staff_has_unaceptable_manner. Phrase A is no_evident_not_happy_to_help.
",Yes
2026-08-10 22:49:41,3,2047,no_evident_not_staff_make_stay_enjoyable,only_one_staff_wear_mask,"Is phrase B contrary to phrase A? Answer exactly 'Yes' or 'No' only. Do not provide any extra text.

[Question] Phrase B is only_one_staff_wear_mask. Phrase A is no_evident_not_staff_make_stay_enjoyable.
",Yes
2026-08-10 22:49:41,3,618,no_evident_not_caring_staff,no_staff_at_night,"Is phrase B contrary to phrase A? Answer exactly 'Yes' or 'No' only. Do not provide any extra text.

[Question] Phrase B is no_staff_at_night. Phrase A is no_evident_not_caring_staff.
",No
2026-08-10 22:49:41,3,4509,no_evident_not_kind_hospitality_staff,staff_not_speak_English_properly,"Is phrase B contrary to phrase A? Answer exactly 'Yes' or 'No' only. Do not provide any extra text.

[Question] Phrase B is staff_not_speak_English_properly. Phrase A is no_evident_not_kind_hospitality_staff.
",Yes
2026-08-10 22:49:41,3,3631,no_evident_not_staff_help_amazing,no_staff_at_night,"Is phrase B contrary to phrase A? Answer exactly 'Yes' or 'No' only. Do not provide any extra text.

[Question] Phrase B is no_staff_at_night. Phrase A is no_evident_not_staff_help_amazing.
",No
2026-08-10 22:49:41,3,803,no_evident_not_staff_reach_out_when_reception_close,staff_not_understand_English_well,"Is phrase B contrary to phrase A? Answer exactly 'Yes' or 'No' only. Do not provide any extra text.

[Question] Phrase B is staff_not_understand_English_well. Phrase A is no_evident_not_staff_reach_out_when_reception_close.
",Yes
2026-08-10 22:49:42,3,415,no_evident_not_supportive_staff,staff_not_speak_English_properly,"Is phrase B contrary to phrase A? Answer exactly 'Yes' or 'No' only. Do not provide any extra text.

[Question] Phrase B is staff_not_speak_English_properly. Phrase A is no_evident_not_supportive_staff.
",Yes
2026-08-10 22:49:42,3,5343,no_evident_not_service_of_staff,not_kind_staff,"Is phrase B contrary to phrase A? Answer exactly 'Yes' or 'No' only. Do not provide any extra text.

[Question] Phrase B is not_kind_staff. Phrase A is no_evident_not_service_of_staff.
",Yes
2026-08-10 22:49:42,3,4429,no_evident_not_can_speak_Greek,staff_not_justify_booking_issue,"Is phrase B contrary to phrase A? Answer exactly 'Yes' or 'No' only. Do not provide any extra text.

[Question] Phrase B is staff_not_justify_booking_issue. Phrase A is no_evident_not_can_speak_Greek.
",No
2026-08-10 22:49:42,3,121,no_evident_not_staff_show_how_nearby_bus_take_to_town_center,staff_need_keep_update,"Is phrase B contrary to phrase A? Answer exactly 'Yes' or 'No' only. Do not provide any extra text.

[Question] Phrase B is staff_need_keep_update. Phrase A is no_evident_not_staff_show_how_nearby_bus_take_to_town_center.
",Yes
2026-08-10 22:49:42,3,765,no_evident_not_good_service,staff_need_keep_update,"Is phrase B contrary to phrase A? Answer exactly 'Yes' or 'No' only. Do not provide any extra text.

[Question] Phrase B is staff_need_keep_update. Phrase A is no_evident_not_good_service.
",Yes
2026-08-10 22:49:42,3,6174,no_evident_not_perfect_welcome_at4am_arrival,staff_fail_to_guest_request,"Is phrase B contrary to phrase A? Answer exactly 'Yes' or 'No' only. Do not provide any extra text.

[Question] Phrase B is staff_fail_to_guest_request. Phrase A is no_evident_not_perfect_welcome_at4am_arrival.
",Yes
2026-08-10 22:49:42,3,1937,no_evident_not_staff_arrange_car_to_airport,staff_need_improve_collaboration,"Is phrase B contrary to phrase A? Answer exactly 'Yes' or 'No' only. Do not provide any extra text.

[Question] Phrase B is staff_need_improve_collaboration. Phrase A is no_evident_not_staff_arrange_car_to_airport.
",No
2026-08-10 22:49:43,3,1363,no_evident_not_congenial_staff,staff_need_keep_update,"Is phrase B contrary to phrase A? Answer exactly 'Yes' or 'No' only. Do not provide any extra text.

[Question] Phrase B is staff_need_keep_update. Phrase A is no_evident_not_congenial_staff.
",Yes
2026-08-10 22:49:43,3,3330,no_evident_not_good_hospitality_staff,staff_has_unaceptable_manner,"Is phrase B contrary to phrase A? Answer exactly 'Yes' or 'No' only. Do not provide any extra text.

[Question] Phrase B is staff_has_unaceptable_manner. Phrase A is no_evident_not_good_hospitality_staff.
",Yes
2026-08-10 22:49:43,3,3979,no_evident_not_staff_alway_help,only_one_staff_wear_mask,"Is phrase B contrary to phrase A? Answer exactly 'Yes' or 'No' only. Do not provide any extra text.

[Question] Phrase B is only_one_staff_wear_mask. Phrase A is no_evident_not_staff_alway_help.
",Yes
2026-08-10 22:49:43,3,3944,no_evident_not_availability_of_staff,staff_cannot_provide_double_bed,"Is phrase B contrary to phrase A? Answer exactly 'Yes' or 'No' only. Do not provide any extra text.

[Question] Phrase B is staff_cannot_provide_double_bed. Phrase A is no_evident_not_availability_of_staff.
",No
2026-08-10 22:49:43,3,1752,no_evident_not_attentive_staff,staff_need_improve_organization,"Is phrase B contrary to phrase A? Answer exactly 'Yes' or 'No' only. Do not provide any extra text.

[Question] Phrase B is staff_need_improve_organization. Phrase A is no_evident_not_attentive_staff.
",No
2026-08-10 22:49:44,3,3286,no_evident_not_superb_staff,no_staff_at_night,"Is phrase B contrary to phrase A? Answer exactly 'Yes' or 'No' only. Do not provide any extra text.

[Question] Phrase B is no_staff_at_night. Phrase A is no_evident_not_superb_staff.
",No
2026-08-10 22:49:44,3,481,no_evident_not_staff_bring_back,staff_not_understand_English_well,"Is phrase B contrary to phrase A? Answer exactly 'Yes' or 'No' only. Do not provide any extra text.

[Question] Phrase B is staff_not_understand_English_well. Phrase A is no_evident_not_staff_bring_back.
",Yes
2026-08-10 22:49:44,3,1349,no_evident_not_staff_agile_to_respond,staff_enforce_cancellation_charge,"Is phrase B contrary to phrase A? Answer exactly 'Yes' or 'No' only. Do not provide any extra text.

[Question] Phrase B is staff_enforce_cancellation_charge. Phrase A is no_evident_not_staff_agile_to_respond.
",No
2026-08-10 22:49:44,3,3105,no_evident_not_can_borrow_converter,only_one_staff_wear_mask,"Is phrase B contrary to phrase A? Answer exactly 'Yes' or 'No' only. Do not provide any extra text.

[Question] Phrase B is only_one_staff_wear_mask. Phrase A is no_evident_not_can_borrow_converter.
",Yes
2026-08-10 22:49:44,3,18,no_evident_not_helpful_staff,staff_has_unaceptable_manner,"Is phrase B contrary to phrase A? Answer exactly 'Yes' or 'No' only. Do not provide any extra text.

[Question] Phrase B is staff_has_unaceptable_manner. Phrase A is no_evident_not_helpful_staff.
",Yes
2026-08-10 22:49:44,3,3199,no_evident_not_kind-hearted_staff,staff_clean_after_complaint,"Is phrase B contrary to phrase A? Answer exactly 'Yes' or 'No' only. Do not provide any extra text.

[Question] Phrase B is staff_clean_after_complaint. Phrase A is no_evident_not_kind-hearted_staff.
",No
2026-08-10 22:49:45,3,2173,no_evident_not_happy_to_help_with_Covid_restriction,staff_cannot_provide_double_bed,"Is phrase B contrary to phrase A? Answer exactly 'Yes' or 'No' only. Do not provide any extra text.

[Question] Phrase B is staff_cannot_provide_double_bed. Phrase A is no_evident_not_happy_to_help_with_Covid_restriction.
",No
2026-08-10 22:49:45,3,3728,no_evident_not_can_speak_French,staff_clean_after_complaint,"Is phrase B contrary to phrase A? Answer exactly 'Yes' or 'No' only. Do not provide any extra text.

[Question] Phrase B is staff_clean_after_complaint. Phrase A is no_evident_not_can_speak_French.
",No
2026-08-10 22:49:45,3,2337,no_evident_not_gone_above_and_beyond_to_help_us,staff_charge_for_cancellation_while_no_cancellation_charge_in_Booking.com,"Is phrase B contrary to phrase A? Answer exactly 'Yes' or 'No' only. Do not provide any extra text.

[Question] Phrase B is staff_charge_for_cancellation_while_no_cancellation_charge_in_Booking.com. Phrase A is no_evident_not_gone_above_and_beyond_to_help_us.
",Yes
2026-08-10 22:49:45,3,3466,no_evident_not_staff_make_hotel_great,staff_mistakenly_throw_valuable_item_during_cleaning_service,"Is phrase B contrary to phrase A? Answer exactly 'Yes' or 'No' only. Do not provide any extra text.

[Question] Phrase B is staff_mistakenly_throw_valuable_item_during_cleaning_service. Phrase A is no_evident_not_staff_make_hotel_great.
",No
2026-08-10 22:49:45,3,5707,no_evident_not_sympathy_of_restaurant_staff,staff_should_learn_better_English,"Is phrase B contrary to phrase A? Answer exactly 'Yes' or 'No' only. Do not provide any extra text.

[Question] Phrase B is staff_should_learn_better_English. Phrase A is no_evident_not_sympathy_of_restaurant_staff.
",Yes
2026-08-10 22:49:46,3,5985,no_evident_not_staff_do_everything_to_compensate_inconvenience,staff_need_improve_collaboration,"Is phrase B contrary to phrase A? Answer exactly 'Yes' or 'No' only. Do not provide any extra text.

[Question] Phrase B is staff_need_improve_collaboration. Phrase A is no_evident_not_staff_do_everything_to_compensate_inconvenience.
",Yes
2026-08-10 22:49:46,3,4553,no_evident_not_charming_staff,staff_cannot_give_bus_to_airport_information,"Is phrase B contrary to phrase A? Answer exactly 'Yes' or 'No' only. Do not provide any extra text.

[Question] Phrase B is staff_cannot_give_bus_to_airport_information. Phrase A is no_evident_not_charming_staff.
",No
2026-08-10 22:49:46,3,5886,no_evident_not_cordial_staff,staff_not_understand_English_well,"Is phrase B contrary to phrase A? Answer exactly 'Yes' or 'No' only. Do not provide any extra text.

[Question] Phrase B is staff_not_understand_English_well. Phrase A is no_evident_not_cordial_staff.
",Yes
2026-08-10 22:49:46,3,5423,no_evident_not_staff_give_early_check-out,staff_has_unaceptable_manner,"Is phrase B contrary to phrase A? Answer exactly 'Yes' or 'No' only. Do not provide any extra text.

[Question] Phrase B is staff_has_unaceptable_manner. Phrase A is no_evident_not_staff_give_early_check-out.
",Yes
2026-08-10 22:49:46,3,3987,no_evident_not_staff_give_family_atmosphere,no_empathy_staff,"Is phrase B contrary to phrase A? Answer exactly 'Yes' or 'No' only. Do not provide any extra text.

[Question] Phrase B is no_empathy_staff. Phrase A is no_evident_not_staff_give_family_atmosphere.
",Yes
2026-08-10 22:49:47,3,1269,no_evident_not_staff_quick_check-in,staff_need_improve_organization,"Is phrase B contrary to phrase A? Answer exactly 'Yes' or 'No' only. Do not provide any extra text.

[Question] Phrase B is staff_need_improve_organization. Phrase A is no_evident_not_staff_quick_check-in.
",No
2026-08-10 22:49:47,3,1556,no_evident_not_staff_offer_food,staff_enforce_cancellation_charge,"Is phrase B contrary to phrase A? Answer exactly 'Yes' or 'No' only. Do not provide any extra text.

[Question] Phrase B is staff_enforce_cancellation_charge. Phrase A is no_evident_not_staff_offer_food.
",No
2026-08-10 22:49:47,3,2431,no_evident_not_fantastic_staff,staff_mistakenly_throw_valuable_item_during_cleaning_service,"Is phrase B contrary to phrase A? Answer exactly 'Yes' or 'No' only. Do not provide any extra text.

[Question] Phrase B is staff_mistakenly_throw_valuable_item_during_cleaning_service. Phrase A is no_evident_not_fantastic_staff.
",Yes
2026-08-10 22:49:47,3,1784,no_evident_not_superb_service,staff_not_justify_booking_issue,"Is phrase B contrary to phrase A? Answer exactly 'Yes' or 'No' only. Do not provide any extra text.

[Question] Phrase B is staff_not_justify_booking_issue. Phrase A is no_evident_not_superb_service.
",No
2026-08-10 22:49:47,3,480,no_evident_not_staff_bring_back,no_staff_at_night,"Is phrase B contrary to phrase A? Answer exactly 'Yes' or 'No' only. Do not provide any extra text.

[Question] Phrase B is no_staff_at_night. Phrase A is no_evident_not_staff_bring_back.
",No
2026-08-10 22:49:47,3,4745,no_evident_not_staff_left_precise_information_for_arrival,not_kind_staff,"Is phrase B contrary to phrase A? Answer exactly 'Yes' or 'No' only. Do not provide any extra text.

[Question] Phrase B is not_kind_staff. Phrase A is no_evident_not_staff_left_precise_information_for_arrival.
",Yes
2026-08-10 22:49:47,3,6028,no_evident_not_staff_prepare_pool,staff_clean_after_complaint,"Is phrase B contrary to phrase A? Answer exactly 'Yes' or 'No' only. Do not provide any extra text.

[Question] Phrase B is staff_clean_after_complaint. Phrase A is no_evident_not_staff_prepare_pool.
",No
2026-08-10 22:49:48,3,4442,no_evident_not_can_speak_English,staff_should_learn_better_English,"Is phrase B contrary to phrase A? Answer exactly 'Yes' or 'No' only. Do not provide any extra text.

[Question] Phrase B is staff_should_learn_better_English. Phrase A is no_evident_not_can_speak_English.
",Yes
2026-08-10 22:49:48,3,500,no_evident_not_staff_buy_fresh_food,staff_not_provide_good_solution,"Is phrase B contrary to phrase A? Answer exactly 'Yes' or 'No' only. Do not provide any extra text.

[Question] Phrase B is staff_not_provide_good_solution. Phrase A is no_evident_not_staff_buy_fresh_food.
",Yes
2026-08-10 22:49:48,3,6128,no_evident_not_willing_to_help_staff,staff_fail_to_guest_request,"Is phrase B contrary to phrase A? Answer exactly 'Yes' or 'No' only. Do not provide any extra text.

[Question] Phrase B is staff_fail_to_guest_request. Phrase A is no_evident_not_willing_to_help_staff.
",Yes
2026-08-10 22:49:48,3,2570,no_evident_not_staff_make_sure_we_had_great_stay,staff_not_provide_good_solution,"Is phrase B contrary to phrase A? Answer exactly 'Yes' or 'No' only. Do not provide any extra text.

[Question] Phrase B is staff_not_provide_good_solution. Phrase A is no_evident_not_staff_make_sure_we_had_great_stay.
",Yes
2026-08-10 22:49:48,3,469,no_evident_not_staff_bring_back,staff_fail_to_communicate_with_taxi,"Is phrase B contrary to phrase A? Answer exactly 'Yes' or 'No' only. Do not provide any extra text.

[Question] Phrase B is staff_fail_to_communicate_with_taxi. Phrase A is no_evident_not_staff_bring_back.
",No
2026-08-10 22:49:49,3,411,no_evident_not_staff_make_it,no_staff_at_night,"Is phrase B contrary to phrase A? Answer exactly 'Yes' or 'No' only. Do not provide any extra text.

[Question] Phrase B is no_staff_at_night. Phrase A is no_evident_not_staff_make_it.
",No
2026-08-10 22:49:49,3,4786,no_evident_not_sympathy_staff,staff_clean_after_complaint,"Is phrase B contrary to phrase A? Answer exactly 'Yes' or 'No' only. Do not provide any extra text.

[Question] Phrase B is staff_clean_after_complaint. Phrase A is no_evident_not_sympathy_staff.
",No
2026-08-10 22:49:49,3,3906,no_evident_not_pleasant_contact_staff,staff_not_speak_Cypriot_language,"Is phrase B contrary to phrase A? Answer exactly 'Yes' or 'No' only. Do not provide any extra text.

[Question] Phrase B is staff_not_speak_Cypriot_language. Phrase A is no_evident_not_pleasant_contact_staff.
",Yes
2026-08-10 22:49:49,3,4120,no_evident_not_staff_order_taxi,staff_should_learn_better_English,"Is phrase B contrary to phrase A? Answer exactly 'Yes' or 'No' only. Do not provide any extra text.

[Question] Phrase B is staff_should_learn_better_English. Phrase A is no_evident_not_staff_order_taxi.
",Yes
2026-08-10 22:49:49,3,4351,no_evident_not_staff_help_with_everything,staff_need_improve_organization,"Is phrase B contrary to phrase A? Answer exactly 'Yes' or 'No' only. Do not provide any extra text.

[Question] Phrase B is staff_need_improve_organization. Phrase A is no_evident_not_staff_help_with_everything.
",Yes
2026-08-10 22:49:49,3,1290,no_evident_not_stored_luggage_for_us,staff_clean_after_complaint,"Is phrase B contrary to phrase A? Answer exactly 'Yes' or 'No' only. Do not provide any extra text.

[Question] Phrase B is staff_clean_after_complaint. Phrase A is no_evident_not_stored_luggage_for_us.
",No
2026-08-10 22:49:50,3,466,no_evident_not_staff_bring_back,staff_need_keep_update,"Is phrase B contrary to phrase A? Answer exactly 'Yes' or 'No' only. Do not provide any extra text.

[Question] Phrase B is staff_need_keep_update. Phrase A is no_evident_not_staff_bring_back.
",No
2026-08-10 22:49:50,3,4161,no_evident_not_staff_help_with_car_rental,staff_not_understand_English_well,"Is phrase B contrary to phrase A? Answer exactly 'Yes' or 'No' only. Do not provide any extra text.

[Question] Phrase B is staff_not_understand_English_well. Phrase A is no_evident_not_staff_help_with_car_rental.
",Yes
2026-08-10 22:49:50,3,657,no_evident_not_staff_explain_information_clearly,staff_not_justify_booking_issue,"Is phrase B contrary to phrase A? Answer exactly 'Yes' or 'No' only. Do not provide any extra text.

[Question] Phrase B is staff_not_justify_booking_issue. Phrase A is no_evident_not_staff_explain_information_clearly.
",Yes
2026-08-10 22:49:50,3,1523,no_evident_not_staff_track_flight,staff_need_improve_collaboration,"Is phrase B contrary to phrase A? Answer exactly 'Yes' or 'No' only. Do not provide any extra text.

[Question] Phrase B is staff_need_improve_collaboration. Phrase A is no_evident_not_staff_track_flight.
",No
2026-08-10 22:49:50,3,562,no_evident_not_wonderful_staff,staff_fail_to_guest_request,"Is phrase B contrary to phrase A? Answer exactly 'Yes' or 'No' only. Do not provide any extra text.

[Question] Phrase B is staff_fail_to_guest_request. Phrase A is no_evident_not_wonderful_staff.
",Yes
2026-08-10 22:49:50,3,4875,no_evident_not_staff_think_all_detail,staff_cannot_give_bus_to_airport_information,"Is phrase B contrary to phrase A? Answer exactly 'Yes' or 'No' only. Do not provide any extra text.

[Question] Phrase B is staff_cannot_give_bus_to_airport_information. Phrase A is no_evident_not_staff_think_all_detail.
",Yes
2026-08-10 22:49:51,3,557,no_evident_not_wonderful_staff,staff_need_improve_collaboration,"Is phrase B contrary to phrase A? Answer exactly 'Yes' or 'No' only. Do not provide any extra text.

[Question] Phrase B is staff_need_improve_collaboration. Phrase A is no_evident_not_wonderful_staff.
",Yes
2026-08-10 22:49:51,3,5532,no_evident_not_staff_clean_everyday,offended_staff,"Is phrase B contrary to phrase A? Answer exactly 'Yes' or 'No' only. Do not provide any extra text.

[Question] Phrase B is offended_staff. Phrase A is no_evident_not_staff_clean_everyday.
",Yes
2026-08-10 22:49:51,3,1927,no_evident_not_professional_staff,staff_has_unaceptable_manner,"Is phrase B contrary to phrase A? Answer exactly 'Yes' or 'No' only. Do not provide any extra text.

[Question] Phrase B is staff_has_unaceptable_manner. Phrase A is no_evident_not_professional_staff.
",Yes
2026-08-10 22:49:51,3,3308,no_evident_not_good_team,staff_not_speak_Cypriot_language,"Is phrase B contrary to phrase A? Answer exactly 'Yes' or 'No' only. Do not provide any extra text.

[Question] Phrase B is staff_not_speak_Cypriot_language. Phrase A is no_evident_not_good_team.
",No
2026-08-10 22:49:51,3,983,no_evident_not_excellent_staff,staff_not_provide_good_solution,"Is phrase B contrary to phrase A? Answer exactly 'Yes' or 'No' only. Do not provide any extra text.

[Question] Phrase B is staff_not_provide_good_solution. Phrase A is no_evident_not_excellent_staff.
",Yes
2026-08-10 22:49:51,3,4667,no_evident_not_staff_help_with_everything_needed,staff_not_understand_English_well,"Is phrase B contrary to phrase A? Answer exactly 'Yes' or 'No' only. Do not provide any extra text.

[Question] Phrase B is staff_not_understand_English_well. Phrase A is no_evident_not_staff_help_with_everything_needed.
",Yes
2026-08-10 22:49:51,3,2017,no_evident_not_eager_to_help,staff_mistakenly_throw_valuable_item_during_cleaning_service,"Is phrase B contrary to phrase A? Answer exactly 'Yes' or 'No' only. Do not provide any extra text.

[Question] Phrase B is staff_mistakenly_throw_valuable_item_during_cleaning_service. Phrase A is no_evident_not_eager_to_help.
",Yes
2026-08-10 22:49:52,3,4743,no_evident_not_staff_left_precise_information_for_arrival,staff_need_improve_collaboration,"Is phrase B contrary to phrase A? Answer exactly 'Yes' or 'No' only. Do not provide any extra text.

[Question] Phrase B is staff_need_improve_collaboration. Phrase A is no_evident_not_staff_left_precise_information_for_arrival.
",No
2026-08-10 22:49:52,3,4871,no_evident_not_staff_think_all_detail,staff_has_unaceptable_manner,"Is phrase B contrary to phrase A? Answer exactly 'Yes' or 'No' only. Do not provide any extra text.

[Question] Phrase B is staff_has_unaceptable_manner. Phrase A is no_evident_not_staff_think_all_detail.
",Yes
2026-08-10 22:49:52,3,326,no_evident_not_staff_go_out_of_their_way_for_us,staff_need_improve_organization,"Is phrase B contrary to phrase A? Answer exactly 'Yes' or 'No' only. Do not provide any extra text.

[Question] Phrase B is staff_need_improve_organization. Phrase A is no_evident_not_staff_go_out_of_their_way_for_us.
",Yes
2026-08-10 22:49:52,3,5074,no_evident_not_staff_take_care_well-being_of_guest,staff_charge_for_cancellation_while_no_cancellation_charge_in_Booking.com,"Is phrase B contrary to phrase A? Answer exactly 'Yes' or 'No' only. Do not provide any extra text.

[Question] Phrase B is staff_charge_for_cancellation_while_no_cancellation_charge_in_Booking.com. Phrase A is no_evident_not_staff_take_care_well-being_of_guest.
",No
2026-08-10 22:49:52,3,672,no_evident_not_hospitality_staff,staff_need_improve_collaboration,"Is phrase B contrary to phrase A? Answer exactly 'Yes' or 'No' only. Do not provide any extra text.

[Question] Phrase B is staff_need_improve_collaboration. Phrase A is no_evident_not_hospitality_staff.
",Yes
2026-08-10 22:49:52,3,3435,no_evident_not_grateful_for_staff,no_empathy_staff,"Is phrase B contrary to phrase A? Answer exactly 'Yes' or 'No' only. Do not provide any extra text.

[Question] Phrase B is no_empathy_staff. Phrase A is no_evident_not_grateful_for_staff.
",Yes
2026-08-10 22:49:53,3,5386,no_evident_not_staff_give_early_check-in,staff_need_improve_organization,"Is phrase B contrary to phrase A? Answer exactly 'Yes' or 'No' only. Do not provide any extra text.

[Question] Phrase B is staff_need_improve_organization. Phrase A is no_evident_not_staff_give_early_check-in.
",Yes
2026-08-10 22:49:53,3,4782,no_evident_not_staff_send_phot_for_arrival,staff_not_understand_English_well,"Is phrase B contrary to phrase A? Answer exactly 'Yes' or 'No' only. Do not provide any extra text.

[Question] Phrase B is staff_not_understand_English_well. Phrase A is no_evident_not_staff_send_phot_for_arrival.
",Yes
2026-08-10 22:49:53,3,4631,no_evident_not_staff_help_with_all_question,no_empathy_staff,"Is phrase B contrary to phrase A? Answer exactly 'Yes' or 'No' only. Do not provide any extra text.

[Question] Phrase B is no_empathy_staff. Phrase A is no_evident_not_staff_help_with_all_question.
",Yes
2026-08-10 22:49:53,3,4283,no_evident_not_staff_ready_to_help,staff_need_improve_collaboration,"Is phrase B contrary to phrase A? Answer exactly 'Yes' or 'No' only. Do not provide any extra text.

[Question] Phrase B is staff_need_improve_collaboration. Phrase A is no_evident_not_staff_ready_to_help.
",Yes
2026-08-10 22:49:53,3,2592,no_evident_not_customer-centric_staff,staff_mistakenly_throw_valuable_item_during_cleaning_service,"Is phrase B contrary to phrase A? Answer exactly 'Yes' or 'No' only. Do not provide any extra text.

[Question] Phrase B is staff_mistakenly_throw_valuable_item_during_cleaning_service. Phrase A is no_evident_not_customer-centric_staff.
",Yes
2026-08-10 22:49:53,3,2137,no_evident_not_staff_allow_to_keep_room_longer_because_flight_cancelled,staff_not_understand_English_well,"Is phrase B contrary to phrase A? Answer exactly 'Yes' or 'No' only. Do not provide any extra text.

[Question] Phrase B is staff_not_understand_English_well. Phrase A is no_evident_not_staff_allow_to_keep_room_longer_because_flight_cancelled.
",Yes
2026-08-10 22:49:53,3,1674,no_evident_not_staff_make_late_check-in_simple,staff_has_unaceptable_manner,"Is phrase B contrary to phrase A? Answer exactly 'Yes' or 'No' only. Do not provide any extra text.

[Question] Phrase B is staff_has_unaceptable_manner. Phrase A is no_evident_not_staff_make_late_check-in_simple.
",Yes
2026-08-10 22:49:54,3,5487,no_evident_not_staff_pick_up_at_bus_stop,staff_not_justify_booking_issue,"Is phrase B contrary to phrase A? Answer exactly 'Yes' or 'No' only. Do not provide any extra text.

[Question] Phrase B is staff_not_justify_booking_issue. Phrase A is no_evident_not_staff_pick_up_at_bus_stop.
",No
2026-08-10 22:49:54,3,5868,no_evident_not_cordial_staff,staff_should_learn_better_English,"Is phrase B contrary to phrase A? Answer exactly 'Yes' or 'No' only. Do not provide any extra text.

[Question] Phrase B is staff_should_learn_better_English. Phrase A is no_evident_not_cordial_staff.
",Yes
2026-08-10 22:49:54,3,2574,no_evident_not_staff_make_sure_we_had_great_stay,staff_not_understand_English_well,"Is phrase B contrary to phrase A? Answer exactly 'Yes' or 'No' only. Do not provide any extra text.

[Question] Phrase B is staff_not_understand_English_well. Phrase A is no_evident_not_staff_make_sure_we_had_great_stay.
",Yes
2026-08-10 22:49:54,3,1956,no_evident_not_staff_arrange_taxi_from_airport,staff_not_speak_English_properly,"Is phrase B contrary to phrase A? Answer exactly 'Yes' or 'No' only. Do not provide any extra text.

[Question] Phrase B is staff_not_speak_English_properly. Phrase A is no_evident_not_staff_arrange_taxi_from_airport.
",Yes
2026-08-10 22:49:54,3,2176,no_evident_not_happy_to_help_with_Covid_restriction,staff_charge_for_cancellation_while_no_cancellation_charge_in_Booking.com,"Is phrase B contrary to phrase A? Answer exactly 'Yes' or 'No' only. Do not provide any extra text.

[Question] Phrase B is staff_charge_for_cancellation_while_no_cancellation_charge_in_Booking.com. Phrase A is no_evident_not_happy_to_help_with_Covid_restriction.
",No
2026-08-10 22:49:54,3,3243,no_evident_not_staff_recommend_place,only_one_staff_wear_mask,"Is phrase B contrary to phrase A? Answer exactly 'Yes' or 'No' only. Do not provide any extra text.

[Question] Phrase B is only_one_staff_wear_mask. Phrase A is no_evident_not_staff_recommend_place.
",No
2026-08-10 22:49:55,3,1073,no_evident_not_fantastic_service,staff_enforce_cancellation_charge,"Is phrase B contrary to phrase A? Answer exactly 'Yes' or 'No' only. Do not provide any extra text.

[Question] Phrase B is staff_enforce_cancellation_charge. Phrase A is no_evident_not_fantastic_service.
",No
2026-08-10 22:49:55,3,5288,no_evident_not_pleasant_welcome,staff_not_understand_English_well,"Is phrase B contrary to phrase A? Answer exactly 'Yes' or 'No' only. Do not provide any extra text.

[Question] Phrase B is staff_not_understand_English_well. Phrase A is no_evident_not_pleasant_welcome.
",Yes
2026-08-10 22:49:55,3,2458,no_evident_not_quick_response_staff,no_staff_at_night,"Is phrase B contrary to phrase A? Answer exactly 'Yes' or 'No' only. Do not provide any extra text.

[Question] Phrase B is no_staff_at_night. Phrase A is no_evident_not_quick_response_staff.
",Yes
2026-08-10 22:49:55,3,3746,no_evident_not_can_speak_French,no_staff_at_night,"Is phrase B contrary to phrase A? Answer exactly 'Yes' or 'No' only. Do not provide any extra text.

[Question] Phrase B is no_staff_at_night. Phrase A is no_evident_not_can_speak_French.
",No
2026-08-10 22:49:55,3,2591,no_evident_not_customer-centric_staff,staff_enforce_cancellation_charge,"Is phrase B contrary to phrase A? Answer exactly 'Yes' or 'No' only. Do not provide any extra text.

[Question] Phrase B is staff_enforce_cancellation_charge. Phrase A is no_evident_not_customer-centric_staff.
",No
2026-08-10 22:49:55,3,6160,no_evident_not_warm_welcome_in_French,staff_not_speak_Cypriot_language,"Is phrase B contrary to phrase A? Answer exactly 'Yes' or 'No' only. Do not provide any extra text.

[Question] Phrase B is staff_not_speak_Cypriot_language. Phrase A is no_evident_not_warm_welcome_in_French.
",Yes
2026-08-10 22:49:55,3,595,no_evident_not_polite_staff,no_staff_at_night,"Is phrase B contrary to phrase A? Answer exactly 'Yes' or 'No' only. Do not provide any extra text.

[Question] Phrase B is no_staff_at_night. Phrase A is no_evident_not_polite_staff.
",No
2026-08-10 22:49:55,3,77,no_evident_not_great_staff,no_empathy_staff,"Is phrase B contrary to phrase A? Answer exactly 'Yes' or 'No' only. Do not provide any extra text.

[Question] Phrase B is no_empathy_staff. Phrase A is no_evident_not_great_staff.
",Yes
2026-08-10 22:49:56,3,3755,no_evident_not_competent_staff,staff_need_keep_update,"Is phrase B contrary to phrase A? Answer exactly 'Yes' or 'No' only. Do not provide any extra text.

[Question] Phrase B is staff_need_keep_update. Phrase A is no_evident_not_competent_staff.
",Yes
2026-08-10 22:49:56,3,5089,no_evident_not_incredible_staff,staff_need_keep_update,"Is phrase B contrary to phrase A? Answer exactly 'Yes' or 'No' only. Do not provide any extra text.

[Question] Phrase B is staff_need_keep_update. Phrase A is no_evident_not_incredible_staff.
",No
2026-08-10 22:49:56,3,4613,no_evident_not_staff_give_arrival_explanation,staff_not_justify_booking_issue,"Is phrase B contrary to phrase A? Answer exactly 'Yes' or 'No' only. Do not provide any extra text.

[Question] Phrase B is staff_not_justify_booking_issue. Phrase A is no_evident_not_staff_give_arrival_explanation.
",Yes
2026-08-10 22:49:56,3,820,no_evident_not_lovely_smiling_staff,staff_enforce_cancellation_charge,"Is phrase B contrary to phrase A? Answer exactly 'Yes' or 'No' only. Do not provide any extra text.

[Question] Phrase B is staff_enforce_cancellation_charge. Phrase A is no_evident_not_lovely_smiling_staff.
",Yes
2026-08-10 22:49:56,3,601,no_evident_not_caring_staff,staff_should_learn_better_English,"Is phrase B contrary to phrase A? Answer exactly 'Yes' or 'No' only. Do not provide any extra text.

[Question] Phrase B is staff_should_learn_better_English. Phrase A is no_evident_not_caring_staff.
",Yes
2026-08-10 22:49:56,3,4405,no_evident_not_can_speak_4_language,offended_staff,"Is phrase B contrary to phrase A? Answer exactly 'Yes' or 'No' only. Do not provide any extra text.

[Question] Phrase B is offended_staff. Phrase A is no_evident_not_can_speak_4_language.
",Yes
2026-08-10 22:49:57,3,1747,no_evident_not_friendly_service,staff_cannot_give_bus_to_airport_information,"Is phrase B contrary to phrase A? Answer exactly 'Yes' or 'No' only. Do not provide any extra text.

[Question] Phrase B is staff_cannot_give_bus_to_airport_information. Phrase A is no_evident_not_friendly_service.
",Yes
2026-08-10 22:49:57,3,4145,no_evident_not_staff_help_with_car_rental,staff_need_improve_collaboration,"Is phrase B contrary to phrase A? Answer exactly 'Yes' or 'No' only. Do not provide any extra text.

[Question] Phrase B is staff_need_improve_collaboration. Phrase A is no_evident_not_staff_help_with_car_rental.
",Yes
2026-08-10 22:49:57,3,2860,no_evident_not_make_stay_enjoyable,no_empathy_staff,"Is phrase B contrary to phrase A? Answer exactly 'Yes' or 'No' only. Do not provide any extra text.

[Question] Phrase B is no_empathy_staff. Phrase A is no_evident_not_make_stay_enjoyable.
",Yes
2026-08-10 22:49:57,3,1086,no_evident_not_kindest_staff,staff_need_improve_collaboration,"Is phrase B contrary to phrase A? Answer exactly 'Yes' or 'No' only. Do not provide any extra text.

[Question] Phrase B is staff_need_improve_collaboration. Phrase A is no_evident_not_kindest_staff.
",Yes
2026-08-10 22:49:57,3,564,no_evident_not_wonderful_staff,offended_staff,"Is phrase B contrary to phrase A? Answer exactly 'Yes' or 'No' only. Do not provide any extra text.

[Question] Phrase B is offended_staff. Phrase A is no_evident_not_wonderful_staff.
",Yes
2026-08-10 22:49:58,3,2002,no_evident_not_eager_to_help,staff_not_speak_English_properly,"Is phrase B contrary to phrase A? Answer exactly 'Yes' or 'No' only. Do not provide any extra text.

[Question] Phrase B is staff_not_speak_English_properly. Phrase A is no_evident_not_eager_to_help.
",Yes
2026-08-10 22:49:58,3,3028,no_evident_not_staff_facilitate_shuttle_service_from_airport,staff_enforce_cancellation_charge,"Is phrase B contrary to phrase A? Answer exactly 'Yes' or 'No' only. Do not provide any extra text.

[Question] Phrase B is staff_enforce_cancellation_charge. Phrase A is no_evident_not_staff_facilitate_shuttle_service_from_airport.
",No
2026-08-10 22:49:58,3,2335,no_evident_not_gone_above_and_beyond_to_help_us,offended_staff,"Is phrase B contrary to phrase A? Answer exactly 'Yes' or 'No' only. Do not provide any extra text.

[Question] Phrase B is offended_staff. Phrase A is no_evident_not_gone_above_and_beyond_to_help_us.
",Yes
2026-08-10 22:49:58,3,1293,no_evident_not_stored_luggage_for_us,staff_need_improve_collaboration,"Is phrase B contrary to phrase A? Answer exactly 'Yes' or 'No' only. Do not provide any extra text.

[Question] Phrase B is staff_need_improve_collaboration. Phrase A is no_evident_not_stored_luggage_for_us.
",No
2026-08-10 22:49:58,3,3590,no_evident_not_staff_make_guest_comfortable,staff_clean_after_complaint,"Is phrase B contrary to phrase A? Answer exactly 'Yes' or 'No' only. Do not provide any extra text.

[Question] Phrase B is staff_clean_after_complaint. Phrase A is no_evident_not_staff_make_guest_comfortable.
",No
2026-08-10 22:49:58,3,4451,no_evident_not_can_speak_English,offended_staff,"Is phrase B contrary to phrase A? Answer exactly 'Yes' or 'No' only. Do not provide any extra text.

[Question] Phrase B is offended_staff. Phrase A is no_evident_not_can_speak_English.
",Yes
2026-08-10 22:49:58,3,5764,no_evident_not_staff_help_immediately_with_adapter,staff_charge_for_cancellation_while_no_cancellation_charge_in_Booking.com,"Is phrase B contrary to phrase A? Answer exactly 'Yes' or 'No' only. Do not provide any extra text.

[Question] Phrase B is staff_charge_for_cancellation_while_no_cancellation_charge_in_Booking.com. Phrase A is no_evident_not_staff_help_immediately_with_adapter.
",No
2026-08-10 22:49:58,3,2479,no_evident_not_flexible_to_our_schedule,staff_has_unaceptable_manner,"Is phrase B contrary to phrase A? Answer exactly 'Yes' or 'No' only. Do not provide any extra text.

[Question] Phrase B is staff_has_unaceptable_manner. Phrase A is no_evident_not_flexible_to_our_schedule.
",Yes
2026-08-10 22:49:59,3,5011,no_evident_not_staff_communicate_before_arrival,no_staff_at_night,"Is phrase B contrary to phrase A? Answer exactly 'Yes' or 'No' only. Do not provide any extra text.

[Question] Phrase B is no_staff_at_night. Phrase A is no_evident_not_staff_communicate_before_arrival.
",No
2026-08-10 22:49:59,3,5358,no_evident_not_service_of_staff,staff_cannot_give_bus_to_airport_information,"Is phrase B contrary to phrase A? Answer exactly 'Yes' or 'No' only. Do not provide any extra text.

[Question] Phrase B is staff_cannot_give_bus_to_airport_information. Phrase A is no_evident_not_service_of_staff.
",Yes
2026-08-10 22:49:59,3,4334,no_evident_not_staff_give_free_room_upgrade_to_superior_room,staff_fail_to_guest_request,"Is phrase B contrary to phrase A? Answer exactly 'Yes' or 'No' only. Do not provide any extra text.

[Question] Phrase B is staff_fail_to_guest_request. Phrase A is no_evident_not_staff_give_free_room_upgrade_to_superior_room.
",Yes
2026-08-10 22:49:59,3,65,no_evident_not_nice_staff,staff_not_speak_Cypriot_language,"Is phrase B contrary to phrase A? Answer exactly 'Yes' or 'No' only. Do not provide any extra text.

[Question] Phrase B is staff_not_speak_Cypriot_language. Phrase A is no_evident_not_nice_staff.
",Yes
2026-08-10 22:49:59,3,5472,no_evident_not_staff_give_instruction_to_get_to_hotel,staff_not_understand_English_well,"Is phrase B contrary to phrase A? Answer exactly 'Yes' or 'No' only. Do not provide any extra text.

[Question] Phrase B is staff_not_understand_English_well. Phrase A is no_evident_not_staff_give_instruction_to_get_to_hotel.
",Yes
2026-08-10 22:50:00,3,4544,no_evident_not_charming_staff,staff_not_justify_booking_issue,"Is phrase B contrary to phrase A? Answer exactly 'Yes' or 'No' only. Do not provide any extra text.

[Question] Phrase B is staff_not_justify_booking_issue. Phrase A is no_evident_not_charming_staff.
",No
2026-08-10 22:50:00,3,2453,no_evident_not_quick_response_staff,staff_enforce_cancellation_charge,"Is phrase B contrary to phrase A? Answer exactly 'Yes' or 'No' only. Do not provide any extra text.

[Question] Phrase B is staff_enforce_cancellation_charge. Phrase A is no_evident_not_quick_response_staff.
",No
2026-08-10 22:50:00,3,5435,no_evident_not_staff_arrange_transfer_to_airport,not_kind_staff,"Is phrase B contrary to phrase A? Answer exactly 'Yes' or 'No' only. Do not provide any extra text.

[Question] Phrase B is not_kind_staff. Phrase A is no_evident_not_staff_arrange_transfer_to_airport.
",Yes
2026-08-10 22:50:00,3,849,no_evident_not_staff_alway_assist,staff_not_understand_English_well,"Is phrase B contrary to phrase A? Answer exactly 'Yes' or 'No' only. Do not provide any extra text.

[Question] Phrase B is staff_not_understand_English_well. Phrase A is no_evident_not_staff_alway_assist.
",Yes
2026-08-10 22:50:00,3,1101,no_evident_not_kindest_staff,no_staff_at_night,"Is phrase B contrary to phrase A? Answer exactly 'Yes' or 'No' only. Do not provide any extra text.

[Question] Phrase B is no_staff_at_night. Phrase A is no_evident_not_kindest_staff.
",Yes
2026-08-10 22:50:00,3,946,no_evident_not_hospitable_staff,staff_should_learn_better_English,"Is phrase B contrary to phrase A? Answer exactly 'Yes' or 'No' only. Do not provide any extra text.

[Question] Phrase B is staff_should_learn_better_English. Phrase A is no_evident_not_hospitable_staff.
",Yes
2026-08-10 22:50:00,3,877,no_evident_not_can_not_do_enough_for_guest,staff_should_learn_better_English,"Is phrase B contrary to phrase A? Answer exactly 'Yes' or 'No' only. Do not provide any extra text.

[Question] Phrase B is staff_should_learn_better_English. Phrase A is no_evident_not_can_not_do_enough_for_guest.
",Yes
2026-08-10 22:50:01,3,6082,no_evident_not_staff_prepare_roof_garden,staff_fail_to_guest_request,"Is phrase B contrary to phrase A? Answer exactly 'Yes' or 'No' only. Do not provide any extra text.

[Question] Phrase B is staff_fail_to_guest_request. Phrase A is no_evident_not_staff_prepare_roof_garden.
",No
2026-08-10 22:50:01,3,2232,no_evident_not_happy_to_help_any_situation,staff_not_speak_English_properly,"Is phrase B contrary to phrase A? Answer exactly 'Yes' or 'No' only. Do not provide any extra text.

[Question] Phrase B is staff_not_speak_English_properly. Phrase A is no_evident_not_happy_to_help_any_situation.
",Yes
2026-08-10 22:50:01,3,2309,no_evident_not_easy_to_deal_with,staff_fail_to_communicate_with_taxi,"Is phrase B contrary to phrase A? Answer exactly 'Yes' or 'No' only. Do not provide any extra text.

[Question] Phrase B is staff_fail_to_communicate_with_taxi. Phrase A is no_evident_not_easy_to_deal_with.
",Yes
2026-08-10 22:50:01,3,4955,no_evident_not_accompanying_staff,staff_fail_to_guest_request,"Is phrase B contrary to phrase A? Answer exactly 'Yes' or 'No' only. Do not provide any extra text.

[Question] Phrase B is staff_fail_to_guest_request. Phrase A is no_evident_not_accompanying_staff.
",No
2026-08-10 22:50:01,3,1726,no_evident_not_friendly_service,staff_not_speak_English_properly,"Is phrase B contrary to phrase A? Answer exactly 'Yes' or 'No' only. Do not provide any extra text.

[Question] Phrase B is staff_not_speak_English_properly. Phrase A is no_evident_not_friendly_service.
",Yes
2026-08-10 22:50:01,3,5879,no_evident_not_cordial_staff,staff_charge_for_cancellation_while_no_cancellation_charge_in_Booking.com,"Is phrase B contrary to phrase A? Answer exactly 'Yes' or 'No' only. Do not provide any extra text.

[Question] Phrase B is staff_charge_for_cancellation_while_no_cancellation_charge_in_Booking.com. Phrase A is no_evident_not_cordial_staff.
",No
2026-08-10 22:50:01,3,2809,no_evident_not_staff_nothing_too_much_for_them,staff_should_learn_better_English,"Is phrase B contrary to phrase A? Answer exactly 'Yes' or 'No' only. Do not provide any extra text.

[Question] Phrase B is staff_should_learn_better_English. Phrase A is no_evident_not_staff_nothing_too_much_for_them.
",Yes
2026-08-10 22:50:02,3,1668,no_evident_not_staff_make_late_check-in_simple,offended_staff,"Is phrase B contrary to phrase A? Answer exactly 'Yes' or 'No' only. Do not provide any extra text.

[Question] Phrase B is offended_staff. Phrase A is no_evident_not_staff_make_late_check-in_simple.
",Yes
2026-08-10 22:50:02,3,5632,no_evident_not_staff_solve_wish_immediately,no_staff_at_night,"Is phrase B contrary to phrase A? Answer exactly 'Yes' or 'No' only. Do not provide any extra text.

[Question] Phrase B is no_staff_at_night. Phrase A is no_evident_not_staff_solve_wish_immediately.
",Yes
2026-08-10 22:50:02,3,5196,no_evident_not_staff_call_us_taxi,staff_not_understand_English_well,"Is phrase B contrary to phrase A? Answer exactly 'Yes' or 'No' only. Do not provide any extra text.

[Question] Phrase B is staff_not_understand_English_well. Phrase A is no_evident_not_staff_call_us_taxi.
",Yes
2026-08-10 22:50:02,3,2163,no_evident_not_happy_to_help_with_Covid_restriction,staff_not_speak_English_properly,"Is phrase B contrary to phrase A? Answer exactly 'Yes' or 'No' only. Do not provide any extra text.

[Question] Phrase B is staff_not_speak_English_properly. Phrase A is no_evident_not_happy_to_help_with_Covid_restriction.
",Yes
2026-08-10 22:50:02,3,4141,no_evident_not_staff_help_with_car_rental,staff_not_speak_English_properly,"Is phrase B contrary to phrase A? Answer exactly 'Yes' or 'No' only. Do not provide any extra text.

[Question] Phrase B is staff_not_speak_English_properly. Phrase A is no_evident_not_staff_help_with_car_rental.
",Yes
2026-08-10 22:50:03,3,2058,no_evident_not_staff_allow_early_check-in_in_morning,staff_cannot_provide_double_bed,"Is phrase B contrary to phrase A? Answer exactly 'Yes' or 'No' only. Do not provide any extra text.

[Question] Phrase B is staff_cannot_provide_double_bed. Phrase A is no_evident_not_staff_allow_early_check-in_in_morning.
",No
2026-08-10 22:50:03,3,417,no_evident_not_supportive_staff,staff_should_learn_better_English,"Is phrase B contrary to phrase A? Answer exactly 'Yes' or 'No' only. Do not provide any extra text.

[Question] Phrase B is staff_should_learn_better_English. Phrase A is no_evident_not_supportive_staff.
",Yes
2026-08-10 22:50:03,3,757,no_evident_not_staff_order_taxi_for_us,staff_not_understand_English_well,"Is phrase B contrary to phrase A? Answer exactly 'Yes' or 'No' only. Do not provide any extra text.

[Question] Phrase B is staff_not_understand_English_well. Phrase A is no_evident_not_staff_order_taxi_for_us.
",Yes
2026-08-10 22:50:03,3,5197,no_evident_not_staff_call_us_taxi,staff_cannot_give_bus_to_airport_information,"Is phrase B contrary to phrase A? Answer exactly 'Yes' or 'No' only. Do not provide any extra text.

[Question] Phrase B is staff_cannot_give_bus_to_airport_information. Phrase A is no_evident_not_staff_call_us_taxi.
",Yes
2026-08-10 22:50:03,3,2267,no_evident_not_happy_to_help_any_question,staff_not_justify_booking_issue,"Is phrase B contrary to phrase A? Answer exactly 'Yes' or 'No' only. Do not provide any extra text.

[Question] Phrase B is staff_not_justify_booking_issue. Phrase A is no_evident_not_happy_to_help_any_question.
",No
2026-08-10 22:50:03,3,362,no_evident_not_welcoming_staff,staff_not_provide_good_solution,"Is phrase B contrary to phrase A? Answer exactly 'Yes' or 'No' only. Do not provide any extra text.

[Question] Phrase B is staff_not_provide_good_solution. Phrase A is no_evident_not_welcoming_staff.
",No
2026-08-10 22:50:03,3,30,no_evident_not_easy_to_communicate_with,not_kind_staff,"Is phrase B contrary to phrase A? Answer exactly 'Yes' or 'No' only. Do not provide any extra text.

[Question] Phrase B is not_kind_staff. Phrase A is no_evident_not_easy_to_communicate_with.
",Yes
2026-08-10 22:50:03,3,2733,no_evident_not_pleasing_staff,staff_not_speak_Cypriot_language,"Is phrase B contrary to phrase A? Answer exactly 'Yes' or 'No' only. Do not provide any extra text.

[Question] Phrase B is staff_not_speak_Cypriot_language. Phrase A is no_evident_not_pleasing_staff.
",No
2026-08-10 22:50:04,3,1072,no_evident_not_fantastic_service,staff_charge_for_cancellation_while_no_cancellation_charge_in_Booking.com,"Is phrase B contrary to phrase A? Answer exactly 'Yes' or 'No' only. Do not provide any extra text.

[Question] Phrase B is staff_charge_for_cancellation_while_no_cancellation_charge_in_Booking.com. Phrase A is no_evident_not_fantastic_service.
",No
2026-08-10 22:50:04,3,5220,no_evident_not_staff_no_charge_lost_room_ticket,staff_cannot_give_bus_to_airport_information,"Is phrase B contrary to phrase A? Answer exactly 'Yes' or 'No' only. Do not provide any extra text.

[Question] Phrase B is staff_cannot_give_bus_to_airport_information. Phrase A is no_evident_not_staff_no_charge_lost_room_ticket.
",Yes
2026-08-10 22:50:04,3,2146,no_evident_not_staff_responsive_to_pre-arrival_question,not_kind_staff,"Is phrase B contrary to phrase A? Answer exactly 'Yes' or 'No' only. Do not provide any extra text.

[Question] Phrase B is not_kind_staff. Phrase A is no_evident_not_staff_responsive_to_pre-arrival_question.
",Yes
2026-08-10 22:50:04,3,6073,no_evident_not_staff_prepare_roof_garden,staff_not_speak_English_properly,"Is phrase B contrary to phrase A? Answer exactly 'Yes' or 'No' only. Do not provide any extra text.

[Question] Phrase B is staff_not_speak_English_properly. Phrase A is no_evident_not_staff_prepare_roof_garden.
",Yes
2026-08-10 22:50:04,3,3620,no_evident_not_staff_help_amazing,staff_fail_to_communicate_with_taxi,"Is phrase B contrary to phrase A? Answer exactly 'Yes' or 'No' only. Do not provide any extra text.

[Question] Phrase B is staff_fail_to_communicate_with_taxi. Phrase A is no_evident_not_staff_help_amazing.
",No
2026-08-10 22:50:05,3,4520,no_evident_not_kind_hospitality_staff,offended_staff,"Is phrase B contrary to phrase A? Answer exactly 'Yes' or 'No' only. Do not provide any extra text.

[Question] Phrase B is offended_staff. Phrase A is no_evident_not_kind_hospitality_staff.
",Yes
2026-08-10 22:50:05,3,5781,no_evident_not_staff_drive_me_to_airport,no_empathy_staff,"Is phrase B contrary to phrase A? Answer exactly 'Yes' or 'No' only. Do not provide any extra text.

[Question] Phrase B is no_empathy_staff. Phrase A is no_evident_not_staff_drive_me_to_airport.
",Yes
2026-08-10 22:50:05,3,3504,no_evident_not_willing_to_do_more,no_empathy_staff,"Is phrase B contrary to phrase A? Answer exactly 'Yes' or 'No' only. Do not provide any extra text.

[Question] Phrase B is no_empathy_staff. Phrase A is no_evident_not_willing_to_do_more.
",Yes
2026-08-10 22:50:05,3,4595,no_evident_not_staff_agree_to_every_request,staff_has_unaceptable_manner,"Is phrase B contrary to phrase A? Answer exactly 'Yes' or 'No' only. Do not provide any extra text.

[Question] Phrase B is staff_has_unaceptable_manner. Phrase A is no_evident_not_staff_agree_to_every_request.
",Yes
2026-08-10 22:50:05,3,80,no_evident_not_great_staff,staff_cannot_provide_double_bed,"Is phrase B contrary to phrase A? Answer exactly 'Yes' or 'No' only. Do not provide any extra text.

[Question] Phrase B is staff_cannot_provide_double_bed. Phrase A is no_evident_not_great_staff.
",No
2026-08-10 22:50:05,3,617,no_evident_not_caring_staff,staff_not_speak_Cypriot_language,"Is phrase B contrary to phrase A? Answer exactly 'Yes' or 'No' only. Do not provide any extra text.

[Question] Phrase B is staff_not_speak_Cypriot_language. Phrase A is no_evident_not_caring_staff.
",Yes
2026-08-10 22:50:05,3,5661,no_evident_not_staff_welcome_in_French,staff_should_learn_better_English,"Is phrase B contrary to phrase A? Answer exactly 'Yes' or 'No' only. Do not provide any extra text.

[Question] Phrase B is staff_should_learn_better_English. Phrase A is no_evident_not_staff_welcome_in_French.
",Yes
2026-08-10 22:50:05,3,1222,no_evident_not_staff_let_us_into_room_soon,staff_should_learn_better_English,"Is phrase B contrary to phrase A? Answer exactly 'Yes' or 'No' only. Do not provide any extra text.

[Question] Phrase B is staff_should_learn_better_English. Phrase A is no_evident_not_staff_let_us_into_room_soon.
",Yes
2026-08-10 22:50:06,3,4470,no_evident_not_can_speak_Arabic,no_empathy_staff,"Is phrase B contrary to phrase A? Answer exactly 'Yes' or 'No' only. Do not provide any extra text.

[Question] Phrase B is no_empathy_staff. Phrase A is no_evident_not_can_speak_Arabic.
",Yes
2026-08-10 22:50:06,3,296,no_evident_not_nice_to_talk_to,no_staff_at_night,"Is phrase B contrary to phrase A? Answer exactly 'Yes' or 'No' only. Do not provide any extra text.

[Question] Phrase B is no_staff_at_night. Phrase A is no_evident_not_nice_to_talk_to.
",Yes
2026-08-10 22:50:06,3,3025,no_evident_not_staff_facilitate_shuttle_service_from_airport,offended_staff,"Is phrase B contrary to phrase A? Answer exactly 'Yes' or 'No' only. Do not provide any extra text.

[Question] Phrase B is offended_staff. Phrase A is no_evident_not_staff_facilitate_shuttle_service_from_airport.
",Yes
2026-08-10 22:50:06,3,4772,no_evident_not_staff_send_phot_for_arrival,staff_cannot_provide_double_bed,"Is phrase B contrary to phrase A? Answer exactly 'Yes' or 'No' only. Do not provide any extra text.

[Question] Phrase B is staff_cannot_provide_double_bed. Phrase A is no_evident_not_staff_send_phot_for_arrival.
",No
2026-08-10 22:50:06,3,4527,no_evident_not_kind_hospitality_staff,staff_not_speak_Cypriot_language,"Is phrase B contrary to phrase A? Answer exactly 'Yes' or 'No' only. Do not provide any extra text.

[Question] Phrase B is staff_not_speak_Cypriot_language. Phrase A is no_evident_not_kind_hospitality_staff.
",Yes
2026-08-10 22:50:06,3,1214,no_evident_not_staff_make_everything_possible,staff_has_unaceptable_manner,"Is phrase B contrary to phrase A? Answer exactly 'Yes' or 'No' only. Do not provide any extra text.

[Question] Phrase B is staff_has_unaceptable_manner. Phrase A is no_evident_not_staff_make_everything_possible.
",Yes
2026-08-10 22:50:07,3,3521,no_evident_not_staff_make_guest_better_stay,staff_clean_after_complaint,"Is phrase B contrary to phrase A? Answer exactly 'Yes' or 'No' only. Do not provide any extra text.

[Question] Phrase B is staff_clean_after_complaint. Phrase A is no_evident_not_staff_make_guest_better_stay.
",No
2026-08-10 22:50:07,3,1045,no_evident_not_perfect_staff,staff_fail_to_guest_request,"Is phrase B contrary to phrase A? Answer exactly 'Yes' or 'No' only. Do not provide any extra text.

[Question] Phrase B is staff_fail_to_guest_request. Phrase A is no_evident_not_perfect_staff.
",No
2026-08-10 22:50:07,3,343,no_evident_not_staff_go_out_of_their_way_for_us,staff_not_understand_English_well,"Is phrase B contrary to phrase A? Answer exactly 'Yes' or 'No' only. Do not provide any extra text.

[Question] Phrase B is staff_not_understand_English_well. Phrase A is no_evident_not_staff_go_out_of_their_way_for_us.
",Yes
2026-08-10 22:50:07,3,2526,no_evident_not_staff_make_room_ready_early,staff_not_speak_Cypriot_language,"Is phrase B contrary to phrase A? Answer exactly 'Yes' or 'No' only. Do not provide any extra text.

[Question] Phrase B is staff_not_speak_Cypriot_language. Phrase A is no_evident_not_staff_make_room_ready_early.
",No
2026-08-10 22:50:07,3,2988,no_evident_not_staff_help_with_taxi,staff_not_understand_English_well,"Is phrase B contrary to phrase A? Answer exactly 'Yes' or 'No' only. Do not provide any extra text.

[Question] Phrase B is staff_not_understand_English_well. Phrase A is no_evident_not_staff_help_with_taxi.
",Yes
2026-08-10 22:50:07,3,327,no_evident_not_staff_go_out_of_their_way_for_us,staff_need_improve_collaboration,"Is phrase B contrary to phrase A? Answer exactly 'Yes' or 'No' only. Do not provide any extra text.

[Question] Phrase B is staff_need_improve_collaboration. Phrase A is no_evident_not_staff_go_out_of_their_way_for_us.
",Yes
2026-08-10 22:50:08,3,2932,no_evident_not_best_staff_ever,staff_cannot_provide_double_bed,"Is phrase B contrary to phrase A? Answer exactly 'Yes' or 'No' only. Do not provide any extra text.

[Question] Phrase B is staff_cannot_provide_double_bed. Phrase A is no_evident_not_best_staff_ever.
",Yes
2026-08-10 22:50:08,3,1721,no_evident_not_big_smile,staff_not_speak_Cypriot_language,"Is phrase B contrary to phrase A? Answer exactly 'Yes' or 'No' only. Do not provide any extra text.

[Question] Phrase B is staff_not_speak_Cypriot_language. Phrase A is no_evident_not_big_smile.
",No
2026-08-10 22:50:08,3,5588,no_evident_not_staff_wait_until_2am,staff_cannot_give_bus_to_airport_information,"Is phrase B contrary to phrase A? Answer exactly 'Yes' or 'No' only. Do not provide any extra text.

[Question] Phrase B is staff_cannot_give_bus_to_airport_information. Phrase A is no_evident_not_staff_wait_until_2am.
",Yes
2026-08-10 22:50:08,3,2045,no_evident_not_staff_make_stay_enjoyable,staff_not_understand_English_well,"Is phrase B contrary to phrase A? Answer exactly 'Yes' or 'No' only. Do not provide any extra text.

[Question] Phrase B is staff_not_understand_English_well. Phrase A is no_evident_not_staff_make_stay_enjoyable.
",Yes
2026-08-10 22:50:08,3,5464,no_evident_not_staff_give_instruction_to_get_to_hotel,staff_not_justify_booking_issue,"Is phrase B contrary to phrase A? Answer exactly 'Yes' or 'No' only. Do not provide any extra text.

[Question] Phrase B is staff_not_justify_booking_issue. Phrase A is no_evident_not_staff_give_instruction_to_get_to_hotel.
",No
2026-08-10 22:50:09,3,843,no_evident_not_staff_alway_assist,staff_enforce_cancellation_charge,"Is phrase B contrary to phrase A? Answer exactly 'Yes' or 'No' only. Do not provide any extra text.

[Question] Phrase B is staff_enforce_cancellation_charge. Phrase A is no_evident_not_staff_alway_assist.
",No
2026-08-10 22:50:09,3,2898,no_evident_not_staff_ensure_our_stay_plesant,only_one_staff_wear_mask,"Is phrase B contrary to phrase A? Answer exactly 'Yes' or 'No' only. Do not provide any extra text.

[Question] Phrase B is only_one_staff_wear_mask. Phrase A is no_evident_not_staff_ensure_our_stay_plesant.
",Yes
2026-08-10 22:50:09,3,4587,no_evident_not_staff_agree_to_every_request,staff_fail_to_guest_request,"Is phrase B contrary to phrase A? Answer exactly 'Yes' or 'No' only. Do not provide any extra text.

[Question] Phrase B is staff_fail_to_guest_request. Phrase A is no_evident_not_staff_agree_to_every_request.
",Yes
2026-08-10 22:50:09,3,5085,no_evident_not_incredible_staff,staff_clean_after_complaint,"Is phrase B contrary to phrase A? Answer exactly 'Yes' or 'No' only. Do not provide any extra text.

[Question] Phrase B is staff_clean_after_complaint. Phrase A is no_evident_not_incredible_staff.
",No
2026-08-10 22:50:09,3,6140,no_evident_not_willing_to_help_staff,staff_cannot_give_bus_to_airport_information,"Is phrase B contrary to phrase A? Answer exactly 'Yes' or 'No' only. Do not provide any extra text.

[Question] Phrase B is staff_cannot_give_bus_to_airport_information. Phrase A is no_evident_not_willing_to_help_staff.
",Yes
2026-08-10 22:50:09,3,1267,no_evident_not_staff_quick_check-in,staff_clean_after_complaint,"Is phrase B contrary to phrase A? Answer exactly 'Yes' or 'No' only. Do not provide any extra text.

[Question] Phrase B is staff_clean_after_complaint. Phrase A is no_evident_not_staff_quick_check-in.
",No
2026-08-10 22:50:09,3,1940,no_evident_not_staff_arrange_car_to_airport,no_empathy_staff,"Is phrase B contrary to phrase A? Answer exactly 'Yes' or 'No' only. Do not provide any extra text.

[Question] Phrase B is no_empathy_staff. Phrase A is no_evident_not_staff_arrange_car_to_airport.
",Yes
2026-08-10 22:50:10,3,1332,no_evident_not_staff_call_taxi_for_us,staff_not_understand_English_well,"Is phrase B contrary to phrase A? Answer exactly 'Yes' or 'No' only. Do not provide any extra text.

[Question] Phrase B is staff_not_understand_English_well. Phrase A is no_evident_not_staff_call_taxi_for_us.
",Yes
2026-08-10 22:50:10,3,1451,no_evident_not_staff_make_difference,staff_clean_after_complaint,"Is phrase B contrary to phrase A? Answer exactly 'Yes' or 'No' only. Do not provide any extra text.

[Question] Phrase B is staff_clean_after_complaint. Phrase A is no_evident_not_staff_make_difference.
",No
2026-08-10 22:50:10,3,3378,no_evident_not_ready_to_help,no_staff_at_night,"Is phrase B contrary to phrase A? Answer exactly 'Yes' or 'No' only. Do not provide any extra text.

[Question] Phrase B is no_staff_at_night. Phrase A is no_evident_not_ready_to_help.
",No
2026-08-10 22:50:10,3,204,no_evident_not_beyond_expectation,no_staff_at_night,"Is phrase B contrary to phrase A? Answer exactly 'Yes' or 'No' only. Do not provide any extra text.

[Question] Phrase B is no_staff_at_night. Phrase A is no_evident_not_beyond_expectation.
",No
2026-08-10 22:50:11,3,1470,no_evident_not_staff_make_difference,staff_not_understand_English_well,"Is phrase B contrary to phrase A? Answer exactly 'Yes' or 'No' only. Do not provide any extra text.

[Question] Phrase B is staff_not_understand_English_well. Phrase A is no_evident_not_staff_make_difference.
",Yes
2026-08-10 22:50:11,3,2722,no_evident_not_pleasing_staff,no_empathy_staff,"Is phrase B contrary to phrase A? Answer exactly 'Yes' or 'No' only. Do not provide any extra text.

[Question] Phrase B is no_empathy_staff. Phrase A is no_evident_not_pleasing_staff.
",Yes
2026-08-10 22:50:11,3,3373,no_evident_not_ready_to_help,staff_enforce_cancellation_charge,"Is phrase B contrary to phrase A? Answer exactly 'Yes' or 'No' only. Do not provide any extra text.

[Question] Phrase B is staff_enforce_cancellation_charge. Phrase A is no_evident_not_ready_to_help.
",No
2026-08-10 22:50:11,3,5488,no_evident_not_staff_pick_up_at_bus_stop,staff_charge_for_cancellation_while_no_cancellation_charge_in_Booking.com,"Is phrase B contrary to phrase A? Answer exactly 'Yes' or 'No' only. Do not provide any extra text.

[Question] Phrase B is staff_charge_for_cancellation_while_no_cancellation_charge_in_Booking.com. Phrase A is no_evident_not_staff_pick_up_at_bus_stop.
",No
2026-08-10 22:50:11,3,6022,no_evident_not_staff_prepare_a_lot,staff_not_speak_Cypriot_language,"Is phrase B contrary to phrase A? Answer exactly 'Yes' or 'No' only. Do not provide any extra text.

[Question] Phrase B is staff_not_speak_Cypriot_language. Phrase A is no_evident_not_staff_prepare_a_lot.
",No
2026-08-10 22:50:12,3,2033,no_evident_not_staff_make_stay_enjoyable,staff_fail_to_communicate_with_taxi,"Is phrase B contrary to phrase A? Answer exactly 'Yes' or 'No' only. Do not provide any extra text.

[Question] Phrase B is staff_fail_to_communicate_with_taxi. Phrase A is no_evident_not_staff_make_stay_enjoyable.
",No
2026-08-10 22:50:12,3,1305,no_evident_not_stored_luggage_for_us,staff_not_provide_good_solution,"Is phrase B contrary to phrase A? Answer exactly 'Yes' or 'No' only. Do not provide any extra text.

[Question] Phrase B is staff_not_provide_good_solution. Phrase A is no_evident_not_stored_luggage_for_us.
",Yes
2026-08-10 22:50:12,3,5745,no_evident_not_super_service_staff,staff_has_unaceptable_manner,"Is phrase B contrary to phrase A? Answer exactly 'Yes' or 'No' only. Do not provide any extra text.

[Question] Phrase B is staff_has_unaceptable_manner. Phrase A is no_evident_not_super_service_staff.
",Yes
2026-08-10 22:50:12,3,886,no_evident_not_can_not_do_enough_for_guest,offended_staff,"Is phrase B contrary to phrase A? Answer exactly 'Yes' or 'No' only. Do not provide any extra text.

[Question] Phrase B is offended_staff. Phrase A is no_evident_not_can_not_do_enough_for_guest.
",Yes
2026-08-10 22:50:12,3,3134,no_evident_not_effective_staff,staff_need_keep_update,"Is phrase B contrary to phrase A? Answer exactly 'Yes' or 'No' only. Do not provide any extra text.

[Question] Phrase B is staff_need_keep_update. Phrase A is no_evident_not_effective_staff.
",No
2026-08-10 22:50:13,3,318,no_evident_not_exceptional_staff,staff_not_speak_Cypriot_language,"Is phrase B contrary to phrase A? Answer exactly 'Yes' or 'No' only. Do not provide any extra text.

[Question] Phrase B is staff_not_speak_Cypriot_language. Phrase A is no_evident_not_exceptional_staff.
",Yes
2026-08-10 22:50:13,3,3856,no_evident_not_listening_staff,staff_enforce_cancellation_charge,"Is phrase B contrary to phrase A? Answer exactly 'Yes' or 'No' only. Do not provide any extra text.

[Question] Phrase B is staff_enforce_cancellation_charge. Phrase A is no_evident_not_listening_staff.
",No
2026-08-10 22:50:13,3,1823,no_evident_not_informative,staff_need_keep_update,"Is phrase B contrary to phrase A? Answer exactly 'Yes' or 'No' only. Do not provide any extra text.

[Question] Phrase B is staff_need_keep_update. Phrase A is no_evident_not_informative.
",Yes
2026-08-10 22:50:13,3,1635,no_evident_not_can_speak_perfect_English,staff_clean_after_complaint,"Is phrase B contrary to phrase A? Answer exactly 'Yes' or 'No' only. Do not provide any extra text.

[Question] Phrase B is staff_clean_after_complaint. Phrase A is no_evident_not_can_speak_perfect_English.
",No
2026-08-10 22:50:13,3,3771,no_evident_not_competent_staff,staff_cannot_give_bus_to_airport_information,"Is phrase B contrary to phrase A? Answer exactly 'Yes' or 'No' only. Do not provide any extra text.

[Question] Phrase B is staff_cannot_give_bus_to_airport_information. Phrase A is no_evident_not_competent_staff.
",Yes
2026-08-10 22:50:13,3,2865,no_evident_not_make_stay_enjoyable,staff_not_justify_booking_issue,"Is phrase B contrary to phrase A? Answer exactly 'Yes' or 'No' only. Do not provide any extra text.

[Question] Phrase B is staff_not_justify_booking_issue. Phrase A is no_evident_not_make_stay_enjoyable.
",Yes
2026-08-10 22:50:13,3,2501,no_evident_not_staff_wait_for_arrival_after_open_hour,staff_not_provide_good_solution,"Is phrase B contrary to phrase A? Answer exactly 'Yes' or 'No' only. Do not provide any extra text.

[Question] Phrase B is staff_not_provide_good_solution. Phrase A is no_evident_not_staff_wait_for_arrival_after_open_hour.
",Yes
2026-08-10 22:50:13,3,1865,no_evident_not_5_star_service,staff_clean_after_complaint,"Is phrase B contrary to phrase A? Answer exactly 'Yes' or 'No' only. Do not provide any extra text.

[Question] Phrase B is staff_clean_after_complaint. Phrase A is no_evident_not_5_star_service.
",No
